rva,size,start_evidence,callers,end_evidence,ghidra
0x000013E8,5,ghidra-start,0,ghidra-size,thunk_FUN_00b87140
0x00001F96,5,ghidra-start,0,ghidra-size,~ConcreteModuleTemplate<FXParticleSystem::ModuleTag<5;char_const*_const_FXParticleSystem::BOX_EMISSION_VOLUME_MODULE_KEY;char_const*_const_FXParticleSystem::BOX_EMISSION_VOLUME_MODULE_NAME;FXParticleSystem::BoxEmissionVolumeModule;FXParticleSystem::BoxEmissionVolumeModuleTemplate;FXParticleSystem::DefaultParticleModule<5>;FXParticleSystem::DefaultParticleModuleTemplate<5>_>_>
0x00002509,5,ghidra-start,0,ghidra-size,thunk_FUN_00791b30
0x00002603,5,ghidra-start,0,ghidra-size,thunk_FUN_00ad1370
0x000032A6,5,ghidra-start,0,ghidra-size,thunk_FUN_007aa480
0x0000366B,5,ghidra-start,0,ghidra-size,thunk_FUN_00853df0
0x00004D59,5,ghidra-start,0,ghidra-size,thunk_FUN_00507ab0
0x00004FFC,5,ghidra-start,0,ghidra-size,thunk_FUN_005c53b0
0x00005696,5,ghidra-start,0,ghidra-size,thunk_FUN_009c3c10
0x000059ED,5,ghidra-start,0,ghidra-size,thunk_FUN_004b69a0
0x0000696F,5,ghidra-start,0,ghidra-size,thunk_FUN_007247a0
0x000070B3,5,ghidra-start,0,ghidra-size,thunk_FUN_008fb500
0x000078E7,5,ghidra-start,0,ghidra-size,thunk_FUN_007b6100
0x0000791E,5,ghidra-start,0,ghidra-size,thunk_FUN_007c16a0
0x00007D06,5,ghidra-start,0,ghidra-size,thunk_FUN_00a33900
0x00008837,5,ghidra-start,0,ghidra-size,thunk_FUN_007b0e90
0x0000886E,5,ghidra-start,0,ghidra-size,thunk_FUN_006cc290
0x00008B8E,5,ghidra-start,0,ghidra-size,thunk_FUN_00508140
0x00008DCD,5,ghidra-start,0,ghidra-size,thunk_FUN_008c4500
0x0000903E,5,ghidra-start,0,ghidra-size,thunk_FUN_004a8170
0x00009052,5,ghidra-start,0,ghidra-size,thunk_FUN_006eb770
0x000097CD,5,ghidra-start,0,ghidra-size,thunk_FUN_0076d980
0x0000A0E2,5,ghidra-start,0,ghidra-size,thunk_FUN_006a0920
0x0000A47A,5,ghidra-start,0,ghidra-size,thunk_FUN_00631a00
0x0000B0F5,5,ghidra-start,0,ghidra-size,thunk_FUN_004ab7f0
0x0000CC3E,5,ghidra-start,0,ghidra-size,thunk_FUN_006131b0
0x0000DAAD,5,ghidra-start,0,ghidra-size,thunk_FUN_005a24b0
0x0000DB2F,5,ghidra-start,0,ghidra-size,thunk_FUN_00b55ca0
0x0000DFBC,5,ghidra-start,0,ghidra-size,thunk_FUN_006d7dd0
0x0000E43A,5,ghidra-start,0,ghidra-size,thunk_FUN_00a3c910
0x0000E868,5,ghidra-start,0,ghidra-size,thunk_FUN_006109b0
0x0000EF5C,5,ghidra-start,0,ghidra-size,thunk_FUN_00602f40
0x0000F277,5,ghidra-start,0,ghidra-size,thunk_FUN_00984650
0x0000F727,5,ghidra-start,0,ghidra-size,thunk_FUN_009c76a0
0x0000F9B6,5,ghidra-start,0,ghidra-size,thunk_FUN_00bc1180
0x0000FF47,5,ghidra-start,0,ghidra-size,thunk_FUN_0093f7e0
0x00010B2C,5,ghidra-start,0,ghidra-size,thunk_FUN_0068dc60
0x00011103,5,ghidra-start,0,ghidra-size,thunk_FUN_00ad1480
0x000112C0,5,ghidra-start,0,ghidra-size,thunk_FUN_00b57c70
0x000112FC,5,ghidra-start,0,ghidra-size,thunk_FUN_00b55100
0x000119E1,5,ghidra-start,0,ghidra-size,thunk_FUN_005b6920
0x00011E87,5,ghidra-start,0,ghidra-size,thunk_FUN_004bf260
0x00012F3F,5,ghidra-start,0,ghidra-size,thunk_FUN_00a6e870
0x00013219,5,ghidra-start,0,ghidra-size,thunk_FUN_00724ac0
0x00014470,5,ghidra-start,0,ghidra-size,thunk_FUN_007b5e20
0x0001481C,5,ghidra-start,0,ghidra-size,thunk_FUN_004e3d80
0x00014961,5,ghidra-start,0,ghidra-size,thunk_FUN_007b6460
0x00014C45,1,ghidra-start,0,ghidra-size,FUN_00414c45
0x00015479,5,ghidra-start,0,ghidra-size,thunk_FUN_0080ad80
0x0001587A,5,ghidra-start,0,ghidra-size,thunk_FUN_00503ca0
0x0001636F,5,ghidra-start,0,ghidra-size,thunk_FUN_006e7aa0
0x00016A63,5,ghidra-start,0,ghidra-size,thunk_FUN_00932a00
0x00016C52,5,ghidra-start,0,ghidra-size,thunk_FUN_0068c520
0x000178B4,5,ghidra-start,0,ghidra-size,thunk_FUN_007ab7a0
0x00017FB2,5,rel32-call/jmp;ghidra-start,2,ghidra-size,thunk_FUN_00469070
0x0001819C,5,ghidra-start,0,ghidra-size,thunk_FUN_00b6b010
0x000181A1,5,ghidra-start,0,ghidra-size,thunk_FUN_00b53280
0x00018674,5,ghidra-start,0,ghidra-size,thunk_FUN_0073a990
0x00018ADE,5,rel32-call/jmp;ghidra-start,3,ghidra-size,thunk_FUN_004804d0
0x0001ADBB,5,ghidra-start,0,ghidra-size,thunk_FUN_00b7aea0
0x0001C693,5,ghidra-start,0,ghidra-size,thunk_FUN_00a01cc0
0x0001D5F7,5,ghidra-start,0,ghidra-size,thunk_FUN_007aa640
0x0001D7C8,5,ghidra-start,0,ghidra-size,thunk_FUN_006cb740
0x0001E8D0,5,ghidra-start,0,ghidra-size,thunk_FUN_006ced20
0x0001E902,5,ghidra-start,0,ghidra-size,thunk_FUN_006cf800
0x0001ECE0,5,ghidra-start,0,ghidra-size,thunk_FUN_00a6bc30
0x0001F735,5,ghidra-start,0,ghidra-size,thunk_FUN_00b70e00
0x0001FC3F,5,ghidra-start,0,ghidra-size,thunk_FUN_0074d200
0x0001FE92,5,ghidra-start,0,ghidra-size,thunk_FUN_007afe10
0x0001FFEB,5,ghidra-start,0,ghidra-size,thunk_FUN_007abb40
0x0002032E,5,ghidra-start,0,ghidra-size,thunk_FUN_00529810
0x00020DCE,5,ghidra-start,0,ghidra-size,thunk_FUN_0068ab20
0x0002133C,5,ghidra-start,0,ghidra-size,thunk_FUN_005e4250
0x00021EC7,5,ghidra-start,0,ghidra-size,thunk_FUN_00899850
0x00022034,5,ghidra-start,0,ghidra-size,thunk_FUN_00b28250
0x0002217E,5,ghidra-start,0,ghidra-size,thunk_FUN_00a420e0
0x00022683,5,rel32-call/jmp;ghidra-start,1,ghidra-size,thunk_FUN_005039c0
0x00022AF7,5,ghidra-start,0,ghidra-size,thunk_FUN_00b71870
0x00023588,5,ghidra-start,0,ghidra-size,thunk_FUN_004bc600
0x00023592,5,ghidra-start,0,ghidra-size,thunk_FUN_00a56bd0
0x00023858,5,ghidra-start,0,ghidra-size,thunk_FUN_006d1480
0x00023D49,5,ghidra-start,0,ghidra-size,thunk_FUN_005c16a0
0x0002481B,5,ghidra-start,0,ghidra-size,thunk_FUN_0054a620
0x0002491A,5,ghidra-start,0,ghidra-size,thunk_FUN_00a56b60
0x00024E0B,5,ghidra-start,0,ghidra-size,thunk_FUN_00a01b50
0x000251D0,5,ghidra-start,0,ghidra-size,thunk_FUN_00aa3db0
0x000253E7,5,ghidra-start,0,ghidra-size,thunk_FUN_008981a0
0x00025581,5,ghidra-start,0,ghidra-size,thunk_FUN_006cfd40
0x00025810,5,ghidra-start,0,ghidra-size,thunk_FUN_006d66d0
0x0002671F,5,ghidra-start,0,ghidra-size,thunk_FUN_004cfa40
0x00027B06,5,ghidra-start,0,ghidra-size,thunk_FUN_006d22f0
0x00027D6D,5,ghidra-start,0,ghidra-size,thunk_FUN_004c8730
0x000284A7,5,ghidra-start,0,ghidra-size,thunk_FUN_004f6ca0
0x000286AA,5,ghidra-start,0,ghidra-size,thunk_FUN_004a7e00
0x000287C7,5,ghidra-start,0,ghidra-size,thunk_FUN_00685f10
0x00029311,5,ghidra-start,0,ghidra-size,thunk_FUN_00572d80
0x00029B36,5,ghidra-start,0,ghidra-size,thunk_FUN_004ad140
0x00029B9A,5,ghidra-start,0,ghidra-size,thunk_FUN_00604e70
0x0002A3C4,5,ghidra-start,0,ghidra-size,thunk_FUN_00a48760
0x0002AB44,5,ghidra-start,0,ghidra-size,thunk_FUN_004960a0
0x0002AF86,5,ghidra-start,0,ghidra-size,thunk_FUN_004a7aa0
0x0002C6E7,5,ghidra-start,0,ghidra-size,thunk_FUN_00b2edf0
0x0002C8EA,5,ghidra-start,0,ghidra-size,thunk_FUN_0074ef80
0x0002C976,5,ghidra-start,0,ghidra-size,thunk_FUN_00506a90
0x0002CB5B,5,ghidra-start,0,ghidra-size,thunk_FUN_006cbf30
0x0002CCA5,5,ghidra-start,0,ghidra-size,thunk_FUN_00496dd0
0x0002D77C,5,ghidra-start,0,ghidra-size,thunk_FUN_00a486f0
0x0002E15E,5,ghidra-start,0,ghidra-size,thunk_FUN_004bff50
0x0002E802,5,ghidra-start,0,ghidra-size,thunk_FUN_004ab6d0
0x0002F095,5,ghidra-start,0,ghidra-size,thunk_FUN_00b6ab10
0x0002F1CB,5,ghidra-start,0,ghidra-size,thunk_FUN_004cdcf0
0x0002F6A3,5,ghidra-start,0,ghidra-size,thunk_FUN_00a60750
0x0002F95A,5,ghidra-start,0,ghidra-size,thunk_FUN_0050b0e0
0x0002FA6D,5,ghidra-start,0,ghidra-size,thunk_FUN_0089e120
0x0002FF6D,5,rel32-call/jmp;ghidra-start,5,ghidra-size,thunk_FUN_00468580
0x0003025B,5,ghidra-start,0,ghidra-size,thunk_FUN_00604ed0
0x0003059E,5,ghidra-start,0,ghidra-size,thunk_FUN_004e4000
0x000309CC,5,ghidra-start,0,ghidra-size,thunk_FUN_00b22190
0x00030D69,5,ghidra-start,0,ghidra-size,thunk_FUN_007b4c80
0x000313AE,5,ghidra-start,0,ghidra-size,thunk_FUN_00b6b3b0
0x000317D7,5,ghidra-start,0,ghidra-size,thunk_FUN_0093edd0
0x000319CB,5,ghidra-start,0,ghidra-size,thunk_FUN_00bac560
0x00031D9F,5,ghidra-start,0,ghidra-size,thunk_FUN_00a3ca60
0x0003236C,5,ghidra-start,0,ghidra-size,thunk_FUN_009bc270
0x000328C6,5,ghidra-start,0,ghidra-size,thunk_FUN_005fbc70
0x00034711,5,ghidra-start,0,ghidra-size,thunk_FUN_006af1e0
0x000359B3,5,ghidra-start,0,ghidra-size,thunk_FUN_00afa7c0
0x00035D91,5,ghidra-start,0,ghidra-size,thunk_FUN_006b1060
0x00035FDF,5,ghidra-start,0,ghidra-size,thunk_FUN_0053b600
0x00036057,5,ghidra-start,0,ghidra-size,thunk_FUN_004d5380
0x00036A0C,5,ghidra-start,0,ghidra-size,thunk_FUN_006ab4a0
0x00037024,5,ghidra-start,0,ghidra-size,thunk_FUN_00b88030
0x0003713C,5,rel32-call/jmp;ghidra-start,4,ghidra-size,thunk_FUN_004904e0
0x0003833E,5,ghidra-start,0,ghidra-size,thunk_FUN_0056a4b0
0x00038B77,5,ghidra-start,0,ghidra-size,thunk_FUN_005a60f0
0x0003913F,5,ghidra-start,0,ghidra-size,thunk_FUN_00662fe0
0x00039577,5,ghidra-start,0,ghidra-size,thunk_FUN_004a78a0
0x000399A5,5,ghidra-start,0,ghidra-size,thunk_FUN_00532e40
0x0003A256,5,rel32-call/jmp;ghidra-start,2,ghidra-size,thunk_FUN_005041f0
0x0003A382,5,ghidra-start,0,ghidra-size,thunk_FUN_00695b20
0x0003B1A1,5,ghidra-start,0,ghidra-size,thunk_FUN_00926bc0
0x0003B688,5,ghidra-start,0,ghidra-size,thunk_FUN_00b61b70
0x0003BD8B,5,ghidra-start,0,ghidra-size,thunk_FUN_00a3a9f0
0x0003C2BD,5,ghidra-start,0,ghidra-size,thunk_FUN_004cc1c0
0x0003C650,5,ghidra-start,0,ghidra-size,thunk_FUN_00a60880
0x0003CE07,5,ghidra-start,0,ghidra-size,thunk_FUN_00a4cb30
0x0003D3C5,5,ghidra-start,0,ghidra-size,thunk_FUN_007b5000
0x0003D7B2,5,ghidra-start,0,ghidra-size,thunk_FUN_00b6d380
0x0003DB1D,5,ghidra-start,0,ghidra-size,thunk_FUN_007b3250
0x0003EC7A,5,ghidra-start,0,ghidra-size,thunk_FUN_0048fd30
0x0003EE32,5,ghidra-start,0,ghidra-size,thunk_FUN_0050c4d0
0x00040327,5,ghidra-start,0,ghidra-size,thunk_FUN_004d24c0
0x00040E94,5,ghidra-start,0,ghidra-size,thunk_FUN_00a27ad0
0x000410AB,5,ghidra-start,0,ghidra-size,thunk_FUN_008b6d40
0x000417EF,5,ghidra-start,0,ghidra-size,thunk_FUN_007b3800
0x00041F1F,5,ghidra-start,0,ghidra-size,thunk_FUN_00b87e80
0x00042BB3,5,ghidra-start,0,ghidra-size,thunk_FUN_004aac70
0x00042FDC,5,ghidra-start,0,ghidra-size,thunk_FUN_00b612d0
0x00043207,5,ghidra-start,0,ghidra-size,thunk_FUN_004cc2c0
0x00043A9A,5,ghidra-start,0,ghidra-size,thunk_FUN_004b6d00
0x000481E9,5,ghidra-start,0,ghidra-size,thunk_FUN_00b71d00
0x00049AA3,5,ghidra-start,0,ghidra-size,thunk_FUN_00528d20
0x0004A0B1,5,ghidra-start,0,ghidra-size,thunk_FUN_00a421d0
0x0004A345,5,ghidra-start,0,ghidra-size,thunk_FUN_006ae200
0x0004A8E0,5,ghidra-start,0,ghidra-size,thunk_FUN_00724670
0x0004ABF6,5,ghidra-start,0,ghidra-size,thunk_FUN_00a38ff0
0x0004B01A,5,ghidra-start,0,ghidra-size,compare
0x0004B01F,5,ghidra-start,0,ghidra-size,thunk_FUN_00544ab0
0x0004B510,5,ghidra-start,0,ghidra-size,thunk_FUN_006926c0
0x0005B6E0,102,rel32-call/jmp;ghidra-start,1,ghidra-size,FUN_0045b6e0
0x0005B748,29,rel32-call/jmp,1,ret+int3,
0x0005C180,4,rel32-call/jmp,1,ret+int3,
0x0005C1C0,4,rel32-call/jmp,1,ret+int3,
0x0005C210,4,rel32-call/jmp,1,ret+int3,
0x0005C220,4,rel32-call/jmp,1,ret+int3,
0x0005C230,4,rel32-call/jmp,1,ret+int3,
0x0005C480,30,rel32-call/jmp,1,ret+int3,
0x0005C6A0,3,rel32-call/jmp,1,ret+int3,
0x0005CBC0,4,rel32-call/jmp,1,ret+int3,
0x0005CC20,419,rel32-call/jmp;ghidra-start,1,ghidra-size,FUN_0045cc20
0x0005D5A0,1,rel32-call/jmp,1,ret+int3,
0x0005D7D0,3,rel32-call/jmp,1,ret+int3,
0x0005D800,3,rel32-call/jmp,1,ret+int3,
0x0005DC10,4,rel32-call/jmp,1,ret+int3,
0x0005DC20,4,rel32-call/jmp,1,ret+int3,
0x000607C0,4,rel32-call/jmp,1,ret+int3,
0x00060990,11,rel32-call/jmp,1,ret+int3,
0x00061630,4,rel32-call/jmp,1,ret+int3,
0x000616B0,4,rel32-call/jmp,1,ret+int3,
0x000616E0,13,rel32-call/jmp,1,ret+int3,
0x00061700,3,rel32-call/jmp,1,ret+int3,
0x00061CA0,6,rel32-call/jmp,1,ret+int3,
0x00061CC0,3,rel32-call/jmp,1,ret+int3,
0x00063DF0,4,rel32-call/jmp,1,ret+int3,
0x00063E00,4,rel32-call/jmp,1,ret+int3,
0x000641C0,4,rel32-call/jmp,1,ret+int3,
0x000644B0,1,rel32-call/jmp,1,ret+int3,
0x000644D0,4,rel32-call/jmp,1,ret+int3,
0x00064640,49,rel32-call/jmp,1,ret+int3,
0x000647A0,1,rel32-call/jmp,1,ret+int3,
0x00065290,4,rel32-call/jmp,1,ret+int3,
0x00065360,3,rel32-call/jmp,1,ret+int3,
0x00065370,1,rel32-call/jmp,1,ret+int3,
0x000653A0,1,rel32-call/jmp,1,ret+int3,
0x000662E0,1,rel32-call/jmp,1,ret+int3,
0x000662F0,1,rel32-call/jmp,1,ret+int3,
0x00066300,1,rel32-call/jmp,1,ret+int3,
0x00066340,3,rel32-call/jmp,1,ret+int3,
0x00066350,1,rel32-call/jmp,1,ret+int3,
0x00066390,1,rel32-call/jmp,1,ret+int3,
0x000663D0,1,rel32-call/jmp,1,ret+int3,
0x000664D0,3,rel32-call/jmp,1,ret+int3,
0x00066590,1,rel32-call/jmp,1,ret+int3,
0x00066640,1,rel32-call/jmp,1,ret+int3,
0x00066680,3,rel32-call/jmp,1,ret+int3,
0x000666D0,3,rel32-call/jmp,1,ret+int3,
0x00066810,1,rel32-call/jmp,1,ret+int3,
0x00066A30,1,rel32-call/jmp,1,ret+int3,
0x00066D40,1,rel32-call/jmp,1,ret+int3,
0x00067D00,4,rel32-call/jmp,1,ret+int3,
0x00067D10,4,rel32-call/jmp,1,ret+int3,
0x00067D20,4,rel32-call/jmp,1,ret+int3,
0x00067D30,4,rel32-call/jmp,1,ret+int3,
0x00067D40,4,rel32-call/jmp,1,ret+int3,
0x00067D50,4,rel32-call/jmp,1,ret+int3,
0x00067D60,1,rel32-call/jmp,1,ret+int3,
0x000689F0,3,rel32-call/jmp,1,ret+int3,
0x00068A00,1,rel32-call/jmp,1,ret+int3,
0x00068A10,1,rel32-call/jmp,1,ret+int3,
0x00068A50,1,rel32-call/jmp,1,ret+int3,
0x00068AE0,1,rel32-call/jmp,1,ret+int3,
0x00068D60,1,rel32-call/jmp,1,ret+int3,
0x00068E30,1,rel32-call/jmp,1,ret+int3,
0x00069440,1,rel32-call/jmp,1,ret+int3,
0x00069470,4,rel32-call/jmp,1,ret+int3,
0x000694A0,1,rel32-call/jmp,1,ret+int3,
0x000694B0,3,rel32-call/jmp,1,ret+int3,
0x00069540,1,rel32-call/jmp,1,ret+int3,
0x000695B0,3,rel32-call/jmp,1,ret+int3,
0x00069700,1,rel32-call/jmp,1,ret+int3,
0x000697A0,7,rel32-call/jmp,1,ret+int3,
0x00069880,4,rel32-call/jmp,1,ret+int3,
0x00069B40,1,rel32-call/jmp,1,ret+int3,
0x00069E50,1,rel32-call/jmp,1,ret+int3,
0x00069FE0,1,rel32-call/jmp,1,ret+int3,
0x0006B010,4,rel32-call/jmp,1,ret+int3,
0x0006B040,1,rel32-call/jmp,1,ret+int3,
0x0006B070,4,rel32-call/jmp,1,ret+int3,
0x0006B080,4,rel32-call/jmp,1,ret+int3,
0x0006B0B0,4,rel32-call/jmp,1,ret+int3,
0x0006B0F0,1,rel32-call/jmp,1,ret+int3,
0x0006B100,1,rel32-call/jmp,1,ret+int3,
0x0006B390,3,rel32-call/jmp,1,ret+int3,
0x0006B3C0,4,rel32-call/jmp,1,ret+int3,
0x0006B4D0,3,rel32-call/jmp,1,ret+int3,
0x0006B4F0,7,rel32-call/jmp,1,ret+int3,
0x0006B550,3,rel32-call/jmp,1,ret+int3,
0x0006B560,1,rel32-call/jmp,1,ret+int3,
0x0006B570,3,rel32-call/jmp,1,ret+int3,
0x0006B580,1,rel32-call/jmp,1,ret+int3,
0x0006B590,3,rel32-call/jmp,1,ret+int3,
0x0006B5A0,1,rel32-call/jmp,1,ret+int3,
0x0006B5E0,1,rel32-call/jmp,1,ret+int3,
0x0006B5F0,1,rel32-call/jmp,1,ret+int3,
0x0006B740,1,rel32-call/jmp,1,ret+int3,
0x0006B780,1,rel32-call/jmp,1,ret+int3,
0x0006B7C0,1,rel32-call/jmp,1,ret+int3,
0x0006C3F0,3,rel32-call/jmp,1,ret+int3,
0x0006C400,1,rel32-call/jmp,1,ret+int3,
0x0006C580,3,rel32-call/jmp,1,ret+int3,
0x0006C590,1,rel32-call/jmp,1,ret+int3,
0x0006C630,3,rel32-call/jmp,1,ret+int3,
0x0006C640,1,rel32-call/jmp,1,ret+int3,
0x0006C680,3,rel32-call/jmp,1,ret+int3,
0x0006C690,1,rel32-call/jmp,1,ret+int3,
0x0006C6A0,3,rel32-call/jmp,1,ret+int3,
0x0006C6B0,1,rel32-call/jmp,1,ret+int3,
0x0006C6C0,3,rel32-call/jmp,1,ret+int3,
0x0006C6D0,1,rel32-call/jmp,1,ret+int3,
0x0006C750,3,rel32-call/jmp,1,ret+int3,
0x0006C760,1,rel32-call/jmp,1,ret+int3,
0x0006C780,3,rel32-call/jmp,1,ret+int3,
0x0006C790,1,rel32-call/jmp,1,ret+int3,
0x0006C7A0,1,rel32-call/jmp,1,ret+int3,
0x0006C7B0,1,rel32-call/jmp,1,ret+int3,
0x0006C7C0,1,rel32-call/jmp,1,ret+int3,
0x0006C7D0,1,rel32-call/jmp,1,ret+int3,
0x0006C7E0,1,rel32-call/jmp,1,ret+int3,
0x0006C830,1,rel32-call/jmp,1,ret+int3,
0x0006C940,1,rel32-call/jmp,1,ret+int3,
0x0006CA40,1,rel32-call/jmp,1,ret+int3,
0x0006CB00,1,rel32-call/jmp,1,ret+int3,
0x0006CBB0,1,rel32-call/jmp,1,ret+int3,
0x0006CC10,3,rel32-call/jmp,1,ret+int3,
0x0006CD90,3,rel32-call/jmp,1,ret+int3,
0x0006D1B0,3,rel32-call/jmp,1,ret+int3,
0x0006D590,3,rel32-call/jmp,1,ret+int3,
0x0006D5A0,3,rel32-call/jmp,1,ret+int3,
0x0006DF90,1,rel32-call/jmp,1,ret+int3,
0x0006DFA0,1,rel32-call/jmp,1,ret+int3,
0x0006DFB0,1,rel32-call/jmp,1,ret+int3,
0x0006E0F0,1,rel32-call/jmp,1,ret+int3,
0x0006E180,1,rel32-call/jmp,1,ret+int3,
0x0006E1D0,1,rel32-call/jmp,1,ret+int3,
0x0006E1E0,1,rel32-call/jmp,1,ret+int3,
0x0006E1F0,1,rel32-call/jmp,1,ret+int3,
0x0006E2D0,1,rel32-call/jmp,1,ret+int3,
0x0006E2E0,1,rel32-call/jmp,1,ret+int3,
0x0006E410,1,rel32-call/jmp,1,ret+int3,
0x0006E420,1,rel32-call/jmp,1,ret+int3,
0x0006E430,1,rel32-call/jmp,1,ret+int3,
0x0006E6F0,3,rel32-call/jmp,1,ret+int3,
0x0006E700,3,rel32-call/jmp,1,ret+int3,
0x0006EE40,1,rel32-call/jmp,1,ret+int3,
0x0006EE50,1,rel32-call/jmp,1,ret+int3,
0x0006EE60,1,rel32-call/jmp,1,ret+int3,
0x0006EE70,1,rel32-call/jmp,1,ret+int3,
0x0006EE80,1,rel32-call/jmp,1,ret+int3,
0x0006EE90,1,rel32-call/jmp,1,ret+int3,
0x00072360,1,rel32-call/jmp,1,ret+int3,
0x00072370,1,rel32-call/jmp,1,ret+int3,
0x00072380,1,rel32-call/jmp,1,ret+int3,
0x00072400,1,rel32-call/jmp,1,ret+int3,
0x00072410,1,rel32-call/jmp,1,ret+int3,
0x00075AE0,1,rel32-call/jmp,1,ret+int3,
0x00075AF0,1,rel32-call/jmp,1,ret+int3,
0x00075B00,1,rel32-call/jmp,1,ret+int3,
0x00075CC0,3,rel32-call/jmp,1,ret+int3,
0x00075CD0,3,rel32-call/jmp,1,ret+int3,
0x00075CE0,1,rel32-call/jmp,1,ret+int3,
0x00075D10,3,rel32-call/jmp,1,ret+int3,
0x00075D20,3,rel32-call/jmp,1,ret+int3,
0x00076BF0,1,rel32-call/jmp,1,ret+int3,
0x00076E80,1,rel32-call/jmp,1,ret+int3,
0x00076EF0,1,rel32-call/jmp,1,ret+int3,
0x00076F60,1,rel32-call/jmp,1,ret+int3,
0x00076F70,1,rel32-call/jmp,1,ret+int3,
0x00078CF0,1,rel32-call/jmp,1,ret+int3,
0x00078D00,1,rel32-call/jmp,1,ret+int3,
0x00078D10,1,rel32-call/jmp,1,ret+int3,
0x0007AC77,131,rel32-call/jmp,1,ret+int3,
0x0007B590,4,rel32-call/jmp,1,ret+int3,
0x0007B5E0,4,rel32-call/jmp,1,ret+int3,
0x0007B680,3,rel32-call/jmp,1,ret+int3,
0x0007B6A0,4,rel32-call/jmp,1,ret+int3,
0x0007C5E0,6,rel32-call/jmp,1,ret+int3,
0x0007C6F0,4,rel32-call/jmp,1,ret+int3,
0x0007F430,4,rel32-call/jmp,1,ret+int3,
0x0007F610,3,rel32-call/jmp,1,ret+int3,
0x0007F620,1,rel32-call/jmp,1,ret+int3,
0x0007F630,3,rel32-call/jmp,1,ret+int3,
0x0007F640,1,rel32-call/jmp,1,ret+int3,
0x0007F660,6,rel32-call/jmp,1,ret+int3,
0x0007F670,1,rel32-call/jmp,1,ret+int3,
0x0007F680,1,rel32-call/jmp,1,ret+int3,
0x0007F6D0,1,rel32-call/jmp,1,ret+int3,
0x0007F850,4,rel32-call/jmp,1,ret+int3,
0x0007F9C0,1,rel32-call/jmp,1,ret+int3,
0x0007F9D0,1,rel32-call/jmp,1,ret+int3,
0x0007F9E0,1,rel32-call/jmp,1,ret+int3,
0x00080030,54,rel32-call/jmp,1,ret+int3,
0x00083100,1,rel32-call/jmp,1,ret+int3,
0x00083440,3,rel32-call/jmp,1,ret+int3,
0x00083450,1,rel32-call/jmp,1,ret+int3,
0x00083460,4,rel32-call/jmp,1,ret+int3,
0x000844D0,1,rel32-call/jmp,1,ret+int3,
0x00086370,4,rel32-call/jmp,1,ret+int3,
0x00086440,4,rel32-call/jmp,1,ret+int3,
0x00087360,4,rel32-call/jmp,1,ret+int3,
0x000873A0,4,rel32-call/jmp,1,ret+int3,
0x000873B0,4,rel32-call/jmp,1,ret+int3,
0x000873C0,4,rel32-call/jmp,1,ret+int3,
0x000873D0,4,rel32-call/jmp,1,ret+int3,
0x00087510,4,rel32-call/jmp,1,ret+int3,
0x00087840,3,rel32-call/jmp,1,ret+int3,
0x00087950,3,rel32-call/jmp,1,ret+int3,
0x00087960,3,rel32-call/jmp,1,ret+int3,
0x00087970,3,rel32-call/jmp,1,ret+int3,
0x00087980,1,rel32-call/jmp,1,ret+int3,
0x000879C0,3,rel32-call/jmp,1,ret+int3,
0x000879D0,1,rel32-call/jmp,1,ret+int3,
0x000879E0,1,rel32-call/jmp,1,ret+int3,
0x00087AC0,1,rel32-call/jmp,1,ret+int3,
0x00087AF0,1,rel32-call/jmp,1,ret+int3,
0x00087B00,3,rel32-call/jmp,1,ret+int3,
0x00087B10,3,rel32-call/jmp,1,ret+int3,
0x00087B20,3,rel32-call/jmp,1,ret+int3,
0x00087BA0,4,rel32-call/jmp,1,ret+int3,
0x00087BB0,4,rel32-call/jmp,1,ret+int3,
0x00087BC0,4,rel32-call/jmp,1,ret+int3,
0x00087EA0,1,rel32-call/jmp,1,ret+int3,
0x000880A0,1,rel32-call/jmp,1,ret+int3,
0x000892E0,1,rel32-call/jmp,1,ret+int3,
0x0008A180,4,rel32-call/jmp,1,ret+int3,
0x0008A190,4,rel32-call/jmp,1,ret+int3,
0x0008A1A0,4,rel32-call/jmp,1,ret+int3,
0x0008A1B0,4,rel32-call/jmp,1,ret+int3,
0x0008A1C0,4,rel32-call/jmp,1,ret+int3,
0x0008A200,1,rel32-call/jmp,1,ret+int3,
0x0008A210,1,rel32-call/jmp,1,ret+int3,
0x0008A220,1,rel32-call/jmp,1,ret+int3,
0x0008A230,4,rel32-call/jmp,1,ret+int3,
0x0008A280,4,rel32-call/jmp,1,ret+int3,
0x0008A290,4,rel32-call/jmp,1,ret+int3,
0x0008A660,1,rel32-call/jmp,1,ret+int3,
0x0008A670,1,rel32-call/jmp,1,ret+int3,
0x0008A680,1,rel32-call/jmp,1,ret+int3,
0x0008A970,1,rel32-call/jmp,1,ret+int3,
0x0008A980,1,rel32-call/jmp,1,ret+int3,
0x0008DE70,4,rel32-call/jmp,1,ret+int3,
0x0008DE80,4,rel32-call/jmp,1,ret+int3,
0x0008DEB0,3,rel32-call/jmp,1,ret+int3,
0x0008DEC0,1,rel32-call/jmp,1,ret+int3,
0x0008DF00,6,rel32-call/jmp,1,ret+int3,
0x0008DF50,1,rel32-call/jmp,1,ret+int3,
0x0008E1B0,1,rel32-call/jmp,1,ret+int3,
0x0008F080,1,rel32-call/jmp,1,ret+int3,
0x0008F090,1,rel32-call/jmp,1,ret+int3,
0x0008F0A0,1,rel32-call/jmp,1,ret+int3,
0x0008F420,3,rel32-call/jmp,1,ret+int3,
0x0008F430,1,rel32-call/jmp,1,ret+int3,
0x0008F440,1,rel32-call/jmp,1,ret+int3,
0x0008F560,1,rel32-call/jmp,1,ret+int3,
0x0008F5A0,1,rel32-call/jmp,1,ret+int3,
0x0008FE80,1,rel32-call/jmp,1,ret+int3,
0x00090440,4,rel32-call/jmp,1,ret+int3,
0x00092810,155,rel32-call/jmp;ghidra-start,1,ghidra-size,FUN_00492810
0x000928E0,3,rel32-call/jmp,1,ret+int3,
0x00092900,3,rel32-call/jmp,1,ret+int3,
0x00092910,1,rel32-call/jmp,1,ret+int3,
0x00092930,6,rel32-call/jmp,1,ret+int3,
0x00092990,1,rel32-call/jmp,1,ret+int3,
0x000929A0,1,rel32-call/jmp,1,ret+int3,
0x00092A30,1,rel32-call/jmp,1,ret+int3,
0x00092A80,4,rel32-call/jmp,1,ret+int3,
0x00092BA0,1,rel32-call/jmp,1,ret+int3,
0x00092BB0,1,rel32-call/jmp,1,ret+int3,
0x000946F0,4,rel32-call/jmp,1,ret+int3,
0x00094720,4,rel32-call/jmp,1,ret+int3,
0x00094750,4,rel32-call/jmp,1,ret+int3,
0x00094BF0,4,rel32-call/jmp;ghidra-start,1,ghidra-size,FUN_00494bf0
0x00094C40,3,rel32-call/jmp,1,ret+int3,
0x00094C50,1,rel32-call/jmp,1,ret+int3,
0x00094C60,3,rel32-call/jmp,1,ret+int3,
0x00094C70,1,rel32-call/jmp,1,ret+int3,
0x00094CA0,1,rel32-call/jmp,1,ret+int3,
0x00094CB0,1,rel32-call/jmp,1,ret+int3,
0x00094F50,1,rel32-call/jmp,1,ret+int3,
0x00094F60,1,rel32-call/jmp,1,ret+int3,
0x00095010,3,rel32-call/jmp,1,ret+int3,
0x00095020,3,rel32-call/jmp,1,ret+int3,
0x000950D0,3,rel32-call/jmp,1,ret+int3,
0x00095230,47,rel32-call/jmp,1,ret+int3,
0x00095400,1,rel32-call/jmp,1,ret+int3,
0x00095410,1,rel32-call/jmp,1,ret+int3,
0x000957E0,1,rel32-call/jmp,1,ret+int3,
0x000957F0,1,rel32-call/jmp,1,ret+int3,
0x00095AE0,1,rel32-call/jmp,1,ret+int3,
0x00095AF0,1,rel32-call/jmp,1,ret+int3,
0x00096570,806,rel32-call/jmp;ghidra-start,1,ghidra-size,FUN_00496570
0x000970D0,4,rel32-call/jmp,1,ret+int3,
0x000970E0,4,rel32-call/jmp,1,ret+int3,
0x00097130,4,rel32-call/jmp,1,ret+int3,
0x00097140,4,rel32-call/jmp,1,ret+int3,
0x00097160,4,rel32-call/jmp,1,ret+int3,
0x00097170,4,rel32-call/jmp,1,ret+int3,
0x00097180,4,rel32-call/jmp,1,ret+int3,
0x00097190,4,rel32-call/jmp,1,ret+int3,
0x000971A0,4,rel32-call/jmp,1,ret+int3,
0x00097900,1,rel32-call/jmp,1,ret+int3,
0x00097950,3,rel32-call/jmp,1,ret+int3,
0x00097E50,3,rel32-call/jmp,1,ret+int3,
0x00097E60,1,rel32-call/jmp,1,ret+int3,
0x00097E90,1,rel32-call/jmp,1,ret+int3,
0x00098BC0,1,rel32-call/jmp,1,ret+int3,
0x00098F40,3,rel32-call/jmp,1,ret+int3,
0x0009A580,2252,rel32-call/jmp;ghidra-start,1,ghidra-size,FUN_0049a580
0x0009C1C0,4,rel32-call/jmp,1,ret+int3,
0x0009C1D0,4,rel32-call/jmp,1,ret+int3,
0x0009EC30,3,rel32-call/jmp,1,ret+int3,
0x0009EC40,1,rel32-call/jmp,1,ret+int3,
0x0009EC50,1,rel32-call/jmp,1,ret+int3,
0x0009ED70,1,rel32-call/jmp,1,ret+int3,
0x0009FEE0,4,rel32-call/jmp,1,ret+int3,
0x0009FEF0,4,rel32-call/jmp,1,ret+int3,
0x000A0140,3,rel32-call/jmp,1,ret+int3,
0x000A0150,1,rel32-call/jmp,1,ret+int3,
0x000A01C0,3,rel32-call/jmp,1,ret+int3,
0x000A01D0,1,rel32-call/jmp,1,ret+int3,
0x000A01E0,1,rel32-call/jmp,1,ret+int3,
0x000A0260,1,rel32-call/jmp,1,ret+int3,
0x000A0330,1,rel32-call/jmp,1,ret+int3,
0x000A0370,1,rel32-call/jmp,1,ret+int3,
0x000A03A0,4,rel32-call/jmp,1,ret+int3,
0x000A0910,1,rel32-call/jmp,1,ret+int3,
0x000A0C10,1,rel32-call/jmp,1,ret+int3,
0x000A0E80,1,rel32-call/jmp,1,ret+int3,
0x000A1030,1,rel32-call/jmp,1,ret+int3,
0x000A1260,3,rel32-call/jmp,1,ret+int3,
0x000A1290,1,rel32-call/jmp,1,ret+int3,
0x000A1A30,3,rel32-call/jmp,1,ret+int3,
0x000A1A40,3,rel32-call/jmp,1,ret+int3,
0x000A1A50,3,rel32-call/jmp,1,ret+int3,
0x000A1A60,3,rel32-call/jmp,1,ret+int3,
0x000A1A70,3,rel32-call/jmp,1,ret+int3,
0x000A1A90,3,rel32-call/jmp,1,ret+int3,
0x000A1AA0,3,rel32-call/jmp,1,ret+int3,
0x000A1AB0,4,rel32-call/jmp,1,ret+int3,
0x000A1AC0,3,rel32-call/jmp,1,ret+int3,
0x000A1AD0,3,rel32-call/jmp,1,ret+int3,
0x000A1AE0,1,rel32-call/jmp,1,ret+int3,
0x000A1AF0,1,rel32-call/jmp,1,ret+int3,
0x000A2130,4,rel32-call/jmp,1,ret+int3,
0x000A2140,4,rel32-call/jmp,1,ret+int3,
0x000A2150,4,rel32-call/jmp,1,ret+int3,
0x000A2160,4,rel32-call/jmp,1,ret+int3,
0x000A21C0,4,rel32-call/jmp,1,ret+int3,
0x000A21D0,4,rel32-call/jmp,1,ret+int3,
0x000A3030,4,rel32-call/jmp,1,ret+int3,
0x000A3040,4,rel32-call/jmp,1,ret+int3,
0x000A3050,4,rel32-call/jmp,1,ret+int3,
0x000A3060,4,rel32-call/jmp,1,ret+int3,
0x000A3070,4,rel32-call/jmp,1,ret+int3,
0x000A30B0,4,rel32-call/jmp,1,ret+int3,
0x000A3140,1,rel32-call/jmp,1,ret+int3,
0x000A31C0,3,rel32-call/jmp,1,ret+int3,
0x000A31E0,6,rel32-call/jmp,1,ret+int3,
0x000A32C0,1,rel32-call/jmp,1,ret+int3,
0x000A33E0,4,rel32-call/jmp,1,ret+int3,
0x000A3430,1,rel32-call/jmp,1,ret+int3,
0x000A3500,3,rel32-call/jmp,1,ret+int3,
0x000A3510,3,rel32-call/jmp,1,ret+int3,
0x000A3530,3,rel32-call/jmp,1,ret+int3,
0x000A3580,1,rel32-call/jmp,1,ret+int3,
0x000A35A0,1,rel32-call/jmp,1,ret+int3,
0x000A71A0,4,rel32-call/jmp,1,ret+int3,
0x000A71E0,1,rel32-call/jmp,1,ret+int3,
0x000A71F0,1,rel32-call/jmp,1,ret+int3,
0x000A7200,1,rel32-call/jmp,1,ret+int3,
0x000A72A0,3,rel32-call/jmp,1,ret+int3,
0x000A72B0,1,rel32-call/jmp,1,ret+int3,
0x000A72C0,3,rel32-call/jmp,1,ret+int3,
0x000A72D0,1,rel32-call/jmp,1,ret+int3,
0x000A72E0,1,rel32-call/jmp,1,ret+int3,
0x000A72F0,1,rel32-call/jmp,1,ret+int3,
0x000A73E0,1,rel32-call/jmp,1,ret+int3,
0x000A7620,1,rel32-call/jmp,1,ret+int3,
0x000A7890,1,rel32-call/jmp,1,ret+int3,
0x000A7970,1,rel32-call/jmp,1,ret+int3,
0x000A89C0,3,rel32-call/jmp,1,ret+int3,
0x000A89D0,1,rel32-call/jmp,1,ret+int3,
0x000A8A00,3,rel32-call/jmp,1,ret+int3,
0x000A8A10,1,rel32-call/jmp,1,ret+int3,
0x000A8A40,6,rel32-call/jmp,1,ret+int3,
0x000A8A90,1,rel32-call/jmp,1,ret+int3,
0x000A8B10,1,rel32-call/jmp,1,ret+int3,
0x000A8C40,4,rel32-call/jmp,1,ret+int3,
0x000A8C70,4,rel32-call/jmp,1,ret+int3,
0x000A8E00,1,rel32-call/jmp,1,ret+int3,
0x000A8E10,1,rel32-call/jmp,1,ret+int3,
0x000ACD50,521,rel32-call/jmp;ghidra-start,1,ghidra-size,FUN_004acd50
0x000AF800,4,rel32-call/jmp,1,ret+int3,
0x000AF870,4,rel32-call/jmp,1,ret+int3,
0x000AF890,4,rel32-call/jmp;ghidra-start,1,ghidra-size,FUN_004af890
0x000AF8A0,4,rel32-call/jmp;ghidra-start,1,ghidra-size,FUN_004af8a0
0x000AF8B0,4,rel32-call/jmp;ghidra-start,1,ghidra-size,FUN_004af8b0
0x000AF9F0,3,rel32-call/jmp,1,ret+int3,
0x000AFA10,3,rel32-call/jmp,1,ret+int3,
0x000AFA20,1,rel32-call/jmp,1,ret+int3,
0x000AFA30,3,rel32-call/jmp,1,ret+int3,
0x000AFA40,1,rel32-call/jmp,1,ret+int3,
0x000AFB00,3,rel32-call/jmp,1,ret+int3,
0x000AFB10,3,rel32-call/jmp,1,ret+int3,
0x000AFB20,3,rel32-call/jmp,1,ret+int3,
0x000AFB30,1,rel32-call/jmp,1,ret+int3,
0x000AFB40,1,rel32-call/jmp,1,ret+int3,
0x000AFC30,1,rel32-call/jmp,1,ret+int3,
0x000AFEC0,1,rel32-call/jmp,1,ret+int3,
0x000B0280,1,rel32-call/jmp,1,ret+int3,
0x000B03D0,1,rel32-call/jmp,1,ret+int3,
0x000B20B0,4,rel32-call/jmp,1,ret+int3,
0x000B20C0,4,rel32-call/jmp,1,ret+int3,
0x000B20D0,4,rel32-call/jmp,1,ret+int3,
0x000B20E0,4,rel32-call/jmp,1,ret+int3,
0x000B20F0,4,rel32-call/jmp,1,ret+int3,
0x000B2100,4,rel32-call/jmp,1,ret+int3,
0x000B2120,4,rel32-call/jmp,1,ret+int3,
0x000B2130,4,rel32-call/jmp,1,ret+int3,
0x000B2140,4,rel32-call/jmp,1,ret+int3,
0x000B2150,4,rel32-call/jmp,1,ret+int3,
0x000B21C0,4,rel32-call/jmp;ghidra-start,1,ghidra-size,FUN_004b21c0
0x000B22D0,30,rel32-call/jmp,1,ret+int3,
0x000B23D0,3,rel32-call/jmp,1,ret+int3,
0x000B51B0,4,rel32-call/jmp,1,ret+int3,
0x000B51C0,4,rel32-call/jmp,1,ret+int3,
0x000B51D0,4,rel32-call/jmp,1,ret+int3,
0x000B55D0,13,rel32-call/jmp,1,ret+int3,
0x000B55E0,13,rel32-call/jmp,1,ret+int3,
0x000B55F0,13,rel32-call/jmp,1,ret+int3,
0x000B5600,13,rel32-call/jmp,1,ret+int3,
0x000B5A30,165,rel32-call/jmp;ghidra-start,1,ghidra-size,FUN_004b5a30
0x000B6500,3,rel32-call/jmp,1,ret+int3,
0x000B7850,1,rel32-call/jmp,1,ret+int3,
0x000B7860,1,rel32-call/jmp,1,ret+int3,
0x000B7870,1,rel32-call/jmp,1,ret+int3,
0x000B8050,4,rel32-call/jmp,1,ret+int3,
0x000B9240,3,rel32-call/jmp,1,ret+int3,
0x000B9250,1,rel32-call/jmp,1,ret+int3,
0x000B92E0,1,rel32-call/jmp,1,ret+int3,
0x000B9950,1,rel32-call/jmp,1,ret+int3,
0x000B9960,1,rel32-call/jmp,1,ret+int3,
0x000B9970,1,rel32-call/jmp,1,ret+int3,
0x000B9980,1,rel32-call/jmp,1,ret+int3,
0x000B9990,1,rel32-call/jmp,1,ret+int3,
0x000B99B0,1,rel32-call/jmp,1,ret+int3,
0x000B9A60,4,rel32-call/jmp,1,ret+int3,
0x000BA720,1,rel32-call/jmp,1,ret+int3,
0x000BA730,1,rel32-call/jmp,1,ret+int3,
0x000BA740,1,rel32-call/jmp,1,ret+int3,
0x000BA750,1,rel32-call/jmp,1,ret+int3,
0x000BA760,1,rel32-call/jmp,1,ret+int3,
0x000BA7A0,1,rel32-call/jmp,1,ret+int3,
0x000BB490,1,rel32-call/jmp,1,ret+int3,
0x000BB4A0,1,rel32-call/jmp,1,ret+int3,
0x000BB4B0,1,rel32-call/jmp,1,ret+int3,
0x000BB4C0,1,rel32-call/jmp,1,ret+int3,
0x000BB4D0,1,rel32-call/jmp,1,ret+int3,
0x000BB590,1,rel32-call/jmp,1,ret+int3,
0x000BB690,1,rel32-call/jmp,1,ret+int3,
0x000BB850,1,rel32-call/jmp,1,ret+int3,
0x000BCFA0,154,rel32-call/jmp,1,ret+int3,
0x000BE440,514,rel32-call/jmp;ghidra-start,1,ghidra-size,FUN_004be440
0x000BE6D0,4,rel32-call/jmp,1,ret+int3,
0x000BE730,6,rel32-call/jmp,1,ret+int3,
0x000BE800,3,rel32-call/jmp,1,ret+int3,
0x000BE810,1,rel32-call/jmp,1,ret+int3,
0x000BE830,1,rel32-call/jmp,1,ret+int3,
0x000BE850,6,rel32-call/jmp,1,ret+int3,
0x000BE870,6,rel32-call/jmp,1,ret+int3,
0x000BE930,1,rel32-call/jmp,1,ret+int3,
0x000BE9C0,4,rel32-call/jmp,1,ret+int3,
0x000BE9F0,4,rel32-call/jmp,1,ret+int3,
0x000BEAF0,3,rel32-call/jmp,1,ret+int3,
0x000BEB10,4,rel32-call/jmp,1,ret+int3,
0x000BEC00,3,rel32-call/jmp,1,ret+int3,
0x000BEC10,3,rel32-call/jmp,1,ret+int3,
0x000C2400,1,rel32-call/jmp,1,ret+int3,
0x000C2D20,4,rel32-call/jmp,1,ret+int3,
0x000C3620,3,rel32-call/jmp,1,ret+int3,
0x000C3BA0,4,rel32-call/jmp,1,ret+int3,
0x000C3C50,1,rel32-call/jmp,1,ret+int3,
0x000C3C60,4,rel32-call/jmp,1,ret+int3,
0x000C3C80,4,rel32-call/jmp,1,ret+int3,
0x000C3CB0,4,rel32-call/jmp,1,ret+int3,
0x000C3CC0,4,rel32-call/jmp,1,ret+int3,
0x000C3CD0,4,rel32-call/jmp,1,ret+int3,
0x000C3D70,4,rel32-call/jmp,1,ret+int3,
0x000C3D80,4,rel32-call/jmp,1,ret+int3,
0x000C3E90,4,rel32-call/jmp,1,ret+int3,
0x000C4010,1,rel32-call/jmp,1,ret+int3,
0x000C4020,1,rel32-call/jmp,1,ret+int3,
0x000C4030,1,rel32-call/jmp,1,ret+int3,
0x000C4410,4,rel32-call/jmp,1,ret+int3,
0x000C4470,1,rel32-call/jmp,1,ret+int3,
0x000C44C0,1,rel32-call/jmp,1,ret+int3,
0x000C4620,1,rel32-call/jmp,1,ret+int3,
0x000C4630,1,rel32-call/jmp,1,ret+int3,
0x000C4A60,1,rel32-call/jmp,1,ret+int3,
0x000C4C70,1,rel32-call/jmp,1,ret+int3,
0x000C84D0,1,rel32-call/jmp,1,ret+int3,
0x000C8870,4,rel32-call/jmp,1,ret+int3,
0x000C88B0,4,rel32-call/jmp,1,ret+int3,
0x000C8A10,4,rel32-call/jmp,1,ret+int3,
0x000C8A20,4,rel32-call/jmp,1,ret+int3,
0x000C8A40,4,rel32-call/jmp,1,ret+int3,
0x000C8A90,4,rel32-call/jmp,1,ret+int3,
0x000C8AA0,4,rel32-call/jmp,1,ret+int3,
0x000C8AB0,4,rel32-call/jmp,1,ret+int3,
0x000C8AC0,4,rel32-call/jmp,1,ret+int3,
0x000C8AD0,4,rel32-call/jmp,1,ret+int3,
0x000C8BB0,4,rel32-call/jmp,1,ret+int3,
0x000C8C10,4,rel32-call/jmp,1,ret+int3,
0x000C8C20,4,rel32-call/jmp,1,ret+int3,
0x000C8C70,1,rel32-call/jmp,1,ret+int3,
0x000C8D10,4,rel32-call/jmp,1,ret+int3,
0x000C8D20,4,rel32-call/jmp,1,ret+int3,
0x000C8E00,1,rel32-call/jmp,1,ret+int3,
0x000C8E10,3,rel32-call/jmp,1,ret+int3,
0x000C8E20,4,rel32-call/jmp,1,ret+int3,
0x000C8E30,4,rel32-call/jmp,1,ret+int3,
0x000C8E50,3,rel32-call/jmp,1,ret+int3,
0x000C8F80,4,rel32-call/jmp,1,ret+int3,
0x000C8F90,4,rel32-call/jmp,1,ret+int3,
0x000C8FD0,4,rel32-call/jmp,1,ret+int3,
0x000C8FE0,4,rel32-call/jmp,1,ret+int3,
0x000C8FF0,4,rel32-call/jmp,1,ret+int3,
0x000C9000,4,rel32-call/jmp,1,ret+int3,
0x000C9020,4,rel32-call/jmp,1,ret+int3,
0x000C9030,4,rel32-call/jmp,1,ret+int3,
0x000C9050,4,rel32-call/jmp,1,ret+int3,
0x000C9080,3,rel32-call/jmp,1,ret+int3,
0x000C9150,4,rel32-call/jmp,1,ret+int3,
0x000C96A0,3,rel32-call/jmp,1,ret+int3,
0x000C96B0,1,rel32-call/jmp,1,ret+int3,
0x000C96C0,1,rel32-call/jmp,1,ret+int3,
0x000C99F0,33,rel32-call/jmp,1,ret+int3,
0x000C9D60,3,rel32-call/jmp,1,ret+int3,
0x000C9D90,3,rel32-call/jmp,1,ret+int3,
0x000C9DC0,3,rel32-call/jmp,1,ret+int3,
0x000C9DD0,1,rel32-call/jmp,1,ret+int3,
0x000C9E10,3,rel32-call/jmp,1,ret+int3,
0x000C9E20,3,rel32-call/jmp,1,ret+int3,
0x000C9E30,1,rel32-call/jmp,1,ret+int3,
0x000C9EC0,3,rel32-call/jmp,1,ret+int3,
0x000C9F20,3,rel32-call/jmp,1,ret+int3,
0x000C9F30,3,rel32-call/jmp,1,ret+int3,
0x000C9F60,4,rel32-call/jmp,1,ret+int3,
0x000C9FA0,3,rel32-call/jmp,1,ret+int3,
0x000C9FB0,1,rel32-call/jmp,1,ret+int3,
0x000C9FC0,3,rel32-call/jmp,1,ret+int3,
0x000C9FD0,1,rel32-call/jmp,1,ret+int3,
0x000C9FE0,3,rel32-call/jmp,1,ret+int3,
0x000C9FF0,1,rel32-call/jmp,1,ret+int3,
0x000CA000,3,rel32-call/jmp,1,ret+int3,
0x000CA010,1,rel32-call/jmp,1,ret+int3,
0x000CA070,3,rel32-call/jmp,1,ret+int3,
0x000CA090,6,rel32-call/jmp,1,ret+int3,
0x000CA0C0,6,rel32-call/jmp,1,ret+int3,
0x000CA0E0,3,rel32-call/jmp,1,ret+int3,
0x000CA100,6,rel32-call/jmp,1,ret+int3,
0x000CA1B0,6,rel32-call/jmp,1,ret+int3,
0x000CA230,3,rel32-call/jmp,1,ret+int3,
0x000CA2D0,3,rel32-call/jmp,1,ret+int3,
0x000CA390,3,rel32-call/jmp,1,ret+int3,
0x000CA3C0,3,rel32-call/jmp,1,ret+int3,
0x000CA3D0,1,rel32-call/jmp,1,ret+int3,
0x000CA3E0,4,rel32-call/jmp,1,ret+int3,
0x000CA3F0,3,rel32-call/jmp,1,ret+int3,
0x000CA400,1,rel32-call/jmp,1,ret+int3,
0x000CA410,1,rel32-call/jmp,1,ret+int3,
0x000CA420,3,rel32-call/jmp,1,ret+int3,
0x000CA430,1,rel32-call/jmp,1,ret+int3,
0x000CA440,4,rel32-call/jmp,1,ret+int3,
0x000CA460,3,rel32-call/jmp,1,ret+int3,
0x000CA470,1,rel32-call/jmp,1,ret+int3,
0x000CA4A0,1,rel32-call/jmp,1,ret+int3,
0x000CA4B0,4,rel32-call/jmp,1,ret+int3,
0x000CA4C0,3,rel32-call/jmp,1,ret+int3,
0x000CA4D0,1,rel32-call/jmp,1,ret+int3,
0x000CA4E0,1,rel32-call/jmp,1,ret+int3,
0x000CA5B0,3,rel32-call/jmp,1,ret+int3,
0x000CA5C0,3,rel32-call/jmp,1,ret+int3,
0x000CA5D0,3,rel32-call/jmp,1,ret+int3,
0x000CA680,6,rel32-call/jmp,1,ret+int3,
0x000CA6C0,1,rel32-call/jmp,1,ret+int3,
0x000CA6D0,1,rel32-call/jmp,1,ret+int3,
0x000CA6E0,1,rel32-call/jmp,1,ret+int3,
0x000CA6F0,1,rel32-call/jmp,1,ret+int3,
0x000CA700,1,rel32-call/jmp,1,ret+int3,
0x000CA750,1,rel32-call/jmp,1,ret+int3,
0x000CA8B0,1,rel32-call/jmp,1,ret+int3,
0x000CA8D0,4,rel32-call/jmp,1,ret+int3,
0x000CA8E0,1,rel32-call/jmp,1,ret+int3,
0x000CA960,1,rel32-call/jmp,1,ret+int3,
0x000CA9E0,1,rel32-call/jmp,1,ret+int3,
0x000CAAD0,1,rel32-call/jmp,1,ret+int3,
0x000CAB20,1,rel32-call/jmp,1,ret+int3,
0x000CAB70,1,rel32-call/jmp,1,ret+int3,
0x000CAC00,1,rel32-call/jmp,1,ret+int3,
0x000CAFC0,1,rel32-call/jmp,1,ret+int3,
0x000CAFD0,1,rel32-call/jmp,1,ret+int3,
0x000CAFE0,1,rel32-call/jmp,1,ret+int3,
0x000CB100,1,rel32-call/jmp,1,ret+int3,
0x000CB630,1,rel32-call/jmp,1,ret+int3,
0x000CB640,1,rel32-call/jmp,1,ret+int3,
0x000CB770,1,rel32-call/jmp,1,ret+int3,
0x000CB7A0,1,rel32-call/jmp,1,ret+int3,
0x000CB7F0,1,rel32-call/jmp,1,ret+int3,
0x000CB800,1,rel32-call/jmp,1,ret+int3,
0x000CB8E0,3,rel32-call/jmp,1,ret+int3,
0x000CB930,1,rel32-call/jmp,1,ret+int3,
0x000CB940,1,rel32-call/jmp,1,ret+int3,
0x000CB950,1,rel32-call/jmp,1,ret+int3,
0x000CB9C0,3,rel32-call/jmp,1,ret+int3,
0x000CB9F0,3,rel32-call/jmp,1,ret+int3,
0x000CBA70,1,rel32-call/jmp,1,ret+int3,
0x000CBAC0,1,rel32-call/jmp,1,ret+int3,
0x000CBB20,1,rel32-call/jmp,1,ret+int3,
0x000CBBC0,1,rel32-call/jmp,1,ret+int3,
0x000CC410,4,rel32-call/jmp,1,ret+int3,
0x000CC420,4,rel32-call/jmp,1,ret+int3,
0x000CC440,4,rel32-call/jmp,1,ret+int3,
0x000CC5E0,3,rel32-call/jmp,1,ret+int3,
0x000CC620,1,rel32-call/jmp,1,ret+int3,
0x000CC630,1,rel32-call/jmp,1,ret+int3,
0x000CC640,1,rel32-call/jmp,1,ret+int3,
0x000CCA60,1,rel32-call/jmp,1,ret+int3,
0x000CCA70,1,rel32-call/jmp,1,ret+int3,
0x000CCA80,1,rel32-call/jmp,1,ret+int3,
0x000CCA90,1,rel32-call/jmp,1,ret+int3,
0x000CCAA0,1,rel32-call/jmp,1,ret+int3,
0x000CCAB0,1,rel32-call/jmp,1,ret+int3,
0x000CCAC0,1,rel32-call/jmp,1,ret+int3,
0x000CCAD0,1,rel32-call/jmp,1,ret+int3,
0x000CD2B0,1,rel32-call/jmp,1,ret+int3,
0x000CD2C0,1,rel32-call/jmp,1,ret+int3,
0x000CD310,1,rel32-call/jmp,1,ret+int3,
0x000CD5C0,1,rel32-call/jmp,1,ret+int3,
0x000CE400,88,rel32-call/jmp;ghidra-start,1,ghidra-size,FUN_004ce400
0x000CF580,1,rel32-call/jmp,1,ret+int3,
0x000CF590,1,rel32-call/jmp,1,ret+int3,
0x000CF5F0,1,rel32-call/jmp,1,ret+int3,
0x000D1710,1,rel32-call/jmp,1,ret+int3,
0x000D1960,1,rel32-call/jmp,1,ret+int3,
0x000D2B70,181,rel32-call/jmp;ghidra-start,1,ghidra-size,FUN_004d2b70
0x000D2E70,159,rel32-call/jmp;ghidra-start,1,ghidra-size,FUN_004d2e70
0x000D3BE0,415,rel32-call/jmp;ghidra-start,1,ghidra-size,FUN_004d3be0
0x000D4010,1,rel32-call/jmp,1,ret+int3,
0x000D48E0,1661,rel32-call/jmp;ghidra-start,1,ghidra-size,FUN_004d48e0
0x000D57B0,300,rel32-call/jmp;ghidra-start,1,ghidra-size,FUN_004d57b0
0x000D6560,313,rel32-call/jmp;ghidra-start,1,ghidra-size,FUN_004d6560
0x000D6A50,313,rel32-call/jmp;ghidra-start,1,ghidra-size,FUN_004d6a50
0x000D8C60,355,rel32-call/jmp;ghidra-start,1,ghidra-size,FUN_004d8c60
0x000D93A0,295,rel32-call/jmp;ghidra-start,1,ghidra-size,FUN_004d93a0
0x000D9510,131,rel32-call/jmp;ghidra-start,1,ghidra-size,FUN_004d9510
0x000DA610,2043,rel32-call/jmp;ghidra-start,1,ghidra-size,FUN_004da610
0x000DC270,3398,rel32-call/jmp;ghidra-start,1,ghidra-size,FUN_004dc270
0x000DD310,218,rel32-call/jmp;ghidra-start,1,ghidra-size,FUN_004dd310
0x000DD960,1,rel32-call/jmp,1,ret+int3,
0x000DDE20,3,rel32-call/jmp,1,ret+int3,
0x000DDE90,3,rel32-call/jmp,1,ret+int3,
0x000DE860,135,rel32-call/jmp;ghidra-start,1,ghidra-size,FUN_004de860
0x000DF1C0,4,rel32-call/jmp,1,ret+int3,
0x000DF1D0,4,rel32-call/jmp,1,ret+int3,
0x000DF1F0,7,rel32-call/jmp,1,ret+int3,
0x000DF230,4,rel32-call/jmp,1,ret+int3,
0x000DFA50,1,rel32-call/jmp,1,ret+int3,
0x000DFCD0,723,rel32-call/jmp;ghidra-start,1,ghidra-size,FUN_004dfcd0
0x000E0AC0,3,rel32-call/jmp,1,ret+int3,
0x000E0C20,3,rel32-call/jmp,1,ret+int3,
0x000E0C30,1,rel32-call/jmp,1,ret+int3,
0x000E0C90,6,rel32-call/jmp,1,ret+int3,
0x000E0CD0,6,rel32-call/jmp,1,ret+int3,
0x000E0D00,1,rel32-call/jmp,1,ret+int3,
0x000E0DA0,4,rel32-call/jmp,1,ret+int3,
0x000E0DD0,4,rel32-call/jmp,1,ret+int3,
0x000E43A0,3,rel32-call/jmp,1,ret+int3,
0x000E43B0,1,rel32-call/jmp,1,ret+int3,
0x000E43C0,3,rel32-call/jmp,1,ret+int3,
0x000E43D0,1,rel32-call/jmp,1,ret+int3,
0x000E43E0,3,rel32-call/jmp,1,ret+int3,
0x000E43F0,3,rel32-call/jmp,1,ret+int3,
0x000E4400,1,rel32-call/jmp,1,ret+int3,
0x000E4410,1,rel32-call/jmp,1,ret+int3,
0x000E4450,5,rel32-call/jmp,1,ret+int3,
0x000E4460,1,rel32-call/jmp,1,ret+int3,
0x000E4470,4,rel32-call/jmp,1,ret+int3,
0x000E4480,4,rel32-call/jmp,1,ret+int3,
0x000E4520,49,rel32-call/jmp,1,ret+int3,
0x000E45C0,1,rel32-call/jmp,1,ret+int3,
0x000E4640,1,rel32-call/jmp,1,ret+int3,
0x000E5580,281,rel32-call/jmp;ghidra-start,1,ghidra-size,FUN_004e5580
0x000E59B0,3,rel32-call/jmp,1,ret+int3,
0x000E59D0,1,rel32-call/jmp,1,ret+int3,
0x000E5CB0,1,rel32-call/jmp,1,ret+int3,
0x000E6120,1,rel32-call/jmp,1,ret+int3,
0x000E69B0,3,rel32-call/jmp,1,ret+int3,
0x000E69E0,4,rel32-call/jmp,1,ret+int3,
0x000E69F0,3,rel32-call/jmp,1,ret+int3,
0x000E6A00,1,rel32-call/jmp,1,ret+int3,
0x000E6A80,1,rel32-call/jmp,1,ret+int3,
0x000E6B40,1,rel32-call/jmp,1,ret+int3,
0x000E6C80,1,rel32-call/jmp,1,ret+int3,
0x000E6CF0,3,rel32-call/jmp,1,ret+int3,
0x000E6D00,1,rel32-call/jmp,1,ret+int3,
0x000E6D10,1,rel32-call/jmp,1,ret+int3,
0x000E6F40,1,rel32-call/jmp,1,ret+int3,
0x000E8B80,4,rel32-call/jmp,1,ret+int3,
0x000E8B90,3,rel32-call/jmp,1,ret+int3,
0x000E8BA0,1,rel32-call/jmp,1,ret+int3,
0x000E8BE0,6,rel32-call/jmp,1,ret+int3,
0x000E8C50,1,rel32-call/jmp,1,ret+int3,
0x000E8D20,1,rel32-call/jmp,1,ret+int3,
0x000E9010,4,rel32-call/jmp,1,ret+int3,
0x000E9070,1,rel32-call/jmp,1,ret+int3,
0x000E9B00,1,rel32-call/jmp,1,ret+int3,
0x000EB160,3,rel32-call/jmp,1,ret+int3,
0x000EB170,1,rel32-call/jmp,1,ret+int3,
0x000EB180,1,rel32-call/jmp,1,ret+int3,
0x000EB220,1,rel32-call/jmp,1,ret+int3,
0x000EB260,1,rel32-call/jmp,1,ret+int3,
0x000EB4B0,1,rel32-call/jmp,1,ret+int3,
0x000EB8A0,1,rel32-call/jmp,1,ret+int3,
0x000EBA00,1,rel32-call/jmp,1,ret+int3,
0x000EBA10,1,rel32-call/jmp,1,ret+int3,
0x000EC260,4,rel32-call/jmp,1,ret+int3,
0x000EC2C0,1,rel32-call/jmp,1,ret+int3,
0x000EC390,1,rel32-call/jmp,1,ret+int3,
0x000EC3C0,4,rel32-call/jmp,1,ret+int3,
0x000EC3E0,4,rel32-call/jmp,1,ret+int3,
0x000EC3F0,4,rel32-call/jmp,1,ret+int3,
0x000EC400,4,rel32-call/jmp,1,ret+int3,
0x000EC5D0,1,rel32-call/jmp,1,ret+int3,
0x000EC640,4,rel32-call/jmp,1,ret+int3,
0x000EC650,4,rel32-call/jmp,1,ret+int3,
0x000EC660,4,rel32-call/jmp,1,ret+int3,
0x000EC670,4,rel32-call/jmp,1,ret+int3,
0x000EC680,4,rel32-call/jmp,1,ret+int3,
0x000EC690,4,rel32-call/jmp,1,ret+int3,
0x000EC6A0,4,rel32-call/jmp,1,ret+int3,
0x000EC6B0,4,rel32-call/jmp,1,ret+int3,
0x000EC720,4,rel32-call/jmp,1,ret+int3,
0x000EC730,4,rel32-call/jmp,1,ret+int3,
0x000EC740,4,rel32-call/jmp,1,ret+int3,
0x000EC800,1,rel32-call/jmp,1,ret+int3,
0x000EC8E0,4,rel32-call/jmp,1,ret+int3,
0x000EC9A0,4,rel32-call/jmp,1,ret+int3,
0x000ECAA0,6,rel32-call/jmp,1,ret+int3,
0x000ECB30,3,rel32-call/jmp,1,ret+int3,
0x000ECB50,6,rel32-call/jmp,1,ret+int3,
0x000ECB60,3,rel32-call/jmp,1,ret+int3,
0x000ECB70,3,rel32-call/jmp,1,ret+int3,
0x000ECB80,1,rel32-call/jmp,1,ret+int3,
0x000ECB90,1,rel32-call/jmp,1,ret+int3,
0x000ECBA0,1,rel32-call/jmp,1,ret+int3,
0x000ECBE0,4,rel32-call/jmp,1,ret+int3,
0x000ECBF0,3,rel32-call/jmp,1,ret+int3,
0x000ECC00,1,rel32-call/jmp,1,ret+int3,
0x000ECC10,3,rel32-call/jmp,1,ret+int3,
0x000ECC20,3,rel32-call/jmp,1,ret+int3,
0x000ECCD0,1,rel32-call/jmp,1,ret+int3,
0x000ECDD0,1,rel32-call/jmp,1,ret+int3,
0x000ED030,1,rel32-call/jmp,1,ret+int3,
0x000ED230,4,rel32-call/jmp,1,ret+int3,
0x000ED480,1,rel32-call/jmp,1,ret+int3,
0x000EDA50,65,rel32-call/jmp;ghidra-start,1,ghidra-size,FUN_004eda50
0x000EDB30,94,rel32-call/jmp;ghidra-start,1,ghidra-size,FUN_004edb30
0x000EDC20,1,rel32-call/jmp,1,ret+int3,
0x000EDF80,87,rel32-call/jmp;ghidra-start,1,ghidra-size,FUN_004edf80
0x000EDFF0,4,rel32-call/jmp,1,ret+int3,
0x000EE050,3,rel32-call/jmp,1,ret+int3,
0x000EE080,1,rel32-call/jmp,1,ret+int3,
0x000EE090,1,rel32-call/jmp,1,ret+int3,
0x000EE250,1,rel32-call/jmp,1,ret+int3,
0x000EE260,1,rel32-call/jmp,1,ret+int3,
0x000EE3D0,4,rel32-call/jmp,1,ret+int3,
0x000F0D50,1,rel32-call/jmp,1,ret+int3,
0x000F1E00,415,rel32-call/jmp;ghidra-start,1,ghidra-size,FUN_004f1e00
0x000F2230,1,rel32-call/jmp,1,ret+int3,
0x000F2810,381,rel32-call/jmp;ghidra-start,1,ghidra-size,FUN_004f2810
0x000F2A00,665,rel32-call/jmp;ghidra-start,1,ghidra-size,FUN_004f2a00
0x000F3550,840,rel32-call/jmp;ghidra-start,1,ghidra-size,FUN_004f3550
0x000F4010,1,rel32-call/jmp,1,ret+int3,
0x000F40E0,145,rel32-call/jmp;ghidra-start,1,ghidra-size,FUN_004f40e0
0x000F4640,114,rel32-call/jmp,1,ret+int3,
0x000F5E40,1272,rel32-call/jmp;ghidra-start,1,ghidra-size,FUN_004f5e40
0x000F6490,627,rel32-call/jmp;ghidra-start,1,ghidra-size,FUN_004f6490
0x000F8580,3,rel32-call/jmp,1,ret+int3,
0x000F8E20,248,rel32-call/jmp,1,ret+int3,
0x000F91F0,7,rel32-call/jmp,1,ret+int3,
0x000F9230,4,rel32-call/jmp,1,ret+int3,
0x000F9240,4,rel32-call/jmp,1,ret+int3,
0x000F92F0,3,rel32-call/jmp,1,ret+int3,
0x000F9320,4,rel32-call/jmp,1,ret+int3,
0x000F9390,3,rel32-call/jmp,1,ret+int3,
0x000FAA30,175,rel32-call/jmp;ghidra-start,1,ghidra-size,FUN_004faa30
0x000FAB10,918,rel32-call/jmp;ghidra-start,1,ghidra-size,FUN_004fab10
0x000FB8B0,7,rel32-call/jmp,1,ret+int3,
0x000FB8D0,4,rel32-call/jmp,1,ret+int3,
0x000FB8E0,4,rel32-call/jmp,1,ret+int3,
0x000FBB40,3,rel32-call/jmp,1,ret+int3,
0x000FBDB0,4,rel32-call/jmp,1,ret+int3,
0x000FBE80,1,rel32-call/jmp,1,ret+int3,
0x000FBFF0,3,rel32-call/jmp,1,ret+int3,
0x000FC000,1,rel32-call/jmp,1,ret+int3,
0x000FC320,3,rel32-call/jmp,1,ret+int3,
0x000FC330,1,rel32-call/jmp,1,ret+int3,
0x000FC360,3,rel32-call/jmp,1,ret+int3,
0x000FC370,1,rel32-call/jmp,1,ret+int3,
0x000FC380,3,rel32-call/jmp,1,ret+int3,
0x000FC390,1,rel32-call/jmp,1,ret+int3,
0x000FC3A0,3,rel32-call/jmp,1,ret+int3,
0x000FC3B0,1,rel32-call/jmp,1,ret+int3,
0x000FC3C0,3,rel32-call/jmp,1,ret+int3,
0x000FC3E0,6,rel32-call/jmp,1,ret+int3,
0x000FC410,3,rel32-call/jmp,1,ret+int3,
0x000FC440,1,rel32-call/jmp,1,ret+int3,
0x000FC450,1,rel32-call/jmp,1,ret+int3,
0x000FC470,1,rel32-call/jmp,1,ret+int3,
0x000FC480,1,rel32-call/jmp,1,ret+int3,
0x000FC4E0,1,rel32-call/jmp,1,ret+int3,
0x000FC5C0,1,rel32-call/jmp,1,ret+int3,
0x000FCB60,1,rel32-call/jmp,1,ret+int3,
0x000FCB70,1,rel32-call/jmp,1,ret+int3,
0x000FDB30,4,rel32-call/jmp,1,ret+int3,
0x000FDF90,179,rel32-call/jmp;ghidra-start,1,ghidra-size,FUN_004fdf90
0x000FE240,301,rel32-call/jmp,1,ret+int3,
0x000FEF90,610,rel32-call/jmp;ghidra-start,1,ghidra-size,FUN_004fef90
0x000FF290,446,rel32-call/jmp;ghidra-start,1,ghidra-size,FUN_004ff290
0x000FFE10,1,rel32-call/jmp,1,ret+int3,
0x000FFE30,974,rel32-call/jmp,1,ret+int3,
0x00101B30,4,rel32-call/jmp,1,ret+int3,
0x001020D0,198,rel32-call/jmp;ghidra-start,1,ghidra-size,FUN_005020d0
0x00102240,15,rel32-call/jmp;ghidra-start,1,ghidra-size,FUN_00502240
0x00102330,9,rel32-call/jmp,1,ret+int3,
0x00102680,52,rel32-call/jmp,1,ret+int3,
0x00104680,3,rel32-call/jmp,1,ret+int3,
0x00104740,11,rel32-call/jmp,1,ret+int3,
0x00106600,7,rel32-call/jmp,1,ret+int3,
0x00106650,4,rel32-call/jmp,1,ret+int3,
0x00106B60,1,rel32-call/jmp,1,ret+int3,
0x00107250,15,rel32-call/jmp,1,ret+int3,
0x001076C0,1,rel32-call/jmp,1,ret+int3,
0x00108A90,277,ghidra-start,0,ghidra-size,FUN_00508a90
0x0010A080,3,rel32-call/jmp,1,ret+int3,
0x0010A710,4,rel32-call/jmp,1,ret+int3,
0x0010A750,7,rel32-call/jmp,1,ret+int3,
0x0010A7D0,1,rel32-call/jmp,1,ret+int3,
0x0010A950,33,rel32-call/jmp;ghidra-start,1,ghidra-size,FUN_0050a950
0x0010B650,4,rel32-call/jmp,1,ret+int3,
0x0010D2A0,3,rel32-call/jmp,1,ret+int3,
0x0010D2B0,1,rel32-call/jmp,1,ret+int3,
0x0010D2C0,3,rel32-call/jmp,1,ret+int3,
0x0010D2D0,1,rel32-call/jmp,1,ret+int3,
0x0010D2E0,3,rel32-call/jmp,1,ret+int3,
0x0010D2F0,1,rel32-call/jmp,1,ret+int3,
0x0010D300,3,rel32-call/jmp,1,ret+int3,
0x0010D390,6,rel32-call/jmp,1,ret+int3,
0x0010D3B0,3,rel32-call/jmp,1,ret+int3,
0x0010D450,1,rel32-call/jmp,1,ret+int3,
0x0010D4E0,1,rel32-call/jmp,1,ret+int3,
0x0010D570,1,rel32-call/jmp,1,ret+int3,
0x0010D5F0,1,rel32-call/jmp,1,ret+int3,
0x0010D610,1,rel32-call/jmp,1,ret+int3,
0x0010DDF0,1,rel32-call/jmp,1,ret+int3,
0x0010DE00,1,rel32-call/jmp,1,ret+int3,
0x0010DE10,1,rel32-call/jmp,1,ret+int3,
0x001103D2,199,ghidra-start,0,ghidra-size,Catch@005103d2
0x00111080,1,rel32-call/jmp,1,ret+int3,
0x00112940,7,rel32-call/jmp,1,ret+int3,
0x001129E0,1,rel32-call/jmp,1,ret+int3,
0x001129F0,1,rel32-call/jmp,1,ret+int3,
0x00112A00,1,rel32-call/jmp,1,ret+int3,
0x00112A10,1,rel32-call/jmp,1,ret+int3,
0x00113990,1,rel32-call/jmp,1,ret+int3,
0x001139F0,3,rel32-call/jmp,1,ret+int3,
0x00113A00,3,rel32-call/jmp,1,ret+int3,
0x00113A10,3,rel32-call/jmp,1,ret+int3,
0x00113A50,3,rel32-call/jmp,1,ret+int3,
0x00113A60,3,rel32-call/jmp,1,ret+int3,
0x00113A70,3,rel32-call/jmp,1,ret+int3,
0x00113A80,3,rel32-call/jmp,1,ret+int3,
0x00113A90,3,rel32-call/jmp,1,ret+int3,
0x00113AA0,3,rel32-call/jmp,1,ret+int3,
0x00113AB0,1,rel32-call/jmp,1,ret+int3,
0x00113AD0,3,rel32-call/jmp,1,ret+int3,
0x00113B50,1,rel32-call/jmp,1,ret+int3,
0x00113B60,1,rel32-call/jmp,1,ret+int3,
0x00113B70,1,rel32-call/jmp,1,ret+int3,
0x00113B80,1,rel32-call/jmp,1,ret+int3,
0x00113D10,3,rel32-call/jmp,1,ret+int3,
0x00113D20,1,rel32-call/jmp,1,ret+int3,
0x00113F80,3,rel32-call/jmp,1,ret+int3,
0x00113F90,3,rel32-call/jmp,1,ret+int3,
0x001145D0,107,rel32-call/jmp;ghidra-start,1,ghidra-size,FUN_005145d0
0x001146F0,107,rel32-call/jmp;ghidra-start,1,ghidra-size,FUN_005146f0
0x00114B50,107,rel32-call/jmp;ghidra-start,1,ghidra-size,FUN_00514b50
0x00114D70,107,rel32-call/jmp;ghidra-start,1,ghidra-size,FUN_00514d70
0x00115F20,3,rel32-call/jmp,1,ret+int3,
0x00116950,3,rel32-call/jmp,1,ret+int3,
0x00117A10,1,rel32-call/jmp,1,ret+int3,
0x00119EC0,3,rel32-call/jmp,1,ret+int3,
0x00119EE0,3,rel32-call/jmp,1,ret+int3,
0x00119EF0,3,rel32-call/jmp,1,ret+int3,
0x00119F40,3,rel32-call/jmp,1,ret+int3,
0x00119F50,3,rel32-call/jmp,1,ret+int3,
0x00119F60,3,rel32-call/jmp,1,ret+int3,
0x00119F70,3,rel32-call/jmp,1,ret+int3,
0x00119F80,3,rel32-call/jmp,1,ret+int3,
0x00119F90,3,rel32-call/jmp,1,ret+int3,
0x00119FC0,3,rel32-call/jmp,1,ret+int3,
0x00119FD0,3,rel32-call/jmp,1,ret+int3,
0x00119FE0,3,rel32-call/jmp,1,ret+int3,
0x00119FF0,3,rel32-call/jmp,1,ret+int3,
0x0011A000,3,rel32-call/jmp,1,ret+int3,
0x0011A010,3,rel32-call/jmp,1,ret+int3,
0x0011A020,3,rel32-call/jmp,1,ret+int3,
0x0011A030,3,rel32-call/jmp,1,ret+int3,
0x0011A040,3,rel32-call/jmp,1,ret+int3,
0x0011A050,3,rel32-call/jmp,1,ret+int3,
0x0011A060,3,rel32-call/jmp,1,ret+int3,
0x0011A070,3,rel32-call/jmp,1,ret+int3,
0x0011A0A0,3,rel32-call/jmp,1,ret+int3,
0x0011A0B0,3,rel32-call/jmp,1,ret+int3,
0x0011A0C0,3,rel32-call/jmp,1,ret+int3,
0x0011A0E0,3,rel32-call/jmp,1,ret+int3,
0x0011A0F0,3,rel32-call/jmp,1,ret+int3,
0x0011A100,3,rel32-call/jmp,1,ret+int3,
0x0011A110,3,rel32-call/jmp,1,ret+int3,
0x0011A170,4,rel32-call/jmp;ghidra-start,1,ghidra-size,FUN_0051a170
0x0011A190,3,rel32-call/jmp,1,ret+int3,
0x0011A1A0,3,rel32-call/jmp,1,ret+int3,
0x0011A1B0,3,rel32-call/jmp,1,ret+int3,
0x0011A1C0,3,rel32-call/jmp,1,ret+int3,
0x0011A290,3,rel32-call/jmp,1,ret+int3,
0x0011F690,99,rel32-call/jmp;ghidra-start,1,ghidra-size,FUN_0051f690
0x00121CD0,3,rel32-call/jmp,1,ret+int3,
0x00121CE0,3,rel32-call/jmp,1,ret+int3,
0x00121CF0,3,rel32-call/jmp,1,ret+int3,
0x00121D00,3,rel32-call/jmp,1,ret+int3,
0x00122270,3,rel32-call/jmp,1,ret+int3,
0x00122280,1,rel32-call/jmp,1,ret+int3,
0x001222A0,3,rel32-call/jmp,1,ret+int3,
0x001222B0,1,rel32-call/jmp,1,ret+int3,
0x001222C0,3,rel32-call/jmp,1,ret+int3,
0x001222D0,1,rel32-call/jmp,1,ret+int3,
0x001222E0,3,rel32-call/jmp,1,ret+int3,
0x001222F0,1,rel32-call/jmp,1,ret+int3,
0x00122300,3,rel32-call/jmp,1,ret+int3,
0x00122310,1,rel32-call/jmp,1,ret+int3,
0x00122320,3,rel32-call/jmp,1,ret+int3,
0x00122330,1,rel32-call/jmp,1,ret+int3,
0x00122350,6,rel32-call/jmp,1,ret+int3,
0x00122360,3,rel32-call/jmp,1,ret+int3,
0x00122370,1,rel32-call/jmp,1,ret+int3,
0x00122390,3,rel32-call/jmp,1,ret+int3,
0x001223A0,1,rel32-call/jmp,1,ret+int3,
0x00122400,6,rel32-call/jmp,1,ret+int3,
0x00122450,1,rel32-call/jmp,1,ret+int3,
0x00122460,1,rel32-call/jmp,1,ret+int3,
0x00122470,1,rel32-call/jmp,1,ret+int3,
0x00122480,1,rel32-call/jmp,1,ret+int3,
0x00122490,1,rel32-call/jmp,1,ret+int3,
0x001224A0,1,rel32-call/jmp,1,ret+int3,
0x001224F0,1,rel32-call/jmp,1,ret+int3,
0x00122620,1,rel32-call/jmp,1,ret+int3,
0x001226B0,1,rel32-call/jmp,1,ret+int3,
0x00122730,1,rel32-call/jmp,1,ret+int3,
0x00122840,1,rel32-call/jmp,1,ret+int3,
0x00122AD0,4,rel32-call/jmp,1,ret+int3,
0x00122B60,1,rel32-call/jmp,1,ret+int3,
0x00122B70,1,rel32-call/jmp,1,ret+int3,
0x00122C40,1,rel32-call/jmp,1,ret+int3,
0x00122C50,1,rel32-call/jmp,1,ret+int3,
0x00122C60,1,rel32-call/jmp,1,ret+int3,
0x00122C70,1,rel32-call/jmp,1,ret+int3,
0x00122CC0,1,rel32-call/jmp,1,ret+int3,
0x00122CD0,1,rel32-call/jmp,1,ret+int3,
0x00122D00,1,rel32-call/jmp,1,ret+int3,
0x00122D20,1,rel32-call/jmp,1,ret+int3,
0x00122DF0,16,rel32-call/jmp,1,ret+int3,
0x00122E80,1,rel32-call/jmp,1,ret+int3,
0x00124EA0,1,rel32-call/jmp,1,ret+int3,
0x00124EB0,1,rel32-call/jmp,1,ret+int3,
0x00124EC0,1,rel32-call/jmp,1,ret+int3,
0x00124ED0,1,rel32-call/jmp,1,ret+int3,
0x00124EE0,1,rel32-call/jmp,1,ret+int3,
0x00125100,1,rel32-call/jmp,1,ret+int3,
0x00125110,1,rel32-call/jmp,1,ret+int3,
0x00125120,1,rel32-call/jmp,1,ret+int3,
0x00125190,1,rel32-call/jmp,1,ret+int3,
0x001251A0,1,rel32-call/jmp,1,ret+int3,
0x00126460,37,rel32-call/jmp,1,ret+int3,
0x00126630,1,rel32-call/jmp,1,ret+int3,
0x00126640,1,rel32-call/jmp,1,ret+int3,
0x00126650,1,rel32-call/jmp,1,ret+int3,
0x00126690,1,rel32-call/jmp,1,ret+int3,
0x001266A0,1,rel32-call/jmp,1,ret+int3,
0x00127750,1,rel32-call/jmp,1,ret+int3,
0x00127760,1,rel32-call/jmp,1,ret+int3,
0x00127AC0,13,rel32-call/jmp,1,ret+int3,
0x00128F50,1,rel32-call/jmp,1,ret+int3,
0x00128F60,1,rel32-call/jmp,1,ret+int3,
0x00128F70,1,rel32-call/jmp,1,ret+int3,
0x0012B000,3,rel32-call/jmp,1,ret+int3,
0x0012B650,87,rel32-call/jmp,1,ret+int3,
0x00131D60,4,rel32-call/jmp,1,ret+int3,
0x00131D70,4,rel32-call/jmp,1,ret+int3,
0x00131D80,4,rel32-call/jmp,1,ret+int3,
0x00132100,3,rel32-call/jmp,1,ret+int3,
0x00132110,3,rel32-call/jmp,1,ret+int3,
0x00132130,1,rel32-call/jmp,1,ret+int3,
0x00133090,3,rel32-call/jmp,1,ret+int3,
0x001330A0,1,rel32-call/jmp,1,ret+int3,
0x001330B0,1,rel32-call/jmp,1,ret+int3,
0x001330C0,1,rel32-call/jmp,1,ret+int3,
0x001330D0,1,rel32-call/jmp,1,ret+int3,
0x00133180,3,rel32-call/jmp,1,ret+int3,
0x00133190,1,rel32-call/jmp,1,ret+int3,
0x001331A0,1,rel32-call/jmp,1,ret+int3,
0x001338F0,1,rel32-call/jmp,1,ret+int3,
0x00133900,1,rel32-call/jmp,1,ret+int3,
0x00133910,1,rel32-call/jmp,1,ret+int3,
0x00133990,1,rel32-call/jmp,1,ret+int3,
0x001339F0,3,rel32-call/jmp,1,ret+int3,
0x00133A00,3,rel32-call/jmp,1,ret+int3,
0x00133A20,1,rel32-call/jmp,1,ret+int3,
0x00133A30,1,rel32-call/jmp,1,ret+int3,
0x00133AB0,3,rel32-call/jmp,1,ret+int3,
0x00133AC0,3,rel32-call/jmp,1,ret+int3,
0x00133B40,3,rel32-call/jmp,1,ret+int3,
0x00133B50,1,rel32-call/jmp,1,ret+int3,
0x00133B60,3,rel32-call/jmp,1,ret+int3,
0x00133C30,15,rel32-call/jmp,1,ret+int3,
0x00133D10,1,rel32-call/jmp,1,ret+int3,
0x00134130,49,rel32-call/jmp,1,ret+int3,
0x00134230,50,rel32-call/jmp,1,ret+int3,
0x00134420,49,rel32-call/jmp,1,ret+int3,
0x001346C0,1,rel32-call/jmp,1,ret+int3,
0x00134720,46,rel32-call/jmp,1,ret+int3,
0x00134790,1,rel32-call/jmp,1,ret+int3,
0x001347A0,1,rel32-call/jmp,1,ret+int3,
0x00134830,1,rel32-call/jmp,1,ret+int3,
0x00134F50,1,rel32-call/jmp,1,ret+int3,
0x00134F60,1,rel32-call/jmp,1,ret+int3,
0x00135390,1,rel32-call/jmp,1,ret+int3,
0x00135830,1,rel32-call/jmp,1,ret+int3,
0x00135840,1,rel32-call/jmp,1,ret+int3,
0x00136A00,313,rel32-call/jmp;ghidra-start,1,ghidra-size,FUN_00536a00
0x001373D0,179,rel32-call/jmp;ghidra-start,1,ghidra-size,FUN_005373d0
0x00139B40,350,rel32-call/jmp;ghidra-start,1,ghidra-size,FUN_00539b40
0x00139FB0,4,rel32-call/jmp,1,ret+int3,
0x00139FE0,4,rel32-call/jmp,1,ret+int3,
0x0013A060,3,rel32-call/jmp,1,ret+int3,
0x0013A070,53,rel32-call/jmp,1,ret+int3,
0x0013A280,1,rel32-call/jmp,1,ret+int3,
0x0013A290,1,rel32-call/jmp,1,ret+int3,
0x0013A300,4,rel32-call/jmp,1,ret+int3,
0x0013A310,13,rel32-call/jmp,1,ret+int3,
0x0013A320,29,rel32-call/jmp,1,ret+int3,
0x0013A350,1,rel32-call/jmp,1,ret+int3,
0x0013A390,1,rel32-call/jmp,1,ret+int3,
0x0013A3A0,1,rel32-call/jmp,1,ret+int3,
0x0013A3B0,1,rel32-call/jmp,1,ret+int3,
0x0013A3C0,1,rel32-call/jmp,1,ret+int3,
0x0013A3D0,1,rel32-call/jmp,1,ret+int3,
0x0013A3E0,1,rel32-call/jmp,1,ret+int3,
0x0013A9F0,1,rel32-call/jmp,1,ret+int3,
0x0013BB90,181,rel32-call/jmp;ghidra-start,1,ghidra-size,FUN_0053bb90
0x0013BC80,181,rel32-call/jmp;ghidra-start,1,ghidra-size,FUN_0053bc80
0x0013C2D0,220,rel32-call/jmp;ghidra-start,1,ghidra-size,FUN_0053c2d0
0x0013C720,1334,rel32-call/jmp;ghidra-start,1,ghidra-size,FUN_0053c720
0x0013CDB0,4,rel32-call/jmp,1,ret+int3,
0x0013CF20,3,rel32-call/jmp,1,ret+int3,
0x0013CF60,4,rel32-call/jmp,1,ret+int3,
0x0013CF70,3,rel32-call/jmp,1,ret+int3,
0x0013CF80,1,rel32-call/jmp,1,ret+int3,
0x0013CF90,3,rel32-call/jmp,1,ret+int3,
0x0013CFA0,1,rel32-call/jmp,1,ret+int3,
0x0013CFD0,3,rel32-call/jmp,1,ret+int3,
0x0013CFE0,1,rel32-call/jmp,1,ret+int3,
0x0013CFF0,3,rel32-call/jmp,1,ret+int3,
0x0013D000,1,rel32-call/jmp,1,ret+int3,
0x0013D010,3,rel32-call/jmp,1,ret+int3,
0x0013D020,1,rel32-call/jmp,1,ret+int3,
0x0013D120,3,rel32-call/jmp,1,ret+int3,
0x0013D130,1,rel32-call/jmp,1,ret+int3,
0x0013D190,3,rel32-call/jmp,1,ret+int3,
0x0013D1A0,1,rel32-call/jmp,1,ret+int3,
0x0013D1B0,3,rel32-call/jmp,1,ret+int3,
0x0013D1C0,1,rel32-call/jmp,1,ret+int3,
0x0013D1E0,3,rel32-call/jmp,1,ret+int3,
0x0013D1F0,1,rel32-call/jmp,1,ret+int3,
0x0013D230,3,rel32-call/jmp,1,ret+int3,
0x0013D240,1,rel32-call/jmp,1,ret+int3,
0x0013D2A0,6,rel32-call/jmp,1,ret+int3,
0x0013D2F0,3,rel32-call/jmp,1,ret+int3,
0x0013D310,6,rel32-call/jmp,1,ret+int3,
0x0013D350,6,rel32-call/jmp,1,ret+int3,
0x0013D370,6,rel32-call/jmp,1,ret+int3,
0x0013D380,1,rel32-call/jmp,1,ret+int3,
0x0013D390,1,rel32-call/jmp,1,ret+int3,
0x0013D3A0,1,rel32-call/jmp,1,ret+int3,
0x0013D3B0,1,rel32-call/jmp,1,ret+int3,
0x0013D3C0,1,rel32-call/jmp,1,ret+int3,
0x0013D430,1,rel32-call/jmp,1,ret+int3,
0x0013D480,1,rel32-call/jmp,1,ret+int3,
0x0013D490,1,rel32-call/jmp,1,ret+int3,
0x0013D4B0,1,rel32-call/jmp,1,ret+int3,
0x0013D4D0,1,rel32-call/jmp,1,ret+int3,
0x0013D550,6,rel32-call/jmp,1,ret+int3,
0x0013D590,6,rel32-call/jmp,1,ret+int3,
0x0013D670,3,rel32-call/jmp,1,ret+int3,
0x0013D680,1,rel32-call/jmp,1,ret+int3,
0x0013D880,11,rel32-call/jmp,1,ret+int3,
0x0013D910,1,rel32-call/jmp,1,ret+int3,
0x0013D950,1,rel32-call/jmp,1,ret+int3,
0x0013DC90,4,rel32-call/jmp,1,ret+int3,
0x0013DCC0,4,rel32-call/jmp,1,ret+int3,
0x0013DCF0,4,rel32-call/jmp,1,ret+int3,
0x0013DD20,4,rel32-call/jmp,1,ret+int3,
0x0013E120,1,rel32-call/jmp,1,ret+int3,
0x0013E6B0,1,rel32-call/jmp,1,ret+int3,
0x0013E6C0,1,rel32-call/jmp,1,ret+int3,
0x0013E6D0,1,rel32-call/jmp,1,ret+int3,
0x0013E6E0,1,rel32-call/jmp,1,ret+int3,
0x0013E6F0,1,rel32-call/jmp,1,ret+int3,
0x0013EA40,1,rel32-call/jmp,1,ret+int3,
0x0013FE10,475,rel32-call/jmp;ghidra-start,1,ghidra-size,FUN_0053fe10
0x00142250,198,rel32-call/jmp;ghidra-start,1,ghidra-size,FUN_00542250
0x00143E50,343,rel32-call/jmp;ghidra-start,1,ghidra-size,FUN_00543e50
0x00145030,22,rel32-call/jmp,1,ret+int3,
0x00145050,21,rel32-call/jmp,1,ret+int3,
0x00146BA0,842,rel32-call/jmp;ghidra-start,1,ghidra-size,FUN_00546ba0
0x00148700,4,rel32-call/jmp,1,ret+int3,
0x00148720,4,rel32-call/jmp,1,ret+int3,
0x001487D0,1,rel32-call/jmp,1,ret+int3,
0x001487E0,3,rel32-call/jmp,1,ret+int3,
0x001487F0,1,rel32-call/jmp,1,ret+int3,
0x00149470,1932,rel32-call/jmp;ghidra-start,1,ghidra-size,FUN_00549470
0x0014A850,3,rel32-call/jmp,1,ret+int3,
0x0014A860,1,rel32-call/jmp,1,ret+int3,
0x0014A880,3,rel32-call/jmp,1,ret+int3,
0x0014A890,1,rel32-call/jmp,1,ret+int3,
0x0014A8A0,3,rel32-call/jmp,1,ret+int3,
0x0014A8C0,6,rel32-call/jmp,1,ret+int3,
0x0014A8F0,1,rel32-call/jmp,1,ret+int3,
0x0014A900,1,rel32-call/jmp,1,ret+int3,
0x0014A950,1,rel32-call/jmp,1,ret+int3,
0x0014A9F0,6,rel32-call/jmp,1,ret+int3,
0x0014AD70,1,rel32-call/jmp,1,ret+int3,
0x0014B490,1,rel32-call/jmp,1,ret+int3,
0x0014B4A0,1,rel32-call/jmp,1,ret+int3,
0x0014C290,1,rel32-call/jmp,1,ret+int3,
0x0014C2C0,179,rel32-call/jmp;ghidra-start,1,ghidra-size,FUN_0054c2c0
0x0014CA60,709,rel32-call/jmp;ghidra-start,1,ghidra-size,FUN_0054ca60
0x0014DAB0,1115,rel32-call/jmp;ghidra-start,1,ghidra-size,FUN_0054dab0
0x0014E600,4,rel32-call/jmp,1,ret+int3,
0x0014E6A0,1,rel32-call/jmp,1,ret+int3,
0x0014F3C0,1,rel32-call/jmp,1,ret+int3,
0x0014F470,1,rel32-call/jmp,1,ret+int3,
0x0014F760,1,rel32-call/jmp,1,ret+int3,
0x0014FD80,7,rel32-call/jmp,1,ret+int3,
0x0014FED0,4,rel32-call/jmp,1,ret+int3,
0x0014FEE0,4,rel32-call/jmp,1,ret+int3,
0x0014FEF0,4,rel32-call/jmp,1,ret+int3,
0x0014FF00,4,rel32-call/jmp,1,ret+int3,
0x00150030,7,rel32-call/jmp,1,ret+int3,
0x00150040,7,rel32-call/jmp,1,ret+int3,
0x00150050,13,rel32-call/jmp,1,ret+int3,
0x00150060,7,rel32-call/jmp,1,ret+int3,
0x00150070,4,rel32-call/jmp,1,ret+int3,
0x001501D0,3,rel32-call/jmp,1,ret+int3,
0x001501E0,4,rel32-call/jmp,1,ret+int3,
0x00150230,3,rel32-call/jmp,1,ret+int3,
0x00150240,1,rel32-call/jmp,1,ret+int3,
0x00150250,3,rel32-call/jmp,1,ret+int3,
0x00150270,6,rel32-call/jmp,1,ret+int3,
0x00150290,4,rel32-call/jmp,1,ret+int3,
0x00150310,1,rel32-call/jmp,1,ret+int3,
0x00150460,1,rel32-call/jmp,1,ret+int3,
0x00150690,4,rel32-call/jmp,1,ret+int3,
0x001506C0,4,rel32-call/jmp,1,ret+int3,
0x001507C0,1,rel32-call/jmp,1,ret+int3,
0x00150BE0,127,rel32-call/jmp;ghidra-start,1,ghidra-size,FUN_00550be0
0x001515C0,185,rel32-call/jmp,1,ret+int3,
0x00151CF0,1,rel32-call/jmp,1,ret+int3,
0x00154F00,958,rel32-call/jmp;ghidra-start,1,ghidra-size,FUN_00554f00
0x00155B90,406,rel32-call/jmp;ghidra-start,1,ghidra-size,FUN_00555b90
0x00155DA0,568,rel32-call/jmp;ghidra-start,1,ghidra-size,FUN_00555da0
0x001560D0,318,rel32-call/jmp;ghidra-start,1,ghidra-size,FUN_005560d0
0x00156C60,3139,rel32-call/jmp;ghidra-start,1,ghidra-size,FUN_00556c60
0x00157BE0,2920,rel32-call/jmp;ghidra-start,1,ghidra-size,FUN_00557be0
0x00158A40,3128,rel32-call/jmp;ghidra-start,1,ghidra-size,FUN_00558a40
0x00159AD0,1091,rel32-call/jmp;ghidra-start,1,ghidra-size,FUN_00559ad0
0x0015A390,314,rel32-call/jmp;ghidra-start,1,ghidra-size,FUN_0055a390
0x0015B770,4,rel32-call/jmp,1,ret+int3,
0x0015B780,4,rel32-call/jmp,1,ret+int3,
0x0015B790,4,rel32-call/jmp,1,ret+int3,
0x0015B7A0,4,rel32-call/jmp,1,ret+int3,
0x0015B7C0,4,rel32-call/jmp,1,ret+int3,
0x0015B7D0,4,rel32-call/jmp,1,ret+int3,
0x0015B7E0,4,rel32-call/jmp,1,ret+int3,
0x0015B7F0,4,rel32-call/jmp,1,ret+int3,
0x0015B800,4,rel32-call/jmp,1,ret+int3,
0x0015B810,4,rel32-call/jmp,1,ret+int3,
0x0015B820,4,rel32-call/jmp,1,ret+int3,
0x0015B900,4,rel32-call/jmp,1,ret+int3,
0x0015B9E0,1,rel32-call/jmp,1,ret+int3,
0x0015BC20,1,rel32-call/jmp,1,ret+int3,
0x0015BCA0,3,rel32-call/jmp,1,ret+int3,
0x0015BD00,3,rel32-call/jmp,1,ret+int3,
0x0015BEE0,1,rel32-call/jmp,1,ret+int3,
0x0015CFA0,1,rel32-call/jmp,1,ret+int3,
0x0015E6C0,4,rel32-call/jmp,1,ret+int3,
0x0015E6D0,4,rel32-call/jmp,1,ret+int3,
0x0015E6F0,4,rel32-call/jmp,1,ret+int3,
0x0015E700,4,rel32-call/jmp,1,ret+int3,
0x0015E710,4,rel32-call/jmp,1,ret+int3,
0x0015E850,1,rel32-call/jmp,1,ret+int3,
0x0015E8A0,1,rel32-call/jmp,1,ret+int3,
0x0015E9D0,1,rel32-call/jmp,1,ret+int3,
0x0015F6C0,4,rel32-call/jmp,1,ret+int3,
0x0015F6E0,4,rel32-call/jmp,1,ret+int3,
0x0015F6F0,4,rel32-call/jmp,1,ret+int3,
0x0015F700,4,rel32-call/jmp,1,ret+int3,
0x0015F710,4,rel32-call/jmp,1,ret+int3,
0x0015F720,4,rel32-call/jmp,1,ret+int3,
0x0015F750,1,rel32-call/jmp,1,ret+int3,
0x0015FD40,1,rel32-call/jmp,1,ret+int3,
0x0015FD60,3,rel32-call/jmp,1,ret+int3,
0x0015FE00,1,rel32-call/jmp,1,ret+int3,
0x0015FE70,1,rel32-call/jmp,1,ret+int3,
0x00160480,7,rel32-call/jmp,1,ret+int3,
0x001604A0,4,rel32-call/jmp,1,ret+int3,
0x001604B0,4,rel32-call/jmp,1,ret+int3,
0x00160500,27,rel32-call/jmp,1,ret-tail,
0x001605C0,1,rel32-call/jmp,1,ret+int3,
0x001605F0,27,rel32-call/jmp,1,ret-tail,
0x001606B0,1,rel32-call/jmp,1,ret+int3,
0x001606C0,4,rel32-call/jmp,1,ret+int3,
0x00160880,1,rel32-call/jmp,1,ret+int3,
0x00160890,4,rel32-call/jmp,1,ret+int3,
0x00160A50,1,rel32-call/jmp,1,ret+int3,
0x00160A60,4,rel32-call/jmp,1,ret+int3,
0x00160A70,4,rel32-call/jmp,1,ret+int3,
0x00160A80,4,rel32-call/jmp,1,ret+int3,
0x00160A90,4,rel32-call/jmp,1,ret+int3,
0x00160AB0,4,rel32-call/jmp,1,ret+int3,
0x00160B90,4,rel32-call/jmp,1,ret+int3,
0x00160BA0,4,rel32-call/jmp,1,ret+int3,
0x00160E00,3,rel32-call/jmp,1,ret+int3,
0x00160E10,3,rel32-call/jmp,1,ret+int3,
0x00160E30,1,rel32-call/jmp,1,ret+int3,
0x00160F60,1,rel32-call/jmp,1,ret+int3,
0x00161170,3,rel32-call/jmp,1,ret+int3,
0x00161180,3,rel32-call/jmp,1,ret+int3,
0x001611D0,1,rel32-call/jmp,1,ret+int3,
0x00161550,1031,rel32-call/jmp;ghidra-start,1,ghidra-size,FUN_00561550
0x00163F10,421,rel32-call/jmp;ghidra-start,1,ghidra-size,FUN_00563f10
0x001649B0,486,rel32-call/jmp,1,ret+int3,
0x00164C10,883,rel32-call/jmp;ghidra-start,1,ghidra-size,FUN_00564c10
0x00166A80,887,rel32-call/jmp;ghidra-start,1,ghidra-size,FUN_00566a80
0x00168650,4,rel32-call/jmp,1,ret+int3,
0x001686E0,3,rel32-call/jmp,1,ret+int3,
0x001686F0,1,rel32-call/jmp,1,ret+int3,
0x001688E0,1,rel32-call/jmp,1,ret+int3,
0x00168AE0,486,rel32-call/jmp,1,ret+int3,
0x0016A180,4,rel32-call/jmp,1,ret+int3,
0x0016A1E0,4,rel32-call/jmp,1,ret+int3,
0x0016A1F0,4,rel32-call/jmp,1,ret+int3,
0x0016A200,3,rel32-call/jmp,1,ret+int3,
0x0016A230,4,rel32-call/jmp,1,ret+int3,
0x0016A480,4,rel32-call/jmp,1,ret+int3,
0x0016A5A0,4,rel32-call/jmp,1,ret+int3,
0x0016A6C0,4,rel32-call/jmp,1,ret+int3,
0x0016A740,7,rel32-call/jmp,1,ret+int3,
0x0016A7D0,8,rel32-call/jmp,1,ret+int3,
0x0016A820,7,rel32-call/jmp,1,ret+int3,
0x0016A840,4,rel32-call/jmp,1,ret+int3,
0x0016A850,4,rel32-call/jmp,1,ret+int3,
0x0016A860,4,rel32-call/jmp,1,ret+int3,
0x0016A870,4,rel32-call/jmp,1,ret+int3,
0x0016A890,4,rel32-call/jmp,1,ret+int3,
0x0016A8A0,4,rel32-call/jmp,1,ret+int3,
0x0016A900,4,rel32-call/jmp,1,ret+int3,
0x0016A910,4,rel32-call/jmp,1,ret+int3,
0x0016A920,4,rel32-call/jmp,1,ret+int3,
0x0016AD40,3,rel32-call/jmp,1,ret+int3,
0x0016AEC0,4,rel32-call/jmp,1,ret+int3,
0x0016AED0,4,rel32-call/jmp,1,ret+int3,
0x0016B920,3,rel32-call/jmp,1,ret+int3,
0x0016B930,1,rel32-call/jmp,1,ret+int3,
0x0016C980,3,rel32-call/jmp,1,ret+int3,
0x0016D3A0,3,rel32-call/jmp,1,ret+int3,
0x0016D440,3,rel32-call/jmp,1,ret+int3,
0x0016D580,3,rel32-call/jmp,1,ret+int3,
0x0016D710,3,rel32-call/jmp,1,ret+int3,
0x0016E1D0,4,rel32-call/jmp,1,ret+int3,
0x0016E1E0,3,rel32-call/jmp,1,ret+int3,
0x0016E2E0,3,rel32-call/jmp,1,ret+int3,
0x0016E330,3,rel32-call/jmp,1,ret+int3,
0x0016E340,3,rel32-call/jmp,1,ret+int3,
0x001709E0,100,rel32-call/jmp;ghidra-start,1,ghidra-size,FUN_005709e0
0x00170E70,1,rel32-call/jmp,1,ret+int3,
0x00170E90,3,rel32-call/jmp,1,ret+int3,
0x00170EE0,3,rel32-call/jmp,1,ret+int3,
0x00170F00,1,rel32-call/jmp,1,ret+int3,
0x00170F20,3,rel32-call/jmp,1,ret+int3,
0x00170F70,3,rel32-call/jmp,1,ret+int3,
0x00170F80,3,rel32-call/jmp,1,ret+int3,
0x00170F90,3,rel32-call/jmp,1,ret+int3,
0x00170FB0,3,rel32-call/jmp,1,ret+int3,
0x00171000,3,rel32-call/jmp,1,ret+int3,
0x00171010,3,rel32-call/jmp,1,ret+int3,
0x00171020,3,rel32-call/jmp,1,ret+int3,
0x00171030,3,rel32-call/jmp,1,ret+int3,
0x00171050,3,rel32-call/jmp,1,ret+int3,
0x00171240,3,rel32-call/jmp,1,ret+int3,
0x001712B0,3,rel32-call/jmp,1,ret+int3,
0x00171320,3,rel32-call/jmp,1,ret+int3,
0x00171410,3,rel32-call/jmp,1,ret+int3,
0x00171580,3,rel32-call/jmp,1,ret+int3,
0x00171600,3,rel32-call/jmp,1,ret+int3,
0x00171720,3,rel32-call/jmp,1,ret+int3,
0x00171730,3,rel32-call/jmp,1,ret+int3,
0x00171800,3,rel32-call/jmp,1,ret+int3,
0x00171880,3,rel32-call/jmp,1,ret+int3,
0x00172130,3,rel32-call/jmp,1,ret+int3,
0x00174210,334,rel32-call/jmp,1,ret+int3,
0x00174510,3,rel32-call/jmp,1,ret+int3,
0x00174800,328,rel32-call/jmp,1,ret+int3,
0x001795D0,3,rel32-call/jmp,1,ret+int3,
0x00179740,663,rel32-call/jmp;ghidra-start,1,ghidra-size,FUN_00579740
0x0017C9B0,1,rel32-call/jmp,1,ret+int3,
0x0017C9C0,4,rel32-call/jmp,1,ret+int3,
0x0017C9E0,4,rel32-call/jmp,1,ret+int3,
0x0017C9F0,4,rel32-call/jmp,1,ret+int3,
0x0017FA00,3,rel32-call/jmp,1,ret+int3,
0x0017FAE0,3,rel32-call/jmp,1,ret+int3,
0x00180040,6,rel32-call/jmp,1,ret+int3,
0x00180050,46,rel32-call/jmp,1,ret+int3,
0x00182360,888,rel32-call/jmp,1,ret+int3,
0x00183BF0,3,rel32-call/jmp,1,ret+int3,
0x00183D90,3,rel32-call/jmp,1,ret+int3,
0x00189A60,4,rel32-call/jmp,1,ret+int3,
0x00189A70,4,rel32-call/jmp,1,ret+int3,
0x00189A80,4,rel32-call/jmp,1,ret+int3,
0x00189A90,4,rel32-call/jmp,1,ret+int3,
0x00189AA0,4,rel32-call/jmp,1,ret+int3,
0x00189AB0,4,rel32-call/jmp,1,ret+int3,
0x00189AC0,4,rel32-call/jmp,1,ret+int3,
0x00189AD0,4,rel32-call/jmp,1,ret+int3,
0x00189B10,1,rel32-call/jmp,1,ret+int3,
0x00189BF0,1,rel32-call/jmp,1,ret+int3,
0x00189CF0,3,rel32-call/jmp,1,ret+int3,
0x00189D50,3,rel32-call/jmp,1,ret+int3,
0x0018ACE0,1,rel32-call/jmp,1,ret+int3,
0x0018C110,4,rel32-call/jmp,1,ret+int3,
0x0018C130,4,rel32-call/jmp,1,ret+int3,
0x0018C140,4,rel32-call/jmp,1,ret+int3,
0x0018C220,4,rel32-call/jmp,1,ret+int3,
0x0018C230,4,rel32-call/jmp,1,ret+int3,
0x0018C2E0,1,rel32-call/jmp,1,ret+int3,
0x0018CA60,3,rel32-call/jmp,1,ret+int3,
0x0018CA70,1,rel32-call/jmp,1,ret+int3,
0x0018CA80,3,rel32-call/jmp,1,ret+int3,
0x0018CA90,3,rel32-call/jmp,1,ret+int3,
0x0018CAA0,3,rel32-call/jmp,1,ret+int3,
0x0018CD10,3,rel32-call/jmp,1,ret+int3,
0x0018CDE0,3,rel32-call/jmp,1,ret+int3,
0x0018CDF0,4,rel32-call/jmp,1,ret+int3,
0x0018D980,1,rel32-call/jmp,1,ret+int3,
0x0018D9F0,1,rel32-call/jmp,1,ret+int3,
0x0018DA50,1,rel32-call/jmp,1,ret+int3,
0x0018DA70,3,rel32-call/jmp,1,ret+int3,
0x0018DAC0,1,rel32-call/jmp,1,ret+int3,
0x0018DAE0,3,rel32-call/jmp,1,ret+int3,
0x0018DB40,1,rel32-call/jmp,1,ret+int3,
0x0018EC60,3,rel32-call/jmp,1,ret+int3,
0x0018EC90,4,rel32-call/jmp,1,ret+int3,
0x0018ECD0,4,rel32-call/jmp,1,ret+int3,
0x0018ECE0,4,rel32-call/jmp,1,ret+int3,
0x0018ECF0,4,rel32-call/jmp,1,ret+int3,
0x0018ED00,4,rel32-call/jmp,1,ret+int3,
0x0018ED10,4,rel32-call/jmp,1,ret+int3,
0x0018ED20,4,rel32-call/jmp,1,ret+int3,
0x0018ED30,4,rel32-call/jmp,1,ret+int3,
0x0018ED40,4,rel32-call/jmp,1,ret+int3,
0x0018ED50,4,rel32-call/jmp,1,ret+int3,
0x0018EF90,124,rel32-call/jmp,1,ret+int3,
0x00190700,1432,rel32-call/jmp;ghidra-start,1,ghidra-size,FUN_00590700
0x00190F10,398,rel32-call/jmp,1,ret+int3,
0x001913E0,4,rel32-call/jmp,1,ret+int3,
0x001913F0,4,rel32-call/jmp,1,ret+int3,
0x00191400,4,rel32-call/jmp,1,ret+int3,
0x001914D0,4,rel32-call/jmp,1,ret+int3,
0x001914E0,4,rel32-call/jmp,1,ret+int3,
0x001914F0,4,rel32-call/jmp,1,ret+int3,
0x00191500,4,rel32-call/jmp,1,ret+int3,
0x001919A0,3,rel32-call/jmp,1,ret+int3,
0x001919B0,1,rel32-call/jmp,1,ret+int3,
0x001919E0,3,rel32-call/jmp,1,ret+int3,
0x001919F0,1,rel32-call/jmp,1,ret+int3,
0x00191A30,6,rel32-call/jmp,1,ret+int3,
0x00191AB0,3,rel32-call/jmp,1,ret+int3,
0x00191AC0,1,rel32-call/jmp,1,ret+int3,
0x00191B20,3,rel32-call/jmp,1,ret+int3,
0x00191B30,1,rel32-call/jmp,1,ret+int3,
0x00191B40,3,rel32-call/jmp,1,ret+int3,
0x00191B50,1,rel32-call/jmp,1,ret+int3,
0x00191B70,3,rel32-call/jmp,1,ret+int3,
0x00191B80,1,rel32-call/jmp,1,ret+int3,
0x00191B90,3,rel32-call/jmp,1,ret+int3,
0x00191BC0,3,rel32-call/jmp,1,ret+int3,
0x00191BD0,1,rel32-call/jmp,1,ret+int3,
0x00191BE0,3,rel32-call/jmp,1,ret+int3,
0x00191BF0,1,rel32-call/jmp,1,ret+int3,
0x00191C50,6,rel32-call/jmp,1,ret+int3,
0x00191C90,3,rel32-call/jmp,1,ret+int3,
0x00191CA0,1,rel32-call/jmp,1,ret+int3,
0x00191CB0,1,rel32-call/jmp,1,ret+int3,
0x00191CC0,1,rel32-call/jmp,1,ret+int3,
0x00191CD0,1,rel32-call/jmp,1,ret+int3,
0x00191CE0,1,rel32-call/jmp,1,ret+int3,
0x00191D50,1,rel32-call/jmp,1,ret+int3,
0x00191E00,1,rel32-call/jmp,1,ret+int3,
0x00191E40,1,rel32-call/jmp,1,ret+int3,
0x00191EB0,1,rel32-call/jmp,1,ret+int3,
0x00192180,1,rel32-call/jmp,1,ret+int3,
0x00192330,4,rel32-call/jmp,1,ret+int3,
0x00192570,3,rel32-call/jmp,1,ret+int3,
0x00192590,1,rel32-call/jmp,1,ret+int3,
0x00192F50,1,rel32-call/jmp,1,ret+int3,
0x00192F60,1,rel32-call/jmp,1,ret+int3,
0x00192F70,1,rel32-call/jmp,1,ret+int3,
0x00192F80,1,rel32-call/jmp,1,ret+int3,
0x00193BC0,1,rel32-call/jmp,1,ret+int3,
0x00195240,41,rel32-call/jmp,1,ret+int3,
0x00195330,45,rel32-call/jmp,1,ret+int3,
0x00195450,1,rel32-call/jmp,1,ret+int3,
0x00195B50,1,rel32-call/jmp,1,ret+int3,
0x00195C40,181,rel32-call/jmp;ghidra-start,1,ghidra-size,FUN_00595c40
0x00197430,63,rel32-call/jmp,1,ret+int3,
0x00199B20,267,rel32-call/jmp;ghidra-start,1,ghidra-size,FUN_00599b20
0x0019A2D0,311,rel32-call/jmp;ghidra-start,1,ghidra-size,FUN_0059a2d0
0x0019B360,276,rel32-call/jmp;ghidra-start,1,ghidra-size,FUN_0059b360
0x0019BF40,1194,rel32-call/jmp;ghidra-start,1,ghidra-size,FUN_0059bf40
0x0019D2E0,232,rel32-call/jmp;ghidra-start,1,ghidra-size,FUN_0059d2e0
0x0019E030,281,rel32-call/jmp;ghidra-start,1,ghidra-size,FUN_0059e030
0x001A0390,2079,rel32-call/jmp;ghidra-start,1,ghidra-size,FUN_005a0390
0x001A0DE0,3,rel32-call/jmp,1,ret+int3,
0x001A12D0,306,rel32-call/jmp;ghidra-start,1,ghidra-size,FUN_005a12d0
0x001A19E0,4,rel32-call/jmp,1,ret+int3,
0x001A19F0,4,rel32-call/jmp,1,ret+int3,
0x001A1A00,4,rel32-call/jmp,1,ret+int3,
0x001A1A80,4,rel32-call/jmp,1,ret+int3,
0x001A1AA0,4,rel32-call/jmp,1,ret+int3,
0x001A1AB0,4,rel32-call/jmp,1,ret+int3,
0x001A1B10,4,rel32-call/jmp,1,ret+int3,
0x001A1DA0,4,rel32-call/jmp,1,ret+int3,
0x001A1DC0,4,rel32-call/jmp,1,ret+int3,
0x001A1DF0,34,rel32-call/jmp,1,jmp+int3,
0x001A2010,1,rel32-call/jmp,1,ret+int3,
0x001A3180,1,rel32-call/jmp,1,ret+int3,
0x001A3350,1,rel32-call/jmp,1,ret+int3,
0x001A3360,1,rel32-call/jmp,1,ret+int3,
0x001A34A0,3,rel32-call/jmp,1,ret+int3,
0x001A34B0,3,rel32-call/jmp,1,ret+int3,
0x001A4190,3,rel32-call/jmp,1,ret+int3,
0x001A41A0,1,rel32-call/jmp,1,ret+int3,
0x001A41D0,3,rel32-call/jmp,1,ret+int3,
0x001A41E0,1,rel32-call/jmp,1,ret+int3,
0x001A4260,3,rel32-call/jmp,1,ret+int3,
0x001A4270,1,rel32-call/jmp,1,ret+int3,
0x001A42A0,3,rel32-call/jmp,1,ret+int3,
0x001A42B0,3,rel32-call/jmp,1,ret+int3,
0x001A42C0,1,rel32-call/jmp,1,ret+int3,
0x001A42E0,6,rel32-call/jmp,1,ret+int3,
0x001A4320,1,rel32-call/jmp,1,ret+int3,
0x001A4330,1,rel32-call/jmp,1,ret+int3,
0x001A4380,1,rel32-call/jmp,1,ret+int3,
0x001A4450,1,rel32-call/jmp,1,ret+int3,
0x001A5B00,4,rel32-call/jmp,1,ret+int3,
0x001A5B90,1,rel32-call/jmp,1,ret+int3,
0x001A5C80,1,rel32-call/jmp,1,ret+int3,
0x001A6C90,1,rel32-call/jmp,1,ret+int3,
0x001A6CA0,1,rel32-call/jmp,1,ret+int3,
0x001A6F20,1,rel32-call/jmp,1,ret+int3,
0x001A6F50,1,rel32-call/jmp,1,ret+int3,
0x001A8770,1,rel32-call/jmp,1,ret+int3,
0x001A87B0,1,rel32-call/jmp,1,ret+int3,
0x001A8820,718,rel32-call/jmp,1,ret+int3,
0x001A9110,516,rel32-call/jmp;ghidra-start,1,ghidra-size,FUN_005a9110
0x001A9570,1,rel32-call/jmp,1,ret+int3,
0x001A9720,1,rel32-call/jmp,1,ret+int3,
0x001AB5C0,1,rel32-call/jmp,1,ret+int3,
0x001ACA90,337,rel32-call/jmp;ghidra-start,1,ghidra-size,FUN_005aca90
0x001AD370,1501,rel32-call/jmp;ghidra-start,1,ghidra-size,FUN_005ad370
0x001ADD30,4,rel32-call/jmp,1,ret+int3,
0x001ADF10,462,rel32-call/jmp;ghidra-start,1,ghidra-size,FUN_005adf10
0x001AE1E0,550,rel32-call/jmp;ghidra-start,1,ghidra-size,FUN_005ae1e0
0x001AFBA0,4,rel32-call/jmp,1,ret+int3,
0x001AFD40,3,rel32-call/jmp,1,ret+int3,
0x001AFD50,1,rel32-call/jmp,1,ret+int3,
0x001AFD90,1,rel32-call/jmp,1,ret+int3,
0x001AFE50,1,rel32-call/jmp,1,ret+int3,
0x001AFE90,4,rel32-call/jmp,1,ret+int3,
0x001AFF10,1,rel32-call/jmp,1,ret+int3,
0x001B08A0,1,rel32-call/jmp,1,ret+int3,
0x001B08B0,1,rel32-call/jmp,1,ret+int3,
0x001B08C0,1,rel32-call/jmp,1,ret+int3,
0x001B0CD0,3,rel32-call/jmp,1,ret+int3,
0x001B1200,1,rel32-call/jmp,1,ret+int3,
0x001B1AD0,236,rel32-call/jmp;ghidra-start,1,ghidra-size,FUN_005b1ad0
0x001B1C90,520,rel32-call/jmp;ghidra-start,1,ghidra-size,FUN_005b1c90
0x001B1F30,4,rel32-call/jmp,1,ret+int3,
0x001B1F40,4,rel32-call/jmp,1,ret+int3,
0x001B1F60,4,rel32-call/jmp,1,ret+int3,
0x001B1F70,4,rel32-call/jmp,1,ret+int3,
0x001B20A0,1,rel32-call/jmp,1,ret+int3,
0x001B20C0,4,rel32-call/jmp,1,ret+int3,
0x001B2AC0,3,rel32-call/jmp,1,ret+int3,
0x001B2AE0,3,rel32-call/jmp,1,ret+int3,
0x001B2F30,4,rel32-call/jmp,1,ret+int3,
0x001B3A60,4,rel32-call/jmp;ghidra-start,1,ghidra-size,FUN_005b3a60
0x001B3A70,4,rel32-call/jmp;ghidra-start,1,ghidra-size,FUN_005b3a70
0x001B3A80,4,rel32-call/jmp;ghidra-start,1,ghidra-size,FUN_005b3a80
0x001B3A90,1,rel32-call/jmp,1,ret+int3,
0x001B3AD0,1,rel32-call/jmp,1,ret+int3,
0x001B3DD0,1,rel32-call/jmp,1,ret+int3,
0x001B3F30,4,rel32-call/jmp,1,ret+int3,
0x001B3F50,4,rel32-call/jmp,1,ret+int3,
0x001B3F90,4,rel32-call/jmp,1,ret+int3,
0x001B3FA0,3,rel32-call/jmp,1,ret+int3,
0x001B3FC0,4,rel32-call/jmp,1,ret+int3,
0x001B3FD0,4,rel32-call/jmp,1,ret+int3,
0x001B4050,7,rel32-call/jmp,1,ret+int3,
0x001B40B0,13,rel32-call/jmp,1,ret+int3,
0x001B40C0,30,rel32-call/jmp,1,ret+int3,
0x001B4240,1,rel32-call/jmp,1,ret+int3,
0x001B46A0,4,rel32-call/jmp;ghidra-start,1,ghidra-size,FUN_005b46a0
0x001B4850,3,rel32-call/jmp,1,ret+int3,
0x001B4960,3,rel32-call/jmp,1,ret+int3,
0x001B4970,3,rel32-call/jmp,1,ret+int3,
0x001B4BD0,3,rel32-call/jmp,1,ret+int3,
0x001B4BE0,1,rel32-call/jmp,1,ret+int3,
0x001B4C10,6,rel32-call/jmp,1,ret+int3,
0x001B4CB0,3,rel32-call/jmp,1,ret+int3,
0x001B4CC0,1,rel32-call/jmp,1,ret+int3,
0x001B4CE0,3,rel32-call/jmp,1,ret+int3,
0x001B4CF0,1,rel32-call/jmp,1,ret+int3,
0x001B4D20,1,rel32-call/jmp,1,ret+int3,
0x001B4D30,1,rel32-call/jmp,1,ret+int3,
0x001B4DB0,1,rel32-call/jmp,1,ret+int3,
0x001B4E00,4,rel32-call/jmp,1,ret+int3,
0x001B4F30,1,rel32-call/jmp,1,ret+int3,
0x001B4F70,4,rel32-call/jmp,1,ret+int3,
0x001B5010,1,rel32-call/jmp,1,ret+int3,
0x001B5040,1,rel32-call/jmp,1,ret+int3,
0x001B5DB0,1,rel32-call/jmp,1,ret+int3,
0x001B5FE0,1,rel32-call/jmp,1,ret+int3,
0x001B6040,1,rel32-call/jmp,1,ret+int3,
0x001B6390,1,rel32-call/jmp,1,ret+int3,
0x001B6810,1,rel32-call/jmp,1,ret+int3,
0x001B68E0,1,rel32-call/jmp,1,ret+int3,
0x001B6CB0,1,rel32-call/jmp,1,ret+int3,
0x001B7030,1,rel32-call/jmp,1,ret+int3,
0x001B7480,1,rel32-call/jmp,1,ret+int3,
0x001BAAA0,567,rel32-call/jmp;ghidra-start,1,ghidra-size,FUN_005baaa0
0x001BB530,1330,rel32-call/jmp;ghidra-start,1,ghidra-size,FUN_005bb530
0x001BD330,4,rel32-call/jmp,1,ret+int3,
0x001BD3A0,7,rel32-call/jmp,1,ret+int3,
0x001BD460,29,rel32-call/jmp,1,ret+int3,
0x001BD530,1,rel32-call/jmp,1,ret+int3,
0x001BD610,4,rel32-call/jmp,1,ret+int3,
0x001BD6B0,7,rel32-call/jmp,1,ret+int3,
0x001BD6D0,27,rel32-call/jmp,1,ret+int3,
0x001BD720,4,rel32-call/jmp,1,ret+int3,
0x001BD730,4,rel32-call/jmp,1,ret+int3,
0x001BD740,4,rel32-call/jmp,1,ret+int3,
0x001BD750,3,rel32-call/jmp,1,ret+int3,
0x001BD7B0,4,rel32-call/jmp,1,ret+int3,
0x001BD7C0,4,rel32-call/jmp,1,ret+int3,
0x001BD7F0,4,rel32-call/jmp,1,ret+int3,
0x001BD800,4,rel32-call/jmp,1,ret+int3,
0x001BD8A0,4,rel32-call/jmp,1,ret+int3,
0x001BD930,4,rel32-call/jmp,1,ret+int3,
0x001BD940,4,rel32-call/jmp,1,ret+int3,
0x001BD950,4,rel32-call/jmp,1,ret+int3,
0x001BD970,4,rel32-call/jmp,1,ret+int3,
0x001BD9D0,4,rel32-call/jmp,1,ret+int3,
0x001BDAE0,4,rel32-call/jmp,1,ret+int3,
0x001BDBC0,7,rel32-call/jmp,1,ret+int3,
0x001BDCC0,4,rel32-call/jmp,1,ret+int3,
0x001BDCF0,4,rel32-call/jmp,1,ret+int3,
0x001BDD00,4,rel32-call/jmp,1,ret+int3,
0x001BDD10,3,rel32-call/jmp,1,ret+int3,
0x001BDD60,4,rel32-call/jmp,1,ret+int3,
0x001BDD70,4,rel32-call/jmp,1,ret+int3,
0x001BE0C0,1,rel32-call/jmp,1,ret+int3,
0x001BE7A0,36,rel32-call/jmp,1,ret+int3,
0x001BF480,1,rel32-call/jmp,1,ret+int3,
0x001BF550,1,rel32-call/jmp,1,ret+int3,
0x001C0180,3,rel32-call/jmp,1,ret+int3,
0x001C0190,1,rel32-call/jmp,1,ret+int3,
0x001C01F0,3,rel32-call/jmp,1,ret+int3,
0x001C0200,1,rel32-call/jmp,1,ret+int3,
0x001C0240,3,rel32-call/jmp,1,ret+int3,
0x001C0250,1,rel32-call/jmp,1,ret+int3,
0x001C0270,6,rel32-call/jmp,1,ret+int3,
0x001C0280,3,rel32-call/jmp,1,ret+int3,
0x001C0300,1,rel32-call/jmp,1,ret+int3,
0x001C03D0,44,rel32-call/jmp,1,ret+int3,
0x001C0470,44,rel32-call/jmp,1,ret+int3,
0x001C04D0,1,rel32-call/jmp,1,ret+int3,
0x001C05C0,1,rel32-call/jmp,1,ret+int3,
0x001C0710,4,rel32-call/jmp,1,ret+int3,
0x001C0720,4,rel32-call/jmp,1,ret+int3,
0x001C0B30,1,rel32-call/jmp,1,ret+int3,
0x001C2870,59,rel32-call/jmp;ghidra-start,1,ghidra-size,FUN_005c2870
0x001C2920,59,rel32-call/jmp;ghidra-start,1,ghidra-size,FUN_005c2920
0x001C29E0,1,rel32-call/jmp,1,ret+int3,
0x001C29F0,1,rel32-call/jmp,1,ret+int3,
0x001C3A00,73,rel32-call/jmp,1,ret+int3,
0x001C4710,79,rel32-call/jmp;ghidra-start,1,ghidra-size,FUN_005c4710
0x001C4CC0,454,rel32-call/jmp;ghidra-start,1,ghidra-size,FUN_005c4cc0
0x001C50B0,454,rel32-call/jmp;ghidra-start,1,ghidra-size,FUN_005c50b0
0x001C5340,1,rel32-call/jmp,1,ret+int3,
0x001C5410,1,rel32-call/jmp,1,ret+int3,
0x001C5A30,267,rel32-call/jmp;ghidra-start,1,ghidra-size,FUN_005c5a30
0x001C6780,1,rel32-call/jmp,1,ret+int3,
0x001C6870,933,rel32-call/jmp,1,ret+int3,
0x001C6E00,214,rel32-call/jmp,1,ret+int3,
0x001C7200,280,rel32-call/jmp;ghidra-start,1,ghidra-size,FUN_005c7200
0x001C7530,154,rel32-call/jmp;ghidra-start,1,ghidra-size,FUN_005c7530
0x001C7CF0,289,rel32-call/jmp;ghidra-start,1,ghidra-size,FUN_005c7cf0
0x001CB270,489,rel32-call/jmp;ghidra-start,1,ghidra-size,FUN_005cb270
0x001CB990,1,rel32-call/jmp,1,ret+int3,
0x001CBDC0,916,rel32-call/jmp;ghidra-start,1,ghidra-size,FUN_005cbdc0
0x001CF8F0,111,rel32-call/jmp;ghidra-start,1,ghidra-size,FUN_005cf8f0
0x001CFF30,532,rel32-call/jmp,1,ret+int3,
0x001D3E80,3,rel32-call/jmp,1,ret+int3,
0x001D3E90,1,rel32-call/jmp,1,ret+int3,
0x001D3EA0,4,rel32-call/jmp,1,ret+int3,
0x001D3EB0,4,rel32-call/jmp,1,ret+int3,
0x001D3EC0,4,rel32-call/jmp,1,ret+int3,
0x001D3EE0,7,rel32-call/jmp,1,ret+int3,
0x001D3EF0,4,rel32-call/jmp;ghidra-start,1,ghidra-size,FUN_005d3ef0
0x001D3F00,4,rel32-call/jmp,1,ret+int3,
0x001D3F10,4,rel32-call/jmp,1,ret+int3,
0x001D3FB0,4,rel32-call/jmp,1,ret+int3,
0x001D3FC0,4,rel32-call/jmp,1,ret+int3,
0x001D48A0,3975,rel32-call/jmp;ghidra-start,1,ghidra-size,FUN_005d48a0
0x001D5CD0,17,rel32-call/jmp,1,ret+int3,
0x001D5F20,3,rel32-call/jmp,1,ret+int3,
0x001D5F30,3,rel32-call/jmp,1,ret+int3,
0x001D5F80,3,rel32-call/jmp,1,ret+int3,
0x001D5FB0,4,rel32-call/jmp,1,ret+int3,
0x001D5FC0,3,rel32-call/jmp,1,ret+int3,
0x001D5FD0,1,rel32-call/jmp,1,ret+int3,
0x001D6000,3,rel32-call/jmp,1,ret+int3,
0x001D6010,1,rel32-call/jmp,1,ret+int3,
0x001D6030,3,rel32-call/jmp,1,ret+int3,
0x001D6040,1,rel32-call/jmp,1,ret+int3,
0x001D6060,6,rel32-call/jmp,1,ret+int3,
0x001D6070,1,rel32-call/jmp,1,ret+int3,
0x001D6080,1,rel32-call/jmp,1,ret+int3,
0x001D6100,1,rel32-call/jmp,1,ret+int3,
0x001D6290,4,rel32-call/jmp,1,ret+int3,
0x001D62E0,3,rel32-call/jmp,1,ret+int3,
0x001D6340,3,rel32-call/jmp,1,ret+int3,
0x001D6350,1,rel32-call/jmp,1,ret+int3,
0x001D6360,3,rel32-call/jmp,1,ret+int3,
0x001D68C0,1,rel32-call/jmp,1,ret+int3,
0x001D6C00,1,rel32-call/jmp,1,ret+int3,
0x001D6D40,3,rel32-call/jmp,1,ret+int3,
0x001D6F90,1,rel32-call/jmp,1,ret+int3,
0x001D7060,45,rel32-call/jmp,1,ret+int3,
0x001D8410,281,rel32-call/jmp;ghidra-start,1,ghidra-size,FUN_005d8410
0x001DA830,1,rel32-call/jmp,1,ret+int3,
0x001DA840,1,rel32-call/jmp,1,ret+int3,
0x001DA850,1,rel32-call/jmp,1,ret+int3,
0x001DB170,1,rel32-call/jmp,1,ret+int3,
0x001DB3E0,50,rel32-call/jmp;ghidra-start,1,ghidra-size,FUN_005db3e0
0x001DB6A0,3,rel32-call/jmp,1,ret+int3,
0x001DB6E0,1,rel32-call/jmp,1,ret+int3,
0x001DB6F0,3,rel32-call/jmp,1,ret+int3,
0x001DB700,3,rel32-call/jmp,1,ret+int3,
0x001DB830,1,rel32-call/jmp,1,ret+int3,
0x001DB880,1,rel32-call/jmp,1,ret+int3,
0x001DC240,1,rel32-call/jmp,1,ret+int3,
0x001DE190,4,rel32-call/jmp,1,ret+int3,
0x001DE1A0,4,rel32-call/jmp,1,ret+int3,
0x001DE410,1,rel32-call/jmp,1,ret+int3,
0x001DE440,3,rel32-call/jmp,1,ret+int3,
0x001DE450,1,rel32-call/jmp,1,ret+int3,
0x001DE460,3,rel32-call/jmp,1,ret+int3,
0x001DE490,1,rel32-call/jmp,1,ret+int3,
0x001E05F0,919,rel32-call/jmp;ghidra-start,1,ghidra-size,FUN_005e05f0
0x001E0AE0,4,rel32-call/jmp,1,ret+int3,
0x001E0BA0,4,rel32-call/jmp,1,ret+int3,
0x001E0BB0,4,rel32-call/jmp,1,ret+int3,
0x001E0BC0,4,rel32-call/jmp,1,ret+int3,
0x001E0BD0,4,rel32-call/jmp,1,ret+int3,
0x001E0BE0,4,rel32-call/jmp,1,ret+int3,
0x001E0BF0,4,rel32-call/jmp,1,ret+int3,
0x001E0C00,4,rel32-call/jmp,1,ret+int3,
0x001E0C10,4,rel32-call/jmp,1,ret+int3,
0x001E0D00,4,rel32-call/jmp,1,ret+int3,
0x001E0D10,4,rel32-call/jmp,1,ret+int3,
0x001E0DD0,4,rel32-call/jmp,1,ret+int3,
0x001E0DE0,4,rel32-call/jmp,1,ret+int3,
0x001E1050,4,rel32-call/jmp,1,ret+int3,
0x001E1070,4,rel32-call/jmp,1,ret+int3,
0x001E11F0,1,rel32-call/jmp,1,ret+int3,
0x001E1200,3,rel32-call/jmp,1,ret+int3,
0x001E1210,1,rel32-call/jmp,1,ret+int3,
0x001E1600,4,rel32-call/jmp;ghidra-start,1,ghidra-size,FUN_005e1600
0x001E17A0,4,rel32-call/jmp,1,ret+int3,
0x001E1D60,3,rel32-call/jmp,1,ret+int3,
0x001E1D70,1,rel32-call/jmp,1,ret+int3,
0x001E1DB0,3,rel32-call/jmp,1,ret+int3,
0x001E1DC0,1,rel32-call/jmp,1,ret+int3,
0x001E1DD0,3,rel32-call/jmp,1,ret+int3,
0x001E1DE0,1,rel32-call/jmp,1,ret+int3,
0x001E1E30,3,rel32-call/jmp,1,ret+int3,
0x001E1E40,1,rel32-call/jmp,1,ret+int3,
0x001E1EA0,3,rel32-call/jmp,1,ret+int3,
0x001E1EB0,3,rel32-call/jmp,1,ret+int3,
0x001E1EC0,3,rel32-call/jmp,1,ret+int3,
0x001E1F00,1,rel32-call/jmp,1,ret+int3,
0x001E1F10,1,rel32-call/jmp,1,ret+int3,
0x001E1F20,1,rel32-call/jmp,1,ret+int3,
0x001E1F30,3,rel32-call/jmp,1,ret+int3,
0x001E2080,1,rel32-call/jmp,1,ret+int3,
0x001E2270,1,rel32-call/jmp,1,ret+int3,
0x001E23B0,1,rel32-call/jmp,1,ret+int3,
0x001E24A0,1,rel32-call/jmp,1,ret+int3,
0x001E3B10,1,rel32-call/jmp,1,ret+int3,
0x001E3DF0,1,rel32-call/jmp,1,ret+int3,
0x001E3E00,1,rel32-call/jmp,1,ret+int3,
0x001E3E10,1,rel32-call/jmp,1,ret+int3,
0x001E4DF0,1,rel32-call/jmp,1,ret+int3,
0x001E4F30,1,rel32-call/jmp,1,ret+int3,
0x001E4F40,1,rel32-call/jmp,1,ret+int3,
0x001E5220,1,rel32-call/jmp,1,ret+int3,
0x001E5230,1,rel32-call/jmp,1,ret+int3,
0x001E52C0,1,rel32-call/jmp,1,ret+int3,
0x001E53A0,1,rel32-call/jmp,1,ret+int3,
0x001E5880,114,rel32-call/jmp;ghidra-start,1,ghidra-size,FUN_005e5880
0x001E5920,1,rel32-call/jmp,1,ret+int3,
0x001E5930,1,rel32-call/jmp,1,ret+int3,
0x001E67F0,209,rel32-call/jmp;ghidra-start,1,ghidra-size,FUN_005e67f0
0x001E7940,594,rel32-call/jmp;ghidra-start,1,ghidra-size,FUN_005e7940
0x001E8D10,622,rel32-call/jmp;ghidra-start,1,ghidra-size,FUN_005e8d10
0x001E91A0,334,rel32-call/jmp;ghidra-start,1,ghidra-size,FUN_005e91a0
0x001E9380,1516,rel32-call/jmp;ghidra-start,1,ghidra-size,FUN_005e9380
0x001EAB80,4,rel32-call/jmp,1,ret+int3,
0x001EB010,1,rel32-call/jmp,1,ret+int3,
0x001EB020,3,rel32-call/jmp,1,ret+int3,
0x001EB030,4,rel32-call/jmp,1,ret+int3,
0x001EB0B0,1,rel32-call/jmp,1,ret+int3,
0x001EB5C0,644,rel32-call/jmp,1,ret+int3,
0x001ECEE0,4,rel32-call/jmp,1,ret+int3,
0x001ED9A0,186,rel32-call/jmp;ghidra-start,1,ghidra-size,FUN_005ed9a0
0x001EE7E0,3,rel32-call/jmp,1,ret+int3,
0x001EE7F0,3,rel32-call/jmp,1,ret+int3,
0x001EE800,3,rel32-call/jmp,1,ret+int3,
0x001EE8C0,4,rel32-call/jmp,1,ret+int3,
0x001EF460,4,rel32-call/jmp,1,ret+int3,
0x001EF470,4,rel32-call/jmp,1,ret+int3,
0x001EF480,4,rel32-call/jmp,1,ret+int3,
0x001EF4E0,4,rel32-call/jmp,1,ret+int3,
0x001EF540,4,rel32-call/jmp,1,ret+int3,
0x001EF560,4,rel32-call/jmp,1,ret+int3,
0x001F0390,3,rel32-call/jmp,1,ret+int3,
0x001F03A0,4,rel32-call/jmp,1,ret+int3,
0x001F03B0,3,rel32-call/jmp,1,ret+int3,
0x001F03C0,3,rel32-call/jmp,1,ret+int3,
0x001F03D0,3,rel32-call/jmp,1,ret+int3,
0x001F2140,3,rel32-call/jmp,1,ret+int3,
0x001F2150,1,rel32-call/jmp,1,ret+int3,
0x001F2160,3,rel32-call/jmp,1,ret+int3,
0x001F2170,1,rel32-call/jmp,1,ret+int3,
0x001F2180,3,rel32-call/jmp,1,ret+int3,
0x001F21B0,3,rel32-call/jmp,1,ret+int3,
0x001F21E0,3,rel32-call/jmp,1,ret+int3,
0x001F2210,1,rel32-call/jmp,1,ret+int3,
0x001F2220,1,rel32-call/jmp,1,ret+int3,
0x001F2710,1,rel32-call/jmp,1,ret+int3,
0x001F2720,1,rel32-call/jmp,1,ret+int3,
0x001F5BC0,110,rel32-call/jmp;ghidra-start,1,ghidra-size,FUN_005f5bc0
0x001F5FC0,4,rel32-call/jmp,1,ret+int3,
0x001F5FE0,3,rel32-call/jmp,1,ret+int3,
0x001F6770,4,rel32-call/jmp,1,ret+int3,
0x001F6A40,433,rel32-call/jmp;ghidra-start,1,ghidra-size,FUN_005f6a40
0x001F7130,4,rel32-call/jmp,1,ret+int3,
0x001F7430,675,rel32-call/jmp,1,jmp+int3,
0x001F7800,4,rel32-call/jmp,1,ret+int3,
0x001F7E10,4,rel32-call/jmp,1,ret+int3,
0x001F8330,4,rel32-call/jmp,1,ret+int3,
0x001F8380,3,rel32-call/jmp,1,ret+int3,
0x001F8390,3,rel32-call/jmp,1,ret+int3,
0x001F8400,48,rel32-call/jmp,1,ret+int3,
0x001F84A0,13,rel32-call/jmp,1,ret+int3,
0x001F84B0,9,rel32-call/jmp,1,ret+int3,
0x001F86C0,3,rel32-call/jmp,1,ret+int3,
0x001F86D0,1,rel32-call/jmp,1,ret+int3,
0x001F8700,3,rel32-call/jmp,1,ret+int3,
0x001F8710,1,rel32-call/jmp,1,ret+int3,
0x001F8740,1,rel32-call/jmp,1,ret+int3,
0x001F8750,1,rel32-call/jmp,1,ret+int3,
0x001F8870,3,rel32-call/jmp,1,ret+int3,
0x001F8900,1,rel32-call/jmp,1,ret+int3,
0x001F8AA0,4,rel32-call/jmp,1,ret+int3,
0x001F8C60,1,rel32-call/jmp,1,ret+int3,
0x001F8C70,3,rel32-call/jmp,1,ret+int3,
0x001F9140,1,rel32-call/jmp,1,ret+int3,
0x001F9510,1,rel32-call/jmp,1,ret+int3,
0x001F95C0,1,rel32-call/jmp,1,ret+int3,
0x001F96E0,973,rel32-call/jmp;ghidra-start,1,ghidra-size,FUN_005f96e0
0x001FA880,597,rel32-call/jmp;ghidra-start,1,ghidra-size,FUN_005fa880
0x001FABB0,4,rel32-call/jmp,1,ret+int3,
0x001FB230,3,rel32-call/jmp,1,ret+int3,
0x001FB240,3,rel32-call/jmp,1,ret+int3,
0x001FB250,3,rel32-call/jmp,1,ret+int3,
0x001FB540,4,rel32-call/jmp,1,ret+int3,
0x001FBC60,4,rel32-call/jmp,1,ret+int3,
0x001FBEC0,3,rel32-call/jmp,1,ret+int3,
0x001FC3B0,4,rel32-call/jmp,1,ret+int3,
0x001FC3C0,4,rel32-call/jmp,1,ret+int3,
0x001FC3D0,4,rel32-call/jmp,1,ret+int3,
0x001FC3E0,4,rel32-call/jmp,1,ret+int3,
0x001FC470,4,rel32-call/jmp,1,ret+int3,
0x001FC540,4,rel32-call/jmp,1,ret+int3,
0x001FD1C0,715,rel32-call/jmp;ghidra-start,1,ghidra-size,FUN_005fd1c0
0x001FD780,373,rel32-call/jmp;ghidra-start,1,ghidra-size,FUN_005fd780
0x001FD970,407,rel32-call/jmp;ghidra-start,1,ghidra-size,FUN_005fd970
0x001FE000,4,rel32-call/jmp,1,ret+int3,
0x001FE020,4,rel32-call/jmp,1,ret+int3,
0x001FE180,4,rel32-call/jmp,1,ret+int3,
0x001FE4A0,4,rel32-call/jmp,1,ret+int3,
0x001FE4B0,4,rel32-call/jmp,1,ret+int3,
0x001FE4C0,4,rel32-call/jmp,1,ret+int3,
0x001FFB00,4,rel32-call/jmp,1,ret+int3,
0x001FFDD0,4,rel32-call/jmp,1,ret+int3,
0x00200190,4,rel32-call/jmp,1,ret+int3,
0x00200900,3,rel32-call/jmp,1,ret+int3,
0x00200910,1,rel32-call/jmp,1,ret+int3,
0x00200920,3,rel32-call/jmp,1,ret+int3,
0x00200930,1,rel32-call/jmp,1,ret+int3,
0x00200940,3,rel32-call/jmp,1,ret+int3,
0x00200950,3,rel32-call/jmp,1,ret+int3,
0x00200960,3,rel32-call/jmp,1,ret+int3,
0x00200970,3,rel32-call/jmp,1,ret+int3,
0x00200980,1,rel32-call/jmp,1,ret+int3,
0x00200990,1,rel32-call/jmp,1,ret+int3,
0x00200AA0,1,rel32-call/jmp,1,ret+int3,
0x00200AB0,4,rel32-call/jmp,1,ret+int3,
0x00200B90,4,rel32-call/jmp,1,ret+int3,
0x00200DE0,1,rel32-call/jmp,1,ret+int3,
0x00201160,1,rel32-call/jmp,1,ret+int3,
0x00201B70,1,rel32-call/jmp,1,ret+int3,
0x00201B80,4,rel32-call/jmp,1,ret+int3,
0x00201F70,4,rel32-call/jmp,1,ret+int3,
0x00202910,3,rel32-call/jmp,1,ret+int3,
0x00202920,3,rel32-call/jmp,1,ret+int3,
0x002029A0,4,rel32-call/jmp,1,ret+int3,
0x00202EE0,4,rel32-call/jmp,1,ret+int3,
0x002032B0,259,rel32-call/jmp;ghidra-start,1,ghidra-size,FUN_006032b0
0x00203570,154,rel32-call/jmp;ghidra-start,1,ghidra-size,FUN_00603570
0x00203800,758,rel32-call/jmp;ghidra-start,1,ghidra-size,FUN_00603800
0x00203BF0,4,rel32-call/jmp,1,ret+int3,
0x002043D0,3,rel32-call/jmp,1,ret+int3,
0x00204410,1,rel32-call/jmp,1,ret+int3,
0x00204420,4,rel32-call/jmp,1,ret+int3,
0x00205030,4,rel32-call/jmp,1,ret+int3,
0x002056A0,4,rel32-call/jmp,1,ret+int3,
0x00205DF0,1,rel32-call/jmp,1,ret+int3,
0x00205E00,3,rel32-call/jmp,1,ret+int3,
0x00205E50,3,rel32-call/jmp,1,ret+int3,
0x00205E60,1,rel32-call/jmp,1,ret+int3,
0x00205E70,3,rel32-call/jmp,1,ret+int3,
0x00205E80,1,rel32-call/jmp,1,ret+int3,
0x00205F50,1,rel32-call/jmp,1,ret+int3,
0x00206060,1,rel32-call/jmp,1,ret+int3,
0x002061C0,1,rel32-call/jmp,1,ret+int3,
0x002072D0,4,rel32-call/jmp,1,ret+int3,
0x00207730,3,rel32-call/jmp,1,ret+int3,
0x00207750,7,rel32-call/jmp,1,ret+int3,
0x00207770,15,rel32-call/jmp,1,ret+int3,
0x002078B0,4,rel32-call/jmp,1,ret+int3,
0x00207960,4,rel32-call/jmp,1,ret+int3,
0x00207980,4,rel32-call/jmp,1,ret+int3,
0x00207A40,3,rel32-call/jmp,1,ret+int3,
0x00207A50,1,rel32-call/jmp,1,ret+int3,
0x00207A80,1,rel32-call/jmp,1,ret+int3,
0x00207AF0,1,rel32-call/jmp,1,ret+int3,
0x00207B30,1,rel32-call/jmp,1,ret+int3,
0x00207B40,1,rel32-call/jmp,1,ret+int3,
0x00207B50,4,rel32-call/jmp,1,ret+int3,
0x00207F10,1,rel32-call/jmp,1,ret+int3,
0x00208470,1,rel32-call/jmp,1,ret+int3,
0x002085F0,13,rel32-call/jmp,1,ret+int3,
0x0020A830,6,rel32-call/jmp,1,ret+int3,
0x0020A870,1,rel32-call/jmp,1,ret+int3,
0x0020A8F0,4,rel32-call/jmp,1,ret+int3,
0x0020AAC0,1,rel32-call/jmp,1,ret+int3,
0x0020B0C0,3,rel32-call/jmp,1,ret+int3,
0x0020B0D0,3,rel32-call/jmp,1,ret+int3,
0x0020B0E0,3,rel32-call/jmp,1,ret+int3,
0x0020B290,141,rel32-call/jmp,1,ret+int3,
0x0020B4C0,179,rel32-call/jmp;ghidra-start,1,ghidra-size,FUN_0060b4c0
0x0020BA00,177,rel32-call/jmp,1,ret+int3,
0x0020C3B0,737,rel32-call/jmp;ghidra-start,1,ghidra-size,FUN_0060c3b0
0x0020C750,489,rel32-call/jmp;ghidra-start,1,ghidra-size,FUN_0060c750
0x0020C9C0,158,rel32-call/jmp,1,ret+int3,
0x0020CA90,158,rel32-call/jmp,1,ret+int3,
0x0020CC60,4,rel32-call/jmp,1,ret+int3,
0x0020D070,4,rel32-call/jmp,1,ret+int3,
0x0020D0E0,4,rel32-call/jmp,1,ret+int3,
0x0020D510,3,rel32-call/jmp,1,ret+int3,
0x0020D570,4,rel32-call/jmp,1,ret+int3,
0x0020DB80,4,rel32-call/jmp,1,ret+int3,
0x0020DB90,3,rel32-call/jmp,1,ret+int3,
0x0020DBA0,3,rel32-call/jmp,1,ret+int3,
0x0020DBC0,3,rel32-call/jmp,1,ret+int3,
0x0020DBD0,3,rel32-call/jmp,1,ret+int3,
0x0020DBE0,1,rel32-call/jmp,1,ret+int3,
0x0020DBF0,3,rel32-call/jmp,1,ret+int3,
0x0020DC00,3,rel32-call/jmp,1,ret+int3,
0x0020DC10,3,rel32-call/jmp,1,ret+int3,
0x0020DC20,3,rel32-call/jmp,1,ret+int3,
0x0020DC30,3,rel32-call/jmp,1,ret+int3,
0x0020DC60,4,rel32-call/jmp,1,ret+int3,
0x0020DC70,1,rel32-call/jmp,1,ret+int3,
0x0020DC90,3,rel32-call/jmp,1,ret+int3,
0x0020DCA0,3,rel32-call/jmp,1,ret+int3,
0x0020DCB0,3,rel32-call/jmp,1,ret+int3,
0x0020DCC0,3,rel32-call/jmp,1,ret+int3,
0x0020DD50,17,rel32-call/jmp,1,ret+int3,
0x0020DDA0,4,rel32-call/jmp,1,ret+int3,
0x0020DDE0,4,rel32-call/jmp,1,ret+int3,
0x0020E180,4,rel32-call/jmp,1,ret+int3,
0x0020E190,4,rel32-call/jmp,1,ret+int3,
0x0020E1A0,4,rel32-call/jmp,1,ret+int3,
0x0020E1D0,3,rel32-call/jmp,1,ret+int3,
0x0020E570,4,rel32-call/jmp,1,ret+int3,
0x0020F000,454,rel32-call/jmp;ghidra-start,1,ghidra-size,FUN_0060f000
0x0020FA60,4,rel32-call/jmp,1,ret+int3,
0x0020FA70,4,rel32-call/jmp,1,ret+int3,
0x0020FB20,7,rel32-call/jmp,1,ret+int3,
0x002128A0,1,rel32-call/jmp,1,ret+int3,
0x00212940,4,rel32-call/jmp,1,ret+int3,
0x00212D20,1,rel32-call/jmp,1,ret+int3,
0x00212D90,3,rel32-call/jmp,1,ret+int3,
0x00212E40,4,rel32-call/jmp,1,ret+int3,
0x002132E0,1,rel32-call/jmp,1,ret+int3,
0x00213CA0,1,rel32-call/jmp,1,ret+int3,
0x00213CD0,3,rel32-call/jmp,1,ret+int3,
0x00213CE0,3,rel32-call/jmp,1,ret+int3,
0x00213CF0,1,rel32-call/jmp,1,ret+int3,
0x00213D00,3,rel32-call/jmp,1,ret+int3,
0x00213D10,3,rel32-call/jmp,1,ret+int3,
0x00213D20,3,rel32-call/jmp,1,ret+int3,
0x00213D30,3,rel32-call/jmp,1,ret+int3,
0x00213D40,3,rel32-call/jmp,1,ret+int3,
0x002141E0,3,rel32-call/jmp,1,ret+int3,
0x00214290,4,rel32-call/jmp,1,ret+int3,
0x00214760,4,rel32-call/jmp,1,ret+int3,
0x00214D00,3,rel32-call/jmp,1,ret+int3,
0x00214D20,1,rel32-call/jmp,1,ret+int3,
0x00214D30,3,rel32-call/jmp,1,ret+int3,
0x00214D40,3,rel32-call/jmp,1,ret+int3,
0x00214D50,3,rel32-call/jmp,1,ret+int3,
0x00214D60,3,rel32-call/jmp,1,ret+int3,
0x00214D70,3,rel32-call/jmp,1,ret+int3,
0x00214D80,3,rel32-call/jmp,1,ret+int3,
0x00214D90,3,rel32-call/jmp,1,ret+int3,
0x00214DA0,3,rel32-call/jmp,1,ret+int3,
0x00214DB0,3,rel32-call/jmp,1,ret+int3,
0x00214DC0,3,rel32-call/jmp,1,ret+int3,
0x00214E60,4,rel32-call/jmp,1,ret+int3,
0x00214F60,3,rel32-call/jmp,1,ret+int3,
0x00215AB0,3,rel32-call/jmp,1,ret+int3,
0x00215AC0,3,rel32-call/jmp,1,ret+int3,
0x00215AD0,3,rel32-call/jmp,1,ret+int3,
0x00215AE0,3,rel32-call/jmp,1,ret+int3,
0x00215B80,4,rel32-call/jmp,1,ret+int3,
0x002161E0,3,rel32-call/jmp,1,ret+int3,
0x002161F0,3,rel32-call/jmp,1,ret+int3,
0x00216200,3,rel32-call/jmp,1,ret+int3,
0x00216570,114,rel32-call/jmp,1,ret+int3,
0x00217350,4,rel32-call/jmp,1,ret+int3,
0x00217650,4,rel32-call/jmp,1,ret+int3,
0x002176D0,3,rel32-call/jmp,1,ret+int3,
0x00217E20,4,rel32-call/jmp,1,ret+int3,
0x00218080,3,rel32-call/jmp,1,ret+int3,
0x00218180,4,rel32-call/jmp,1,ret+int3,
0x00218980,4,rel32-call/jmp,1,ret+int3,
0x00218D30,4,rel32-call/jmp,1,ret+int3,
0x00219270,4,rel32-call/jmp,1,ret+int3,
0x00219310,1,rel32-call/jmp,1,ret+int3,
0x002193A0,3,rel32-call/jmp,1,ret+int3,
0x002193F0,3,rel32-call/jmp,1,ret+int3,
0x00219400,3,rel32-call/jmp,1,ret+int3,
0x00219410,3,rel32-call/jmp,1,ret+int3,
0x00219430,3,rel32-call/jmp,1,ret+int3,
0x00219440,3,rel32-call/jmp,1,ret+int3,
0x00219450,3,rel32-call/jmp,1,ret+int3,
0x00219460,3,rel32-call/jmp,1,ret+int3,
0x00219470,3,rel32-call/jmp,1,ret+int3,
0x002194C0,1,rel32-call/jmp,1,ret+int3,
0x002194E0,3,rel32-call/jmp,1,ret+int3,
0x002194F0,1,rel32-call/jmp,1,ret+int3,
0x00219510,3,rel32-call/jmp,1,ret+int3,
0x00219520,3,rel32-call/jmp,1,ret+int3,
0x00219530,3,rel32-call/jmp,1,ret+int3,
0x00219550,3,rel32-call/jmp,1,ret+int3,
0x00219560,3,rel32-call/jmp,1,ret+int3,
0x00219580,3,rel32-call/jmp,1,ret+int3,
0x00219590,3,rel32-call/jmp,1,ret+int3,
0x002195A0,1,rel32-call/jmp,1,ret+int3,
0x002195E0,3,rel32-call/jmp,1,ret+int3,
0x00219620,3,rel32-call/jmp,1,ret+int3,
0x00219630,3,rel32-call/jmp,1,ret+int3,
0x00219680,3,rel32-call/jmp,1,ret+int3,
0x00219690,3,rel32-call/jmp,1,ret+int3,
0x002196A0,3,rel32-call/jmp,1,ret+int3,
0x002196B0,3,rel32-call/jmp,1,ret+int3,
0x002196E0,1,rel32-call/jmp,1,ret+int3,
0x00219720,1,rel32-call/jmp,1,ret+int3,
0x00219730,1,rel32-call/jmp,1,ret+int3,
0x00219790,4,rel32-call/jmp,1,ret+int3,
0x002197A0,3,rel32-call/jmp,1,ret+int3,
0x002197B0,3,rel32-call/jmp,1,ret+int3,
0x002197C0,3,rel32-call/jmp,1,ret+int3,
0x00219AB0,4,rel32-call/jmp,1,ret+int3,
0x00219B80,4,rel32-call/jmp,1,ret+int3,
0x0021A230,4,rel32-call/jmp,1,ret+int3,
0x0021A330,1,rel32-call/jmp,1,ret+int3,
0x0021A420,3,rel32-call/jmp,1,ret+int3,
0x0021A450,4,rel32-call/jmp,1,ret+int3,
0x0021A460,3,rel32-call/jmp,1,ret+int3,
0x0021A470,1,rel32-call/jmp,1,ret+int3,
0x0021A510,1,rel32-call/jmp,1,ret+int3,
0x0021A520,1,rel32-call/jmp,1,ret+int3,
0x0021A630,1,rel32-call/jmp,1,ret+int3,
0x0021A720,4,rel32-call/jmp,1,ret+int3,
0x0021A760,4,rel32-call/jmp,1,ret+int3,
0x0021A810,1,rel32-call/jmp,1,ret+int3,
0x0021A820,1,rel32-call/jmp,1,ret+int3,
0x0021B800,1,rel32-call/jmp,1,ret+int3,
0x0021B810,1,rel32-call/jmp,1,ret+int3,
0x0021B820,3,rel32-call/jmp,1,ret+int3,
0x0021B830,4,rel32-call/jmp;ghidra-start,1,ghidra-size,FUN_0061b830
0x0021B840,3,rel32-call/jmp,1,ret+int3,
0x0021B850,4,rel32-call/jmp,1,ret+int3,
0x0021B860,3,rel32-call/jmp,1,ret+int3,
0x0021B870,3,rel32-call/jmp,1,ret+int3,
0x0021B880,3,rel32-call/jmp,1,ret+int3,
0x0021B890,3,rel32-call/jmp,1,ret+int3,
0x0021B8B0,3,rel32-call/jmp,1,ret+int3,
0x0021C380,119,rel32-call/jmp;ghidra-start,1,ghidra-size,FUN_0061c380
0x0021DA80,1,rel32-call/jmp,1,ret+int3,
0x0021DA90,3,rel32-call/jmp,1,ret+int3,
0x0021DD40,4,rel32-call/jmp,1,ret+int3,
0x0021EA10,94,rel32-call/jmp;ghidra-start,1,ghidra-size,FUN_0061ea10
0x0021F280,471,rel32-call/jmp;ghidra-start,1,ghidra-size,FUN_0061f280
0x00220200,1,rel32-call/jmp,1,ret+int3,
0x00220210,3,rel32-call/jmp,1,ret+int3,
0x00220230,3,rel32-call/jmp,1,ret+int3,
0x00220340,4,rel32-call/jmp,1,ret+int3,
0x00220650,3,rel32-call/jmp,1,ret+int3,
0x002206A0,3,rel32-call/jmp,1,ret+int3,
0x002206B0,3,rel32-call/jmp,1,ret+int3,
0x002206C0,3,rel32-call/jmp,1,ret+int3,
0x002207D0,3,rel32-call/jmp,1,ret+int3,
0x002208D0,3,rel32-call/jmp,1,ret+int3,
0x002208E0,1,rel32-call/jmp,1,ret+int3,
0x00220900,6,rel32-call/jmp,1,ret+int3,
0x002209A0,6,rel32-call/jmp,1,ret+int3,
0x00220A00,6,rel32-call/jmp,1,ret+int3,
0x00220A30,4,rel32-call/jmp,1,ret+int3,
0x00220A40,3,rel32-call/jmp,1,ret+int3,
0x00220A50,1,rel32-call/jmp,1,ret+int3,
0x00220A60,4,rel32-call/jmp,1,ret+int3,
0x00220A70,3,rel32-call/jmp,1,ret+int3,
0x00220A80,1,rel32-call/jmp,1,ret+int3,
0x00220A90,3,rel32-call/jmp,1,ret+int3,
0x00220AA0,1,rel32-call/jmp,1,ret+int3,
0x00220AC0,4,rel32-call/jmp,1,ret+int3,
0x00220AD0,3,rel32-call/jmp,1,ret+int3,
0x00220AE0,1,rel32-call/jmp,1,ret+int3,
0x00220B00,4,rel32-call/jmp,1,ret+int3,
0x00220B10,3,rel32-call/jmp,1,ret+int3,
0x00220B20,1,rel32-call/jmp,1,ret+int3,
0x00220B70,6,rel32-call/jmp,1,ret+int3,
0x00220B90,6,rel32-call/jmp,1,ret+int3,
0x00220C50,1,rel32-call/jmp,1,ret+int3,
0x00220CA0,1,rel32-call/jmp,1,ret+int3,
0x00220D00,1,rel32-call/jmp,1,ret+int3,
0x00220D50,1,rel32-call/jmp,1,ret+int3,
0x00221020,1,rel32-call/jmp,1,ret+int3,
0x00221030,1,rel32-call/jmp,1,ret+int3,
0x00221090,1,rel32-call/jmp,1,ret+int3,
0x00221100,4,rel32-call/jmp,1,ret+int3,
0x002214B0,4,rel32-call/jmp,1,ret+int3,
0x00221A80,4,rel32-call/jmp,1,ret+int3,
0x00221A90,4,rel32-call/jmp,1,ret+int3,
0x00221AC0,4,rel32-call/jmp,1,ret+int3,
0x00221AE0,4,rel32-call/jmp,1,ret+int3,
0x00221CE0,1,rel32-call/jmp,1,ret+int3,
0x00221CF0,1,rel32-call/jmp,1,ret+int3,
0x00221D00,1,rel32-call/jmp,1,ret+int3,
0x00221D10,1,rel32-call/jmp,1,ret+int3,
0x00222640,187,rel32-call/jmp,1,ret+int3,
0x00226450,3,rel32-call/jmp,1,ret+int3,
0x002264F0,200,rel32-call/jmp,1,ret+int3,
0x002269B0,152,rel32-call/jmp;ghidra-start,1,ghidra-size,FUN_006269b0
0x00226DD0,98,rel32-call/jmp;ghidra-start,1,ghidra-size,FUN_00626dd0
0x002298B0,1375,rel32-call/jmp;ghidra-start,1,ghidra-size,FUN_006298b0
0x0022A060,3,rel32-call/jmp,1,ret+int3,
0x0022A0A0,3,rel32-call/jmp,1,ret+int3,
0x0022A0C0,3,rel32-call/jmp,1,ret+int3,
0x0022A0F0,3,rel32-call/jmp,1,ret+int3,
0x0022A130,3,rel32-call/jmp,1,ret+int3,
0x0022A210,1,rel32-call/jmp,1,ret+int3,
0x0022A2C0,4,rel32-call/jmp,1,ret+int3,
0x0022A5A0,1,rel32-call/jmp,1,ret+int3,
0x0022A860,730,rel32-call/jmp;ghidra-start,1,ghidra-size,FUN_0062a860
0x0022B310,4,rel32-call/jmp,1,ret+int3,
0x0022B540,116,rel32-call/jmp;ghidra-start,1,ghidra-size,FUN_0062b540
0x0022B960,3,rel32-call/jmp,1,ret+int3,
0x0022BFF0,279,rel32-call/jmp;ghidra-start,1,ghidra-size,FUN_0062bff0
0x0022CCF0,3,rel32-call/jmp,1,ret+int3,
0x0022CDF0,3,rel32-call/jmp,1,ret+int3,
0x0022CE00,3,rel32-call/jmp,1,ret+int3,
0x0022CE10,1,rel32-call/jmp,1,ret+int3,
0x0022CE30,6,rel32-call/jmp,1,ret+int3,
0x0022CF50,4,rel32-call/jmp,1,ret+int3,
0x0022EE60,4,rel32-call/jmp,1,ret+int3,
0x0022EF20,4,rel32-call/jmp,1,ret+int3,
0x0022EF40,3,rel32-call/jmp,1,ret+int3,
0x0022EF50,3,rel32-call/jmp,1,ret+int3,
0x0022EF60,3,rel32-call/jmp,1,ret+int3,
0x0022EF70,3,rel32-call/jmp,1,ret+int3,
0x0022F020,1,rel32-call/jmp,1,ret+int3,
0x0022F0D0,4,rel32-call/jmp,1,ret+int3,
0x0022F780,27,rel32-call/jmp,1,ret+int3,
0x0022F8D0,3,rel32-call/jmp,1,ret+int3,
0x0022F8E0,1,rel32-call/jmp,1,ret+int3,
0x0022F8F0,1,rel32-call/jmp,1,ret+int3,
0x0022FC70,1,rel32-call/jmp,1,ret+int3,
0x0022FCC0,3,rel32-call/jmp,1,ret+int3,
0x0022FCD0,3,rel32-call/jmp,1,ret+int3,
0x0022FCE0,3,rel32-call/jmp,1,ret+int3,
0x0022FCF0,1,rel32-call/jmp,1,ret+int3,
0x0022FD00,3,rel32-call/jmp,1,ret+int3,
0x0022FD60,3,rel32-call/jmp,1,ret+int3,
0x0022FD70,1,rel32-call/jmp,1,ret+int3,
0x0022FD80,3,rel32-call/jmp,1,ret+int3,
0x0022FD90,3,rel32-call/jmp,1,ret+int3,
0x0022FDA0,1,rel32-call/jmp,1,ret+int3,
0x0022FF00,1,rel32-call/jmp,1,ret+int3,
0x0022FF30,4,rel32-call/jmp,1,ret+int3,
0x00230060,6,rel32-call/jmp,1,ret+int3,
0x00230190,1,rel32-call/jmp,1,ret+int3,
0x00230260,1,rel32-call/jmp,1,ret+int3,
0x00230290,1,rel32-call/jmp,1,ret+int3,
0x002307A0,7,rel32-call/jmp,1,ret+int3,
0x00230810,7,rel32-call/jmp,1,ret+int3,
0x00230850,7,rel32-call/jmp,1,ret+int3,
0x00230890,13,rel32-call/jmp,1,ret+int3,
0x002308A0,28,rel32-call/jmp,1,ret+int3,
0x002310F0,1741,rel32-call/jmp;ghidra-start,1,ghidra-size,FUN_006310f0
0x00232190,4,rel32-call/jmp,1,ret+int3,
0x002321B0,3,rel32-call/jmp,1,ret+int3,
0x002321E0,3,rel32-call/jmp,1,ret+int3,
0x002321F0,1,rel32-call/jmp,1,ret+int3,
0x00232200,3,rel32-call/jmp,1,ret+int3,
0x00232290,1,rel32-call/jmp,1,ret+int3,
0x00232300,3,rel32-call/jmp,1,ret+int3,
0x00232740,3,rel32-call/jmp,1,ret+int3,
0x00232750,1,rel32-call/jmp,1,ret+int3,
0x00232790,3,rel32-call/jmp,1,ret+int3,
0x002327A0,1,rel32-call/jmp,1,ret+int3,
0x002327B0,4,rel32-call/jmp,1,ret+int3,
0x002327C0,3,rel32-call/jmp,1,ret+int3,
0x002327D0,1,rel32-call/jmp,1,ret+int3,
0x002327F0,3,rel32-call/jmp,1,ret+int3,
0x00232800,1,rel32-call/jmp,1,ret+int3,
0x00232810,4,rel32-call/jmp,1,ret+int3,
0x00232820,3,rel32-call/jmp,1,ret+int3,
0x00232830,1,rel32-call/jmp,1,ret+int3,
0x00232860,3,rel32-call/jmp,1,ret+int3,
0x00232870,1,rel32-call/jmp,1,ret+int3,
0x002328B0,3,rel32-call/jmp,1,ret+int3,
0x002328C0,1,rel32-call/jmp,1,ret+int3,
0x00232910,3,rel32-call/jmp,1,ret+int3,
0x00232970,3,rel32-call/jmp,1,ret+int3,
0x00232980,1,rel32-call/jmp,1,ret+int3,
0x00232990,1,rel32-call/jmp,1,ret+int3,
0x002329A0,1,rel32-call/jmp,1,ret+int3,
0x00232A40,3,rel32-call/jmp,1,ret+int3,
0x00232A80,3,rel32-call/jmp,1,ret+int3,
0x00232A90,1,rel32-call/jmp,1,ret+int3,
0x00232AA0,3,rel32-call/jmp,1,ret+int3,
0x00232AD0,3,rel32-call/jmp,1,ret+int3,
0x00232B20,6,rel32-call/jmp,1,ret+int3,
0x00232B50,1,rel32-call/jmp,1,ret+int3,
0x00232B60,1,rel32-call/jmp,1,ret+int3,
0x00232B70,1,rel32-call/jmp,1,ret+int3,
0x00232B80,1,rel32-call/jmp,1,ret+int3,
0x00232B90,1,rel32-call/jmp,1,ret+int3,
0x00232BA0,1,rel32-call/jmp,1,ret+int3,
0x00232BB0,1,rel32-call/jmp,1,ret+int3,
0x00232BC0,1,rel32-call/jmp,1,ret+int3,
0x00232DE0,1,rel32-call/jmp,1,ret+int3,
0x00232FB0,1,rel32-call/jmp,1,ret+int3,
0x002330A0,4,rel32-call/jmp,1,ret+int3,
0x00233880,4,rel32-call/jmp,1,ret+int3,
0x00233BD0,1,rel32-call/jmp,1,ret+int3,
0x00233BE0,1,rel32-call/jmp,1,ret+int3,
0x00233BF0,1,rel32-call/jmp,1,ret+int3,
0x00233C00,1,rel32-call/jmp,1,ret+int3,
0x00233C10,1,rel32-call/jmp,1,ret+int3,
0x00233CF0,4,rel32-call/jmp,1,ret+int3,
0x00233D50,4,rel32-call/jmp,1,ret+int3,
0x00234610,1,rel32-call/jmp,1,ret+int3,
0x00234620,1,rel32-call/jmp,1,ret+int3,
0x002349C0,1,rel32-call/jmp,1,ret+int3,
0x00234AE0,1,rel32-call/jmp,1,ret+int3,
0x00234AF0,1,rel32-call/jmp,1,ret+int3,
0x00234B00,1,rel32-call/jmp,1,ret+int3,
0x00234B10,1,rel32-call/jmp,1,ret+int3,
0x00234B70,1,rel32-call/jmp,1,ret+int3,
0x00234C90,1,rel32-call/jmp,1,ret+int3,
0x00234CA0,1,rel32-call/jmp,1,ret+int3,
0x00234E60,475,rel32-call/jmp;ghidra-start,1,ghidra-size,FUN_00634e60
0x00235B60,1,rel32-call/jmp,1,ret+int3,
0x00235B70,1,rel32-call/jmp,1,ret+int3,
0x00235B80,1,rel32-call/jmp,1,ret+int3,
0x00235B90,1,rel32-call/jmp,1,ret+int3,
0x00235C00,1,rel32-call/jmp,1,ret+int3,
0x00235CB0,1,rel32-call/jmp,1,ret+int3,
0x00235CC0,1,rel32-call/jmp,1,ret+int3,
0x00236730,1,rel32-call/jmp,1,ret+int3,
0x00236740,1,rel32-call/jmp,1,ret+int3,
0x00237FB0,410,rel32-call/jmp;ghidra-start,1,ghidra-size,FUN_00637fb0
0x00238D10,1720,rel32-call/jmp;ghidra-start,1,ghidra-size,FUN_00638d10
0x0023A270,207,rel32-call/jmp;ghidra-start,1,ghidra-size,FUN_0063a270
0x0023A380,366,rel32-call/jmp;ghidra-start,1,ghidra-size,FUN_0063a380
0x0023B3D0,1,rel32-call/jmp,1,ret+int3,
0x0023B3E0,1,rel32-call/jmp,1,ret+int3,
0x0023B6E0,149,rel32-call/jmp;ghidra-start,1,ghidra-size,FUN_0063b6e0
0x0023B9F0,318,rel32-call/jmp;ghidra-start,1,ghidra-size,FUN_0063b9f0
0x0023C9C0,179,rel32-call/jmp,1,ret+int3,
0x0023D430,595,rel32-call/jmp;ghidra-start,1,ghidra-size,FUN_0063d430
0x00240070,305,rel32-call/jmp;ghidra-start,1,ghidra-size,FUN_00640070
0x00240C50,559,rel32-call/jmp;ghidra-start,1,ghidra-size,FUN_00640c50
0x00243C40,211,rel32-call/jmp,1,ret+int3,
0x00243D50,268,rel32-call/jmp,1,ret+int3,
0x002459D0,264,rel32-call/jmp;ghidra-start,1,ghidra-size,FUN_006459d0
0x00245BF0,1762,rel32-call/jmp,1,ret+int3,
0x00246490,551,rel32-call/jmp,1,ret+int3,
0x002475A0,1807,rel32-call/jmp;ghidra-start,1,ghidra-size,FUN_006475a0
0x00247FD0,2045,rel32-call/jmp,1,jmp+int3,
0x00248BD0,3,rel32-call/jmp,1,ret+int3,
0x00248C50,4,rel32-call/jmp,1,ret+int3,
0x00249A20,227,rel32-call/jmp;ghidra-start,1,ghidra-size,FUN_00649a20
0x00249C80,4,rel32-call/jmp,1,ret+int3,
0x00249E10,116,rel32-call/jmp;ghidra-start,1,ghidra-size,FUN_00649e10
0x0024A290,3,rel32-call/jmp,1,ret+int3,
0x0024A900,279,rel32-call/jmp;ghidra-start,1,ghidra-size,FUN_0064a900
0x0024B860,3,rel32-call/jmp,1,ret+int3,
0x0024B970,4,rel32-call/jmp,1,ret+int3,
0x0024C420,204,rel32-call/jmp;ghidra-start,1,ghidra-size,FUN_0064c420
0x0024D350,1,rel32-call/jmp,1,ret+int3,
0x0024D360,3,rel32-call/jmp,1,ret+int3,
0x0024D370,3,rel32-call/jmp,1,ret+int3,
0x0024D4A0,4,rel32-call/jmp,1,ret+int3,
0x0024D520,160,rel32-call/jmp,1,ret+int3,
0x0024D610,893,rel32-call/jmp;ghidra-start,1,ghidra-size,FUN_0064d610
0x0024E6B0,7,rel32-call/jmp,1,ret+int3,
0x0024E790,4,rel32-call/jmp,1,ret+int3,
0x0024F5B0,1,rel32-call/jmp,1,ret+int3,
0x0024F5D0,1,rel32-call/jmp,1,ret+int3,
0x0024F670,4,rel32-call/jmp,1,ret+int3,
0x0024F970,4,rel32-call/jmp,1,ret+int3,
0x0024FC90,1,rel32-call/jmp,1,ret+int3,
0x0024FD40,4,rel32-call/jmp,1,ret+int3,
0x0024FEE0,1,rel32-call/jmp,1,ret+int3,
0x002500E0,1,rel32-call/jmp,1,ret+int3,
0x002502D0,1,rel32-call/jmp,1,ret+int3,
0x002507A0,3,rel32-call/jmp,1,ret+int3,
0x002507B0,3,rel32-call/jmp,1,ret+int3,
0x00250AD0,3,rel32-call/jmp,1,ret+int3,
0x00250AE0,1,rel32-call/jmp,1,ret+int3,
0x00250B00,6,rel32-call/jmp,1,ret+int3,
0x00250B30,1,rel32-call/jmp,1,ret+int3,
0x00250B50,1,rel32-call/jmp,1,ret+int3,
0x00250B90,4,rel32-call/jmp,1,ret+int3,
0x00250D20,1,rel32-call/jmp,1,ret+int3,
0x00251150,3,rel32-call/jmp,1,ret+int3,
0x00251160,3,rel32-call/jmp,1,ret+int3,
0x002516C0,4,rel32-call/jmp,1,ret+int3,
0x00251750,3,rel32-call/jmp,1,ret+int3,
0x00251760,3,rel32-call/jmp,1,ret+int3,
0x002519F0,3,rel32-call/jmp,1,ret+int3,
0x00251A20,4,rel32-call/jmp,1,ret+int3,
0x00251A30,3,rel32-call/jmp,1,ret+int3,
0x00251A40,1,rel32-call/jmp,1,ret+int3,
0x00251A50,1,rel32-call/jmp,1,ret+int3,
0x00251AB0,4,rel32-call/jmp,1,ret+int3,
0x00251AF0,163,rel32-call/jmp;ghidra-start,1,ghidra-size,FUN_00651af0
0x00252FE0,3,rel32-call/jmp,1,ret+int3,
0x00252FF0,3,rel32-call/jmp,1,ret+int3,
0x002539F0,401,rel32-call/jmp;ghidra-start,1,ghidra-size,FUN_006539f0
0x00254640,4,rel32-call/jmp,1,ret+int3,
0x00254990,4,rel32-call/jmp,1,ret+int3,
0x00255350,4,rel32-call/jmp,1,ret+int3,
0x002555F0,4,rel32-call/jmp,1,ret+int3,
0x00255A70,4,rel32-call/jmp,1,ret+int3,
0x00255E20,4,rel32-call/jmp,1,ret+int3,
0x002560D0,4,rel32-call/jmp,1,ret+int3,
0x00256240,101,rel32-call/jmp,1,ret+int3,
0x00256AB0,32,rel32-call/jmp,1,ret+int3,
0x00256D50,20,rel32-call/jmp,1,ret+int3,
0x00256E70,6,rel32-call/jmp,1,ret+int3,
0x00256FD0,85,rel32-call/jmp;ghidra-start,1,ghidra-size,FUN_00656fd0
0x002571F0,138,rel32-call/jmp,1,jmp+int3,
0x00257530,45,rel32-call/jmp,1,ret+int3,
0x00257580,7,rel32-call/jmp,1,ret+int3,
0x002575C0,4,rel32-call/jmp,1,ret+int3,
0x002577F0,3,rel32-call/jmp,1,ret+int3,
0x00257810,3,rel32-call/jmp,1,ret+int3,
0x00257820,3,rel32-call/jmp,1,ret+int3,
0x00257850,3,rel32-call/jmp,1,ret+int3,
0x00257860,8,rel32-call/jmp,1,ret+int3,
0x002582D0,4,rel32-call/jmp,1,ret+int3,
0x00258350,3,rel32-call/jmp,1,ret+int3,
0x00258360,1,rel32-call/jmp,1,ret+int3,
0x00258390,1,rel32-call/jmp,1,ret+int3,
0x002584B0,1,rel32-call/jmp,1,ret+int3,
0x00258550,4,rel32-call/jmp,1,ret+int3,
0x00258720,1,rel32-call/jmp,1,ret+int3,
0x002587F0,3,rel32-call/jmp,1,ret+int3,
0x00258AA0,1,rel32-call/jmp,1,ret+int3,
0x00258AD0,1,rel32-call/jmp,1,ret+int3,
0x00259120,4,rel32-call/jmp,1,ret+int3,
0x00259860,4,rel32-call/jmp,1,ret+int3,
0x00259B40,4,rel32-call/jmp,1,ret+int3,
0x00259C90,4,rel32-call/jmp,1,ret+int3,
0x0025A0D0,3,rel32-call/jmp,1,ret+int3,
0x0025A270,3,rel32-call/jmp,1,ret+int3,
0x0025A290,3,rel32-call/jmp,1,ret+int3,
0x0025A2E0,1,rel32-call/jmp,1,ret+int3,
0x0025A340,3,rel32-call/jmp,1,ret+int3,
0x0025A360,3,rel32-call/jmp,1,ret+int3,
0x0025A370,1,rel32-call/jmp,1,ret+int3,
0x0025A3D0,4,rel32-call/jmp,1,ret+int3,
0x0025A8D0,4,rel32-call/jmp,1,ret+int3,
0x0025AE20,4,rel32-call/jmp,1,ret+int3,
0x0025B340,3,rel32-call/jmp,1,ret+int3,
0x0025B350,1,rel32-call/jmp,1,ret+int3,
0x0025B360,3,rel32-call/jmp,1,ret+int3,
0x0025B390,1,rel32-call/jmp,1,ret+int3,
0x0025B3F0,1,rel32-call/jmp,1,ret+int3,
0x0025B5A0,4,rel32-call/jmp,1,ret+int3,
0x0025B640,1,rel32-call/jmp,1,ret+int3,
0x0025C220,1146,rel32-call/jmp;ghidra-start,1,ghidra-size,FUN_0065c220
0x0025D6A0,4,rel32-call/jmp,1,ret+int3,
0x0025D940,25,rel32-call/jmp,1,ret+int3,
0x0025DAD0,3,rel32-call/jmp,1,ret+int3,
0x0025DAE0,1,rel32-call/jmp,1,ret+int3,
0x0025DAF0,1,rel32-call/jmp,1,ret+int3,
0x0025DBA0,4,rel32-call/jmp,1,ret+int3,
0x0025E7A0,11,rel32-call/jmp,1,ret+int3,
0x0025E840,4,rel32-call/jmp,1,ret+int3,
0x0025F9D0,4,rel32-call/jmp,1,ret+int3,
0x0025FE60,4,rel32-call/jmp,1,ret+int3,
0x002606C0,3,rel32-call/jmp,1,ret+int3,
0x002606D0,1,rel32-call/jmp,1,ret+int3,
0x00260710,3,rel32-call/jmp,1,ret+int3,
0x00260720,1,rel32-call/jmp,1,ret+int3,
0x00260730,1,rel32-call/jmp,1,ret+int3,
0x00260740,1,rel32-call/jmp,1,ret+int3,
0x002608D0,1,rel32-call/jmp,1,ret+int3,
0x00260980,3,rel32-call/jmp,1,ret+int3,
0x00260990,3,rel32-call/jmp,1,ret+int3,
0x00260A30,3,rel32-call/jmp,1,ret+int3,
0x00260D00,1,rel32-call/jmp,1,ret+int3,
0x00261000,1,rel32-call/jmp,1,ret+int3,
0x00261300,1,rel32-call/jmp,1,ret+int3,
0x002616D0,89,rel32-call/jmp;ghidra-start,1,ghidra-size,FUN_006616d0
0x00262980,3,rel32-call/jmp,1,ret+int3,
0x00262990,1,rel32-call/jmp,1,ret+int3,
0x002629C0,1,rel32-call/jmp,1,ret+int3,
0x00262AE0,1,rel32-call/jmp,1,ret+int3,
0x00262B80,4,rel32-call/jmp,1,ret+int3,
0x00262D50,1,rel32-call/jmp,1,ret+int3,
0x00262E90,1,rel32-call/jmp,1,ret+int3,
0x00262EC0,1,rel32-call/jmp,1,ret+int3,
0x00263A40,3,rel32-call/jmp,1,ret+int3,
0x00263B40,4,rel32-call/jmp,1,ret+int3,
0x00263CA0,537,rel32-call/jmp;ghidra-start,1,ghidra-size,FUN_00663ca0
0x00264080,4,rel32-call/jmp,1,ret+int3,
0x00264540,4,rel32-call/jmp,1,ret+int3,
0x002645D0,136,rel32-call/jmp;ghidra-start,1,ghidra-size,FUN_006645d0
0x00264860,3,rel32-call/jmp,1,ret+int3,
0x00264870,3,rel32-call/jmp,1,ret+int3,
0x00264B70,4,rel32-call/jmp,1,ret+int3,
0x002659F0,4,rel32-call/jmp,1,ret+int3,
0x00265B90,3,rel32-call/jmp,1,ret+int3,
0x00265BA0,1,rel32-call/jmp,1,ret+int3,
0x00265BB0,3,rel32-call/jmp,1,ret+int3,
0x00265CC0,4,rel32-call/jmp,1,ret+int3,
0x002662E0,1,rel32-call/jmp,1,ret+int3,
0x002662F0,4,rel32-call/jmp,1,ret+int3,
0x00266410,4,rel32-call/jmp,1,ret+int3,
0x00266B50,678,rel32-call/jmp;ghidra-start,1,ghidra-size,FUN_00666b50
0x00266F40,291,rel32-call/jmp;ghidra-start,1,ghidra-size,FUN_00666f40
0x00267660,3,rel32-call/jmp,1,ret+int3,
0x00267670,1,rel32-call/jmp,1,ret+int3,
0x002677C0,4,rel32-call/jmp,1,ret+int3,
0x00267FD0,1,rel32-call/jmp,1,ret+int3,
0x00268110,4,rel32-call/jmp,1,ret+int3,
0x00269780,973,rel32-call/jmp;ghidra-start,1,ghidra-size,FUN_00669780
0x0026A740,3,rel32-call/jmp,1,ret+int3,
0x0026A750,1,rel32-call/jmp,1,ret+int3,
0x0026A7E0,3,rel32-call/jmp,1,ret+int3,
0x0026A800,4,rel32-call/jmp,1,ret+int3,
0x0026A810,4,rel32-call/jmp,1,ret+int3,
0x0026B490,4,rel32-call/jmp,1,ret+int3,
0x0026B760,4,rel32-call/jmp,1,ret+int3,
0x0026B9D0,1103,rel32-call/jmp;ghidra-start,1,ghidra-size,FUN_0066b9d0
0x0026BFA0,4,rel32-call/jmp,1,ret+int3,
0x0026C190,4,rel32-call/jmp,1,ret+int3,
0x0026C5C0,3,rel32-call/jmp,1,ret+int3,
0x0026C5F0,1,rel32-call/jmp,1,ret+int3,
0x0026C6E0,4,rel32-call/jmp,1,ret+int3,
0x0026CD40,13,rel32-call/jmp,1,ret+int3,
0x0026CDF0,4,rel32-call/jmp,1,ret+int3,
0x0026D480,4,rel32-call/jmp,1,ret+int3,
0x0026DD80,4,rel32-call/jmp,1,ret+int3,
0x0026E0E0,4,rel32-call/jmp,1,ret+int3,
0x0026E480,5,rel32-call/jmp,1,ret+int3,
0x0026E490,3,rel32-call/jmp,1,ret+int3,
0x0026E560,4,rel32-call/jmp,1,ret+int3,
0x0026E770,3,rel32-call/jmp,1,ret+int3,
0x0026E7A0,4,rel32-call/jmp,1,ret+int3,
0x0026F790,3,rel32-call/jmp,1,ret+int3,
0x0026F7A0,3,rel32-call/jmp,1,ret+int3,
0x0026F7B0,3,rel32-call/jmp,1,ret+int3,
0x0026F7C0,3,rel32-call/jmp,1,ret+int3,
0x0026FEA0,3,rel32-call/jmp,1,ret+int3,
0x0026FEB0,1,rel32-call/jmp,1,ret+int3,
0x0026FEC0,3,rel32-call/jmp,1,ret+int3,
0x0026FED0,1,rel32-call/jmp,1,ret+int3,
0x0026FF20,3,rel32-call/jmp,1,ret+int3,
0x00270070,33,rel32-call/jmp,1,ret+int3,
0x00272AE0,186,rel32-call/jmp;ghidra-start,1,ghidra-size,FUN_00672ae0
0x002768A0,372,rel32-call/jmp;ghidra-start,1,ghidra-size,FUN_006768a0
0x0027EEB0,1,rel32-call/jmp,1,ret+int3,
0x0027F1D0,3,rel32-call/jmp,1,ret+int3,
0x0027F1E0,4,rel32-call/jmp,1,ret+int3,
0x0027F220,3,rel32-call/jmp,1,ret+int3,
0x0027F230,3,rel32-call/jmp,1,ret+int3,
0x0027F240,3,rel32-call/jmp,1,ret+int3,
0x0027F250,3,rel32-call/jmp,1,ret+int3,
0x0027F260,3,rel32-call/jmp,1,ret+int3,
0x0027F270,3,rel32-call/jmp,1,ret+int3,
0x0027F280,3,rel32-call/jmp,1,ret+int3,
0x0027F2A0,3,rel32-call/jmp,1,ret+int3,
0x0027F2B0,3,rel32-call/jmp,1,ret+int3,
0x0027F2D0,3,rel32-call/jmp,1,ret+int3,
0x0027F2F0,3,rel32-call/jmp,1,ret+int3,
0x0027F300,3,rel32-call/jmp,1,ret+int3,
0x0027F370,3,rel32-call/jmp,1,ret+int3,
0x0027F380,3,rel32-call/jmp,1,ret+int3,
0x0027F390,4,rel32-call/jmp;ghidra-start,1,ghidra-size,FUN_0067f390
0x0027F3B0,4,rel32-call/jmp,1,ret+int3,
0x0027F3E0,4,rel32-call/jmp,1,ret+int3,
0x0027F410,4,rel32-call/jmp,1,ret+int3,
0x0027F440,3,rel32-call/jmp,1,ret+int3,
0x0027F480,3,rel32-call/jmp,1,ret+int3,
0x0027F490,3,rel32-call/jmp,1,ret+int3,
0x0027FB30,4,rel32-call/jmp,1,ret+int3,
0x0027FFB0,3,rel32-call/jmp,1,ret+int3,
0x0027FFD0,4,rel32-call/jmp,1,ret+int3,
0x00280D80,4,rel32-call/jmp,1,ret+int3,
0x00281400,1,rel32-call/jmp,1,ret+int3,
0x00281420,4,rel32-call/jmp,1,ret+int3,
0x002818E0,4,rel32-call/jmp,1,ret+int3,
0x00281930,3,rel32-call/jmp,1,ret+int3,
0x00281940,1,rel32-call/jmp,1,ret+int3,
0x00281950,3,rel32-call/jmp,1,ret+int3,
0x00281960,1,rel32-call/jmp,1,ret+int3,
0x00281AA0,4,rel32-call/jmp,1,ret+int3,
0x00282E90,3,rel32-call/jmp,1,ret+int3,
0x00282F10,3,rel32-call/jmp,1,ret+int3,
0x00282F20,1,rel32-call/jmp,1,ret+int3,
0x00282F40,3,rel32-call/jmp,1,ret+int3,
0x00282F50,1,rel32-call/jmp,1,ret+int3,
0x00282F70,3,rel32-call/jmp,1,ret+int3,
0x00282F80,1,rel32-call/jmp,1,ret+int3,
0x00282F90,3,rel32-call/jmp,1,ret+int3,
0x00282FC0,3,rel32-call/jmp,1,ret+int3,
0x00282FF0,3,rel32-call/jmp,1,ret+int3,
0x00283020,1,rel32-call/jmp,1,ret+int3,
0x00283030,1,rel32-call/jmp,1,ret+int3,
0x00283040,1,rel32-call/jmp,1,ret+int3,
0x00283290,1,rel32-call/jmp,1,ret+int3,
0x002832A0,1,rel32-call/jmp,1,ret+int3,
0x002832B0,1,rel32-call/jmp,1,ret+int3,
0x00283720,1,rel32-call/jmp,1,ret+int3,
0x00283730,1,rel32-call/jmp,1,ret+int3,
0x00283740,1,rel32-call/jmp,1,ret+int3,
0x002839B0,1,rel32-call/jmp,1,ret+int3,
0x002839C0,1,rel32-call/jmp,1,ret+int3,
0x002839D0,1,rel32-call/jmp,1,ret+int3,
0x00285640,4,rel32-call/jmp,1,ret+int3,
0x00285750,3,rel32-call/jmp,1,ret+int3,
0x00285790,3,rel32-call/jmp,1,ret+int3,
0x002857A0,3,rel32-call/jmp,1,ret+int3,
0x00286E10,4,rel32-call/jmp,1,ret+int3,
0x00286E20,4,rel32-call/jmp,1,ret+int3,
0x00286EB0,4,rel32-call/jmp,1,ret+int3,
0x002877F0,59,rel32-call/jmp,1,ret+int3,
0x00287890,3,rel32-call/jmp,1,ret+int3,
0x002878A0,1,rel32-call/jmp,1,ret+int3,
0x002878B0,1,rel32-call/jmp,1,ret+int3,
0x00287A10,1,rel32-call/jmp,1,ret+int3,
0x00287A20,4,rel32-call/jmp,1,ret+int3,
0x002881C0,1,rel32-call/jmp,1,ret+int3,
0x00288270,1,rel32-call/jmp,1,ret+int3,
0x00288330,1,rel32-call/jmp,1,ret+int3,
0x00288840,328,rel32-call/jmp;ghidra-start,1,ghidra-size,FUN_00688840
0x002897F0,4,rel32-call/jmp,1,ret+int3,
0x00289A00,3,rel32-call/jmp,1,ret+int3,
0x00289BE0,278,rel32-call/jmp;ghidra-start,1,ghidra-size,FUN_00689be0
0x0028A2C0,4,rel32-call/jmp,1,ret+int3,
0x0028AAB0,1,rel32-call/jmp,1,ret+int3,
0x0028AAD0,4,rel32-call/jmp,1,ret+int3,
0x0028ADA0,178,rel32-call/jmp;ghidra-start,1,ghidra-size,FUN_0068ada0
0x0028B540,90,rel32-call/jmp;ghidra-start,1,ghidra-size,FUN_0068b540
0x0028B650,3,rel32-call/jmp,1,ret+int3,
0x0028B660,3,rel32-call/jmp,1,ret+int3,
0x0028B670,3,rel32-call/jmp,1,ret+int3,
0x0028B690,4,rel32-call/jmp,1,ret+int3,
0x0028C280,3,rel32-call/jmp,1,ret+int3,
0x0028C510,4,rel32-call/jmp,1,ret+int3,
0x0028C7E0,4,rel32-call/jmp,1,ret+int3,
0x0028CD20,4,rel32-call/jmp,1,ret+int3,
0x0028D0C0,422,ghidra-start,0,ghidra-size,FUN_0068d0c0
0x0028D450,3,rel32-call/jmp,1,ret+int3,
0x0028D460,1,rel32-call/jmp,1,ret+int3,
0x0028D470,3,rel32-call/jmp,1,ret+int3,
0x0028D480,1,rel32-call/jmp,1,ret+int3,
0x0028D560,1,rel32-call/jmp,1,ret+int3,
0x0028D570,4,rel32-call/jmp,1,ret+int3,
0x0028D7D0,1,rel32-call/jmp,1,ret+int3,
0x0028D870,1,rel32-call/jmp,1,ret+int3,
0x0028D8B0,1,rel32-call/jmp,1,ret+int3,
0x0028E3E0,4,rel32-call/jmp,1,ret+int3,
0x0028E880,238,rel32-call/jmp;ghidra-start,1,ghidra-size,FUN_0068e880
0x0028ED20,4,rel32-call/jmp,1,ret+int3,
0x0028ED30,4,rel32-call/jmp,1,ret+int3,
0x0028ED40,4,rel32-call/jmp,1,ret+int3,
0x0028EDA0,4,rel32-call/jmp,1,ret+int3,
0x0028EDB0,4,rel32-call/jmp,1,ret+int3,
0x0028F030,3,rel32-call/jmp,1,ret+int3,
0x0028F040,1,rel32-call/jmp,1,ret+int3,
0x0028F050,3,rel32-call/jmp,1,ret+int3,
0x0028F080,4,rel32-call/jmp,1,ret+int3,
0x0028F0B0,3,rel32-call/jmp,1,ret+int3,
0x0028F0C0,1,rel32-call/jmp,1,ret+int3,
0x0028F0D0,3,rel32-call/jmp,1,ret+int3,
0x0028F0E0,1,rel32-call/jmp,1,ret+int3,
0x0028F0F0,1,rel32-call/jmp,1,ret+int3,
0x0028F260,1,rel32-call/jmp,1,ret+int3,
0x0028F270,1,rel32-call/jmp,1,ret+int3,
0x0028F290,4,rel32-call/jmp,1,ret+int3,
0x0028F660,1,rel32-call/jmp,1,ret+int3,
0x0028F670,1,rel32-call/jmp,1,ret+int3,
0x0028F760,1,rel32-call/jmp,1,ret+int3,
0x0028F770,1,rel32-call/jmp,1,ret+int3,
0x0028FDC0,3,rel32-call/jmp,1,ret+int3,
0x00290E50,2039,rel32-call/jmp;ghidra-start,1,ghidra-size,FUN_00690e50
0x00291910,4,rel32-call/jmp,1,ret+int3,
0x00292220,4,rel32-call/jmp,1,ret+int3,
0x00292580,4,rel32-call/jmp,1,ret+int3,
0x00292CA0,4,rel32-call/jmp,1,ret+int3,
0x00293190,3,rel32-call/jmp,1,ret+int3,
0x002931A0,1,rel32-call/jmp,1,ret+int3,
0x002931D0,1,rel32-call/jmp,1,ret+int3,
0x00293250,4,rel32-call/jmp,1,ret+int3,
0x00293390,3,rel32-call/jmp,1,ret+int3,
0x002933A0,3,rel32-call/jmp,1,ret+int3,
0x002954F0,4,rel32-call/jmp,1,ret+int3,
0x00295B10,4,rel32-call/jmp,1,ret+int3,
0x00295FE0,3,rel32-call/jmp,1,ret+int3,
0x00295FF0,1,rel32-call/jmp,1,ret+int3,
0x00296050,1,rel32-call/jmp,1,ret+int3,
0x00296080,5,rel32-call/jmp,1,ret+int3,
0x00296170,1,rel32-call/jmp,1,ret+int3,
0x00296200,4,rel32-call/jmp,1,ret+int3,
0x00296330,1,rel32-call/jmp,1,ret+int3,
0x00297610,4,rel32-call/jmp,1,ret+int3,
0x00297E60,4,rel32-call/jmp,1,ret+int3,
0x00298470,4,rel32-call/jmp,1,ret+int3,
0x00298910,4,rel32-call/jmp,1,ret+int3,
0x00298D20,4,rel32-call/jmp,1,ret+int3,
0x002998D0,3,rel32-call/jmp,1,ret+int3,
0x00299980,4,rel32-call/jmp,1,ret+int3,
0x0029A080,4,rel32-call/jmp,1,ret+int3,
0x0029BBB0,8,rel32-call/jmp,1,ret+int3,
0x0029BBE0,4,rel32-call/jmp,1,ret+int3,
0x0029BBF0,4,rel32-call/jmp,1,ret+int3,
0x0029BC00,4,rel32-call/jmp,1,ret+int3,
0x0029BC10,4,rel32-call/jmp,1,ret+int3,
0x0029BC40,4,rel32-call/jmp,1,ret+int3,
0x0029BC60,4,rel32-call/jmp,1,ret+int3,
0x0029BC70,4,rel32-call/jmp,1,ret+int3,
0x0029BCA0,4,rel32-call/jmp,1,ret+int3,
0x0029BCB0,4,rel32-call/jmp,1,ret+int3,
0x0029BEC0,4,rel32-call/jmp,1,ret+int3,
0x0029BED0,4,rel32-call/jmp,1,ret+int3,
0x0029C110,3,rel32-call/jmp,1,ret+int3,
0x0029C120,1,rel32-call/jmp,1,ret+int3,
0x0029C150,1,rel32-call/jmp,1,ret+int3,
0x0029C230,1,rel32-call/jmp,1,ret+int3,
0x0029C240,4,rel32-call/jmp,1,ret+int3,
0x0029C250,4,rel32-call/jmp,1,ret+int3,
0x0029CC30,4,rel32-call/jmp,1,ret+int3,
0x0029CC40,4,rel32-call/jmp,1,ret+int3,
0x0029FE20,4,rel32-call/jmp,1,ret+int3,
0x002A01B0,4,rel32-call/jmp,1,ret+int3,
0x002A04D0,4,rel32-call/jmp,1,ret+int3,
0x002A08A0,4,rel32-call/jmp,1,ret+int3,
0x002A1360,3,rel32-call/jmp,1,ret+int3,
0x002A1370,1,rel32-call/jmp,1,ret+int3,
0x002A13D0,1,rel32-call/jmp,1,ret+int3,
0x002A14A0,1,rel32-call/jmp,1,ret+int3,
0x002A1620,4,rel32-call/jmp,1,ret+int3,
0x002A1870,1,rel32-call/jmp,1,ret+int3,
0x002A3630,4,rel32-call/jmp,1,ret+int3,
0x002A4200,4,rel32-call/jmp,1,ret+int3,
0x002A4250,4,rel32-call/jmp,1,ret+int3,
0x002A5940,13,rel32-call/jmp,1,ret+int3,
0x002A5950,14,rel32-call/jmp,1,ret+int3,
0x002A5A90,4,rel32-call/jmp,1,ret+int3,
0x002A68F0,170,rel32-call/jmp;ghidra-start,1,ghidra-size,FUN_006a68f0
0x002AAF20,4,rel32-call/jmp,1,ret+int3,
0x002AB490,4,rel32-call/jmp,1,ret+int3,
0x002AC060,4,rel32-call/jmp,1,ret+int3,
0x002AE1F0,4,rel32-call/jmp,1,ret+int3,
0x002AEFB0,67,ghidra-start,0,ghidra-size,FUN_006aefb0
0x002AF1D0,4,rel32-call/jmp,1,ret+int3,
0x002AF6D0,126,rel32-call/jmp;ghidra-start,1,ghidra-size,FUN_006af6d0
0x002B0AA0,4,rel32-call/jmp,1,ret+int3,
0x002B0FA0,3,rel32-call/jmp,1,ret+int3,
0x002B0FC0,3,rel32-call/jmp,1,ret+int3,
0x002B0FD0,3,rel32-call/jmp,1,ret+int3,
0x002B1030,4,rel32-call/jmp,1,ret+int3,
0x002B2130,3,rel32-call/jmp,1,ret+int3,
0x002B2140,3,rel32-call/jmp,1,ret+int3,
0x002B2AF0,1,rel32-call/jmp,1,ret+int3,
0x002B2B00,3,rel32-call/jmp,1,ret+int3,
0x002B2B10,4,rel32-call/jmp,1,ret+int3,
0x002B2BC0,4,rel32-call/jmp,1,ret+int3,
0x002B2E60,184,rel32-call/jmp;ghidra-start,1,ghidra-size,FUN_006b2e60
0x002B3070,4,rel32-call/jmp,1,ret+int3,
0x002B4310,9,rel32-call/jmp,1,ret+int3,
0x002B46E0,4,rel32-call/jmp,1,ret+int3,
0x002B4C00,1196,rel32-call/jmp;ghidra-start,1,ghidra-size,FUN_006b4c00
0x002B5390,4,rel32-call/jmp,1,ret+int3,
0x002B5CC0,620,rel32-call/jmp;ghidra-start,1,ghidra-size,FUN_006b5cc0
0x002B6470,1,rel32-call/jmp,1,ret+int3,
0x002B6630,1,rel32-call/jmp,1,ret+int3,
0x002B6830,4,rel32-call/jmp,1,ret+int3,
0x002B6870,7,rel32-call/jmp,1,ret+int3,
0x002B6AD0,4,rel32-call/jmp,1,ret+int3,
0x002B6E70,10,rel32-call/jmp,1,ret+int3,
0x002B6F60,50,rel32-call/jmp,1,ret+int3,
0x002B7350,1,rel32-call/jmp,1,ret+int3,
0x002B7360,6,rel32-call/jmp,1,ret+int3,
0x002B73C0,1,rel32-call/jmp,1,ret+int3,
0x002B7430,1,rel32-call/jmp,1,ret+int3,
0x002B7620,1,rel32-call/jmp,1,ret+int3,
0x002B76D0,1,rel32-call/jmp,1,ret+int3,
0x002B77D0,1,rel32-call/jmp,1,ret+int3,
0x002B7830,3,rel32-call/jmp,1,ret+int3,
0x002B7840,3,rel32-call/jmp,1,ret+int3,
0x002B7850,1,rel32-call/jmp,1,ret+int3,
0x002B9F50,3,rel32-call/jmp,1,ret+int3,
0x002BA010,4,rel32-call/jmp,1,ret+int3,
0x002BA020,4,rel32-call/jmp,1,ret+int3,
0x002BB850,3,rel32-call/jmp,1,ret+int3,
0x002BB8D0,16,rel32-call/jmp,1,ret+int3,
0x002BB920,29,rel32-call/jmp,1,ret+int3,
0x002BB9E0,13,rel32-call/jmp,1,ret+int3,
0x002BB9F0,7,rel32-call/jmp,1,ret+int3,
0x002BBBE0,4,rel32-call/jmp,1,ret+int3,
0x002BBBF0,1,rel32-call/jmp,1,ret+int3,
0x002BBC00,4,rel32-call/jmp,1,ret+int3,
0x002BBC10,4,rel32-call/jmp,1,ret+int3,
0x002BBC20,4,rel32-call/jmp,1,ret+int3,
0x002BBC30,4,rel32-call/jmp,1,ret+int3,
0x002BBD00,1,rel32-call/jmp,1,ret+int3,
0x002BC010,1,rel32-call/jmp,1,ret+int3,
0x002BC040,3,rel32-call/jmp,1,ret+int3,
0x002BC0A0,3,rel32-call/jmp,1,ret+int3,
0x002BC250,1,rel32-call/jmp,1,ret+int3,
0x002BC3C0,3,rel32-call/jmp,1,ret+int3,
0x002BC3E0,3,rel32-call/jmp,1,ret+int3,
0x002BC3F0,1,rel32-call/jmp,1,ret+int3,
0x002BC660,3,rel32-call/jmp,1,ret+int3,
0x002BC710,1,rel32-call/jmp,1,ret+int3,
0x002BC810,4,rel32-call/jmp,1,ret+int3,
0x002BC830,13,rel32-call/jmp,1,ret+int3,
0x002BC840,38,rel32-call/jmp,1,ret+int3,
0x002BCC70,1,rel32-call/jmp,1,ret+int3,
0x002BECC0,3,rel32-call/jmp,1,ret+int3,
0x002C05A0,1,rel32-call/jmp,1,ret+int3,
0x002C1250,6,rel32-call/jmp,1,ret+int3,
0x002C26E0,3,rel32-call/jmp,1,ret+int3,
0x002C2700,3,rel32-call/jmp,1,ret+int3,
0x002C2C10,428,rel32-call/jmp;ghidra-start,1,ghidra-size,FUN_006c2c10
0x002C4230,3,rel32-call/jmp,1,ret+int3,
0x002C4240,3,rel32-call/jmp,1,ret+int3,
0x002C4250,3,rel32-call/jmp,1,ret+int3,
0x002C4260,3,rel32-call/jmp,1,ret+int3,
0x002C4270,3,rel32-call/jmp,1,ret+int3,
0x002C4280,3,rel32-call/jmp,1,ret+int3,
0x002C4290,3,rel32-call/jmp,1,ret+int3,
0x002C42A0,3,rel32-call/jmp,1,ret+int3,
0x002C42B0,3,rel32-call/jmp,1,ret+int3,
0x002C42C0,3,rel32-call/jmp,1,ret+int3,
0x002C5690,4,rel32-call/jmp,1,ret+int3,
0x002C56E0,4,rel32-call/jmp,1,ret+int3,
0x002C5720,3,rel32-call/jmp,1,ret+int3,
0x002C5730,3,rel32-call/jmp,1,ret+int3,
0x002C5A30,1,rel32-call/jmp,1,ret+int3,
0x002C5A40,3,rel32-call/jmp,1,ret+int3,
0x002C5A50,3,rel32-call/jmp,1,ret+int3,
0x002C5A60,3,rel32-call/jmp,1,ret+int3,
0x002C5AC0,3,rel32-call/jmp,1,ret+int3,
0x002C5B20,3,rel32-call/jmp,1,ret+int3,
0x002C5D90,4,rel32-call/jmp,1,ret+int3,
0x002C6140,1,rel32-call/jmp,1,ret+int3,
0x002C6160,3,rel32-call/jmp,1,ret+int3,
0x002C61B0,1,rel32-call/jmp,1,ret+int3,
0x002C61D0,3,rel32-call/jmp,1,ret+int3,
0x002C61E0,3,rel32-call/jmp,1,ret+int3,
0x002C6230,1,rel32-call/jmp,1,ret+int3,
0x002C6250,3,rel32-call/jmp,1,ret+int3,
0x002C62A0,1,rel32-call/jmp,1,ret+int3,
0x002C62C0,3,rel32-call/jmp,1,ret+int3,
0x002C6310,3,rel32-call/jmp,1,ret+int3,
0x002C6320,3,rel32-call/jmp,1,ret+int3,
0x002C6330,1,rel32-call/jmp,1,ret+int3,
0x002C6340,44,rel32-call/jmp,1,ret+int3,
0x002C6390,3,rel32-call/jmp,1,ret+int3,
0x002C63E0,3,rel32-call/jmp,1,ret+int3,
0x002C63F0,3,rel32-call/jmp,1,ret+int3,
0x002C6400,1,rel32-call/jmp,1,ret+int3,
0x002C6410,3,rel32-call/jmp,1,ret+int3,
0x002C6420,3,rel32-call/jmp,1,ret+int3,
0x002C6CC0,213,rel32-call/jmp,1,ret+int3,
0x002C7250,177,rel32-call/jmp,1,ret+int3,
0x002C7650,4,rel32-call/jmp,1,ret+int3,
0x002C7A60,3,rel32-call/jmp,1,ret+int3,
0x002C7A70,1,rel32-call/jmp,1,ret+int3,
0x002C7DC0,7,rel32-call/jmp,1,ret+int3,
0x002C7E20,7,rel32-call/jmp,1,ret+int3,
0x002C7E80,3,rel32-call/jmp,1,ret+int3,
0x002C8170,1,rel32-call/jmp,1,ret+int3,
0x002C8270,3,rel32-call/jmp,1,ret+int3,
0x002C8280,3,rel32-call/jmp,1,ret+int3,
0x002C8290,3,rel32-call/jmp,1,ret+int3,
0x002C82B0,3,rel32-call/jmp,1,ret+int3,
0x002C8320,4,rel32-call/jmp,1,ret+int3,
0x002C8540,13,rel32-call/jmp,1,ret+int3,
0x002C8550,13,rel32-call/jmp,1,ret+int3,
0x002C91D0,3,rel32-call/jmp,1,ret+int3,
0x002C91E0,1,rel32-call/jmp,1,ret+int3,
0x002C9230,3,rel32-call/jmp,1,ret+int3,
0x002C9240,3,rel32-call/jmp,1,ret+int3,
0x002C9250,1,rel32-call/jmp,1,ret+int3,
0x002CA7A0,3,rel32-call/jmp,1,ret+int3,
0x002CA7B0,1,rel32-call/jmp,1,ret+int3,
0x002CA820,3,rel32-call/jmp,1,ret+int3,
0x002CAAE0,4,rel32-call/jmp,1,ret+int3,
0x002CAC70,1,rel32-call/jmp,1,ret+int3,
0x002CB0A0,323,rel32-call/jmp;ghidra-start,1,ghidra-size,FUN_006cb0a0
0x002CDAC0,4,rel32-call/jmp,1,ret+int3,
0x002CDBB0,4,rel32-call/jmp,1,ret+int3,
0x002CE4E0,4,rel32-call/jmp,1,ret+int3,
0x002CEDB0,3,rel32-call/jmp,1,ret+int3,
0x002CEE90,4,rel32-call/jmp,1,ret+int3,
0x002CF280,4,rel32-call/jmp,1,ret+int3,
0x002CFC60,3,rel32-call/jmp,1,ret+int3,
0x002CFC80,3,rel32-call/jmp,1,ret+int3,
0x002CFC90,3,rel32-call/jmp,1,ret+int3,
0x002CFD30,4,rel32-call/jmp,1,ret+int3,
0x002D0600,4,rel32-call/jmp,1,ret+int3,
0x002D1450,3,rel32-call/jmp,1,ret+int3,
0x002D1470,4,rel32-call/jmp,1,ret+int3,
0x002D16C0,3,rel32-call/jmp,1,ret+int3,
0x002D16D0,3,rel32-call/jmp,1,ret+int3,
0x002D16E0,3,rel32-call/jmp,1,ret+int3,
0x002D16F0,3,rel32-call/jmp,1,ret+int3,
0x002D2260,3,rel32-call/jmp,1,ret+int3,
0x002D2270,3,rel32-call/jmp,1,ret+int3,
0x002D22E0,4,rel32-call/jmp,1,ret+int3,
0x002D2AA0,4,rel32-call/jmp,1,ret+int3,
0x002D2B10,3,rel32-call/jmp,1,ret+int3,
0x002D2E70,4,rel32-call/jmp,1,ret+int3,
0x002D3260,4,rel32-call/jmp,1,ret+int3,
0x002D37A0,1,rel32-call/jmp,1,ret+int3,
0x002D37C0,4,rel32-call/jmp,1,ret+int3,
0x002D3860,3,rel32-call/jmp,1,ret+int3,
0x002D3DD0,1,rel32-call/jmp,1,ret+int3,
0x002D3DF0,4,rel32-call/jmp,1,ret+int3,
0x002D4160,4,rel32-call/jmp,1,ret+int3,
0x002D4200,3,rel32-call/jmp,1,ret+int3,
0x002D4520,1,rel32-call/jmp,1,ret+int3,
0x002D4530,4,rel32-call/jmp,1,ret+int3,
0x002D4550,4,rel32-call/jmp,1,ret+int3,
0x002D4CF0,1,rel32-call/jmp,1,ret+int3,
0x002D4D10,4,rel32-call/jmp,1,ret+int3,
0x002D4D80,3,rel32-call/jmp,1,ret+int3,
0x002D4F90,4,rel32-call/jmp,1,ret+int3,
0x002D5030,3,rel32-call/jmp,1,ret+int3,
0x002D52E0,3,rel32-call/jmp,1,ret+int3,
0x002D5570,4,rel32-call/jmp,1,ret+int3,
0x002D55F0,269,rel32-call/jmp,1,ret+int3,
0x002D5ED0,4,rel32-call/jmp,1,ret+int3,
0x002D5F70,1,rel32-call/jmp,1,ret+int3,
0x002D5F80,3,rel32-call/jmp,1,ret+int3,
0x002D6150,4,rel32-call/jmp,1,ret+int3,
0x002D61C0,3,rel32-call/jmp,1,ret+int3,
0x002D6400,3,rel32-call/jmp,1,ret+int3,
0x002D6550,45,rel32-call/jmp,1,ret+int3,
0x002D6690,4,rel32-call/jmp,1,ret+int3,
0x002D6BE0,3,rel32-call/jmp,1,ret+int3,
0x002D6C10,4,rel32-call/jmp;ghidra-start,1,ghidra-size,FUN_006d6c10
0x002D6C20,1,rel32-call/jmp,1,ret+int3,
0x002D6CF0,4,rel32-call/jmp,1,ret+int3,
0x002D71D0,224,rel32-call/jmp,1,ret+int3,
0x002D72F0,552,rel32-call/jmp,1,ret+int3,
0x002D7730,4,rel32-call/jmp,1,ret+int3,
0x002D7B00,3,rel32-call/jmp,1,ret+int3,
0x002D7D90,4,rel32-call/jmp,1,ret+int3,
0x002D7E30,3,rel32-call/jmp,1,ret+int3,
0x002D8060,3,rel32-call/jmp,1,ret+int3,
0x002D8220,1,rel32-call/jmp,1,ret+int3,
0x002D8260,3,rel32-call/jmp,1,ret+int3,
0x002D8270,3,rel32-call/jmp,1,ret+int3,
0x002D82A0,4,rel32-call/jmp,1,ret+int3,
0x002D8390,4,rel32-call/jmp,1,ret+int3,
0x002D8410,3,rel32-call/jmp,1,ret+int3,
0x002D8C10,294,rel32-call/jmp;ghidra-start,1,ghidra-size,FUN_006d8c10
0x002D93A0,4,rel32-call/jmp,1,ret+int3,
0x002D9440,3,rel32-call/jmp,1,ret+int3,
0x002D9720,4,rel32-call/jmp,1,ret+int3,
0x002D97C0,3,rel32-call/jmp,1,ret+int3,
0x002D9AA0,3,rel32-call/jmp,1,ret+int3,
0x002D9B60,4,rel32-call/jmp,1,ret+int3,
0x002DA300,1,rel32-call/jmp,1,ret+int3,
0x002DA380,3,rel32-call/jmp,1,ret+int3,
0x002DA540,3,rel32-call/jmp,1,ret+int3,
0x002DA6A0,4,rel32-call/jmp,1,ret+int3,
0x002DAB90,3,rel32-call/jmp,1,ret+int3,
0x002DABA0,3,rel32-call/jmp,1,ret+int3,
0x002DABB0,3,rel32-call/jmp,1,ret+int3,
0x002DABC0,3,rel32-call/jmp,1,ret+int3,
0x002DABD0,3,rel32-call/jmp,1,ret+int3,
0x002DAC50,3,rel32-call/jmp,1,ret+int3,
0x002DB0E0,3,rel32-call/jmp,1,ret+int3,
0x002DB1C0,4,rel32-call/jmp,1,ret+int3,
0x002DB250,3,rel32-call/jmp,1,ret+int3,
0x002DB260,1,rel32-call/jmp,1,ret+int3,
0x002DB270,3,rel32-call/jmp,1,ret+int3,
0x002DB280,1,rel32-call/jmp,1,ret+int3,
0x002DB290,44,rel32-call/jmp,1,ret+int3,
0x002DB3F0,59,rel32-call/jmp;ghidra-start,1,ghidra-size,FUN_006db3f0
0x002DC3D0,264,rel32-call/jmp;ghidra-start,1,ghidra-size,FUN_006dc3d0
0x002DC5D0,3,rel32-call/jmp,1,ret+int3,
0x002DC5E0,3,rel32-call/jmp,1,ret+int3,
0x002DCBF0,3,rel32-call/jmp,1,ret+int3,
0x002DCC00,3,rel32-call/jmp,1,ret+int3,
0x002DCF70,428,rel32-call/jmp,1,ret+int3,
0x002DD680,756,rel32-call/jmp;ghidra-start,1,ghidra-size,FUN_006dd680
0x002DDC30,3,rel32-call/jmp,1,ret+int3,
0x002DE1C0,4,rel32-call/jmp,1,ret+int3,
0x002DE730,3,rel32-call/jmp,1,ret+int3,
0x002DE740,4,rel32-call/jmp,1,ret+int3,
0x002DE9A0,3,rel32-call/jmp,1,ret+int3,
0x002DEC30,3,rel32-call/jmp,1,ret+int3,
0x002DF360,275,rel32-call/jmp;ghidra-start,1,ghidra-size,FUN_006df360
0x002DF690,3,rel32-call/jmp,1,ret+int3,
0x002DF770,4,rel32-call/jmp,1,ret+int3,
0x002DF820,3,rel32-call/jmp,1,ret+int3,
0x002DF830,1,rel32-call/jmp,1,ret+int3,
0x002DF8B0,1,rel32-call/jmp,1,ret+int3,
0x002DF9D0,3,rel32-call/jmp,1,ret+int3,
0x002DF9E0,3,rel32-call/jmp,1,ret+int3,
0x002DF9F0,3,rel32-call/jmp,1,ret+int3,
0x002E0250,194,rel32-call/jmp;ghidra-start,1,ghidra-size,FUN_006e0250
0x002E22F0,654,rel32-call/jmp;ghidra-start,1,ghidra-size,FUN_006e22f0
0x002E2630,4,rel32-call/jmp,1,ret+int3,
0x002E2640,4,rel32-call/jmp,1,ret+int3,
0x002E2650,4,rel32-call/jmp,1,ret+int3,
0x002E2660,4,rel32-call/jmp,1,ret+int3,
0x002E2670,3,rel32-call/jmp,1,ret+int3,
0x002E26A0,4,rel32-call/jmp,1,ret+int3,
0x002E27E0,4,rel32-call/jmp,1,ret+int3,
0x002E2860,1,rel32-call/jmp,1,ret+int3,
0x002E2C50,3,rel32-call/jmp,1,ret+int3,
0x002E2C60,1,rel32-call/jmp,1,ret+int3,
0x002E2C90,3,rel32-call/jmp,1,ret+int3,
0x002E2CA0,1,rel32-call/jmp,1,ret+int3,
0x002E2CB0,3,rel32-call/jmp,1,ret+int3,
0x002E2CE0,4,rel32-call/jmp,1,ret+int3,
0x002E2CF0,3,rel32-call/jmp,1,ret+int3,
0x002E2D00,1,rel32-call/jmp,1,ret+int3,
0x002E2D10,3,rel32-call/jmp,1,ret+int3,
0x002E2D40,4,rel32-call/jmp,1,ret+int3,
0x002E2D50,3,rel32-call/jmp,1,ret+int3,
0x002E2D60,1,rel32-call/jmp,1,ret+int3,
0x002E2D90,1,rel32-call/jmp,1,ret+int3,
0x002E2DA0,1,rel32-call/jmp,1,ret+int3,
0x002E2DB0,1,rel32-call/jmp,1,ret+int3,
0x002E2DC0,1,rel32-call/jmp,1,ret+int3,
0x002E3240,1,rel32-call/jmp,1,ret+int3,
0x002E3250,1,rel32-call/jmp,1,ret+int3,
0x002E3260,1,rel32-call/jmp,1,ret+int3,
0x002E3270,3,rel32-call/jmp,1,ret+int3,
0x002E3280,3,rel32-call/jmp,1,ret+int3,
0x002E3290,3,rel32-call/jmp,1,ret+int3,
0x002E3360,55,rel32-call/jmp;ghidra-start,1,ghidra-size,FUN_006e3360
0x002E3B40,44,rel32-call/jmp,1,ret+int3,
0x002E3B80,44,rel32-call/jmp,1,ret+int3,
0x002E3F70,1,rel32-call/jmp,1,ret+int3,
0x002E3F80,1,rel32-call/jmp,1,ret+int3,
0x002E3F90,1,rel32-call/jmp,1,ret+int3,
0x002E4FA0,1,rel32-call/jmp,1,ret+int3,
0x002E4FB0,1,rel32-call/jmp,1,ret+int3,
0x002E4FC0,1,rel32-call/jmp,1,ret+int3,
0x002E5090,229,rel32-call/jmp;ghidra-start,1,ghidra-size,FUN_006e5090
0x002E5710,1,rel32-call/jmp,1,ret+int3,
0x002E5720,1,rel32-call/jmp,1,ret+int3,
0x002E5730,1,rel32-call/jmp,1,ret+int3,
0x002E64C0,183,rel32-call/jmp,1,ret+int3,
0x002E6850,335,rel32-call/jmp,1,ret+int3,
0x002E6F50,250,rel32-call/jmp,1,ret+int3,
0x002E7740,141,rel32-call/jmp,1,ret+int3,
0x002E86B0,534,rel32-call/jmp,1,ret+int3,
0x002EB090,198,rel32-call/jmp;ghidra-start,1,ghidra-size,FUN_006eb090
0x002EB5A0,1,rel32-call/jmp,1,ret+int3,
0x002EC0A0,1382,rel32-call/jmp;ghidra-start,1,ghidra-size,FUN_006ec0a0
0x002EC840,264,rel32-call/jmp;ghidra-start,1,ghidra-size,FUN_006ec840
0x002ED180,4,rel32-call/jmp,1,ret+int3,
0x002ED190,4,rel32-call/jmp,1,ret+int3,
0x002ED1C0,13,rel32-call/jmp,1,ret+int3,
0x002ED1D0,13,rel32-call/jmp,1,ret+int3,
0x002ED1E0,13,rel32-call/jmp,1,ret+int3,
0x002ED200,13,rel32-call/jmp,1,ret+int3,
0x002ED210,7,rel32-call/jmp,1,ret+int3,
0x002ED280,13,rel32-call/jmp,1,ret+int3,
0x002ED290,13,rel32-call/jmp,1,ret+int3,
0x002ED3F0,13,rel32-call/jmp,1,ret+int3,
0x002ED400,13,rel32-call/jmp,1,ret+int3,
0x002ED410,13,rel32-call/jmp,1,ret+int3,
0x002ED420,13,rel32-call/jmp,1,ret+int3,
0x002ED4B0,4,rel32-call/jmp,1,ret+int3,
0x002ED4E0,4,rel32-call/jmp,1,ret+int3,
0x002ED4F0,4,rel32-call/jmp,1,ret+int3,
0x002ED500,4,rel32-call/jmp,1,ret+int3,
0x002ED540,13,rel32-call/jmp,1,ret+int3,
0x002ED550,32,rel32-call/jmp,1,ret+int3,
0x002EE5D0,1,rel32-call/jmp,1,ret+int3,
0x002EED90,3,rel32-call/jmp,1,ret+int3,
0x002EEDA0,135,rel32-call/jmp;ghidra-start,1,ghidra-size,FUN_006eeda0
0x002EEE60,172,rel32-call/jmp;ghidra-start,1,ghidra-size,FUN_006eee60
0x002EEF40,135,rel32-call/jmp;ghidra-start,1,ghidra-size,FUN_006eef40
0x002EF000,3,rel32-call/jmp,1,ret+int3,
0x002EF110,126,rel32-call/jmp;ghidra-start,1,ghidra-size,FUN_006ef110
0x002EF1C0,126,rel32-call/jmp;ghidra-start,1,ghidra-size,FUN_006ef1c0
0x002EF6B0,3,rel32-call/jmp,1,ret+int3,
0x002EFE80,1,rel32-call/jmp,1,ret+int3,
0x002EFF30,77,rel32-call/jmp;ghidra-start,1,ghidra-size,FUN_006eff30
0x002F08E0,3,rel32-call/jmp,1,ret+int3,
0x002F08F0,3,rel32-call/jmp,1,ret+int3,
0x002F0900,3,rel32-call/jmp,1,ret+int3,
0x002F0910,3,rel32-call/jmp,1,ret+int3,
0x002F0920,3,rel32-call/jmp,1,ret+int3,
0x002F0BE0,161,rel32-call/jmp;ghidra-start,1,ghidra-size,FUN_006f0be0
0x002F12F0,3,rel32-call/jmp,1,ret+int3,
0x002F1300,3,rel32-call/jmp,1,ret+int3,
0x002F1310,1,rel32-call/jmp,1,ret+int3,
0x002F1320,1,rel32-call/jmp,1,ret+int3,
0x002F2120,306,rel32-call/jmp;ghidra-start,1,ghidra-size,FUN_006f2120
0x002F28E0,196,rel32-call/jmp;ghidra-start,1,ghidra-size,FUN_006f28e0
0x002F4800,132,rel32-call/jmp;ghidra-start,1,ghidra-size,FUN_006f4800
0x002F48B0,278,rel32-call/jmp;ghidra-start,1,ghidra-size,FUN_006f48b0
0x002F7820,526,rel32-call/jmp;ghidra-start,1,ghidra-size,FUN_006f7820
0x002F9A80,376,rel32-call/jmp;ghidra-start,1,ghidra-size,FUN_006f9a80
0x002FABE0,277,rel32-call/jmp;ghidra-start,1,ghidra-size,FUN_006fabe0
0x002FD010,492,rel32-call/jmp;ghidra-start,1,ghidra-size,FUN_006fd010
0x002FE270,625,rel32-call/jmp;ghidra-start,1,ghidra-size,FUN_006fe270
0x002FF0C0,698,rel32-call/jmp;ghidra-start,1,ghidra-size,FUN_006ff0c0
0x002FF430,649,rel32-call/jmp;ghidra-start,1,ghidra-size,FUN_006ff430
0x002FFDB0,828,rel32-call/jmp;ghidra-start,1,ghidra-size,FUN_006ffdb0
0x00321EA0,4,rel32-call/jmp,1,ret+int3,
0x00321EB0,4,rel32-call/jmp,1,ret+int3,
0x00321F00,4,rel32-call/jmp,1,ret+int3,
0x00321F20,4,rel32-call/jmp,1,ret+int3,
0x00321F30,4,rel32-call/jmp,1,ret+int3,
0x00321F50,4,rel32-call/jmp,1,ret+int3,
0x00321F80,4,rel32-call/jmp,1,ret+int3,
0x00321F90,4,rel32-call/jmp,1,ret+int3,
0x00321FA0,4,rel32-call/jmp,1,ret+int3,
0x00322030,4,rel32-call/jmp,1,ret+int3,
0x003220F0,1,rel32-call/jmp,1,ret+int3,
0x00322420,1,rel32-call/jmp,1,ret+int3,
0x00323340,216,rel32-call/jmp;ghidra-start,1,ghidra-size,FUN_00723340
0x003239A0,201,rel32-call/jmp;ghidra-start,1,ghidra-size,FUN_007239a0
0x003248E0,258,rel32-call/jmp;ghidra-start,1,ghidra-size,FUN_007248e0
0x003252A0,307,rel32-call/jmp;ghidra-start,1,ghidra-size,FUN_007252a0
0x003254B0,241,rel32-call/jmp;ghidra-start,1,ghidra-size,FUN_007254b0
0x00325700,371,rel32-call/jmp;ghidra-start,1,ghidra-size,FUN_00725700
0x00325970,297,rel32-call/jmp;ghidra-start,1,ghidra-size,FUN_00725970
0x00325BC0,142,rel32-call/jmp;ghidra-start,1,ghidra-size,FUN_00725bc0
0x003269C0,452,rel32-call/jmp;ghidra-start,1,ghidra-size,FUN_007269c0
0x00326C00,323,rel32-call/jmp;ghidra-start,1,ghidra-size,FUN_00726c00
0x00326DA0,323,rel32-call/jmp;ghidra-start,1,ghidra-size,FUN_00726da0
0x00326F40,518,rel32-call/jmp;ghidra-start,1,ghidra-size,FUN_00726f40
0x00327260,216,rel32-call/jmp;ghidra-start,1,ghidra-size,FUN_00727260
0x00327A00,646,rel32-call/jmp;ghidra-start,1,ghidra-size,FUN_00727a00
0x00328020,730,rel32-call/jmp;ghidra-start,1,ghidra-size,FUN_00728020
0x00328680,274,rel32-call/jmp;ghidra-start,1,ghidra-size,FUN_00728680
0x00328CC0,909,rel32-call/jmp;ghidra-start,1,ghidra-size,FUN_00728cc0
0x00329230,200,rel32-call/jmp;ghidra-start,1,ghidra-size,FUN_00729230
0x0032A710,858,rel32-call/jmp;ghidra-start,1,ghidra-size,FUN_0072a710
0x0032ABC0,721,rel32-call/jmp;ghidra-start,1,ghidra-size,FUN_0072abc0
0x0032B8D0,471,rel32-call/jmp;ghidra-start,1,ghidra-size,FUN_0072b8d0
0x0032BC80,721,rel32-call/jmp;ghidra-start,1,ghidra-size,FUN_0072bc80
0x0032CB00,349,rel32-call/jmp;ghidra-start,1,ghidra-size,FUN_0072cb00
0x0032CDB0,308,rel32-call/jmp;ghidra-start,1,ghidra-size,FUN_0072cdb0
0x0032CFC0,651,rel32-call/jmp;ghidra-start,1,ghidra-size,FUN_0072cfc0
0x00336550,4,rel32-call/jmp,1,ret+int3,
0x003365B0,4,rel32-call/jmp,1,ret+int3,
0x003365C0,4,rel32-call/jmp,1,ret+int3,
0x003365D0,4,rel32-call/jmp,1,ret+int3,
0x003365E0,4,rel32-call/jmp,1,ret+int3,
0x00336600,4,rel32-call/jmp,1,ret+int3,
0x00336620,4,rel32-call/jmp,1,ret+int3,
0x00336650,4,rel32-call/jmp,1,ret+int3,
0x00336660,4,rel32-call/jmp,1,ret+int3,
0x00336670,4,rel32-call/jmp,1,ret+int3,
0x00336680,4,rel32-call/jmp,1,ret+int3,
0x00336690,3,rel32-call/jmp,1,ret+int3,
0x003366A0,4,rel32-call/jmp,1,ret+int3,
0x003366C0,6,rel32-call/jmp,1,ret+int3,
0x003366F0,4,rel32-call/jmp,1,ret+int3,
0x00336700,1,rel32-call/jmp,1,ret+int3,
0x00336710,4,rel32-call/jmp,1,ret+int3,
0x003367D0,4,rel32-call/jmp,1,ret+int3,
0x00336850,3,rel32-call/jmp,1,ret+int3,
0x00336890,3,rel32-call/jmp,1,ret+int3,
0x003368A0,1,rel32-call/jmp,1,ret+int3,
0x00336D00,3,rel32-call/jmp,1,ret+int3,
0x00336D60,5,rel32-call/jmp,1,ret+int3,
0x00336D70,3,rel32-call/jmp,1,ret+int3,
0x00336D80,3,rel32-call/jmp,1,ret+int3,
0x00337340,3,rel32-call/jmp,1,ret+int3,
0x00337350,1,rel32-call/jmp,1,ret+int3,
0x00337360,4,rel32-call/jmp,1,ret+int3,
0x00337370,3,rel32-call/jmp,1,ret+int3,
0x003373A0,3,rel32-call/jmp,1,ret+int3,
0x003373B0,1,rel32-call/jmp,1,ret+int3,
0x003373C0,3,rel32-call/jmp,1,ret+int3,
0x003373D0,1,rel32-call/jmp,1,ret+int3,
0x003373E0,3,rel32-call/jmp,1,ret+int3,
0x003373F0,1,rel32-call/jmp,1,ret+int3,
0x00337440,3,rel32-call/jmp,1,ret+int3,
0x00337450,1,rel32-call/jmp,1,ret+int3,
0x003374A0,3,rel32-call/jmp,1,ret+int3,
0x003374B0,1,rel32-call/jmp,1,ret+int3,
0x003374C0,3,rel32-call/jmp,1,ret+int3,
0x003374F0,4,rel32-call/jmp,1,ret+int3,
0x00337520,3,rel32-call/jmp,1,ret+int3,
0x00337530,1,rel32-call/jmp,1,ret+int3,
0x00337560,3,rel32-call/jmp,1,ret+int3,
0x00337570,1,rel32-call/jmp,1,ret+int3,
0x00337710,3,rel32-call/jmp,1,ret+int3,
0x00337820,4,rel32-call/jmp,1,ret+int3,
0x00337830,3,rel32-call/jmp,1,ret+int3,
0x00337840,1,rel32-call/jmp,1,ret+int3,
0x00337850,4,rel32-call/jmp,1,ret+int3,
0x00337860,3,rel32-call/jmp,1,ret+int3,
0x00337870,1,rel32-call/jmp,1,ret+int3,
0x00337880,4,rel32-call/jmp,1,ret+int3,
0x00337890,3,rel32-call/jmp,1,ret+int3,
0x003378A0,1,rel32-call/jmp,1,ret+int3,
0x003378B0,4,rel32-call/jmp,1,ret+int3,
0x003378C0,3,rel32-call/jmp,1,ret+int3,
0x003378D0,1,rel32-call/jmp,1,ret+int3,
0x003378E0,4,rel32-call/jmp,1,ret+int3,
0x00337950,6,rel32-call/jmp,1,ret+int3,
0x00337960,6,rel32-call/jmp,1,ret+int3,
0x00337990,6,rel32-call/jmp,1,ret+int3,
0x003379C0,1,rel32-call/jmp,1,ret+int3,
0x003379D0,1,rel32-call/jmp,1,ret+int3,
0x003379E0,1,rel32-call/jmp,1,ret+int3,
0x003379F0,1,rel32-call/jmp,1,ret+int3,
0x00337A00,1,rel32-call/jmp,1,ret+int3,
0x00337AB0,1,rel32-call/jmp,1,ret+int3,
0x00337AC0,3,rel32-call/jmp,1,ret+int3,
0x00337AD0,3,rel32-call/jmp,1,ret+int3,
0x00337AE0,1,rel32-call/jmp,1,ret+int3,
0x00337B70,1,rel32-call/jmp,1,ret+int3,
0x00337C00,1,rel32-call/jmp,1,ret+int3,
0x00337EA0,1,rel32-call/jmp,1,ret+int3,
0x00337F20,1,rel32-call/jmp,1,ret+int3,
0x00337FA0,1,rel32-call/jmp,1,ret+int3,
0x00338020,1,rel32-call/jmp,1,ret+int3,
0x003380B0,1,rel32-call/jmp,1,ret+int3,
0x003385D0,1,rel32-call/jmp,1,ret+int3,
0x00338640,1,rel32-call/jmp,1,ret+int3,
0x00338880,4,rel32-call/jmp,1,ret+int3,
0x00338E10,1,rel32-call/jmp,1,ret+int3,
0x00338E20,1,rel32-call/jmp,1,ret+int3,
0x00338E30,1,rel32-call/jmp,1,ret+int3,
0x00338E90,3,rel32-call/jmp,1,ret+int3,
0x00338EA0,3,rel32-call/jmp,1,ret+int3,
0x00338EB0,3,rel32-call/jmp,1,ret+int3,
0x00338F80,4,rel32-call/jmp,1,ret+int3,
0x00339A60,1,rel32-call/jmp,1,ret+int3,
0x00339D50,4,rel32-call/jmp,1,ret+int3,
0x00339D60,4,rel32-call/jmp,1,ret+int3,
0x00339D70,4,rel32-call/jmp,1,ret+int3,
0x00339D80,4,rel32-call/jmp,1,ret+int3,
0x00339D90,4,rel32-call/jmp,1,ret+int3,
0x0033A010,3,rel32-call/jmp,1,ret+int3,
0x0033A270,1,rel32-call/jmp,1,ret+int3,
0x0033A280,1,rel32-call/jmp,1,ret+int3,
0x0033A290,1,rel32-call/jmp,1,ret+int3,
0x0033A2A0,1,rel32-call/jmp,1,ret+int3,
0x0033A2B0,1,rel32-call/jmp,1,ret+int3,
0x0033A2C0,1,rel32-call/jmp,1,ret+int3,
0x0033A2D0,1,rel32-call/jmp,1,ret+int3,
0x0033A2E0,1,rel32-call/jmp,1,ret+int3,
0x0033A960,1,rel32-call/jmp,1,ret+int3,
0x0033A970,1,rel32-call/jmp,1,ret+int3,
0x0033A980,1,rel32-call/jmp,1,ret+int3,
0x0033B970,1,rel32-call/jmp,1,ret+int3,
0x0033B9E0,1,rel32-call/jmp,1,ret+int3,
0x0033B9F0,1,rel32-call/jmp,1,ret+int3,
0x0033C7B0,115,rel32-call/jmp;ghidra-start,1,ghidra-size,FUN_0073c7b0
0x0033D8B0,345,rel32-call/jmp;ghidra-start,1,ghidra-size,FUN_0073d8b0
0x00342E40,1052,rel32-call/jmp;ghidra-start,1,ghidra-size,FUN_00742e40
0x00343CD0,194,rel32-call/jmp;ghidra-start,1,ghidra-size,FUN_00743cd0
0x00344970,109,rel32-call/jmp;ghidra-start,1,ghidra-size,FUN_00744970
0x00346380,270,rel32-call/jmp;ghidra-start,1,ghidra-size,FUN_00746380
0x00347A50,267,rel32-call/jmp;ghidra-start,1,ghidra-size,FUN_00747a50
0x00348430,1921,rel32-call/jmp;ghidra-start,1,ghidra-size,FUN_00748430
0x00349A30,262,rel32-call/jmp;ghidra-start,1,ghidra-size,FUN_00749a30
0x00349B80,5975,rel32-call/jmp;ghidra-start,1,ghidra-size,FUN_00749b80
0x0034C0D0,652,rel32-call/jmp,1,ret+int3,
0x0034C420,4,rel32-call/jmp,1,ret+int3,
0x0034C550,6,rel32-call/jmp,1,ret+int3,
0x0034C580,3,rel32-call/jmp,1,ret+int3,
0x0034C5B0,3,rel32-call/jmp,1,ret+int3,
0x0034C650,1,rel32-call/jmp,1,ret+int3,
0x0034CE80,169,rel32-call/jmp,1,ret+int3,
0x0034FFF0,4,rel32-call/jmp,1,ret+int3,
0x00350000,1,rel32-call/jmp,1,ret+int3,
0x00350010,3,rel32-call/jmp,1,ret+int3,
0x00350020,23,rel32-call/jmp,1,ret+int3,
0x00350040,25,rel32-call/jmp,1,ret+int3,
0x00350060,4,rel32-call/jmp,1,ret+int3,
0x00350070,4,rel32-call/jmp,1,ret+int3,
0x003500E0,4,rel32-call/jmp,1,ret+int3,
0x00350120,3,rel32-call/jmp,1,ret+int3,
0x00350130,1,rel32-call/jmp,1,ret+int3,
0x00350140,3,rel32-call/jmp,1,ret+int3,
0x00350150,1,rel32-call/jmp,1,ret+int3,
0x00350160,3,rel32-call/jmp,1,ret+int3,
0x00350170,1,rel32-call/jmp,1,ret+int3,
0x003501B0,3,rel32-call/jmp,1,ret+int3,
0x003501C0,1,rel32-call/jmp,1,ret+int3,
0x00350200,3,rel32-call/jmp,1,ret+int3,
0x00350210,3,rel32-call/jmp,1,ret+int3,
0x00350220,3,rel32-call/jmp,1,ret+int3,
0x00350230,3,rel32-call/jmp,1,ret+int3,
0x00350240,1,rel32-call/jmp,1,ret+int3,
0x00350250,1,rel32-call/jmp,1,ret+int3,
0x00350260,1,rel32-call/jmp,1,ret+int3,
0x00350270,1,rel32-call/jmp,1,ret+int3,
0x00350280,1,rel32-call/jmp,1,ret+int3,
0x00350290,1,rel32-call/jmp,1,ret+int3,
0x00350560,1,rel32-call/jmp,1,ret+int3,
0x003505B0,1,rel32-call/jmp,1,ret+int3,
0x003506D0,4,rel32-call/jmp,1,ret+int3,
0x00350750,4,rel32-call/jmp,1,ret+int3,
0x00350760,3,rel32-call/jmp,1,ret+int3,
0x00350770,1,rel32-call/jmp,1,ret+int3,
0x003507B0,3,rel32-call/jmp,1,ret+int3,
0x003507C0,1,rel32-call/jmp,1,ret+int3,
0x00350840,3,rel32-call/jmp,1,ret+int3,
0x00350850,3,rel32-call/jmp,1,ret+int3,
0x00350860,1,rel32-call/jmp,1,ret+int3,
0x00350870,1,rel32-call/jmp,1,ret+int3,
0x00350880,1,rel32-call/jmp,1,ret+int3,
0x00350890,1,rel32-call/jmp,1,ret+int3,
0x00350A00,1,rel32-call/jmp,1,ret+int3,
0x00350A50,1,rel32-call/jmp,1,ret+int3,
0x00350B10,1,rel32-call/jmp,1,ret+int3,
0x00350B20,1,rel32-call/jmp,1,ret+int3,
0x00350B30,3,rel32-call/jmp,1,ret+int3,
0x00350B40,3,rel32-call/jmp,1,ret+int3,
0x00350B50,1,rel32-call/jmp,1,ret+int3,
0x00350B60,1,rel32-call/jmp,1,ret+int3,
0x00350B70,3,rel32-call/jmp,1,ret+int3,
0x00350B80,3,rel32-call/jmp,1,ret+int3,
0x00350B90,3,rel32-call/jmp,1,ret+int3,
0x00350BA0,3,rel32-call/jmp,1,ret+int3,
0x00350BB0,3,rel32-call/jmp,1,ret+int3,
0x00350C30,3,rel32-call/jmp,1,ret+int3,
0x00350CB0,3,rel32-call/jmp,1,ret+int3,
0x00350CC0,3,rel32-call/jmp,1,ret+int3,
0x00350CD0,3,rel32-call/jmp,1,ret+int3,
0x00350D50,3,rel32-call/jmp,1,ret+int3,
0x00351040,374,rel32-call/jmp;ghidra-start,1,ghidra-size,FUN_00751040
0x00351610,1,rel32-call/jmp,1,ret+int3,
0x00351620,1,rel32-call/jmp,1,ret+int3,
0x00351830,39,rel32-call/jmp,1,ret+int3,
0x00351860,39,rel32-call/jmp,1,ret+int3,
0x00351910,39,rel32-call/jmp,1,ret+int3,
0x00351940,39,rel32-call/jmp,1,ret+int3,
0x00351C80,1,rel32-call/jmp,1,ret+int3,
0x00351C90,1,rel32-call/jmp,1,ret+int3,
0x00351E80,1,rel32-call/jmp,1,ret+int3,
0x00351E90,1,rel32-call/jmp,1,ret+int3,
0x00352330,1,rel32-call/jmp,1,ret+int3,
0x00352340,1,rel32-call/jmp,1,ret+int3,
0x00352930,1,rel32-call/jmp,1,ret+int3,
0x00352C00,1,rel32-call/jmp,1,ret+int3,
0x003549E0,1,rel32-call/jmp,1,ret+int3,
0x003549F0,1,rel32-call/jmp,1,ret+int3,
0x00355190,1,rel32-call/jmp,1,ret+int3,
0x003551A0,1,rel32-call/jmp,1,ret+int3,
0x00358370,843,rel32-call/jmp;ghidra-start,1,ghidra-size,FUN_00758370
0x0035A060,347,ghidra-start,0,ghidra-size,FUN_0075a060
0x0035A2A0,350,ghidra-start,0,ghidra-size,FUN_0075a2a0
0x0035BC00,1,rel32-call/jmp,1,ret+int3,
0x0035BCE0,201,rel32-call/jmp,1,ret+int3,
0x0035BE10,321,rel32-call/jmp,1,ret+int3,
0x0035F0A0,25,rel32-call/jmp,1,ret+int3,
0x00360510,4,rel32-call/jmp,1,ret+int3,
0x00360520,4,rel32-call/jmp,1,ret+int3,
0x00360530,4,rel32-call/jmp,1,ret+int3,
0x00360570,4,rel32-call/jmp,1,ret+int3,
0x00360580,4,rel32-call/jmp,1,ret+int3,
0x00360590,4,rel32-call/jmp,1,ret+int3,
0x003605A0,4,rel32-call/jmp,1,ret+int3,
0x003605B0,4,rel32-call/jmp,1,ret+int3,
0x003605C0,4,rel32-call/jmp,1,ret+int3,
0x003605F0,4,rel32-call/jmp,1,ret+int3,
0x00360620,4,rel32-call/jmp,1,ret+int3,
0x00360660,4,rel32-call/jmp,1,ret+int3,
0x003606A0,4,rel32-call/jmp,1,ret+int3,
0x003606B0,4,rel32-call/jmp,1,ret+int3,
0x003606C0,4,rel32-call/jmp,1,ret+int3,
0x003606D0,4,rel32-call/jmp,1,ret+int3,
0x00360750,7,rel32-call/jmp,1,ret+int3,
0x00360770,4,rel32-call/jmp,1,ret+int3,
0x003607B0,51,rel32-call/jmp,1,ret+int3,
0x00360810,7,rel32-call/jmp,1,ret+int3,
0x00360A10,1,rel32-call/jmp,1,ret+int3,
0x00360A20,1,rel32-call/jmp,1,ret+int3,
0x00360A30,3,rel32-call/jmp,1,ret+int3,
0x00360A60,4,rel32-call/jmp,1,ret+int3,
0x00360AE0,3,rel32-call/jmp,1,ret+int3,
0x00360AF0,1,rel32-call/jmp,1,ret+int3,
0x00360B70,3,rel32-call/jmp,1,ret+int3,
0x00360B80,1,rel32-call/jmp,1,ret+int3,
0x00360B90,3,rel32-call/jmp,1,ret+int3,
0x00360BA0,1,rel32-call/jmp,1,ret+int3,
0x00360BB0,3,rel32-call/jmp,1,ret+int3,
0x00360BC0,3,rel32-call/jmp,1,ret+int3,
0x00360BE0,1,rel32-call/jmp,1,ret+int3,
0x00360BF0,1,rel32-call/jmp,1,ret+int3,
0x00360C00,1,rel32-call/jmp,1,ret+int3,
0x00360D50,3,rel32-call/jmp,1,ret+int3,
0x00360D70,3,rel32-call/jmp,1,ret+int3,
0x00360E30,3,rel32-call/jmp,1,ret+int3,
0x00360E80,1,rel32-call/jmp,1,ret+int3,
0x00360EA0,3,rel32-call/jmp,1,ret+int3,
0x00360EB0,3,rel32-call/jmp,1,ret+int3,
0x00360EC0,3,rel32-call/jmp,1,ret+int3,
0x00360F10,99,rel32-call/jmp;ghidra-start,1,ghidra-size,FUN_00760f10
0x003618C0,1,rel32-call/jmp,1,ret+int3,
0x00362240,1,rel32-call/jmp,1,ret+int3,
0x00362360,119,rel32-call/jmp;ghidra-start,1,ghidra-size,FUN_00762360
0x003634F0,314,rel32-call/jmp;ghidra-start,1,ghidra-size,FUN_007634f0
0x00364490,50,rel32-call/jmp,1,ret+int3,
0x00364640,181,rel32-call/jmp;ghidra-start,1,ghidra-size,FUN_00764640
0x00364E70,333,rel32-call/jmp;ghidra-start,1,ghidra-size,FUN_00764e70
0x00365880,549,rel32-call/jmp;ghidra-start,1,ghidra-size,FUN_00765880
0x003664A0,215,rel32-call/jmp;ghidra-start,1,ghidra-size,FUN_007664a0
0x00367A00,3,rel32-call/jmp,1,ret+int3,
0x00367A30,4,rel32-call/jmp,1,ret+int3,
0x00367A40,1,rel32-call/jmp,1,ret+int3,
0x00367A80,3,rel32-call/jmp,1,ret+int3,
0x00367A90,1,rel32-call/jmp,1,ret+int3,
0x00367AD0,1,rel32-call/jmp,1,ret+int3,
0x00367AE0,1,rel32-call/jmp,1,ret+int3,
0x00367B40,3,rel32-call/jmp,1,ret+int3,
0x00367B50,1,rel32-call/jmp,1,ret+int3,
0x00367B70,1,rel32-call/jmp,1,ret+int3,
0x00367CF0,1,rel32-call/jmp,1,ret+int3,
0x00367D00,1,rel32-call/jmp,1,ret+int3,
0x00367D10,3,rel32-call/jmp,1,ret+int3,
0x00367D20,1,rel32-call/jmp,1,ret+int3,
0x00367D30,3,rel32-call/jmp,1,ret+int3,
0x00367D40,3,rel32-call/jmp,1,ret+int3,
0x00367E90,3,rel32-call/jmp,1,ret+int3,
0x00367FC0,1,rel32-call/jmp,1,ret+int3,
0x003681A0,1,rel32-call/jmp,1,ret+int3,
0x003681B0,1,rel32-call/jmp,1,ret+int3,
0x00368340,3,rel32-call/jmp,1,ret+int3,
0x00368640,1,rel32-call/jmp,1,ret+int3,
0x003686D0,1,rel32-call/jmp,1,ret+int3,
0x003688D0,1,rel32-call/jmp,1,ret+int3,
0x00369240,424,rel32-call/jmp;ghidra-start,1,ghidra-size,FUN_00769240
0x00369E60,267,rel32-call/jmp;ghidra-start,1,ghidra-size,FUN_00769e60
0x0036AD60,4,rel32-call/jmp,1,ret+int3,
0x0036AD80,4,rel32-call/jmp,1,ret+int3,
0x0036AD90,4,rel32-call/jmp,1,ret+int3,
0x0036ADA0,4,rel32-call/jmp,1,ret+int3,
0x0036AE30,3,rel32-call/jmp,1,ret+int3,
0x0036AE40,3,rel32-call/jmp,1,ret+int3,
0x0036B960,4,rel32-call/jmp,1,ret+int3,
0x0036B980,4,rel32-call/jmp,1,ret+int3,
0x0036B990,4,rel32-call/jmp,1,ret+int3,
0x0036BC70,3,rel32-call/jmp,1,ret+int3,
0x0036BE10,1,rel32-call/jmp,1,ret+int3,
0x0036BE40,3,rel32-call/jmp,1,ret+int3,
0x0036BE50,1,rel32-call/jmp,1,ret+int3,
0x0036BE80,3,rel32-call/jmp,1,ret+int3,
0x0036BE90,1,rel32-call/jmp,1,ret+int3,
0x0036BED0,3,rel32-call/jmp,1,ret+int3,
0x0036BEE0,1,rel32-call/jmp,1,ret+int3,
0x0036BF20,3,rel32-call/jmp,1,ret+int3,
0x0036BF30,1,rel32-call/jmp,1,ret+int3,
0x0036BFB0,4,rel32-call/jmp,1,ret+int3,
0x0036BFC0,3,rel32-call/jmp,1,ret+int3,
0x0036BFD0,1,rel32-call/jmp,1,ret+int3,
0x0036BFE0,3,rel32-call/jmp,1,ret+int3,
0x0036C010,3,rel32-call/jmp,1,ret+int3,
0x0036C040,4,rel32-call/jmp,1,ret+int3,
0x0036C050,3,rel32-call/jmp,1,ret+int3,
0x0036C060,1,rel32-call/jmp,1,ret+int3,
0x0036C070,3,rel32-call/jmp,1,ret+int3,
0x0036C080,3,rel32-call/jmp,1,ret+int3,
0x0036C090,1,rel32-call/jmp,1,ret+int3,
0x0036C0A0,3,rel32-call/jmp,1,ret+int3,
0x0036C0B0,1,rel32-call/jmp,1,ret+int3,
0x0036C110,1,rel32-call/jmp,1,ret+int3,
0x0036C120,1,rel32-call/jmp,1,ret+int3,
0x0036C130,1,rel32-call/jmp,1,ret+int3,
0x0036C140,1,rel32-call/jmp,1,ret+int3,
0x0036C180,1,rel32-call/jmp,1,ret+int3,
0x0036C340,1,rel32-call/jmp,1,ret+int3,
0x0036C4E0,1,rel32-call/jmp,1,ret+int3,
0x0036C980,46,rel32-call/jmp,1,ret+int3,
0x0036C9C0,1,rel32-call/jmp,1,ret+int3,
0x0036CAD0,1,rel32-call/jmp,1,ret+int3,
0x0036CB20,1,rel32-call/jmp,1,ret+int3,
0x0036CB40,16,rel32-call/jmp,1,ret+int3,
0x0036D090,4,rel32-call/jmp,1,ret+int3,
0x0036D0D0,4,rel32-call/jmp,1,ret+int3,
0x0036D0F0,4,rel32-call/jmp,1,ret+int3,
0x0036D300,1,rel32-call/jmp,1,ret+int3,
0x0036D310,1,rel32-call/jmp,1,ret+int3,
0x0036D320,1,rel32-call/jmp,1,ret+int3,
0x0036D920,1,rel32-call/jmp,1,ret+int3,
0x0036DAE0,1,rel32-call/jmp,1,ret+int3,
0x0036E0A0,1,rel32-call/jmp,1,ret+int3,
0x0036E2C0,1,rel32-call/jmp,1,ret+int3,
0x0036EE00,1,rel32-call/jmp,1,ret+int3,
0x00370340,791,rel32-call/jmp;ghidra-start,1,ghidra-size,FUN_00770340
0x00371650,947,rel32-call/jmp;ghidra-start,1,ghidra-size,FUN_00771650
0x00371EE0,334,rel32-call/jmp;ghidra-start,1,ghidra-size,FUN_00771ee0
0x00372210,303,rel32-call/jmp;ghidra-start,1,ghidra-size,FUN_00772210
0x00372FA0,178,rel32-call/jmp;ghidra-start,1,ghidra-size,FUN_00772fa0
0x00373530,1206,rel32-call/jmp;ghidra-start,1,ghidra-size,FUN_00773530
0x00375A00,870,rel32-call/jmp;ghidra-start,1,ghidra-size,FUN_00775a00
0x003760C0,312,rel32-call/jmp,1,ret+int3,
0x00377060,1006,rel32-call/jmp;ghidra-start,1,ghidra-size,FUN_00777060
0x00377740,109,rel32-call/jmp;ghidra-start,1,ghidra-size,FUN_00777740
0x003781B0,1,rel32-call/jmp,1,ret+int3,
0x003781C0,1,rel32-call/jmp,1,ret+int3,
0x00378230,3,rel32-call/jmp,1,ret+int3,
0x00378240,1,rel32-call/jmp,1,ret+int3,
0x00378250,1,rel32-call/jmp,1,ret+int3,
0x003782C0,1,rel32-call/jmp,1,ret+int3,
0x00378460,1,rel32-call/jmp,1,ret+int3,
0x003784E0,1,rel32-call/jmp,1,ret+int3,
0x00378620,1,rel32-call/jmp,1,ret+int3,
0x00378C40,3,rel32-call/jmp,1,ret+int3,
0x00378C50,1,rel32-call/jmp,1,ret+int3,
0x00378CA0,3,rel32-call/jmp,1,ret+int3,
0x00378CB0,1,rel32-call/jmp,1,ret+int3,
0x00378CC0,3,rel32-call/jmp,1,ret+int3,
0x00378CD0,1,rel32-call/jmp,1,ret+int3,
0x00378CE0,1,rel32-call/jmp,1,ret+int3,
0x00378D40,1,rel32-call/jmp,1,ret+int3,
0x00378DA0,1,rel32-call/jmp,1,ret+int3,
0x00378DC0,1,rel32-call/jmp,1,ret+int3,
0x00378FF0,1,rel32-call/jmp,1,ret+int3,
0x003791E0,1,rel32-call/jmp,1,ret+int3,
0x00379A30,1,rel32-call/jmp,1,ret+int3,
0x0037A7C0,4,rel32-call/jmp,1,ret+int3,
0x0037A7D0,4,rel32-call/jmp,1,ret+int3,
0x0037A7E0,4,rel32-call/jmp,1,ret+int3,
0x0037A7F0,4,rel32-call/jmp,1,ret+int3,
0x0037A800,4,rel32-call/jmp,1,ret+int3,
0x0037A850,4,rel32-call/jmp,1,ret+int3,
0x0037A860,4,rel32-call/jmp,1,ret+int3,
0x0037A870,4,rel32-call/jmp,1,ret+int3,
0x0037A880,4,rel32-call/jmp,1,ret+int3,
0x0037A890,4,rel32-call/jmp,1,ret+int3,
0x0037A8A0,4,rel32-call/jmp,1,ret+int3,
0x0037A8B0,4,rel32-call/jmp,1,ret+int3,
0x0037A8C0,4,rel32-call/jmp,1,ret+int3,
0x0037A8D0,4,rel32-call/jmp,1,ret+int3,
0x0037A8E0,4,rel32-call/jmp,1,ret+int3,
0x0037A910,4,rel32-call/jmp,1,ret+int3,
0x0037AAB0,6,rel32-call/jmp,1,ret+int3,
0x0037AB00,4,rel32-call/jmp,1,ret+int3,
0x0037AB10,3,rel32-call/jmp,1,ret+int3,
0x0037AB20,1,rel32-call/jmp,1,ret+int3,
0x0037ABB0,1,rel32-call/jmp,1,ret+int3,
0x0037AC30,1,rel32-call/jmp,1,ret+int3,
0x0037AEF0,4,rel32-call/jmp,1,ret+int3,
0x0037AF40,1,rel32-call/jmp,1,ret+int3,
0x0037D0C0,4,rel32-call/jmp,1,ret+int3,
0x0037D110,1,rel32-call/jmp,1,ret+int3,
0x0037D1D0,3,rel32-call/jmp,1,ret+int3,
0x0037D1E0,1,rel32-call/jmp,1,ret+int3,
0x0037D1F0,3,rel32-call/jmp,1,ret+int3,
0x0037D200,1,rel32-call/jmp,1,ret+int3,
0x0037D230,3,rel32-call/jmp,1,ret+int3,
0x0037D240,1,rel32-call/jmp,1,ret+int3,
0x0037D260,3,rel32-call/jmp,1,ret+int3,
0x0037D270,1,rel32-call/jmp,1,ret+int3,
0x0037D2D0,3,rel32-call/jmp,1,ret+int3,
0x0037D300,3,rel32-call/jmp,1,ret+int3,
0x0037D310,1,rel32-call/jmp,1,ret+int3,
0x0037D320,1,rel32-call/jmp,1,ret+int3,
0x0037D330,3,rel32-call/jmp,1,ret+int3,
0x0037D380,3,rel32-call/jmp,1,ret+int3,
0x0037D3A0,1,rel32-call/jmp,1,ret+int3,
0x0037D3B0,1,rel32-call/jmp,1,ret+int3,
0x0037D3E0,1,rel32-call/jmp,1,ret+int3,
0x0037D3F0,1,rel32-call/jmp,1,ret+int3,
0x0037D4D0,1,rel32-call/jmp,1,ret+int3,
0x0037D710,1,rel32-call/jmp,1,ret+int3,
0x0037D880,3,rel32-call/jmp,1,ret+int3,
0x0037D8F0,3,rel32-call/jmp,1,ret+int3,
0x0037D900,3,rel32-call/jmp,1,ret+int3,
0x0037D910,3,rel32-call/jmp,1,ret+int3,
0x0037D950,3,rel32-call/jmp,1,ret+int3,
0x0037D9A0,1,rel32-call/jmp,1,ret+int3,
0x0037DA20,1,rel32-call/jmp,1,ret+int3,
0x0037DA30,1,rel32-call/jmp,1,ret+int3,
0x0037DEC0,1,rel32-call/jmp,1,ret+int3,
0x0037E5A0,1,rel32-call/jmp,1,ret+int3,
0x0037F280,459,rel32-call/jmp;ghidra-start,1,ghidra-size,FUN_0077f280
0x00381690,689,rel32-call/jmp;ghidra-start,1,ghidra-size,FUN_00781690
0x00382660,4,rel32-call/jmp,1,ret+int3,
0x003826F0,4,rel32-call/jmp,1,ret+int3,
0x00382700,4,rel32-call/jmp,1,ret+int3,
0x00382710,4,rel32-call/jmp,1,ret+int3,
0x00382770,4,rel32-call/jmp,1,ret+int3,
0x003827D0,4,rel32-call/jmp,1,ret+int3,
0x00382800,4,rel32-call/jmp,1,ret+int3,
0x00382830,4,rel32-call/jmp,1,ret+int3,
0x00382930,4,rel32-call/jmp,1,ret+int3,
0x00382940,4,rel32-call/jmp,1,ret+int3,
0x003829A0,4,rel32-call/jmp,1,ret+int3,
0x003829D0,4,rel32-call/jmp,1,ret+int3,
0x00382A10,4,rel32-call/jmp,1,ret+int3,
0x00382A20,4,rel32-call/jmp,1,ret+int3,
0x00382A30,4,rel32-call/jmp,1,ret+int3,
0x00382A40,4,rel32-call/jmp,1,ret+int3,
0x00382A50,4,rel32-call/jmp,1,ret+int3,
0x00382A60,4,rel32-call/jmp,1,ret+int3,
0x00382D30,3,rel32-call/jmp,1,ret+int3,
0x00383030,1,rel32-call/jmp,1,ret+int3,
0x00383040,1,rel32-call/jmp,1,ret+int3,
0x00383C60,3,rel32-call/jmp,1,ret+int3,
0x00383C70,1,rel32-call/jmp,1,ret+int3,
0x00383C80,3,rel32-call/jmp,1,ret+int3,
0x00383CA0,6,rel32-call/jmp,1,ret+int3,
0x00383D20,3,rel32-call/jmp,1,ret+int3,
0x00383D30,1,rel32-call/jmp,1,ret+int3,
0x00383D40,3,rel32-call/jmp,1,ret+int3,
0x00383D50,1,rel32-call/jmp,1,ret+int3,
0x00383D80,3,rel32-call/jmp,1,ret+int3,
0x00383D90,1,rel32-call/jmp,1,ret+int3,
0x00383E00,3,rel32-call/jmp,1,ret+int3,
0x00383E30,3,rel32-call/jmp,1,ret+int3,
0x00383E40,1,rel32-call/jmp,1,ret+int3,
0x00383E50,1,rel32-call/jmp,1,ret+int3,
0x00383E60,3,rel32-call/jmp,1,ret+int3,
0x00383E70,1,rel32-call/jmp,1,ret+int3,
0x00383E80,1,rel32-call/jmp,1,ret+int3,
0x00383E90,3,rel32-call/jmp,1,ret+int3,
0x00383EA0,1,rel32-call/jmp,1,ret+int3,
0x00383ED0,1,rel32-call/jmp,1,ret+int3,
0x00383F70,1,rel32-call/jmp,1,ret+int3,
0x00383F80,1,rel32-call/jmp,1,ret+int3,
0x00383F90,4,rel32-call/jmp,1,ret+int3,
0x00383FA0,4,rel32-call/jmp,1,ret+int3,
0x00383FB0,1,rel32-call/jmp,1,ret+int3,
0x003840F0,1,rel32-call/jmp,1,ret+int3,
0x00384240,4,rel32-call/jmp,1,ret+int3,
0x00384250,3,rel32-call/jmp,1,ret+int3,
0x00384320,3,rel32-call/jmp,1,ret+int3,
0x00384700,3,rel32-call/jmp,1,ret+int3,
0x00384BF0,3,rel32-call/jmp,1,ret+int3,
0x00384CA0,1,rel32-call/jmp,1,ret+int3,
0x00384CF0,1,rel32-call/jmp,1,ret+int3,
0x00385070,1,rel32-call/jmp,1,ret+int3,
0x00385120,1,rel32-call/jmp,1,ret+int3,
0x00385130,1,rel32-call/jmp,1,ret+int3,
0x00385140,4,rel32-call/jmp,1,ret+int3,
0x00385720,1,rel32-call/jmp,1,ret+int3,
0x00385730,1,rel32-call/jmp,1,ret+int3,
0x00385740,1,rel32-call/jmp,1,ret+int3,
0x00385870,1,rel32-call/jmp,1,ret+int3,
0x00385880,1,rel32-call/jmp,1,ret+int3,
0x00385E20,1,rel32-call/jmp,1,ret+int3,
0x00385F10,1,rel32-call/jmp,1,ret+int3,
0x00386910,216,rel32-call/jmp,1,ret+int3,
0x00387790,1,rel32-call/jmp,1,ret+int3,
0x00387840,1,rel32-call/jmp,1,ret+int3,
0x003884A0,1,rel32-call/jmp,1,ret+int3,
0x00389E10,415,rel32-call/jmp;ghidra-start,1,ghidra-size,FUN_00789e10
0x0038DA10,2094,rel32-call/jmp;ghidra-start,1,ghidra-size,FUN_0078da10
0x00391C40,2317,rel32-call/jmp;ghidra-start,1,ghidra-size,FUN_00791c40
0x00392D00,2342,rel32-call/jmp;ghidra-start,1,ghidra-size,FUN_00792d00
0x003967D0,15,rel32-call/jmp,1,ret+int3,
0x00396800,4,rel32-call/jmp,1,ret+int3,
0x00396940,1,rel32-call/jmp,1,ret+int3,
0x00396AC0,1,rel32-call/jmp,1,ret+int3,
0x0039B010,1,rel32-call/jmp,1,ret+int3,
0x0039B500,1,rel32-call/jmp,1,ret+int3,
0x0039B840,4,rel32-call/jmp,1,ret+int3,
0x0039B850,3,rel32-call/jmp,1,ret+int3,
0x0039B880,4,rel32-call/jmp,1,ret+int3,
0x0039B8C0,3,rel32-call/jmp,1,ret+int3,
0x0039B8D0,1,rel32-call/jmp,1,ret+int3,
0x0039B8E0,3,rel32-call/jmp,1,ret+int3,
0x0039B8F0,1,rel32-call/jmp,1,ret+int3,
0x0039B970,3,rel32-call/jmp,1,ret+int3,
0x0039B980,1,rel32-call/jmp,1,ret+int3,
0x0039B990,3,rel32-call/jmp,1,ret+int3,
0x0039B9A0,3,rel32-call/jmp,1,ret+int3,
0x0039BB80,1,rel32-call/jmp,1,ret+int3,
0x0039BDB0,1,rel32-call/jmp,1,ret+int3,
0x0039C190,1,rel32-call/jmp,1,ret+int3,
0x0039CF00,3,rel32-call/jmp,1,ret+int3,
0x0039CF10,1,rel32-call/jmp,1,ret+int3,
0x0039CF20,4,rel32-call/jmp,1,ret+int3,
0x0039CF60,1,rel32-call/jmp,1,ret+int3,
0x0039CFC0,3,rel32-call/jmp,1,ret+int3,
0x0039D010,3,rel32-call/jmp,1,ret+int3,
0x0039D020,3,rel32-call/jmp,1,ret+int3,
0x0039D0F0,44,rel32-call/jmp,1,ret+int3,
0x0039D2D0,41,rel32-call/jmp;ghidra-start,1,ghidra-size,FUN_0079d2d0
0x0039D770,244,rel32-call/jmp;ghidra-start,1,ghidra-size,FUN_0079d770
0x0039F0A0,778,rel32-call/jmp;ghidra-start,1,ghidra-size,FUN_0079f0a0
0x003A0540,3,rel32-call/jmp,1,ret+int3,
0x003A05D0,1,rel32-call/jmp,1,ret+int3,
0x003A1070,1,rel32-call/jmp,1,ret+int3,
0x003A1370,3,rel32-call/jmp,1,ret+int3,
0x003A1A30,563,rel32-call/jmp;ghidra-start,1,ghidra-size,FUN_007a1a30
0x003A2270,182,rel32-call/jmp;ghidra-start,1,ghidra-size,FUN_007a2270
0x003A2700,2282,rel32-call/jmp;ghidra-start,1,ghidra-size,FUN_007a2700
0x003A3CC0,4,rel32-call/jmp,1,ret+int3,
0x003A3D00,4,rel32-call/jmp,1,ret+int3,
0x003A3D10,4,rel32-call/jmp,1,ret+int3,
0x003A3D20,4,rel32-call/jmp,1,ret+int3,
0x003A3D30,4,rel32-call/jmp,1,ret+int3,
0x003A3F10,3,rel32-call/jmp,1,ret+int3,
0x003A3F60,3,rel32-call/jmp,1,ret+int3,
0x003A3F70,3,rel32-call/jmp,1,ret+int3,
0x003A3F80,1,rel32-call/jmp,1,ret+int3,
0x003A3FA0,3,rel32-call/jmp,1,ret+int3,
0x003A3FB0,1,rel32-call/jmp,1,ret+int3,
0x003A3FC0,4,rel32-call/jmp,1,ret+int3,
0x003A3FD0,3,rel32-call/jmp,1,ret+int3,
0x003A3FE0,1,rel32-call/jmp,1,ret+int3,
0x003A3FF0,1,rel32-call/jmp,1,ret+int3,
0x003A4090,1,rel32-call/jmp,1,ret+int3,
0x003A42F0,1,rel32-call/jmp,1,ret+int3,
0x003A4700,1,rel32-call/jmp,1,ret+int3,
0x003A54D0,1,rel32-call/jmp,1,ret+int3,
0x003A5A10,615,rel32-call/jmp;ghidra-start,1,ghidra-size,FUN_007a5a10
0x003A5D50,3,rel32-call/jmp,1,ret+int3,
0x003A5D60,1,rel32-call/jmp,1,ret+int3,
0x003A5D70,1,rel32-call/jmp,1,ret+int3,
0x003A5D80,3,rel32-call/jmp,1,ret+int3,
0x003A5D90,3,rel32-call/jmp,1,ret+int3,
0x003A5DA0,1,rel32-call/jmp,1,ret+int3,
0x003A5DB0,1,rel32-call/jmp,1,ret+int3,
0x003A5E30,1,rel32-call/jmp,1,ret+int3,
0x003A5E60,1,rel32-call/jmp,1,ret+int3,
0x003A5E90,1,rel32-call/jmp,1,ret+int3,
0x003A5EB0,1,rel32-call/jmp,1,ret+int3,
0x003A5EE0,1,rel32-call/jmp,1,ret+int3,
0x003A5F10,1,rel32-call/jmp,1,ret+int3,
0x003A5F40,1,rel32-call/jmp,1,ret+int3,
0x003A5F60,1,rel32-call/jmp,1,ret+int3,
0x003A5F90,1,rel32-call/jmp,1,ret+int3,
0x003A5FC0,1,rel32-call/jmp,1,ret+int3,
0x003A5FE0,1,rel32-call/jmp,1,ret+int3,
0x003A6000,1,rel32-call/jmp,1,ret+int3,
0x003A6020,1,rel32-call/jmp,1,ret+int3,
0x003A6050,1,rel32-call/jmp,1,ret+int3,
0x003A6080,1,rel32-call/jmp,1,ret+int3,
0x003A6090,1,rel32-call/jmp,1,ret+int3,
0x003A60A0,1,rel32-call/jmp,1,ret+int3,
0x003A60B0,1,rel32-call/jmp,1,ret+int3,
0x003A60C0,1,rel32-call/jmp,1,ret+int3,
0x003A60D0,1,rel32-call/jmp,1,ret+int3,
0x003A60E0,1,rel32-call/jmp,1,ret+int3,
0x003A60F0,1,rel32-call/jmp,1,ret+int3,
0x003A6100,1,rel32-call/jmp,1,ret+int3,
0x003A6110,1,rel32-call/jmp,1,ret+int3,
0x003A6120,1,rel32-call/jmp,1,ret+int3,
0x003A6130,1,rel32-call/jmp,1,ret+int3,
0x003A6140,1,rel32-call/jmp,1,ret+int3,
0x003A6150,1,rel32-call/jmp,1,ret+int3,
0x003A6160,1,rel32-call/jmp,1,ret+int3,
0x003A6170,1,rel32-call/jmp,1,ret+int3,
0x003A6360,33,rel32-call/jmp,1,ret+int3,
0x003A65D0,1,rel32-call/jmp,1,ret+int3,
0x003AA7D0,1,rel32-call/jmp,1,ret+int3,
0x003AA980,169,rel32-call/jmp;ghidra-start,1,ghidra-size,FUN_007aa980
0x003AAA60,175,rel32-call/jmp;ghidra-start,1,ghidra-size,FUN_007aaa60
0x003AAB40,175,rel32-call/jmp;ghidra-start,1,ghidra-size,FUN_007aab40
0x003AAC20,159,rel32-call/jmp;ghidra-start,1,ghidra-size,FUN_007aac20
0x003AADF0,175,rel32-call/jmp;ghidra-start,1,ghidra-size,FUN_007aadf0
0x003AAED0,203,rel32-call/jmp;ghidra-start,1,ghidra-size,FUN_007aaed0
0x003AB9F0,175,rel32-call/jmp;ghidra-start,1,ghidra-size,FUN_007ab9f0
0x003ABB80,197,rel32-call/jmp;ghidra-start,1,ghidra-size,FUN_007abb80
0x003AC210,4,rel32-call/jmp,1,ret+int3,
0x003AC220,4,rel32-call/jmp,1,ret+int3,
0x003AC230,4,rel32-call/jmp,1,ret+int3,
0x003AC240,4,rel32-call/jmp,1,ret+int3,
0x003AC250,4,rel32-call/jmp,1,ret+int3,
0x003AC260,4,rel32-call/jmp,1,ret+int3,
0x003AC270,4,rel32-call/jmp,1,ret+int3,
0x003AC280,4,rel32-call/jmp,1,ret+int3,
0x003AC290,4,rel32-call/jmp,1,ret+int3,
0x003AC2A0,4,rel32-call/jmp,1,ret+int3,
0x003AC2B0,4,rel32-call/jmp,1,ret+int3,
0x003AC2C0,4,rel32-call/jmp,1,ret+int3,
0x003AC2D0,4,rel32-call/jmp,1,ret+int3,
0x003AC2E0,4,rel32-call/jmp,1,ret+int3,
0x003AC2F0,4,rel32-call/jmp,1,ret+int3,
0x003AC300,4,rel32-call/jmp,1,ret+int3,
0x003AC310,4,rel32-call/jmp,1,ret+int3,
0x003AC320,4,rel32-call/jmp,1,ret+int3,
0x003AC330,4,rel32-call/jmp,1,ret+int3,
0x003AC340,4,rel32-call/jmp,1,ret+int3,
0x003AC350,4,rel32-call/jmp,1,ret+int3,
0x003AC360,4,rel32-call/jmp,1,ret+int3,
0x003AC370,4,rel32-call/jmp,1,ret+int3,
0x003AC380,4,rel32-call/jmp,1,ret+int3,
0x003AC390,4,rel32-call/jmp,1,ret+int3,
0x003AC3A0,4,rel32-call/jmp,1,ret+int3,
0x003AC3B0,4,rel32-call/jmp,1,ret+int3,
0x003AC3C0,4,rel32-call/jmp,1,ret+int3,
0x003AC3E0,4,rel32-call/jmp,1,ret+int3,
0x003AC3F0,4,rel32-call/jmp,1,ret+int3,
0x003AC400,4,rel32-call/jmp,1,ret+int3,
0x003AC410,4,rel32-call/jmp,1,ret+int3,
0x003AC420,4,rel32-call/jmp,1,ret+int3,
0x003AC430,4,rel32-call/jmp,1,ret+int3,
0x003AC440,4,rel32-call/jmp,1,ret+int3,
0x003AC450,4,rel32-call/jmp,1,ret+int3,
0x003AC460,4,rel32-call/jmp,1,ret+int3,
0x003AC470,3,rel32-call/jmp,1,ret+int3,
0x003AC480,4,rel32-call/jmp,1,ret+int3,
0x003AC490,3,rel32-call/jmp,1,ret+int3,
0x003AC4A0,3,rel32-call/jmp,1,ret+int3,
0x003AC4B0,4,rel32-call/jmp,1,ret+int3,
0x003AC4C0,4,rel32-call/jmp,1,ret+int3,
0x003AC4E0,3,rel32-call/jmp,1,ret+int3,
0x003AC4F0,3,rel32-call/jmp,1,ret+int3,
0x003AC500,3,rel32-call/jmp,1,ret+int3,
0x003AC510,3,rel32-call/jmp,1,ret+int3,
0x003AC520,3,rel32-call/jmp,1,ret+int3,
0x003AC530,3,rel32-call/jmp,1,ret+int3,
0x003AC540,3,rel32-call/jmp,1,ret+int3,
0x003AC550,3,rel32-call/jmp,1,ret+int3,
0x003AC580,3,rel32-call/jmp,1,ret+int3,
0x003AC590,3,rel32-call/jmp,1,ret+int3,
0x003AC5A0,3,rel32-call/jmp,1,ret+int3,
0x003AC5B0,3,rel32-call/jmp,1,ret+int3,
0x003AC5C0,3,rel32-call/jmp,1,ret+int3,
0x003AC5D0,3,rel32-call/jmp,1,ret+int3,
0x003AC5E0,3,rel32-call/jmp,1,ret+int3,
0x003AC610,3,rel32-call/jmp,1,ret+int3,
0x003AC6A0,3,rel32-call/jmp,1,ret+int3,
0x003AC6B0,3,rel32-call/jmp,1,ret+int3,
0x003AC6E0,3,rel32-call/jmp,1,ret+int3,
0x003AC6F0,3,rel32-call/jmp,1,ret+int3,
0x003AC720,3,rel32-call/jmp,1,ret+int3,
0x003AC750,3,rel32-call/jmp,1,ret+int3,
0x003AC760,3,rel32-call/jmp,1,ret+int3,
0x003AC770,3,rel32-call/jmp,1,ret+int3,
0x003ADCC0,183,rel32-call/jmp;ghidra-start,1,ghidra-size,FUN_007adcc0
0x003ADDB0,217,rel32-call/jmp;ghidra-start,1,ghidra-size,FUN_007addb0
0x003ADED0,192,rel32-call/jmp,1,ret+int3,
0x003B0000,13,rel32-call/jmp,1,ret+int3,
0x003B0010,13,rel32-call/jmp,1,ret+int3,
0x003B0020,13,rel32-call/jmp,1,ret+int3,
0x003B0030,13,rel32-call/jmp,1,ret+int3,
0x003B0040,13,rel32-call/jmp,1,ret+int3,
0x003B0050,13,rel32-call/jmp,1,ret+int3,
0x003B08D0,267,rel32-call/jmp;ghidra-start,1,ghidra-size,FUN_007b08d0
0x003B0BA0,267,rel32-call/jmp;ghidra-start,1,ghidra-size,FUN_007b0ba0
0x003B1340,267,rel32-call/jmp;ghidra-start,1,ghidra-size,FUN_007b1340
0x003B25D0,403,rel32-call/jmp;ghidra-start,1,ghidra-size,FUN_007b25d0
0x003B2D20,4,rel32-call/jmp,1,ret+int3,
0x003B2D30,4,rel32-call/jmp,1,ret+int3,
0x003B2D40,1,rel32-call/jmp,1,ret+int3,
0x003B2D50,1,rel32-call/jmp,1,ret+int3,
0x003B2DA0,1,rel32-call/jmp,1,ret+int3,
0x003B2DC0,3,rel32-call/jmp,1,ret+int3,
0x003B2DD0,1,rel32-call/jmp,1,ret+int3,
0x003B2DE0,3,rel32-call/jmp,1,ret+int3,
0x003B2E10,1,rel32-call/jmp,1,ret+int3,
0x003B32A0,147,rel32-call/jmp;ghidra-start,1,ghidra-size,FUN_007b32a0
0x003B34D0,105,rel32-call/jmp;ghidra-start,1,ghidra-size,FUN_007b34d0
0x003B6950,181,rel32-call/jmp;ghidra-start,1,ghidra-size,FUN_007b6950
0x003B6DF0,267,rel32-call/jmp;ghidra-start,1,ghidra-size,FUN_007b6df0
0x003B72B0,3,rel32-call/jmp,1,ret+int3,
0x003B72C0,1,rel32-call/jmp,1,ret+int3,
0x003B7340,3,rel32-call/jmp,1,ret+int3,
0x003B7350,3,rel32-call/jmp,1,ret+int3,
0x003B7360,1,rel32-call/jmp,1,ret+int3,
0x003B7380,6,rel32-call/jmp,1,ret+int3,
0x003B7390,1,rel32-call/jmp,1,ret+int3,
0x003B7400,1,rel32-call/jmp,1,ret+int3,
0x003B74C0,4,rel32-call/jmp,1,ret+int3,
0x003B78F0,1,rel32-call/jmp,1,ret+int3,
0x003B9200,76,rel32-call/jmp;ghidra-start,1,ghidra-size,FUN_007b9200
0x003B92D0,296,rel32-call/jmp;ghidra-start,1,ghidra-size,FUN_007b92d0
0x003B98A0,120,rel32-call/jmp;ghidra-start,1,ghidra-size,FUN_007b98a0
0x003BB250,4,rel32-call/jmp,1,ret+int3,
0x003BBA90,3,rel32-call/jmp,1,ret+int3,
0x003BBB50,1,rel32-call/jmp,1,ret+int3,
0x003BBC00,1,rel32-call/jmp,1,ret+int3,
0x003BBE30,1,rel32-call/jmp,1,ret+int3,
0x003BC010,1,rel32-call/jmp,1,ret+int3,
0x003BC150,1,rel32-call/jmp,1,ret+int3,
0x003BC440,1,rel32-call/jmp,1,ret+int3,
0x003BC4F0,4,rel32-call/jmp,1,ret+int3,
0x003BC520,4,rel32-call/jmp,1,ret+int3,
0x003BC530,4,rel32-call/jmp,1,ret+int3,
0x003BC540,4,rel32-call/jmp,1,ret+int3,
0x003BC550,4,rel32-call/jmp,1,ret+int3,
0x003BC560,4,rel32-call/jmp,1,ret+int3,
0x003BC580,4,rel32-call/jmp,1,ret+int3,
0x003BC590,4,rel32-call/jmp,1,ret+int3,
0x003BC5A0,4,rel32-call/jmp,1,ret+int3,
0x003BC5B0,4,rel32-call/jmp,1,ret+int3,
0x003BC660,4,rel32-call/jmp,1,ret+int3,
0x003BC670,4,rel32-call/jmp,1,ret+int3,
0x003BC680,4,rel32-call/jmp,1,ret+int3,
0x003BC690,4,rel32-call/jmp,1,ret+int3,
0x003BC700,4,rel32-call/jmp,1,ret+int3,
0x003BC710,4,rel32-call/jmp,1,ret+int3,
0x003BC720,4,rel32-call/jmp,1,ret+int3,
0x003BC730,3,rel32-call/jmp,1,ret+int3,
0x003BC740,4,rel32-call/jmp,1,ret+int3,
0x003BC750,4,rel32-call/jmp,1,ret+int3,
0x003BC760,4,rel32-call/jmp,1,ret+int3,
0x003BC7E0,4,rel32-call/jmp,1,ret+int3,
0x003BC800,4,rel32-call/jmp,1,ret+int3,
0x003BC810,4,rel32-call/jmp,1,ret+int3,
0x003BC820,4,rel32-call/jmp,1,ret+int3,
0x003BC880,4,rel32-call/jmp,1,ret+int3,
0x003BC890,4,rel32-call/jmp,1,ret+int3,
0x003BC990,1,rel32-call/jmp,1,ret+int3,
0x003BCD90,3,rel32-call/jmp,1,ret+int3,
0x003BCDC0,3,rel32-call/jmp,1,ret+int3,
0x003BCDD0,1,rel32-call/jmp,1,ret+int3,
0x003BCDE0,3,rel32-call/jmp,1,ret+int3,
0x003BCE10,3,rel32-call/jmp,1,ret+int3,
0x003BCE20,1,rel32-call/jmp,1,ret+int3,
0x003BCE70,3,rel32-call/jmp,1,ret+int3,
0x003BCE80,1,rel32-call/jmp,1,ret+int3,
0x003BCED0,3,rel32-call/jmp,1,ret+int3,
0x003BCEE0,1,rel32-call/jmp,1,ret+int3,
0x003BCF40,3,rel32-call/jmp,1,ret+int3,
0x003BCFA0,4,rel32-call/jmp,1,ret+int3,
0x003BCFB0,4,rel32-call/jmp,1,ret+int3,
0x003BCFC0,3,rel32-call/jmp,1,ret+int3,
0x003BCFD0,3,rel32-call/jmp,1,ret+int3,
0x003BCFE0,1,rel32-call/jmp,1,ret+int3,
0x003BD010,1,rel32-call/jmp,1,ret+int3,
0x003BD020,1,rel32-call/jmp,1,ret+int3,
0x003BD030,1,rel32-call/jmp,1,ret+int3,
0x003BD040,1,rel32-call/jmp,1,ret+int3,
0x003BD0D0,1,rel32-call/jmp,1,ret+int3,
0x003BD1E0,1,rel32-call/jmp,1,ret+int3,
0x003BD250,1,rel32-call/jmp,1,ret+int3,
0x003BD2E0,1,rel32-call/jmp,1,ret+int3,
0x003BD5D0,1,rel32-call/jmp,1,ret+int3,
0x003BD5E0,1,rel32-call/jmp,1,ret+int3,
0x003BD5F0,1,rel32-call/jmp,1,ret+int3,
0x003BD600,1,rel32-call/jmp,1,ret+int3,
0x003BD960,65,rel32-call/jmp;ghidra-start,1,ghidra-size,FUN_007bd960
0x003BDB80,155,rel32-call/jmp;ghidra-start,1,ghidra-size,FUN_007bdb80
0x003BE430,1,rel32-call/jmp,1,ret+int3,
0x003BE780,47,rel32-call/jmp,1,ret+int3,
0x003BE870,1,rel32-call/jmp,1,ret+int3,
0x003BE880,1,rel32-call/jmp,1,ret+int3,
0x003BE890,1,rel32-call/jmp,1,ret+int3,
0x003BE980,87,rel32-call/jmp;ghidra-start,1,ghidra-size,FUN_007be980
0x003BE9F0,1,rel32-call/jmp,1,ret+int3,
0x003BEC30,164,rel32-call/jmp;ghidra-start,1,ghidra-size,FUN_007bec30
0x003BF9A0,1,rel32-call/jmp,1,ret+int3,
0x003BF9B0,1,rel32-call/jmp,1,ret+int3,
0x003BF9C0,1,rel32-call/jmp,1,ret+int3,
0x003BFA50,1,rel32-call/jmp,1,ret+int3,
0x003C0100,1,rel32-call/jmp,1,ret+int3,
0x003C2BD0,522,rel32-call/jmp;ghidra-start,1,ghidra-size,FUN_007c2bd0
0x003C4AF0,3,rel32-call/jmp,1,ret+int3,
0x003C4B00,4,rel32-call/jmp,1,ret+int3,
0x003C4B10,4,rel32-call/jmp,1,ret+int3,
0x003C4B70,4,rel32-call/jmp,1,ret+int3,
0x003C4B80,4,rel32-call/jmp,1,ret+int3,
0x003C4B90,4,rel32-call/jmp,1,ret+int3,
0x003C4BB0,3,rel32-call/jmp,1,ret+int3,
0x003C4BE0,3,rel32-call/jmp,1,ret+int3,
0x003C4BF0,3,rel32-call/jmp,1,ret+int3,
0x003C4C00,1,rel32-call/jmp,1,ret+int3,
0x003C4C10,4,rel32-call/jmp,1,ret+int3,
0x003C4C20,1,rel32-call/jmp,1,ret+int3,
0x003C4C60,1,rel32-call/jmp,1,ret+int3,
0x003C4CA0,1,rel32-call/jmp,1,ret+int3,
0x003C4EF0,1,rel32-call/jmp,1,ret+int3,
0x003C4FE0,1,rel32-call/jmp,1,ret+int3,
0x003C5E30,4,rel32-call/jmp,1,ret+int3,
0x003C5E40,4,rel32-call/jmp,1,ret+int3,
0x003C5E50,4,rel32-call/jmp,1,ret+int3,
0x003C5E60,4,rel32-call/jmp,1,ret+int3,
0x003C5E70,4,rel32-call/jmp,1,ret+int3,
0x003C5E80,4,rel32-call/jmp,1,ret+int3,
0x003C5E90,4,rel32-call/jmp,1,ret+int3,
0x003C5EA0,4,rel32-call/jmp,1,ret+int3,
0x003C5F10,13,rel32-call/jmp,1,ret+int3,
0x003C5F20,24,rel32-call/jmp,1,ret+int3,
0x003C5F60,3,rel32-call/jmp,1,ret+int3,
0x003C5F70,4,rel32-call/jmp,1,ret+int3,
0x003C5F80,4,rel32-call/jmp,1,ret+int3,
0x003C5F90,4,rel32-call/jmp,1,ret+int3,
0x003C5FA0,4,rel32-call/jmp,1,ret+int3,
0x003C5FB0,4,rel32-call/jmp,1,ret+int3,
0x003C5FC0,4,rel32-call/jmp,1,ret+int3,
0x003C5FD0,4,rel32-call/jmp,1,ret+int3,
0x003C5FE0,4,rel32-call/jmp,1,ret+int3,
0x003C5FF0,4,rel32-call/jmp,1,ret+int3,
0x003C6000,4,rel32-call/jmp,1,ret+int3,
0x003C6010,4,rel32-call/jmp,1,ret+int3,
0x003C6020,4,rel32-call/jmp,1,ret+int3,
0x003C6030,4,rel32-call/jmp,1,ret+int3,
0x003C6040,4,rel32-call/jmp,1,ret+int3,
0x003C6420,3,rel32-call/jmp,1,ret+int3,
0x003C6430,1,rel32-call/jmp,1,ret+int3,
0x003C6450,3,rel32-call/jmp,1,ret+int3,
0x003C6460,1,rel32-call/jmp,1,ret+int3,
0x003C6470,3,rel32-call/jmp,1,ret+int3,
0x003C64A0,1,rel32-call/jmp,1,ret+int3,
0x003C64B0,1,rel32-call/jmp,1,ret+int3,
0x003C64C0,4,rel32-call/jmp,1,ret+int3,
0x003C6510,3,rel32-call/jmp,1,ret+int3,
0x003C6550,3,rel32-call/jmp,1,ret+int3,
0x003C6560,3,rel32-call/jmp,1,ret+int3,
0x003C6E70,1,rel32-call/jmp,1,ret+int3,
0x003C6F40,1,rel32-call/jmp,1,ret+int3,
0x003C6F50,1,rel32-call/jmp,1,ret+int3,
0x003C7A20,1,rel32-call/jmp,1,ret+int3,
0x003C7A30,1,rel32-call/jmp,1,ret+int3,
0x003C7F20,1,rel32-call/jmp,1,ret+int3,
0x003C7F30,1,rel32-call/jmp,1,ret+int3,
0x003C8D50,328,rel32-call/jmp;ghidra-start,1,ghidra-size,FUN_007c8d50
0x003C9AB0,100,rel32-call/jmp;ghidra-start,1,ghidra-size,FUN_007c9ab0
0x003CA9D0,662,rel32-call/jmp;ghidra-start,1,ghidra-size,FUN_007ca9d0
0x003CB640,239,rel32-call/jmp;ghidra-start,1,ghidra-size,FUN_007cb640
0x003CB940,4,rel32-call/jmp,1,ret+int3,
0x003CB960,4,rel32-call/jmp,1,ret+int3,
0x003CB970,4,rel32-call/jmp,1,ret+int3,
0x003CB980,4,rel32-call/jmp,1,ret+int3,
0x003CB990,4,rel32-call/jmp,1,ret+int3,
0x003CB9B0,4,rel32-call/jmp,1,ret+int3,
0x003CB9C0,4,rel32-call/jmp,1,ret+int3,
0x003CB9F0,3,rel32-call/jmp,1,ret+int3,
0x003CBA10,3,rel32-call/jmp,1,ret+int3,
0x003CBA20,4,rel32-call/jmp,1,ret+int3,
0x003CBA30,4,rel32-call/jmp,1,ret+int3,
0x003CBA40,4,rel32-call/jmp,1,ret+int3,
0x003CBC50,1,rel32-call/jmp,1,ret+int3,
0x003CBC70,3,rel32-call/jmp,1,ret+int3,
0x003CBCA0,4,rel32-call/jmp,1,ret+int3,
0x003CBCD0,3,rel32-call/jmp,1,ret+int3,
0x003CBCE0,1,rel32-call/jmp,1,ret+int3,
0x003CBD60,3,rel32-call/jmp,1,ret+int3,
0x003CBD70,1,rel32-call/jmp,1,ret+int3,
0x003CBDD0,3,rel32-call/jmp,1,ret+int3,
0x003CBDE0,1,rel32-call/jmp,1,ret+int3,
0x003CBDF0,3,rel32-call/jmp,1,ret+int3,
0x003CBE20,4,rel32-call/jmp,1,ret+int3,
0x003CBE40,3,rel32-call/jmp,1,ret+int3,
0x003CBE50,1,rel32-call/jmp,1,ret+int3,
0x003CBE80,3,rel32-call/jmp,1,ret+int3,
0x003CBE90,1,rel32-call/jmp,1,ret+int3,
0x003CBEA0,3,rel32-call/jmp,1,ret+int3,
0x003CBEB0,1,rel32-call/jmp,1,ret+int3,
0x003CBEC0,1,rel32-call/jmp,1,ret+int3,
0x003CBED0,1,rel32-call/jmp,1,ret+int3,
0x003CBEE0,1,rel32-call/jmp,1,ret+int3,
0x003CBEF0,1,rel32-call/jmp,1,ret+int3,
0x003CC0B0,1,rel32-call/jmp,1,ret+int3,
0x003CC330,3,rel32-call/jmp,1,ret+int3,
0x003CC360,3,rel32-call/jmp,1,ret+int3,
0x003CC450,1,rel32-call/jmp,1,ret+int3,
0x003CC460,1,rel32-call/jmp,1,ret+int3,
0x003CC470,1,rel32-call/jmp,1,ret+int3,
0x003CC480,3,rel32-call/jmp,1,ret+int3,
0x003CC490,3,rel32-call/jmp,1,ret+int3,
0x003CC4A0,3,rel32-call/jmp,1,ret+int3,
0x003CC4B0,3,rel32-call/jmp,1,ret+int3,
0x003CC500,1,rel32-call/jmp,1,ret+int3,
0x003CC510,3,rel32-call/jmp,1,ret+int3,
0x003CC520,3,rel32-call/jmp,1,ret+int3,
0x003CC530,3,rel32-call/jmp,1,ret+int3,
0x003CC540,3,rel32-call/jmp,1,ret+int3,
0x003CDB00,1,rel32-call/jmp,1,ret+int3,
0x003CDB10,1,rel32-call/jmp,1,ret+int3,
0x003CDB20,1,rel32-call/jmp,1,ret+int3,
0x003CDBB0,1,rel32-call/jmp,1,ret+int3,
0x003CDDB0,92,rel32-call/jmp;ghidra-start,1,ghidra-size,FUN_007cddb0
0x003CE230,1,rel32-call/jmp,1,ret+int3,
0x003CE240,1,rel32-call/jmp,1,ret+int3,
0x003CE250,1,rel32-call/jmp,1,ret+int3,
0x003CE2F0,1,rel32-call/jmp,1,ret+int3,
0x003CE620,367,rel32-call/jmp;ghidra-start,1,ghidra-size,FUN_007ce620
0x003CEAD0,1,rel32-call/jmp,1,ret+int3,
0x003CEC30,123,rel32-call/jmp;ghidra-start,1,ghidra-size,FUN_007cec30
0x003CEFE0,1,rel32-call/jmp,1,ret+int3,
0x003D07D0,227,rel32-call/jmp;ghidra-start,1,ghidra-size,FUN_007d07d0
0x003D1A60,1450,rel32-call/jmp;ghidra-start,1,ghidra-size,FUN_007d1a60
0x003D2490,800,rel32-call/jmp,1,ret+int3,
0x003D28D0,540,rel32-call/jmp;ghidra-start,1,ghidra-size,FUN_007d28d0
0x003D2FA0,4,rel32-call/jmp,1,ret+int3,
0x003D3050,4,rel32-call/jmp,1,ret+int3,
0x003D3060,3,rel32-call/jmp,1,ret+int3,
0x003D3070,1,rel32-call/jmp,1,ret+int3,
0x003D30D0,1,rel32-call/jmp,1,ret+int3,
0x003D31E0,3,rel32-call/jmp,1,ret+int3,
0x003D3310,1,rel32-call/jmp,1,ret+int3,
0x003D49C0,4,rel32-call/jmp,1,ret+int3,
0x003D4A70,13,rel32-call/jmp,1,ret+int3,
0x003D4A80,4,rel32-call/jmp,1,ret+int3,
0x003D4AB0,9,rel32-call/jmp,1,ret+int3,
0x003D4C00,10,rel32-call/jmp,1,ret+int3,
0x003D4D70,4,rel32-call/jmp,1,ret+int3,
0x003D4D80,4,rel32-call/jmp,1,ret+int3,
0x003D4DA0,4,rel32-call/jmp,1,ret+int3,
0x003D51E0,4,rel32-call/jmp,1,ret+int3,
0x003D5630,32,rel32-call/jmp,1,ret+int3,
0x003D5660,4,rel32-call/jmp,1,ret+int3,
0x003D5700,1,rel32-call/jmp,1,ret+int3,
0x003D5920,4,rel32-call/jmp,1,ret+int3,
0x003D5C20,1,rel32-call/jmp,1,ret+int3,
0x003D5C30,1,rel32-call/jmp,1,ret+int3,
0x003D61F0,1,rel32-call/jmp,1,ret+int3,
0x003D6200,3,rel32-call/jmp,1,ret+int3,
0x003D63E0,3,rel32-call/jmp,1,ret+int3,
0x003D63F0,1,rel32-call/jmp,1,ret+int3,
0x003D6730,1,rel32-call/jmp,1,ret+int3,
0x003D6770,3,rel32-call/jmp,1,ret+int3,
0x003D6780,1,rel32-call/jmp,1,ret+int3,
0x003D6810,6,rel32-call/jmp,1,ret+int3,
0x003D6850,3,rel32-call/jmp,1,ret+int3,
0x003D6880,4,rel32-call/jmp,1,ret+int3,
0x003D6890,3,rel32-call/jmp,1,ret+int3,
0x003D68A0,1,rel32-call/jmp,1,ret+int3,
0x003D68B0,3,rel32-call/jmp,1,ret+int3,
0x003D68C0,1,rel32-call/jmp,1,ret+int3,
0x003D6920,6,rel32-call/jmp,1,ret+int3,
0x003D6970,1,rel32-call/jmp,1,ret+int3,
0x003D6A50,1,rel32-call/jmp,1,ret+int3,
0x003D6AE0,1,rel32-call/jmp,1,ret+int3,
0x003D72D0,1,rel32-call/jmp,1,ret+int3,
0x003D73C0,4,rel32-call/jmp,1,ret+int3,
0x003D7660,1,rel32-call/jmp,1,ret+int3,
0x003D7670,1,rel32-call/jmp,1,ret+int3,
0x003D79C0,557,rel32-call/jmp;ghidra-start,1,ghidra-size,FUN_007d79c0
0x003D7D30,3,rel32-call/jmp,1,ret+int3,
0x003D7D60,1,rel32-call/jmp,1,ret+int3,
0x003D80F0,746,rel32-call/jmp;ghidra-start,1,ghidra-size,FUN_007d80f0
0x003D86E0,475,rel32-call/jmp;ghidra-start,1,ghidra-size,FUN_007d86e0
0x003D9DD0,1,rel32-call/jmp,1,ret+int3,
0x003D9DE0,1,rel32-call/jmp,1,ret+int3,
0x003DAAB0,1,rel32-call/jmp,1,ret+int3,
0x003DB3F0,1,rel32-call/jmp,1,ret+int3,
0x003DC160,1,rel32-call/jmp,1,ret+int3,
0x003DC810,723,rel32-call/jmp;ghidra-start,1,ghidra-size,FUN_007dc810
0x003DE480,475,rel32-call/jmp;ghidra-start,1,ghidra-size,FUN_007de480
0x003DF580,2013,rel32-call/jmp;ghidra-start,1,ghidra-size,FUN_007df580
0x003E11E0,1061,rel32-call/jmp;ghidra-start,1,ghidra-size,FUN_007e11e0
0x003E2620,765,rel32-call/jmp;ghidra-start,1,ghidra-size,FUN_007e2620
0x003E2F30,475,rel32-call/jmp;ghidra-start,1,ghidra-size,FUN_007e2f30
0x003E3190,475,rel32-call/jmp;ghidra-start,1,ghidra-size,FUN_007e3190
0x003E33F0,475,rel32-call/jmp;ghidra-start,1,ghidra-size,FUN_007e33f0
0x003E4190,325,rel32-call/jmp;ghidra-start,1,ghidra-size,FUN_007e4190
0x003E4680,687,rel32-call/jmp;ghidra-start,1,ghidra-size,FUN_007e4680
0x003E49F0,750,rel32-call/jmp;ghidra-start,1,ghidra-size,FUN_007e49f0
0x003E4DA0,485,rel32-call/jmp;ghidra-start,1,ghidra-size,FUN_007e4da0
0x003E6300,1437,rel32-call/jmp;ghidra-start,1,ghidra-size,FUN_007e6300
0x003E6EE0,2300,rel32-call/jmp;ghidra-start,1,ghidra-size,FUN_007e6ee0
0x003E7F80,475,rel32-call/jmp;ghidra-start,1,ghidra-size,FUN_007e7f80
0x003E81E0,475,rel32-call/jmp;ghidra-start,1,ghidra-size,FUN_007e81e0
0x003E8440,475,rel32-call/jmp;ghidra-start,1,ghidra-size,FUN_007e8440
0x003E86A0,1518,rel32-call/jmp;ghidra-start,1,ghidra-size,FUN_007e86a0
0x003EB1F0,1672,rel32-call/jmp;ghidra-start,1,ghidra-size,FUN_007eb1f0
0x003ED070,1705,rel32-call/jmp;ghidra-start,1,ghidra-size,FUN_007ed070
0x003ED9F0,475,rel32-call/jmp;ghidra-start,1,ghidra-size,FUN_007ed9f0
0x003F18E0,676,rel32-call/jmp;ghidra-start,1,ghidra-size,FUN_007f18e0
0x003F1CA0,475,rel32-call/jmp;ghidra-start,1,ghidra-size,FUN_007f1ca0
0x003F1F00,475,rel32-call/jmp;ghidra-start,1,ghidra-size,FUN_007f1f00
0x003F4190,2830,rel32-call/jmp,1,ret+int3,
0x003F4F70,772,rel32-call/jmp;ghidra-start,1,ghidra-size,FUN_007f4f70
0x003F55E0,1181,rel32-call/jmp;ghidra-start,1,ghidra-size,FUN_007f55e0
0x003F6630,4,rel32-call/jmp,1,ret+int3,
0x003F75E0,4,rel32-call/jmp,1,ret+int3,
0x003F79D0,4,rel32-call/jmp,1,ret+int3,
0x003F7A90,3,rel32-call/jmp,1,ret+int3,
0x003F7AB0,418,rel32-call/jmp;ghidra-start,1,ghidra-size,FUN_007f7ab0
0x003F9310,3803,rel32-call/jmp;ghidra-start,1,ghidra-size,FUN_007f9310
0x003FA5B0,3951,rel32-call/jmp;ghidra-start,1,ghidra-size,FUN_007fa5b0
0x003FBCD0,261,rel32-call/jmp;ghidra-start,1,ghidra-size,FUN_007fbcd0
0x003FCF40,4,rel32-call/jmp,1,ret+int3,
0x003FCF50,4,rel32-call/jmp,1,ret+int3,
0x003FCF60,4,rel32-call/jmp,1,ret+int3,
0x003FD100,3,rel32-call/jmp,1,ret+int3,
0x003FD110,1,rel32-call/jmp,1,ret+int3,
0x003FD140,3,rel32-call/jmp,1,ret+int3,
0x003FD150,1,rel32-call/jmp,1,ret+int3,
0x003FD170,6,rel32-call/jmp,1,ret+int3,
0x003FD1B0,6,rel32-call/jmp,1,ret+int3,
0x003FD250,1,rel32-call/jmp,1,ret+int3,
0x003FD2A0,1,rel32-call/jmp,1,ret+int3,
0x003FD470,4,rel32-call/jmp,1,ret+int3,
0x003FD4A0,4,rel32-call/jmp,1,ret+int3,
0x003FD530,1,rel32-call/jmp,1,ret+int3,
0x003FD540,1,rel32-call/jmp,1,ret+int3,
0x003FD7C0,1,rel32-call/jmp,1,ret+int3,
0x003FE420,1,rel32-call/jmp,1,ret+int3,
0x003FE430,1,rel32-call/jmp,1,ret+int3,
0x003FEBB0,1987,rel32-call/jmp;ghidra-start,1,ghidra-size,FUN_007febb0
0x00401B10,277,rel32-call/jmp;ghidra-start,1,ghidra-size,FUN_00801b10
0x00402110,1,rel32-call/jmp,1,ret+int3,
0x00402170,4,rel32-call/jmp,1,ret+int3,
0x004021B0,10,rel32-call/jmp,1,ret+int3,
0x004021F0,4,rel32-call/jmp,1,ret+int3,
0x00402930,148,rel32-call/jmp,1,ret+int3,
0x004029F0,89,rel32-call/jmp;ghidra-start,1,ghidra-size,FUN_008029f0
0x00402C50,129,rel32-call/jmp;ghidra-start,1,ghidra-size,FUN_00802c50
0x00402F50,290,rel32-call/jmp;ghidra-start,1,ghidra-size,FUN_00802f50
0x004030C0,3,rel32-call/jmp,1,ret+int3,
0x004038D0,3,rel32-call/jmp,1,ret+int3,
0x004038E0,1,rel32-call/jmp,1,ret+int3,
0x004038F0,4,rel32-call/jmp,1,ret+int3,
0x00403900,3,rel32-call/jmp,1,ret+int3,
0x00403910,1,rel32-call/jmp,1,ret+int3,
0x00403980,1,rel32-call/jmp,1,ret+int3,
0x004039D0,1,rel32-call/jmp,1,ret+int3,
0x00403AA0,1,rel32-call/jmp,1,ret+int3,
0x00403C80,1,rel32-call/jmp,1,ret+int3,
0x00404010,4,rel32-call/jmp,1,ret+int3,
0x00404090,1,rel32-call/jmp,1,ret+int3,
0x00404280,1,rel32-call/jmp,1,ret+int3,
0x004042C0,1205,rel32-call/jmp;ghidra-start,1,ghidra-size,FUN_008042c0
0x00404AD0,1,rel32-call/jmp,1,ret+int3,
0x00405CC0,1,rel32-call/jmp,1,ret+int3,
0x004068C0,388,rel32-call/jmp;ghidra-start,1,ghidra-size,FUN_008068c0
0x00406D20,315,rel32-call/jmp;ghidra-start,1,ghidra-size,FUN_00806d20
0x00407030,3932,rel32-call/jmp;ghidra-start,1,ghidra-size,FUN_00807030
0x00408480,289,rel32-call/jmp;ghidra-start,1,ghidra-size,FUN_00808480
0x004085F0,979,rel32-call/jmp;ghidra-start,1,ghidra-size,FUN_008085f0
0x00409010,1,rel32-call/jmp,1,ret+int3,
0x00409020,1,rel32-call/jmp,1,ret+int3,
0x00409030,1,rel32-call/jmp,1,ret+int3,
0x00409450,4,rel32-call/jmp,1,ret+int3,
0x00409470,4,rel32-call/jmp,1,ret+int3,
0x00409480,4,rel32-call/jmp,1,ret+int3,
0x004094C0,4,rel32-call/jmp,1,ret+int3,
0x004094E0,4,rel32-call/jmp,1,ret+int3,
0x00409510,4,rel32-call/jmp,1,ret+int3,
0x00409840,1,rel32-call/jmp,1,ret+int3,
0x00409B00,1,rel32-call/jmp,1,ret+int3,
0x00409B10,3,rel32-call/jmp,1,ret+int3,
0x00409B20,1,rel32-call/jmp,1,ret+int3,
0x00409B70,1,rel32-call/jmp,1,ret+int3,
0x00409BA0,5,rel32-call/jmp,1,ret+int3,
0x00409CA0,1,rel32-call/jmp,1,ret+int3,
0x0040A000,1,rel32-call/jmp,1,ret+int3,
0x0040B1B0,1,rel32-call/jmp,1,ret+int3,
0x0040B1C0,1,rel32-call/jmp,1,ret+int3,
0x0040B200,82,rel32-call/jmp;ghidra-start,1,ghidra-size,FUN_0080b200
0x0040B9C0,1,rel32-call/jmp,1,ret+int3,
0x0040B9D0,1,rel32-call/jmp,1,ret+int3,
0x0040BFE0,3,rel32-call/jmp,1,ret+int3,
0x0040BFF0,1,rel32-call/jmp,1,ret+int3,
0x0040C010,1,rel32-call/jmp,1,ret+int3,
0x0040C030,1,rel32-call/jmp,1,ret+int3,
0x0040C050,3,rel32-call/jmp,1,ret+int3,
0x0040C100,1,rel32-call/jmp,1,ret+int3,
0x0040D960,4,rel32-call/jmp,1,ret+int3,
0x0040E390,4,rel32-call/jmp,1,ret+int3,
0x0040E3A0,4,rel32-call/jmp,1,ret+int3,
0x0040F4F0,4,rel32-call/jmp,1,ret+int3,
0x0040F500,1,rel32-call/jmp,1,ret+int3,
0x0040F510,1,rel32-call/jmp,1,ret+int3,
0x0040F590,3,rel32-call/jmp,1,ret+int3,
0x0040F5A0,3,rel32-call/jmp,1,ret+int3,
0x0040F600,3,rel32-call/jmp,1,ret+int3,
0x0040F640,24,rel32-call/jmp,1,ret+int3,
0x00410040,3,rel32-call/jmp,1,ret+int3,
0x00410050,1,rel32-call/jmp,1,ret+int3,
0x00410260,1,rel32-call/jmp,1,ret+int3,
0x00410270,1,rel32-call/jmp,1,ret+int3,
0x00410280,1,rel32-call/jmp,1,ret+int3,
0x00410420,4,rel32-call/jmp,1,ret+int3,
0x00410430,4,rel32-call/jmp,1,ret+int3,
0x00410480,4,rel32-call/jmp,1,ret+int3,
0x004104D0,4,rel32-call/jmp,1,ret+int3,
0x00410740,4,rel32-call/jmp,1,ret+int3,
0x00410820,4,rel32-call/jmp,1,ret+int3,
0x00410870,4,rel32-call/jmp,1,ret+int3,
0x00410880,4,rel32-call/jmp,1,ret+int3,
0x00410900,4,rel32-call/jmp,1,ret+int3,
0x00410910,4,rel32-call/jmp,1,ret+int3,
0x00410920,4,rel32-call/jmp,1,ret+int3,
0x00410930,3,rel32-call/jmp,1,ret+int3,
0x004110F0,1,rel32-call/jmp,1,ret+int3,
0x00411100,1,rel32-call/jmp,1,ret+int3,
0x00411270,314,rel32-call/jmp;ghidra-start,1,ghidra-size,FUN_00811270
0x004121A0,1,rel32-call/jmp,1,ret+int3,
0x00412670,3,rel32-call/jmp,1,ret+int3,
0x00412680,1,rel32-call/jmp,1,ret+int3,
0x00412690,1,rel32-call/jmp,1,ret+int3,
0x00412F40,3,rel32-call/jmp,1,ret+int3,
0x00412F90,1,rel32-call/jmp,1,ret+int3,
0x00413A40,919,rel32-call/jmp;ghidra-start,1,ghidra-size,FUN_00813a40
0x00414BE0,475,rel32-call/jmp;ghidra-start,1,ghidra-size,FUN_00814be0
0x004155A0,110,rel32-call/jmp;ghidra-start,1,ghidra-size,FUN_008155a0
0x00417110,1,rel32-call/jmp,1,ret+int3,
0x004199E0,3,rel32-call/jmp,1,ret+int3,
0x0041D290,4756,rel32-call/jmp;ghidra-start,1,ghidra-size,FUN_0081d290
0x00420360,617,rel32-call/jmp;ghidra-start,1,ghidra-size,FUN_00820360
0x00420B60,1740,rel32-call/jmp;ghidra-start,1,ghidra-size,FUN_00820b60
0x00421E80,3,rel32-call/jmp,1,ret+int3,
0x00421E90,1,rel32-call/jmp,1,ret+int3,
0x00421EA0,1,rel32-call/jmp,1,ret+int3,
0x00422010,1,rel32-call/jmp,1,ret+int3,
0x00422500,1,rel32-call/jmp,1,ret+int3,
0x00422550,3,rel32-call/jmp,1,ret+int3,
0x00422560,1,rel32-call/jmp,1,ret+int3,
0x004225D0,3,rel32-call/jmp,1,ret+int3,
0x004225E0,1,rel32-call/jmp,1,ret+int3,
0x00422610,3,rel32-call/jmp,1,ret+int3,
0x00422620,1,rel32-call/jmp,1,ret+int3,
0x00422630,3,rel32-call/jmp,1,ret+int3,
0x00422640,3,rel32-call/jmp,1,ret+int3,
0x00422650,1,rel32-call/jmp,1,ret+int3,
0x00422660,1,rel32-call/jmp,1,ret+int3,
0x004226C0,1,rel32-call/jmp,1,ret+int3,
0x004226D0,1,rel32-call/jmp,1,ret+int3,
0x00422710,1,rel32-call/jmp,1,ret+int3,
0x00422720,4,rel32-call/jmp,1,ret+int3,
0x00422BC0,1,rel32-call/jmp,1,ret+int3,
0x00422D10,1,rel32-call/jmp,1,ret+int3,
0x00422D50,1,rel32-call/jmp,1,ret+int3,
0x004237D0,1,rel32-call/jmp,1,ret+int3,
0x004237E0,716,rel32-call/jmp;ghidra-start,1,ghidra-size,FUN_008237e0
0x00423E80,1,rel32-call/jmp,1,ret+int3,
0x00424030,1,rel32-call/jmp,1,ret+int3,
0x004240F0,415,rel32-call/jmp;ghidra-start,1,ghidra-size,FUN_008240f0
0x004244F0,1,rel32-call/jmp,1,ret+int3,
0x00425270,335,rel32-call/jmp;ghidra-start,1,ghidra-size,FUN_00825270
0x004279E0,3,rel32-call/jmp,1,ret+int3,
0x004279F0,1,rel32-call/jmp,1,ret+int3,
0x00427A50,18,rel32-call/jmp,1,ret+int3,
0x00427A90,3,rel32-call/jmp,1,ret+int3,
0x00427AA0,3,rel32-call/jmp,1,ret+int3,
0x00427AB0,1,rel32-call/jmp,1,ret+int3,
0x00427AC0,1,rel32-call/jmp,1,ret+int3,
0x00427B00,1,rel32-call/jmp,1,ret+int3,
0x00427BF0,1,rel32-call/jmp,1,ret+int3,
0x00427DB0,1,rel32-call/jmp,1,ret+int3,
0x00427DF0,1,rel32-call/jmp,1,ret+int3,
0x004286E0,3,rel32-call/jmp,1,ret+int3,
0x004286F0,3,rel32-call/jmp,1,ret+int3,
0x00428870,3,rel32-call/jmp,1,ret+int3,
0x00428930,3,rel32-call/jmp,1,ret+int3,
0x00428A50,3,rel32-call/jmp,1,ret+int3,
0x00428EC0,3,rel32-call/jmp,1,ret+int3,
0x00429490,3,rel32-call/jmp,1,ret+int3,
0x004298E0,3,rel32-call/jmp,1,ret+int3,
0x004299F0,3,rel32-call/jmp,1,ret+int3,
0x00429A80,3,rel32-call/jmp,1,ret+int3,
0x00429C70,3,rel32-call/jmp,1,ret+int3,
0x00429DE0,3,rel32-call/jmp,1,ret+int3,
0x00429EB0,3,rel32-call/jmp,1,ret+int3,
0x0042B360,3,rel32-call/jmp,1,ret+int3,
0x0042D410,3,rel32-call/jmp,1,ret+int3,
0x0042DED0,1,rel32-call/jmp,1,ret+int3,
0x0042DEE0,1,rel32-call/jmp,1,ret+int3,
0x0042DEF0,1,rel32-call/jmp,1,ret+int3,
0x0042E330,7,rel32-call/jmp,1,ret+int3,
0x0042E660,61,rel32-call/jmp;ghidra-start,1,ghidra-size,FUN_0082e660
0x0042E880,3,rel32-call/jmp,1,ret+int3,
0x0042E890,1,rel32-call/jmp,1,ret+int3,
0x0042E8A0,3,rel32-call/jmp,1,ret+int3,
0x0042E8B0,1,rel32-call/jmp,1,ret+int3,
0x0042E8F0,3,rel32-call/jmp,1,ret+int3,
0x0042E930,3,rel32-call/jmp,1,ret+int3,
0x0042E940,1,rel32-call/jmp,1,ret+int3,
0x0042E970,1,rel32-call/jmp,1,ret+int3,
0x0042E9A0,1,rel32-call/jmp,1,ret+int3,
0x0042E9E0,1,rel32-call/jmp,1,ret+int3,
0x0042EAC0,1,rel32-call/jmp,1,ret+int3,
0x0042EC20,1,rel32-call/jmp,1,ret+int3,
0x0042EC50,1,rel32-call/jmp,1,ret+int3,
0x0042EC60,16,rel32-call/jmp,1,ret+int3,
0x0042F270,1,rel32-call/jmp,1,ret+int3,
0x0042F280,1,rel32-call/jmp,1,ret+int3,
0x0042F510,1,rel32-call/jmp,1,ret+int3,
0x00430830,1,rel32-call/jmp,1,ret+int3,
0x004318B0,4,rel32-call/jmp,1,ret+int3,
0x00431A60,354,rel32-call/jmp;ghidra-start,1,ghidra-size,FUN_00831a60
0x00431D40,93,rel32-call/jmp;ghidra-start,1,ghidra-size,FUN_00831d40
0x00431DC0,465,rel32-call/jmp;ghidra-start,1,ghidra-size,FUN_00831dc0
0x00433750,4,rel32-call/jmp,1,ret+int3,
0x00433BA0,3,rel32-call/jmp,1,ret+int3,
0x00433BB0,1,rel32-call/jmp,1,ret+int3,
0x00433BC0,3,rel32-call/jmp,1,ret+int3,
0x00433BF0,3,rel32-call/jmp,1,ret+int3,
0x00433C00,1,rel32-call/jmp,1,ret+int3,
0x00433C10,4,rel32-call/jmp,1,ret+int3,
0x00433C20,1,rel32-call/jmp,1,ret+int3,
0x00433C30,1,rel32-call/jmp,1,ret+int3,
0x00433CB0,1,rel32-call/jmp,1,ret+int3,
0x00433D90,1,rel32-call/jmp,1,ret+int3,
0x004345D0,1,rel32-call/jmp,1,ret+int3,
0x00434810,310,rel32-call/jmp;ghidra-start,1,ghidra-size,FUN_00834810
0x00434A90,191,rel32-call/jmp;ghidra-start,1,ghidra-size,FUN_00834a90
0x00434CB0,1,rel32-call/jmp,1,ret+int3,
0x00435780,223,rel32-call/jmp;ghidra-start,1,ghidra-size,FUN_00835780
0x00436300,3,rel32-call/jmp,1,ret+int3,
0x00436310,3,rel32-call/jmp,1,ret+int3,
0x00436320,3,rel32-call/jmp,1,ret+int3,
0x00438F90,1,rel32-call/jmp,1,ret+int3,
0x00438FA0,3,rel32-call/jmp,1,ret+int3,
0x00438FB0,1,rel32-call/jmp,1,ret+int3,
0x00438FD0,1,rel32-call/jmp,1,ret+int3,
0x00439080,1,rel32-call/jmp,1,ret+int3,
0x0043A120,1,rel32-call/jmp,1,ret+int3,
0x0043A4E0,4,rel32-call/jmp,1,ret+int3,
0x0043A4F0,4,rel32-call/jmp,1,ret+int3,
0x0043A500,4,rel32-call/jmp,1,ret+int3,
0x0043A510,4,rel32-call/jmp,1,ret+int3,
0x0043A550,4,rel32-call/jmp,1,ret+int3,
0x0043A560,4,rel32-call/jmp,1,ret+int3,
0x0043A610,4,rel32-call/jmp,1,ret+int3,
0x0043A660,4,rel32-call/jmp,1,ret+int3,
0x0043A670,1,rel32-call/jmp,1,ret+int3,
0x0043A680,1,rel32-call/jmp,1,ret+int3,
0x0043A6D0,13,rel32-call/jmp,1,ret+int3,
0x0043A6E0,13,rel32-call/jmp,1,ret+int3,
0x0043A6F0,13,rel32-call/jmp,1,ret+int3,
0x0043A700,13,rel32-call/jmp,1,ret+int3,
0x0043A710,13,rel32-call/jmp,1,ret+int3,
0x0043A720,13,rel32-call/jmp,1,ret+int3,
0x0043A730,13,rel32-call/jmp,1,ret+int3,
0x0043A740,13,rel32-call/jmp,1,ret+int3,
0x0043A750,13,rel32-call/jmp,1,ret+int3,
0x0043A760,13,rel32-call/jmp,1,ret+int3,
0x0043A770,7,rel32-call/jmp,1,ret+int3,
0x0043A7B0,4,rel32-call/jmp,1,ret+int3,
0x0043A7D0,4,rel32-call/jmp,1,ret+int3,
0x0043AAE0,1,rel32-call/jmp,1,ret+int3,
0x0043AC90,3,rel32-call/jmp,1,ret+int3,
0x0043B250,4,rel32-call/jmp,1,ret+int3,
0x0043B4F0,523,rel32-call/jmp;ghidra-start,1,ghidra-size,FUN_0083b4f0
0x0043BC40,3,rel32-call/jmp,1,ret+int3,
0x0043BC50,1,rel32-call/jmp,1,ret+int3,
0x0043BC60,3,rel32-call/jmp,1,ret+int3,
0x0043BC70,1,rel32-call/jmp,1,ret+int3,
0x0043BC80,3,rel32-call/jmp,1,ret+int3,
0x0043BC90,1,rel32-call/jmp,1,ret+int3,
0x0043BCA0,3,rel32-call/jmp,1,ret+int3,
0x0043BCB0,1,rel32-call/jmp,1,ret+int3,
0x0043BCC0,3,rel32-call/jmp,1,ret+int3,
0x0043BCD0,1,rel32-call/jmp,1,ret+int3,
0x0043BDA0,6,rel32-call/jmp,1,ret+int3,
0x0043BE00,6,rel32-call/jmp,1,ret+int3,
0x0043BE30,6,rel32-call/jmp,1,ret+int3,
0x0043BEC0,6,rel32-call/jmp,1,ret+int3,
0x0043BEF0,6,rel32-call/jmp,1,ret+int3,
0x0043BF10,3,rel32-call/jmp,1,ret+int3,
0x0043BF50,6,rel32-call/jmp,1,ret+int3,
0x0043BFA0,4,rel32-call/jmp,1,ret+int3,
0x0043BFB0,3,rel32-call/jmp,1,ret+int3,
0x0043BFC0,1,rel32-call/jmp,1,ret+int3,
0x0043C110,3,rel32-call/jmp,1,ret+int3,
0x0043C120,1,rel32-call/jmp,1,ret+int3,
0x0043C150,3,rel32-call/jmp,1,ret+int3,
0x0043C160,1,rel32-call/jmp,1,ret+int3,
0x0043C2B0,1,rel32-call/jmp,1,ret+int3,
0x0043C300,1,rel32-call/jmp,1,ret+int3,
0x0043C350,1,rel32-call/jmp,1,ret+int3,
0x0043C3A0,1,rel32-call/jmp,1,ret+int3,
0x0043C3F0,1,rel32-call/jmp,1,ret+int3,
0x0043C440,1,rel32-call/jmp,1,ret+int3,
0x0043C4D0,1,rel32-call/jmp,1,ret+int3,
0x0043C520,1,rel32-call/jmp,1,ret+int3,
0x0043C600,1,rel32-call/jmp,1,ret+int3,
0x0043C790,1,rel32-call/jmp,1,ret+int3,
0x0043C8F0,1,rel32-call/jmp,1,ret+int3,
0x0043C900,1,rel32-call/jmp,1,ret+int3,
0x0043C910,1,rel32-call/jmp,1,ret+int3,
0x0043C920,1,rel32-call/jmp,1,ret+int3,
0x0043C930,1,rel32-call/jmp,1,ret+int3,
0x0043CAD0,4,rel32-call/jmp,1,ret+int3,
0x0043CBA0,1,rel32-call/jmp,1,ret+int3,
0x0043CF60,4,rel32-call/jmp,1,ret+int3,
0x0043D2A0,1,rel32-call/jmp,1,ret+int3,
0x0043D2B0,1,rel32-call/jmp,1,ret+int3,
0x0043D2C0,1,rel32-call/jmp,1,ret+int3,
0x0043D2D0,1,rel32-call/jmp,1,ret+int3,
0x0043D2E0,1,rel32-call/jmp,1,ret+int3,
0x0043D2F0,1,rel32-call/jmp,1,ret+int3,
0x0043D300,1,rel32-call/jmp,1,ret+int3,
0x0043D310,1,rel32-call/jmp,1,ret+int3,
0x0043D320,1,rel32-call/jmp,1,ret+int3,
0x0043D510,1,rel32-call/jmp,1,ret+int3,
0x0043DED0,9,rel32-call/jmp;ghidra-start,1,ghidra-size,FUN_0083ded0
0x0043DEE0,9,rel32-call/jmp,1,jmp+int3,
0x0043DEF0,9,rel32-call/jmp,1,jmp+int3,
0x0043E700,995,rel32-call/jmp;ghidra-start,1,ghidra-size,FUN_0083e700
0x00443270,584,rel32-call/jmp;ghidra-start,1,ghidra-size,FUN_00843270
0x00443F60,794,ghidra-start,0,ghidra-size,FUN_00843f60
0x00445080,1619,rel32-call/jmp;ghidra-start,1,ghidra-size,FUN_00845080
0x00447A40,884,rel32-call/jmp;ghidra-start,1,ghidra-size,FUN_00847a40
0x00447F10,538,rel32-call/jmp;ghidra-start,1,ghidra-size,FUN_00847f10
0x004481C0,1057,rel32-call/jmp;ghidra-start,1,ghidra-size,FUN_008481c0
0x0044A2E0,748,rel32-call/jmp;ghidra-start,1,ghidra-size,FUN_0084a2e0
0x0044B3C0,1,rel32-call/jmp,1,ret+int3,
0x0044C250,1450,rel32-call/jmp;ghidra-start,1,ghidra-size,FUN_0084c250
0x0044CC10,3,rel32-call/jmp,1,ret+int3,
0x0044CC20,1,rel32-call/jmp,1,ret+int3,
0x0044CC40,6,rel32-call/jmp,1,ret+int3,
0x0044CC90,1,rel32-call/jmp,1,ret+int3,
0x0044CD40,4,rel32-call/jmp,1,ret+int3,
0x0044CE00,1,rel32-call/jmp,1,ret+int3,
0x0044F310,3,rel32-call/jmp,1,ret+int3,
0x0044F360,3,rel32-call/jmp,1,ret+int3,
0x0044F5F0,3,rel32-call/jmp,1,ret+int3,
0x0044F600,4,rel32-call/jmp,1,ret+int3,
0x0044F610,4,rel32-call/jmp,1,ret+int3,
0x0044F6A0,4,rel32-call/jmp,1,ret+int3,
0x0044F6B0,4,rel32-call/jmp,1,ret+int3,
0x0044F6C0,4,rel32-call/jmp,1,ret+int3,
0x0044F7F0,3,rel32-call/jmp,1,ret+int3,
0x0044FC10,3,rel32-call/jmp,1,ret+int3,
0x0044FC20,3,rel32-call/jmp,1,ret+int3,
0x0044FC30,1,rel32-call/jmp,1,ret+int3,
0x0044FCA0,3,rel32-call/jmp,1,ret+int3,
0x0044FCC0,1,rel32-call/jmp,1,ret+int3,
0x0044FF00,1,rel32-call/jmp,1,ret+int3,
0x0044FF30,3,rel32-call/jmp,1,ret+int3,
0x0044FF40,3,rel32-call/jmp,1,ret+int3,
0x0044FF50,3,rel32-call/jmp,1,ret+int3,
0x0044FFF0,4,rel32-call/jmp,1,ret+int3,
0x00450070,46,rel32-call/jmp,1,ret+int3,
0x00450210,1,rel32-call/jmp,1,ret+int3,
0x00450B80,1,rel32-call/jmp,1,ret+int3,
0x004539D0,109,rel32-call/jmp;ghidra-start,1,ghidra-size,FUN_008539d0
0x00453A80,109,rel32-call/jmp;ghidra-start,1,ghidra-size,FUN_00853a80
0x004578EB,1059,ghidra-start,0,ghidra-size,FUN_008578eb
0x00458180,4,rel32-call/jmp,1,ret+int3,
0x004581C0,4,rel32-call/jmp,1,ret+int3,
0x004581D0,4,rel32-call/jmp,1,ret+int3,
0x004581E0,4,rel32-call/jmp,1,ret+int3,
0x004581F0,4,rel32-call/jmp,1,ret+int3,
0x00458200,4,rel32-call/jmp,1,ret+int3,
0x00458210,4,rel32-call/jmp,1,ret+int3,
0x00458220,4,rel32-call/jmp,1,ret+int3,
0x00458230,4,rel32-call/jmp,1,ret+int3,
0x00458240,4,rel32-call/jmp,1,ret+int3,
0x00458250,4,rel32-call/jmp,1,ret+int3,
0x00458260,4,rel32-call/jmp,1,ret+int3,
0x00458FB0,3,rel32-call/jmp,1,ret+int3,
0x00459200,863,rel32-call/jmp;ghidra-start,1,ghidra-size,FUN_00859200
0x00459A30,3,rel32-call/jmp,1,ret+int3,
0x0045AC40,666,rel32-call/jmp;ghidra-start,1,ghidra-size,FUN_0085ac40
0x0045B430,3,rel32-call/jmp,1,ret+int3,
0x0045B450,1,rel32-call/jmp,1,ret+int3,
0x0045B460,4,rel32-call/jmp,1,ret+int3,
0x0045B4A0,4,rel32-call/jmp,1,ret+int3,
0x0045B4C0,1,rel32-call/jmp,1,ret+int3,
0x0045B9D0,4,rel32-call/jmp,1,ret+int3,
0x0045B9F0,4,rel32-call/jmp,1,ret+int3,
0x0045BA00,3,rel32-call/jmp,1,ret+int3,
0x0045BA10,3,rel32-call/jmp,1,ret+int3,
0x0045BAA0,1,rel32-call/jmp,1,ret+int3,
0x0045BAC0,3,rel32-call/jmp,1,ret+int3,
0x0045BAE0,3,rel32-call/jmp,1,ret+int3,
0x0045BAF0,3,rel32-call/jmp,1,ret+int3,
0x0045BB10,3,rel32-call/jmp,1,ret+int3,
0x0045BB20,3,rel32-call/jmp,1,ret+int3,
0x0045BB30,3,rel32-call/jmp,1,ret+int3,
0x0045BB40,3,rel32-call/jmp,1,ret+int3,
0x0045BB50,1,rel32-call/jmp,1,ret+int3,
0x0045BB60,1,rel32-call/jmp,1,ret+int3,
0x0045BB70,3,rel32-call/jmp,1,ret+int3,
0x0045BB80,3,rel32-call/jmp,1,ret+int3,
0x0045BB90,3,rel32-call/jmp,1,ret+int3,
0x0045BBA0,3,rel32-call/jmp,1,ret+int3,
0x0045BBB0,1,rel32-call/jmp,1,ret+int3,
0x0045BBC0,3,rel32-call/jmp,1,ret+int3,
0x0045BBD0,3,rel32-call/jmp,1,ret+int3,
0x0045BBE0,3,rel32-call/jmp,1,ret+int3,
0x0045BC00,3,rel32-call/jmp,1,ret+int3,
0x0045BC20,3,rel32-call/jmp,1,ret+int3,
0x0045BC30,3,rel32-call/jmp,1,ret+int3,
0x0045BC40,3,rel32-call/jmp,1,ret+int3,
0x0045BC50,3,rel32-call/jmp,1,ret+int3,
0x0045BC60,3,rel32-call/jmp,1,ret+int3,
0x0045BC70,3,rel32-call/jmp,1,ret+int3,
0x0045BCA0,3,rel32-call/jmp,1,ret+int3,
0x0045BCB0,3,rel32-call/jmp,1,ret+int3,
0x0045BCD0,3,rel32-call/jmp,1,ret+int3,
0x0045BCE0,3,rel32-call/jmp,1,ret+int3,
0x0045BCF0,3,rel32-call/jmp,1,ret+int3,
0x0045BD00,3,rel32-call/jmp,1,ret+int3,
0x0045BD10,4,rel32-call/jmp,1,ret+int3,
0x0045BD20,4,rel32-call/jmp,1,ret+int3,
0x0045BD30,4,rel32-call/jmp,1,ret+int3,
0x0045BD60,4,rel32-call/jmp,1,ret+int3,
0x0045BD70,3,rel32-call/jmp,1,ret+int3,
0x0045BD80,4,rel32-call/jmp,1,ret+int3,
0x0045BDA0,1,rel32-call/jmp,1,ret+int3,
0x0045BDB0,4,rel32-call/jmp,1,ret+int3,
0x0045BDF0,4,rel32-call/jmp,1,ret+int3,
0x0045BE20,4,rel32-call/jmp,1,ret+int3,
0x0045BE30,4,rel32-call/jmp,1,ret+int3,
0x0045BEA0,4,rel32-call/jmp,1,ret+int3,
0x0045BEB0,4,rel32-call/jmp,1,ret+int3,
0x0045BEF0,4,rel32-call/jmp,1,ret+int3,
0x0045BF00,3,rel32-call/jmp,1,ret+int3,
0x0045BF10,4,rel32-call/jmp,1,ret+int3,
0x0045BF30,1,rel32-call/jmp,1,ret+int3,
0x0045BF50,3,rel32-call/jmp,1,ret+int3,
0x0045BF70,3,rel32-call/jmp,1,ret+int3,
0x0045BFA0,1,rel32-call/jmp,1,ret+int3,
0x0045C050,3,rel32-call/jmp,1,ret+int3,
0x0045C060,3,rel32-call/jmp,1,ret+int3,
0x0045C0F0,3,rel32-call/jmp,1,ret+int3,
0x0045C120,3,rel32-call/jmp,1,ret+int3,
0x0045C130,1,rel32-call/jmp,1,ret+int3,
0x0045C180,1,rel32-call/jmp,1,ret+int3,
0x0045C1A0,4,rel32-call/jmp,1,ret+int3,
0x0045C4A0,774,rel32-call/jmp;ghidra-start,1,ghidra-size,FUN_0085c4a0
0x0045C8F0,182,rel32-call/jmp;ghidra-start,1,ghidra-size,FUN_0085c8f0
0x0045CD40,4,rel32-call/jmp,1,ret+int3,
0x0045CD50,4,rel32-call/jmp,1,ret+int3,
0x0045CD60,4,rel32-call/jmp,1,ret+int3,
0x0045CE70,3,rel32-call/jmp,1,ret+int3,
0x0045CE80,1,rel32-call/jmp,1,ret+int3,
0x0045CEA0,1,rel32-call/jmp,1,ret+int3,
0x0045CEC0,1,rel32-call/jmp,1,ret+int3,
0x0045CFE0,1,rel32-call/jmp,1,ret+int3,
0x0045DD80,3,rel32-call/jmp,1,ret+int3,
0x0045DF30,3,rel32-call/jmp,1,ret+int3,
0x0045DF40,1,rel32-call/jmp,1,ret+int3,
0x0045DF50,3,rel32-call/jmp,1,ret+int3,
0x0045DF60,1,rel32-call/jmp,1,ret+int3,
0x0045DF70,3,rel32-call/jmp,1,ret+int3,
0x0045DF80,1,rel32-call/jmp,1,ret+int3,
0x0045DF90,1,rel32-call/jmp,1,ret+int3,
0x0045DFA0,3,rel32-call/jmp,1,ret+int3,
0x0045DFB0,1,rel32-call/jmp,1,ret+int3,
0x0045DFC0,1,rel32-call/jmp,1,ret+int3,
0x0045DFD0,3,rel32-call/jmp,1,ret+int3,
0x0045DFE0,1,rel32-call/jmp,1,ret+int3,
0x0045E000,6,rel32-call/jmp,1,ret+int3,
0x0045E090,1,rel32-call/jmp,1,ret+int3,
0x0045E0F0,1,rel32-call/jmp,1,ret+int3,
0x0045E3A0,4,rel32-call/jmp,1,ret+int3,
0x0045E470,1,rel32-call/jmp,1,ret+int3,
0x0045E720,1,rel32-call/jmp,1,ret+int3,
0x0045E730,1,rel32-call/jmp,1,ret+int3,
0x0045E750,1,rel32-call/jmp,1,ret+int3,
0x0045E820,1,rel32-call/jmp,1,ret+int3,
0x0045E900,1,rel32-call/jmp,1,ret+int3,
0x0045FDC0,415,rel32-call/jmp;ghidra-start,1,ghidra-size,FUN_0085fdc0
0x0045FFD0,415,rel32-call/jmp;ghidra-start,1,ghidra-size,FUN_0085ffd0
0x004601E0,415,rel32-call/jmp;ghidra-start,1,ghidra-size,FUN_008601e0
0x00462E80,428,rel32-call/jmp;ghidra-start,1,ghidra-size,FUN_00862e80
0x00464810,6,rel32-call/jmp,1,ret+int3,
0x004653F0,3,rel32-call/jmp,1,ret+int3,
0x00465400,1,rel32-call/jmp,1,ret+int3,
0x00465410,1,rel32-call/jmp,1,ret+int3,
0x00465B70,1,rel32-call/jmp,1,ret+int3,
0x00465EF0,3,rel32-call/jmp,1,ret+int3,
0x00465F00,3,rel32-call/jmp,1,ret+int3,
0x00465F10,1,rel32-call/jmp,1,ret+int3,
0x00465F30,3,rel32-call/jmp,1,ret+int3,
0x00465F40,1,rel32-call/jmp,1,ret+int3,
0x00465F50,3,rel32-call/jmp,1,ret+int3,
0x00465F60,1,rel32-call/jmp,1,ret+int3,
0x00465F70,1,rel32-call/jmp,1,ret+int3,
0x00465F80,3,rel32-call/jmp,1,ret+int3,
0x00465F90,1,rel32-call/jmp,1,ret+int3,
0x00465FB0,3,rel32-call/jmp,1,ret+int3,
0x00465FC0,1,rel32-call/jmp,1,ret+int3,
0x00465FD0,3,rel32-call/jmp,1,ret+int3,
0x00465FE0,1,rel32-call/jmp,1,ret+int3,
0x00465FF0,1,rel32-call/jmp,1,ret+int3,
0x00466000,3,rel32-call/jmp,1,ret+int3,
0x00466010,1,rel32-call/jmp,1,ret+int3,
0x00466020,1,rel32-call/jmp,1,ret+int3,
0x00466030,3,rel32-call/jmp,1,ret+int3,
0x00466040,1,rel32-call/jmp,1,ret+int3,
0x00466050,1,rel32-call/jmp,1,ret+int3,
0x00466060,3,rel32-call/jmp,1,ret+int3,
0x00466070,1,rel32-call/jmp,1,ret+int3,
0x00466090,3,rel32-call/jmp,1,ret+int3,
0x004660A0,1,rel32-call/jmp,1,ret+int3,
0x00466A60,1,rel32-call/jmp,1,ret+int3,
0x00466A70,1,rel32-call/jmp,1,ret+int3,
0x00466A80,1,rel32-call/jmp,1,ret+int3,
0x00466A90,1,rel32-call/jmp,1,ret+int3,
0x00466AB0,1,rel32-call/jmp,1,ret+int3,
0x00466AD0,1,rel32-call/jmp,1,ret+int3,
0x00466AE0,1,rel32-call/jmp,1,ret+int3,
0x00468960,415,rel32-call/jmp;ghidra-start,1,ghidra-size,FUN_00868960
0x00468B70,415,rel32-call/jmp;ghidra-start,1,ghidra-size,FUN_00868b70
0x00468D80,415,rel32-call/jmp;ghidra-start,1,ghidra-size,FUN_00868d80
0x00468F90,415,rel32-call/jmp;ghidra-start,1,ghidra-size,FUN_00868f90
0x004691A0,415,rel32-call/jmp;ghidra-start,1,ghidra-size,FUN_008691a0
0x004693B0,415,rel32-call/jmp;ghidra-start,1,ghidra-size,FUN_008693b0
0x004695C0,415,rel32-call/jmp;ghidra-start,1,ghidra-size,FUN_008695c0
0x00469B10,313,rel32-call/jmp;ghidra-start,1,ghidra-size,FUN_00869b10
0x00469DB0,313,rel32-call/jmp;ghidra-start,1,ghidra-size,FUN_00869db0
0x0046AD10,313,rel32-call/jmp;ghidra-start,1,ghidra-size,FUN_0086ad10
0x0046BDF0,313,rel32-call/jmp;ghidra-start,1,ghidra-size,FUN_0086bdf0
0x0046C090,313,rel32-call/jmp;ghidra-start,1,ghidra-size,FUN_0086c090
0x0046C330,313,rel32-call/jmp;ghidra-start,1,ghidra-size,FUN_0086c330
0x00470840,4,rel32-call/jmp,1,ret+int3,
0x00470850,4,rel32-call/jmp,1,ret+int3,
0x00470910,3,rel32-call/jmp,1,ret+int3,
0x00470920,1,rel32-call/jmp,1,ret+int3,
0x00470960,3,rel32-call/jmp,1,ret+int3,
0x00470970,1,rel32-call/jmp,1,ret+int3,
0x00470980,3,rel32-call/jmp,1,ret+int3,
0x00470990,1,rel32-call/jmp,1,ret+int3,
0x004709A0,1,rel32-call/jmp,1,ret+int3,
0x00470AA0,1,rel32-call/jmp,1,ret+int3,
0x00470AB0,1,rel32-call/jmp,1,ret+int3,
0x00470C70,1,rel32-call/jmp,1,ret+int3,
0x00470C80,1,rel32-call/jmp,1,ret+int3,
0x00470C90,370,rel32-call/jmp;ghidra-start,1,ghidra-size,FUN_00870c90
0x00471230,1,rel32-call/jmp,1,ret+int3,
0x00471240,1,rel32-call/jmp,1,ret+int3,
0x00471460,4,rel32-call/jmp,1,ret+int3,
0x00471470,4,rel32-call/jmp,1,ret+int3,
0x00471F60,4,rel32-call/jmp,1,ret+int3,
0x00471F70,4,rel32-call/jmp,1,ret+int3,
0x004725A0,49,rel32-call/jmp;ghidra-start,1,ghidra-size,FUN_008725a0
0x00472640,3,rel32-call/jmp,1,ret+int3,
0x00472650,3,rel32-call/jmp,1,ret+int3,
0x00472680,3,rel32-call/jmp,1,ret+int3,
0x004726B0,4,rel32-call/jmp,1,ret+int3,
0x004726D0,3,rel32-call/jmp,1,ret+int3,
0x004726F0,3,rel32-call/jmp,1,ret+int3,
0x00472700,1,rel32-call/jmp,1,ret+int3,
0x00472730,3,rel32-call/jmp,1,ret+int3,
0x00472740,3,rel32-call/jmp,1,ret+int3,
0x00472750,1,rel32-call/jmp,1,ret+int3,
0x00472760,3,rel32-call/jmp,1,ret+int3,
0x00472770,1,rel32-call/jmp,1,ret+int3,
0x00472780,3,rel32-call/jmp,1,ret+int3,
0x00472790,1,rel32-call/jmp,1,ret+int3,
0x004727B0,6,rel32-call/jmp,1,ret+int3,
0x004727F0,6,rel32-call/jmp,1,ret+int3,
0x00472830,6,rel32-call/jmp,1,ret+int3,
0x00472840,1,rel32-call/jmp,1,ret+int3,
0x00472890,1,rel32-call/jmp,1,ret+int3,
0x004728E0,1,rel32-call/jmp,1,ret+int3,
0x00472930,1,rel32-call/jmp,1,ret+int3,
0x00472B30,4,rel32-call/jmp,1,ret+int3,
0x00472B60,4,rel32-call/jmp,1,ret+int3,
0x00472B90,4,rel32-call/jmp,1,ret+int3,
0x00472DA0,3,rel32-call/jmp,1,ret+int3,
0x00472DB0,3,rel32-call/jmp,1,ret+int3,
0x00472DC0,3,rel32-call/jmp,1,ret+int3,
0x00472FD0,1,rel32-call/jmp,1,ret+int3,
0x00472FE0,1,rel32-call/jmp,1,ret+int3,
0x00472FF0,1,rel32-call/jmp,1,ret+int3,
0x00473900,35,rel32-call/jmp,1,ret+int3,
0x00473930,35,rel32-call/jmp,1,ret+int3,
0x00476360,1,rel32-call/jmp,1,ret+int3,
0x00476370,3,rel32-call/jmp,1,ret+int3,
0x00477050,267,rel32-call/jmp;ghidra-start,1,ghidra-size,FUN_00877050
0x00477B00,4,rel32-call/jmp,1,ret+int3,
0x00477B10,4,rel32-call/jmp,1,ret+int3,
0x00477B90,1,rel32-call/jmp,1,ret+int3,
0x00477EC0,183,rel32-call/jmp,1,ret+int3,
0x00477FB0,198,rel32-call/jmp,1,ret+int3,
0x00478EE0,58,rel32-call/jmp,1,ret+int3,
0x0047A240,4,rel32-call/jmp,1,ret+int3,
0x0047CCE0,196,rel32-call/jmp;ghidra-start,1,ghidra-size,FUN_0087cce0
0x0047D080,4,rel32-call/jmp,1,ret+int3,
0x0047D760,3,rel32-call/jmp,1,ret+int3,
0x0047D770,1,rel32-call/jmp,1,ret+int3,
0x0047D7F0,1,rel32-call/jmp,1,ret+int3,
0x0047D990,1,rel32-call/jmp,1,ret+int3,
0x0047DA10,3,rel32-call/jmp,1,ret+int3,
0x0047DA20,3,rel32-call/jmp,1,ret+int3,
0x0047DAB0,3,rel32-call/jmp,1,ret+int3,
0x0047E290,3,rel32-call/jmp,1,ret+int3,
0x0047E450,1,rel32-call/jmp,1,ret+int3,
0x0047E630,1003,rel32-call/jmp;ghidra-start,1,ghidra-size,FUN_0087e630
0x00483300,1,rel32-call/jmp,1,ret+int3,
0x00483800,3,rel32-call/jmp,1,ret+int3,
0x00483C20,77,rel32-call/jmp;ghidra-start,1,ghidra-size,FUN_00883c20
0x00489170,4,rel32-call/jmp,1,ret+int3,
0x00489180,4,rel32-call/jmp,1,ret+int3,
0x00489190,3,rel32-call/jmp,1,ret+int3,
0x004891E0,22,rel32-call/jmp,1,ret+int3,
0x00489240,1,rel32-call/jmp,1,ret+int3,
0x00489250,3,rel32-call/jmp,1,ret+int3,
0x00489480,3,rel32-call/jmp,1,ret+int3,
0x00489490,1,rel32-call/jmp,1,ret+int3,
0x004894A0,3,rel32-call/jmp,1,ret+int3,
0x004894B0,1,rel32-call/jmp,1,ret+int3,
0x004894F0,3,rel32-call/jmp,1,ret+int3,
0x00489500,1,rel32-call/jmp,1,ret+int3,
0x00489530,1,rel32-call/jmp,1,ret+int3,
0x00489550,1,rel32-call/jmp,1,ret+int3,
0x00489560,1,rel32-call/jmp,1,ret+int3,
0x004895C0,1,rel32-call/jmp,1,ret+int3,
0x004895F0,1,rel32-call/jmp,1,ret+int3,
0x004896B0,1,rel32-call/jmp,1,ret+int3,
0x00489790,1,rel32-call/jmp,1,ret+int3,
0x00489850,1,rel32-call/jmp,1,ret+int3,
0x00489860,1,rel32-call/jmp,1,ret+int3,
0x0048C060,3,rel32-call/jmp,1,ret+int3,
0x0048C070,1,rel32-call/jmp,1,ret+int3,
0x0048C090,1,rel32-call/jmp,1,ret+int3,
0x0048C0B0,1,rel32-call/jmp,1,ret+int3,
0x0048C140,1,rel32-call/jmp,1,ret+int3,
0x0048CD30,1,rel32-call/jmp,1,ret+int3,
0x0048CD40,1,rel32-call/jmp,1,ret+int3,
0x0048CDC0,4,rel32-call/jmp,1,ret+int3,
0x0048CEF0,4,rel32-call/jmp,1,ret+int3,
0x0048D1F0,1,rel32-call/jmp,1,ret+int3,
0x0048D200,161,rel32-call/jmp;ghidra-start,1,ghidra-size,FUN_0088d200
0x0048E310,4,rel32-call/jmp,1,ret+int3,
0x0048E370,4,rel32-call/jmp,1,ret+int3,
0x0048E620,3,rel32-call/jmp,1,ret+int3,
0x0048E630,1,rel32-call/jmp,1,ret+int3,
0x0048E680,3,rel32-call/jmp,1,ret+int3,
0x0048E690,1,rel32-call/jmp,1,ret+int3,
0x0048E6A0,1,rel32-call/jmp,1,ret+int3,
0x0048E6B0,1,rel32-call/jmp,1,ret+int3,
0x0048E940,1,rel32-call/jmp,1,ret+int3,
0x0048E950,1,rel32-call/jmp,1,ret+int3,
0x0048EBE0,1,rel32-call/jmp,1,ret+int3,
0x0048EBF0,1,rel32-call/jmp,1,ret+int3,
0x0048EDF0,1,rel32-call/jmp,1,ret+int3,
0x0048EE00,1,rel32-call/jmp,1,ret+int3,
0x00490220,4,rel32-call/jmp,1,ret+int3,
0x00490240,4,rel32-call/jmp,1,ret+int3,
0x00490460,3,rel32-call/jmp,1,ret+int3,
0x00490540,3,rel32-call/jmp,1,ret+int3,
0x00490770,3,rel32-call/jmp,1,ret+int3,
0x00490780,3,rel32-call/jmp,1,ret+int3,
0x00490E00,3,rel32-call/jmp,1,ret+int3,
0x00494280,4,rel32-call/jmp,1,ret+int3,
0x004942B0,1,rel32-call/jmp,1,ret+int3,
0x00494490,3,rel32-call/jmp,1,ret+int3,
0x004944A0,1,rel32-call/jmp,1,ret+int3,
0x004944D0,1,rel32-call/jmp,1,ret+int3,
0x00494590,1,rel32-call/jmp,1,ret+int3,
0x00494730,1,rel32-call/jmp,1,ret+int3,
0x004952B0,3,rel32-call/jmp,1,ret+int3,
0x00497C30,3,rel32-call/jmp,1,ret+int3,
0x00497D40,4,rel32-call/jmp,1,ret+int3,
0x00497D50,4,rel32-call/jmp,1,ret+int3,
0x00497D60,3,rel32-call/jmp,1,ret+int3,
0x00497D70,4,rel32-call/jmp,1,ret+int3,
0x00497E30,3,rel32-call/jmp,1,ret+int3,
0x00497E40,1,rel32-call/jmp,1,ret+int3,
0x00497E70,1,rel32-call/jmp,1,ret+int3,
0x00497F60,1,rel32-call/jmp,1,ret+int3,
0x00497FD0,1,rel32-call/jmp,1,ret+int3,
0x00499050,295,rel32-call/jmp;ghidra-start,1,ghidra-size,FUN_00899050
0x00499E70,3,rel32-call/jmp,1,ret+int3,
0x00499EB0,3,rel32-call/jmp,1,ret+int3,
0x00499EC0,3,rel32-call/jmp,1,ret+int3,
0x0049AF30,3,rel32-call/jmp,1,ret+int3,
0x0049AF40,1,rel32-call/jmp,1,ret+int3,
0x0049AF50,4,rel32-call/jmp,1,ret+int3,
0x0049AF70,3,rel32-call/jmp,1,ret+int3,
0x0049AF80,1,rel32-call/jmp,1,ret+int3,
0x0049C970,4,rel32-call/jmp,1,ret+int3,
0x0049C980,4,rel32-call/jmp,1,ret+int3,
0x0049C9C0,7,rel32-call/jmp,1,ret+int3,
0x0049C9D0,4,rel32-call/jmp,1,ret+int3,
0x0049CA00,4,rel32-call/jmp,1,ret+int3,
0x0049D090,1,rel32-call/jmp,1,ret+int3,
0x0049D150,3,rel32-call/jmp,1,ret+int3,
0x0049D310,1,rel32-call/jmp,1,ret+int3,
0x0049D540,29,rel32-call/jmp,1,ret+int3,
0x0049D5C0,3,rel32-call/jmp,1,ret+int3,
0x0049D630,3,rel32-call/jmp,1,ret+int3,
0x0049D640,3,rel32-call/jmp,1,ret+int3,
0x004A2F80,583,rel32-call/jmp;ghidra-start,1,ghidra-size,FUN_008a2f80
0x004A3710,146,rel32-call/jmp;ghidra-start,1,ghidra-size,FUN_008a3710
0x004A3A70,8,rel32-call/jmp,1,jmp+int3,
0x004A5E30,1378,rel32-call/jmp;ghidra-start,1,ghidra-size,FUN_008a5e30
0x004A6500,4,rel32-call/jmp,1,ret+int3,
0x004A6600,3,rel32-call/jmp,1,ret+int3,
0x004A6610,1,rel32-call/jmp,1,ret+int3,
0x004A6650,1,rel32-call/jmp,1,ret+int3,
0x004A6750,1,rel32-call/jmp,1,ret+int3,
0x004A67C0,1,rel32-call/jmp,1,ret+int3,
0x004A6E20,1157,rel32-call/jmp;ghidra-start,1,ghidra-size,FUN_008a6e20
0x004AAD20,3,rel32-call/jmp,1,ret+int3,
0x004AAD30,1,rel32-call/jmp,1,ret+int3,
0x004AAD50,1,rel32-call/jmp,1,ret+int3,
0x004AAD70,1,rel32-call/jmp,1,ret+int3,
0x004AAE30,1,rel32-call/jmp,1,ret+int3,
0x004AB4C0,227,rel32-call/jmp;ghidra-start,1,ghidra-size,FUN_008ab4c0
0x004AB7C0,4,rel32-call/jmp,1,ret+int3,
0x004AB830,13,rel32-call/jmp,1,ret+int3,
0x004AB8C0,3,rel32-call/jmp,1,ret+int3,
0x004AB8D0,1,rel32-call/jmp,1,ret+int3,
0x004AB8E0,3,rel32-call/jmp,1,ret+int3,
0x004AB8F0,1,rel32-call/jmp,1,ret+int3,
0x004AB900,3,rel32-call/jmp,1,ret+int3,
0x004AB910,1,rel32-call/jmp,1,ret+int3,
0x004AB950,1,rel32-call/jmp,1,ret+int3,
0x004AB960,1,rel32-call/jmp,1,ret+int3,
0x004AB970,1,rel32-call/jmp,1,ret+int3,
0x004ABA40,1,rel32-call/jmp,1,ret+int3,
0x004ABA50,1,rel32-call/jmp,1,ret+int3,
0x004ABA60,1,rel32-call/jmp,1,ret+int3,
0x004ACA30,1,rel32-call/jmp,1,ret+int3,
0x004ACA40,1,rel32-call/jmp,1,ret+int3,
0x004ACA50,1,rel32-call/jmp,1,ret+int3,
0x004AFA70,1,rel32-call/jmp,1,ret+int3,
0x004AFB10,3,rel32-call/jmp,1,ret+int3,
0x004AFB20,3,rel32-call/jmp,1,ret+int3,
0x004AFB30,1,rel32-call/jmp,1,ret+int3,
0x004AFB70,6,rel32-call/jmp,1,ret+int3,
0x004AFBD0,1,rel32-call/jmp,1,ret+int3,
0x004AFD20,4,rel32-call/jmp,1,ret+int3,
0x004AFFB0,1,rel32-call/jmp,1,ret+int3,
0x004B2210,4,rel32-call/jmp,1,ret+int3,
0x004B2220,4,rel32-call/jmp,1,ret+int3,
0x004B2CD0,1,rel32-call/jmp,1,ret+int3,
0x004B2F10,4,rel32-call/jmp,1,ret+int3,
0x004B4FF0,86,rel32-call/jmp;ghidra-start,1,ghidra-size,FUN_008b4ff0
0x004B59E0,3,rel32-call/jmp,1,ret+int3,
0x004B5E40,102,rel32-call/jmp;ghidra-start,1,ghidra-size,FUN_008b5e40
0x004B6190,858,rel32-call/jmp;ghidra-start,1,ghidra-size,FUN_008b6190
0x004B8940,3188,rel32-call/jmp;ghidra-start,1,ghidra-size,FUN_008b8940
0x004BE030,4,rel32-call/jmp,1,ret+int3,
0x004BEBD0,126,rel32-call/jmp;ghidra-start,1,ghidra-size,FUN_008bebd0
0x004C10A0,4,rel32-call/jmp,1,ret+int3,
0x004C10B0,4,rel32-call/jmp,1,ret+int3,
0x004C10C0,4,rel32-call/jmp,1,ret+int3,
0x004C11E0,3,rel32-call/jmp,1,ret+int3,
0x004C11F0,3,rel32-call/jmp,1,ret+int3,
0x004C5690,3,rel32-call/jmp,1,jmp+int3,
0x004C8010,663,rel32-call/jmp;ghidra-start,1,ghidra-size,FUN_008c8010
0x004C9050,4,rel32-call/jmp,1,ret+int3,
0x004C9090,1,rel32-call/jmp,1,ret+int3,
0x004CAE70,4,rel32-call/jmp,1,ret+int3,
0x004CAEA0,4,rel32-call/jmp,1,ret+int3,
0x004CAEB0,4,rel32-call/jmp,1,ret+int3,
0x004CAED0,4,rel32-call/jmp,1,ret+int3,
0x004CB200,4,rel32-call/jmp,1,ret+int3,
0x004CB210,4,rel32-call/jmp,1,ret+int3,
0x004CBBB0,2178,rel32-call/jmp;ghidra-start,1,ghidra-size,FUN_008cbbb0
0x004CC980,2223,rel32-call/jmp;ghidra-start,1,ghidra-size,FUN_008cc980
0x004CDA50,978,rel32-call/jmp,1,ret+int3,
0x004CDF20,1709,rel32-call/jmp;ghidra-start,1,ghidra-size,FUN_008cdf20
0x004CF440,2243,rel32-call/jmp,1,ret+int3,
0x004D18B0,463,ghidra-start,0,ghidra-size,FUN_008d18b0
0x004D3C30,1,rel32-call/jmp,1,ret+int3,
0x004D3E40,15,rel32-call/jmp,1,ret+int3,
0x004D3FC0,3,rel32-call/jmp,1,ret+int3,
0x004D3FD0,1,rel32-call/jmp,1,ret+int3,
0x004D40D0,1,rel32-call/jmp,1,ret+int3,
0x004D4210,5,rel32-call/jmp,1,ret+int3,
0x004D4220,1,rel32-call/jmp,1,ret+int3,
0x004D4240,1,rel32-call/jmp,1,ret+int3,
0x004D42E0,3,rel32-call/jmp,1,ret+int3,
0x004D4330,3,rel32-call/jmp,1,ret+int3,
0x004D4340,3,rel32-call/jmp,1,ret+int3,
0x004D43A0,3,rel32-call/jmp,1,ret+int3,
0x004D4430,1,rel32-call/jmp,1,ret+int3,
0x004D4770,1,rel32-call/jmp,1,ret+int3,
0x004D47C0,1,rel32-call/jmp,1,ret+int3,
0x004DBBF0,522,rel32-call/jmp;ghidra-start,1,ghidra-size,FUN_008dbbf0
0x004DBE80,4126,rel32-call/jmp;ghidra-start,1,ghidra-size,FUN_008dbe80
0x004DD2B0,2086,rel32-call/jmp;ghidra-start,1,ghidra-size,FUN_008dd2b0
0x004E25A0,4,rel32-call/jmp,1,ret+int3,
0x004E25C0,4,rel32-call/jmp,1,ret+int3,
0x004E25D0,4,rel32-call/jmp,1,ret+int3,
0x004E29A0,3,rel32-call/jmp,1,ret+int3,
0x004E29B0,1,rel32-call/jmp,1,ret+int3,
0x004E29D0,6,rel32-call/jmp,1,ret+int3,
0x004E2AA0,1,rel32-call/jmp,1,ret+int3,
0x004E2B60,4,rel32-call/jmp,1,ret+int3,
0x004E2B90,1,rel32-call/jmp,1,ret+int3,
0x004E2D50,307,rel32-call/jmp;ghidra-start,1,ghidra-size,FUN_008e2d50
0x004E2EF0,15,rel32-call/jmp,1,ret+int3,
0x004E2F70,1,rel32-call/jmp,1,ret+int3,
0x004E8320,1002,rel32-call/jmp;ghidra-start,1,ghidra-size,FUN_008e8320
0x004E9B10,4,rel32-call/jmp,1,ret+int3,
0x004E9B40,13,rel32-call/jmp,1,ret+int3,
0x004E9D70,3,rel32-call/jmp,1,ret+int3,
0x004E9DB0,6,rel32-call/jmp,1,ret+int3,
0x004E9DE0,6,rel32-call/jmp,1,ret+int3,
0x004E9ED0,4,rel32-call/jmp,1,ret+int3,
0x004F0730,4,rel32-call/jmp,1,ret+int3,
0x004F1210,50,rel32-call/jmp,1,ret+int3,
0x004F39B0,9,rel32-call/jmp,1,jmp+int3,
0x004F4750,513,ghidra-start,0,ghidra-size,FUN_008f4750
0x004F9550,13,rel32-call/jmp,1,ret+int3,
0x004F9560,7,rel32-call/jmp,1,ret+int3,
0x004F9580,13,rel32-call/jmp,1,ret+int3,
0x004F9590,7,rel32-call/jmp,1,ret+int3,
0x004F95B0,7,rel32-call/jmp,1,ret+int3,
0x004F95D0,7,rel32-call/jmp,1,ret+int3,
0x004F95F0,13,rel32-call/jmp,1,ret+int3,
0x004F96F0,3,rel32-call/jmp,1,ret+int3,
0x004F9700,1,rel32-call/jmp,1,ret+int3,
0x004F9760,1,rel32-call/jmp,1,ret+int3,
0x004F9B60,1,rel32-call/jmp,1,ret+int3,
0x004FA1A0,3,rel32-call/jmp,1,ret+int3,
0x004FA680,3,rel32-call/jmp,1,ret+int3,
0x00509B30,1885,rel32-call/jmp;ghidra-start,1,ghidra-size,FUN_00909b30
0x0050D930,3,rel32-call/jmp,1,ret+int3,
0x0050E610,1,rel32-call/jmp,1,ret+int3,
0x0050E620,1,rel32-call/jmp,1,ret+int3,
0x0050E800,57,rel32-call/jmp;ghidra-start,1,ghidra-size,FUN_0090e800
0x005111D0,4,rel32-call/jmp,1,ret+int3,
0x00511210,1,rel32-call/jmp,1,ret+int3,
0x00511220,1,rel32-call/jmp,1,ret+int3,
0x005114F0,1,rel32-call/jmp,1,ret+int3,
0x00511500,3,rel32-call/jmp,1,ret+int3,
0x00511550,3,rel32-call/jmp,1,ret+int3,
0x00511560,1,rel32-call/jmp,1,ret+int3,
0x00511580,1,rel32-call/jmp,1,ret+int3,
0x005116E0,1,rel32-call/jmp,1,ret+int3,
0x00511740,3,rel32-call/jmp,1,ret+int3,
0x00511750,3,rel32-call/jmp,1,ret+int3,
0x00511760,3,rel32-call/jmp,1,ret+int3,
0x00511990,1,rel32-call/jmp,1,ret+int3,
0x00512340,1,rel32-call/jmp,1,ret+int3,
0x00513740,396,rel32-call/jmp;ghidra-start,1,ghidra-size,FUN_00913740
0x005139E0,55,rel32-call/jmp;ghidra-start,1,ghidra-size,FUN_009139e0
0x005143D0,310,rel32-call/jmp;ghidra-start,1,ghidra-size,FUN_009143d0
0x00514560,316,rel32-call/jmp;ghidra-start,1,ghidra-size,FUN_00914560
0x00515810,1158,rel32-call/jmp;ghidra-start,1,ghidra-size,FUN_00915810
0x00516650,4,rel32-call/jmp,1,ret+int3,
0x005169A0,3,rel32-call/jmp,1,ret+int3,
0x00517720,127,rel32-call/jmp;ghidra-start,1,ghidra-size,FUN_00917720
0x0051B4A0,4,rel32-call/jmp,1,ret+int3,
0x0051B4B0,4,rel32-call/jmp,1,ret+int3,
0x0051B6E0,3,rel32-call/jmp,1,ret+int3,
0x0051B6F0,3,rel32-call/jmp,1,ret+int3,
0x0051D010,4,rel32-call/jmp,1,ret+int3,
0x00521E60,3,rel32-call/jmp,1,ret+int3,
0x00521E80,3,rel32-call/jmp,1,ret+int3,
0x005232F0,4,rel32-call/jmp,1,ret+int3,
0x005235F0,4,rel32-call/jmp,1,ret+int3,
0x00523600,3,rel32-call/jmp,1,ret+int3,
0x00523620,3,rel32-call/jmp,1,ret+int3,
0x00523A10,3,rel32-call/jmp,1,ret+int3,
0x00523DF0,3,rel32-call/jmp,1,ret+int3,
0x00523E00,3,rel32-call/jmp,1,ret+int3,
0x00524B40,190,rel32-call/jmp,1,ret+int3,
0x005260F0,574,rel32-call/jmp;ghidra-start,1,ghidra-size,FUN_009260f0
0x00526660,518,rel32-call/jmp;ghidra-start,1,ghidra-size,FUN_00926660
0x0052B140,3,rel32-call/jmp,1,ret+int3,
0x0052B150,1,rel32-call/jmp,1,ret+int3,
0x0052B160,3,rel32-call/jmp,1,ret+int3,
0x0052B170,1,rel32-call/jmp,1,ret+int3,
0x0052B290,1,rel32-call/jmp,1,ret+int3,
0x0052B890,1,rel32-call/jmp,1,ret+int3,
0x0052BCB0,1,rel32-call/jmp,1,ret+int3,
0x0052BE30,1,rel32-call/jmp,1,ret+int3,
0x0052CF10,3,rel32-call/jmp,1,ret+int3,
0x0052CF20,1,rel32-call/jmp,1,ret+int3,
0x0052CF70,3,rel32-call/jmp,1,ret+int3,
0x0052CF80,1,rel32-call/jmp,1,ret+int3,
0x0052CFC0,1,rel32-call/jmp,1,ret+int3,
0x0052CFD0,1,rel32-call/jmp,1,ret+int3,
0x0052CFE0,1,rel32-call/jmp,1,ret+int3,
0x0052D2B0,1,rel32-call/jmp,1,ret+int3,
0x0052D310,3,rel32-call/jmp,1,ret+int3,
0x0052D320,3,rel32-call/jmp,1,ret+int3,
0x0052D330,3,rel32-call/jmp,1,ret+int3,
0x0052D340,3,rel32-call/jmp,1,ret+int3,
0x0052D350,3,rel32-call/jmp,1,ret+int3,
0x0052D360,3,rel32-call/jmp,1,ret+int3,
0x0052D680,1,rel32-call/jmp,1,ret+int3,
0x0052E230,1,rel32-call/jmp,1,ret+int3,
0x0052EBA0,1,rel32-call/jmp,1,ret+int3,
0x0052F600,325,rel32-call/jmp;ghidra-start,1,ghidra-size,FUN_0092f600
0x005307B0,2068,rel32-call/jmp;ghidra-start,1,ghidra-size,FUN_009307b0
0x005317B0,55,rel32-call/jmp;ghidra-start,1,ghidra-size,FUN_009317b0
0x00532280,437,rel32-call/jmp;ghidra-start,1,ghidra-size,FUN_00932280
0x005337E0,1373,rel32-call/jmp;ghidra-start,1,ghidra-size,FUN_009337e0
0x00533EA0,990,rel32-call/jmp;ghidra-start,1,ghidra-size,FUN_00933ea0
0x00534380,1355,rel32-call/jmp;ghidra-start,1,ghidra-size,FUN_00934380
0x00537530,5,rel32-call/jmp,1,ret+int3,
0x00537570,1,rel32-call/jmp,1,ret+int3,
0x00537590,1,rel32-call/jmp,1,ret+int3,
0x005375F0,4,rel32-call/jmp,1,ret+int3,
0x00537610,13,rel32-call/jmp,1,ret+int3,
0x00537620,13,rel32-call/jmp,1,ret+int3,
0x00537660,4,rel32-call/jmp,1,ret+int3,
0x005376B0,4,rel32-call/jmp,1,ret+int3,
0x005376F0,4,rel32-call/jmp,1,ret+int3,
0x00537DB0,1,rel32-call/jmp,1,ret+int3,
0x00537DF0,13,rel32-call/jmp,1,ret+int3,
0x00537E70,3,rel32-call/jmp,1,ret+int3,
0x00537E80,1,rel32-call/jmp,1,ret+int3,
0x00537EA0,6,rel32-call/jmp,1,ret+int3,
0x00537EE0,1,rel32-call/jmp,1,ret+int3,
0x00537F40,3,rel32-call/jmp,1,ret+int3,
0x00537F70,1,rel32-call/jmp,1,ret+int3,
0x00537F80,3,rel32-call/jmp,1,ret+int3,
0x00537FF0,3,rel32-call/jmp,1,ret+int3,
0x00538090,1,rel32-call/jmp,1,ret+int3,
0x005380C0,4,rel32-call/jmp,1,ret+int3,
0x005381E0,4,rel32-call/jmp,1,ret+int3,
0x00538220,4,rel32-call/jmp,1,ret+int3,
0x00538530,276,rel32-call/jmp;ghidra-start,1,ghidra-size,FUN_00938530
0x00538940,1,rel32-call/jmp,1,ret+int3,
0x00539110,322,rel32-call/jmp;ghidra-start,1,ghidra-size,FUN_00939110
0x0053D170,487,rel32-call/jmp,1,ret+int3,
0x0053D7D0,471,rel32-call/jmp,1,ret+int3,
0x0053DFC0,769,rel32-call/jmp;ghidra-start,1,ghidra-size,FUN_0093dfc0
0x0053EDD0,821,rel32-call/jmp;ghidra-start,1,ghidra-size,FUN_0093edd0
0x005409A0,2221,rel32-call/jmp;ghidra-start,1,ghidra-size,FUN_009409a0
0x00541480,241,rel32-call/jmp;ghidra-start,1,ghidra-size,FUN_00941480
0x00546160,1,rel32-call/jmp,1,ret+int3,
0x00548D10,1,rel32-call/jmp,1,ret+int3,
0x00548E20,3,rel32-call/jmp,1,ret+int3,
0x00548E30,1,rel32-call/jmp,1,ret+int3,
0x00548E60,6,rel32-call/jmp,1,ret+int3,
0x00548E70,4,rel32-call/jmp,1,ret+int3,
0x00548E80,3,rel32-call/jmp,1,ret+int3,
0x00548E90,4,rel32-call/jmp,1,ret+int3,
0x00548EA0,3,rel32-call/jmp,1,ret+int3,
0x00548EB0,4,rel32-call/jmp,1,ret+int3,
0x00548EC0,3,rel32-call/jmp,1,ret+int3,
0x00548ED0,4,rel32-call/jmp,1,ret+int3,
0x00548EE0,3,rel32-call/jmp,1,ret+int3,
0x00548F30,1,rel32-call/jmp,1,ret+int3,
0x00548F70,3,rel32-call/jmp,1,ret+int3,
0x00548F90,3,rel32-call/jmp,1,ret+int3,
0x00548FB0,3,rel32-call/jmp,1,ret+int3,
0x00548FC0,3,rel32-call/jmp,1,ret+int3,
0x00549F80,3,rel32-call/jmp,1,ret+int3,
0x00549F90,3,rel32-call/jmp,1,ret+int3,
0x00549FA0,3,rel32-call/jmp,1,ret+int3,
0x00549FB0,3,rel32-call/jmp,1,ret+int3,
0x00549FC0,3,rel32-call/jmp,1,ret+int3,
0x0054B300,3,rel32-call/jmp,1,ret+int3,
0x0054BA10,4,rel32-call/jmp,1,ret+int3,
0x0054BBB0,1,rel32-call/jmp,1,ret+int3,
0x00553E20,1,rel32-call/jmp,1,ret+int3,
0x00553E50,1,rel32-call/jmp,1,ret+int3,
0x00554250,1,rel32-call/jmp,1,ret+int3,
0x00554AA0,9395,rel32-call/jmp;ghidra-start,1,ghidra-size,FUN_00954aa0
0x005578A0,387,rel32-call/jmp;ghidra-start,1,ghidra-size,FUN_009578a0
0x00558520,1,rel32-call/jmp,1,ret+int3,
0x00558530,1,rel32-call/jmp,1,ret+int3,
0x00558540,3,rel32-call/jmp,1,ret+int3,
0x00558A30,332,rel32-call/jmp;ghidra-start,1,ghidra-size,FUN_00958a30
0x00558BE0,335,rel32-call/jmp;ghidra-start,1,ghidra-size,FUN_00958be0
0x0055A240,843,rel32-call/jmp;ghidra-start,1,ghidra-size,FUN_0095a240
0x0055BA10,4,rel32-call/jmp,1,ret+int3,
0x0055BD30,1,rel32-call/jmp,1,ret+int3,
0x0055BE90,3,rel32-call/jmp,1,ret+int3,
0x0055BEA0,1,rel32-call/jmp,1,ret+int3,
0x0055BEB0,1,rel32-call/jmp,1,ret+int3,
0x0055BF60,1,rel32-call/jmp,1,ret+int3,
0x0055BFE0,1,rel32-call/jmp,1,ret+int3,
0x0055C170,1,rel32-call/jmp,1,ret+int3,
0x0055C5E0,1,rel32-call/jmp,1,ret+int3,
0x0055DBE0,1,rel32-call/jmp,1,ret+int3,
0x0055DBF0,1,rel32-call/jmp,1,ret+int3,
0x0055F290,2743,rel32-call/jmp;ghidra-start,1,ghidra-size,FUN_0095f290
0x005625C0,2797,rel32-call/jmp,1,ret+int3,
0x005638C0,4,rel32-call/jmp,1,ret+int3,
0x005638E0,4,rel32-call/jmp,1,ret+int3,
0x005638F0,4,rel32-call/jmp,1,ret+int3,
0x00566B10,620,rel32-call/jmp;ghidra-start,1,ghidra-size,FUN_00966b10
0x0056A940,143,rel32-call/jmp,1,ret+int3,
0x0056AA00,263,rel32-call/jmp,1,ret+int3,
0x0056AD80,3,rel32-call/jmp,1,ret+int3,
0x0056AD90,1,rel32-call/jmp,1,ret+int3,
0x0056ADC0,1,rel32-call/jmp,1,ret+int3,
0x0056ADD0,4,rel32-call/jmp,1,ret+int3,
0x0056ADE0,3,rel32-call/jmp,1,ret+int3,
0x0056AE20,3,rel32-call/jmp,1,ret+int3,
0x0056B210,3,rel32-call/jmp,1,ret+int3,
0x0056B5F0,3,rel32-call/jmp,1,ret+int3,
0x0056B600,3,rel32-call/jmp,1,ret+int3,
0x0056C330,1,rel32-call/jmp,1,ret+int3,
0x0056E160,27,rel32-call/jmp;ghidra-start,1,ghidra-size,FUN_0096e160
0x0056F1F0,2280,rel32-call/jmp;ghidra-start,1,ghidra-size,FUN_0096f1f0
0x00570120,7,rel32-call/jmp,1,ret+int3,
0x00570180,4,rel32-call/jmp,1,ret+int3,
0x00570190,4,rel32-call/jmp,1,ret+int3,
0x005701C0,1,rel32-call/jmp,1,ret+int3,
0x00570570,3,rel32-call/jmp,1,ret+int3,
0x00570580,1,rel32-call/jmp,1,ret+int3,
0x005705F0,3,rel32-call/jmp,1,ret+int3,
0x00570600,1,rel32-call/jmp,1,ret+int3,
0x00570630,3,rel32-call/jmp,1,ret+int3,
0x00570640,1,rel32-call/jmp,1,ret+int3,
0x00570680,3,rel32-call/jmp,1,ret+int3,
0x00570690,1,rel32-call/jmp,1,ret+int3,
0x005706A0,3,rel32-call/jmp,1,ret+int3,
0x005706B0,3,rel32-call/jmp,1,ret+int3,
0x005706C0,1,rel32-call/jmp,1,ret+int3,
0x005706D0,1,rel32-call/jmp,1,ret+int3,
0x005706E0,1,rel32-call/jmp,1,ret+int3,
0x005706F0,1,rel32-call/jmp,1,ret+int3,
0x00570B70,1,rel32-call/jmp,1,ret+int3,
0x00570B80,1,rel32-call/jmp,1,ret+int3,
0x00570B90,1,rel32-call/jmp,1,ret+int3,
0x00570D80,3,rel32-call/jmp,1,ret+int3,
0x00570D90,3,rel32-call/jmp,1,ret+int3,
0x00570DA0,3,rel32-call/jmp,1,ret+int3,
0x00570DB0,3,rel32-call/jmp,1,ret+int3,
0x00570DC0,3,rel32-call/jmp,1,ret+int3,
0x00570DD0,3,rel32-call/jmp,1,ret+int3,
0x00570E70,3,rel32-call/jmp,1,ret+int3,
0x00570F30,3,rel32-call/jmp,1,ret+int3,
0x00570F40,3,rel32-call/jmp,1,ret+int3,
0x00571930,1,rel32-call/jmp,1,ret+int3,
0x00571940,1,rel32-call/jmp,1,ret+int3,
0x00571950,1,rel32-call/jmp,1,ret+int3,
0x005723E0,1,rel32-call/jmp,1,ret+int3,
0x005723F0,1,rel32-call/jmp,1,ret+int3,
0x00572400,1,rel32-call/jmp,1,ret+int3,
0x00572DF0,1,rel32-call/jmp,1,ret+int3,
0x00572E00,1,rel32-call/jmp,1,ret+int3,
0x00572E10,1,rel32-call/jmp,1,ret+int3,
0x005742C0,81,rel32-call/jmp;ghidra-start,1,ghidra-size,FUN_009742c0
0x00575B70,3400,rel32-call/jmp;ghidra-start,1,ghidra-size,FUN_00975b70
0x005778E0,1636,rel32-call/jmp;ghidra-start,1,ghidra-size,FUN_009778e0
0x00578160,2865,rel32-call/jmp;ghidra-start,1,ghidra-size,FUN_00978160
0x00579120,3,rel32-call/jmp,1,ret+int3,
0x00579130,3,rel32-call/jmp,1,ret+int3,
0x00579140,1,rel32-call/jmp,1,ret+int3,
0x00579630,3,rel32-call/jmp,1,ret+int3,
0x00579640,1,rel32-call/jmp,1,ret+int3,
0x00579990,371,rel32-call/jmp;ghidra-start,1,ghidra-size,FUN_00979990
0x0057F0B0,57,rel32-call/jmp,1,ret+int3,
0x0057F8E0,120,rel32-call/jmp,1,ret+int3,
0x00580250,4,rel32-call/jmp,1,ret+int3,
0x00580260,1,rel32-call/jmp,1,ret+int3,
0x005802B0,3,rel32-call/jmp,1,ret+int3,
0x005802C0,1,rel32-call/jmp,1,ret+int3,
0x005802D0,3,rel32-call/jmp,1,ret+int3,
0x005802E0,1,rel32-call/jmp,1,ret+int3,
0x005802F0,3,rel32-call/jmp,1,ret+int3,
0x00580300,1,rel32-call/jmp,1,ret+int3,
0x00580340,1,rel32-call/jmp,1,ret+int3,
0x00580350,1,rel32-call/jmp,1,ret+int3,
0x00580360,1,rel32-call/jmp,1,ret+int3,
0x005803A0,1,rel32-call/jmp,1,ret+int3,
0x005803B0,1,rel32-call/jmp,1,ret+int3,
0x005803C0,1,rel32-call/jmp,1,ret+int3,
0x00580470,3,rel32-call/jmp,1,ret+int3,
0x00580590,1,rel32-call/jmp,1,ret+int3,
0x005805A0,1,rel32-call/jmp,1,ret+int3,
0x005805B0,1,rel32-call/jmp,1,ret+int3,
0x00580BD0,308,rel32-call/jmp;ghidra-start,1,ghidra-size,FUN_00980bd0
0x005819A0,3,rel32-call/jmp,1,ret+int3,
0x005819B0,1,rel32-call/jmp,1,ret+int3,
0x00581A30,3,rel32-call/jmp,1,ret+int3,
0x00581A40,1,rel32-call/jmp,1,ret+int3,
0x00581A70,3,rel32-call/jmp,1,ret+int3,
0x00581A80,1,rel32-call/jmp,1,ret+int3,
0x00581A90,1,rel32-call/jmp,1,ret+int3,
0x00581AC0,1,rel32-call/jmp,1,ret+int3,
0x00581AD0,1,rel32-call/jmp,1,ret+int3,
0x00581C20,1,rel32-call/jmp,1,ret+int3,
0x00581E20,1,rel32-call/jmp,1,ret+int3,
0x00582080,1,rel32-call/jmp,1,ret+int3,
0x005823C0,1,rel32-call/jmp,1,ret+int3,
0x005827B0,1,rel32-call/jmp,1,ret+int3,
0x00582F50,415,rel32-call/jmp;ghidra-start,1,ghidra-size,FUN_00982f50
0x00583680,676,rel32-call/jmp;ghidra-start,1,ghidra-size,FUN_00983680
0x00584D40,4,rel32-call/jmp,1,ret+int3,
0x00584E40,1,rel32-call/jmp,1,ret+int3,
0x00584E70,3,rel32-call/jmp,1,ret+int3,
0x00584E80,1,rel32-call/jmp,1,ret+int3,
0x00584F40,3,rel32-call/jmp,1,ret+int3,
0x00584F50,1,rel32-call/jmp,1,ret+int3,
0x00584F60,3,rel32-call/jmp,1,ret+int3,
0x00584F70,1,rel32-call/jmp,1,ret+int3,
0x00584FF0,1,rel32-call/jmp,1,ret+int3,
0x00585060,1,rel32-call/jmp,1,ret+int3,
0x005850B0,1,rel32-call/jmp,1,ret+int3,
0x00585200,1,rel32-call/jmp,1,ret+int3,
0x00585270,4,rel32-call/jmp,1,ret+int3,
0x00585520,1,rel32-call/jmp,1,ret+int3,
0x00585750,1,rel32-call/jmp,1,ret+int3,
0x00585760,1,rel32-call/jmp,1,ret+int3,
0x00585BC0,1,rel32-call/jmp,1,ret+int3,
0x00586320,1,rel32-call/jmp,1,ret+int3,
0x00586620,1,rel32-call/jmp,1,ret+int3,
0x005880C0,1167,rel32-call/jmp,1,ret+int3,
0x005886D0,4,rel32-call/jmp,1,ret+int3,
0x00588830,4,rel32-call/jmp,1,ret+int3,
0x00588840,4,rel32-call/jmp,1,ret+int3,
0x00588850,4,rel32-call/jmp,1,ret+int3,
0x005889F0,1,rel32-call/jmp,1,ret+int3,
0x00588F40,1,rel32-call/jmp,1,ret+int3,
0x005899F0,3,rel32-call/jmp,1,ret+int3,
0x00589A00,1,rel32-call/jmp,1,ret+int3,
0x00589A10,3,rel32-call/jmp,1,ret+int3,
0x00589A50,3,rel32-call/jmp,1,ret+int3,
0x00589AE0,3,rel32-call/jmp,1,ret+int3,
0x00589B10,3,rel32-call/jmp,1,ret+int3,
0x00589B20,3,rel32-call/jmp,1,ret+int3,
0x00589B30,3,rel32-call/jmp,1,ret+int3,
0x00589B40,1,rel32-call/jmp,1,ret+int3,
0x00589BD0,3,rel32-call/jmp,1,ret+int3,
0x00589D10,4,rel32-call/jmp,1,ret+int3,
0x00589D20,3,rel32-call/jmp,1,ret+int3,
0x00589D30,1,rel32-call/jmp,1,ret+int3,
0x00589D40,3,rel32-call/jmp,1,ret+int3,
0x00589DC0,1,rel32-call/jmp,1,ret+int3,
0x00589DD0,4,rel32-call/jmp,1,ret+int3,
0x00589DE0,3,rel32-call/jmp,1,ret+int3,
0x00589DF0,1,rel32-call/jmp,1,ret+int3,
0x00589E40,1,rel32-call/jmp,1,ret+int3,
0x00589E90,1,rel32-call/jmp,1,ret+int3,
0x0058A030,3,rel32-call/jmp,1,ret+int3,
0x0058A040,3,rel32-call/jmp,1,ret+int3,
0x0058A820,3,rel32-call/jmp,1,ret+int3,
0x0058AD40,106,rel32-call/jmp;ghidra-start,1,ghidra-size,FUN_0098ad40
0x0058ADF0,1,rel32-call/jmp,1,ret+int3,
0x0058B020,3,rel32-call/jmp,1,ret+int3,
0x0058B030,3,rel32-call/jmp,1,ret+int3,
0x0058B1E0,1,rel32-call/jmp,1,ret+int3,
0x0058B2E0,3,rel32-call/jmp,1,ret+int3,
0x0058B2F0,3,rel32-call/jmp,1,ret+int3,
0x0058B350,3,rel32-call/jmp,1,ret+int3,
0x0058B3A0,3,rel32-call/jmp,1,ret+int3,
0x0058B3B0,3,rel32-call/jmp,1,ret+int3,
0x0058B3E0,3,rel32-call/jmp,1,ret+int3,
0x0058B450,3,rel32-call/jmp,1,ret+int3,
0x0058B460,3,rel32-call/jmp,1,ret+int3,
0x0058B530,3,rel32-call/jmp,1,ret+int3,
0x0058C490,4,rel32-call/jmp,1,ret+int3,
0x0058C5F0,1,rel32-call/jmp,1,ret+int3,
0x0058C600,1,rel32-call/jmp,1,ret+int3,
0x0058C610,1,rel32-call/jmp,1,ret+int3,
0x00591640,319,rel32-call/jmp;ghidra-start,1,ghidra-size,FUN_00991640
0x00591C40,225,rel32-call/jmp;ghidra-start,1,ghidra-size,FUN_00991c40
0x00591D60,338,rel32-call/jmp;ghidra-start,1,ghidra-size,FUN_00991d60
0x00592130,257,rel32-call/jmp;ghidra-start,1,ghidra-size,FUN_00992130
0x00592E10,52,rel32-call/jmp;ghidra-start,1,ghidra-size,FUN_00992e10
0x00594740,718,rel32-call/jmp;ghidra-start,1,ghidra-size,FUN_00994740
0x00596940,1,rel32-call/jmp,1,ret+int3,
0x00597130,1079,rel32-call/jmp;ghidra-start,1,ghidra-size,FUN_00997130
0x00597A30,961,rel32-call/jmp;ghidra-start,1,ghidra-size,FUN_00997a30
0x00599600,3,rel32-call/jmp,1,ret+int3,
0x005996F0,438,rel32-call/jmp;ghidra-start,1,ghidra-size,FUN_009996f0
0x0059B140,31,rel32-call/jmp;ghidra-start,1,ghidra-size,FUN_0099b140
0x0059BC90,4,rel32-call/jmp,1,ret+int3,
0x0059BCD0,1,rel32-call/jmp,1,ret+int3,
0x0059D3A0,1,rel32-call/jmp,1,ret+int3,
0x0059D3F0,4,rel32-call/jmp,1,ret+int3,
0x0059D840,4,rel32-call/jmp,1,ret+int3,
0x0059DC70,4,rel32-call/jmp,1,ret+int3,
0x0059DFE0,4,rel32-call/jmp,1,ret+int3,
0x0059E490,4,rel32-call/jmp,1,ret+int3,
0x0059EB90,105,rel32-call/jmp;ghidra-start,1,ghidra-size,FUN_0099eb90
0x0059F6F0,4,rel32-call/jmp,1,ret+int3,
0x0059FAD0,4,rel32-call/jmp,1,ret+int3,
0x0059FB30,3,rel32-call/jmp,1,ret+int3,
0x0059FD30,3,rel32-call/jmp,1,ret+int3,
0x0059FD40,1,rel32-call/jmp,1,ret+int3,
0x0059FD60,1,rel32-call/jmp,1,ret+int3,
0x0059FD90,1,rel32-call/jmp,1,ret+int3,
0x0059FDE0,1,rel32-call/jmp,1,ret+int3,
0x005A0180,4,rel32-call/jmp,1,ret+int3,
0x005A03B0,1,rel32-call/jmp,1,ret+int3,
0x005A0410,4,rel32-call/jmp,1,ret+int3,
0x005A3180,1,rel32-call/jmp,1,ret+int3,
0x005A3310,3,rel32-call/jmp,1,ret+int3,
0x005A3320,1,rel32-call/jmp,1,ret+int3,
0x005A3330,1,rel32-call/jmp,1,ret+int3,
0x005A33C0,1,rel32-call/jmp,1,ret+int3,
0x005A3930,1,rel32-call/jmp,1,ret+int3,
0x005A39B0,1,rel32-call/jmp,1,ret+int3,
0x005A39E0,1,rel32-call/jmp,1,ret+int3,
0x005A45C0,1,rel32-call/jmp,1,ret+int3,
0x005A4A30,3,rel32-call/jmp,1,ret+int3,
0x005A5600,3,rel32-call/jmp,1,ret+int3,
0x005A5610,3,rel32-call/jmp,1,ret+int3,
0x005A5620,3,rel32-call/jmp,1,ret+int3,
0x005A6390,4,rel32-call/jmp,1,ret+int3,
0x005A6CB0,4,rel32-call/jmp,1,ret+int3,
0x005A6CC0,4,rel32-call/jmp,1,ret+int3,
0x005A76C0,3,rel32-call/jmp,1,ret+int3,
0x005A76D0,1,rel32-call/jmp,1,ret+int3,
0x005A76E0,3,rel32-call/jmp,1,ret+int3,
0x005A76F0,1,rel32-call/jmp,1,ret+int3,
0x005A7700,1,rel32-call/jmp,1,ret+int3,
0x005A7760,1,rel32-call/jmp,1,ret+int3,
0x005A7A20,1,rel32-call/jmp,1,ret+int3,
0x005A7B30,1,rel32-call/jmp,1,ret+int3,
0x005A7B80,1,rel32-call/jmp,1,ret+int3,
0x005AA450,7882,rel32-call/jmp;ghidra-start,1,ghidra-size,FUN_009aa450
0x005ADE90,5859,rel32-call/jmp;ghidra-start,1,ghidra-size,FUN_009ade90
0x005AFFB0,433,rel32-call/jmp;ghidra-start,1,ghidra-size,FUN_009affb0
0x005B1C70,333,rel32-call/jmp;ghidra-start,1,ghidra-size,FUN_009b1c70
0x005B24A0,3,rel32-call/jmp,1,ret+int3,
0x005B24B0,1,rel32-call/jmp,1,ret+int3,
0x005B2510,1,rel32-call/jmp,1,ret+int3,
0x005B25C0,4,rel32-call/jmp,1,ret+int3,
0x005B26A0,1,rel32-call/jmp,1,ret+int3,
0x005B3270,193,rel32-call/jmp;ghidra-start,1,ghidra-size,FUN_009b3270
0x005B3840,1,rel32-call/jmp,1,ret+int3,
0x005B4380,1059,rel32-call/jmp;ghidra-start,1,ghidra-size,FUN_009b4380
0x005B51B0,3,rel32-call/jmp,1,ret+int3,
0x005B5E50,369,rel32-call/jmp;ghidra-start,1,ghidra-size,FUN_009b5e50
0x005B6AA0,1,rel32-call/jmp,1,ret+int3,
0x005B6AB0,1,rel32-call/jmp,1,ret+int3,
0x005B6AC0,1,rel32-call/jmp,1,ret+int3,
0x005B6BA0,391,rel32-call/jmp;ghidra-start,1,ghidra-size,FUN_009b6ba0
0x005B73E0,3,rel32-call/jmp,1,ret+int3,
0x005B73F0,3,rel32-call/jmp,1,ret+int3,
0x005B7400,1,rel32-call/jmp,1,ret+int3,
0x005B7430,1,rel32-call/jmp,1,ret+int3,
0x005B74F0,1,rel32-call/jmp,1,ret+int3,
0x005B7540,1,rel32-call/jmp,1,ret+int3,
0x005B8520,210,rel32-call/jmp;ghidra-start,1,ghidra-size,FUN_009b8520
0x005B9C70,239,rel32-call/jmp;ghidra-start,1,ghidra-size,FUN_009b9c70
0x005BA0E0,4,rel32-call/jmp,1,ret+int3,
0x005BA0F0,4,rel32-call/jmp,1,ret+int3,
0x005BA110,4,rel32-call/jmp,1,ret+int3,
0x005BA390,1,rel32-call/jmp,1,ret+int3,
0x005BA650,1,rel32-call/jmp,1,ret+int3,
0x005BB520,4,rel32-call/jmp,1,ret+int3,
0x005BB530,3,rel32-call/jmp,1,ret+int3,
0x005BB540,1,rel32-call/jmp,1,ret+int3,
0x005BB550,3,rel32-call/jmp,1,ret+int3,
0x005BB560,1,rel32-call/jmp,1,ret+int3,
0x005BB590,1,rel32-call/jmp,1,ret+int3,
0x005BB5A0,1,rel32-call/jmp,1,ret+int3,
0x005BB5D0,1,rel32-call/jmp,1,ret+int3,
0x005BB5E0,1,rel32-call/jmp,1,ret+int3,
0x005BB650,3,rel32-call/jmp,1,ret+int3,
0x005BB680,3,rel32-call/jmp,1,ret+int3,
0x005BB750,1,rel32-call/jmp,1,ret+int3,
0x005BB760,1,rel32-call/jmp,1,ret+int3,
0x005BD0E0,4,rel32-call/jmp,1,ret+int3,
0x005BD2E0,4,rel32-call/jmp,1,ret+int3,
0x005BD3E0,4,rel32-call/jmp,1,ret+int3,
0x005BD400,3,rel32-call/jmp,1,ret+int3,
0x005BD410,1,rel32-call/jmp,1,ret+int3,
0x005BD420,3,rel32-call/jmp,1,ret+int3,
0x005BD430,4,rel32-call/jmp,1,ret+int3,
0x005BD450,3,rel32-call/jmp,1,ret+int3,
0x005BD490,3,rel32-call/jmp,1,ret+int3,
0x005BD4A0,3,rel32-call/jmp,1,ret+int3,
0x005BD4B0,1,rel32-call/jmp,1,ret+int3,
0x005BD4C0,3,rel32-call/jmp,1,ret+int3,
0x005BD4E0,4,rel32-call/jmp,1,ret+int3,
0x005BD4F0,4,rel32-call/jmp,1,ret+int3,
0x005BE7F0,1,rel32-call/jmp,1,ret+int3,
0x005BE820,3,rel32-call/jmp,1,ret+int3,
0x005BE830,3,rel32-call/jmp,1,ret+int3,
0x005BE840,1,rel32-call/jmp,1,ret+int3,
0x005BE8F0,3,rel32-call/jmp,1,ret+int3,
0x005BE900,1,rel32-call/jmp,1,ret+int3,
0x005BEA00,46,rel32-call/jmp,1,ret+int3,
0x005BEA90,46,rel32-call/jmp,1,ret+int3,
0x005BEB20,46,rel32-call/jmp,1,ret+int3,
0x005BEBB0,46,rel32-call/jmp,1,ret+int3,
0x005BEC40,46,rel32-call/jmp,1,ret+int3,
0x005BECD0,46,rel32-call/jmp,1,ret+int3,
0x005BED60,46,rel32-call/jmp,1,ret+int3,
0x005BEDF0,46,rel32-call/jmp,1,ret+int3,
0x005BEE30,3,rel32-call/jmp,1,ret+int3,
0x005BEE40,1,rel32-call/jmp,1,ret+int3,
0x005BEF50,3,rel32-call/jmp,1,ret+int3,
0x005BEF60,1,rel32-call/jmp,1,ret+int3,
0x005BEF90,3,rel32-call/jmp,1,ret+int3,
0x005BEFA0,1,rel32-call/jmp,1,ret+int3,
0x005BF050,3,rel32-call/jmp,1,ret+int3,
0x005BF070,6,rel32-call/jmp,1,ret+int3,
0x005BFF90,3,rel32-call/jmp,1,ret+int3,
0x005BFFC0,4,rel32-call/jmp,1,ret+int3,
0x005BFFE0,3,rel32-call/jmp,1,ret+int3,
0x005BFFF0,1,rel32-call/jmp,1,ret+int3,
0x005C00A0,3,rel32-call/jmp,1,ret+int3,
0x005C00B0,1,rel32-call/jmp,1,ret+int3,
0x005C00C0,1,rel32-call/jmp,1,ret+int3,
0x005C0110,1,rel32-call/jmp,1,ret+int3,
0x005C0120,1,rel32-call/jmp,1,ret+int3,
0x005C0130,1,rel32-call/jmp,1,ret+int3,
0x005C0140,1,rel32-call/jmp,1,ret+int3,
0x005C02C0,1,rel32-call/jmp,1,ret+int3,
0x005C0340,1,rel32-call/jmp,1,ret+int3,
0x005C03B0,1,rel32-call/jmp,1,ret+int3,
0x005C0610,3,rel32-call/jmp,1,ret+int3,
0x005C0620,1,rel32-call/jmp,1,ret+int3,
0x005C0630,3,rel32-call/jmp,1,ret+int3,
0x005C0660,3,rel32-call/jmp,1,ret+int3,
0x005C0690,3,rel32-call/jmp,1,ret+int3,
0x005C06A0,1,rel32-call/jmp,1,ret+int3,
0x005C06B0,3,rel32-call/jmp,1,ret+int3,
0x005C06E0,3,rel32-call/jmp,1,ret+int3,
0x005C0710,3,rel32-call/jmp,1,ret+int3,
0x005C0720,1,rel32-call/jmp,1,ret+int3,
0x005C0730,3,rel32-call/jmp,1,ret+int3,
0x005C0760,3,rel32-call/jmp,1,ret+int3,
0x005C0800,33,rel32-call/jmp;ghidra-start,1,ghidra-size,FUN_009c0800
0x005C09E0,3,rel32-call/jmp,1,ret+int3,
0x005C0A60,3,rel32-call/jmp,1,ret+int3,
0x005C0A70,3,rel32-call/jmp,1,ret+int3,
0x005C0A90,3,rel32-call/jmp,1,ret+int3,
0x005C0AA0,3,rel32-call/jmp,1,ret+int3,
0x005C0AB0,3,rel32-call/jmp,1,ret+int3,
0x005C0AC0,3,rel32-call/jmp,1,ret+int3,
0x005C0AD0,3,rel32-call/jmp,1,ret+int3,
0x005C0AE0,3,rel32-call/jmp,1,ret+int3,
0x005C0AF0,3,rel32-call/jmp,1,ret+int3,
0x005C0B00,3,rel32-call/jmp,1,ret+int3,
0x005C0B10,3,rel32-call/jmp,1,ret+int3,
0x005C0B20,3,rel32-call/jmp,1,ret+int3,
0x005C0BC0,4,rel32-call/jmp,1,ret+int3,
0x005C0BF0,3,rel32-call/jmp,1,ret+int3,
0x005C0C00,3,rel32-call/jmp,1,ret+int3,
0x005C0C10,3,rel32-call/jmp,1,ret+int3,
0x005C0C20,3,rel32-call/jmp,1,ret+int3,
0x005C0C30,3,rel32-call/jmp,1,ret+int3,
0x005C0C40,3,rel32-call/jmp,1,ret+int3,
0x005C0C50,3,rel32-call/jmp,1,ret+int3,
0x005C0C60,3,rel32-call/jmp,1,ret+int3,
0x005C0C70,3,rel32-call/jmp,1,ret+int3,
0x005C0C90,3,rel32-call/jmp,1,ret+int3,
0x005C0CA0,3,rel32-call/jmp,1,ret+int3,
0x005C0CB0,3,rel32-call/jmp,1,ret+int3,
0x005C0CC0,3,rel32-call/jmp,1,ret+int3,
0x005C0CD0,3,rel32-call/jmp,1,ret+int3,
0x005C0D70,4,rel32-call/jmp,1,ret+int3,
0x005C1130,3,rel32-call/jmp,1,ret+int3,
0x005C1140,3,rel32-call/jmp,1,ret+int3,
0x005C1150,3,rel32-call/jmp,1,ret+int3,
0x005C1160,3,rel32-call/jmp,1,ret+int3,
0x005C1170,3,rel32-call/jmp,1,ret+int3,
0x005C1180,3,rel32-call/jmp,1,ret+int3,
0x005C1190,3,rel32-call/jmp,1,ret+int3,
0x005C11A0,3,rel32-call/jmp,1,ret+int3,
0x005C11B0,3,rel32-call/jmp,1,ret+int3,
0x005C1260,1,rel32-call/jmp,1,ret+int3,
0x005C1270,1,rel32-call/jmp,1,ret+int3,
0x005C1280,1,rel32-call/jmp,1,ret+int3,
0x005C1290,1,rel32-call/jmp,1,ret+int3,
0x005C12A0,1,rel32-call/jmp,1,ret+int3,
0x005C12C0,3,rel32-call/jmp,1,ret+int3,
0x005C1380,3,rel32-call/jmp,1,ret+int3,
0x005C13F0,3,rel32-call/jmp,1,ret+int3,
0x005C1400,3,rel32-call/jmp,1,ret+int3,
0x005C1440,3,rel32-call/jmp,1,ret+int3,
0x005C1500,3,rel32-call/jmp,1,ret+int3,
0x005C1510,3,rel32-call/jmp,1,ret+int3,
0x005C1550,3,rel32-call/jmp,1,ret+int3,
0x005C15A0,3,rel32-call/jmp,1,ret+int3,
0x005C1DB0,16,rel32-call/jmp,1,ret+int3,
0x005C2340,1,rel32-call/jmp,1,ret+int3,
0x005C24E0,1,rel32-call/jmp,1,ret+int3,
0x005C24F0,1,rel32-call/jmp,1,ret+int3,
0x005C2660,33,rel32-call/jmp;ghidra-start,1,ghidra-size,FUN_009c2660
0x005C2920,4,rel32-call/jmp,1,ret+int3,
0x005C2990,4,rel32-call/jmp,1,ret+int3,
0x005C29A0,4,rel32-call/jmp,1,ret+int3,
0x005C29B0,4,rel32-call/jmp,1,ret+int3,
0x005C29C0,4,rel32-call/jmp,1,ret+int3,
0x005C29D0,4,rel32-call/jmp,1,ret+int3,
0x005C2B90,1,rel32-call/jmp,1,ret+int3,
0x005C2BA0,1,rel32-call/jmp,1,ret+int3,
0x005C2BB0,1,rel32-call/jmp,1,ret+int3,
0x005C2BC0,1,rel32-call/jmp,1,ret+int3,
0x005C2BD0,1,rel32-call/jmp,1,ret+int3,
0x005C4410,1,rel32-call/jmp,1,ret+int3,
0x005C4420,1,rel32-call/jmp,1,ret+int3,
0x005C4430,1,rel32-call/jmp,1,ret+int3,
0x005C4440,1,rel32-call/jmp,1,ret+int3,
0x005C4480,1,rel32-call/jmp,1,ret+int3,
0x005C8870,415,rel32-call/jmp;ghidra-start,1,ghidra-size,FUN_009c8870
0x005D1BF0,4,rel32-call/jmp,1,ret+int3,
0x005D1C00,4,rel32-call/jmp,1,ret+int3,
0x005D1C70,3,rel32-call/jmp,1,ret+int3,
0x005D1C80,1,rel32-call/jmp,1,ret+int3,
0x005D1CA0,6,rel32-call/jmp,1,ret+int3,
0x005D1D10,1,rel32-call/jmp,1,ret+int3,
0x005D1DC0,4,rel32-call/jmp,1,ret+int3,
0x005D1DF0,1,rel32-call/jmp,1,ret+int3,
0x005D20D0,1,rel32-call/jmp,1,ret+int3,
0x005D2CC0,1,rel32-call/jmp,1,ret+int3,
0x005D2CD0,1,rel32-call/jmp,1,ret+int3,
0x005D3640,1,rel32-call/jmp,1,ret+int3,
0x005D36D0,1,rel32-call/jmp,1,ret+int3,
0x005D3820,17,rel32-call/jmp,1,ret+int3,
0x005D3850,4,rel32-call/jmp,1,ret+int3,
0x005D3AD0,1,rel32-call/jmp,1,ret+int3,
0x005D3AE0,1,rel32-call/jmp,1,ret+int3,
0x005D3AF0,3,rel32-call/jmp,1,ret+int3,
0x005D47B0,1,rel32-call/jmp,1,ret+int3,
0x005D47E0,1,rel32-call/jmp,1,ret+int3,
0x005D47F0,1,rel32-call/jmp,1,ret+int3,
0x005D4B40,3,rel32-call/jmp,1,ret+int3,
0x005D4B50,3,rel32-call/jmp,1,ret+int3,
0x005D4B60,3,rel32-call/jmp,1,ret+int3,
0x005D4B70,3,rel32-call/jmp,1,ret+int3,
0x005D4B80,3,rel32-call/jmp,1,ret+int3,
0x005D4B90,3,rel32-call/jmp,1,ret+int3,
0x005D4BA0,1,rel32-call/jmp,1,ret+int3,
0x005D4BB0,1,rel32-call/jmp,1,ret+int3,
0x005D4BC0,1,rel32-call/jmp,1,ret+int3,
0x005D4BD0,1,rel32-call/jmp,1,ret+int3,
0x005D4BE0,1,rel32-call/jmp,1,ret+int3,
0x005D4BF0,1,rel32-call/jmp,1,ret+int3,
0x005D4C00,1,rel32-call/jmp,1,ret+int3,
0x005D4C10,1,rel32-call/jmp,1,ret+int3,
0x005D4C20,1,rel32-call/jmp,1,ret+int3,
0x005D4C30,1,rel32-call/jmp,1,ret+int3,
0x005D4C40,1,rel32-call/jmp,1,ret+int3,
0x005D4C50,1,rel32-call/jmp,1,ret+int3,
0x005D4C60,1,rel32-call/jmp,1,ret+int3,
0x005D4C70,1,rel32-call/jmp,1,ret+int3,
0x005D4C80,1,rel32-call/jmp,1,ret+int3,
0x005D4C90,1,rel32-call/jmp,1,ret+int3,
0x005D4CA0,1,rel32-call/jmp,1,ret+int3,
0x005D4CB0,1,rel32-call/jmp,1,ret+int3,
0x005D4CC0,1,rel32-call/jmp,1,ret+int3,
0x005D4E00,3,rel32-call/jmp,1,ret+int3,
0x005D4E10,3,rel32-call/jmp,1,ret+int3,
0x005D4E20,3,rel32-call/jmp,1,ret+int3,
0x005D4E30,3,rel32-call/jmp,1,ret+int3,
0x005D4E40,3,rel32-call/jmp,1,ret+int3,
0x005D4E50,3,rel32-call/jmp,1,ret+int3,
0x005D4E60,3,rel32-call/jmp,1,ret+int3,
0x005D4E70,3,rel32-call/jmp,1,ret+int3,
0x005D4E80,3,rel32-call/jmp,1,ret+int3,
0x005D4E90,3,rel32-call/jmp,1,ret+int3,
0x005D4EA0,3,rel32-call/jmp,1,ret+int3,
0x005D4EB0,3,rel32-call/jmp,1,ret+int3,
0x005D4EC0,3,rel32-call/jmp,1,ret+int3,
0x005D4ED0,3,rel32-call/jmp,1,ret+int3,
0x005D4EE0,3,rel32-call/jmp,1,ret+int3,
0x005D4EF0,3,rel32-call/jmp,1,ret+int3,
0x005D4F00,3,rel32-call/jmp,1,ret+int3,
0x005D4F10,3,rel32-call/jmp,1,ret+int3,
0x005D4F20,3,rel32-call/jmp,1,ret+int3,
0x005D9B50,87,ghidra-start,0,ghidra-size,FUN_009d9b50
0x005D9BC0,87,ghidra-start,0,ghidra-size,FUN_009d9bc0
0x005D9D10,87,ghidra-start,0,ghidra-size,FUN_009d9d10
0x005DA590,3,rel32-call/jmp,1,ret+int3,
0x005DA5B0,9,rel32-call/jmp,1,ret+int3,
0x005DA5C0,3,rel32-call/jmp,1,ret+int3,
0x005DA5E0,9,rel32-call/jmp,1,ret+int3,
0x005DA5F0,3,rel32-call/jmp,1,ret+int3,
0x005DA610,9,rel32-call/jmp,1,ret+int3,
0x005DA620,3,rel32-call/jmp,1,ret+int3,
0x005DA640,9,rel32-call/jmp,1,ret+int3,
0x005DA650,3,rel32-call/jmp,1,ret+int3,
0x005DA670,9,rel32-call/jmp,1,ret+int3,
0x005DA680,3,rel32-call/jmp,1,ret+int3,
0x005DA6A0,1,rel32-call/jmp,1,ret+int3,
0x005DA700,1,rel32-call/jmp,1,ret+int3,
0x005DA760,1,rel32-call/jmp,1,ret+int3,
0x005DA7C0,1,rel32-call/jmp,1,ret+int3,
0x005DA820,1,rel32-call/jmp,1,ret+int3,
0x005DA880,1,rel32-call/jmp,1,ret+int3,
0x005DA8C0,1,rel32-call/jmp,1,ret+int3,
0x005DA910,1,rel32-call/jmp,1,ret+int3,
0x005DA960,1,rel32-call/jmp,1,ret+int3,
0x005DA9C0,1,rel32-call/jmp,1,ret+int3,
0x005DAA10,1,rel32-call/jmp,1,ret+int3,
0x005DAA60,1,rel32-call/jmp,1,ret+int3,
0x005DAAB0,1,rel32-call/jmp,1,ret+int3,
0x005DAB00,1,rel32-call/jmp,1,ret+int3,
0x005DAB60,1,rel32-call/jmp,1,ret+int3,
0x005DABB0,1,rel32-call/jmp,1,ret+int3,
0x005DAC00,1,rel32-call/jmp,1,ret+int3,
0x005DAC50,1,rel32-call/jmp,1,ret+int3,
0x005DACA0,1,rel32-call/jmp,1,ret+int3,
0x005DC8A0,3,rel32-call/jmp,1,ret+int3,
0x005DC8C0,9,rel32-call/jmp,1,ret+int3,
0x005DC8D0,3,rel32-call/jmp,1,ret+int3,
0x005DC8F0,9,rel32-call/jmp,1,ret+int3,
0x005DC900,3,rel32-call/jmp,1,ret+int3,
0x005DC920,9,rel32-call/jmp,1,ret+int3,
0x005DC930,3,rel32-call/jmp,1,ret+int3,
0x005DC950,9,rel32-call/jmp,1,ret+int3,
0x005DC960,3,rel32-call/jmp,1,ret+int3,
0x005DC980,9,rel32-call/jmp,1,ret+int3,
0x005DC990,3,rel32-call/jmp,1,ret+int3,
0x005DC9B0,9,rel32-call/jmp,1,ret+int3,
0x005DC9C0,3,rel32-call/jmp,1,ret+int3,
0x005DC9E0,9,rel32-call/jmp,1,ret+int3,
0x005DC9F0,3,rel32-call/jmp,1,ret+int3,
0x005DCA10,9,rel32-call/jmp,1,ret+int3,
0x005DCA20,3,rel32-call/jmp,1,ret+int3,
0x005DCA40,9,rel32-call/jmp,1,ret+int3,
0x005DCA50,3,rel32-call/jmp,1,ret+int3,
0x005DCA70,9,rel32-call/jmp,1,ret+int3,
0x005DCA80,3,rel32-call/jmp,1,ret+int3,
0x005DCAA0,9,rel32-call/jmp,1,ret+int3,
0x005DCAB0,3,rel32-call/jmp,1,ret+int3,
0x005DCAD0,9,rel32-call/jmp,1,ret+int3,
0x005DCAE0,3,rel32-call/jmp,1,ret+int3,
0x005DCB00,9,rel32-call/jmp,1,ret+int3,
0x005DCB10,3,rel32-call/jmp,1,ret+int3,
0x005DCB30,9,rel32-call/jmp,1,ret+int3,
0x005DCB40,3,rel32-call/jmp,1,ret+int3,
0x005DCB60,9,rel32-call/jmp,1,ret+int3,
0x005DCB70,3,rel32-call/jmp,1,ret+int3,
0x005DCB90,9,rel32-call/jmp,1,ret+int3,
0x005DCBA0,3,rel32-call/jmp,1,ret+int3,
0x005DCBC0,9,rel32-call/jmp,1,ret+int3,
0x005DCBD0,3,rel32-call/jmp,1,ret+int3,
0x005DCBF0,9,rel32-call/jmp,1,ret+int3,
0x005DCC00,3,rel32-call/jmp,1,ret+int3,
0x005E24F0,1,rel32-call/jmp,1,ret+int3,
0x005E2570,1,rel32-call/jmp,1,ret+int3,
0x005E25F0,1,rel32-call/jmp,1,ret+int3,
0x005E2670,1,rel32-call/jmp,1,ret+int3,
0x005E26F0,1,rel32-call/jmp,1,ret+int3,
0x005E2700,4,rel32-call/jmp,1,ret+int3,
0x005E2780,1,rel32-call/jmp,1,ret+int3,
0x005E2F50,1,rel32-call/jmp,1,ret+int3,
0x005E2F60,1,rel32-call/jmp,1,ret+int3,
0x005E2FF0,1,rel32-call/jmp,1,ret+int3,
0x005E3000,4,rel32-call/jmp;ghidra-start,1,ghidra-size,FUN_009e3000
0x005E3010,4,rel32-call/jmp;ghidra-start,1,ghidra-size,FUN_009e3010
0x005E3020,1,rel32-call/jmp,1,ret+int3,
0x005E30B0,1,rel32-call/jmp,1,ret+int3,
0x005E3140,1,rel32-call/jmp,1,ret+int3,
0x005E31D0,1,rel32-call/jmp,1,ret+int3,
0x005E3260,1,rel32-call/jmp,1,ret+int3,
0x005E3270,3,rel32-call/jmp,1,ret+int3,
0x005E3350,3,rel32-call/jmp,1,ret+int3,
0x005E3420,1,rel32-call/jmp,1,ret+int3,
0x005E3540,1,rel32-call/jmp,1,ret+int3,
0x005E3550,3,rel32-call/jmp,1,ret+int3,
0x005E3660,1,rel32-call/jmp,1,ret+int3,
0x005E3760,1,rel32-call/jmp,1,ret+int3,
0x005E3880,1,rel32-call/jmp,1,ret+int3,
0x005E39C0,1,rel32-call/jmp,1,ret+int3,
0x005E3AB0,1,rel32-call/jmp,1,ret+int3,
0x005E3C30,1,rel32-call/jmp,1,ret+int3,
0x005E3D30,1,rel32-call/jmp,1,ret+int3,
0x005E4C90,1,rel32-call/jmp,1,ret+int3,
0x005E5620,1,rel32-call/jmp,1,ret+int3,
0x005E5E20,1,rel32-call/jmp,1,ret+int3,
0x005E5F00,1,rel32-call/jmp,1,ret+int3,
0x005E60B0,1,rel32-call/jmp,1,ret+int3,
0x005E61E0,1,rel32-call/jmp,1,ret+int3,
0x005E6310,1,rel32-call/jmp,1,ret+int3,
0x005E63E0,1,rel32-call/jmp,1,ret+int3,
0x005E7310,1,rel32-call/jmp,1,ret+int3,
0x005E7320,1,rel32-call/jmp,1,ret+int3,
0x005E73E0,1,rel32-call/jmp,1,ret+int3,
0x005E74B0,4,rel32-call/jmp,1,ret+int3,
0x005E74C0,1,rel32-call/jmp,1,ret+int3,
0x005E75D0,1,rel32-call/jmp,1,ret+int3,
0x005E75E0,1,rel32-call/jmp,1,ret+int3,
0x005E76A0,1,rel32-call/jmp,1,ret+int3,
0x005E7770,4,rel32-call/jmp,1,ret+int3,
0x005E7780,4,rel32-call/jmp,1,ret+int3,
0x005E7790,4,rel32-call/jmp,1,ret+int3,
0x005E77A0,4,rel32-call/jmp,1,ret+int3,
0x005E77B0,4,rel32-call/jmp,1,ret+int3,
0x005E77D0,4,rel32-call/jmp,1,ret+int3,
0x005E77E0,1,rel32-call/jmp,1,ret+int3,
0x005E78F0,1,rel32-call/jmp,1,ret+int3,
0x005E7900,1,rel32-call/jmp,1,ret+int3,
0x005E79C0,1,rel32-call/jmp,1,ret+int3,
0x005E7B60,4,rel32-call/jmp,1,ret+int3,
0x005E7B70,4,rel32-call/jmp,1,ret+int3,
0x005E7B80,4,rel32-call/jmp,1,ret+int3,
0x005E7BC0,4,rel32-call/jmp,1,ret+int3,
0x005E7BD0,1,rel32-call/jmp,1,ret+int3,
0x005E81E0,1,rel32-call/jmp,1,ret+int3,
0x005E8330,1,rel32-call/jmp,1,ret+int3,
0x005E8420,38,ghidra-start,0,ghidra-size,FUN_009e8420
0x005E8450,38,ghidra-start,0,ghidra-size,FUN_009e8450
0x005E84E0,38,ghidra-start,0,ghidra-size,FUN_009e84e0
0x005E8630,38,ghidra-start,0,ghidra-size,FUN_009e8630
0x005E8660,38,ghidra-start,0,ghidra-size,FUN_009e8660
0x005E86F0,38,ghidra-start,0,ghidra-size,FUN_009e86f0
0x005EEDA0,331,rel32-call/jmp;ghidra-start,1,ghidra-size,FUN_009eeda0
0x005F0380,331,rel32-call/jmp;ghidra-start,1,ghidra-size,FUN_009f0380
0x005F0880,4,rel32-call/jmp,1,ret+int3,
0x005F0890,4,rel32-call/jmp,1,ret+int3,
0x005F0910,1,rel32-call/jmp,1,ret+int3,
0x005F0950,1,rel32-call/jmp,1,ret+int3,
0x005F0960,4,rel32-call/jmp,1,ret+int3,
0x005F0970,4,rel32-call/jmp,1,ret+int3,
0x005F0A40,3,rel32-call/jmp,1,ret+int3,
0x005F1370,4973,rel32-call/jmp;ghidra-start,1,ghidra-size,FUN_009f1370
0x005F2E00,331,rel32-call/jmp;ghidra-start,1,ghidra-size,FUN_009f2e00
0x005F3050,1,rel32-call/jmp,1,ret+int3,
0x005F3060,1,rel32-call/jmp,1,ret+int3,
0x005F3070,4,rel32-call/jmp,1,ret+int3,
0x005F3080,4,rel32-call/jmp,1,ret+int3,
0x005F31A0,926,rel32-call/jmp;ghidra-start,1,ghidra-size,FUN_009f31a0
0x005F4130,4,rel32-call/jmp,1,ret+int3,
0x005F4160,1,rel32-call/jmp,1,ret+int3,
0x005F4170,1,rel32-call/jmp,1,ret+int3,
0x005F43B0,2094,rel32-call/jmp;ghidra-start,1,ghidra-size,FUN_009f43b0
0x005F5430,1,rel32-call/jmp,1,ret+int3,
0x005F5440,1,rel32-call/jmp,1,ret+int3,
0x005F5570,3089,rel32-call/jmp;ghidra-start,1,ghidra-size,FUN_009f5570
0x005F67E0,1,rel32-call/jmp,1,ret+int3,
0x005F67F0,1,rel32-call/jmp,1,ret+int3,
0x005F7ED0,1,rel32-call/jmp,1,ret+int3,
0x005F7EE0,1,rel32-call/jmp,1,ret+int3,
0x005F8010,856,rel32-call/jmp;ghidra-start,1,ghidra-size,FUN_009f8010
0x005F84E0,53,rel32-call/jmp;ghidra-start,1,ghidra-size,FUN_009f84e0
0x005F8B40,331,rel32-call/jmp;ghidra-start,1,ghidra-size,FUN_009f8b40
0x005F8FC0,331,rel32-call/jmp;ghidra-start,1,ghidra-size,FUN_009f8fc0
0x005FC2C0,1,rel32-call/jmp,1,ret+int3,
0x005FC2E0,7,rel32-call/jmp,1,ret+int3,
0x005FCB60,331,rel32-call/jmp;ghidra-start,1,ghidra-size,FUN_009fcb60
0x005FE060,331,rel32-call/jmp;ghidra-start,1,ghidra-size,FUN_009fe060
0x005FF160,331,rel32-call/jmp;ghidra-start,1,ghidra-size,FUN_009ff160
0x005FFF00,331,rel32-call/jmp;ghidra-start,1,ghidra-size,FUN_009fff00
0x006003D0,7,rel32-call/jmp,1,ret+int3,
0x00601370,4,rel32-call/jmp,1,ret+int3,
0x00601380,4,rel32-call/jmp,1,ret+int3,
0x00601390,4,rel32-call/jmp,1,ret+int3,
0x006013D0,4,rel32-call/jmp,1,ret+int3,
0x00601460,1,rel32-call/jmp,1,ret+int3,
0x00601470,1,rel32-call/jmp,1,ret+int3,
0x00601480,1,rel32-call/jmp,1,ret+int3,
0x00602D00,1,rel32-call/jmp,1,ret+int3,
0x00602F20,4,rel32-call/jmp,1,ret+int3,
0x006030B0,1,rel32-call/jmp,1,ret+int3,
0x00603110,3,rel32-call/jmp,1,ret+int3,
0x006032B0,1,rel32-call/jmp,1,ret+int3,
0x00603900,4,rel32-call/jmp,1,ret+int3,
0x006039A0,4,rel32-call/jmp,1,ret+int3,
0x00603B80,1,rel32-call/jmp,1,ret+int3,
0x00604B10,4,rel32-call/jmp,1,ret+int3,
0x00604B20,4,rel32-call/jmp,1,ret+int3,
0x00604CB0,3,rel32-call/jmp,1,ret+int3,
0x00604CC0,1,rel32-call/jmp,1,ret+int3,
0x00604CE0,6,rel32-call/jmp,1,ret+int3,
0x00604D10,1,rel32-call/jmp,1,ret+int3,
0x00604E50,4,rel32-call/jmp,1,ret+int3,
0x00604ED0,1,rel32-call/jmp,1,ret+int3,
0x00604F70,1,rel32-call/jmp,1,ret+int3,
0x00604FB0,1,rel32-call/jmp,1,ret+int3,
0x006068F0,3,rel32-call/jmp,1,ret+int3,
0x00606900,1,rel32-call/jmp,1,ret+int3,
0x00606910,1,rel32-call/jmp,1,ret+int3,
0x00606990,4,rel32-call/jmp,1,ret+int3,
0x006069D0,1,rel32-call/jmp,1,ret+int3,
0x00606F70,106,rel32-call/jmp;ghidra-start,1,ghidra-size,FUN_00a06f70
0x00607D30,1,rel32-call/jmp,1,ret+int3,
0x00607DD0,4,rel32-call/jmp,1,ret+int3,
0x00607E80,3,rel32-call/jmp,1,ret+int3,
0x00607E90,1,rel32-call/jmp,1,ret+int3,
0x00607EA0,1,rel32-call/jmp,1,ret+int3,
0x00607F00,4,rel32-call/jmp,1,ret+int3,
0x00607F40,1,rel32-call/jmp,1,ret+int3,
0x00609F60,4,rel32-call/jmp,1,ret+int3,
0x00609F70,4,rel32-call/jmp,1,ret+int3,
0x0060A160,4,rel32-call/jmp,1,ret+int3,
0x0060A6C0,13,rel32-call/jmp,1,ret+int3,
0x0060A6E0,3,rel32-call/jmp,1,ret+int3,
0x0060A6F0,1,rel32-call/jmp,1,ret+int3,
0x0060A720,1,rel32-call/jmp,1,ret+int3,
0x0060A860,1,rel32-call/jmp,1,ret+int3,
0x0060AA00,1,rel32-call/jmp,1,ret+int3,
0x0060AC70,1,rel32-call/jmp,1,ret+int3,
0x0060C190,4,rel32-call/jmp,1,ret+int3,
0x0060C1B0,32,rel32-call/jmp,1,ret+int3,
0x0060C320,3,rel32-call/jmp,1,ret+int3,
0x0060CD60,1,rel32-call/jmp,1,ret+int3,
0x0060D220,7,rel32-call/jmp,1,ret+int3,
0x0060D240,4,rel32-call/jmp,1,ret+int3,
0x0060D250,4,rel32-call/jmp,1,ret+int3,
0x0060D260,3,rel32-call/jmp,1,ret+int3,
0x0060D270,4,rel32-call/jmp,1,ret+int3,
0x0060D280,4,rel32-call/jmp,1,ret+int3,
0x0060D290,4,rel32-call/jmp,1,ret+int3,
0x0060D2A0,4,rel32-call/jmp,1,ret+int3,
0x0060D4F0,1,rel32-call/jmp,1,ret+int3,
0x0060D500,1,rel32-call/jmp,1,ret+int3,
0x0060D5D0,3,rel32-call/jmp,1,ret+int3,
0x0060D700,3,rel32-call/jmp,1,ret+int3,
0x0060D710,1,rel32-call/jmp,1,ret+int3,
0x0060D730,3,rel32-call/jmp,1,ret+int3,
0x0060D740,1,rel32-call/jmp,1,ret+int3,
0x0060D760,3,rel32-call/jmp,1,ret+int3,
0x0060D770,1,rel32-call/jmp,1,ret+int3,
0x0060D790,3,rel32-call/jmp,1,ret+int3,
0x0060D7A0,1,rel32-call/jmp,1,ret+int3,
0x0060D7C0,3,rel32-call/jmp,1,ret+int3,
0x0060D7D0,1,rel32-call/jmp,1,ret+int3,
0x0060D880,4,rel32-call/jmp,1,ret+int3,
0x0060D890,3,rel32-call/jmp,1,ret+int3,
0x0060D8A0,1,rel32-call/jmp,1,ret+int3,
0x0060D8B0,1,rel32-call/jmp,1,ret+int3,
0x0060D8C0,3,rel32-call/jmp,1,ret+int3,
0x0060D8D0,1,rel32-call/jmp,1,ret+int3,
0x0060D8E0,1,rel32-call/jmp,1,ret+int3,
0x0060D8F0,3,rel32-call/jmp,1,ret+int3,
0x0060D900,1,rel32-call/jmp,1,ret+int3,
0x0060D930,1,rel32-call/jmp,1,ret+int3,
0x0060D940,3,rel32-call/jmp,1,ret+int3,
0x0060D950,1,rel32-call/jmp,1,ret+int3,
0x0060D960,1,rel32-call/jmp,1,ret+int3,
0x0060DA10,3,rel32-call/jmp,1,ret+int3,
0x0060DA20,1,rel32-call/jmp,1,ret+int3,
0x0060DAD0,1,rel32-call/jmp,1,ret+int3,
0x0060DAE0,1,rel32-call/jmp,1,ret+int3,
0x0060DAF0,1,rel32-call/jmp,1,ret+int3,
0x0060DB00,1,rel32-call/jmp,1,ret+int3,
0x0060DB10,1,rel32-call/jmp,1,ret+int3,
0x0060DB20,4,rel32-call/jmp,1,ret+int3,
0x0060DE90,1,rel32-call/jmp,1,ret+int3,
0x0060E490,4,rel32-call/jmp,1,ret+int3,
0x0060E6D0,1,rel32-call/jmp,1,ret+int3,
0x0060E6E0,1,rel32-call/jmp,1,ret+int3,
0x0060E760,1,rel32-call/jmp,1,ret+int3,
0x0060E770,1,rel32-call/jmp,1,ret+int3,
0x0060E780,1,rel32-call/jmp,1,ret+int3,
0x0060E790,1,rel32-call/jmp,1,ret+int3,
0x0060F6E0,4,rel32-call/jmp,1,ret+int3,
0x0060F790,1,rel32-call/jmp,1,ret+int3,
0x0060F7A0,1,rel32-call/jmp,1,ret+int3,
0x0060F7B0,1,rel32-call/jmp,1,ret+int3,
0x0060F7D0,1,rel32-call/jmp,1,ret+int3,
0x0060F9E0,1,rel32-call/jmp,1,ret+int3,
0x0060FC80,1,rel32-call/jmp,1,ret+int3,
0x0060FC90,1,rel32-call/jmp,1,ret+int3,
0x0060FCA0,1,rel32-call/jmp,1,ret+int3,
0x0060FCB0,1,rel32-call/jmp,1,ret+int3,
0x00610090,134,rel32-call/jmp;ghidra-start,1,ghidra-size,FUN_00a10090
0x00610140,924,rel32-call/jmp,1,ret+int3,
0x006108F0,1,rel32-call/jmp,1,ret+int3,
0x00610900,1,rel32-call/jmp,1,ret+int3,
0x00610910,1,rel32-call/jmp,1,ret+int3,
0x00610920,1,rel32-call/jmp,1,ret+int3,
0x00612640,395,rel32-call/jmp;ghidra-start,1,ghidra-size,FUN_00a12640
0x006136C0,415,rel32-call/jmp;ghidra-start,1,ghidra-size,FUN_00a136c0
0x006138D0,415,rel32-call/jmp;ghidra-start,1,ghidra-size,FUN_00a138d0
0x006164E0,1000,rel32-call/jmp;ghidra-start,1,ghidra-size,FUN_00a164e0
0x00616BC0,547,rel32-call/jmp;ghidra-start,1,ghidra-size,FUN_00a16bc0
0x00617070,267,rel32-call/jmp;ghidra-start,1,ghidra-size,FUN_00a17070
0x006174A0,1,rel32-call/jmp,1,ret+int3,
0x006185A0,4,rel32-call/jmp,1,ret+int3,
0x006185B0,4,rel32-call/jmp,1,ret+int3,
0x006185C0,4,rel32-call/jmp,1,ret+int3,
0x006185E0,1,rel32-call/jmp;ghidra-start,1,ghidra-size,FUN_00a185e0
0x00618DF0,4,rel32-call/jmp,1,ret+int3,
0x00618E00,4,rel32-call/jmp,1,ret+int3,
0x00618E10,4,rel32-call/jmp,1,ret+int3,
0x00618E20,4,rel32-call/jmp,1,ret+int3,
0x00618E30,4,rel32-call/jmp,1,ret+int3,
0x00618E70,4,rel32-call/jmp;ghidra-start,1,ghidra-size,FUN_00a18e70
0x00618E80,4,rel32-call/jmp;ghidra-start,1,ghidra-size,FUN_00a18e80
0x00618E90,4,rel32-call/jmp;ghidra-start,1,ghidra-size,FUN_00a18e90
0x00618ED0,1,rel32-call/jmp,1,ret+int3,
0x00618EE0,3,rel32-call/jmp,1,ret+int3,
0x00618EF0,1,rel32-call/jmp,1,ret+int3,
0x00618F00,3,rel32-call/jmp,1,ret+int3,
0x00618F10,3,rel32-call/jmp,1,ret+int3,
0x00618F20,1,rel32-call/jmp,1,ret+int3,
0x00618F60,3,rel32-call/jmp,1,ret+int3,
0x006197E0,3,rel32-call/jmp,1,ret+int3,
0x006197F0,3,rel32-call/jmp,1,ret+int3,
0x00619800,3,rel32-call/jmp,1,ret+int3,
0x00619810,1,rel32-call/jmp,1,ret+int3,
0x0061BA50,1,rel32-call/jmp,1,ret+int3,
0x0061CD70,4,rel32-call/jmp,1,ret+int3,
0x0061E500,4,rel32-call/jmp,1,ret+int3,
0x0061E510,4,rel32-call/jmp,1,ret+int3,
0x0061E520,4,rel32-call/jmp,1,ret+int3,
0x0061E530,4,rel32-call/jmp,1,ret+int3,
0x0061E540,4,rel32-call/jmp,1,ret+int3,
0x0061E550,4,rel32-call/jmp,1,ret+int3,
0x0061EE90,217,rel32-call/jmp;ghidra-start,1,ghidra-size,FUN_00a1ee90
0x00621C40,4777,rel32-call/jmp;ghidra-start,1,ghidra-size,FUN_00a21c40
0x006237C0,407,rel32-call/jmp;ghidra-start,1,ghidra-size,FUN_00a237c0
0x00623E40,801,rel32-call/jmp;ghidra-start,1,ghidra-size,FUN_00a23e40
0x006247B0,756,rel32-call/jmp;ghidra-start,1,ghidra-size,FUN_00a247b0
0x00625AF0,947,rel32-call/jmp;ghidra-start,1,ghidra-size,FUN_00a25af0
0x00626930,1,rel32-call/jmp,1,ret+int3,
0x00626940,1,rel32-call/jmp,1,ret+int3,
0x00626970,3,rel32-call/jmp,1,ret+int3,
0x00626990,3,rel32-call/jmp,1,ret+int3,
0x006269A0,1,rel32-call/jmp,1,ret+int3,
0x006269C0,1,rel32-call/jmp,1,ret+int3,
0x00626A70,1,rel32-call/jmp,1,ret+int3,
0x00628320,3,rel32-call/jmp,1,ret+int3,
0x00628330,1,rel32-call/jmp,1,ret+int3,
0x00628350,3,rel32-call/jmp,1,ret+int3,
0x00628390,1,rel32-call/jmp,1,ret+int3,
0x006283F0,1,rel32-call/jmp,1,ret+int3,
0x00628440,1,rel32-call/jmp,1,ret+int3,
0x00629DF0,4,rel32-call/jmp,1,ret+int3,
0x00629E00,4,rel32-call/jmp,1,ret+int3,
0x00629E10,4,rel32-call/jmp,1,ret+int3,
0x00629E20,4,rel32-call/jmp,1,ret+int3,
0x00629E30,4,rel32-call/jmp,1,ret+int3,
0x00629E40,4,rel32-call/jmp,1,ret+int3,
0x00629E70,4,rel32-call/jmp,1,ret+int3,
0x00629E90,4,rel32-call/jmp,1,ret+int3,
0x00629EB0,4,rel32-call/jmp,1,ret+int3,
0x00629EC0,4,rel32-call/jmp,1,ret+int3,
0x0062A170,3,rel32-call/jmp,1,ret+int3,
0x0062A180,1,rel32-call/jmp,1,ret+int3,
0x0062A1A0,1,rel32-call/jmp,1,ret+int3,
0x0062A1C0,1,rel32-call/jmp,1,ret+int3,
0x0062A1E0,3,rel32-call/jmp,1,ret+int3,
0x0062A210,1,rel32-call/jmp,1,ret+int3,
0x0062AD50,3077,ghidra-start,0,ghidra-size,FUN_00a2ad50
0x0062C4B0,4,rel32-call/jmp,1,ret+int3,
0x0062C4C0,4,rel32-call/jmp,1,ret+int3,
0x0062C5F0,3,rel32-call/jmp,1,ret+int3,
0x0062F7F0,442,rel32-call/jmp,1,ret+int3,
0x006305B0,4,rel32-call/jmp,1,ret+int3,
0x006305E0,1,rel32-call/jmp,1,ret+int3,
0x00630670,3,rel32-call/jmp,1,ret+int3,
0x006307C0,3,rel32-call/jmp,1,ret+int3,
0x006307D0,1,rel32-call/jmp,1,ret+int3,
0x00630830,4,rel32-call/jmp,1,ret+int3,
0x00630840,3,rel32-call/jmp,1,ret+int3,
0x00630850,1,rel32-call/jmp,1,ret+int3,
0x00630860,3,rel32-call/jmp,1,ret+int3,
0x00630870,1,rel32-call/jmp,1,ret+int3,
0x00630880,3,rel32-call/jmp,1,ret+int3,
0x00630890,1,rel32-call/jmp,1,ret+int3,
0x006308A0,3,rel32-call/jmp,1,ret+int3,
0x006308B0,1,rel32-call/jmp,1,ret+int3,
0x006308F0,6,rel32-call/jmp,1,ret+int3,
0x00630910,1,rel32-call/jmp,1,ret+int3,
0x00630940,1,rel32-call/jmp,1,ret+int3,
0x00630950,1,rel32-call/jmp,1,ret+int3,
0x00630970,1,rel32-call/jmp,1,ret+int3,
0x00630980,1,rel32-call/jmp,1,ret+int3,
0x00630990,1,rel32-call/jmp,1,ret+int3,
0x00630B00,1,rel32-call/jmp,1,ret+int3,
0x00630BB0,4,rel32-call/jmp,1,ret+int3,
0x00630BE0,4,rel32-call/jmp,1,ret+int3,
0x00630E10,4,rel32-call/jmp,1,ret+int3,
0x00630E90,1,rel32-call/jmp,1,ret+int3,
0x00630EA0,1,rel32-call/jmp,1,ret+int3,
0x00630EB0,1,rel32-call/jmp,1,ret+int3,
0x00630EC0,1,rel32-call/jmp,1,ret+int3,
0x00630ED0,1,rel32-call/jmp,1,ret+int3,
0x00630EE0,1,rel32-call/jmp,1,ret+int3,
0x00635D90,1777,rel32-call/jmp;ghidra-start,1,ghidra-size,FUN_00a35d90
0x00637090,4,rel32-call/jmp,1,ret+int3,
0x006370A0,4,rel32-call/jmp,1,ret+int3,
0x006370B0,4,rel32-call/jmp,1,ret+int3,
0x006370D0,4,rel32-call/jmp,1,ret+int3,
0x00637130,4,rel32-call/jmp,1,ret+int3,
0x00637140,4,rel32-call/jmp,1,ret+int3,
0x00637150,4,rel32-call/jmp,1,ret+int3,
0x00637160,4,rel32-call/jmp,1,ret+int3,
0x00637D90,3,rel32-call/jmp,1,ret+int3,
0x00637DA0,1,rel32-call/jmp,1,ret+int3,
0x00637DB0,3,rel32-call/jmp,1,ret+int3,
0x00637DC0,1,rel32-call/jmp,1,ret+int3,
0x00637F00,1,rel32-call/jmp,1,ret+int3,
0x00637FC0,1,rel32-call/jmp,1,ret+int3,
0x00638590,1,rel32-call/jmp,1,ret+int3,
0x006386E0,1,rel32-call/jmp,1,ret+int3,
0x00639E50,1078,rel32-call/jmp;ghidra-start,1,ghidra-size,FUN_00a39e50
0x0063A7A0,4,rel32-call/jmp,1,ret+int3,
0x0063A7C0,4,rel32-call/jmp,1,ret+int3,
0x0063A7D0,4,rel32-call/jmp,1,ret+int3,
0x0063A7E0,4,rel32-call/jmp,1,ret+int3,
0x0063A890,4,rel32-call/jmp,1,ret+int3,
0x0063AAF0,3,rel32-call/jmp,1,ret+int3,
0x0063AB30,3,rel32-call/jmp,1,ret+int3,
0x0063AB40,1,rel32-call/jmp,1,ret+int3,
0x0063AB80,3,rel32-call/jmp,1,ret+int3,
0x0063AB90,1,rel32-call/jmp,1,ret+int3,
0x0063ABD0,3,rel32-call/jmp,1,ret+int3,
0x0063ABE0,3,rel32-call/jmp,1,ret+int3,
0x0063ABF0,1,rel32-call/jmp,1,ret+int3,
0x0063AC00,1,rel32-call/jmp,1,ret+int3,
0x0063AC10,1,rel32-call/jmp,1,ret+int3,
0x0063AC20,1,rel32-call/jmp,1,ret+int3,
0x0063AD20,1,rel32-call/jmp,1,ret+int3,
0x0063AD70,1,rel32-call/jmp,1,ret+int3,
0x0063AE00,3,rel32-call/jmp,1,ret+int3,
0x0063AE10,3,rel32-call/jmp,1,ret+int3,
0x0063AEE0,3,rel32-call/jmp,1,ret+int3,
0x0063AEF0,3,rel32-call/jmp,1,ret+int3,
0x0063AF00,3,rel32-call/jmp,1,ret+int3,
0x0063AF80,3,rel32-call/jmp,1,ret+int3,
0x0063B1C0,3,rel32-call/jmp,1,ret+int3,
0x0063B1E0,3,rel32-call/jmp,1,ret+int3,
0x0063B200,1,rel32-call/jmp,1,ret+int3,
0x0063B210,1,rel32-call/jmp,1,ret+int3,
0x0063B7C0,3,rel32-call/jmp,1,ret+int3,
0x0063B7E0,3,rel32-call/jmp,1,ret+int3,
0x0063B850,183,rel32-call/jmp;ghidra-start,1,ghidra-size,FUN_00a3b850
0x0063B9E0,183,rel32-call/jmp;ghidra-start,1,ghidra-size,FUN_00a3b9e0
0x0063E490,1042,rel32-call/jmp;ghidra-start,1,ghidra-size,FUN_00a3e490
0x0063FDF0,3,rel32-call/jmp,1,ret+int3,
0x0063FE00,1,rel32-call/jmp,1,ret+int3,
0x0063FE40,3,rel32-call/jmp,1,ret+int3,
0x0063FE50,1,rel32-call/jmp,1,ret+int3,
0x0063FE90,3,rel32-call/jmp,1,ret+int3,
0x0063FEA0,3,rel32-call/jmp,1,ret+int3,
0x0063FEB0,1,rel32-call/jmp,1,ret+int3,
0x0063FEC0,1,rel32-call/jmp,1,ret+int3,
0x0063FED0,1,rel32-call/jmp,1,ret+int3,
0x0063FEE0,1,rel32-call/jmp,1,ret+int3,
0x00640030,3,rel32-call/jmp,1,ret+int3,
0x00640040,3,rel32-call/jmp,1,ret+int3,
0x00640110,3,rel32-call/jmp,1,ret+int3,
0x00640120,3,rel32-call/jmp,1,ret+int3,
0x00640130,3,rel32-call/jmp,1,ret+int3,
0x00640140,3,rel32-call/jmp,1,ret+int3,
0x00640190,3,rel32-call/jmp,1,ret+int3,
0x006401B0,3,rel32-call/jmp,1,ret+int3,
0x006401D0,1,rel32-call/jmp,1,ret+int3,
0x006401E0,1,rel32-call/jmp,1,ret+int3,
0x00640960,3,rel32-call/jmp,1,ret+int3,
0x00641D90,1,rel32-call/jmp,1,ret+int3,
0x00641DA0,1,rel32-call/jmp,1,ret+int3,
0x00641DB0,1,rel32-call/jmp,1,ret+int3,
0x006429C0,4,rel32-call/jmp,1,ret+int3,
0x006429D0,4,rel32-call/jmp,1,ret+int3,
0x00642B50,13,rel32-call/jmp,1,ret+int3,
0x00642B60,8,rel32-call/jmp,1,ret+int3,
0x00642BC0,7,rel32-call/jmp,1,ret+int3,
0x00642BF0,7,rel32-call/jmp,1,ret+int3,
0x00642C10,7,rel32-call/jmp,1,ret+int3,
0x00642C30,8,rel32-call/jmp,1,ret+int3,
0x00643020,3,rel32-call/jmp,1,ret+int3,
0x00643030,1,rel32-call/jmp,1,ret+int3,
0x006430A0,3,rel32-call/jmp,1,ret+int3,
0x006430B0,1,rel32-call/jmp,1,ret+int3,
0x006430C0,3,rel32-call/jmp,1,ret+int3,
0x006430D0,1,rel32-call/jmp,1,ret+int3,
0x00643100,6,rel32-call/jmp,1,ret+int3,
0x00643120,6,rel32-call/jmp,1,ret+int3,
0x00643150,3,rel32-call/jmp,1,ret+int3,
0x00643160,1,rel32-call/jmp,1,ret+int3,
0x006431A0,3,rel32-call/jmp,1,ret+int3,
0x006431B0,3,rel32-call/jmp,1,ret+int3,
0x00643200,1,rel32-call/jmp,1,ret+int3,
0x00643250,1,rel32-call/jmp,1,ret+int3,
0x00643280,3,rel32-call/jmp,1,ret+int3,
0x00643290,1,rel32-call/jmp,1,ret+int3,
0x006432A0,1,rel32-call/jmp,1,ret+int3,
0x006432B0,1,rel32-call/jmp,1,ret+int3,
0x006432C0,1,rel32-call/jmp,1,ret+int3,
0x006432D0,1,rel32-call/jmp,1,ret+int3,
0x00643330,1,rel32-call/jmp,1,ret+int3,
0x00643550,1,rel32-call/jmp,1,ret+int3,
0x006435B0,1,rel32-call/jmp,1,ret+int3,
0x00643680,4,rel32-call/jmp,1,ret+int3,
0x006436B0,4,rel32-call/jmp,1,ret+int3,
0x00643750,3,rel32-call/jmp,1,ret+int3,
0x006438F0,1,rel32-call/jmp,1,ret+int3,
0x00643920,3,rel32-call/jmp,1,ret+int3,
0x00643930,3,rel32-call/jmp,1,ret+int3,
0x00643940,3,rel32-call/jmp,1,ret+int3,
0x00643A10,3,rel32-call/jmp,1,ret+int3,
0x00643A20,3,rel32-call/jmp,1,ret+int3,
0x00643A30,3,rel32-call/jmp,1,ret+int3,
0x00643A40,3,rel32-call/jmp,1,ret+int3,
0x00643AC0,3,rel32-call/jmp,1,ret+int3,
0x00643B40,3,rel32-call/jmp,1,ret+int3,
0x00643C80,3,rel32-call/jmp,1,ret+int3,
0x00643CA0,3,rel32-call/jmp,1,ret+int3,
0x00643D20,3,rel32-call/jmp,1,ret+int3,
0x00643D40,1,rel32-call/jmp,1,ret+int3,
0x00643D50,1,rel32-call/jmp,1,ret+int3,
0x00643E20,1,rel32-call/jmp,1,ret+int3,
0x00643E30,1,rel32-call/jmp,1,ret+int3,
0x00643E40,1,rel32-call/jmp,1,ret+int3,
0x006446A0,1,rel32-call/jmp,1,ret+int3,
0x00644A20,42,rel32-call/jmp,1,ret+int3,
0x00644A70,3,rel32-call/jmp,1,ret+int3,
0x00644A90,3,rel32-call/jmp,1,ret+int3,
0x00644AF0,3,rel32-call/jmp,1,ret+int3,
0x00644D70,183,rel32-call/jmp;ghidra-start,1,ghidra-size,FUN_00a44d70
0x00644EC0,183,rel32-call/jmp;ghidra-start,1,ghidra-size,FUN_00a44ec0
0x006451C0,1,rel32-call/jmp,1,ret+int3,
0x00649790,659,rel32-call/jmp;ghidra-start,1,ghidra-size,FUN_00a49790
0x00649AE0,573,rel32-call/jmp;ghidra-start,1,ghidra-size,FUN_00a49ae0
0x0064C830,4,rel32-call/jmp,1,ret+int3,
0x0064EFD0,2250,rel32-call/jmp;ghidra-start,1,ghidra-size,FUN_00a4efd0
0x006516D0,7,rel32-call/jmp,1,ret+int3,
0x006516E0,4,rel32-call/jmp,1,ret+int3,
0x00651720,4,rel32-call/jmp,1,ret+int3,
0x00651730,4,rel32-call/jmp,1,ret+int3,
0x00651740,4,rel32-call/jmp,1,ret+int3,
0x00651750,4,rel32-call/jmp,1,ret+int3,
0x006518E0,3,rel32-call/jmp,1,ret+int3,
0x006518F0,1,rel32-call/jmp,1,ret+int3,
0x00651930,3,rel32-call/jmp,1,ret+int3,
0x00651940,1,rel32-call/jmp,1,ret+int3,
0x00651980,3,rel32-call/jmp,1,ret+int3,
0x00651990,1,rel32-call/jmp,1,ret+int3,
0x006519A0,3,rel32-call/jmp,1,ret+int3,
0x006519B0,1,rel32-call/jmp,1,ret+int3,
0x006519D0,6,rel32-call/jmp,1,ret+int3,
0x00651A10,3,rel32-call/jmp,1,ret+int3,
0x00651A20,3,rel32-call/jmp,1,ret+int3,
0x00651A70,1,rel32-call/jmp,1,ret+int3,
0x00651AC0,1,rel32-call/jmp,1,ret+int3,
0x00651AF0,1,rel32-call/jmp,1,ret+int3,
0x00651B00,1,rel32-call/jmp,1,ret+int3,
0x00651B10,1,rel32-call/jmp,1,ret+int3,
0x00651B20,1,rel32-call/jmp,1,ret+int3,
0x00651CB0,1,rel32-call/jmp,1,ret+int3,
0x00651D80,4,rel32-call/jmp,1,ret+int3,
0x00651DB0,4,rel32-call/jmp,1,ret+int3,
0x00651E50,3,rel32-call/jmp,1,ret+int3,
0x00651F80,3,rel32-call/jmp,1,ret+int3,
0x00651F90,3,rel32-call/jmp,1,ret+int3,
0x00652070,3,rel32-call/jmp,1,ret+int3,
0x00652080,3,rel32-call/jmp,1,ret+int3,
0x00652090,3,rel32-call/jmp,1,ret+int3,
0x00652110,3,rel32-call/jmp,1,ret+int3,
0x006521B0,3,rel32-call/jmp,1,ret+int3,
0x006521D0,3,rel32-call/jmp,1,ret+int3,
0x00652250,1,rel32-call/jmp,1,ret+int3,
0x00652260,1,rel32-call/jmp,1,ret+int3,
0x00652330,1,rel32-call/jmp,1,ret+int3,
0x00652340,1,rel32-call/jmp,1,ret+int3,
0x00652B20,3,rel32-call/jmp,1,ret+int3,
0x00652B40,3,rel32-call/jmp,1,ret+int3,
0x00652D80,183,rel32-call/jmp;ghidra-start,1,ghidra-size,FUN_00a52d80
0x00652ED0,183,rel32-call/jmp;ghidra-start,1,ghidra-size,FUN_00a52ed0
0x0065E6F0,3,rel32-call/jmp,1,ret+int3,
0x0065E700,1,rel32-call/jmp,1,ret+int3,
0x0065E740,3,rel32-call/jmp,1,ret+int3,
0x0065E750,1,rel32-call/jmp,1,ret+int3,
0x0065E790,3,rel32-call/jmp,1,ret+int3,
0x0065E7A0,3,rel32-call/jmp,1,ret+int3,
0x0065E7B0,1,rel32-call/jmp,1,ret+int3,
0x0065E7C0,1,rel32-call/jmp,1,ret+int3,
0x0065E7D0,1,rel32-call/jmp,1,ret+int3,
0x0065E7E0,1,rel32-call/jmp,1,ret+int3,
0x0065E930,3,rel32-call/jmp,1,ret+int3,
0x0065E940,3,rel32-call/jmp,1,ret+int3,
0x0065EA10,3,rel32-call/jmp,1,ret+int3,
0x0065EA20,3,rel32-call/jmp,1,ret+int3,
0x0065EA30,3,rel32-call/jmp,1,ret+int3,
0x0065EA40,3,rel32-call/jmp,1,ret+int3,
0x0065EA90,3,rel32-call/jmp,1,ret+int3,
0x0065EAB0,3,rel32-call/jmp,1,ret+int3,
0x0065EAD0,1,rel32-call/jmp,1,ret+int3,
0x0065EAE0,1,rel32-call/jmp,1,ret+int3,
0x0065F180,3,rel32-call/jmp,1,ret+int3,
0x0065F1A0,3,rel32-call/jmp,1,ret+int3,
0x00661AC0,4,rel32-call/jmp,1,ret+int3,
0x00661AD0,4,rel32-call/jmp,1,ret+int3,
0x00661AF0,4,rel32-call/jmp,1,ret+int3,
0x00661B00,4,rel32-call/jmp,1,ret+int3,
0x00661B10,4,rel32-call/jmp,1,ret+int3,
0x00661B20,4,rel32-call/jmp,1,ret+int3,
0x00661B60,4,rel32-call/jmp,1,ret+int3,
0x00661B90,4,rel32-call/jmp,1,ret+int3,
0x00661DE0,1,rel32-call/jmp,1,ret+int3,
0x00661DF0,1,rel32-call/jmp,1,ret+int3,
0x00662310,1,rel32-call/jmp,1,ret+int3,
0x006627A0,3,rel32-call/jmp,1,ret+int3,
0x006627E0,4,rel32-call/jmp,1,ret+int3,
0x00662850,4,rel32-call/jmp,1,ret+int3,
0x00662860,4,rel32-call/jmp,1,ret+int3,
0x006628E0,4,rel32-call/jmp,1,ret+int3,
0x00662930,4,rel32-call/jmp,1,ret+int3,
0x00662980,4,rel32-call/jmp,1,ret+int3,
0x006629C0,3,rel32-call/jmp,1,ret+int3,
0x006629D0,4,rel32-call/jmp,1,ret+int3,
0x006630E0,1,rel32-call/jmp,1,ret+int3,
0x00663C00,1,rel32-call/jmp,1,ret+int3,
0x00663C60,3,rel32-call/jmp,1,ret+int3,
0x00663C70,1,rel32-call/jmp,1,ret+int3,
0x00663C80,3,rel32-call/jmp,1,ret+int3,
0x00663C90,1,rel32-call/jmp,1,ret+int3,
0x00663CA0,3,rel32-call/jmp,1,ret+int3,
0x00663CB0,1,rel32-call/jmp,1,ret+int3,
0x00663CD0,6,rel32-call/jmp,1,ret+int3,
0x00663D30,6,rel32-call/jmp,1,ret+int3,
0x00663DB0,1,rel32-call/jmp,1,ret+int3,
0x00663E00,1,rel32-call/jmp,1,ret+int3,
0x00663E50,1,rel32-call/jmp,1,ret+int3,
0x00664020,4,rel32-call/jmp,1,ret+int3,
0x00664050,4,rel32-call/jmp,1,ret+int3,
0x00664080,4,rel32-call/jmp,1,ret+int3,
0x00664130,1,rel32-call/jmp,1,ret+int3,
0x00664140,1,rel32-call/jmp,1,ret+int3,
0x00664D90,1,rel32-call/jmp,1,ret+int3,
0x00664E50,1,rel32-call/jmp,1,ret+int3,
0x00664E60,1,rel32-call/jmp,1,ret+int3,
0x00664E70,1,rel32-call/jmp,1,ret+int3,
0x00665350,495,rel32-call/jmp,1,ret+int3,
0x00667C80,145,rel32-call/jmp;ghidra-start,1,ghidra-size,FUN_00a67c80
0x00667E20,145,rel32-call/jmp;ghidra-start,1,ghidra-size,FUN_00a67e20
0x00668810,145,rel32-call/jmp;ghidra-start,1,ghidra-size,FUN_00a68810
0x0066E800,1,rel32-call/jmp,1,ret+int3,
0x0066EFA0,771,rel32-call/jmp;ghidra-start,1,ghidra-size,FUN_00a6efa0
0x00670230,1,rel32-call/jmp,1,ret+int3,
0x00670D50,3,rel32-call/jmp,1,ret+int3,
0x00670D60,3,rel32-call/jmp,1,ret+int3,
0x00672E70,4,rel32-call/jmp,1,ret+int3,
0x006795D0,3,rel32-call/jmp,1,ret+int3,
0x006795E0,1,rel32-call/jmp,1,ret+int3,
0x0067EE40,937,rel32-call/jmp;ghidra-start,1,ghidra-size,FUN_00a7ee40
0x00681920,1,rel32-call/jmp,1,ret+int3,
0x006819C0,15,rel32-call/jmp,1,ret+int3,
0x00681A90,27,rel32-call/jmp,1,ret+int3,
0x00681D60,4,rel32-call/jmp,1,ret+int3,
0x00682CE0,1,rel32-call/jmp,1,ret+int3,
0x00684BD0,4,rel32-call/jmp,1,ret+int3,
0x00684C20,17,rel32-call/jmp,1,ret+int3,
0x00684C50,7,rel32-call/jmp,1,ret+int3,
0x00684E10,1,rel32-call/jmp,1,ret+int3,
0x00685620,4,rel32-call/jmp,1,ret+int3,
0x00685630,4,rel32-call/jmp,1,ret+int3,
0x00685910,156,rel32-call/jmp;ghidra-start,1,ghidra-size,FUN_00a85910
0x00686DE0,3,rel32-call/jmp,1,ret+int3,
0x00689F00,989,rel32-call/jmp;ghidra-start,1,ghidra-size,FUN_00a89f00
0x0068C400,2242,rel32-call/jmp;ghidra-start,1,ghidra-size,FUN_00a8c400
0x0068DA30,3,rel32-call/jmp,1,ret+int3,
0x0068DA40,1,rel32-call/jmp,1,ret+int3,
0x0068DA60,6,rel32-call/jmp,1,ret+int3,
0x0068DAB0,1,rel32-call/jmp,1,ret+int3,
0x0068DB60,4,rel32-call/jmp,1,ret+int3,
0x0068DC90,1,rel32-call/jmp,1,ret+int3,
0x0068EA60,3,rel32-call/jmp,1,ret+int3,
0x0068FD80,222,rel32-call/jmp;ghidra-start,1,ghidra-size,FUN_00a8fd80
0x00690FD0,1,rel32-call/jmp,1,ret+int3,
0x006910D0,4,rel32-call/jmp,1,ret+int3,
0x00691330,155,rel32-call/jmp;ghidra-start,1,ghidra-size,FUN_00a91330
0x00691570,1,rel32-call/jmp,1,ret+int3,
0x00691580,4,rel32-call/jmp,1,ret+int3,
0x00691590,4,rel32-call/jmp,1,ret+int3,
0x006915A0,4,rel32-call/jmp,1,ret+int3,
0x006915B0,3,rel32-call/jmp,1,ret+int3,
0x006915C0,4,rel32-call/jmp,1,ret+int3,
0x006916C0,3,rel32-call/jmp,1,ret+int3,
0x006916D0,1,rel32-call/jmp,1,ret+int3,
0x00691710,3,rel32-call/jmp,1,ret+int3,
0x00691730,3,rel32-call/jmp,1,ret+int3,
0x00691740,1,rel32-call/jmp,1,ret+int3,
0x00691750,1,rel32-call/jmp,1,ret+int3,
0x00691770,3,rel32-call/jmp,1,ret+int3,
0x00691780,1,rel32-call/jmp,1,ret+int3,
0x006917A0,3,rel32-call/jmp,1,ret+int3,
0x00691810,4,rel32-call/jmp,1,ret+int3,
0x00691820,1,rel32-call/jmp,1,ret+int3,
0x00691860,1,rel32-call/jmp,1,ret+int3,
0x006919D0,1,rel32-call/jmp,1,ret+int3,
0x00691B40,3,rel32-call/jmp,1,ret+int3,
0x00691B90,1,rel32-call/jmp,1,ret+int3,
0x00691C20,1,rel32-call/jmp,1,ret+int3,
0x00691C30,1,rel32-call/jmp,1,ret+int3,
0x006925D0,17,rel32-call/jmp,1,ret+int3,
0x00692960,415,rel32-call/jmp;ghidra-start,1,ghidra-size,FUN_00a92960
0x00692E10,313,rel32-call/jmp;ghidra-start,1,ghidra-size,FUN_00a92e10
0x006934C0,326,rel32-call/jmp;ghidra-start,1,ghidra-size,FUN_00a934c0
0x006936B0,318,rel32-call/jmp;ghidra-start,1,ghidra-size,FUN_00a936b0
0x00693FB0,290,rel32-call/jmp;ghidra-start,1,ghidra-size,FUN_00a93fb0
0x00694830,4,rel32-call/jmp,1,ret+int3,
0x00694840,4,rel32-call/jmp,1,ret+int3,
0x00694870,4,rel32-call/jmp,1,ret+int3,
0x00694880,4,rel32-call/jmp,1,ret+int3,
0x006948B0,4,rel32-call/jmp,1,ret+int3,
0x006948C0,4,rel32-call/jmp,1,ret+int3,
0x006948D0,4,rel32-call/jmp,1,ret+int3,
0x00694910,13,rel32-call/jmp,1,ret+int3,
0x00694920,12,rel32-call/jmp,1,ret+int3,
0x00694AB0,13,rel32-call/jmp,1,ret+int3,
0x00694AC0,12,rel32-call/jmp,1,ret+int3,
0x00694AE0,30,rel32-call/jmp,1,ret+int3,
0x00694C90,3,rel32-call/jmp,1,ret+int3,
0x006955B0,4,rel32-call/jmp,1,ret+int3,
0x00695650,3,rel32-call/jmp,1,ret+int3,
0x00695980,4,rel32-call/jmp,1,ret+int3,
0x00695990,4,rel32-call/jmp,1,ret+int3,
0x006959A0,4,rel32-call/jmp,1,ret+int3,
0x006959B0,4,rel32-call/jmp,1,ret+int3,
0x006959C0,4,rel32-call/jmp,1,ret+int3,
0x006959E0,4,rel32-call/jmp,1,ret+int3,
0x006959F0,4,rel32-call/jmp,1,ret+int3,
0x00695A00,4,rel32-call/jmp,1,ret+int3,
0x00695A20,4,rel32-call/jmp,1,ret+int3,
0x00695A40,4,rel32-call/jmp,1,ret+int3,
0x00695A90,4,rel32-call/jmp,1,ret+int3,
0x00695E10,13,rel32-call/jmp,1,ret+int3,
0x00695E20,54,rel32-call/jmp,1,ret+int3,
0x00696290,4,rel32-call/jmp,1,ret+int3,
0x006962D0,4,rel32-call/jmp,1,ret+int3,
0x006962E0,4,rel32-call/jmp,1,ret+int3,
0x00696310,4,rel32-call/jmp,1,ret+int3,
0x00696530,3,rel32-call/jmp,1,ret+int3,
0x00696540,3,rel32-call/jmp,1,ret+int3,
0x00696550,3,rel32-call/jmp,1,ret+int3,
0x00696560,1,rel32-call/jmp,1,ret+int3,
0x00696590,3,rel32-call/jmp,1,ret+int3,
0x006965A0,1,rel32-call/jmp,1,ret+int3,
0x006965B0,3,rel32-call/jmp,1,ret+int3,
0x006965D0,6,rel32-call/jmp,1,ret+int3,
0x00696610,3,rel32-call/jmp,1,ret+int3,
0x00696620,1,rel32-call/jmp,1,ret+int3,
0x00696650,3,rel32-call/jmp,1,ret+int3,
0x00696660,1,rel32-call/jmp,1,ret+int3,
0x006966A0,3,rel32-call/jmp,1,ret+int3,
0x006966B0,1,rel32-call/jmp,1,ret+int3,
0x006966C0,3,rel32-call/jmp,1,ret+int3,
0x006966D0,1,rel32-call/jmp,1,ret+int3,
0x006966E0,3,rel32-call/jmp,1,ret+int3,
0x006966F0,1,rel32-call/jmp,1,ret+int3,
0x00696720,3,rel32-call/jmp,1,ret+int3,
0x00696730,1,rel32-call/jmp,1,ret+int3,
0x00696740,3,rel32-call/jmp,1,ret+int3,
0x00696750,3,rel32-call/jmp,1,ret+int3,
0x00696790,3,rel32-call/jmp,1,ret+int3,
0x00696900,3,rel32-call/jmp,1,ret+int3,
0x00696910,3,rel32-call/jmp,1,ret+int3,
0x00696920,3,rel32-call/jmp,1,ret+int3,
0x00696980,3,rel32-call/jmp,1,ret+int3,
0x00696990,1,rel32-call/jmp,1,ret+int3,
0x006969D0,3,rel32-call/jmp,1,ret+int3,
0x006969E0,1,rel32-call/jmp,1,ret+int3,
0x00696AC0,3,rel32-call/jmp,1,ret+int3,
0x00696AE0,6,rel32-call/jmp,1,ret+int3,
0x00696B60,3,rel32-call/jmp,1,ret+int3,
0x00696B80,6,rel32-call/jmp,1,ret+int3,
0x00696BB0,3,rel32-call/jmp,1,ret+int3,
0x00696BC0,1,rel32-call/jmp,1,ret+int3,
0x00696BF0,3,rel32-call/jmp,1,ret+int3,
0x00696C10,6,rel32-call/jmp,1,ret+int3,
0x00696C50,3,rel32-call/jmp,1,ret+int3,
0x00696C70,6,rel32-call/jmp,1,ret+int3,
0x00696C80,3,rel32-call/jmp,1,ret+int3,
0x00696CA0,6,rel32-call/jmp,1,ret+int3,
0x00696CB0,3,rel32-call/jmp,1,ret+int3,
0x00696CC0,3,rel32-call/jmp,1,ret+int3,
0x00696D60,3,rel32-call/jmp,1,ret+int3,
0x00696D70,1,rel32-call/jmp,1,ret+int3,
0x00696D80,1,rel32-call/jmp,1,ret+int3,
0x00696D90,1,rel32-call/jmp,1,ret+int3,
0x00696E40,3,rel32-call/jmp,1,ret+int3,
0x00696E50,1,rel32-call/jmp,1,ret+int3,
0x00696E60,1,rel32-call/jmp,1,ret+int3,
0x00696F50,3,rel32-call/jmp,1,ret+int3,
0x00696F60,1,rel32-call/jmp,1,ret+int3,
0x00696F70,3,rel32-call/jmp,1,ret+int3,
0x00696F80,1,rel32-call/jmp,1,ret+int3,
0x00696F90,1,rel32-call/jmp,1,ret+int3,
0x00696FA0,3,rel32-call/jmp,1,ret+int3,
0x00696FB0,1,rel32-call/jmp,1,ret+int3,
0x00696FC0,1,rel32-call/jmp,1,ret+int3,
0x00696FD0,3,rel32-call/jmp,1,ret+int3,
0x00696FE0,1,rel32-call/jmp,1,ret+int3,
0x00696FF0,1,rel32-call/jmp,1,ret+int3,
0x00697000,3,rel32-call/jmp,1,ret+int3,
0x00697140,3,rel32-call/jmp,1,ret+int3,
0x006971B0,1,rel32-call/jmp,1,ret+int3,
0x006971C0,1,rel32-call/jmp,1,ret+int3,
0x006971D0,1,rel32-call/jmp,1,ret+int3,
0x006971E0,1,rel32-call/jmp,1,ret+int3,
0x006971F0,1,rel32-call/jmp,1,ret+int3,
0x00697200,1,rel32-call/jmp,1,ret+int3,
0x00697210,1,rel32-call/jmp,1,ret+int3,
0x00697310,1,rel32-call/jmp,1,ret+int3,
0x006974E0,1,rel32-call/jmp,1,ret+int3,
0x00697530,1,rel32-call/jmp,1,ret+int3,
0x00697580,1,rel32-call/jmp,1,ret+int3,
0x006977A0,1,rel32-call/jmp,1,ret+int3,
0x00697800,3,rel32-call/jmp,1,ret+int3,
0x006978C0,3,rel32-call/jmp,1,ret+int3,
0x006978D0,3,rel32-call/jmp,1,ret+int3,
0x00697900,1,rel32-call/jmp,1,ret+int3,
0x00697A80,1,rel32-call/jmp,1,ret+int3,
0x00697E90,1,rel32-call/jmp,1,ret+int3,
0x00697EA0,1,rel32-call/jmp,1,ret+int3,
0x00697EB0,1,rel32-call/jmp,1,ret+int3,
0x00697EC0,1,rel32-call/jmp,1,ret+int3,
0x00697ED0,1,rel32-call/jmp,1,ret+int3,
0x00697F00,1,rel32-call/jmp,1,ret+int3,
0x006986A0,3,rel32-call/jmp,1,ret+int3,
0x006987F0,4,rel32-call/jmp,1,ret+int3,
0x00698BD0,1,rel32-call/jmp,1,ret+int3,
0x00698DA0,1,rel32-call/jmp,1,ret+int3,
0x00698DB0,1,rel32-call/jmp,1,ret+int3,
0x00698DC0,1,rel32-call/jmp,1,ret+int3,
0x00698EB0,1,rel32-call/jmp,1,ret+int3,
0x00698EC0,1,rel32-call/jmp,1,ret+int3,
0x00698ED0,1,rel32-call/jmp,1,ret+int3,
0x00698F00,3,rel32-call/jmp,1,ret+int3,
0x00698F10,3,rel32-call/jmp,1,ret+int3,
0x00698F20,1,rel32-call/jmp,1,ret+int3,
0x00698F80,3,rel32-call/jmp,1,ret+int3,
0x00698F90,3,rel32-call/jmp,1,ret+int3,
0x00698FA0,3,rel32-call/jmp,1,ret+int3,
0x00699020,3,rel32-call/jmp,1,ret+int3,
0x0069A2D0,3,rel32-call/jmp,1,ret+int3,
0x0069B860,3,rel32-call/jmp,1,ret+int3,
0x0069B8D0,3,rel32-call/jmp,1,ret+int3,
0x0069B8E0,3,rel32-call/jmp,1,ret+int3,
0x0069B8F0,1,rel32-call/jmp,1,ret+int3,
0x0069B900,1,rel32-call/jmp,1,ret+int3,
0x0069B910,1,rel32-call/jmp,1,ret+int3,
0x0069B920,1,rel32-call/jmp,1,ret+int3,
0x0069B930,1,rel32-call/jmp,1,ret+int3,
0x0069B940,1,rel32-call/jmp,1,ret+int3,
0x0069BB80,3,rel32-call/jmp,1,ret+int3,
0x0069BBD0,3,rel32-call/jmp,1,ret+int3,
0x0069BBE0,3,rel32-call/jmp,1,ret+int3,
0x0069BBF0,1,rel32-call/jmp,1,ret+int3,
0x0069BC00,1,rel32-call/jmp,1,ret+int3,
0x0069BC10,1,rel32-call/jmp,1,ret+int3,
0x0069BC20,1,rel32-call/jmp,1,ret+int3,
0x0069BC30,1,rel32-call/jmp,1,ret+int3,
0x0069BC40,1,rel32-call/jmp,1,ret+int3,
0x0069BFA0,1,rel32-call/jmp,1,ret+int3,
0x0069C760,4,rel32-call/jmp,1,ret+int3,
0x0069C9C0,1,rel32-call/jmp,1,ret+int3,
0x0069CA80,1,rel32-call/jmp,1,ret+int3,
0x0069CB50,1,rel32-call/jmp,1,ret+int3,
0x0069CD80,1,rel32-call/jmp,1,ret+int3,
0x0069DCE0,63,rel32-call/jmp,1,ret+int3,
0x0069EA40,1,rel32-call/jmp,1,ret+int3,
0x0069EAC0,1,rel32-call/jmp,1,ret+int3,
0x0069EBC0,1,rel32-call/jmp,1,ret+int3,
0x0069EE70,1,rel32-call/jmp,1,ret+int3,
0x006A1050,1,rel32-call/jmp,1,ret+int3,
0x006A1770,13,rel32-call/jmp,1,ret+int3,
0x006A1C60,745,rel32-call/jmp;ghidra-start,1,ghidra-size,FUN_00aa1c60
0x006A20D0,1320,rel32-call/jmp;ghidra-start,1,ghidra-size,FUN_00aa20d0
0x006A4E70,415,rel32-call/jmp;ghidra-start,1,ghidra-size,FUN_00aa4e70
0x006A59F0,885,rel32-call/jmp;ghidra-start,1,ghidra-size,FUN_00aa59f0
0x006A78C0,313,rel32-call/jmp;ghidra-start,1,ghidra-size,FUN_00aa78c0
0x006A7B60,415,rel32-call/jmp;ghidra-start,1,ghidra-size,FUN_00aa7b60
0x006A8DC0,861,rel32-call/jmp;ghidra-start,1,ghidra-size,FUN_00aa8dc0
0x006A9CE0,2387,rel32-call/jmp;ghidra-start,1,ghidra-size,FUN_00aa9ce0
0x006ADEE0,297,rel32-call/jmp;ghidra-start,1,ghidra-size,FUN_00aadee0
0x006AEAE0,398,rel32-call/jmp;ghidra-start,1,ghidra-size,FUN_00aaeae0
0x006B2FC0,2568,rel32-call/jmp;ghidra-start,1,ghidra-size,FUN_00ab2fc0
0x006B4D30,2317,rel32-call/jmp;ghidra-start,1,ghidra-size,FUN_00ab4d30
0x006B69F0,3009,rel32-call/jmp;ghidra-start,1,ghidra-size,FUN_00ab69f0
0x006B86D0,715,rel32-call/jmp;ghidra-start,1,ghidra-size,FUN_00ab86d0
0x006BA110,4,rel32-call/jmp,1,ret+int3,
0x006BC200,1,rel32-call/jmp,1,ret+int3,
0x006BC210,1,rel32-call/jmp,1,ret+int3,
0x006BC640,4,rel32-call/jmp,1,ret+int3,
0x006BC660,4,rel32-call/jmp,1,ret+int3,
0x006BCA60,1,rel32-call/jmp,1,ret+int3,
0x006BCA70,4,rel32-call/jmp,1,ret+int3,
0x006BCA80,13,rel32-call/jmp,1,ret+int3,
0x006BCB50,4,rel32-call/jmp,1,ret+int3,
0x006BCDF0,1,rel32-call/jmp,1,ret+int3,
0x006BDC10,387,rel32-call/jmp;ghidra-start,1,ghidra-size,FUN_00abdc10
0x006BDFE0,4,rel32-call/jmp,1,ret+int3,
0x006BE000,4,rel32-call/jmp,1,ret+int3,
0x006BE010,4,rel32-call/jmp,1,ret+int3,
0x006BE020,4,rel32-call/jmp,1,ret+int3,
0x006BE4C0,3,rel32-call/jmp,1,ret+int3,
0x006BE4D0,3,rel32-call/jmp,1,ret+int3,
0x006BE580,3,rel32-call/jmp,1,ret+int3,
0x006BFE80,3,rel32-call/jmp,1,ret+int3,
0x006BFEA0,4,rel32-call/jmp,1,ret+int3,
0x006C06D0,3,rel32-call/jmp,1,ret+int3,
0x006C06F0,4,rel32-call/jmp,1,ret+int3,
0x006C0720,3,rel32-call/jmp,1,ret+int3,
0x006C0730,4,rel32-call/jmp,1,ret+int3,
0x006C0740,4,rel32-call/jmp,1,ret+int3,
0x006C0750,4,rel32-call/jmp,1,ret+int3,
0x006C0760,4,rel32-call/jmp,1,ret+int3,
0x006C0770,4,rel32-call/jmp,1,ret+int3,
0x006C0780,4,rel32-call/jmp,1,ret+int3,
0x006C0850,4,rel32-call/jmp,1,ret+int3,
0x006C0860,4,rel32-call/jmp,1,ret+int3,
0x006C0870,4,rel32-call/jmp,1,ret+int3,
0x006C0880,4,rel32-call/jmp,1,ret+int3,
0x006C1BA0,3,rel32-call/jmp,1,ret+int3,
0x006C2A20,742,ghidra-start,0,ghidra-size,FUN_00ac2a20
0x006C2DD0,740,ghidra-start,0,ghidra-size,FUN_00ac2dd0
0x006C39D0,1756,rel32-call/jmp;ghidra-start,1,ghidra-size,FUN_00ac39d0
0x006C51A0,3,rel32-call/jmp,1,ret+int3,
0x006C51B0,4,rel32-call/jmp,1,ret+int3,
0x006C5590,4,rel32-call/jmp,1,ret+int3,
0x006C55A0,4,rel32-call/jmp,1,ret+int3,
0x006C55B0,4,rel32-call/jmp,1,ret+int3,
0x006C55C0,4,rel32-call/jmp,1,ret+int3,
0x006C5BC0,13,rel32-call/jmp,1,ret+int3,
0x006C5BD0,7,rel32-call/jmp,1,ret+int3,
0x006C5DB0,3,rel32-call/jmp,1,ret+int3,
0x006C7CD0,242,rel32-call/jmp;ghidra-start,1,ghidra-size,FUN_00ac7cd0
0x006C7E90,1528,rel32-call/jmp;ghidra-start,1,ghidra-size,FUN_00ac7e90
0x006C8F50,3,rel32-call/jmp,1,ret+int3,
0x006C96B0,1578,rel32-call/jmp;ghidra-start,1,ghidra-size,FUN_00ac96b0
0x006C9E90,3,rel32-call/jmp,1,ret+int3,
0x006C9EA0,3,rel32-call/jmp,1,ret+int3,
0x006CB1E0,133,rel32-call/jmp;ghidra-start,1,ghidra-size,FUN_00acb1e0
0x006CF2D0,3,rel32-call/jmp,1,ret+int3,
0x006CF2E0,3,rel32-call/jmp,1,ret+int3,
0x006CF300,3,rel32-call/jmp,1,ret+int3,
0x006CF310,3,rel32-call/jmp,1,ret+int3,
0x006CF320,3,rel32-call/jmp,1,ret+int3,
0x006CF330,3,rel32-call/jmp,1,ret+int3,
0x006CF340,3,rel32-call/jmp,1,ret+int3,
0x006CF350,1,rel32-call/jmp,1,ret+int3,
0x006CF390,3,rel32-call/jmp,1,ret+int3,
0x006CF420,1,rel32-call/jmp,1,ret+int3,
0x006CF430,1,rel32-call/jmp,1,ret+int3,
0x006CF440,3,rel32-call/jmp,1,ret+int3,
0x006CF450,3,rel32-call/jmp,1,ret+int3,
0x006CF460,3,rel32-call/jmp,1,ret+int3,
0x006CF470,3,rel32-call/jmp,1,ret+int3,
0x006CF4C0,3,rel32-call/jmp,1,ret+int3,
0x006CF4D0,3,rel32-call/jmp,1,ret+int3,
0x006CF4F0,3,rel32-call/jmp,1,ret+int3,
0x006CF500,3,rel32-call/jmp,1,ret+int3,
0x006CF510,3,rel32-call/jmp,1,ret+int3,
0x006CF530,1,rel32-call/jmp,1,ret+int3,
0x006CF560,1,rel32-call/jmp,1,ret+int3,
0x006CF570,1,rel32-call/jmp,1,ret+int3,
0x006CF580,1,rel32-call/jmp,1,ret+int3,
0x006CF5B0,3,rel32-call/jmp,1,ret+int3,
0x006CF5E0,3,rel32-call/jmp,1,ret+int3,
0x006CF620,7,rel32-call/jmp,1,ret+int3,
0x006CF630,3,rel32-call/jmp,1,ret+int3,
0x006CF640,3,rel32-call/jmp,1,ret+int3,
0x006CF9B0,3,rel32-call/jmp,1,ret+int3,
0x006CF9C0,3,rel32-call/jmp,1,ret+int3,
0x006CFA10,3,rel32-call/jmp,1,ret+int3,
0x006CFA20,3,rel32-call/jmp,1,ret+int3,
0x006CFA30,1,rel32-call/jmp,1,ret+int3,
0x006D1C30,4,rel32-call/jmp,1,ret+int3,
0x006D1C40,4,rel32-call/jmp,1,ret+int3,
0x006D1D70,3,rel32-call/jmp,1,ret+int3,
0x006D2A00,1984,rel32-call/jmp,1,ret+int3,
0x006D3480,3387,rel32-call/jmp;ghidra-start,1,ghidra-size,FUN_00ad3480
0x006D4610,4,rel32-call/jmp,1,ret+int3,
0x006D5120,3,rel32-call/jmp,1,ret+int3,
0x006D5130,3,rel32-call/jmp,1,ret+int3,
0x006D53A0,744,rel32-call/jmp;ghidra-start,1,ghidra-size,FUN_00ad53a0
0x006D5750,760,rel32-call/jmp;ghidra-start,1,ghidra-size,FUN_00ad5750
0x006D5B10,849,rel32-call/jmp;ghidra-start,1,ghidra-size,FUN_00ad5b10
0x006D7080,3,rel32-call/jmp,1,ret+int3,
0x006D7580,7,rel32-call/jmp,1,ret+int3,
0x006D75F0,4,rel32-call/jmp,1,ret+int3,
0x006D7600,4,rel32-call/jmp,1,ret+int3,
0x006D79B0,3,rel32-call/jmp,1,ret+int3,
0x006D79C0,4,rel32-call/jmp,1,ret+int3,
0x006D79D0,4,rel32-call/jmp,1,ret+int3,
0x006D7B60,3,rel32-call/jmp,1,ret+int3,
0x006DAA70,4,rel32-call/jmp,1,ret+int3,
0x006DAA80,4,rel32-call/jmp,1,ret+int3,
0x006DAA90,4,rel32-call/jmp,1,ret+int3,
0x006DAAA0,4,rel32-call/jmp,1,ret+int3,
0x006DAAB0,4,rel32-call/jmp,1,ret+int3,
0x006DAAC0,4,rel32-call/jmp,1,ret+int3,
0x006DAAD0,4,rel32-call/jmp,1,ret+int3,
0x006DAAE0,4,rel32-call/jmp,1,ret+int3,
0x006DAAF0,4,rel32-call/jmp,1,ret+int3,
0x006DAB00,4,rel32-call/jmp,1,ret+int3,
0x006DAB30,4,rel32-call/jmp,1,ret+int3,
0x006DAD20,1,rel32-call/jmp,1,ret+int3,
0x006DAD70,3,rel32-call/jmp,1,ret+int3,
0x006DAEA0,4,rel32-call/jmp,1,ret+int3,
0x006DAEB0,4,rel32-call/jmp,1,ret+int3,
0x006DAEF0,4,rel32-call/jmp,1,ret+int3,
0x006DAF00,3,rel32-call/jmp,1,ret+int3,
0x006DAF10,1,rel32-call/jmp,1,ret+int3,
0x006DAF70,1,rel32-call/jmp,1,ret+int3,
0x006DAFE0,5,rel32-call/jmp,1,ret+int3,
0x006DB100,139,rel32-call/jmp;ghidra-start,1,ghidra-size,FUN_00adb100
0x006DB1C0,1,rel32-call/jmp,1,ret+int3,
0x006DB360,4,rel32-call/jmp,1,ret+int3,
0x006DB580,4,rel32-call/jmp,1,ret+int3,
0x006DB5C0,1,rel32-call/jmp,1,ret+int3,
0x006DC0D0,1741,rel32-call/jmp;ghidra-start,1,ghidra-size,FUN_00adc0d0
0x006DC970,5758,rel32-call/jmp;ghidra-start,1,ghidra-size,FUN_00adc970
0x006DF590,4,rel32-call/jmp,1,ret+int3,
0x006DF5A0,4,rel32-call/jmp,1,ret+int3,
0x006DF5B0,4,rel32-call/jmp,1,ret+int3,
0x006DF5C0,4,rel32-call/jmp,1,ret+int3,
0x006DF5D0,4,rel32-call/jmp,1,ret+int3,
0x006E0570,3,rel32-call/jmp,1,ret+int3,
0x006E1770,4,rel32-call/jmp,1,ret+int3,
0x006E1780,4,rel32-call/jmp,1,ret+int3,
0x006E1790,4,rel32-call/jmp,1,ret+int3,
0x006E17C0,4,rel32-call/jmp,1,ret+int3,
0x006E17F0,4,rel32-call/jmp,1,ret+int3,
0x006E1810,4,rel32-call/jmp,1,ret+int3,
0x006E1840,3,rel32-call/jmp,1,ret+int3,
0x006E1850,3,rel32-call/jmp,1,ret+int3,
0x006E1AB0,4,rel32-call/jmp,1,ret+int3,
0x006E2AC0,13025,rel32-call/jmp;ghidra-start,1,ghidra-size,FUN_00ae2ac0
0x006E6E60,1,rel32-call/jmp,1,ret+int3,
0x006E7060,4,rel32-call/jmp,1,ret+int3,
0x006E7070,4,rel32-call/jmp,1,ret+int3,
0x006E7080,4,rel32-call/jmp,1,ret+int3,
0x006E7090,4,rel32-call/jmp,1,ret+int3,
0x006E7140,4,rel32-call/jmp,1,ret+int3,
0x006E7A30,4,rel32-call/jmp,1,ret+int3,
0x006E7A40,4,rel32-call/jmp,1,ret+int3,
0x006E7A70,4,rel32-call/jmp,1,ret+int3,
0x006E7A80,4,rel32-call/jmp,1,ret+int3,
0x006E7B10,13,rel32-call/jmp,1,ret+int3,
0x006E7B20,33,rel32-call/jmp,1,ret+int3,
0x006E7B50,4,rel32-call/jmp,1,ret+int3,
0x006E81E0,1,rel32-call/jmp,1,ret+int3,
0x006E81F0,1,rel32-call/jmp,1,ret+int3,
0x006E8200,1,rel32-call/jmp,1,ret+int3,
0x006E8DC0,1,rel32-call/jmp,1,ret+int3,
0x006E8DD0,1,rel32-call/jmp,1,ret+int3,
0x006E8DE0,1,rel32-call/jmp,1,ret+int3,
0x006EA6C0,1,rel32-call/jmp,1,ret+int3,
0x006EABF0,3,rel32-call/jmp,1,ret+int3,
0x006EAC00,1,rel32-call/jmp,1,ret+int3,
0x006EAC10,4,rel32-call/jmp,1,ret+int3,
0x006EAC70,3,rel32-call/jmp,1,ret+int3,
0x006EAC80,1,rel32-call/jmp,1,ret+int3,
0x006EAC90,3,rel32-call/jmp,1,ret+int3,
0x006EACA0,3,rel32-call/jmp,1,ret+int3,
0x006EACD0,1,rel32-call/jmp,1,ret+int3,
0x006EACE0,1,rel32-call/jmp,1,ret+int3,
0x006EAEC0,1,rel32-call/jmp,1,ret+int3,
0x006EAFF0,1,rel32-call/jmp,1,ret+int3,
0x006EB1C0,431,rel32-call/jmp;ghidra-start,1,ghidra-size,FUN_00aeb1c0
0x006ED240,1,rel32-call/jmp,1,ret+int3,
0x006ED5B0,1824,rel32-call/jmp,1,ret+int3,
0x006EE700,1,rel32-call/jmp,1,ret+int3,
0x006F2910,197,rel32-call/jmp;ghidra-start,1,ghidra-size,FUN_00af2910
0x006F3FC0,1178,rel32-call/jmp;ghidra-start,1,ghidra-size,FUN_00af3fc0
0x006F4590,4,rel32-call/jmp,1,ret+int3,
0x006F4690,255,rel32-call/jmp,1,ret+int3,
0x006F5C20,3,rel32-call/jmp,1,ret+int3,
0x006F5FD0,3,rel32-call/jmp,1,ret+int3,
0x006F6070,4,rel32-call/jmp,1,ret+int3,
0x006F6CA0,4,rel32-call/jmp,1,ret+int3,
0x006F6CC0,8,rel32-call/jmp,1,ret+int3,
0x006F6CD0,3,rel32-call/jmp,1,ret+int3,
0x006F6D00,7,rel32-call/jmp,1,ret+int3,
0x006F6D20,14,rel32-call/jmp,1,ret+int3,
0x006F7600,3,rel32-call/jmp,1,ret+int3,
0x006F7610,1,rel32-call/jmp,1,ret+int3,
0x006F7620,3,rel32-call/jmp,1,ret+int3,
0x006F7640,6,rel32-call/jmp,1,ret+int3,
0x006F76B0,1,rel32-call/jmp,1,ret+int3,
0x006F7720,1,rel32-call/jmp,1,ret+int3,
0x006F8110,1,rel32-call/jmp,1,ret+int3,
0x006F9900,232,rel32-call/jmp;ghidra-start,1,ghidra-size,FUN_00af9900
0x006F9FB0,4,rel32-call/jmp,1,ret+int3,
0x006F9FC0,4,rel32-call/jmp,1,ret+int3,
0x006FA100,1,rel32-call/jmp,1,ret+int3,
0x006FBDA0,4,rel32-call/jmp,1,ret+int3,
0x006FC0C0,3,rel32-call/jmp,1,ret+int3,
0x006FC5A0,647,rel32-call/jmp;ghidra-start,1,ghidra-size,FUN_00afc5a0
0x006FCB10,4,rel32-call/jmp,1,ret+int3,
0x006FCBB0,3,rel32-call/jmp,1,ret+int3,
0x00701E80,4,rel32-call/jmp,1,ret+int3,
0x00701ED0,4,rel32-call/jmp,1,ret+int3,
0x00702320,1,rel32-call/jmp,1,ret+int3,
0x00702920,1051,rel32-call/jmp;ghidra-start,1,ghidra-size,FUN_00b02920
0x00702FA0,1,rel32-call/jmp,1,ret+int3,
0x00703B90,4,rel32-call/jmp,1,ret+int3,
0x00703BA0,4,rel32-call/jmp,1,ret+int3,
0x00703BB0,4,rel32-call/jmp,1,ret+int3,
0x00703BD0,4,rel32-call/jmp,1,ret+int3,
0x00703BE0,4,rel32-call/jmp,1,ret+int3,
0x00703BF0,4,rel32-call/jmp,1,ret+int3,
0x00703C00,4,rel32-call/jmp,1,ret+int3,
0x00703C30,4,rel32-call/jmp,1,ret+int3,
0x00703C40,4,rel32-call/jmp,1,ret+int3,
0x00703C50,4,rel32-call/jmp,1,ret+int3,
0x00703C60,4,rel32-call/jmp,1,ret+int3,
0x00703C70,3,rel32-call/jmp,1,ret+int3,
0x007041A0,3,rel32-call/jmp,1,ret+int3,
0x00704320,3,rel32-call/jmp,1,ret+int3,
0x00708320,3687,rel32-call/jmp;ghidra-start,1,ghidra-size,FUN_00b08320
0x00709540,3981,rel32-call/jmp;ghidra-start,1,ghidra-size,FUN_00b09540
0x00710D10,7,rel32-call/jmp,1,ret+int3,
0x00710FA0,4,rel32-call/jmp,1,ret+int3,
0x007112B0,623,rel32-call/jmp;ghidra-start,1,ghidra-size,FUN_00b112b0
0x007115C0,1,rel32-call/jmp,1,ret+int3,
0x00711A40,1,rel32-call/jmp,1,ret+int3,
0x00711A50,1,rel32-call/jmp,1,ret+int3,
0x00711A60,1,rel32-call/jmp,1,ret+int3,
0x00711BF0,1,rel32-call/jmp,1,ret+int3,
0x00711CE0,1,rel32-call/jmp,1,ret+int3,
0x00711DA0,1,rel32-call/jmp,1,ret+int3,
0x00711EB0,1,rel32-call/jmp,1,ret+int3,
0x00711EC0,1,rel32-call/jmp,1,ret+int3,
0x007122D0,1,rel32-call/jmp,1,ret+int3,
0x00712340,1,rel32-call/jmp,1,ret+int3,
0x00712740,1,rel32-call/jmp,1,ret+int3,
0x007134D0,1,rel32-call/jmp,1,ret+int3,
0x007134E0,1,rel32-call/jmp,1,ret+int3,
0x007134F0,1,rel32-call/jmp,1,ret+int3,
0x00713780,2478,rel32-call/jmp;ghidra-start,1,ghidra-size,FUN_00b13780
0x00714810,2277,rel32-call/jmp;ghidra-start,1,ghidra-size,FUN_00b14810
0x00716490,3,rel32-call/jmp,1,ret+int3,
0x00716580,4,rel32-call/jmp,1,ret+int3,
0x00716590,4,rel32-call/jmp,1,ret+int3,
0x007165A0,4,rel32-call/jmp,1,ret+int3,
0x007165B0,4,rel32-call/jmp,1,ret+int3,
0x00717AE0,3,rel32-call/jmp,1,ret+int3,
0x00717C80,1,rel32-call/jmp,1,ret+int3,
0x00718E80,1,rel32-call/jmp,1,ret+int3,
0x00719A10,1,rel32-call/jmp,1,ret+int3,
0x00719A20,1,rel32-call/jmp,1,ret+int3,
0x00719F70,4,rel32-call/jmp,1,ret+int3,
0x0071D9E0,3,rel32-call/jmp,1,ret+int3,
0x0071DF10,2233,rel32-call/jmp;ghidra-start,1,ghidra-size,FUN_00b1df10
0x00720820,363,rel32-call/jmp;ghidra-start,1,ghidra-size,FUN_00b20820
0x00721F40,296,rel32-call/jmp;ghidra-start,1,ghidra-size,FUN_00b21f40
0x007220C0,4,rel32-call/jmp,1,ret+int3,
0x00722520,3,rel32-call/jmp,1,ret+int3,
0x00722BD0,2822,rel32-call/jmp;ghidra-start,1,ghidra-size,FUN_00b22bd0
0x00724A20,2360,rel32-call/jmp;ghidra-start,1,ghidra-size,FUN_00b24a20
0x00725FB0,1,rel32-call/jmp,1,ret+int3,
0x00728B20,3,rel32-call/jmp,1,ret+int3,
0x0072D210,1912,rel32-call/jmp;ghidra-start,1,ghidra-size,FUN_00b2d210
0x0072E1E0,1733,rel32-call/jmp;ghidra-start,1,ghidra-size,FUN_00b2e1e0
0x0072EB00,3,rel32-call/jmp,1,ret+int3,
0x0072F000,30,rel32-call/jmp;ghidra-start,1,ghidra-size,FUN_00b2f000
0x007304A0,4,rel32-call/jmp,1,ret+int3,
0x00731010,1,rel32-call/jmp,1,ret+int3,
0x00731190,1183,rel32-call/jmp;ghidra-start,1,ghidra-size,FUN_00b31190
0x00732950,1,rel32-call/jmp,1,ret+int3,
0x00734CB0,3276,rel32-call/jmp;ghidra-start,1,ghidra-size,FUN_00b34cb0
0x007371D0,1958,rel32-call/jmp;ghidra-start,1,ghidra-size,FUN_00b371d0
0x00737B70,5448,rel32-call/jmp;ghidra-start,1,ghidra-size,FUN_00b37b70
0x00739F80,32,rel32-call/jmp,1,ret+int3,
0x0073A310,3,rel32-call/jmp,1,ret+int3,
0x0073A350,143,rel32-call/jmp;ghidra-start,1,ghidra-size,FUN_00b3a350
0x0073A5B0,4,rel32-call/jmp,1,ret+int3,
0x0073A5C0,4,rel32-call/jmp,1,ret+int3,
0x0073A5D0,4,rel32-call/jmp,1,ret+int3,
0x0073A5E0,4,rel32-call/jmp,1,ret+int3,
0x0073A5F0,4,rel32-call/jmp,1,ret+int3,
0x0073A600,4,rel32-call/jmp,1,ret+int3,
0x0073A670,4,rel32-call/jmp,1,ret+int3,
0x0073A6C0,27,rel32-call/jmp,1,ret+int3,
0x0073A730,4,rel32-call/jmp,1,ret+int3,
0x0073A770,4,rel32-call/jmp,1,ret+int3,
0x0073A7F0,3,rel32-call/jmp,1,ret+int3,
0x0073A820,4,rel32-call/jmp,1,ret+int3,
0x0073ABD0,1,rel32-call/jmp,1,ret+int3,
0x0073AC70,3,rel32-call/jmp,1,ret+int3,
0x0073AC80,3,rel32-call/jmp,1,ret+int3,
0x0073BB00,3,rel32-call/jmp,1,ret+int3,
0x0073BDC0,1,rel32-call/jmp,1,ret+int3,
0x0073C120,104,rel32-call/jmp,1,ret+int3,
0x0073CB10,1537,rel32-call/jmp;ghidra-start,1,ghidra-size,FUN_00b3cb10
0x0073D940,3,rel32-call/jmp,1,ret+int3,
0x0073D990,3,rel32-call/jmp,1,ret+int3,
0x0073D9A0,1,rel32-call/jmp,1,ret+int3,
0x0073D9B0,3,rel32-call/jmp,1,ret+int3,
0x0073D9C0,4,rel32-call/jmp,1,ret+int3,
0x0073D9D0,1,rel32-call/jmp,1,ret+int3,
0x0073FA80,1,rel32-call/jmp,1,ret+int3,
0x00740840,3,rel32-call/jmp,1,ret+int3,
0x00740BB0,3,rel32-call/jmp,1,ret+int3,
0x00741820,1,rel32-call/jmp,1,ret+int3,
0x00741D20,1,rel32-call/jmp,1,ret+int3,
0x00744520,1,rel32-call/jmp,1,ret+int3,
0x00745750,1,rel32-call/jmp,1,ret+int3,
0x00745960,335,rel32-call/jmp;ghidra-start,1,ghidra-size,FUN_00b45960
0x00746070,4,rel32-call/jmp;ghidra-start,1,ghidra-size,FUN_00b46070
0x007460C0,7,rel32-call/jmp,1,ret+int3,
0x00746110,7,rel32-call/jmp,1,ret+int3,
0x00746A30,684,rel32-call/jmp;ghidra-start,1,ghidra-size,FUN_00b46a30
0x00747100,614,rel32-call/jmp;ghidra-start,1,ghidra-size,FUN_00b47100
0x00747E80,287,rel32-call/jmp,1,ret+int3,
0x00748F10,3,rel32-call/jmp,1,ret+int3,
0x00748F20,1,rel32-call/jmp,1,ret+int3,
0x00748F40,3,rel32-call/jmp,1,ret+int3,
0x00748F50,1,rel32-call/jmp,1,ret+int3,
0x00748F80,3,rel32-call/jmp,1,ret+int3,
0x00748F90,1,rel32-call/jmp,1,ret+int3,
0x00748FD0,3,rel32-call/jmp,1,ret+int3,
0x00748FE0,3,rel32-call/jmp,1,ret+int3,
0x00748FF0,3,rel32-call/jmp,1,ret+int3,
0x00749000,3,rel32-call/jmp,1,ret+int3,
0x00749010,3,rel32-call/jmp,1,ret+int3,
0x00749020,1,rel32-call/jmp,1,ret+int3,
0x00749030,1,rel32-call/jmp,1,ret+int3,
0x00749040,1,rel32-call/jmp,1,ret+int3,
0x00749050,1,rel32-call/jmp,1,ret+int3,
0x00749060,1,rel32-call/jmp,1,ret+int3,
0x00749070,4,rel32-call/jmp,1,ret+int3,
0x00749080,4,rel32-call/jmp,1,ret+int3,
0x00749110,3,rel32-call/jmp,1,ret+int3,
0x00749500,3,rel32-call/jmp,1,ret+int3,
0x00749510,3,rel32-call/jmp,1,ret+int3,
0x00749640,3,rel32-call/jmp,1,ret+int3,
0x00749650,1,rel32-call/jmp,1,ret+int3,
0x00749690,1,rel32-call/jmp,1,ret+int3,
0x007496A0,3,rel32-call/jmp,1,ret+int3,
0x007496B0,3,rel32-call/jmp,1,ret+int3,
0x00749700,1,rel32-call/jmp,1,ret+int3,
0x00749710,1,rel32-call/jmp,1,ret+int3,
0x0074AB70,1,rel32-call/jmp,1,ret+int3,
0x0074ABB0,1,rel32-call/jmp,1,ret+int3,
0x0074AC30,1,rel32-call/jmp,1,ret+int3,
0x0074AC40,1,rel32-call/jmp,1,ret+int3,
0x0074CCC0,1,rel32-call/jmp,1,ret+int3,
0x0074CD00,1,rel32-call/jmp,1,ret+int3,
0x0074CDB0,1,rel32-call/jmp,1,ret+int3,
0x0074CDC0,1,rel32-call/jmp,1,ret+int3,
0x0074CFA0,493,rel32-call/jmp;ghidra-start,1,ghidra-size,FUN_00b4cfa0
0x0074D6D0,1,rel32-call/jmp,1,ret+int3,
0x0074D6E0,1,rel32-call/jmp,1,ret+int3,
0x0074F1F0,2683,rel32-call/jmp,1,ret+int3,
0x0074FF80,1,rel32-call/jmp,1,ret+int3,
0x0074FF90,3,rel32-call/jmp,1,ret+int3,
0x0074FFB0,3,rel32-call/jmp,1,ret+int3,
0x0074FFC0,3,rel32-call/jmp,1,ret+int3,
0x0074FFD0,3,rel32-call/jmp,1,ret+int3,
0x0074FFE0,3,rel32-call/jmp,1,ret+int3,
0x0074FFF0,3,rel32-call/jmp,1,ret+int3,
0x00750000,3,rel32-call/jmp,1,ret+int3,
0x00750010,3,rel32-call/jmp,1,ret+int3,
0x00750020,3,rel32-call/jmp,1,ret+int3,
0x00750030,3,rel32-call/jmp,1,ret+int3,
0x00750040,1,rel32-call/jmp,1,ret+int3,
0x00750050,3,rel32-call/jmp,1,ret+int3,
0x00750060,3,rel32-call/jmp,1,ret+int3,
0x00750070,3,rel32-call/jmp,1,ret+int3,
0x00750080,3,rel32-call/jmp,1,ret+int3,
0x00750090,3,rel32-call/jmp,1,ret+int3,
0x007500A0,1,rel32-call/jmp,1,ret+int3,
0x007500B0,1,rel32-call/jmp,1,ret+int3,
0x007500C0,3,rel32-call/jmp,1,ret+int3,
0x007500D0,3,rel32-call/jmp,1,ret+int3,
0x007500E0,3,rel32-call/jmp,1,ret+int3,
0x007500F0,3,rel32-call/jmp,1,ret+int3,
0x00750100,3,rel32-call/jmp,1,ret+int3,
0x00750110,3,rel32-call/jmp,1,ret+int3,
0x00750120,3,rel32-call/jmp,1,ret+int3,
0x00750130,3,rel32-call/jmp,1,ret+int3,
0x00750140,3,rel32-call/jmp,1,ret+int3,
0x00750150,3,rel32-call/jmp,1,ret+int3,
0x00750160,3,rel32-call/jmp,1,ret+int3,
0x00750180,3,rel32-call/jmp,1,ret+int3,
0x00750190,3,rel32-call/jmp,1,ret+int3,
0x007501A0,3,rel32-call/jmp,1,ret+int3,
0x007501B0,3,rel32-call/jmp,1,ret+int3,
0x007501C0,1,rel32-call/jmp,1,ret+int3,
0x007501D0,3,rel32-call/jmp,1,ret+int3,
0x007501E0,1,rel32-call/jmp,1,ret+int3,
0x007501F0,3,rel32-call/jmp,1,ret+int3,
0x00750200,3,rel32-call/jmp,1,ret+int3,
0x00750210,3,rel32-call/jmp,1,ret+int3,
0x00750220,1,rel32-call/jmp,1,ret+int3,
0x00750280,3,rel32-call/jmp,1,ret+int3,
0x00750290,1,rel32-call/jmp,1,ret+int3,
0x007502A0,1,rel32-call/jmp,1,ret+int3,
0x007502B0,3,rel32-call/jmp,1,ret+int3,
0x007502C0,1,rel32-call/jmp,1,ret+int3,
0x007502E0,3,rel32-call/jmp,1,ret+int3,
0x007502F0,3,rel32-call/jmp,1,ret+int3,
0x00750430,3,rel32-call/jmp,1,ret+int3,
0x00750650,1,rel32-call/jmp,1,ret+int3,
0x00750660,1,rel32-call/jmp,1,ret+int3,
0x00750670,1,rel32-call/jmp,1,ret+int3,
0x007511A0,1,rel32-call/jmp,1,ret+int3,
0x007511B0,1,rel32-call/jmp,1,ret+int3,
0x007511C0,1,rel32-call/jmp,1,ret+int3,
0x007516F0,3,rel32-call/jmp,1,ret+int3,
0x00751760,4,rel32-call/jmp,1,ret+int3,
0x007517F0,3,rel32-call/jmp,1,ret+int3,
0x00751800,1,rel32-call/jmp,1,ret+int3,
0x00751810,1,rel32-call/jmp,1,ret+int3,
0x00751820,3,rel32-call/jmp,1,ret+int3,
0x00751830,1,rel32-call/jmp,1,ret+int3,
0x007519C0,1,rel32-call/jmp,1,ret+int3,
0x00751B50,4,rel32-call/jmp,1,ret+int3,
0x00751B60,4,rel32-call/jmp,1,ret+int3,
0x00751B70,4,rel32-call/jmp,1,ret+int3,
0x00751B80,4,rel32-call/jmp,1,ret+int3,
0x00751BC0,19,rel32-call/jmp,1,ret+int3,
0x00751D60,1,rel32-call/jmp,1,ret+int3,
0x00751D70,3,rel32-call/jmp,1,ret+int3,
0x00751D90,11,rel32-call/jmp,1,ret+int3,
0x00751DC0,1,rel32-call/jmp,1,ret+int3,
0x00752000,3,rel32-call/jmp,1,ret+int3,
0x00752010,1,rel32-call/jmp,1,ret+int3,
0x007520A0,3,rel32-call/jmp,1,ret+int3,
0x007520B0,1,rel32-call/jmp,1,ret+int3,
0x007520C0,3,rel32-call/jmp,1,ret+int3,
0x007520D0,1,rel32-call/jmp,1,ret+int3,
0x00752100,3,rel32-call/jmp,1,ret+int3,
0x00752110,1,rel32-call/jmp,1,ret+int3,
0x00752180,1,rel32-call/jmp,1,ret+int3,
0x00752190,1,rel32-call/jmp,1,ret+int3,
0x007521A0,1,rel32-call/jmp,1,ret+int3,
0x00752320,1,rel32-call/jmp,1,ret+int3,
0x00752480,5,rel32-call/jmp,1,ret+int3,
0x007524E0,1,rel32-call/jmp,1,ret+int3,
0x00752670,3,rel32-call/jmp,1,ret+int3,
0x00752680,3,rel32-call/jmp,1,ret+int3,
0x007526C0,1,rel32-call/jmp,1,ret+int3,
0x007526D0,1,rel32-call/jmp,1,ret+int3,
0x007526E0,3,rel32-call/jmp,1,ret+int3,
0x007526F0,3,rel32-call/jmp,1,ret+int3,
0x00752760,3,rel32-call/jmp,1,ret+int3,
0x00752770,3,rel32-call/jmp,1,ret+int3,
0x00752780,3,rel32-call/jmp,1,ret+int3,
0x00753130,1,rel32-call/jmp,1,ret+int3,
0x00753260,1,rel32-call/jmp,1,ret+int3,
0x00753270,1,rel32-call/jmp,1,ret+int3,
0x00753650,1,rel32-call/jmp,1,ret+int3,
0x00753660,1,rel32-call/jmp,1,ret+int3,
0x00754430,109,rel32-call/jmp;ghidra-start,1,ghidra-size,FUN_00b54430
0x007547E0,77,rel32-call/jmp;ghidra-start,1,ghidra-size,FUN_00b547e0
0x00754850,218,rel32-call/jmp;ghidra-start,1,ghidra-size,FUN_00b54850
0x00755000,20,rel32-call/jmp,1,ret+int3,
0x00755A70,413,rel32-call/jmp;ghidra-start,1,ghidra-size,FUN_00b55a70
0x00755F70,2565,rel32-call/jmp;ghidra-start,1,ghidra-size,FUN_00b55f70
0x00756C00,4,rel32-call/jmp,1,ret+int3,
0x00756C10,4,rel32-call/jmp,1,ret+int3,
0x00756C30,4,rel32-call/jmp,1,ret+int3,
0x00756C40,4,rel32-call/jmp,1,ret+int3,
0x00756D20,3,rel32-call/jmp,1,ret+int3,
0x00756D30,1,rel32-call/jmp,1,ret+int3,
0x00756D40,3,rel32-call/jmp,1,ret+int3,
0x00756D50,1,rel32-call/jmp,1,ret+int3,
0x00756E30,4,rel32-call/jmp,1,ret+int3,
0x00756F00,1645,rel32-call/jmp,1,ret+int3,
0x00757B50,1,rel32-call/jmp,1,ret+int3,
0x00757B60,1,rel32-call/jmp,1,ret+int3,
0x00757B70,3,rel32-call/jmp,1,ret+int3,
0x00757B80,3,rel32-call/jmp,1,ret+int3,
0x00757B90,3,rel32-call/jmp,1,ret+int3,
0x00757BA0,1,rel32-call/jmp,1,ret+int3,
0x00757BB0,3,rel32-call/jmp,1,ret+int3,
0x00758530,3,rel32-call/jmp,1,ret+int3,
0x00758540,3,rel32-call/jmp,1,ret+int3,
0x00758550,1,rel32-call/jmp,1,ret+int3,
0x00758560,1,rel32-call/jmp,1,ret+int3,
0x00758570,1,rel32-call/jmp,1,ret+int3,
0x00758D90,1,rel32-call/jmp,1,ret+int3,
0x00759300,3,rel32-call/jmp,1,ret+int3,
0x00759310,1,rel32-call/jmp,1,ret+int3,
0x00759320,1,rel32-call/jmp,1,ret+int3,
0x00759330,3,rel32-call/jmp,1,ret+int3,
0x00759340,1,rel32-call/jmp,1,ret+int3,
0x00759360,3,rel32-call/jmp,1,ret+int3,
0x00759450,4,rel32-call/jmp,1,ret+int3,
0x00759840,4,rel32-call/jmp,1,ret+int3,
0x00759F20,3,rel32-call/jmp,1,ret+int3,
0x00759F30,1,rel32-call/jmp,1,ret+int3,
0x00759F40,1,rel32-call/jmp,1,ret+int3,
0x0075A0B0,1,rel32-call/jmp,1,ret+int3,
0x0075A180,1,rel32-call/jmp,1,ret+int3,
0x0075A200,1,rel32-call/jmp,1,ret+int3,
0x0075A230,1,rel32-call/jmp,1,ret+int3,
0x0075AF40,4,rel32-call/jmp,1,ret+int3,
0x0075B170,13,rel32-call/jmp,1,ret+int3,
0x0075B180,16,rel32-call/jmp,1,ret+int3,
0x0075B1E0,4,rel32-call/jmp,1,ret+int3,
0x0075B1F0,4,rel32-call/jmp,1,ret+int3,
0x0075B220,3,rel32-call/jmp,1,ret+int3,
0x0075B4A0,66,rel32-call/jmp;ghidra-start,1,ghidra-size,FUN_00b5b4a0
0x0075B7F0,3,rel32-call/jmp,1,ret+int3,
0x0075B860,3,rel32-call/jmp,1,ret+int3,
0x0075B8A0,3,rel32-call/jmp,1,ret+int3,
0x0075B8E0,1,rel32-call/jmp,1,ret+int3,
0x0075B8F0,1,rel32-call/jmp,1,ret+int3,
0x0075B900,4,rel32-call/jmp,1,ret+int3,
0x0075C690,119,ghidra-start,0,ghidra-size,FUN_00b5c690
0x0075C890,3,rel32-call/jmp,1,ret+int3,
0x0075CF00,3,rel32-call/jmp,1,ret+int3,
0x0075CF10,1,rel32-call/jmp,1,ret+int3,
0x0075CF50,3,rel32-call/jmp,1,ret+int3,
0x0075CF90,3,rel32-call/jmp,1,ret+int3,
0x0075D000,3,rel32-call/jmp,1,ret+int3,
0x0075D010,3,rel32-call/jmp,1,ret+int3,
0x0075D020,1,rel32-call/jmp,1,ret+int3,
0x0075D0B0,3,rel32-call/jmp,1,ret+int3,
0x0075D0C0,1,rel32-call/jmp,1,ret+int3,
0x0075D0D0,3,rel32-call/jmp,1,ret+int3,
0x0075D100,4,rel32-call/jmp,1,ret+int3,
0x0075D120,3,rel32-call/jmp,1,ret+int3,
0x0075D130,1,rel32-call/jmp,1,ret+int3,
0x0075D170,3,rel32-call/jmp,1,ret+int3,
0x0075D180,1,rel32-call/jmp,1,ret+int3,
0x0075D1E0,3,rel32-call/jmp,1,ret+int3,
0x0075D1F0,3,rel32-call/jmp,1,ret+int3,
0x0075D220,3,rel32-call/jmp,1,ret+int3,
0x0075D230,1,rel32-call/jmp,1,ret+int3,
0x0075D240,3,rel32-call/jmp,1,ret+int3,
0x0075D270,4,rel32-call/jmp,1,ret+int3,
0x0075D2C0,3,rel32-call/jmp,1,ret+int3,
0x0075D2D0,1,rel32-call/jmp,1,ret+int3,
0x0075D2F0,3,rel32-call/jmp,1,ret+int3,
0x0075D300,1,rel32-call/jmp,1,ret+int3,
0x0075D310,3,rel32-call/jmp,1,ret+int3,
0x0075D320,1,rel32-call/jmp,1,ret+int3,
0x0075D370,3,rel32-call/jmp,1,ret+int3,
0x0075D380,1,rel32-call/jmp,1,ret+int3,
0x0075D3F0,3,rel32-call/jmp,1,ret+int3,
0x0075D400,1,rel32-call/jmp,1,ret+int3,
0x0075D460,3,rel32-call/jmp,1,ret+int3,
0x0075D470,1,rel32-call/jmp,1,ret+int3,
0x0075D4A0,6,rel32-call/jmp,1,ret+int3,
0x0075D4E0,6,rel32-call/jmp,1,ret+int3,
0x0075D510,6,rel32-call/jmp,1,ret+int3,
0x0075D560,3,rel32-call/jmp,1,ret+int3,
0x0075D570,1,rel32-call/jmp,1,ret+int3,
0x0075D5E0,3,rel32-call/jmp,1,ret+int3,
0x0075D5F0,1,rel32-call/jmp,1,ret+int3,
0x0075D620,3,rel32-call/jmp,1,ret+int3,
0x0075D6B0,3,rel32-call/jmp,1,ret+int3,
0x0075D6F0,6,rel32-call/jmp,1,ret+int3,
0x0075D760,1,rel32-call/jmp,1,ret+int3,
0x0075D770,1,rel32-call/jmp,1,ret+int3,
0x0075D780,1,rel32-call/jmp,1,ret+int3,
0x0075D790,1,rel32-call/jmp,1,ret+int3,
0x0075D7A0,1,rel32-call/jmp,1,ret+int3,
0x0075D7B0,1,rel32-call/jmp,1,ret+int3,
0x0075D7C0,1,rel32-call/jmp,1,ret+int3,
0x0075D7D0,1,rel32-call/jmp,1,ret+int3,
0x0075D7E0,1,rel32-call/jmp,1,ret+int3,
0x0075D7F0,1,rel32-call/jmp,1,ret+int3,
0x0075DB20,1,rel32-call/jmp,1,ret+int3,
0x0075DFA0,1,rel32-call/jmp,1,ret+int3,
0x0075E0C0,1,rel32-call/jmp,1,ret+int3,
0x0075E3E0,1,rel32-call/jmp,1,ret+int3,
0x0075E500,3,rel32-call/jmp,1,ret+int3,
0x0075E5A0,4,rel32-call/jmp,1,ret+int3,
0x0075E6B0,6,rel32-call/jmp,1,ret+int3,
0x0075E760,4,rel32-call/jmp,1,ret+int3,
0x0075E7D0,1,rel32-call/jmp,1,ret+int3,
0x0075EF70,1,rel32-call/jmp,1,ret+int3,
0x0075EF80,1,rel32-call/jmp,1,ret+int3,
0x0075F0D0,3,rel32-call/jmp,1,ret+int3,
0x00761180,1,rel32-call/jmp,1,ret+int3,
0x00761190,1,rel32-call/jmp,1,ret+int3,
0x007611A0,1,rel32-call/jmp,1,ret+int3,
0x00761440,4,rel32-call/jmp,1,ret+int3,
0x00761C90,1,rel32-call/jmp,1,ret+int3,
0x00761CA0,1,rel32-call/jmp,1,ret+int3,
0x00763AC0,1490,rel32-call/jmp;ghidra-start,1,ghidra-size,FUN_00b63ac0
0x00765580,1,rel32-call/jmp,1,ret+int3,
0x00765590,1,rel32-call/jmp,1,ret+int3,
0x00768C30,1,rel32-call/jmp,1,ret+int3,
0x00768DA0,1,rel32-call/jmp,1,ret+int3,
0x00769490,419,rel32-call/jmp;ghidra-start,1,ghidra-size,FUN_00b69490
0x00769720,850,rel32-call/jmp;ghidra-start,1,ghidra-size,FUN_00b69720
0x0076A690,175,rel32-call/jmp;ghidra-start,1,ghidra-size,FUN_00b6a690
0x0076B080,165,rel32-call/jmp;ghidra-start,1,ghidra-size,FUN_00b6b080
0x0076C080,2107,rel32-call/jmp;ghidra-start,1,ghidra-size,FUN_00b6c080
0x0076CF20,201,rel32-call/jmp;ghidra-start,1,ghidra-size,FUN_00b6cf20
0x0076DCC0,1663,rel32-call/jmp;ghidra-start,1,ghidra-size,FUN_00b6dcc0
0x0076EFF0,1251,rel32-call/jmp;ghidra-start,1,ghidra-size,FUN_00b6eff0
0x00770270,210,rel32-call/jmp;ghidra-start,1,ghidra-size,FUN_00b70270
0x007710F0,961,rel32-call/jmp;ghidra-start,1,ghidra-size,FUN_00b710f0
0x00772870,708,rel32-call/jmp;ghidra-start,1,ghidra-size,FUN_00b72870
0x00774580,267,rel32-call/jmp;ghidra-start,1,ghidra-size,FUN_00b74580
0x00776AC0,3381,rel32-call/jmp;ghidra-start,1,ghidra-size,FUN_00b76ac0
0x00779910,762,rel32-call/jmp;ghidra-start,1,ghidra-size,FUN_00b79910
0x00779CF0,198,rel32-call/jmp;ghidra-start,1,ghidra-size,FUN_00b79cf0
0x0077AB30,472,rel32-call/jmp;ghidra-start,1,ghidra-size,FUN_00b7ab30
0x0077AD90,195,rel32-call/jmp;ghidra-start,1,ghidra-size,FUN_00b7ad90
0x0077D440,4,rel32-call/jmp,1,ret+int3,
0x0077D5D0,3,rel32-call/jmp,1,ret+int3,
0x0077D5E0,1,rel32-call/jmp,1,ret+int3,
0x0077D5F0,1,rel32-call/jmp,1,ret+int3,
0x0077D600,3,rel32-call/jmp,1,ret+int3,
0x0077D610,1,rel32-call/jmp,1,ret+int3,
0x0077DBD0,1,rel32-call/jmp,1,ret+int3,
0x0077DCB0,4,rel32-call/jmp,1,ret+int3,
0x0077E050,4,rel32-call/jmp,1,ret+int3,
0x0077E060,4,rel32-call/jmp,1,ret+int3,
0x0077F200,3,rel32-call/jmp,1,ret+int3,
0x0077F210,1,rel32-call/jmp,1,ret+int3,
0x0077F220,1,rel32-call/jmp,1,ret+int3,
0x0077F230,3,rel32-call/jmp,1,ret+int3,
0x0077F240,1,rel32-call/jmp,1,ret+int3,
0x0077F260,3,rel32-call/jmp,1,ret+int3,
0x0077F270,3,rel32-call/jmp,1,ret+int3,
0x0077F450,3,rel32-call/jmp,1,ret+int3,
0x0077F750,4,rel32-call/jmp,1,ret+int3,
0x00782C10,3,rel32-call/jmp,1,ret+int3,
0x00782CD0,3,rel32-call/jmp,1,ret+int3,
0x00782CE0,3,rel32-call/jmp,1,ret+int3,
0x00782CF0,3,rel32-call/jmp,1,ret+int3,
0x00782D70,3,rel32-call/jmp,1,ret+int3,
0x00782D80,3,rel32-call/jmp,1,ret+int3,
0x00782D90,3,rel32-call/jmp,1,ret+int3,
0x00782DD0,4,rel32-call/jmp,1,ret+int3,
0x00783840,3,rel32-call/jmp,1,ret+int3,
0x00783850,1,rel32-call/jmp,1,ret+int3,
0x007838A0,3,rel32-call/jmp,1,ret+int3,
0x007838B0,1,rel32-call/jmp,1,ret+int3,
0x007838F0,3,rel32-call/jmp,1,ret+int3,
0x00783900,1,rel32-call/jmp,1,ret+int3,
0x00783930,3,rel32-call/jmp,1,ret+int3,
0x00783940,1,rel32-call/jmp,1,ret+int3,
0x007839A0,3,rel32-call/jmp,1,ret+int3,
0x007839B0,1,rel32-call/jmp,1,ret+int3,
0x007839E0,1,rel32-call/jmp,1,ret+int3,
0x007839F0,3,rel32-call/jmp,1,ret+int3,
0x00783A00,1,rel32-call/jmp,1,ret+int3,
0x00783A30,1,rel32-call/jmp,1,ret+int3,
0x00783AA0,6,rel32-call/jmp,1,ret+int3,
0x00783AB0,1,rel32-call/jmp,1,ret+int3,
0x00783AC0,1,rel32-call/jmp,1,ret+int3,
0x00783AD0,1,rel32-call/jmp,1,ret+int3,
0x00783B50,1,rel32-call/jmp,1,ret+int3,
0x00783D10,1,rel32-call/jmp,1,ret+int3,
0x00783D50,46,rel32-call/jmp;ghidra-start,1,ghidra-size,FUN_00b83d50
0x00783E70,1,rel32-call/jmp,1,ret+int3,
0x00783E80,1,rel32-call/jmp,1,ret+int3,
0x00783F30,1,rel32-call/jmp,1,ret+int3,
0x00783F40,1,rel32-call/jmp,1,ret+int3,
0x00783F50,1,rel32-call/jmp,1,ret+int3,
0x00784540,3,rel32-call/jmp,1,ret+int3,
0x00784550,3,rel32-call/jmp,1,ret+int3,
0x007845D0,645,rel32-call/jmp;ghidra-start,1,ghidra-size,FUN_00b845d0
0x00784900,148,rel32-call/jmp;ghidra-start,1,ghidra-size,FUN_00b84900
0x007849C0,36,rel32-call/jmp,1,ret+int3,
0x007849F0,57,rel32-call/jmp;ghidra-start,1,ghidra-size,FUN_00b849f0
0x00784A40,6,rel32-call/jmp,1,ret+int3,
0x00784A70,35,rel32-call/jmp;ghidra-start,1,ghidra-size,FUN_00b84a70
0x00784AA0,1,rel32-call/jmp,1,ret+int3,
0x00784AB0,1,rel32-call/jmp,1,ret+int3,
0x00784AC0,1,rel32-call/jmp,1,ret+int3,
0x00784AD0,46,rel32-call/jmp,1,ret+int3,
0x00784B10,47,rel32-call/jmp,1,ret+int3,
0x00785050,1,rel32-call/jmp,1,ret+int3,
0x00785120,1,rel32-call/jmp,1,ret+int3,
0x00785130,1,rel32-call/jmp,1,ret+int3,
0x00785180,3,rel32-call/jmp,1,ret+int3,
0x00785D60,1,rel32-call/jmp,1,ret+int3,
0x00785F10,1,rel32-call/jmp,1,ret+int3,
0x00785F20,1,rel32-call/jmp,1,ret+int3,
0x007861E0,205,ghidra-start,0,ghidra-size,FUN_00b861e0
0x00786850,1,rel32-call/jmp,1,ret+int3,
0x00786860,1,rel32-call/jmp,1,ret+int3,
0x00786BC0,3,rel32-call/jmp,1,ret+int3,
0x007873B0,3,rel32-call/jmp,1,ret+int3,
0x007874B0,3,rel32-call/jmp,1,ret+int3,
0x007874C0,3,rel32-call/jmp,1,ret+int3,
0x00789E60,1176,rel32-call/jmp;ghidra-start,1,ghidra-size,FUN_00b89e60
0x0078A490,161,ghidra-start,0,ghidra-size,FUN_00b8a490
0x0078C7C0,4,rel32-call/jmp,1,ret+int3,
0x0078CD80,159,rel32-call/jmp;ghidra-start,1,ghidra-size,FUN_00b8cd80
0x0078D120,3,rel32-call/jmp,1,ret+int3,
0x0078DBA0,1993,rel32-call/jmp;ghidra-start,1,ghidra-size,FUN_00b8dba0
0x0078E570,404,rel32-call/jmp;ghidra-start,1,ghidra-size,FUN_00b8e570
0x0078FA20,3,rel32-call/jmp,1,ret+int3,
0x00790EA0,690,rel32-call/jmp;ghidra-start,1,ghidra-size,FUN_00b90ea0
0x00792350,1379,ghidra-start,0,ghidra-size,FUN_00b92350
0x00793620,865,rel32-call/jmp;ghidra-start,1,ghidra-size,FUN_00b93620
0x007986C0,1717,ghidra-start,0,ghidra-size,FUN_00b986c0
0x00799900,718,rel32-call/jmp;ghidra-start,1,ghidra-size,FUN_00b99900
0x0079D020,3,rel32-call/jmp,1,ret+int3,
0x0079E3B0,3,rel32-call/jmp,1,ret+int3,
0x0079E3C0,4,rel32-call/jmp,1,ret+int3,
0x0079E470,4,rel32-call/jmp,1,ret+int3,
0x0079E6E0,4,rel32-call/jmp,1,ret+int3,
0x0079E6F0,3,rel32-call/jmp,1,ret+int3,
0x0079F5C0,1,rel32-call/jmp,1,ret+int3,
0x0079FD90,3,rel32-call/jmp,1,ret+int3,
0x0079FDA0,1,rel32-call/jmp,1,ret+int3,
0x0079FDB0,13,rel32-call/jmp,1,ret+int3,
0x0079FDD0,6,rel32-call/jmp,1,ret+int3,
0x0079FDF0,6,rel32-call/jmp,1,ret+int3,
0x0079FE90,1,rel32-call/jmp,1,ret+int3,
0x007A0150,1,rel32-call/jmp,1,ret+int3,
0x007A0CB0,1,rel32-call/jmp,1,ret+int3,
0x007A4AB0,1,rel32-call/jmp,1,ret+int3,
0x007A6200,4,rel32-call/jmp,1,ret+int3,
0x007A6210,4,rel32-call/jmp,1,ret+int3,
0x007A6220,4,rel32-call/jmp,1,ret+int3,
0x007A6230,4,rel32-call/jmp,1,ret+int3,
0x007A6240,4,rel32-call/jmp,1,ret+int3,
0x007A6250,4,rel32-call/jmp,1,ret+int3,
0x007A6260,4,rel32-call/jmp,1,ret+int3,
0x007A7D70,1333,rel32-call/jmp;ghidra-start,1,ghidra-size,FUN_00ba7d70
0x007A8400,2440,rel32-call/jmp;ghidra-start,1,ghidra-size,FUN_00ba8400
0x007A8FF0,4943,rel32-call/jmp;ghidra-start,1,ghidra-size,FUN_00ba8ff0
0x007AAB70,3,rel32-call/jmp,1,ret+int3,
0x007AB170,1,rel32-call/jmp,1,ret+int3,
0x007AE2E0,4,rel32-call/jmp,1,ret+int3,
0x007AE2F0,4,rel32-call/jmp,1,ret+int3,
0x007AE3D0,4,rel32-call/jmp,1,ret+int3,
0x007AE410,4,rel32-call/jmp,1,ret+int3,
0x007AE740,4,rel32-call/jmp,1,ret+int3,
0x007AE750,4,rel32-call/jmp,1,ret+int3,
0x007AE760,4,rel32-call/jmp,1,ret+int3,
0x007AF070,3,rel32-call/jmp,1,ret+int3,
0x007AF080,1,rel32-call/jmp,1,ret+int3,
0x007AF0E0,1,rel32-call/jmp,1,ret+int3,
0x007AF1D0,1,rel32-call/jmp,1,ret+int3,
0x007AF1F0,1,rel32-call/jmp,1,ret+int3,
0x007AF2D0,4,rel32-call/jmp,1,ret+int3,
0x007AF4A0,4,rel32-call/jmp,1,ret+int3,
0x007AFC10,185,rel32-call/jmp;ghidra-start,1,ghidra-size,FUN_00bafc10
0x007B10F0,4,rel32-call/jmp,1,ret+int3,
0x007B1230,1,rel32-call/jmp,1,ret+int3,
0x007B23F0,4814,rel32-call/jmp;ghidra-start,1,ghidra-size,FUN_00bb23f0
0x007B4620,633,rel32-call/jmp;ghidra-start,1,ghidra-size,FUN_00bb4620
0x007B4940,715,rel32-call/jmp;ghidra-start,1,ghidra-size,FUN_00bb4940
0x007B4CD0,291,rel32-call/jmp;ghidra-start,1,ghidra-size,FUN_00bb4cd0
0x007B4FE0,4332,rel32-call/jmp;ghidra-start,1,ghidra-size,FUN_00bb4fe0
0x007B6520,1637,rel32-call/jmp;ghidra-start,1,ghidra-size,FUN_00bb6520
0x007B7C70,4,rel32-call/jmp,1,ret+int3,
0x007B7F40,4,rel32-call/jmp,1,ret+int3,
0x007B7F60,4,rel32-call/jmp,1,ret+int3,
0x007B7F70,4,rel32-call/jmp,1,ret+int3,
0x007B80F0,4,rel32-call/jmp,1,ret+int3,
0x007B8120,4,rel32-call/jmp,1,ret+int3,
0x007B8130,4,rel32-call/jmp,1,ret+int3,
0x007B96A0,3,rel32-call/jmp,1,ret+int3,
0x007B96E0,52,rel32-call/jmp;ghidra-start,1,ghidra-size,FUN_00bb96e0
0x007B9BB0,4,rel32-call/jmp,1,ret+int3,
0x007BB060,929,rel32-call/jmp,1,ret+int3,
0x007BCF50,280,rel32-call/jmp;ghidra-start,1,ghidra-size,FUN_00bbcf50
0x007BD430,1127,rel32-call/jmp;ghidra-start,1,ghidra-size,FUN_00bbd430
0x007BFB90,1927,rel32-call/jmp;ghidra-start,1,ghidra-size,FUN_00bbfb90
0x007C0520,4,rel32-call/jmp,1,ret+int3,
0x007C0530,4,rel32-call/jmp,1,ret+int3,
0x007C05E0,1726,rel32-call/jmp;ghidra-start,1,ghidra-size,FUN_00bc05e0
0x007C0E70,23,rel32-call/jmp,1,ret+int3,
0x007C2E50,158,rel32-call/jmp;ghidra-start,1,ghidra-size,FUN_00bc2e50
0x007C5570,4,rel32-call/jmp,1,ret+int3,
0x007C5580,4,rel32-call/jmp,1,ret+int3,
0x007C5590,4,rel32-call/jmp,1,ret+int3,
0x007C55A0,4,rel32-call/jmp,1,ret+int3,
0x007D0B90,3,rel32-call/jmp,1,ret+int3,
0x007D0C70,3,rel32-call/jmp,1,ret+int3,
0x007D1EF0,3,rel32-call/jmp,1,ret+int3,
0x007D2300,3,rel32-call/jmp,1,ret+int3,
0x007D2350,13,rel32-call/jmp,1,ret+int3,
0x007D24A0,1749,rel32-call/jmp,1,ret+int3,
0x007D36F0,3,rel32-call/jmp,1,ret+int3,
0x007D4E70,3,rel32-call/jmp,1,ret+int3,
0x007D4FE0,3,rel32-call/jmp,1,ret+int3,
0x007D4FF0,1,rel32-call/jmp,1,ret+int3,
0x007D5000,1,rel32-call/jmp,1,ret+int3,
0x007D65E0,790,rel32-call/jmp,1,ret+int3,
0x007D75C0,3,rel32-call/jmp,1,ret+int3,
0x007D8750,1,rel32-call/jmp,1,ret+int3,
0x007D87B0,3,rel32-call/jmp,1,ret+int3,
0x007D9930,3,rel32-call/jmp,1,ret+int3,
0x007DB9B0,3,rel32-call/jmp,1,ret+int3,
0x007DCCE0,419,rel32-call/jmp;ghidra-start,1,ghidra-size,FUN_00bdcce0
0x007E2DE0,4,rel32-call/jmp,1,ret+int3,
0x007E2DF0,4,rel32-call/jmp,1,ret+int3,
0x007E3140,4,rel32-call/jmp,1,ret+int3,
0x007E3150,3,rel32-call/jmp,1,ret+int3,
0x007E34C0,218,rel32-call/jmp;ghidra-start,1,ghidra-size,FUN_00be34c0
0x007E39F0,4,rel32-call/jmp,1,ret+int3,
0x007E3A00,4,rel32-call/jmp,1,ret+int3,
0x007E3B30,3,rel32-call/jmp,1,ret+int3,
0x007E3C00,4,rel32-call/jmp,1,ret+int3,
0x007E4740,4,rel32-call/jmp,1,ret+int3,
0x007E4750,4,rel32-call/jmp,1,ret+int3,
0x007E4760,3,rel32-call/jmp,1,ret+int3,
0x007E4770,4,rel32-call/jmp,1,ret+int3,
0x007E4780,4,rel32-call/jmp,1,ret+int3,
0x007E55F0,439,rel32-call/jmp,1,ret+int3,
0x007E5860,78,rel32-call/jmp;ghidra-start,1,ghidra-size,FUN_00be5860
0x007E5910,4,rel32-call/jmp,1,ret+int3,
0x007E7840,4,rel32-call/jmp,1,ret+int3,
0x007E8540,34,rel32-call/jmp,1,ret+int3,
0x007E8D30,314,ghidra-start,0,ghidra-size,FUN_00be8d30
0x007EA690,4,ghidra-start,0,ghidra-size,FUN_00bea690
0x007EA6A0,4,ghidra-start,0,ghidra-size,FUN_00bea6a0
0x007F1220,458,ghidra-start,0,ghidra-size,FUN_00bf1220
0x007F14B0,556,ghidra-start,0,ghidra-size,FUN_00bf14b0
0x007F2FA0,315,ghidra-start,0,ghidra-size,FUN_00bf2fa0
0x007F3170,406,ghidra-start,0,ghidra-size,FUN_00bf3170
0x007F3C50,486,ghidra-start,0,ghidra-size,FUN_00bf3c50
0x007F91D0,474,ghidra-start,0,ghidra-size,FUN_00bf91d0
0x007F9B80,201,ghidra-start,0,ghidra-size,FUN_00bf9b80
0x007FAB30,338,ghidra-start,0,ghidra-size,FUN_00bfab30
0x007FB550,205,ghidra-start,0,ghidra-size,FUN_00bfb550
0x007FC290,281,ghidra-start,0,ghidra-size,FUN_00bfc290
0x007FC550,696,ghidra-start,0,ghidra-size,FUN_00bfc550
0x007FC8F0,146,ghidra-start,0,ghidra-size,FUN_00bfc8f0
0x00800A40,222,ghidra-start,0,ghidra-size,FUN_00c00a40
0x00801740,152,ghidra-start,0,ghidra-size,FUN_00c01740
0x00808920,362,ghidra-start,0,ghidra-size,FUN_00c08920
0x00809010,56,ghidra-start,0,ghidra-size,FUN_00c09010
0x0080A280,314,ghidra-start,0,ghidra-size,FUN_00c0a280
0x00826920,807,ghidra-start,0,ghidra-size,FUN_00c26920
0x00835800,234,ghidra-start,0,ghidra-size,FUN_00c35800
0x008379C0,2702,ghidra-start,0,ghidra-size,FUN_00c379c0
0x00839850,2684,ghidra-start,0,ghidra-size,FUN_00c39850
0x0083C710,199,ghidra-start,0,ghidra-size,FUN_00c3c710
0x0083CBDA,1170,ghidra-start,0,ghidra-size,FUN_00c3cbda
0x0083D9AA,1098,ghidra-start,0,ghidra-size,FUN_00c3d9aa
0x0083E5C0,653,ghidra-start,0,ghidra-size,FUN_00c3e5c0
0x00848E60,235,ghidra-start,0,ghidra-size,FUN_00c48e60
0x0084D1A0,84,ghidra-start,0,ghidra-size,FUN_00c4d1a0
0x0084D3A0,977,ghidra-start,0,ghidra-size,FUN_00c4d3a0
0x0084DE40,433,ghidra-start,0,ghidra-size,FUN_00c4de40
0x0084E350,223,ghidra-start,0,ghidra-size,FUN_00c4e350
0x0084ED20,135,ghidra-start,0,ghidra-size,FUN_00c4ed20
0x00851910,164,ghidra-start,0,ghidra-size,FUN_00c51910
0x00860D10,285,ghidra-start,0,ghidra-size,FUN_00c60d10
0x00860E70,174,ghidra-start,0,ghidra-size,FUN_00c60e70
0x0086B2F0,104,ghidra-start,0,ghidra-size,FUN_00c6b2f0
0x00873A40,671,ghidra-start,0,ghidra-size,FUN_00c73a40
0x00874100,364,ghidra-start,0,ghidra-size,FUN_00c74100
0x00874BE0,473,ghidra-start,0,ghidra-size,FUN_00c74be0
0x00875400,163,ghidra-start,0,ghidra-size,FUN_00c75400
0x00875850,287,ghidra-start,0,ghidra-size,FUN_00c75850
0x00875A20,461,ghidra-start,0,ghidra-size,FUN_00c75a20
0x00875DD0,93,ghidra-start,0,ghidra-size,FUN_00c75dd0
0x00875E40,307,ghidra-start,0,ghidra-size,FUN_00c75e40
0x00875FD0,165,ghidra-start,0,ghidra-size,FUN_00c75fd0
0x008765A0,1524,ghidra-start,0,ghidra-size,FUN_00c765a0
0x00876BB0,467,ghidra-start,0,ghidra-size,FUN_00c76bb0
0x00876F70,376,ghidra-start,0,ghidra-size,FUN_00c76f70
0x00877210,103,ghidra-start,0,ghidra-size,FUN_00c77210
0x008782C0,605,ghidra-start,0,ghidra-size,FUN_00c782c0
0x00878B70,348,ghidra-start,0,ghidra-size,FUN_00c78b70
0x00879740,76,ghidra-start,0,ghidra-size,FUN_00c79740
0x00879900,154,ghidra-start,0,ghidra-size,FUN_00c79900
0x00879C80,137,ghidra-start,0,ghidra-size,FUN_00c79c80
0x0087A290,99,ghidra-start,0,ghidra-size,FUN_00c7a290
0x0087E190,466,ghidra-start,0,ghidra-size,FUN_00c7e190
0x0087FA50,308,ghidra-start,0,ghidra-size,FUN_00c7fa50
0x00882630,409,ghidra-start,0,ghidra-size,FUN_00c82630
0x008830B0,1,rel32-call/jmp,1,ret+int3,
0x00886020,1273,ghidra-start,0,ghidra-size,FUN_00c86020
0x008898F0,617,ghidra-start,0,ghidra-size,FUN_00c898f0
0x00889BF0,157,ghidra-start,0,ghidra-size,FUN_00c89bf0
0x0088A1F0,60,ghidra-start,0,ghidra-size,FUN_00c8a1f0
0x0088D9B0,625,ghidra-start,0,ghidra-size,FUN_00c8d9b0
0x0088EC50,2713,ghidra-start,0,ghidra-size,FUN_00c8ec50
0x008921B0,14,ghidra-start,0,ghidra-size,FUN_00c921b0
0x00892F00,203,ghidra-start,0,ghidra-size,FUN_00c92f00
0x00892FD0,68,ghidra-start,0,ghidra-size,FUN_00c92fd0
0x00894380,705,ghidra-start,0,ghidra-size,FUN_00c94380
0x00896710,868,ghidra-start,0,ghidra-size,FUN_00c96710
0x00898D80,460,ghidra-start,0,ghidra-size,FUN_00c98d80
0x0089C290,837,ghidra-start,0,ghidra-size,FUN_00c9c290
0x0089D180,822,ghidra-start,0,ghidra-size,FUN_00c9d180
0x0089D890,811,ghidra-start,0,ghidra-size,FUN_00c9d890
0x0089F420,266,ghidra-start,0,ghidra-size,FUN_00c9f420
0x0089F730,206,ghidra-start,0,ghidra-size,FUN_00c9f730
0x0089FF80,316,ghidra-start,0,ghidra-size,FUN_00c9ff80
0x008A1460,385,ghidra-start,0,ghidra-size,FUN_00ca1460
0x008A2130,1047,ghidra-start,0,ghidra-size,FUN_00ca2130
0x008AA130,360,ghidra-start,0,ghidra-size,FUN_00caa130
0x008AA2B0,350,ghidra-start,0,ghidra-size,FUN_00caa2b0
0x008AC190,563,ghidra-start,0,ghidra-size,FUN_00cac190
0x008B0EE0,6731,ghidra-start,0,ghidra-size,FUN_00cb0ee0
0x008B2F50,2324,ghidra-start,0,ghidra-size,FUN_00cb2f50
0x008B8E70,261,ghidra-start,0,ghidra-size,FUN_00cb8e70
0x008BB720,1666,ghidra-start,0,ghidra-size,FUN_00cbb720
0x008BBDB0,729,ghidra-start,0,ghidra-size,FUN_00cbbdb0
0x008BC710,1412,ghidra-start,0,ghidra-size,FUN_00cbc710
0x008BD5B0,94,ghidra-start,0,ghidra-size,FUN_00cbd5b0
0x008BDBB0,266,ghidra-start,0,ghidra-size,FUN_00cbdbb0
0x008BDE60,1114,ghidra-start,0,ghidra-size,FUN_00cbde60
0x008C4A30,867,ghidra-start,0,ghidra-size,FUN_00cc4a30
0x008C6E20,183,ghidra-start,0,ghidra-size,FUN_00cc6e20
0x008C6EE0,183,ghidra-start,0,ghidra-size,FUN_00cc6ee0
0x008C6FA0,183,ghidra-start,0,ghidra-size,FUN_00cc6fa0
0x008CEE40,488,ghidra-start,0,ghidra-size,FUN_00ccee40
0x008D0080,2563,ghidra-start,0,ghidra-size,FUN_00cd0080
0x008D1EE0,34,ghidra-start,0,ghidra-size,FUN_00cd1ee0
0x008D1FB0,189,ghidra-start,0,ghidra-size,FUN_00cd1fb0
0x008D2130,387,ghidra-start,0,ghidra-size,FUN_00cd2130
0x008D22C0,1347,ghidra-start,0,ghidra-size,FUN_00cd22c0
0x008D32B0,265,ghidra-start,0,ghidra-size,FUN_00cd32b0
0x008F78B0,206,ghidra-start,0,ghidra-size,FUN_00cf78b0
0x008FBD00,1245,ghidra-start,0,ghidra-size,FUN_00cfbd00
0x008FD1F0,5,ghidra-start,0,ghidra-size,thunk_FUN_00d06990
0x009013A0,750,ghidra-start,0,ghidra-size,FUN_00d013a0
0x009016A0,1098,ghidra-start,0,ghidra-size,FUN_00d016a0
0x00908680,1944,ghidra-start,0,ghidra-size,FUN_00d08680
0x0090F760,332,ghidra-start,0,ghidra-size,FUN_00d0f760
0x0090FEE0,3606,ghidra-start,0,ghidra-size,FUN_00d0fee0
0x00912CF0,358,ghidra-start,0,ghidra-size,FUN_00d12cf0
0x00913AF0,3431,ghidra-start,0,ghidra-size,FUN_00d13af0
0x009148C0,9159,ghidra-start,0,ghidra-size,FUN_00d148c0
0x00917280,1672,ghidra-start,0,ghidra-size,FUN_00d17280
0x0091B5E0,92,ghidra-start,0,ghidra-size,FUN_00d1b5e0
0x0091B750,117,ghidra-start,0,ghidra-size,FUN_00d1b750
0x00922240,1074,ghidra-start,0,ghidra-size,FUN_00d22240
0x00925380,553,ghidra-start,0,ghidra-size,FUN_00d25380
0x00925D10,1623,ghidra-start,0,ghidra-size,FUN_00d25d10
0x00928820,1719,ghidra-start,0,ghidra-size,FUN_00d28820
0x009306E0,1051,ghidra-start,0,ghidra-size,FUN_00d306e0
0x00937900,951,ghidra-start,0,ghidra-size,FUN_00d37900
0x009390B0,159,ghidra-start,0,ghidra-size,FUN_00d390b0
0x009391B0,448,ghidra-start,0,ghidra-size,FUN_00d391b0
0x00939370,178,ghidra-start,0,ghidra-size,FUN_00d39370
0x00939FC0,2114,ghidra-start,0,ghidra-size,FUN_00d39fc0
0x00940D40,1347,ghidra-start,0,ghidra-size,FUN_00d40d40
0x00941530,216,ghidra-start,0,ghidra-size,FUN_00d41530
0x00941610,219,ghidra-start,0,ghidra-size,FUN_00d41610
0x00941700,547,ghidra-start,0,ghidra-size,FUN_00d41700
0x00941C60,1990,ghidra-start,0,ghidra-size,FUN_00d41c60
0x009485C0,590,ghidra-start,0,ghidra-size,FUN_00d485c0
0x00948BD0,4389,ghidra-start,0,ghidra-size,FUN_00d48bd0
0x0094A320,1353,ghidra-start,0,ghidra-size,FUN_00d4a320
0x0094B8A0,657,ghidra-start,0,ghidra-size,FUN_00d4b8a0
0x00955CF0,998,ghidra-start,0,ghidra-size,FUN_00d55cf0
0x0095CE80,12206,ghidra-start,0,ghidra-size,FUN_00d5ce80
0x0096F5B0,1442,ghidra-start,0,ghidra-size,FUN_00d6f5b0
0x00975100,9814,ghidra-start,0,ghidra-size,FUN_00d75100
0x009794F0,195,ghidra-start,0,ghidra-size,FUN_00d794f0
0x0097A8E0,726,ghidra-start,0,ghidra-size,FUN_00d7a8e0
0x00990CA0,278,ghidra-start,0,ghidra-size,FUN_00d90ca0
0x009A18E0,33,rel32-call/jmp;ghidra-start,1,ghidra-size,FUN_00da18e0
0x009A2A50,56,ghidra-start,0,ghidra-size,FUN_00da2a50
0x009A2B80,56,ghidra-start,0,ghidra-size,FUN_00da2b80
0x009A4740,744,ghidra-start,0,ghidra-size,FUN_00da4740
0x009A7950,119,ghidra-start,0,ghidra-size,FUN_00da7950
0x009A7F60,115,ghidra-start,0,ghidra-size,FUN_00da7f60
0x009AA4F0,600,ghidra-start,0,ghidra-size,FUN_00daa4f0
0x009AB530,550,ghidra-start,0,ghidra-size,FUN_00dab530
0x009AB7F0,324,ghidra-start,0,ghidra-size,FUN_00dab7f0
0x009AB9D0,1503,ghidra-start,0,ghidra-size,FUN_00dab9d0
0x009AD750,841,ghidra-start,0,ghidra-size,FUN_00dad750
0x009B2190,904,ghidra-start,0,ghidra-size,FUN_00db2190
0x009B2530,1299,ghidra-start,0,ghidra-size,FUN_00db2530
0x009B4390,607,ghidra-start,0,ghidra-size,FUN_00db4390
0x009B4A10,1649,ghidra-start,0,ghidra-size,FUN_00db4a10
0x009B5420,265,ghidra-start,0,ghidra-size,FUN_00db5420
0x009C8660,24,rel32-call/jmp;ghidra-start,1,ghidra-size,FUN_00dc8660
0x009CC710,829,ghidra-start,0,ghidra-size,FUN_00dcc710
0x009CDB90,456,ghidra-start,0,ghidra-size,FUN_00dcdb90
0x009D9990,78,ghidra-start,0,ghidra-size,FUN_00dd9990
0x009EC5B0,431,ghidra-start,0,ghidra-size,FUN_00dec5b0
0x009EC770,431,ghidra-start,0,ghidra-size,FUN_00dec770
0x009EEC60,185,ghidra-start,0,ghidra-size,FUN_00deec60
0x009EF280,868,ghidra-start,0,ghidra-size,FUN_00def280
0x009EFF50,3177,ghidra-start,0,ghidra-size,FUN_00deff50
0x009F0FA0,908,ghidra-start,0,ghidra-size,FUN_00df0fa0
0x009F1AE0,1459,ghidra-start,0,ghidra-size,FUN_00df1ae0
0x009F2140,631,ghidra-start,0,ghidra-size,FUN_00df2140
0x009F2AB0,34,ghidra-start,0,ghidra-size,FUN_00df2ab0
0x009F4FB0,129,ghidra-start,0,ghidra-size,FUN_00df4fb0
0x009F59D0,305,ghidra-start,0,ghidra-size,FUN_00df59d0
0x009F74F4,14,ghidra-start,0,ghidra-size,__security_check_cookie
0x009F7502,3,ghidra-start,0,ghidra-size,FUN_00df7502
0x00A9B6F5,145,ghidra-start,0,ghidra-size,FUN_00e9b6f5
0x00A9FEC2,145,ghidra-start,0,ghidra-size,FUN_00e9fec2
0x00BF2738,11,ghidra-start,0,ghidra-size,Unwind@00ff2738
0x00BF4EB5,14,ghidra-start,0,ghidra-size,Unwind@00ff4eb5
0x00BF4EC3,17,ghidra-start,0,ghidra-size,Unwind@00ff4ec3
0x00BF4ED4,27,ghidra-start,0,ghidra-size,Unwind@00ff4ed4
0x00BF4EEF,17,ghidra-start,0,ghidra-size,Unwind@00ff4eef
0x00BF4F00,17,ghidra-start,0,ghidra-size,Unwind@00ff4f00
0x00BF4F11,27,ghidra-start,0,ghidra-size,Unwind@00ff4f11
0x00BF4F2C,27,ghidra-start,0,ghidra-size,Unwind@00ff4f2c
0x00BF4F47,27,ghidra-start,0,ghidra-size,Unwind@00ff4f47
0x00BF4F62,27,ghidra-start,0,ghidra-size,Unwind@00ff4f62
0x00BFAB57,11,ghidra-start,0,ghidra-size,Unwind@00ffab57
0x00BFBF43,11,ghidra-start,0,ghidra-size,Unwind@00ffbf43
0x00C06B40,11,ghidra-start,0,ghidra-size,Unwind@01006b40
0x00C07A18,39,ghidra-start,0,ghidra-size,Unwind@01007a18
0x00C08598,39,ghidra-start,0,ghidra-size,Unwind@01008598
0x00C097A8,39,ghidra-start,0,ghidra-size,Unwind@010097a8
0x00C1BED8,39,ghidra-start,0,ghidra-size,Unwind@0101bed8
0x00C1CA48,39,ghidra-start,0,ghidra-size,Unwind@0101ca48
0x00C1ED78,39,ghidra-start,0,ghidra-size,Unwind@0101ed78
0x00C1F7B8,39,ghidra-start,0,ghidra-size,Unwind@0101f7b8
0x00C1FB50,11,ghidra-start,0,ghidra-size,Unwind@0101fb50
0x00C209F8,39,ghidra-start,0,ghidra-size,Unwind@010209f8
0x00C20FF8,39,ghidra-start,0,ghidra-size,Unwind@01020ff8
0x00C21DA8,39,ghidra-start,0,ghidra-size,Unwind@01021da8
0x00C22360,11,ghidra-start,0,ghidra-size,Unwind@01022360
0x00C23208,39,ghidra-start,0,ghidra-size,Unwind@01023208
0x00C2C60E,11,ghidra-start,0,ghidra-size,Unwind@0102c60e
0x00C2C9B7,11,ghidra-start,0,ghidra-size,Unwind@0102c9b7
0x00C2CAA7,11,ghidra-start,0,ghidra-size,Unwind@0102caa7
0x00C2F5C8,41,ghidra-start,0,ghidra-size,Unwind@0102f5c8
0x00C31308,39,ghidra-start,0,ghidra-size,Unwind@01031308
0x00C35D18,41,ghidra-start,0,ghidra-size,Unwind@01035d18
0x00C37BB8,39,ghidra-start,0,ghidra-size,Unwind@01037bb8
0x00C39F58,39,ghidra-start,0,ghidra-size,Unwind@01039f58
0x00C3E998,39,ghidra-start,0,ghidra-size,Unwind@0103e998
0x00C46628,11,ghidra-start,0,ghidra-size,Unwind@01046628
0x00C49216,14,ghidra-start,0,ghidra-size,Unwind@01049216
0x00C4A268,41,ghidra-start,0,ghidra-size,Unwind@0104a268
0x00C4C5F8,11,ghidra-start,0,ghidra-size,Unwind@0104c5f8
0x00C4C603,11,ghidra-start,0,ghidra-size,Unwind@0104c603
0x00C4C878,41,ghidra-start,0,ghidra-size,Unwind@0104c878
0x00C4D0F0,8,ghidra-start,0,ghidra-size,Unwind@0104d0f0
0x00C4DC38,41,ghidra-start,0,ghidra-size,Unwind@0104dc38
0x00C4DC61,41,ghidra-start,0,ghidra-size,Unwind@0104dc61
0x00C51008,11,ghidra-start,0,ghidra-size,Unwind@01051008
0x00C521F8,39,ghidra-start,0,ghidra-size,Unwind@010521f8
0x00C52AB0,11,ghidra-start,0,ghidra-size,Unwind@01052ab0
0x00C56700,11,ghidra-start,0,ghidra-size,Unwind@01056700
0x00C5AA80,11,ghidra-start,0,ghidra-size,Unwind@0105aa80
0x00C5AAE0,11,ghidra-start,0,ghidra-size,Unwind@0105aae0
0x00C5B340,11,ghidra-start,0,ghidra-size,Unwind@0105b340
0x00C5BCA0,11,ghidra-start,0,ghidra-size,Unwind@0105bca0
0x00C5BD00,11,ghidra-start,0,ghidra-size,Unwind@0105bd00
0x00C5C6A8,11,ghidra-start,0,ghidra-size,Unwind@0105c6a8
0x00C5C8D8,11,ghidra-start,0,ghidra-size,Unwind@0105c8d8
0x00C5CD56,11,ghidra-start,0,ghidra-size,Unwind@0105cd56
0x00C5CDA0,11,ghidra-start,0,ghidra-size,Unwind@0105cda0
0x00C5D3B0,11,ghidra-start,0,ghidra-size,Unwind@0105d3b0
0x00C5D7F0,11,ghidra-start,0,ghidra-size,Unwind@0105d7f0
0x00C5DA78,11,ghidra-start,0,ghidra-size,Unwind@0105da78
0x00C5E830,11,ghidra-start,0,ghidra-size,Unwind@0105e830
0x00C5F670,11,ghidra-start,0,ghidra-size,Unwind@0105f670
0x00C5F6D0,11,ghidra-start,0,ghidra-size,Unwind@0105f6d0
0x00C5F836,11,ghidra-start,0,ghidra-size,Unwind@0105f836
0x00C5F850,11,ghidra-start,0,ghidra-size,Unwind@0105f850
0x00C5FD7E,11,ghidra-start,0,ghidra-size,Unwind@0105fd7e
0x00C5FD89,11,ghidra-start,0,ghidra-size,Unwind@0105fd89
0x00C5FD94,11,ghidra-start,0,ghidra-size,Unwind@0105fd94
0x00C5FD9F,8,ghidra-start,0,ghidra-size,Unwind@0105fd9f
0x00C5FDA7,11,ghidra-start,0,ghidra-size,Unwind@0105fda7
0x00C5FDB2,8,ghidra-start,0,ghidra-size,Unwind@0105fdb2
0x00C5FDBA,11,ghidra-start,0,ghidra-size,Unwind@0105fdba
0x00C5FDC5,8,ghidra-start,0,ghidra-size,Unwind@0105fdc5
0x00C5FDCD,11,ghidra-start,0,ghidra-size,Unwind@0105fdcd
0x00C5FDD8,8,ghidra-start,0,ghidra-size,Unwind@0105fdd8
0x00C5FDE0,11,ghidra-start,0,ghidra-size,Unwind@0105fde0
0x00C5FDEB,8,ghidra-start,0,ghidra-size,Unwind@0105fdeb
0x00C5FDF3,11,ghidra-start,0,ghidra-size,Unwind@0105fdf3
0x00C5FDFE,8,ghidra-start,0,ghidra-size,Unwind@0105fdfe
0x00C5FE06,11,ghidra-start,0,ghidra-size,Unwind@0105fe06
0x00C5FE11,8,ghidra-start,0,ghidra-size,Unwind@0105fe11
0x00C5FE19,11,ghidra-start,0,ghidra-size,Unwind@0105fe19
0x00C5FE24,11,ghidra-start,0,ghidra-size,Unwind@0105fe24
0x00C5FE2F,8,ghidra-start,0,ghidra-size,Unwind@0105fe2f
0x00C5FE37,11,ghidra-start,0,ghidra-size,Unwind@0105fe37
0x00C5FE42,8,ghidra-start,0,ghidra-size,Unwind@0105fe42
0x00C5FE4A,11,ghidra-start,0,ghidra-size,Unwind@0105fe4a
0x00C5FE55,8,ghidra-start,0,ghidra-size,Unwind@0105fe55
0x00C5FE5D,11,ghidra-start,0,ghidra-size,Unwind@0105fe5d
0x00C5FE68,8,ghidra-start,0,ghidra-size,Unwind@0105fe68
0x00C5FE70,11,ghidra-start,0,ghidra-size,Unwind@0105fe70
0x00C5FE7B,8,ghidra-start,0,ghidra-size,Unwind@0105fe7b
0x00C5FE83,11,ghidra-start,0,ghidra-size,Unwind@0105fe83
0x00C5FE8E,8,ghidra-start,0,ghidra-size,Unwind@0105fe8e
0x00C5FE96,11,ghidra-start,0,ghidra-size,Unwind@0105fe96
0x00C5FEA1,8,ghidra-start,0,ghidra-size,Unwind@0105fea1
0x00C5FEA9,11,ghidra-start,0,ghidra-size,Unwind@0105fea9
0x00C5FEB4,8,ghidra-start,0,ghidra-size,Unwind@0105feb4
