table_rva,ini_key,bfme_offset,upstream_class,upstream_member,votes,margin,notes
0x00c753d0,Position,0x0,,,1,0,ambiguous: ControlBarSchemeImage::m_position|ShellMenuSchemeImage::m_position
0x00c753d0,Angle,0xc,BuildListInfo,m_angle,1,0,sole candidate; table vote decided nothing
0x00c753d0,Time,0x18,,,1,0,no upstream key
0x00c753d0,EaseIn,0x10,,,1,0,no upstream key
0x00c753d0,EaseOut,0x14,,,1,0,no upstream key
0x00c757c0,AmountForMajorFX,0x0,,,0,0,no upstream key
0x00c757c0,MajorFX,0x0,,,0,0,no upstream key
0x00c757c0,MinorFX,0x0,,,0,0,no upstream key
0x00c757c0,ThrottleTime,0x0,,,0,0,no upstream key
0x00c757c0,VeterancyAmountForMajorFX,0x0,,,0,0,no upstream key
0x00c757c0,VeterancyMajorFX,0x0,,,0,0,no upstream key
0x00c757c0,VeterancyMinorFX,0x0,,,0,0,no upstream key
0x00c757c0,VeterancyThrottleTime,0x0,,,0,0,no upstream key
0x00c76760,MaxParticleCount,0x0,StaticGameLODInfo,m_maxParticleCount,12,6,vote picked from GlobalData::m_maxParticleCount
0x00c76760,UseShadowVolumes,0x4,StaticGameLODInfo,m_useShadowVolumes,12,6,vote picked from GlobalData::m_useShadowVolumes
0x00c76760,UseShadowDecals,0x5,StaticGameLODInfo,m_useShadowDecals,12,6,vote picked from GlobalData::m_useShadowDecals
0x00c76760,UseAnisotropic,0x6,,,12,6,no upstream key
0x00c76760,UsePixelShaders,0x7,,,12,6,no upstream key
0x00c76760,UseLightMap,0x8,StaticGameLODInfo,m_useLightMap,12,6,vote picked from GlobalData::m_useLightMap
0x00c76760,ShowSoftWaterEdge,0x9,StaticGameLODInfo,m_showSoftWaterEdge,12,6,vote picked from GlobalData::m_showSoftWaterEdge
0x00c76760,MaxTankTrackEdges,0xc,StaticGameLODInfo,m_maxTankTrackEdges,12,6,
0x00c76760,MaxTankTrackOpaqueEdges,0x10,StaticGameLODInfo,m_maxTankTrackOpaqueEdges,12,6,
0x00c76760,MaxTankTrackFadeDelay,0x14,StaticGameLODInfo,m_maxTankTrackFadeDelay,12,6,
0x00c76760,UseBuildupScaffolds,0x18,StaticGameLODInfo,m_useBuildupScaffolds,12,6,
0x00c76760,UseTreeSway,0x19,StaticGameLODInfo,m_useTreeSway,12,6,
0x00c76760,GrassDrawSkip,0x1a,,,12,6,no upstream key
0x00c76760,ShowProps,0x22,,,12,6,no upstream key
0x00c76760,TextureReductionFactor,0x1c,StaticGameLODInfo,m_textureReduction,12,6,vote picked from GlobalData::m_textureReductionFactor
0x00c76760,UseHighQualityVideo,0x23,,,12,6,no upstream key
0x00c76760,AnimationDetail,0x24,,,12,6,no upstream key
0x00c76760,MinParticlePriority,0x28,DynamicGameLODInfo,m_minDynamicParticlePriority,12,6,sole candidate; table votes StaticGameLODInfo
0x00c76760,MinParticleSkipPriority,0x2c,DynamicGameLODInfo,m_minDynamicParticleSkipPriority,12,6,sole candidate; table votes StaticGameLODInfo
0x00c76760,MinimumFPS,0x0,StaticGameLODInfo,m_minFPS,12,6,vote picked from DynamicGameLODInfo::m_minFPS
0x00c76760,ParticleSkipMask,0x4,DynamicGameLODInfo,m_dynamicParticleSkipMask,12,6,sole candidate; table votes StaticGameLODInfo
0x00c76760,DebrisSkipMask,0x8,DynamicGameLODInfo,m_dynamicDebrisSkipMask,12,6,sole candidate; table votes StaticGameLODInfo
0x00c76760,SlowDeathScale,0xc,DynamicGameLODInfo,m_slowDeathScale,12,6,sole candidate; table votes StaticGameLODInfo
0x00c76760,MaximumAmbientStreams,0x0,,,12,6,no upstream key
0x00c76760,AllowDolby,0x4,,,12,6,no upstream key
0x00c76760,AllowReverb,0x5,,,12,6,no upstream key
0x00c77018,Windowed,0x29,GlobalData,m_windowed,321,314,
0x00c77018,XResolution,0x2c,GlobalData,m_xResolution,321,314,
0x00c77018,YResolution,0x30,GlobalData,m_yResolution,321,314,
0x00c77018,MapName,0x8,GlobalData,m_mapName,321,314,
0x00c77018,MoveHintName,0xc,GlobalData,m_moveHintName,321,314,
0x00c77018,GenericDamageFieldName,0x10,,,321,314,no upstream key
0x00c77018,GenericDamageWarningName,0x14,,,321,314,no upstream key
0x00c77018,ShowProps,0x18,,,321,314,no upstream key
0x00c77018,UseFPSLimit,0x1e,GlobalData,m_useFpsLimit,321,314,
0x00c77018,PushAsideShrubs,0x19,,,321,314,no upstream key
0x00c77018,UseHighQualityVideo,0x1f,,,321,314,no upstream key
0x00c77018,DumpAssetUsage,0x20,GlobalData,m_dumpAssetUsage,321,314,
0x00c77018,FramesPerSecondLimit,0x24,GlobalData,m_framesPerSecondLimit,321,314,
0x00c77018,DisablePixelShader,0x28,,,321,314,no upstream key
0x00c77018,MaxShellScreens,0x34,GlobalData,m_maxShellScreens,321,314,
0x00c77018,UseCloudMap,0x38,GlobalData,m_useCloudMap,321,314,vote picked from StaticGameLODInfo::m_useCloudMap
0x00c77018,ShowWater,0x39,,,321,314,no upstream key
0x00c77018,ShowRoads,0x3a,,,321,314,no upstream key
0x00c77018,ShowTrees,0x3b,,,321,314,no upstream key
0x00c77018,UseLightMap,0x44,GlobalData,m_useLightMap,321,314,vote picked from StaticGameLODInfo::m_useLightMap
0x00c77018,BilinearTerrainTex,0x45,GlobalData,m_bilinearTerrainTex,321,314,
0x00c77018,TrilinearTerrainTex,0x46,GlobalData,m_trilinearTerrainTex,321,314,
0x00c77018,AnisotropicTerrainTex,0x47,,,321,314,no upstream key
0x00c77018,MultiPassTerrain,0x4c,GlobalData,m_multiPassTerrain,321,314,
0x00c77018,AdjustCliffTextures,0x4d,GlobalData,m_adjustCliffTextures,321,314,
0x00c77018,Use3WayTerrainBlends,0x40,GlobalData,m_use3WayTerrainBlends,321,314,
0x00c77018,StretchTerrain,0x4e,GlobalData,m_stretchTerrain,321,314,
0x00c77018,UseHalfHeightMap,0x4f,GlobalData,m_useHalfHeightMap,321,314,
0x00c77018,UserDataLeafName,0x1288,GlobalData,m_userDataLeafName,321,314,
0x00c77018,UseReverseMouseScroll,0x3c,,,321,314,no upstream key
0x00c77018,LiveCampaignMode,0x8e,,,321,314,no upstream key
0x00c77018,HideLivingWorldRegions,0x8f,,,321,314,no upstream key
0x00c77018,LivingWorldCampaignOverrride,0x94,,,321,314,no upstream key
0x00c77018,LivingWorldTurbo,0x90,,,321,314,no upstream key
0x00c77018,DrawEntireTerrain,0x50,GlobalData,m_drawEntireTerrain,321,314,
0x00c77018,TerrainLOD,0x54,GlobalData,m_terrainLOD,321,314,
0x00c77018,TerrainLODTargetTimeMS,0x5c,GlobalData,m_terrainLODTargetTimeMS,321,314,
0x00c77018,RightMouseAlwaysScrolls,0x61,GlobalData,m_rightMouseAlwaysScrolls,321,314,
0x00c77018,UseWaterPlane,0x62,GlobalData,m_useWaterPlane,321,314,
0x00c77018,UseCloudPlane,0x63,GlobalData,m_useCloudPlane,321,314,
0x00c77018,DownwindAngle,0x17c,GlobalData,m_downwindAngle,321,314,
0x00c77018,UseShadowVolumes,0x64,GlobalData,m_useShadowVolumes,321,314,vote picked from StaticGameLODInfo::m_useShadowVolumes
0x00c77018,UseShadowDecals,0x65,GlobalData,m_useShadowDecals,321,314,vote picked from StaticGameLODInfo::m_useShadowDecals
0x00c77018,ShowSelectedUnitMarker,0xa75,,,321,314,no upstream key
0x00c77018,UseSimpleHordeDecals,0xa76,,,321,314,no upstream key
0x00c77018,UseSimpleMergeDecals,0xa77,,,321,314,no upstream key
0x00c77018,OpacityOfSimpleMergeDecals,0xa78,,,321,314,no upstream key
0x00c77018,TextureReductionFactor,0x68,GlobalData,m_textureReductionFactor,321,314,vote picked from StaticGameLODInfo::m_textureReduction
0x00c77018,UseBehindBuildingMarker,0x70,GlobalData,m_enableBehindBuildingMarkers,321,314,
0x00c77018,WaterPositionX,0x74,GlobalData,m_waterPositionX,321,314,
0x00c77018,WaterPositionY,0x78,GlobalData,m_waterPositionY,321,314,
0x00c77018,WaterPositionZ,0x7c,GlobalData,m_waterPositionZ,321,314,
0x00c77018,WaterExtentX,0x80,GlobalData,m_waterExtentX,321,314,
0x00c77018,WaterExtentY,0x84,GlobalData,m_waterExtentY,321,314,
0x00c77018,WaterType,0x88,GlobalData,m_waterType,321,314,
0x00c77018,FeatherWater,0x98,GlobalData,m_featherWater,321,314,
0x00c77018,ShowSoftWaterEdge,0x8c,GlobalData,m_showSoftWaterEdge,321,314,vote picked from StaticGameLODInfo::m_showSoftWaterEdge
0x00c77018,VertexWaterAvailableMaps1,0x9c,GlobalData,m_vertexWaterAvailableMaps,321,314,
0x00c77018,VertexWaterHeightClampLow1,0xac,GlobalData,m_vertexWaterHeightClampLow,321,314,
0x00c77018,VertexWaterHeightClampHi1,0xbc,GlobalData,m_vertexWaterHeightClampHi,321,314,
0x00c77018,VertexWaterAngle1,0xcc,GlobalData,m_vertexWaterAngle,321,314,
0x00c77018,VertexWaterXPosition1,0xdc,GlobalData,m_vertexWaterXPosition,321,314,
0x00c77018,VertexWaterYPosition1,0xec,GlobalData,m_vertexWaterYPosition,321,314,
0x00c77018,VertexWaterZPosition1,0xfc,GlobalData,m_vertexWaterZPosition,321,314,
0x00c77018,VertexWaterXGridCells1,0x10c,GlobalData,m_vertexWaterXGridCells,321,314,
0x00c77018,VertexWaterYGridCells1,0x11c,GlobalData,m_vertexWaterYGridCells,321,314,
0x00c77018,VertexWaterGridSize1,0x12c,GlobalData,m_vertexWaterGridSize,321,314,
0x00c77018,VertexWaterAttenuationA1,0x13c,GlobalData,m_vertexWaterAttenuationA,321,314,
0x00c77018,VertexWaterAttenuationB1,0x14c,GlobalData,m_vertexWaterAttenuationB,321,314,
0x00c77018,VertexWaterAttenuationC1,0x15c,GlobalData,m_vertexWaterAttenuationC,321,314,
0x00c77018,VertexWaterAttenuationRange1,0x16c,GlobalData,m_vertexWaterAttenuationRange,321,314,
0x00c77018,VertexWaterAvailableMaps2,0xa0,GlobalData,m_vertexWaterAvailableMaps,321,314,
0x00c77018,VertexWaterHeightClampLow2,0xb0,GlobalData,m_vertexWaterHeightClampLow,321,314,
0x00c77018,VertexWaterHeightClampHi2,0xc0,GlobalData,m_vertexWaterHeightClampHi,321,314,
0x00c77018,VertexWaterAngle2,0xd0,GlobalData,m_vertexWaterAngle,321,314,
0x00c77018,VertexWaterXPosition2,0xe0,GlobalData,m_vertexWaterXPosition,321,314,
0x00c77018,VertexWaterYPosition2,0xf0,GlobalData,m_vertexWaterYPosition,321,314,
0x00c77018,VertexWaterZPosition2,0x100,GlobalData,m_vertexWaterZPosition,321,314,
0x00c77018,VertexWaterXGridCells2,0x110,GlobalData,m_vertexWaterXGridCells,321,314,
0x00c77018,VertexWaterYGridCells2,0x120,GlobalData,m_vertexWaterYGridCells,321,314,
0x00c77018,VertexWaterGridSize2,0x130,GlobalData,m_vertexWaterGridSize,321,314,
0x00c77018,VertexWaterAttenuationA2,0x140,GlobalData,m_vertexWaterAttenuationA,321,314,
0x00c77018,VertexWaterAttenuationB2,0x150,GlobalData,m_vertexWaterAttenuationB,321,314,
0x00c77018,VertexWaterAttenuationC2,0x160,GlobalData,m_vertexWaterAttenuationC,321,314,
0x00c77018,VertexWaterAttenuationRange2,0x170,GlobalData,m_vertexWaterAttenuationRange,321,314,
0x00c77018,VertexWaterAvailableMaps3,0xa4,GlobalData,m_vertexWaterAvailableMaps,321,314,
0x00c77018,VertexWaterHeightClampLow3,0xb4,GlobalData,m_vertexWaterHeightClampLow,321,314,
0x00c77018,VertexWaterHeightClampHi3,0xc4,GlobalData,m_vertexWaterHeightClampHi,321,314,
0x00c77018,VertexWaterAngle3,0xd4,GlobalData,m_vertexWaterAngle,321,314,
0x00c77018,VertexWaterXPosition3,0xe4,GlobalData,m_vertexWaterXPosition,321,314,
0x00c77018,VertexWaterYPosition3,0xf4,GlobalData,m_vertexWaterYPosition,321,314,
0x00c77018,VertexWaterZPosition3,0x104,GlobalData,m_vertexWaterZPosition,321,314,
0x00c77018,VertexWaterXGridCells3,0x114,GlobalData,m_vertexWaterXGridCells,321,314,
0x00c77018,VertexWaterYGridCells3,0x124,GlobalData,m_vertexWaterYGridCells,321,314,
0x00c77018,VertexWaterGridSize3,0x134,GlobalData,m_vertexWaterGridSize,321,314,
0x00c77018,VertexWaterAttenuationA3,0x144,GlobalData,m_vertexWaterAttenuationA,321,314,
0x00c77018,VertexWaterAttenuationB3,0x154,GlobalData,m_vertexWaterAttenuationB,321,314,
0x00c77018,VertexWaterAttenuationC3,0x164,GlobalData,m_vertexWaterAttenuationC,321,314,
0x00c77018,VertexWaterAttenuationRange3,0x174,GlobalData,m_vertexWaterAttenuationRange,321,314,
0x00c77018,VertexWaterAvailableMaps4,0xa8,GlobalData,m_vertexWaterAvailableMaps,321,314,
0x00c77018,VertexWaterHeightClampLow4,0xb8,GlobalData,m_vertexWaterHeightClampLow,321,314,
0x00c77018,VertexWaterHeightClampHi4,0xc8,GlobalData,m_vertexWaterHeightClampHi,321,314,
0x00c77018,VertexWaterAngle4,0xd8,GlobalData,m_vertexWaterAngle,321,314,
0x00c77018,VertexWaterXPosition4,0xe8,GlobalData,m_vertexWaterXPosition,321,314,
0x00c77018,VertexWaterYPosition4,0xf8,GlobalData,m_vertexWaterYPosition,321,314,
0x00c77018,VertexWaterZPosition4,0x108,GlobalData,m_vertexWaterZPosition,321,314,
0x00c77018,VertexWaterXGridCells4,0x118,GlobalData,m_vertexWaterXGridCells,321,314,
0x00c77018,VertexWaterYGridCells4,0x128,GlobalData,m_vertexWaterYGridCells,321,314,
0x00c77018,VertexWaterGridSize4,0x138,GlobalData,m_vertexWaterGridSize,321,314,
0x00c77018,VertexWaterAttenuationA4,0x148,GlobalData,m_vertexWaterAttenuationA,321,314,
0x00c77018,VertexWaterAttenuationB4,0x158,GlobalData,m_vertexWaterAttenuationB,321,314,
0x00c77018,VertexWaterAttenuationC4,0x168,GlobalData,m_vertexWaterAttenuationC,321,314,
0x00c77018,VertexWaterAttenuationRange4,0x178,GlobalData,m_vertexWaterAttenuationRange,321,314,
0x00c77018,DefaultUnitHealingBuffFxList,0xaa4,,,321,314,no upstream key
0x00c77018,DefaultStructureRepairBuffFxList,0xaa8,,,321,314,no upstream key
0x00c77018,TimeAfterDamageUntilRepairAllowed,0xb50,,,321,314,no upstream key
0x00c77018,DrawSkyBox,0x180,GlobalData,m_drawSkyBox,321,314,
0x00c77018,DefaultCameraMinHeight,0x184,,,321,314,no upstream key
0x00c77018,DefaultCameraMaxHeight,0x188,,,321,314,no upstream key
0x00c77018,DefaultCameraPitchAngle,0x18c,,,321,314,no upstream key
0x00c77018,DefaultCameraYawAngle,0x190,,,321,314,no upstream key
0x00c77018,DefaultCameraScrollSpeedScalar,0x194,,,321,314,no upstream key
0x00c77018,CameraLockHeightDelta,0xe58,,,321,314,no upstream key
0x00c77018,CameraEaseFactor,0xe64,,,321,314,no upstream key
0x00c77018,TerrainHeightAtEdgeOfMap,0x198,GlobalData,m_terrainHeightAtEdgeOfMap,321,314,
0x00c77018,UnitDamagedThreshold,0x19c,GlobalData,m_unitDamagedThresh,321,314,
0x00c77018,UnitReallyDamagedThreshold,0x1a0,GlobalData,m_unitReallyDamagedThresh,321,314,
0x00c77018,GroundStiffness,0x1a4,GlobalData,m_groundStiffness,321,314,
0x00c77018,StructureStiffness,0x1a8,GlobalData,m_structureStiffness,321,314,
0x00c77018,Gravity,0x1ac,GlobalData,m_gravity,321,314,vote picked from ParticleSystemTemplate::m_gravity
0x00c77018,StealthFriendlyOpacity,0x1b0,GlobalData,m_stealthFriendlyOpacity,321,314,
0x00c77018,DefaultOcclusionDelay,0x1b4,GlobalData,m_defaultOcclusionDelay,321,314,
0x00c77018,PartitionCellSize,0x1bc,GlobalData,m_partitionCellSize,321,314,
0x00c77018,AmmoPipScaleFactor,0x1e8,GlobalData,m_ammoPipScaleFactor,321,314,
0x00c77018,ContainerPipScaleFactor,0x1ec,GlobalData,m_containerPipScaleFactor,321,314,
0x00c77018,AmmoPipWorldOffset,0x1c0,GlobalData,m_ammoPipWorldOffset,321,314,
0x00c77018,ContainerPipWorldOffset,0x1cc,GlobalData,m_containerPipWorldOffset,321,314,
0x00c77018,AmmoPipScreenOffset,0x1d8,GlobalData,m_ammoPipScreenOffset,321,314,
0x00c77018,ContainerPipScreenOffset,0x1e0,GlobalData,m_containerPipScreenOffset,321,314,
0x00c77018,MaxTerrainTracks,0x1f0,GlobalData,m_maxTerrainTracks,321,314,
0x00c77018,TimeOfDay,0x218,GlobalData,m_timeOfDay,321,314,
0x00c77018,Weather,0x21c,GlobalData,m_weather,321,314,
0x00c77018,MakeTrackMarks,0x220,GlobalData,m_makeTrackMarks,321,314,
0x00c77018,HideGarrisonFlags,0x221,GlobalData,m_hideGarrisonFlags,321,314,
0x00c77018,ForceModelsToFollowTimeOfDay,0x222,GlobalData,m_forceModelsToFollowTimeOfDay,321,314,
0x00c77018,ForceModelsToFollowWeather,0x223,GlobalData,m_forceModelsToFollowWeather,321,314,
0x00c77018,LevelGainAnimationName,0x200,GlobalData,m_levelGainAnimationName,321,314,
0x00c77018,LevelGainAnimationTime,0x204,GlobalData,m_levelGainAnimationDisplayTimeInSeconds,321,314,
0x00c77018,LevelGainAnimationZRise,0x208,GlobalData,m_levelGainAnimationZRisePerSecond,321,314,
0x00c77018,GetHealedAnimationName,0x20c,GlobalData,m_getHealedAnimationName,321,314,
0x00c77018,GetHealedAnimationTime,0x210,GlobalData,m_getHealedAnimationDisplayTimeInSeconds,321,314,
0x00c77018,GetHealedAnimationZRise,0x214,GlobalData,m_getHealedAnimationZRisePerSecond,321,314,
0x00c77018,TerrainLightingMorningAmbient,0x290,GlobalData,m_terrainLighting,321,314,
0x00c77018,TerrainLightingMorningDiffuse,0x29c,GlobalData,m_terrainLighting,321,314,
0x00c77018,TerrainLightingMorningLightPos,0x2a8,GlobalData,m_terrainLighting,321,314,
0x00c77018,TerrainLightingAfternoonAmbient,0x2fc,GlobalData,m_terrainLighting,321,314,
0x00c77018,TerrainLightingAfternoonDiffuse,0x308,GlobalData,m_terrainLighting,321,314,
0x00c77018,TerrainLightingAfternoonLightPos,0x314,GlobalData,m_terrainLighting,321,314,
0x00c77018,TerrainLightingEveningAmbient,0x368,GlobalData,m_terrainLighting,321,314,
0x00c77018,TerrainLightingEveningDiffuse,0x374,GlobalData,m_terrainLighting,321,314,
0x00c77018,TerrainLightingEveningLightPos,0x380,GlobalData,m_terrainLighting,321,314,
0x00c77018,TerrainLightingNightAmbient,0x3d4,GlobalData,m_terrainLighting,321,314,
0x00c77018,TerrainLightingNightDiffuse,0x3e0,GlobalData,m_terrainLighting,321,314,
0x00c77018,TerrainLightingNightLightPos,0x3ec,GlobalData,m_terrainLighting,321,314,
0x00c77018,TerrainObjectsLightingMorningAmbient,0x518,GlobalData,m_terrainObjectsLighting,321,314,
0x00c77018,TerrainObjectsLightingMorningDiffuse,0x524,GlobalData,m_terrainObjectsLighting,321,314,
0x00c77018,TerrainObjectsLightingMorningLightPos,0x530,GlobalData,m_terrainObjectsLighting,321,314,
0x00c77018,TerrainObjectsLightingAfternoonAmbient,0x584,GlobalData,m_terrainObjectsLighting,321,314,
0x00c77018,TerrainObjectsLightingAfternoonDiffuse,0x590,GlobalData,m_terrainObjectsLighting,321,314,
0x00c77018,TerrainObjectsLightingAfternoonLightPos,0x59c,GlobalData,m_terrainObjectsLighting,321,314,
0x00c77018,TerrainObjectsLightingEveningAmbient,0x5f0,GlobalData,m_terrainObjectsLighting,321,314,
0x00c77018,TerrainObjectsLightingEveningDiffuse,0x5fc,GlobalData,m_terrainObjectsLighting,321,314,
0x00c77018,TerrainObjectsLightingEveningLightPos,0x608,GlobalData,m_terrainObjectsLighting,321,314,
0x00c77018,TerrainObjectsLightingNightAmbient,0x65c,GlobalData,m_terrainObjectsLighting,321,314,
0x00c77018,TerrainObjectsLightingNightDiffuse,0x668,GlobalData,m_terrainObjectsLighting,321,314,
0x00c77018,TerrainObjectsLightingNightLightPos,0x674,GlobalData,m_terrainObjectsLighting,321,314,
0x00c77018,TerrainLightingMorningAmbient2,0x2b4,GlobalData,m_terrainLighting,321,314,
0x00c77018,TerrainLightingMorningDiffuse2,0x2c0,GlobalData,m_terrainLighting,321,314,
0x00c77018,TerrainLightingMorningLightPos2,0x2cc,GlobalData,m_terrainLighting,321,314,
0x00c77018,TerrainLightingAfternoonAmbient2,0x320,GlobalData,m_terrainLighting,321,314,
0x00c77018,TerrainLightingAfternoonDiffuse2,0x32c,GlobalData,m_terrainLighting,321,314,
0x00c77018,TerrainLightingAfternoonLightPos2,0x338,GlobalData,m_terrainLighting,321,314,
0x00c77018,TerrainLightingEveningAmbient2,0x38c,GlobalData,m_terrainLighting,321,314,
0x00c77018,TerrainLightingEveningDiffuse2,0x398,GlobalData,m_terrainLighting,321,314,
0x00c77018,TerrainLightingEveningLightPos2,0x3a4,GlobalData,m_terrainLighting,321,314,
0x00c77018,TerrainLightingNightAmbient2,0x3f8,GlobalData,m_terrainLighting,321,314,
0x00c77018,TerrainLightingNightDiffuse2,0x404,GlobalData,m_terrainLighting,321,314,
0x00c77018,TerrainLightingNightLightPos2,0x410,GlobalData,m_terrainLighting,321,314,
0x00c77018,TerrainObjectsLightingMorningAmbient2,0x53c,GlobalData,m_terrainObjectsLighting,321,314,
0x00c77018,TerrainObjectsLightingMorningDiffuse2,0x548,GlobalData,m_terrainObjectsLighting,321,314,
0x00c77018,TerrainObjectsLightingMorningLightPos2,0x554,GlobalData,m_terrainObjectsLighting,321,314,
0x00c77018,TerrainObjectsLightingAfternoonAmbient2,0x5a8,GlobalData,m_terrainObjectsLighting,321,314,
0x00c77018,TerrainObjectsLightingAfternoonDiffuse2,0x5b4,GlobalData,m_terrainObjectsLighting,321,314,
0x00c77018,TerrainObjectsLightingAfternoonLightPos2,0x5c0,GlobalData,m_terrainObjectsLighting,321,314,
0x00c77018,TerrainObjectsLightingEveningAmbient2,0x614,GlobalData,m_terrainObjectsLighting,321,314,
0x00c77018,TerrainObjectsLightingEveningDiffuse2,0x620,GlobalData,m_terrainObjectsLighting,321,314,
0x00c77018,TerrainObjectsLightingEveningLightPos2,0x62c,GlobalData,m_terrainObjectsLighting,321,314,
0x00c77018,TerrainObjectsLightingNightAmbient2,0x680,GlobalData,m_terrainObjectsLighting,321,314,
0x00c77018,TerrainObjectsLightingNightDiffuse2,0x68c,GlobalData,m_terrainObjectsLighting,321,314,
0x00c77018,TerrainObjectsLightingNightLightPos2,0x698,GlobalData,m_terrainObjectsLighting,321,314,
0x00c77018,TerrainLightingMorningAmbient3,0x2d8,GlobalData,m_terrainLighting,321,314,
0x00c77018,TerrainLightingMorningDiffuse3,0x2e4,GlobalData,m_terrainLighting,321,314,
0x00c77018,TerrainLightingMorningLightPos3,0x2f0,GlobalData,m_terrainLighting,321,314,
0x00c77018,TerrainLightingAfternoonAmbient3,0x344,GlobalData,m_terrainLighting,321,314,
0x00c77018,TerrainLightingAfternoonDiffuse3,0x350,GlobalData,m_terrainLighting,321,314,
0x00c77018,TerrainLightingAfternoonLightPos3,0x35c,GlobalData,m_terrainLighting,321,314,
0x00c77018,TerrainLightingEveningAmbient3,0x3b0,GlobalData,m_terrainLighting,321,314,
0x00c77018,TerrainLightingEveningDiffuse3,0x3bc,GlobalData,m_terrainLighting,321,314,
0x00c77018,TerrainLightingEveningLightPos3,0x3c8,GlobalData,m_terrainLighting,321,314,
0x00c77018,TerrainLightingNightAmbient3,0x41c,GlobalData,m_terrainLighting,321,314,
0x00c77018,TerrainLightingNightDiffuse3,0x428,GlobalData,m_terrainLighting,321,314,
0x00c77018,TerrainLightingNightLightPos3,0x434,GlobalData,m_terrainLighting,321,314,
0x00c77018,TerrainObjectsLightingMorningAmbient3,0x560,GlobalData,m_terrainObjectsLighting,321,314,
0x00c77018,TerrainObjectsLightingMorningDiffuse3,0x56c,GlobalData,m_terrainObjectsLighting,321,314,
0x00c77018,TerrainObjectsLightingMorningLightPos3,0x578,GlobalData,m_terrainObjectsLighting,321,314,
0x00c77018,TerrainObjectsLightingAfternoonAmbient3,0x5cc,GlobalData,m_terrainObjectsLighting,321,314,
0x00c77018,TerrainObjectsLightingAfternoonDiffuse3,0x5d8,GlobalData,m_terrainObjectsLighting,321,314,
0x00c77018,TerrainObjectsLightingAfternoonLightPos3,0x5e4,GlobalData,m_terrainObjectsLighting,321,314,
0x00c77018,TerrainObjectsLightingEveningAmbient3,0x638,GlobalData,m_terrainObjectsLighting,321,314,
0x00c77018,TerrainObjectsLightingEveningDiffuse3,0x644,GlobalData,m_terrainObjectsLighting,321,314,
0x00c77018,TerrainObjectsLightingEveningLightPos3,0x650,GlobalData,m_terrainObjectsLighting,321,314,
0x00c77018,TerrainObjectsLightingNightAmbient3,0x6a4,GlobalData,m_terrainObjectsLighting,321,314,
0x00c77018,TerrainObjectsLightingNightDiffuse3,0x6b0,GlobalData,m_terrainObjectsLighting,321,314,
0x00c77018,TerrainObjectsLightingNightLightPos3,0x6bc,GlobalData,m_terrainObjectsLighting,321,314,
0x00c77018,NumberGlobalLights,0xa58,GlobalData,m_numGlobalLights,321,314,
0x00c77018,MaxTranslucentObjects,0xa44,GlobalData,m_maxVisibleTranslucentObjects,321,314,
0x00c77018,OccludedColorLuminanceScale,0xa54,GlobalData,m_occludedLuminanceScale,321,314,
0x00c77018,MaxRoadSegments,0xa5c,GlobalData,m_maxRoadSegments,321,314,
0x00c77018,MaxRoadVertex,0xa60,GlobalData,m_maxRoadVertex,321,314,
0x00c77018,MaxRoadIndex,0xa64,GlobalData,m_maxRoadIndex,321,314,
0x00c77018,MaxRoadTypes,0xa68,GlobalData,m_maxRoadTypes,321,314,
0x00c77018,ValuePerSupplyBox,0xb24,GlobalData,m_baseValuePerSupplyBox,321,314,
0x00c77018,SupplyBoxesPerTree,0xb28,,,321,314,no upstream key
0x00c77018,AudioOn,0xa6c,GlobalData,m_audioOn,321,314,
0x00c77018,MusicOn,0xa6d,GlobalData,m_musicOn,321,314,
0x00c77018,AmbientStreamsOn,0xa71,,,321,314,no upstream key
0x00c77018,SoundsOn,0xa6e,GlobalData,m_soundsOn,321,314,
0x00c77018,Sounds3DOn,0xa6f,GlobalData,m_sounds3DOn,321,314,
0x00c77018,SpeechOn,0xa70,GlobalData,m_speechOn,321,314,
0x00c77018,VideoOn,0xa73,GlobalData,m_videoOn,321,314,
0x00c77018,DisableCameraMovements,0xa74,GlobalData,m_disableCameraMovement,321,314,
0x00c77018,UseCameraInReplay,0xc0d,,,321,314,no upstream key
0x00c77018,DebugAI,0xa88,GlobalData,m_debugAI,321,314,
0x00c77018,DebugAIObstacles,0xa8c,GlobalData,m_debugAIObstacles,321,314,
0x00c77018,ShowClientPhysics,0xa80,GlobalData,m_showClientPhysics,321,314,
0x00c77018,ShowTerrainNormals,0xa81,GlobalData,m_showTerrainNormals,321,314,
0x00c77018,ShowObjectHealth,0xa8d,GlobalData,m_showObjectHealth,321,314,
0x00c77018,ShowTooltips,0xa8f,,,321,314,no upstream key
0x00c77018,ParticleScale,0xab4,GlobalData,m_particleScale,321,314,
0x00c77018,AutoFireParticleSmallPrefix,0xab8,GlobalData,m_autoFireParticleSmallPrefix,321,314,
0x00c77018,AutoFireParticleSmallSystem,0xabc,GlobalData,m_autoFireParticleSmallSystem,321,314,
0x00c77018,AutoFireParticleSmallMax,0xac0,GlobalData,m_autoFireParticleSmallMax,321,314,
0x00c77018,AutoFireParticleMediumPrefix,0xac4,GlobalData,m_autoFireParticleMediumPrefix,321,314,
0x00c77018,AutoFireParticleMediumSystem,0xac8,GlobalData,m_autoFireParticleMediumSystem,321,314,
0x00c77018,AutoFireParticleMediumMax,0xacc,GlobalData,m_autoFireParticleMediumMax,321,314,
0x00c77018,AutoFireParticleLargePrefix,0xad0,GlobalData,m_autoFireParticleLargePrefix,321,314,
0x00c77018,AutoFireParticleLargeSystem,0xad4,GlobalData,m_autoFireParticleLargeSystem,321,314,
0x00c77018,AutoFireParticleLargeMax,0xad8,GlobalData,m_autoFireParticleLargeMax,321,314,
0x00c77018,AutoSmokeParticleSmallPrefix,0xadc,GlobalData,m_autoSmokeParticleSmallPrefix,321,314,
0x00c77018,AutoSmokeParticleSmallSystem,0xae0,GlobalData,m_autoSmokeParticleSmallSystem,321,314,
0x00c77018,AutoSmokeParticleSmallMax,0xae4,GlobalData,m_autoSmokeParticleSmallMax,321,314,
0x00c77018,AutoSmokeParticleMediumPrefix,0xae8,GlobalData,m_autoSmokeParticleMediumPrefix,321,314,
0x00c77018,AutoSmokeParticleMediumSystem,0xaec,GlobalData,m_autoSmokeParticleMediumSystem,321,314,
0x00c77018,AutoSmokeParticleMediumMax,0xaf0,GlobalData,m_autoSmokeParticleMediumMax,321,314,
0x00c77018,AutoSmokeParticleLargePrefix,0xaf4,GlobalData,m_autoSmokeParticleLargePrefix,321,314,
0x00c77018,AutoSmokeParticleLargeSystem,0xaf8,GlobalData,m_autoSmokeParticleLargeSystem,321,314,
0x00c77018,AutoSmokeParticleLargeMax,0xafc,GlobalData,m_autoSmokeParticleLargeMax,321,314,
0x00c77018,AutoAflameParticlePrefix,0xb00,GlobalData,m_autoAflameParticlePrefix,321,314,
0x00c77018,AutoAflameParticleSystem,0xb04,GlobalData,m_autoAflameParticleSystem,321,314,
0x00c77018,AutoAflameParticleMax,0xb08,GlobalData,m_autoAflameParticleMax,321,314,
0x00c77018,BuildSpeed,0xb2c,GlobalData,m_BuildSpeed,321,314,
0x00c77018,MinDistFromEdgeOfMapForBuild,0xb30,GlobalData,m_MinDistFromEdgeOfMapForBuild,321,314,
0x00c77018,SupplyBuildBorder,0xb34,GlobalData,m_SupplyBuildBorder,321,314,
0x00c77018,AllowedHeightVariationForBuilding,0xb38,GlobalData,m_allowedHeightVariationForBuilding,321,314,
0x00c77018,MinLowEnergyProductionSpeed,0xb3c,GlobalData,m_MinLowEnergyProductionSpeed,321,314,
0x00c77018,MaxLowEnergyProductionSpeed,0xb40,GlobalData,m_MaxLowEnergyProductionSpeed,321,314,
0x00c77018,LowEnergyPenaltyModifier,0xb44,GlobalData,m_LowEnergyPenaltyModifier,321,314,
0x00c77018,MultipleFactory,0xb48,GlobalData,m_MultipleFactory,321,314,
0x00c77018,RefundPercent,0xb4c,GlobalData,m_RefundPercent,321,314,
0x00c77018,CommandCenterHealRange,0xb54,GlobalData,m_commandCenterHealRange,321,314,
0x00c77018,CommandCenterHealAmount,0xb58,GlobalData,m_commandCenterHealAmount,321,314,
0x00c77018,MaxLineBuildObjects,0xb5c,GlobalData,m_maxLineBuildObjects,321,314,
0x00c77018,MaxTunnelCapacity,0xb60,GlobalData,m_maxTunnelCapacity,321,314,
0x00c77018,MaxParticleCount,0xb8c,GlobalData,m_maxParticleCount,321,314,vote picked from StaticGameLODInfo::m_maxParticleCount
0x00c77018,MaxFieldParticleCount,0xb90,GlobalData,m_maxFieldParticleCount,321,314,
0x00c77018,HorizontalScrollSpeedFactor,0xb64,GlobalData,m_horizontalScrollSpeedFactor,321,314,
0x00c77018,VerticalScrollSpeedFactor,0xb68,GlobalData,m_verticalScrollSpeedFactor,321,314,
0x00c77018,ScreenEdgeScrollSpeedFactor,0xb6c,,,321,314,no upstream key
0x00c77018,ScreenEdgeScrollRampTime,0xb70,,,321,314,no upstream key
0x00c77018,ScrollAmountCutoff,0xb74,GlobalData,m_scrollAmountCutoff,321,314,
0x00c77018,CameraAdjustSpeed,0xb78,GlobalData,m_cameraAdjustSpeed,321,314,
0x00c77018,EnforceMaxCameraHeight,0xb7c,GlobalData,m_enforceMaxCameraHeight,321,314,
0x00c77018,KeyboardScrollSpeedFactor,0xbbc,GlobalData,m_keyboardScrollFactor,321,314,
0x00c77018,KeyboardDefaultScrollSpeedFactor,0xbc0,GlobalData,m_keyboardDefaultScrollFactor,321,314,
0x00c77018,MovementPenaltyDamageState,0xbd8,GlobalData,m_movementPenaltyDamageState,321,314,
0x00c77018,HealthBonus_Veteran,0xb9c,GlobalData,m_healthBonus,321,314,
0x00c77018,HealthBonus_Elite,0xba0,GlobalData,m_healthBonus,321,314,
0x00c77018,HealthBonus_Heroic,0xba4,GlobalData,m_healthBonus,321,314,
0x00c77018,HumanSoloPlayerHealthBonus_Easy,0xa2c,GlobalData,m_soloPlayerHealthBonusForDifficulty,321,314,
0x00c77018,HumanSoloPlayerHealthBonus_Normal,0xa30,GlobalData,m_soloPlayerHealthBonusForDifficulty,321,314,
0x00c77018,HumanSoloPlayerHealthBonus_Hard,0xa34,GlobalData,m_soloPlayerHealthBonusForDifficulty,321,314,
0x00c77018,AttributeModifierArmorMaxBonus,0xbac,,,321,314,no upstream key
0x00c77018,AISoloPlayerHealthBonus_Easy,0xa38,GlobalData,m_soloPlayerHealthBonusForDifficulty,321,314,
0x00c77018,AISoloPlayerHealthBonus_Normal,0xa3c,GlobalData,m_soloPlayerHealthBonusForDifficulty,321,314,
0x00c77018,AISoloPlayerHealthBonus_Hard,0xa40,GlobalData,m_soloPlayerHealthBonusForDifficulty,321,314,
0x00c77018,WeaponBonus,0xb94,GlobalData,m_weaponBonusSet,321,314,
0x00c77018,DefaultStructureRubbleHeight,0xba8,GlobalData,m_defaultStructureRubbleHeight,321,314,
0x00c77018,FixedSeed,0xab0,GlobalData,m_fixedSeed,321,314,
0x00c77018,ShellMapName,0xbb0,GlobalData,m_shellMapName,321,314,
0x00c77018,ShellMapOn,0xbb4,GlobalData,m_shellMapOn,321,314,
0x00c77018,ShellMapOffByCommandArgument,0xbb5,,,321,314,no upstream key
0x00c77018,SkipMapUnroll,0x2a,,,321,314,no upstream key
0x00c77018,PlayIntro,0xbb6,GlobalData,m_playIntro,321,314,
0x00c77018,FirewallBehavior,0xb14,GlobalData,m_firewallBehavior,321,314,
0x00c77018,FirewallPortOverride,0xb1c,GlobalData,m_firewallPortOverride,321,314,
0x00c77018,FirewallPortAllocationDelta,0xb20,GlobalData,m_firewallPortAllocationDelta,321,314,
0x00c77018,DamageRadiusMinimumForSplash,0xbdc,,,321,314,no upstream key
0x00c77018,GroupSelectMinSelectSize,0xbe0,GlobalData,m_groupSelectMinSelectSize,321,314,
0x00c77018,GroupSelectVolumeBase,0xbe4,GlobalData,m_groupSelectVolumeBase,321,314,
0x00c77018,GroupSelectVolumeIncrement,0xbe8,GlobalData,m_groupSelectVolumeIncrement,321,314,
0x00c77018,MaxUnitSelectSounds,0xbec,GlobalData,m_maxUnitSelectSounds,321,314,
0x00c77018,SelectionFlashSaturationFactor,0xbf0,GlobalData,m_selectionFlashSaturationFactor,321,314,
0x00c77018,SelectionFlashHouseColor,0xbf4,GlobalData,m_selectionFlashHouseColor,321,314,
0x00c77018,CameraAudibleRadius,0xbf8,GlobalData,m_cameraAudibleRadius,321,314,
0x00c77018,GroupMoveClickToGatherAreaFactor,0xbfc,GlobalData,m_groupMoveClickToGatherFactor,321,314,
0x00c77018,ShakeSubtleIntensity,0xc10,GlobalData,m_shakeSubtleIntensity,321,314,
0x00c77018,ShakeNormalIntensity,0xc14,GlobalData,m_shakeNormalIntensity,321,314,
0x00c77018,ShakeStrongIntensity,0xc18,GlobalData,m_shakeStrongIntensity,321,314,
0x00c77018,ShakeSevereIntensity,0xc1c,GlobalData,m_shakeSevereIntensity,321,314,
0x00c77018,ShakeCineExtremeIntensity,0xc20,GlobalData,m_shakeCineExtremeIntensity,321,314,
0x00c77018,ShakeCineInsaneIntensity,0xc24,GlobalData,m_shakeCineInsaneIntensity,321,314,
0x00c77018,MaxShakeIntensity,0xc28,GlobalData,m_maxShakeIntensity,321,314,
0x00c77018,MaxShakeRange,0xc2c,GlobalData,m_maxShakeRange,321,314,
0x00c77018,SellPercentage,0xc30,GlobalData,m_sellPercentage,321,314,
0x00c77018,BaseRegenHealthPercentPerSecond,0xc34,GlobalData,m_baseRegenHealthPercentPerSecond,321,314,
0x00c77018,BaseRegenDelay,0xc38,GlobalData,m_baseRegenDelay,321,314,
0x00c77018,SpecialPowerViewObject,0xc40,GlobalData,m_specialPowerViewObjectName,321,314,
0x00c77018,StandardPublicBone,0xc44,GlobalData,m_standardPublicBones,321,314,
0x00c77018,ShowMetrics,0xc50,GlobalData,m_showMetrics,321,314,
0x00c77018,DefaultStartingCash,0xc54,GlobalData,m_defaultStartingCash,321,314,
0x00c77018,ShroudColor,0xc78,GlobalData,m_shroudColor,321,314,
0x00c77018,ClearAlpha,0xc84,GlobalData,m_clearAlpha,321,314,
0x00c77018,FogAlpha,0xc85,GlobalData,m_fogAlpha,321,314,
0x00c77018,ShroudAlpha,0xc86,GlobalData,m_shroudAlpha,321,314,
0x00c77018,TaintOn,0xcf5,,,321,314,no upstream key
0x00c77018,TaintColor,0xc88,,,321,314,no upstream key
0x00c77018,ElvenWoodColor,0xc94,,,321,314,no upstream key
0x00c77018,TaintAlpha,0xca0,,,321,314,no upstream key
0x00c77018,HotKeyTextColor,0xc3c,GlobalData,m_hotKeyTextColor,321,314,
0x00c77018,PowerBarBase,0xc5c,GlobalData,m_powerBarBase,321,314,
0x00c77018,PowerBarIntervals,0xc60,GlobalData,m_powerBarIntervals,321,314,
0x00c77018,PowerBarYellowRange,0xc64,GlobalData,m_powerBarYellowRange,321,314,
0x00c77018,UnlookPersistDuration,0xc6c,GlobalData,m_unlookPersistDuration,321,314,
0x00c77018,NetworkFPSHistoryLength,0xca4,GlobalData,m_networkFPSHistoryLength,321,314,
0x00c77018,NetworkLatencyHistoryLength,0xca8,GlobalData,m_networkLatencyHistoryLength,321,314,
0x00c77018,NetworkRunAheadMetricsTime,0xcac,GlobalData,m_networkRunAheadMetricsTime,321,314,
0x00c77018,NetworkCushionHistoryLength,0xcb0,GlobalData,m_networkCushionHistoryLength,321,314,
0x00c77018,NetworkRunAheadSlack,0xcb4,GlobalData,m_networkRunAheadSlack,321,314,
0x00c77018,NetworkKeepAliveDelay,0xcb8,GlobalData,m_networkKeepAliveDelay,321,314,
0x00c77018,NetworkDisconnectTime,0xcbc,GlobalData,m_networkDisconnectTime,321,314,
0x00c77018,NetworkPlayerTimeoutTime,0xcc0,GlobalData,m_networkPlayerTimeoutTime,321,314,
0x00c77018,NetworkDisconnectScreenNotifyTime,0xcc4,GlobalData,m_networkDisconnectScreenNotifyTime,321,314,
0x00c77018,KeyboardCameraRotateSpeed,0xcc8,GlobalData,m_keyboardCameraRotateSpeed,321,314,
0x00c77018,PlayStats,0xccc,GlobalData,m_playStats,321,314,
0x00c77018,DefaultVoiceAttackChargeTimeout,0xcd0,,,321,314,no upstream key
0x00c77018,DefaultMaxDistanceForEngaged,0xcd4,,,321,314,no upstream key
0x00c77018,DefaultEngagedStateTimeout,0xcd8,,,321,314,no upstream key
0x00c77018,AnimationSharingCap,0xcdc,,,321,314,no upstream key
0x00c77018,AnimationSharingFrameTolerance,0xce0,,,321,314,no upstream key
0x00c77018,AnimationSharingSpeedTolerance,0xce4,,,321,314,no upstream key
0x00c77018,AnimationSharingWorryThreshold,0xce8,,,321,314,no upstream key
0x00c77018,AnimationSharingDrasticThreshold,0xcec,,,321,314,no upstream key
0x00c77018,ParticleCursorAnim2DTemplateName,0xdd0,,,321,314,no upstream key
0x00c77018,ParticleCursorBurstCount,0xdd4,,,321,314,no upstream key
0x00c77018,ParticleCursorBurstFactor,0xdd8,,,321,314,no upstream key
0x00c77018,ParticleCursorStopBurstFactor,0xde4,,,321,314,no upstream key
0x00c77018,ParticleCursorBurstFrequency,0xde8,,,321,314,no upstream key
0x00c77018,ParticleCursorParticleLife,0xdec,,,321,314,no upstream key
0x00c77018,ParticleCursorSystemLife,0xdf8,,,321,314,no upstream key
0x00c77018,ParticleCursorDriftVelX,0xe04,,,321,314,no upstream key
0x00c77018,ParticleCursorDriftVelY,0xe10,,,321,314,no upstream key
0x00c77018,ParticleCursorVelocityDrag,0xe1c,,,321,314,no upstream key
0x00c77018,ParticleCursorParticleSize,0xe28,,,321,314,no upstream key
0x00c77018,ParticleCursorPerFrameSize,0xe34,,,321,314,no upstream key
0x00c77018,ParticleCursorAlpha,0xe38,,,321,314,no upstream key
0x00c77018,ParticleCursorOffset,0xe3c,,,321,314,no upstream key
0x00c77018,ProgressMovieOffset,0xe44,,,321,314,no upstream key
0x00c77018,ProgressMovieSize,0xe4c,,,321,314,no upstream key
0x00c77018,UseHelpTextSystem,0xe54,,,321,314,no upstream key
0x00c77018,GuiTextureFiltering,0xe55,,,321,314,no upstream key
0x00c77018,CameraTerrainSampleRadiusForHeight,0xe5c,,,321,314,no upstream key
0x00c77018,EnableHouseColor,0xe60,,,321,314,no upstream key
0x00c77018,GoodCommandPoints,0xe70,,,321,314,no upstream key
0x00c77018,EvilCommandPoints,0xe74,,,321,314,no upstream key
0x00c77018,GoodCommandPointsBonus,0xe78,,,321,314,no upstream key
0x00c77018,EvilCommandPointsBonus,0xe7c,,,321,314,no upstream key
0x00c77018,GoodCommandPointsAI,0xe80,,,321,314,no upstream key
0x00c77018,EvilCommandPointsAI,0xe84,,,321,314,no upstream key
0x00c77018,GoodCommandPointsMP2,0xe88,,,321,314,no upstream key
0x00c77018,EvilCommandPointsMP2,0xe8c,,,321,314,no upstream key
0x00c77018,GoodCommandPointsMP3,0xe90,,,321,314,no upstream key
0x00c77018,EvilCommandPointsMP3,0xe94,,,321,314,no upstream key
0x00c77018,GoodCommandPointsMP4,0xe98,,,321,314,no upstream key
0x00c77018,EvilCommandPointsMP4,0xe9c,,,321,314,no upstream key
0x00c77018,GoodCommandPointsMP56,0xea0,,,321,314,no upstream key
0x00c77018,EvilCommandPointsMP56,0xea4,,,321,314,no upstream key
0x00c77018,GoodCommandPointsMP78,0xea8,,,321,314,no upstream key
0x00c77018,EvilCommandPointsMP78,0xeac,,,321,314,no upstream key
0x00c77018,InitialMaxRingLevel,0xeb0,,,321,314,no upstream key
0x00c77018,ResourceBonusMultiplier,0xeb4,,,321,314,no upstream key
0x00c77018,GoodCommandPointLimit,0xeb8,,,321,314,no upstream key
0x00c77018,EvilCommandPointLimit,0xebc,,,321,314,no upstream key
0x00c77018,PowerLimit,0xec0,,,321,314,no upstream key
0x00c77018,ResourceMultiplierLimit,0xec4,,,321,314,no upstream key
0x00c77018,TreeFadeObjectFilter,0xedc,,,321,314,no upstream key
0x00c77018,MultiPlayMoneyMult,0xee0,,,321,314,no upstream key
0x00c77018,MultiPlayUnitXPMult,0xee0,,,321,314,no upstream key
0x00c77018,MultiPlayBuildingXPMult,0xee0,,,321,314,no upstream key
0x00c77018,MultiPlayUnitSpeedMult,0xee0,,,321,314,no upstream key
0x00c77018,MultiPlayBuildingSpeedMult,0xee0,,,321,314,no upstream key
0x00c77018,ShrubBrightnessScale,0x1220,,,321,314,no upstream key
0x00c77018,TutorialMap,0x1200,,,321,314,no upstream key
0x00c77018,TutorialLoadMovie,0x1204,,,321,314,no upstream key
0x00c77018,TutorialObjective,0x1208,,,321,314,no upstream key
0x00c77018,BlockedByWallLeeway,0x11f4,,,321,314,no upstream key
0x00c77018,SecondsBeforeBaseCheckActive,0x11f8,,,321,314,no upstream key
0x00c77018,ObjectsThatScore,0x121c,,,321,314,no upstream key
0x00c77018,ScoreKeeper_UnitsBuiltMultiplier,0x1224,,,321,314,no upstream key
0x00c77018,ScoreKeeper_UnitsDestroyedMultiplier,0x1228,,,321,314,no upstream key
0x00c77018,ScoreKeeper_StructuresBuiltMultiplier,0x122c,,,321,314,no upstream key
0x00c77018,ScoreKeeper_StructuresDestroyedMultiplier,0x1230,,,321,314,no upstream key
0x00c77018,ScoreKeeper_HeroesVettedMultiplier,0x1234,,,321,314,no upstream key
0x00c77018,ScoreKeeper_UnitsVettedMultiplier,0x1238,,,321,314,no upstream key
0x00c77018,ScoreKeeper_ObjectivesCompletedMultiplier,0x123c,,,321,314,no upstream key
0x00c77018,ScoreKeeper_SuppliesCollectedMultiplier,0x1240,,,321,314,no upstream key
0x00c77018,ScoreKeeper_PowerPointsMultiplier,0x1244,,,321,314,no upstream key
0x00c77018,ScoreKeeper_RegionCommandPointsMultiplier,0x1248,,,321,314,no upstream key
0x00c77018,ScoreKeeper_RegionResourcesMultiplier,0x124c,,,321,314,no upstream key
0x00c77018,ScoreKeeper_RegionPowerPointsMultiplier,0x1250,,,321,314,no upstream key
0x00c77018,ScoreKeeper_TimeTakenMultiplier,0x1254,,,321,314,no upstream key
0x00c77018,ScoreKeeper_TimeTakenMaximumScore,0x1258,,,321,314,no upstream key
0x00c77018,ScoreKeeper_TimeTakenMinimumScore,0x125c,,,321,314,no upstream key
0x00c77018,ScoreKeeper_TotalVictoryRequiredScore,0x1260,,,321,314,no upstream key
0x00c77018,ScoreKeeper_NormalVictoryRequiredScore,0x1264,,,321,314,no upstream key
0x00c77018,ScoreKeeper_NormalVictoryRequiredObjectivesPercentage,0x1268,,,321,314,no upstream key
0x00c77018,TintUnitIfPathingForMoreThan,0x1270,,,321,314,no upstream key
0x00c77018,ClampedLOSHeightForCastleStructures,0x1274,,,321,314,no upstream key
0x00c7f6d8,TooltipName,0x0,MultiplayerColorDefinition,m_tooltipName,3,3,
0x00c7f6d8,RGBColor,0x4,MultiplayerColorDefinition,m_rgbValue,3,3,
0x00c7f6d8,RGBNightColor,0x14,MultiplayerColorDefinition,m_rgbValueNight,3,3,
0x00c7f718,InitialCreditsVeryLow,0x1c,,,6,6,no upstream key
0x00c7f718,InitialCreditsLow,0x20,,,6,6,no upstream key
0x00c7f718,InitialCreditsMedium,0x24,,,6,6,no upstream key
0x00c7f718,InitialCreditsHigh,0x28,,,6,6,no upstream key
0x00c7f718,InitialCreditsVeryHigh,0x2c,,,6,6,no upstream key
0x00c7f718,StartCountdownTimer,0x10,MultiplayerSettings,m_startCountdownTimerSeconds,6,6,
0x00c7f718,MaxBeaconsPerPlayer,0x14,MultiplayerSettings,m_maxBeaconsPerPlayer,6,6,
0x00c7f718,UseShroud,0x18,MultiplayerSettings,m_isShroudInMultiplayer,6,6,
0x00c7f718,ShowRandomPlayerTemplate,0x19,MultiplayerSettings,m_showRandomPlayerTemplate,6,6,
0x00c7f718,ShowRandomStartPos,0x1a,MultiplayerSettings,m_showRandomStartPos,6,6,
0x00c7f718,ShowRandomColor,0x1b,MultiplayerSettings,m_showRandomColor,6,6,
0x00c80bf8,Texture,0x8,TerrainType,m_texture,4,3,vote picked from CursorInfo::textureName|Image::m_filename|RadiusDecalTemplate::m_name|TerrainRoadType::m_texture|W3DLaserDrawModuleData::m_textureName|W3DProjectileStreamDrawModuleData::m_textureName
0x00c80bf8,BlendEdges,0xc,TerrainType,m_blendEdgeTexture,4,3,
0x00c80bf8,Class,0x10,TerrainType,m_class,4,3,
0x00c80bf8,RestrictConstruction,0x1c,TerrainType,m_restrictConstruction,4,3,
0x00c80bf8,TerrainObject,0x0,,,4,3,no upstream key
0x00c8132c,Texture,0x8,,,1,0,ambiguous: CursorInfo::textureName|Image::m_filename|RadiusDecalTemplate::m_name|TerrainRoadType::m_texture|TerrainType::m_texture|W3DLaserDrawModuleData::m_textureName|W3DProjectileStreamDrawModuleData::m_textureName
0x00c813f8,Filename,0xc,AudioEventInfo,m_filename,14,12,vote picked from MusicTrack::filename|Video::m_filename
0x00c813f8,Volume,0x10,AudioEventInfo,m_volume,14,12,vote picked from MusicTrack::volume
0x00c813f8,VolumeShift,0x14,AudioEventInfo,m_volumeShift,14,12,
0x00c813f8,MinVolume,0x18,AudioEventInfo,m_minVolume,14,12,
0x00c813f8,PitchShift,0x0,,,14,12,no upstream key
0x00c813f8,PlayPercent,0x24,,,14,12,no upstream key
0x00c813f8,Delay,0x0,LeafletDropBehaviorModuleData,m_delayFrames,14,12,sole candidate; table votes AudioEventInfo
0x00c813f8,Limit,0x30,AudioEventInfo,m_limit,14,12,
0x00c813f8,Priority,0x34,AudioEventInfo,m_priority,14,12,vote picked from EvaCheckInfo::m_priority|ParticleSystemTemplate::m_priority
0x00c813f8,Type,0x38,AudioEventInfo,m_type,14,12,vote picked from ParticleSystemTemplate::m_particleType|TerrainScorchFXNugget::m_scorch|UpgradeTemplate::m_type|ViewShakeFXNugget::m_shake
0x00c813f8,Control,0x3c,AudioEventInfo,m_control,14,12,
0x00c813f8,Sounds,0x40,AudioEventInfo,m_sounds,14,12,vote picked from EvaSideSounds::m_soundNames
0x00c813f8,Attack,0x50,AudioEventInfo,m_attackSounds,14,12,
0x00c813f8,Decay,0x60,AudioEventInfo,m_decaySounds,14,12,
0x00c813f8,MinRange,0x74,AudioEventInfo,m_minDistance,14,12,
0x00c813f8,MaxRange,0x78,AudioEventInfo,m_maxDistance,14,12,vote picked from DemoralizeSpecialPowerModuleData::m_maxRange
0x00c813f8,LowPassCutoff,0x70,AudioEventInfo,m_lowPassFreq,14,12,
0x00c813f8,ReverbEffectLevel,0x7c,,,14,12,no upstream key
0x00c813f8,DryLevel,0x80,,,14,12,no upstream key
0x00c813f8,SubmixSlider,0x88,,,14,12,no upstream key
0x00c813f8,VolumeSliderMultiplier,0x8c,,,14,12,no upstream key
0x00c81d60,AudioRoot,0x0,AudioSettings,m_audioRoot,23,20,
0x00c81d60,SoundsFolder,0x4,AudioSettings,m_soundsFolder,23,20,
0x00c81d60,MusicFolder,0x8,AudioSettings,m_musicFolder,23,20,
0x00c81d60,StreamingFolder,0xc,AudioSettings,m_streamingFolder,23,20,
0x00c81d60,AmbientStreamFolder,0x10,,,23,20,no upstream key
0x00c81d60,SoundsExtension,0x14,AudioSettings,m_soundsExtension,23,20,
0x00c81d60,UseDigital,0x18,AudioSettings,m_useDigital,23,20,
0x00c81d60,UseMidi,0x19,AudioSettings,m_useMidi,23,20,
0x00c81d60,OutputRate,0x1c,AudioSettings,m_outputRate,23,20,
0x00c81d60,OutputBits,0x20,AudioSettings,m_outputBits,23,20,
0x00c81d60,OutputChannels,0x24,AudioSettings,m_outputChannels,23,20,
0x00c81d60,SampleCount2D,0x28,AudioSettings,m_sampleCount2D,23,20,vote picked from StaticGameLODInfo::m_sampleCount2D
0x00c81d60,SampleCount3D,0x2c,AudioSettings,m_sampleCount3D,23,20,vote picked from StaticGameLODInfo::m_sampleCount3D
0x00c81d60,StreamCount,0x30,AudioSettings,m_streamCount,23,20,vote picked from StaticGameLODInfo::m_streamCount
0x00c81d60,MixaheadLatency,0x48,,,23,20,no upstream key
0x00c81d60,MixaheadLatencyDuringMovies,0x4c,,,23,20,no upstream key
0x00c81d60,3DBufferLengthMS,0x50,,,23,20,no upstream key
0x00c81d60,3DBufferCallbackCallsPerBufferLength,0x54,,,23,20,no upstream key
0x00c81d60,AutomaticSubtitleDurationMS,0x58,,,23,20,no upstream key
0x00c81d60,AutomaticSubtitleWindowWidth,0x5c,,,23,20,no upstream key
0x00c81d60,AutomaticSubtitleLines,0x60,,,23,20,no upstream key
0x00c81d60,AutomaticSubtitleWindowColor,0x64,,,23,20,no upstream key
0x00c81d60,AutomaticSubtitleTextColor,0x68,,,23,20,no upstream key
0x00c81d60,ForceResetTimeSeconds,0x6c,,,23,20,no upstream key
0x00c81d60,EmergencyResetTimeSeconds,0x70,,,23,20,no upstream key
0x00c81d60,MusicScriptLibraryName,0x74,,,23,20,no upstream key
0x00c81d60,MinSampleVolume,0x7c,AudioSettings,m_minVolume,23,20,
0x00c81d60,PositionDeltaForReverbRecheck,0x78,,,23,20,no upstream key
0x00c81d60,GlobalMinRange,0x34,AudioSettings,m_globalMinRange,23,20,
0x00c81d60,GlobalMaxRange,0x38,AudioSettings,m_globalMaxRange,23,20,
0x00c81d60,TimeToFadeAudio,0x3c,AudioSettings,m_fadeAudioFrames,23,20,
0x00c81d60,AmbientStreamHysteresisVolume,0x40,,,23,20,no upstream key
0x00c81d60,AudioFootprintInBytes,0x44,AudioSettings,m_maxCacheSize,23,20,
0x00c81d60,DefaultSoundVolume,0x80,AudioSettings,m_defaultSoundVolume,23,20,
0x00c81d60,DefaultVoiceVolume,0x84,,,23,20,no upstream key
0x00c81d60,DefaultMusicVolume,0x88,AudioSettings,m_defaultMusicVolume,23,20,
0x00c81d60,DefaultMovieVolume,0x90,,,23,20,no upstream key
0x00c81d60,DefaultAmbientVolume,0x8c,,,23,20,no upstream key
0x00c81d60,MicrophonePreferredFractionCameraToGround,0xa8,,,23,20,no upstream key
0x00c81d60,MicrophonePullTowardsTerrainLookAtPointPercent,0xc0,,,23,20,no upstream key
0x00c81d60,MicrophoneMinDistanceToCamera,0xb0,,,23,20,no upstream key
0x00c81d60,MicrophoneMaxDistanceToCamera,0xb8,,,23,20,no upstream key
0x00c81d60,ZoomMinDistance,0xc4,AudioSettings,m_zoomMinDistance,23,20,
0x00c81d60,ZoomMaxDistance,0xcc,AudioSettings,m_zoomMaxDistance,23,20,
0x00c81d60,ZoomSoundVolumePercentageAmount,0xd4,AudioSettings,m_zoomSoundVolumePercentageAmount,23,20,
0x00c81d60,LivingWorldMicrophonePreferredFractionCameraToGround,0xd8,,,23,20,no upstream key
0x00c81d60,LivingWorldMicrophoneMinDistanceToCamera,0xe0,,,23,20,no upstream key
0x00c81d60,LivingWorldMicrophoneMaxDistanceToCamera,0xe8,,,23,20,no upstream key
0x00c81d60,LivingWorldZoomMinDistance,0xf4,,,23,20,no upstream key
0x00c81d60,LivingWorldZoomMaxDistance,0xfc,,,23,20,no upstream key
0x00c81d60,LivingWorldMicrophonePullTowardsTerrainLookAtPointPercent,0xf0,,,23,20,no upstream key
0x00c81d60,LivingWorldZoomSoundVolumePercentageAmount,0x104,,,23,20,no upstream key
0x00c82958,UsePlayerColor,0x9,DrawGroupInfo,m_usePlayerColor,8,8,
0x00c82958,ColorForText,0xc,DrawGroupInfo,m_colorForText,8,8,
0x00c82958,ColorForTextDropShadow,0x10,DrawGroupInfo,m_colorForTextDropShadow,8,8,
0x00c82958,FontName,0x0,DrawGroupInfo,m_fontName,8,8,
0x00c82958,FontSize,0x4,DrawGroupInfo,m_fontSize,8,8,
0x00c82958,FontIsBold,0x8,DrawGroupInfo,m_fontIsBold,8,8,
0x00c82958,DropShadowOffsetX,0x14,DrawGroupInfo,m_dropShadowOffsetX,8,8,
0x00c82958,DropShadowOffsetY,0x18,DrawGroupInfo,m_dropShadowOffsetY,8,8,
0x00c82958,DrawPositionXPixel,0x0,,,8,8,no upstream key
0x00c82958,DrawPositionXPercent,0x0,,,8,8,no upstream key
0x00c82958,DrawPositionYPixel,0x0,,,8,8,no upstream key
0x00c82958,DrawPositionYPercent,0x0,,,8,8,no upstream key
0x00c82f58,isOfficial,0x28,MapMetaDataReader,m_isOfficial,19,19,
0x00c82f58,isMultiplayer,0x1c,MapMetaDataReader,m_isMultiplayer,19,19,
0x00c82f58,isScenarioMP,0x1d,,,19,19,no upstream key
0x00c82f58,extentMin,0x0,MapMetaDataReader,m_extent,19,19,
0x00c82f58,extentMax,0xc,MapMetaDataReader,m_extent,19,19,
0x00c82f58,numPlayers,0x18,MapMetaDataReader,m_numPlayers,19,19,
0x00c82f58,fileSize,0x34,MapMetaDataReader,m_filesize,19,19,
0x00c82f58,fileCRC,0x38,MapMetaDataReader,m_CRC,19,19,
0x00c82f58,timestampLo,0x2c,MapMetaDataReader,m_timestamp,19,19,
0x00c82f58,timestampHi,0x30,MapMetaDataReader,m_timestamp,19,19,
0x00c82f58,displayName,0x20,MapMetaDataReader,m_asciiDisplayName,19,19,
0x00c82f58,description,0x24,,,19,19,no upstream key
0x00c82f58,supplyPosition,0x0,,,19,19,no upstream key
0x00c82f58,techPosition,0x0,,,19,19,no upstream key
0x00c82f58,Player_1_Start,0x3c,MapMetaDataReader,m_waypoints,19,19,
0x00c82f58,Player_2_Start,0x48,MapMetaDataReader,m_waypoints,19,19,
0x00c82f58,Player_3_Start,0x54,MapMetaDataReader,m_waypoints,19,19,
0x00c82f58,Player_4_Start,0x60,MapMetaDataReader,m_waypoints,19,19,
0x00c82f58,Player_5_Start,0x6c,MapMetaDataReader,m_waypoints,19,19,
0x00c82f58,Player_6_Start,0x78,MapMetaDataReader,m_waypoints,19,19,
0x00c82f58,Player_7_Start,0x84,MapMetaDataReader,m_waypoints,19,19,
0x00c82f58,Player_8_Start,0x90,MapMetaDataReader,m_waypoints,19,19,
0x00c82f58,InitialCameraPosition,0x9c,MapMetaDataReader,m_initialCameraPosition,19,19,
0x00c82f58,PlayerPosition,0x0,,,19,19,no upstream key
0x00c83270,Human,0x0,,,0,0,no upstream key
0x00c83270,Computer,0x0,,,0,0,no upstream key
0x00c83270,LoadAIScripts,0x0,,,0,0,no upstream key
0x00c83270,ForcePlayerTeam,0x0,,,0,0,no upstream key
0x00c83270,AllowedFactions,0x0,,,0,0,no upstream key
0x00c83310,RadarNotifyHarvesterUnderAttackSound,0x0,MiscAudio,m_radarHarvesterUnderAttackSound,26,26,
0x00c83310,RadarNotifyStructureUnderAttackSound,0x70,MiscAudio,m_radarStructureUnderAttackSound,26,26,
0x00c83310,RadarNotifyInfiltrationSound,0xe0,MiscAudio,m_radarInfiltrationSound,26,26,
0x00c83310,RadarNotifyOnlineSound,0x150,MiscAudio,m_radarOnlineSound,26,26,
0x00c83310,RadarNotifyOfflineSound,0x1c0,MiscAudio,m_radarOfflineSound,26,26,
0x00c83310,DefectorTimerTickSound,0x230,MiscAudio,m_defectorTimerTickSound,26,26,
0x00c83310,DefectorTimerDingSound,0x2a0,MiscAudio,m_defectorTimerDingSound,26,26,
0x00c83310,AllCheerSound,0x310,MiscAudio,m_allCheerSound,26,26,
0x00c83310,BattleCrySound,0x380,MiscAudio,m_battleCrySound,26,26,
0x00c83310,NoCanDoSound,0x3f0,MiscAudio,m_noCanDoSound,26,26,
0x00c83310,StealthDiscoveredSound,0x460,MiscAudio,m_stealthDiscoveredSound,26,26,
0x00c83310,StealthNeutralizedSound,0x4d0,MiscAudio,m_stealthNeutralizedSound,26,26,
0x00c83310,MoneyDepositSound,0x540,MiscAudio,m_moneyDepositSound,26,26,
0x00c83310,MoneyWithdrawSound,0x5b0,MiscAudio,m_moneyWithdrawSound,26,26,
0x00c83310,BuildingDisabled,0x620,MiscAudio,m_buildingDisabled,26,26,
0x00c83310,BuildingReenabled,0x690,MiscAudio,m_buildingReenabled,26,26,
0x00c83310,VehicleDisabled,0x700,MiscAudio,m_vehicleDisabled,26,26,
0x00c83310,VehicleReenabled,0x770,MiscAudio,m_vehicleReenabled,26,26,
0x00c83310,SplatterVehiclePilotsBrain,0x7e0,MiscAudio,m_splatterVehiclePilotsBrain,26,26,
0x00c83310,CrateHeal,0x850,MiscAudio,m_crateHeal,26,26,
0x00c83310,CrateShroud,0x8c0,MiscAudio,m_crateShroud,26,26,
0x00c83310,CrateSalvage,0x930,MiscAudio,m_crateSalvage,26,26,
0x00c83310,CrateFreeUnit,0x9a0,MiscAudio,m_crateFreeUnit,26,26,
0x00c83310,CrateMoney,0xa10,MiscAudio,m_crateMoney,26,26,
0x00c83310,UnitPromoted,0xa80,MiscAudio,m_unitPromoted,26,26,
0x00c83310,RepairSparks,0xaf0,MiscAudio,m_repairSparks,26,26,
0x00c83310,EnterCloseCombat,0xb60,,,26,26,no upstream key
0x00c83310,ExitCloseCombat,0xbd0,,,26,26,no upstream key
0x00c83310,IncomingChatNotification,0xc40,,,26,26,no upstream key
0x00c83310,EnabledHotKeyPressed,0xcb0,,,26,26,no upstream key
0x00c83310,DisabledHotKeyPressed,0xd20,,,26,26,no upstream key
0x00c83310,LowLODShellMusic,0xd90,,,26,26,no upstream key
0x00c84130,LibraryMap,0x0,,,0,0,no upstream key
0x00c847e0,Side,0x8,PlayerTemplate,m_side,30,28,vote picked from ControlBarScheme::m_side|EvaSideSounds::m_side|ThingTemplate::m_defaultOwningSide
0x00c847e0,PlayableSide,0xbd,PlayerTemplate,m_playableSide,30,28,
0x00c847e0,DisplayName,0x4,PlayerTemplate,m_displayName,30,28,vote picked from MetaMapRec::m_displayName|ScienceInfo::m_name|ThingTemplate::m_displayName|UpgradeTemplate::m_displayNameLabel
0x00c847e0,StartMoney,0x1c,PlayerTemplate,m_money,30,28,
0x00c847e0,PreferredColor,0x28,PlayerTemplate,m_preferredColor,30,28,
0x00c847e0,StartingBuilding,0x34,PlayerTemplate,m_startingBuilding,30,28,
0x00c847e0,StartingUnit0,0x38,PlayerTemplate,m_startingUnits,30,28,
0x00c847e0,StartingUnit1,0x3c,PlayerTemplate,m_startingUnits,30,28,
0x00c847e0,StartingUnit2,0x40,PlayerTemplate,m_startingUnits,30,28,
0x00c847e0,StartingUnit3,0x44,PlayerTemplate,m_startingUnits,30,28,
0x00c847e0,StartingUnit4,0x48,PlayerTemplate,m_startingUnits,30,28,
0x00c847e0,StartingUnit5,0x4c,PlayerTemplate,m_startingUnits,30,28,
0x00c847e0,StartingUnit6,0x50,PlayerTemplate,m_startingUnits,30,28,
0x00c847e0,StartingUnit7,0x54,PlayerTemplate,m_startingUnits,30,28,
0x00c847e0,StartingUnit8,0x58,PlayerTemplate,m_startingUnits,30,28,
0x00c847e0,StartingUnit9,0x5c,PlayerTemplate,m_startingUnits,30,28,
0x00c847e0,ProductionCostChange,0x0,,,30,28,no upstream key
0x00c847e0,ProductionTimeChange,0x0,,,30,28,no upstream key
0x00c847e0,ProductionVeterancyLevel,0x0,,,30,28,no upstream key
0x00c847e0,IntrinsicSciences,0x8c,PlayerTemplate,m_intrinsicSciences,30,28,
0x00c847e0,IntrinsicSciencesMP,0x98,,,30,28,no upstream key
0x00c847e0,PurchaseScienceCommandSet,0xa4,,,30,28,no upstream key
0x00c847e0,PurchaseScienceCommandSetMP,0xa8,,,30,28,no upstream key
0x00c847e0,SpecialPowerShortcutCommandSet,0xac,PlayerTemplate,m_specialPowerShortcutCommandSet,30,28,
0x00c847e0,SpecialPowerShortcutWinName,0xb0,PlayerTemplate,m_specialPowerShortcutWinName,30,28,
0x00c847e0,SpecialPowerShortcutButtonCount,0xb4,PlayerTemplate,m_specialPowerShortcutButtonCount,30,28,
0x00c847e0,IsObserver,0xbc,PlayerTemplate,m_observer,30,28,
0x00c847e0,IntrinsicSciencePurchasePoints,0xc0,PlayerTemplate,m_intrinsicSPP,30,28,
0x00c847e0,ScoreScreenImage,0xcc,PlayerTemplate,m_scoreScreenImage,30,28,
0x00c847e0,LoadScreenImage,0xd0,PlayerTemplate,m_loadScreenImage,30,28,
0x00c847e0,LoadScreenMusic,0xb8,PlayerTemplate,m_loadScreenMusic,30,28,
0x00c847e0,HeadWaterMark,0xd4,PlayerTemplate,m_headWaterMark,30,28,
0x00c847e0,FlagWaterMark,0xd8,PlayerTemplate,m_flagWaterMark,30,28,
0x00c847e0,EnabledImage,0xdc,PlayerTemplate,m_enabledImage,30,28,
0x00c847e0,SideIconImage,0xe0,PlayerTemplate,m_sideIconImage,30,28,
0x00c847e0,BeaconName,0xe4,PlayerTemplate,m_beaconTemplate,30,28,
0x00c847e0,LightPointsUpSound,0x100,,,30,28,no upstream key
0x00c847e0,ObjectiveAddedSound,0x104,,,30,28,no upstream key
0x00c847e0,ObjectiveCompletedSound,0x108,,,30,28,no upstream key
0x00c847e0,InitialUpgrades,0xe8,,,30,28,no upstream key
0x00c847e0,DefaultPlayerAIType,0x10c,,,30,28,no upstream key
0x00c847e0,SpellBook,0x110,,,30,28,no upstream key
0x00c847e0,SpellBookMp,0x114,,,30,28,no upstream key
0x00c847e0,MaxLevelMP,0xc4,,,30,28,no upstream key
0x00c847e0,MaxLevelSP,0xc8,,,30,28,no upstream key
0x00c847e0,Evil,0x118,,,30,28,no upstream key
0x00c847e0,BuildableHeroesMP,0xf4,,,30,28,no upstream key
0x00c847e0,SpellStoreCurrentPowerLabel,0x11c,,,30,28,no upstream key
0x00c847e0,SpellStoreMaximumPowerLabel,0x120,,,30,28,no upstream key
0x00c84d40,PrerequisiteSciences,0x18,ScienceInfo,m_prereqSciences,5,3,
0x00c84d40,SciencePurchasePointCost,0x24,ScienceInfo,m_sciencePurchasePointCost,5,3,
0x00c84d40,SciencePurchasePointCostMP,0x28,,,5,3,no upstream key
0x00c84d40,IsGrantable,0x2c,ScienceInfo,m_grantable,5,3,
0x00c84d40,DisplayName,0x10,ScienceInfo,m_name,5,3,vote picked from MetaMapRec::m_displayName|PlayerTemplate::m_displayName|ThingTemplate::m_displayName|UpgradeTemplate::m_displayNameLabel
0x00c84d40,Description,0x14,ScienceInfo,m_description,5,3,vote picked from MetaMapRec::m_description
0x00c88b60,DisplayName,0x10,UpgradeTemplate,m_displayNameLabel,7,3,vote picked from MetaMapRec::m_displayName|PlayerTemplate::m_displayName|ScienceInfo::m_name|ThingTemplate::m_displayName
0x00c88b60,Tooltip,0x14,,,7,3,no upstream key
0x00c88b60,Type,0x4,UpgradeTemplate,m_type,7,3,vote picked from AudioEventInfo::m_type|ParticleSystemTemplate::m_particleType|TerrainScorchFXNugget::m_scorch|ViewShakeFXNugget::m_shake
0x00c88b60,BuildTime,0x18,UpgradeTemplate,m_buildTime,7,3,vote picked from ThingTemplate::m_buildTime
0x00c88b60,BuildCost,0x1c,UpgradeTemplate,m_cost,7,3,vote picked from ThingTemplate::m_buildCost
0x00c88b60,ButtonImage,0x110,UpgradeTemplate,m_buttonImageName,7,3,vote picked from CommandButton::m_buttonImageName|ThingTemplate::m_buttonImageName
0x00c88b60,ResearchSound,0x28,UpgradeTemplate,m_researchSound,7,3,
0x00c88b60,UnitSpecificSound,0x98,UpgradeTemplate,m_unitSpecificSound,7,3,vote picked from CommandButton::m_unitSpecificSound
0x00c88b60,UpgradeFX,0x24,,,7,3,no upstream key
0x00c88b60,Cursor,0x118,,,7,3,no upstream key
0x00c88b60,PersistsInCampaign,0x11c,,,7,3,no upstream key
0x00c88b60,NoUpgradeDiscount,0x11d,,,7,3,no upstream key
0x00c898a0,TriggeredBy,0x30,UpgradeMuxData,m_activationUpgradeNames,5,5,
0x00c898a0,ConflictsWith,0x3c,UpgradeMuxData,m_conflictingUpgradeNames,5,5,
0x00c898a0,RemovesUpgrades,0x48,UpgradeMuxData,m_removalUpgradeNames,5,5,
0x00c898a0,FXListUpgrade,0x54,UpgradeMuxData,m_fxListUpgrade,5,5,
0x00c898a0,RequiresAllTriggers,0x58,UpgradeMuxData,m_requiresAllTriggers,5,5,
0x00c898a0,CustomAnimAndDuration,0x5c,,,5,5,no upstream key
0x00c89934,CaveIndex,0x168,CaveContainModuleData,m_caveIndexData,1,1,
0x00c899c8,TimeForFullHeal,0x168,,,1,0,ambiguous: GarrisonContainModuleData::m_framesForFullHeal|HealContainModuleData::m_framesForFullHeal|ParkingPlaceBehaviorModuleData::m_framesForFullHeal|RepairDockUpdateModuleData::m_framesForFullHeal|TunnelContainModuleData::m_framesForFullHeal
0x00c89ac8,FleeRange,0x64,,,0,0,no upstream key
0x00c89ac8,FleeDistance,0x68,,,0,0,no upstream key
0x00c89ac8,WanderPercentage,0x6c,,,0,0,no upstream key
0x00c89ac8,MaxWanderDistance,0x70,,,0,0,no upstream key
0x00c89ac8,MaxWanderRadius,0x74,,,0,0,no upstream key
0x00c89ac8,UpdateTimer,0x78,,,0,0,no upstream key
0x00c89ac8,AfraidOfCastles,0x7c,,,0,0,no upstream key
0x00c89c48,UnpackTime,0x64,DeployStyleAIUpdateModuleData,m_unpackTime,5,3,vote picked from HackInternetAIUpdateModuleData::m_unpackTime|SpecialAbilityUpdateModuleData::m_unpackTime
0x00c89c48,PackTime,0x68,DeployStyleAIUpdateModuleData,m_packTime,5,3,vote picked from HackInternetAIUpdateModuleData::m_packTime|SpecialAbilityUpdateModuleData::m_packTime
0x00c89c48,ResetTurretBeforePacking,0x6c,DeployStyleAIUpdateModuleData,m_resetTurretBeforePacking,5,3,
0x00c89c48,TurretsFunctionOnlyWhenDeployed,0x6d,DeployStyleAIUpdateModuleData,m_turretsFunctionOnlyWhenDeployed,5,3,
0x00c89c48,TurretsMustCenterBeforePacking,0x6e,DeployStyleAIUpdateModuleData,m_turretsMustCenterBeforePacking,5,3,
0x00c89d68,MembersGetHealedAtLifeRatio,0x64,AssaultTransportAIUpdateModuleData,m_membersGetHealedAtLifeRatio,2,2,
0x00c89d68,ClearRangeRequiredToContinueAttackMove,0x68,AssaultTransportAIUpdateModuleData,m_clearRangeRequiredToContinueAttackMove,2,2,
0x00c89e10,WeaponTemplate,0x254,PointDefenseLaserUpdateModuleData,m_weaponTemplate,1,1,
0x00c89e10,TargetRadius,0x258,,,1,1,no upstream key
0x00c89e10,ShotsPerTarget,0x25c,,,1,1,no upstream key
0x00c89e10,ShotsPerBurst,0x260,,,1,1,no upstream key
0x00c89e10,MaxShots,0x264,,,1,1,no upstream key
0x00c89e10,CanShootEmptyGround,0x268,,,1,1,no upstream key
0x00c89f00,WhichSpecialPower,0x254,,,0,0,no upstream key
0x00c89f00,GenerateTerror,0x258,,,0,0,no upstream key
0x00c89f00,GenerateUncontrollableFear,0x259,,,0,0,no upstream key
0x00c89f00,EmotionPulseRadius,0x25c,,,0,0,no upstream key
0x00c89fb0,HeroAttributeModifier,0x254,,,0,0,no upstream key
0x00c89fb0,HeroEffectDuration,0x258,,,0,0,no upstream key
0x00c89fb0,UseUSERModelcondition,0x25c,,,0,0,no upstream key
0x00c8a02c,WeaponsetEffectDuration,0x254,,,0,0,no upstream key
0x00c8a02c,WhichWeaponSet,0x258,,,0,0,no upstream key
0x00c8a0d0,SpecialWeapon,0x254,,,0,0,no upstream key
0x00c8a0d0,WhichSpecialWeapon,0x258,,,0,0,no upstream key
0x00c8a0d0,SkipContinue,0x25c,,,0,0,no upstream key
0x00c8a0d0,BusyForDuration,0x260,,,0,0,no upstream key
0x00c8a0d0,NeedLivingTargets,0x264,,,0,0,no upstream key
0x00c8a4e8,MaxBoxes,0x64,,,5,0,ambiguous: SupplyTruckAIUpdateModuleData::m_maxBoxesData|WorkerAIUpdateModuleData::m_maxBoxesData
0x00c8a4e8,SupplyCenterActionDelay,0x68,,,5,0,ambiguous: SupplyTruckAIUpdateModuleData::m_centerDelay|WorkerAIUpdateModuleData::m_centerDelay
0x00c8a4e8,SupplyWarehouseActionDelay,0x6c,,,5,0,ambiguous: SupplyTruckAIUpdateModuleData::m_warehouseDelay|WorkerAIUpdateModuleData::m_warehouseDelay
0x00c8a4e8,SupplyWarehouseScanDistance,0x70,,,5,0,ambiguous: SupplyTruckAIUpdateModuleData::m_warehouseScanDistance|WorkerAIUpdateModuleData::m_warehouseScanDistance
0x00c8a4e8,HarvestTrees,0x74,,,5,0,no upstream key
0x00c8a4e8,SuppliesDepletedVoice,0x84,,,5,0,ambiguous: SupplyTruckAIUpdateModuleData::m_suppliesDepletedVoice|WorkerAIUpdateModuleData::m_suppliesDepletedVoice
0x00c8a4e8,HarvestActivationRange,0x78,,,5,0,no upstream key
0x00c8a4e8,HarvestPreparationTime,0x7c,,,5,0,no upstream key
0x00c8a4e8,HarvestActionTime,0x80,,,5,0,no upstream key
0x00c8a630,WildBeast,0x64,,,0,0,no upstream key
0x00c8a630,ConditionForEntry,0x68,,,0,0,no upstream key
0x00c8a630,Selectable,0x6c,,,0,0,no upstream key
0x00c8a718,MaxBoxes,0x64,WorkerAIUpdateModuleData,m_maxBoxesData,8,3,vote picked from SupplyTruckAIUpdateModuleData::m_maxBoxesData
0x00c8a718,RepairHealthPercentPerSecond,0x68,WorkerAIUpdateModuleData,m_repairHealthPercentPerSecond,8,3,vote picked from DozerAIUpdateModuleData::m_repairHealthPercentPerSecond
0x00c8a718,BoredTime,0x6c,WorkerAIUpdateModuleData,m_boredTime,8,3,vote picked from DozerAIUpdateModuleData::m_boredTime|POWTruckAIUpdateModuleData::m_boredTimeInFrames
0x00c8a718,BoredRange,0x70,WorkerAIUpdateModuleData,m_boredRange,8,3,vote picked from DozerAIUpdateModuleData::m_boredRange
0x00c8a718,SupplyCenterActionDelay,0x74,WorkerAIUpdateModuleData,m_centerDelay,8,3,vote picked from SupplyTruckAIUpdateModuleData::m_centerDelay
0x00c8a718,SupplyWarehouseActionDelay,0x78,WorkerAIUpdateModuleData,m_warehouseDelay,8,3,vote picked from SupplyTruckAIUpdateModuleData::m_warehouseDelay
0x00c8a718,SupplyWarehouseScanDistance,0x7c,WorkerAIUpdateModuleData,m_warehouseScanDistance,8,3,vote picked from SupplyTruckAIUpdateModuleData::m_warehouseScanDistance
0x00c8a718,HarvestTrees,0x80,,,8,3,no upstream key
0x00c8a718,SuppliesDepletedVoice,0x90,WorkerAIUpdateModuleData,m_suppliesDepletedVoice,8,3,vote picked from SupplyTruckAIUpdateModuleData::m_suppliesDepletedVoice
0x00c8a718,HarvestActivationRange,0x84,,,8,3,no upstream key
0x00c8a718,HarvestPreparationTime,0x88,,,8,3,no upstream key
0x00c8a718,HarvestActionTime,0x8c,,,8,3,no upstream key
0x00c8a868,OpacityTarget,0x254,,,0,0,no upstream key
0x00c8a868,TriggerInstantlyOnCreate,0x258,,,0,0,no upstream key
0x00c8a868,CancelDisguiseWhenDismounting,0x259,,,0,0,no upstream key
0x00c8a940,OpacityTarget,0x258,,,1,1,no upstream key
0x00c8a940,TriggerInstantlyOnCreate,0x254,,,1,1,no upstream key
0x00c8a940,DisguiseAsTemplate,0x25c,,,1,1,no upstream key
0x00c8a940,DisguisedAsTemplate_EnemyPerspective,0x260,,,1,1,no upstream key
0x00c8a940,DisguiseFX,0x264,StealthUpdateModuleData,m_disguiseFX,1,1,
0x00c8a940,ForceMountedWhenDisguising,0x268,,,1,1,no upstream key
0x00c8a9d8,MoneyProvided,0x54,MoneyCrateCollideModuleData,m_moneyProvided,1,1,
0x00c8aa18,UnitCount,0x54,UnitCrateCollideModuleData,m_unitCount,2,2,
0x00c8aa18,UnitName,0x58,UnitCrateCollideModuleData,m_unitType,2,2,
0x00c8aaa0,EffectRange,0x54,VeterancyCrateCollideModuleData,m_rangeOfEffect,3,3,
0x00c8aaa0,AddsOwnerVeterancy,0x58,VeterancyCrateCollideModuleData,m_addsOwnerVeterancy,3,3,
0x00c8aaa0,IsPilot,0x59,VeterancyCrateCollideModuleData,m_isPilot,3,3,
0x00c8aaa0,AffectsUpToLevel,0x5c,,,3,3,no upstream key
0x00c8ab88,PorterChance,0x54,,,0,0,no upstream key
0x00c8ab88,BannerChance,0x58,,,0,0,no upstream key
0x00c8ab88,LevelUpChance,0x5c,,,0,0,no upstream key
0x00c8ab88,LevelUpRadius,0x60,,,0,0,no upstream key
0x00c8ab88,ResourceChance,0x64,,,0,0,no upstream key
0x00c8ab88,MinResource,0x68,,,0,0,no upstream key
0x00c8ab88,MaxResource,0x6c,,,0,0,no upstream key
0x00c8ab88,AllowAIPickup,0x70,,,0,0,no upstream key
0x00c8ac54,Symbiote,0x5c,,,0,0,no upstream key
0x00c8ac7c,SpecialWeapon,0x254,,,0,0,no upstream key
0x00c8ac7c,WhichSpecialWeapon,0x258,,,0,0,no upstream key
0x00c8aef4,RepairHealthPercentPerSecond,0x8,,,1,0,ambiguous: DozerAIUpdateModuleData::m_repairHealthPercentPerSecond|WorkerAIUpdateModuleData::m_repairHealthPercentPerSecond
0x00c8b0d0,SpawnNumber,0x8,SpawnBehaviorModuleData,m_spawnNumberData,10,9,
0x00c8b0d0,SpawnReplaceDelay,0xc,SpawnBehaviorModuleData,m_spawnReplaceDelayData,10,9,
0x00c8b0d0,OneShot,0x14,SpawnBehaviorModuleData,m_isOneShotData,10,9,
0x00c8b0d0,CanReclaimOrphans,0x15,SpawnBehaviorModuleData,m_canReclaimOrphans,10,9,
0x00c8b0d0,AggregateHealth,0x16,SpawnBehaviorModuleData,m_aggregateHealth,10,9,
0x00c8b0d0,ExitByBudding,0x17,SpawnBehaviorModuleData,m_exitByBudding,10,9,
0x00c8b0d0,SpawnTemplateName,0x20,SpawnBehaviorModuleData,m_spawnTemplateNameData,10,9,
0x00c8b0d0,SpawnedRequireSpawner,0x18,SpawnBehaviorModuleData,m_spawnedRequireSpawner,10,9,
0x00c8b0d0,PropagateDamageTypesToSlavesWhenExisting,0x1c,SpawnBehaviorModuleData,m_damageTypesToPropagateToSlaves,10,9,vote picked from HiveStructureBodyModuleData::m_damageTypesToPropagateToSlaves
0x00c8b0d0,InitialBurst,0x10,SpawnBehaviorModuleData,m_initialBurst,10,9,vote picked from QueueProductionExitUpdateModuleData::m_initialBurst
0x00c8b0d0,RespectCommandLimit,0x19,,,10,9,no upstream key
0x00c8b330,StartsActive,0x70,FireWeaponWhenDamagedBehaviorModuleData,m_initiallyActive,11,10,vote picked from AutoHealBehaviorModuleData::m_initiallyActive|FXListDieModuleData::m_initiallyActive|FireWeaponWhenDeadBehaviorModuleData::m_initiallyActive
0x00c8b330,ReactionWeaponPristine,0x7c,FireWeaponWhenDamagedBehaviorModuleData,m_reactionWeaponPristine,11,10,
0x00c8b330,ReactionWeaponDamaged,0x80,FireWeaponWhenDamagedBehaviorModuleData,m_reactionWeaponDamaged,11,10,
0x00c8b330,ReactionWeaponReallyDamaged,0x84,FireWeaponWhenDamagedBehaviorModuleData,m_reactionWeaponReallyDamaged,11,10,
0x00c8b330,ReactionWeaponRubble,0x88,FireWeaponWhenDamagedBehaviorModuleData,m_reactionWeaponRubble,11,10,
0x00c8b330,ContinuousWeaponPristine,0x8c,FireWeaponWhenDamagedBehaviorModuleData,m_continuousWeaponPristine,11,10,
0x00c8b330,ContinuousWeaponDamaged,0x90,FireWeaponWhenDamagedBehaviorModuleData,m_continuousWeaponDamaged,11,10,
0x00c8b330,ContinuousWeaponReallyDamaged,0x94,FireWeaponWhenDamagedBehaviorModuleData,m_continuousWeaponReallyDamaged,11,10,
0x00c8b330,ContinuousWeaponRubble,0x98,FireWeaponWhenDamagedBehaviorModuleData,m_continuousWeaponRubble,11,10,
0x00c8b330,DamageTypes,0x74,FireWeaponWhenDamagedBehaviorModuleData,m_damageTypes,11,10,vote picked from DamageModuleData::m_damageTypes
0x00c8b330,DamageAmount,0x78,FireWeaponWhenDamagedBehaviorModuleData,m_damageAmount,11,10,vote picked from FirestormDynamicGeometryInfoUpdateModuleData::m_damageAmount|WaveGuideUpdateModuleData::m_damageAmount
0x00c8b468,StartsActive,0x70,FireWeaponWhenDeadBehaviorModuleData,m_initiallyActive,2,1,vote picked from AutoHealBehaviorModuleData::m_initiallyActive|FXListDieModuleData::m_initiallyActive|FireWeaponWhenDamagedBehaviorModuleData::m_initiallyActive
0x00c8b468,ActiveDuringConstruction,0x71,,,2,1,no upstream key
0x00c8b468,DelayTime,0x74,DelayedUpgradeModuleData,m_delayTime,2,1,sole candidate; table votes FireWeaponWhenDeadBehaviorModuleData
0x00c8b468,DeathWeapon,0xb0,FireWeaponWhenDeadBehaviorModuleData,m_deathWeapon,2,1,
0x00c8b468,WeaponOffset,0x78,,,2,1,no upstream key
0x00c8b560,UpgradeRequired,0x34,,,1,0,ambiguous: BunkerBusterBehaviorModuleData::m_upgradeRequired|PropagandaTowerBehaviorModuleData::m_upgradeRequired
0x00c8b560,BuildingRequired,0x3c,,,1,0,no upstream key
0x00c8b560,RefundPercent,0x38,GlobalData,m_RefundPercent,1,0,sole candidate; table vote decided nothing
0x00c8b5ac,CrateData,0x0,,,0,0,no upstream key
0x00c8b6d0,TotalCrushSound,0x34,CrushDieModuleData,m_crushSounds,6,6,
0x00c8b6d0,BackEndCrushSound,0xa4,CrushDieModuleData,m_crushSounds,6,6,
0x00c8b6d0,FrontEndCrushSound,0x114,CrushDieModuleData,m_crushSounds,6,6,
0x00c8b6d0,TotalCrushSoundPercent,0x1f4,CrushDieModuleData,m_crushSoundPercent,6,6,
0x00c8b6d0,BackEndCrushSoundPercent,0x1f8,CrushDieModuleData,m_crushSoundPercent,6,6,
0x00c8b6d0,FrontEndCrushSoundPercent,0x1fc,CrushDieModuleData,m_crushSoundPercent,6,6,
0x00c8b7cc,DeathFX,0x34,FXListDieModuleData,m_defaultDeathFX,2,1,
0x00c8b7cc,OrientToObject,0x38,FXListDieModuleData,m_orientToObject,2,1,vote picked from ParticleSystemFXNugget::m_orientToObject
0x00c8b878,SpecialPowerTemplate,0x34,,,1,0,ambiguous: BattlePlanUpdateModuleData::m_specialPowerTemplate|MissileLauncherBuildingUpdateModuleData::m_specialPowerTemplate|ParticleUplinkCannonUpdateModuleData::m_specialPowerTemplate|SpecialAbilityUpdateModuleData::m_specialPowerTemplate|SpecialPowerCompletionDieModuleData::m_specialPowerTemplate|SpecialPowerModuleData::m_specialPowerTemplate|SpectreGunshipDeploymentUpdateModuleData::m_specialPowerTemplate|SpectreGunshipUpdateModuleData::m_specialPowerTemplate|UnpauseSpecialPowerUpgradeModuleData::m_specialPower
0x00c8b8b4,UpgradeToRemove,0x34,UpgradeDieModuleData,m_upgradeName,1,1,
0x00c8c210,DamageFXTypes,0x8,BoneFXUpdateModuleData,m_damageFXTypes,99,24,vote picked from StructureToppleUpdateModuleData::m_damageFXTypes|TransitionDamageFXModuleData::m_damageFXTypes
0x00c8c210,DamageOCLTypes,0x48c,BoneFXUpdateModuleData,m_damageOCLTypes,99,24,vote picked from TransitionDamageFXModuleData::m_damageOCLTypes
0x00c8c210,DamageParticleTypes,0x910,BoneFXUpdateModuleData,m_damageParticleTypes,99,24,vote picked from TransitionDamageFXModuleData::m_damageParticleTypes
0x00c8c210,PristineFXList1,0xc,BoneFXUpdateModuleData,m_fxList,99,24,
0x00c8c210,PristineFXList2,0x30,BoneFXUpdateModuleData,m_fxList,99,24,
0x00c8c210,PristineFXList3,0x54,BoneFXUpdateModuleData,m_fxList,99,24,
0x00c8c210,PristineFXList4,0x78,BoneFXUpdateModuleData,m_fxList,99,24,
0x00c8c210,PristineFXList5,0x9c,BoneFXUpdateModuleData,m_fxList,99,24,
0x00c8c210,PristineFXList6,0xc0,BoneFXUpdateModuleData,m_fxList,99,24,
0x00c8c210,PristineFXList7,0xe4,BoneFXUpdateModuleData,m_fxList,99,24,
0x00c8c210,PristineFXList8,0x108,BoneFXUpdateModuleData,m_fxList,99,24,
0x00c8c210,DamagedFXList1,0x12c,BoneFXUpdateModuleData,m_fxList,99,24,vote picked from TransitionDamageFXModuleData::m_fxList
0x00c8c210,DamagedFXList2,0x150,BoneFXUpdateModuleData,m_fxList,99,24,vote picked from TransitionDamageFXModuleData::m_fxList
0x00c8c210,DamagedFXList3,0x174,BoneFXUpdateModuleData,m_fxList,99,24,vote picked from TransitionDamageFXModuleData::m_fxList
0x00c8c210,DamagedFXList4,0x198,BoneFXUpdateModuleData,m_fxList,99,24,vote picked from TransitionDamageFXModuleData::m_fxList
0x00c8c210,DamagedFXList5,0x1bc,BoneFXUpdateModuleData,m_fxList,99,24,vote picked from TransitionDamageFXModuleData::m_fxList
0x00c8c210,DamagedFXList6,0x1e0,BoneFXUpdateModuleData,m_fxList,99,24,vote picked from TransitionDamageFXModuleData::m_fxList
0x00c8c210,DamagedFXList7,0x204,BoneFXUpdateModuleData,m_fxList,99,24,vote picked from TransitionDamageFXModuleData::m_fxList
0x00c8c210,DamagedFXList8,0x228,BoneFXUpdateModuleData,m_fxList,99,24,vote picked from TransitionDamageFXModuleData::m_fxList
0x00c8c210,ReallyDamagedFXList1,0x24c,BoneFXUpdateModuleData,m_fxList,99,24,vote picked from TransitionDamageFXModuleData::m_fxList
0x00c8c210,ReallyDamagedFXList2,0x270,BoneFXUpdateModuleData,m_fxList,99,24,vote picked from TransitionDamageFXModuleData::m_fxList
0x00c8c210,ReallyDamagedFXList3,0x294,BoneFXUpdateModuleData,m_fxList,99,24,vote picked from TransitionDamageFXModuleData::m_fxList
0x00c8c210,ReallyDamagedFXList4,0x2b8,BoneFXUpdateModuleData,m_fxList,99,24,vote picked from TransitionDamageFXModuleData::m_fxList
0x00c8c210,ReallyDamagedFXList5,0x2dc,BoneFXUpdateModuleData,m_fxList,99,24,vote picked from TransitionDamageFXModuleData::m_fxList
0x00c8c210,ReallyDamagedFXList6,0x300,BoneFXUpdateModuleData,m_fxList,99,24,vote picked from TransitionDamageFXModuleData::m_fxList
0x00c8c210,ReallyDamagedFXList7,0x324,BoneFXUpdateModuleData,m_fxList,99,24,vote picked from TransitionDamageFXModuleData::m_fxList
0x00c8c210,ReallyDamagedFXList8,0x348,BoneFXUpdateModuleData,m_fxList,99,24,vote picked from TransitionDamageFXModuleData::m_fxList
0x00c8c210,RubbleFXList1,0x36c,BoneFXUpdateModuleData,m_fxList,99,24,vote picked from TransitionDamageFXModuleData::m_fxList
0x00c8c210,RubbleFXList2,0x390,BoneFXUpdateModuleData,m_fxList,99,24,vote picked from TransitionDamageFXModuleData::m_fxList
0x00c8c210,RubbleFXList3,0x3b4,BoneFXUpdateModuleData,m_fxList,99,24,vote picked from TransitionDamageFXModuleData::m_fxList
0x00c8c210,RubbleFXList4,0x3d8,BoneFXUpdateModuleData,m_fxList,99,24,vote picked from TransitionDamageFXModuleData::m_fxList
0x00c8c210,RubbleFXList5,0x3fc,BoneFXUpdateModuleData,m_fxList,99,24,vote picked from TransitionDamageFXModuleData::m_fxList
0x00c8c210,RubbleFXList6,0x420,BoneFXUpdateModuleData,m_fxList,99,24,vote picked from TransitionDamageFXModuleData::m_fxList
0x00c8c210,RubbleFXList7,0x444,BoneFXUpdateModuleData,m_fxList,99,24,vote picked from TransitionDamageFXModuleData::m_fxList
0x00c8c210,RubbleFXList8,0x468,BoneFXUpdateModuleData,m_fxList,99,24,vote picked from TransitionDamageFXModuleData::m_fxList
0x00c8c210,PristineOCL1,0x490,BoneFXUpdateModuleData,m_OCL,99,24,
0x00c8c210,PristineOCL2,0x4b4,BoneFXUpdateModuleData,m_OCL,99,24,
0x00c8c210,PristineOCL3,0x4d8,BoneFXUpdateModuleData,m_OCL,99,24,
0x00c8c210,PristineOCL4,0x4fc,BoneFXUpdateModuleData,m_OCL,99,24,
0x00c8c210,PristineOCL5,0x520,BoneFXUpdateModuleData,m_OCL,99,24,
0x00c8c210,PristineOCL6,0x544,BoneFXUpdateModuleData,m_OCL,99,24,
0x00c8c210,PristineOCL7,0x568,BoneFXUpdateModuleData,m_OCL,99,24,
0x00c8c210,PristineOCL8,0x58c,BoneFXUpdateModuleData,m_OCL,99,24,
0x00c8c210,DamagedOCL1,0x5b0,BoneFXUpdateModuleData,m_OCL,99,24,vote picked from TransitionDamageFXModuleData::m_OCL
0x00c8c210,DamagedOCL2,0x5d4,BoneFXUpdateModuleData,m_OCL,99,24,vote picked from TransitionDamageFXModuleData::m_OCL
0x00c8c210,DamagedOCL3,0x5f8,BoneFXUpdateModuleData,m_OCL,99,24,vote picked from TransitionDamageFXModuleData::m_OCL
0x00c8c210,DamagedOCL4,0x61c,BoneFXUpdateModuleData,m_OCL,99,24,vote picked from TransitionDamageFXModuleData::m_OCL
0x00c8c210,DamagedOCL5,0x640,BoneFXUpdateModuleData,m_OCL,99,24,vote picked from TransitionDamageFXModuleData::m_OCL
0x00c8c210,DamagedOCL6,0x664,BoneFXUpdateModuleData,m_OCL,99,24,vote picked from TransitionDamageFXModuleData::m_OCL
0x00c8c210,DamagedOCL7,0x688,BoneFXUpdateModuleData,m_OCL,99,24,vote picked from TransitionDamageFXModuleData::m_OCL
0x00c8c210,DamagedOCL8,0x6ac,BoneFXUpdateModuleData,m_OCL,99,24,vote picked from TransitionDamageFXModuleData::m_OCL
0x00c8c210,ReallyDamagedOCL1,0x6d0,BoneFXUpdateModuleData,m_OCL,99,24,vote picked from TransitionDamageFXModuleData::m_OCL
0x00c8c210,ReallyDamagedOCL2,0x6f4,BoneFXUpdateModuleData,m_OCL,99,24,vote picked from TransitionDamageFXModuleData::m_OCL
0x00c8c210,ReallyDamagedOCL3,0x718,BoneFXUpdateModuleData,m_OCL,99,24,vote picked from TransitionDamageFXModuleData::m_OCL
0x00c8c210,ReallyDamagedOCL4,0x73c,BoneFXUpdateModuleData,m_OCL,99,24,vote picked from TransitionDamageFXModuleData::m_OCL
0x00c8c210,ReallyDamagedOCL5,0x760,BoneFXUpdateModuleData,m_OCL,99,24,vote picked from TransitionDamageFXModuleData::m_OCL
0x00c8c210,ReallyDamagedOCL6,0x784,BoneFXUpdateModuleData,m_OCL,99,24,vote picked from TransitionDamageFXModuleData::m_OCL
0x00c8c210,ReallyDamagedOCL7,0x7a8,BoneFXUpdateModuleData,m_OCL,99,24,vote picked from TransitionDamageFXModuleData::m_OCL
0x00c8c210,ReallyDamagedOCL8,0x7cc,BoneFXUpdateModuleData,m_OCL,99,24,vote picked from TransitionDamageFXModuleData::m_OCL
0x00c8c210,RubbleOCL1,0x7f0,BoneFXUpdateModuleData,m_OCL,99,24,vote picked from TransitionDamageFXModuleData::m_OCL
0x00c8c210,RubbleOCL2,0x814,BoneFXUpdateModuleData,m_OCL,99,24,vote picked from TransitionDamageFXModuleData::m_OCL
0x00c8c210,RubbleOCL3,0x838,BoneFXUpdateModuleData,m_OCL,99,24,vote picked from TransitionDamageFXModuleData::m_OCL
0x00c8c210,RubbleOCL4,0x85c,BoneFXUpdateModuleData,m_OCL,99,24,vote picked from TransitionDamageFXModuleData::m_OCL
0x00c8c210,RubbleOCL5,0x880,BoneFXUpdateModuleData,m_OCL,99,24,vote picked from TransitionDamageFXModuleData::m_OCL
0x00c8c210,RubbleOCL6,0x8a4,BoneFXUpdateModuleData,m_OCL,99,24,vote picked from TransitionDamageFXModuleData::m_OCL
0x00c8c210,RubbleOCL7,0x8c8,BoneFXUpdateModuleData,m_OCL,99,24,vote picked from TransitionDamageFXModuleData::m_OCL
0x00c8c210,RubbleOCL8,0x8ec,BoneFXUpdateModuleData,m_OCL,99,24,vote picked from TransitionDamageFXModuleData::m_OCL
0x00c8c210,PristineParticleSystem1,0x914,BoneFXUpdateModuleData,m_particleSystem,99,24,
0x00c8c210,PristineParticleSystem2,0x938,BoneFXUpdateModuleData,m_particleSystem,99,24,
0x00c8c210,PristineParticleSystem3,0x95c,BoneFXUpdateModuleData,m_particleSystem,99,24,
0x00c8c210,PristineParticleSystem4,0x980,BoneFXUpdateModuleData,m_particleSystem,99,24,
0x00c8c210,PristineParticleSystem5,0x9a4,BoneFXUpdateModuleData,m_particleSystem,99,24,
0x00c8c210,PristineParticleSystem6,0x9c8,BoneFXUpdateModuleData,m_particleSystem,99,24,
0x00c8c210,PristineParticleSystem7,0x9ec,BoneFXUpdateModuleData,m_particleSystem,99,24,
0x00c8c210,PristineParticleSystem8,0xa10,BoneFXUpdateModuleData,m_particleSystem,99,24,
0x00c8c210,DamagedParticleSystem1,0xa34,BoneFXUpdateModuleData,m_particleSystem,99,24,vote picked from TransitionDamageFXModuleData::m_particleSystem
0x00c8c210,DamagedParticleSystem2,0xa58,BoneFXUpdateModuleData,m_particleSystem,99,24,vote picked from TransitionDamageFXModuleData::m_particleSystem
0x00c8c210,DamagedParticleSystem3,0xa7c,BoneFXUpdateModuleData,m_particleSystem,99,24,vote picked from TransitionDamageFXModuleData::m_particleSystem
0x00c8c210,DamagedParticleSystem4,0xaa0,BoneFXUpdateModuleData,m_particleSystem,99,24,vote picked from TransitionDamageFXModuleData::m_particleSystem
0x00c8c210,DamagedParticleSystem5,0xac4,BoneFXUpdateModuleData,m_particleSystem,99,24,vote picked from TransitionDamageFXModuleData::m_particleSystem
0x00c8c210,DamagedParticleSystem6,0xae8,BoneFXUpdateModuleData,m_particleSystem,99,24,vote picked from TransitionDamageFXModuleData::m_particleSystem
0x00c8c210,DamagedParticleSystem7,0xb0c,BoneFXUpdateModuleData,m_particleSystem,99,24,vote picked from TransitionDamageFXModuleData::m_particleSystem
0x00c8c210,DamagedParticleSystem8,0xb30,BoneFXUpdateModuleData,m_particleSystem,99,24,vote picked from TransitionDamageFXModuleData::m_particleSystem
0x00c8c210,ReallyDamagedParticleSystem1,0xb54,BoneFXUpdateModuleData,m_particleSystem,99,24,vote picked from TransitionDamageFXModuleData::m_particleSystem
0x00c8c210,ReallyDamagedParticleSystem2,0xb78,BoneFXUpdateModuleData,m_particleSystem,99,24,vote picked from TransitionDamageFXModuleData::m_particleSystem
0x00c8c210,ReallyDamagedParticleSystem3,0xb9c,BoneFXUpdateModuleData,m_particleSystem,99,24,vote picked from TransitionDamageFXModuleData::m_particleSystem
0x00c8c210,ReallyDamagedParticleSystem4,0xbc0,BoneFXUpdateModuleData,m_particleSystem,99,24,vote picked from TransitionDamageFXModuleData::m_particleSystem
0x00c8c210,ReallyDamagedParticleSystem5,0xbe4,BoneFXUpdateModuleData,m_particleSystem,99,24,vote picked from TransitionDamageFXModuleData::m_particleSystem
0x00c8c210,ReallyDamagedParticleSystem6,0xc08,BoneFXUpdateModuleData,m_particleSystem,99,24,vote picked from TransitionDamageFXModuleData::m_particleSystem
0x00c8c210,ReallyDamagedParticleSystem7,0xc2c,BoneFXUpdateModuleData,m_particleSystem,99,24,vote picked from TransitionDamageFXModuleData::m_particleSystem
0x00c8c210,ReallyDamagedParticleSystem8,0xc50,BoneFXUpdateModuleData,m_particleSystem,99,24,vote picked from TransitionDamageFXModuleData::m_particleSystem
0x00c8c210,RubbleParticleSystem1,0xc74,BoneFXUpdateModuleData,m_particleSystem,99,24,vote picked from TransitionDamageFXModuleData::m_particleSystem
0x00c8c210,RubbleParticleSystem2,0xc98,BoneFXUpdateModuleData,m_particleSystem,99,24,vote picked from TransitionDamageFXModuleData::m_particleSystem
0x00c8c210,RubbleParticleSystem3,0xcbc,BoneFXUpdateModuleData,m_particleSystem,99,24,vote picked from TransitionDamageFXModuleData::m_particleSystem
0x00c8c210,RubbleParticleSystem4,0xce0,BoneFXUpdateModuleData,m_particleSystem,99,24,vote picked from TransitionDamageFXModuleData::m_particleSystem
0x00c8c210,RubbleParticleSystem5,0xd04,BoneFXUpdateModuleData,m_particleSystem,99,24,vote picked from TransitionDamageFXModuleData::m_particleSystem
0x00c8c210,RubbleParticleSystem6,0xd28,BoneFXUpdateModuleData,m_particleSystem,99,24,vote picked from TransitionDamageFXModuleData::m_particleSystem
0x00c8c210,RubbleParticleSystem7,0xd4c,BoneFXUpdateModuleData,m_particleSystem,99,24,vote picked from TransitionDamageFXModuleData::m_particleSystem
0x00c8c210,RubbleParticleSystem8,0xd70,BoneFXUpdateModuleData,m_particleSystem,99,24,vote picked from TransitionDamageFXModuleData::m_particleSystem
0x00c8ca10,UnitCreatePoint,0x8,,,2,0,ambiguous: DefaultProductionExitUpdateModuleData::m_unitCreatePoint|QueueProductionExitUpdateModuleData::m_unitCreatePoint|SupplyCenterProductionExitUpdateModuleData::m_unitCreatePoint
0x00c8ca10,NaturalRallyPoint,0x14,,,2,0,ambiguous: DefaultProductionExitUpdateModuleData::m_naturalRallyPoint|QueueProductionExitUpdateModuleData::m_naturalRallyPoint|SupplyCenterProductionExitUpdateModuleData::m_naturalRallyPoint
0x00c8cac4,MinLifetime,0x8,,,2,0,ambiguous: DeletionUpdateModuleData::m_minFrames|GenericObjectCreationNugget::m_minFrames|LifetimeUpdateModuleData::m_minFrames
0x00c8cac4,MaxLifetime,0xc,,,2,0,ambiguous: DeletionUpdateModuleData::m_maxFrames|GenericObjectCreationNugget::m_maxFrames|LifetimeUpdateModuleData::m_maxFrames
0x00c8cc38,OpenByDefault,0x8,,,0,0,no upstream key
0x00c8cc38,ResetTimeInMilliseconds,0xc,,,0,0,no upstream key
0x00c8cc38,PercentOpenForPathing,0x10,,,0,0,no upstream key
0x00c8cc38,Proxy,0x14,,,0,0,no upstream key
0x00c8cc38,GeometryForOpen,0x28,,,0,0,no upstream key
0x00c8cc38,GeometryForClosed,0x34,,,0,0,no upstream key
0x00c8cc38,SoundOpeningGateLoop,0x18,,,0,0,no upstream key
0x00c8cc38,SoundFinishedOpeningGate,0x1c,,,0,0,no upstream key
0x00c8cc38,SoundClosingGateLoop,0x20,,,0,0,no upstream key
0x00c8cc38,SoundFinishedClosingGate,0x24,,,0,0,no upstream key
0x00c8cc38,TimeBeforePlayingOpenSound,0x40,,,0,0,no upstream key
0x00c8cc38,TimeBeforePlayingClosedSound,0x44,,,0,0,no upstream key
0x00c8cdc0,SpecialEnemyFilter,0x8,,,1,0,no upstream key
0x00c8cdc0,ScanRange,0xc,,,1,0,ambiguous: AutoFindHealingUpdateModuleData::m_scanRange|CleanupHazardUpdateModuleData::m_scanRange|CommandButtonHuntUpdateModuleData::m_scanRange|PilotFindVehicleUpdateModuleData::m_scanRange|PointDefenseLaserUpdateModuleData::m_scanRange
0x00c8cdc0,ScanInterval,0x10,,,1,0,no upstream key
0x00c8cf38,DepositTiming,0x8,AutoDepositUpdateModuleData,m_depositFrame,3,2,
0x00c8cf38,Upgrade,0x14,CommandButton,m_upgradeTemplate,3,2,sole candidate; table votes AutoDepositUpdateModuleData
0x00c8cf38,DepositAmount,0xc,AutoDepositUpdateModuleData,m_depositAmount,3,2,
0x00c8cf38,InitialCaptureBonus,0x10,AutoDepositUpdateModuleData,m_initialCaptureBonus,3,2,
0x00c8cf38,UpgradeBonusPercent,0x18,,,3,2,no upstream key
0x00c8cf38,UpgradeMustBePresent,0x1c,,,3,2,no upstream key
0x00c8d080,UnitCreatePoint,0x8,QueueProductionExitUpdateModuleData,m_unitCreatePoint,5,3,vote picked from DefaultProductionExitUpdateModuleData::m_unitCreatePoint|SupplyCenterProductionExitUpdateModuleData::m_unitCreatePoint
0x00c8d080,PlacementViewAngle,0x2c,ThingTemplate,m_placementViewAngle,5,3,sole candidate; table votes QueueProductionExitUpdateModuleData
0x00c8d080,NaturalRallyPoint,0x14,QueueProductionExitUpdateModuleData,m_naturalRallyPoint,5,3,vote picked from DefaultProductionExitUpdateModuleData::m_naturalRallyPoint|SupplyCenterProductionExitUpdateModuleData::m_naturalRallyPoint
0x00c8d080,ExitDelay,0x20,QueueProductionExitUpdateModuleData,m_exitDelayData,5,3,vote picked from TransportContainModuleData::m_exitDelay
0x00c8d080,AllowAirborneCreation,0x24,QueueProductionExitUpdateModuleData,m_allowAirborneCreationData,5,3,
0x00c8d080,InitialBurst,0x28,QueueProductionExitUpdateModuleData,m_initialBurst,5,3,vote picked from SpawnBehaviorModuleData::m_initialBurst
0x00c8d080,NoExitPath,0x30,,,5,3,no upstream key
0x00c8d080,CanRallyToSlaughter,0x31,,,5,3,no upstream key
0x00c8d140,RadarExtendTime,0x8,RadarUpdateModuleData,m_radarExtendTime,1,1,
0x00c8d318,GuardMaxRange,0x8,SlavedUpdateModuleData,m_guardMaxRange,19,18,
0x00c8d318,GuardWanderRange,0xc,SlavedUpdateModuleData,m_guardWanderRange,19,18,
0x00c8d318,AttackRange,0x10,SlavedUpdateModuleData,m_attackRange,19,18,vote picked from WeaponTemplate::m_attackRange
0x00c8d318,AttackWanderRange,0x14,SlavedUpdateModuleData,m_attackWanderRange,19,18,
0x00c8d318,ScoutRange,0x18,SlavedUpdateModuleData,m_scoutRange,19,18,
0x00c8d318,ScoutWanderRange,0x1c,SlavedUpdateModuleData,m_scoutWanderRange,19,18,
0x00c8d318,RepairRange,0x24,SlavedUpdateModuleData,m_repairRange,19,18,
0x00c8d318,RepairMinAltitude,0x28,SlavedUpdateModuleData,m_repairMinAltitude,19,18,
0x00c8d318,RepairMaxAltitude,0x2c,SlavedUpdateModuleData,m_repairMaxAltitude,19,18,
0x00c8d318,DistToTargetToGrantRangeBonus,0x20,SlavedUpdateModuleData,m_distToTargetToGrantRangeBonus,19,18,
0x00c8d318,RepairRatePerSecond,0x30,SlavedUpdateModuleData,m_repairRatePerSecond,19,18,
0x00c8d318,RepairWhenBelowHealth%,0x34,SlavedUpdateModuleData,m_repairWhenHealthBelowPercentage,19,18,
0x00c8d318,RepairMinReadyTime,0x38,SlavedUpdateModuleData,m_minReadyFrames,19,18,
0x00c8d318,RepairMaxReadyTime,0x3c,SlavedUpdateModuleData,m_maxReadyFrames,19,18,
0x00c8d318,RepairMinWeldTime,0x40,SlavedUpdateModuleData,m_minWeldFrames,19,18,
0x00c8d318,RepairMaxWeldTime,0x44,SlavedUpdateModuleData,m_maxWeldFrames,19,18,
0x00c8d318,RepairWeldingSys,0x48,SlavedUpdateModuleData,m_weldingSysName,19,18,
0x00c8d318,RepairWeldingFXBone,0x4c,SlavedUpdateModuleData,m_weldingFXBone,19,18,
0x00c8d318,StayOnSameLayerAsMaster,0x50,SlavedUpdateModuleData,m_stayOnSameLayerAsMaster,19,18,
0x00c8d4b0,SpawnPointBoneName,0x8,SpawnPointProductionExitUpdateModuleData,m_spawnPointBoneNameData,1,1,
0x00c8d500,AttachToTargetBone,0x8,HijackerUpdateModuleData,m_attachToBone,2,1,vote picked from StickyBombUpdateModuleData::m_attachToBone
0x00c8d500,ParachuteName,0xc,HijackerUpdateModuleData,m_parachuteName,2,1,
0x00c8d558,AttachToTargetBone,0x8,,,1,0,ambiguous: HijackerUpdateModuleData::m_attachToBone|StickyBombUpdateModuleData::m_attachToBone
0x00c8d558,Envelope,0xc,,,1,0,no upstream key
0x00c8d558,FollowTarget,0x34,,,1,0,no upstream key
0x00c8d5fc,UnitCreatePoint,0x8,,,2,0,ambiguous: DefaultProductionExitUpdateModuleData::m_unitCreatePoint|QueueProductionExitUpdateModuleData::m_unitCreatePoint|SupplyCenterProductionExitUpdateModuleData::m_unitCreatePoint
0x00c8d5fc,NaturalRallyPoint,0x14,,,2,0,ambiguous: DefaultProductionExitUpdateModuleData::m_naturalRallyPoint|QueueProductionExitUpdateModuleData::m_naturalRallyPoint|SupplyCenterProductionExitUpdateModuleData::m_naturalRallyPoint
0x00c8d6dc,DelayTime,0x70,DelayedUpgradeModuleData,m_delayTime,1,1,
0x00c8d720,KillLocomotorUpgrade,0x70,,,0,0,no upstream key
0x00c8dbf0,DamageFXTypes,0x8,TransitionDamageFXModuleData,m_damageFXTypes,111,36,vote picked from BoneFXUpdateModuleData::m_damageFXTypes|StructureToppleUpdateModuleData::m_damageFXTypes
0x00c8dbf0,DamageOCLTypes,0x54c,TransitionDamageFXModuleData,m_damageOCLTypes,111,36,vote picked from BoneFXUpdateModuleData::m_damageOCLTypes
0x00c8dbf0,DamageParticleTypes,0xa90,TransitionDamageFXModuleData,m_damageParticleTypes,111,36,vote picked from BoneFXUpdateModuleData::m_damageParticleTypes
0x00c8dbf0,DamagedFXList1,0x15c,TransitionDamageFXModuleData,m_fxList,111,36,vote picked from BoneFXUpdateModuleData::m_fxList
0x00c8dbf0,DamagedFXList2,0x178,TransitionDamageFXModuleData,m_fxList,111,36,vote picked from BoneFXUpdateModuleData::m_fxList
0x00c8dbf0,DamagedFXList3,0x194,TransitionDamageFXModuleData,m_fxList,111,36,vote picked from BoneFXUpdateModuleData::m_fxList
0x00c8dbf0,DamagedFXList4,0x1b0,TransitionDamageFXModuleData,m_fxList,111,36,vote picked from BoneFXUpdateModuleData::m_fxList
0x00c8dbf0,DamagedFXList5,0x1cc,TransitionDamageFXModuleData,m_fxList,111,36,vote picked from BoneFXUpdateModuleData::m_fxList
0x00c8dbf0,DamagedFXList6,0x1e8,TransitionDamageFXModuleData,m_fxList,111,36,vote picked from BoneFXUpdateModuleData::m_fxList
0x00c8dbf0,DamagedFXList7,0x204,TransitionDamageFXModuleData,m_fxList,111,36,vote picked from BoneFXUpdateModuleData::m_fxList
0x00c8dbf0,DamagedFXList8,0x220,TransitionDamageFXModuleData,m_fxList,111,36,vote picked from BoneFXUpdateModuleData::m_fxList
0x00c8dbf0,DamagedFXList9,0x23c,TransitionDamageFXModuleData,m_fxList,111,36,
0x00c8dbf0,DamagedFXList10,0x258,TransitionDamageFXModuleData,m_fxList,111,36,
0x00c8dbf0,DamagedFXList11,0x274,TransitionDamageFXModuleData,m_fxList,111,36,
0x00c8dbf0,DamagedFXList12,0x290,TransitionDamageFXModuleData,m_fxList,111,36,
0x00c8dbf0,ReallyDamagedFXList1,0x2ac,TransitionDamageFXModuleData,m_fxList,111,36,vote picked from BoneFXUpdateModuleData::m_fxList
0x00c8dbf0,ReallyDamagedFXList2,0x2c8,TransitionDamageFXModuleData,m_fxList,111,36,vote picked from BoneFXUpdateModuleData::m_fxList
0x00c8dbf0,ReallyDamagedFXList3,0x2e4,TransitionDamageFXModuleData,m_fxList,111,36,vote picked from BoneFXUpdateModuleData::m_fxList
0x00c8dbf0,ReallyDamagedFXList4,0x300,TransitionDamageFXModuleData,m_fxList,111,36,vote picked from BoneFXUpdateModuleData::m_fxList
0x00c8dbf0,ReallyDamagedFXList5,0x31c,TransitionDamageFXModuleData,m_fxList,111,36,vote picked from BoneFXUpdateModuleData::m_fxList
0x00c8dbf0,ReallyDamagedFXList6,0x338,TransitionDamageFXModuleData,m_fxList,111,36,vote picked from BoneFXUpdateModuleData::m_fxList
0x00c8dbf0,ReallyDamagedFXList7,0x354,TransitionDamageFXModuleData,m_fxList,111,36,vote picked from BoneFXUpdateModuleData::m_fxList
0x00c8dbf0,ReallyDamagedFXList8,0x370,TransitionDamageFXModuleData,m_fxList,111,36,vote picked from BoneFXUpdateModuleData::m_fxList
0x00c8dbf0,ReallyDamagedFXList9,0x38c,TransitionDamageFXModuleData,m_fxList,111,36,
0x00c8dbf0,ReallyDamagedFXList10,0x3a8,TransitionDamageFXModuleData,m_fxList,111,36,
0x00c8dbf0,ReallyDamagedFXList11,0x3c4,TransitionDamageFXModuleData,m_fxList,111,36,
0x00c8dbf0,ReallyDamagedFXList12,0x3e0,TransitionDamageFXModuleData,m_fxList,111,36,
0x00c8dbf0,RubbleFXList1,0x3fc,TransitionDamageFXModuleData,m_fxList,111,36,vote picked from BoneFXUpdateModuleData::m_fxList
0x00c8dbf0,RubbleFXList2,0x418,TransitionDamageFXModuleData,m_fxList,111,36,vote picked from BoneFXUpdateModuleData::m_fxList
0x00c8dbf0,RubbleFXList3,0x434,TransitionDamageFXModuleData,m_fxList,111,36,vote picked from BoneFXUpdateModuleData::m_fxList
0x00c8dbf0,RubbleFXList4,0x450,TransitionDamageFXModuleData,m_fxList,111,36,vote picked from BoneFXUpdateModuleData::m_fxList
0x00c8dbf0,RubbleFXList5,0x46c,TransitionDamageFXModuleData,m_fxList,111,36,vote picked from BoneFXUpdateModuleData::m_fxList
0x00c8dbf0,RubbleFXList6,0x488,TransitionDamageFXModuleData,m_fxList,111,36,vote picked from BoneFXUpdateModuleData::m_fxList
0x00c8dbf0,RubbleFXList7,0x4a4,TransitionDamageFXModuleData,m_fxList,111,36,vote picked from BoneFXUpdateModuleData::m_fxList
0x00c8dbf0,RubbleFXList8,0x4c0,TransitionDamageFXModuleData,m_fxList,111,36,vote picked from BoneFXUpdateModuleData::m_fxList
0x00c8dbf0,RubbleFXList9,0x4dc,TransitionDamageFXModuleData,m_fxList,111,36,
0x00c8dbf0,RubbleFXList10,0x4f8,TransitionDamageFXModuleData,m_fxList,111,36,
0x00c8dbf0,RubbleFXList11,0x514,TransitionDamageFXModuleData,m_fxList,111,36,
0x00c8dbf0,RubbleFXList12,0x530,TransitionDamageFXModuleData,m_fxList,111,36,
0x00c8dbf0,DamagedOCL1,0x6a0,TransitionDamageFXModuleData,m_OCL,111,36,vote picked from BoneFXUpdateModuleData::m_OCL
0x00c8dbf0,DamagedOCL2,0x6bc,TransitionDamageFXModuleData,m_OCL,111,36,vote picked from BoneFXUpdateModuleData::m_OCL
0x00c8dbf0,DamagedOCL3,0x6d8,TransitionDamageFXModuleData,m_OCL,111,36,vote picked from BoneFXUpdateModuleData::m_OCL
0x00c8dbf0,DamagedOCL4,0x6f4,TransitionDamageFXModuleData,m_OCL,111,36,vote picked from BoneFXUpdateModuleData::m_OCL
0x00c8dbf0,DamagedOCL5,0x710,TransitionDamageFXModuleData,m_OCL,111,36,vote picked from BoneFXUpdateModuleData::m_OCL
0x00c8dbf0,DamagedOCL6,0x72c,TransitionDamageFXModuleData,m_OCL,111,36,vote picked from BoneFXUpdateModuleData::m_OCL
0x00c8dbf0,DamagedOCL7,0x748,TransitionDamageFXModuleData,m_OCL,111,36,vote picked from BoneFXUpdateModuleData::m_OCL
0x00c8dbf0,DamagedOCL8,0x764,TransitionDamageFXModuleData,m_OCL,111,36,vote picked from BoneFXUpdateModuleData::m_OCL
0x00c8dbf0,DamagedOCL9,0x780,TransitionDamageFXModuleData,m_OCL,111,36,
0x00c8dbf0,DamagedOCL10,0x79c,TransitionDamageFXModuleData,m_OCL,111,36,
0x00c8dbf0,DamagedOCL11,0x7b8,TransitionDamageFXModuleData,m_OCL,111,36,
0x00c8dbf0,DamagedOCL12,0x7d4,TransitionDamageFXModuleData,m_OCL,111,36,
0x00c8dbf0,ReallyDamagedOCL1,0x7f0,TransitionDamageFXModuleData,m_OCL,111,36,vote picked from BoneFXUpdateModuleData::m_OCL
0x00c8dbf0,ReallyDamagedOCL2,0x80c,TransitionDamageFXModuleData,m_OCL,111,36,vote picked from BoneFXUpdateModuleData::m_OCL
0x00c8dbf0,ReallyDamagedOCL3,0x828,TransitionDamageFXModuleData,m_OCL,111,36,vote picked from BoneFXUpdateModuleData::m_OCL
0x00c8dbf0,ReallyDamagedOCL4,0x844,TransitionDamageFXModuleData,m_OCL,111,36,vote picked from BoneFXUpdateModuleData::m_OCL
0x00c8dbf0,ReallyDamagedOCL5,0x860,TransitionDamageFXModuleData,m_OCL,111,36,vote picked from BoneFXUpdateModuleData::m_OCL
0x00c8dbf0,ReallyDamagedOCL6,0x87c,TransitionDamageFXModuleData,m_OCL,111,36,vote picked from BoneFXUpdateModuleData::m_OCL
0x00c8dbf0,ReallyDamagedOCL7,0x898,TransitionDamageFXModuleData,m_OCL,111,36,vote picked from BoneFXUpdateModuleData::m_OCL
0x00c8dbf0,ReallyDamagedOCL8,0x8b4,TransitionDamageFXModuleData,m_OCL,111,36,vote picked from BoneFXUpdateModuleData::m_OCL
0x00c8dbf0,ReallyDamagedOCL9,0x8d0,TransitionDamageFXModuleData,m_OCL,111,36,
0x00c8dbf0,ReallyDamagedOCL10,0x8ec,TransitionDamageFXModuleData,m_OCL,111,36,
0x00c8dbf0,ReallyDamagedOCL11,0x908,TransitionDamageFXModuleData,m_OCL,111,36,
0x00c8dbf0,ReallyDamagedOCL12,0x924,TransitionDamageFXModuleData,m_OCL,111,36,
0x00c8dbf0,RubbleOCL1,0x940,TransitionDamageFXModuleData,m_OCL,111,36,vote picked from BoneFXUpdateModuleData::m_OCL
0x00c8dbf0,RubbleOCL2,0x95c,TransitionDamageFXModuleData,m_OCL,111,36,vote picked from BoneFXUpdateModuleData::m_OCL
0x00c8dbf0,RubbleOCL3,0x978,TransitionDamageFXModuleData,m_OCL,111,36,vote picked from BoneFXUpdateModuleData::m_OCL
0x00c8dbf0,RubbleOCL4,0x994,TransitionDamageFXModuleData,m_OCL,111,36,vote picked from BoneFXUpdateModuleData::m_OCL
0x00c8dbf0,RubbleOCL5,0x9b0,TransitionDamageFXModuleData,m_OCL,111,36,vote picked from BoneFXUpdateModuleData::m_OCL
0x00c8dbf0,RubbleOCL6,0x9cc,TransitionDamageFXModuleData,m_OCL,111,36,vote picked from BoneFXUpdateModuleData::m_OCL
0x00c8dbf0,RubbleOCL7,0x9e8,TransitionDamageFXModuleData,m_OCL,111,36,vote picked from BoneFXUpdateModuleData::m_OCL
0x00c8dbf0,RubbleOCL8,0xa04,TransitionDamageFXModuleData,m_OCL,111,36,vote picked from BoneFXUpdateModuleData::m_OCL
0x00c8dbf0,RubbleOCL9,0xa20,TransitionDamageFXModuleData,m_OCL,111,36,
0x00c8dbf0,RubbleOCL10,0xa3c,TransitionDamageFXModuleData,m_OCL,111,36,
0x00c8dbf0,RubbleOCL11,0xa58,TransitionDamageFXModuleData,m_OCL,111,36,
0x00c8dbf0,RubbleOCL12,0xa74,TransitionDamageFXModuleData,m_OCL,111,36,
0x00c8dbf0,DamagedParticleSystem1,0xbe4,TransitionDamageFXModuleData,m_particleSystem,111,36,vote picked from BoneFXUpdateModuleData::m_particleSystem
0x00c8dbf0,DamagedParticleSystem2,0xc00,TransitionDamageFXModuleData,m_particleSystem,111,36,vote picked from BoneFXUpdateModuleData::m_particleSystem
0x00c8dbf0,DamagedParticleSystem3,0xc1c,TransitionDamageFXModuleData,m_particleSystem,111,36,vote picked from BoneFXUpdateModuleData::m_particleSystem
0x00c8dbf0,DamagedParticleSystem4,0xc38,TransitionDamageFXModuleData,m_particleSystem,111,36,vote picked from BoneFXUpdateModuleData::m_particleSystem
0x00c8dbf0,DamagedParticleSystem5,0xc54,TransitionDamageFXModuleData,m_particleSystem,111,36,vote picked from BoneFXUpdateModuleData::m_particleSystem
0x00c8dbf0,DamagedParticleSystem6,0xc70,TransitionDamageFXModuleData,m_particleSystem,111,36,vote picked from BoneFXUpdateModuleData::m_particleSystem
0x00c8dbf0,DamagedParticleSystem7,0xc8c,TransitionDamageFXModuleData,m_particleSystem,111,36,vote picked from BoneFXUpdateModuleData::m_particleSystem
0x00c8dbf0,DamagedParticleSystem8,0xca8,TransitionDamageFXModuleData,m_particleSystem,111,36,vote picked from BoneFXUpdateModuleData::m_particleSystem
0x00c8dbf0,DamagedParticleSystem9,0xcc4,TransitionDamageFXModuleData,m_particleSystem,111,36,
0x00c8dbf0,DamagedParticleSystem10,0xce0,TransitionDamageFXModuleData,m_particleSystem,111,36,
0x00c8dbf0,DamagedParticleSystem11,0xcfc,TransitionDamageFXModuleData,m_particleSystem,111,36,
0x00c8dbf0,DamagedParticleSystem12,0xd18,TransitionDamageFXModuleData,m_particleSystem,111,36,
0x00c8dbf0,ReallyDamagedParticleSystem1,0xd34,TransitionDamageFXModuleData,m_particleSystem,111,36,vote picked from BoneFXUpdateModuleData::m_particleSystem
0x00c8dbf0,ReallyDamagedParticleSystem2,0xd50,TransitionDamageFXModuleData,m_particleSystem,111,36,vote picked from BoneFXUpdateModuleData::m_particleSystem
0x00c8dbf0,ReallyDamagedParticleSystem3,0xd6c,TransitionDamageFXModuleData,m_particleSystem,111,36,vote picked from BoneFXUpdateModuleData::m_particleSystem
0x00c8dbf0,ReallyDamagedParticleSystem4,0xd88,TransitionDamageFXModuleData,m_particleSystem,111,36,vote picked from BoneFXUpdateModuleData::m_particleSystem
0x00c8dbf0,ReallyDamagedParticleSystem5,0xda4,TransitionDamageFXModuleData,m_particleSystem,111,36,vote picked from BoneFXUpdateModuleData::m_particleSystem
0x00c8dbf0,ReallyDamagedParticleSystem6,0xdc0,TransitionDamageFXModuleData,m_particleSystem,111,36,vote picked from BoneFXUpdateModuleData::m_particleSystem
0x00c8dbf0,ReallyDamagedParticleSystem7,0xddc,TransitionDamageFXModuleData,m_particleSystem,111,36,vote picked from BoneFXUpdateModuleData::m_particleSystem
0x00c8dbf0,ReallyDamagedParticleSystem8,0xdf8,TransitionDamageFXModuleData,m_particleSystem,111,36,vote picked from BoneFXUpdateModuleData::m_particleSystem
0x00c8dbf0,ReallyDamagedParticleSystem9,0xe14,TransitionDamageFXModuleData,m_particleSystem,111,36,
0x00c8dbf0,ReallyDamagedParticleSystem10,0xe30,TransitionDamageFXModuleData,m_particleSystem,111,36,
0x00c8dbf0,ReallyDamagedParticleSystem11,0xe4c,TransitionDamageFXModuleData,m_particleSystem,111,36,
0x00c8dbf0,ReallyDamagedParticleSystem12,0xe68,TransitionDamageFXModuleData,m_particleSystem,111,36,
0x00c8dbf0,RubbleParticleSystem1,0xe84,TransitionDamageFXModuleData,m_particleSystem,111,36,vote picked from BoneFXUpdateModuleData::m_particleSystem
0x00c8dbf0,RubbleParticleSystem2,0xea0,TransitionDamageFXModuleData,m_particleSystem,111,36,vote picked from BoneFXUpdateModuleData::m_particleSystem
0x00c8dbf0,RubbleParticleSystem3,0xebc,TransitionDamageFXModuleData,m_particleSystem,111,36,vote picked from BoneFXUpdateModuleData::m_particleSystem
0x00c8dbf0,RubbleParticleSystem4,0xed8,TransitionDamageFXModuleData,m_particleSystem,111,36,vote picked from BoneFXUpdateModuleData::m_particleSystem
0x00c8dbf0,RubbleParticleSystem5,0xef4,TransitionDamageFXModuleData,m_particleSystem,111,36,vote picked from BoneFXUpdateModuleData::m_particleSystem
0x00c8dbf0,RubbleParticleSystem6,0xf10,TransitionDamageFXModuleData,m_particleSystem,111,36,vote picked from BoneFXUpdateModuleData::m_particleSystem
0x00c8dbf0,RubbleParticleSystem7,0xf2c,TransitionDamageFXModuleData,m_particleSystem,111,36,vote picked from BoneFXUpdateModuleData::m_particleSystem
0x00c8dbf0,RubbleParticleSystem8,0xf48,TransitionDamageFXModuleData,m_particleSystem,111,36,vote picked from BoneFXUpdateModuleData::m_particleSystem
0x00c8dbf0,RubbleParticleSystem9,0xf64,TransitionDamageFXModuleData,m_particleSystem,111,36,
0x00c8dbf0,RubbleParticleSystem10,0xf80,TransitionDamageFXModuleData,m_particleSystem,111,36,
0x00c8dbf0,RubbleParticleSystem11,0xf9c,TransitionDamageFXModuleData,m_particleSystem,111,36,
0x00c8dbf0,RubbleParticleSystem12,0xfb8,TransitionDamageFXModuleData,m_particleSystem,111,36,
0x00c8dbf0,RubbleNeighbor,0x1034,,,111,36,no upstream key
0x00c8dbf0,PristineShowSubObject,0x1004,,,111,36,no upstream key
0x00c8dbf0,PristineHideSubObject,0xfd4,,,111,36,no upstream key
0x00c8dbf0,DamagedShowSubObject,0x1010,,,111,36,no upstream key
0x00c8dbf0,DamagedHideSubObject,0xfe0,,,111,36,no upstream key
0x00c8dbf0,ReallyDamagedShowSubObject,0x101c,,,111,36,no upstream key
0x00c8dbf0,ReallyDamagedHideSubObject,0xfec,,,111,36,no upstream key
0x00c8dbf0,RubbleShowSubObject,0x1028,,,111,36,no upstream key
0x00c8dbf0,RubbleHideSubObject,0xff8,,,111,36,no upstream key
0x00c8e504,SpecialPowerTemplate,0x34,,,1,0,ambiguous: BattlePlanUpdateModuleData::m_specialPowerTemplate|MissileLauncherBuildingUpdateModuleData::m_specialPowerTemplate|ParticleUplinkCannonUpdateModuleData::m_specialPowerTemplate|SpecialAbilityUpdateModuleData::m_specialPowerTemplate|SpecialPowerCompletionDieModuleData::m_specialPowerTemplate|SpecialPowerModuleData::m_specialPowerTemplate|SpectreGunshipDeploymentUpdateModuleData::m_specialPowerTemplate|SpectreGunshipUpdateModuleData::m_specialPowerTemplate|UnpauseSpecialPowerUpgradeModuleData::m_specialPower
0x00c8e660,MobileGarrison,0x170,GarrisonContainModuleData,m_mobileGarrison,4,3,
0x00c8e660,HealObjects,0x168,GarrisonContainModuleData,m_doIHealObjects,4,3,
0x00c8e660,TimeForFullHeal,0x16c,GarrisonContainModuleData,m_framesForFullHeal,4,3,vote picked from HealContainModuleData::m_framesForFullHeal|ParkingPlaceBehaviorModuleData::m_framesForFullHeal|RepairDockUpdateModuleData::m_framesForFullHeal|TunnelContainModuleData::m_framesForFullHeal
0x00c8e660,InitialRoster,0x0,,,4,3,no upstream key
0x00c8e660,ImmuneToClearBuildingAttacks,0x171,GarrisonContainModuleData,m_immuneToClearBuildingAttacks,4,3,
0x00c8ee60,StartsActive,0x70,AutoHealBehaviorModuleData,m_initiallyActive,8,6,vote picked from FXListDieModuleData::m_initiallyActive|FireWeaponWhenDamagedBehaviorModuleData::m_initiallyActive|FireWeaponWhenDeadBehaviorModuleData::m_initiallyActive
0x00c8ee60,ButtonTriggered,0x71,,,8,6,no upstream key
0x00c8ee60,SingleBurst,0x72,AutoHealBehaviorModuleData,m_singleBurst,8,6,
0x00c8ee60,HealingAmount,0x74,AutoHealBehaviorModuleData,m_healingAmount,8,6,
0x00c8ee60,HealingDelay,0x78,AutoHealBehaviorModuleData,m_healingDelay,8,6,
0x00c8ee60,Radius,0x80,AutoHealBehaviorModuleData,m_radius,8,6,vote picked from HordeUpdateModuleData::m_minDist|LightPulseFXNugget::m_radius|ParticleSystemFXNugget::m_radius|PropagandaTowerBehaviorModuleData::m_scanRadius|TerrainScorchFXNugget::m_radius
0x00c8ee60,KindOf,0x88,AutoHealBehaviorModuleData,m_kindOf,8,6,vote picked from GrantStealthBehaviorModuleData::m_kindOf|HordeUpdateModuleData::m_kindof|ThingTemplate::m_kindof
0x00c8ee60,UnitHealPulseFX,0xa4,,,8,6,no upstream key
0x00c8ee60,StartHealingDelay,0x7c,AutoHealBehaviorModuleData,m_startHealingDelay,8,6,
0x00c8ee60,AffectsWholePlayer,0x84,AutoHealBehaviorModuleData,m_affectsWholePlayer,8,6,
0x00c8ee60,HealOnlyIfNotUnderAttack,0x85,,,8,6,no upstream key
0x00c8ee60,HealOnlyIfNotInCombat,0x86,,,8,6,no upstream key
0x00c8ee60,HealOnlyOthers,0xa0,,,8,6,no upstream key
0x00c910a0,Hotkey,0x1c,,,59,55,no upstream key
0x00c910a0,ReviveText,0x14,,,59,55,no upstream key
0x00c910a0,RecruitText,0x18,,,59,55,no upstream key
0x00c910a0,DisplayName,0xc,ThingTemplate,m_displayName,59,55,vote picked from MetaMapRec::m_displayName|PlayerTemplate::m_displayName|ScienceInfo::m_name|UpgradeTemplate::m_displayNameLabel
0x00c910a0,Description,0x10,,,59,55,ambiguous: MetaMapRec::m_description|ScienceInfo::m_description
0x00c910a0,RadarPriority,0x490,ThingTemplate,m_radarPriority,59,55,
0x00c910a0,TransportSlotCount,0x491,ThingTemplate,m_transportSlotCount,59,55,
0x00c910a0,FenceWidth,0x398,ThingTemplate,m_fenceWidth,59,55,
0x00c910a0,FenceXOffset,0x39c,ThingTemplate,m_fenceXOffset,59,55,
0x00c910a0,RemoveTerrainRadius,0x3a0,,,59,55,no upstream key
0x00c910a0,IsBridge,0x485,ThingTemplate,m_isBridge,59,55,
0x00c910a0,ArmorSet,0x0,,,59,55,no upstream key
0x00c910a0,WeaponSet,0x0,,,59,55,no upstream key
0x00c910a0,LocomotorSet,0x0,,,59,55,no upstream key
0x00c910a0,VisionRange,0x3a4,ThingTemplate,m_visionRange,59,55,
0x00c910a0,ShroudClearingRange,0x3a8,ThingTemplate,m_shroudClearingRange,59,55,
0x00c910a0,EmotionRange,0x3ac,,,59,55,no upstream key
0x00c910a0,PlacementViewAngle,0x3b0,ThingTemplate,m_placementViewAngle,59,55,
0x00c910a0,FactoryExitWidth,0x3b4,ThingTemplate,m_factoryExitWidth,59,55,
0x00c910a0,FactoryExtraBibWidth,0x3b8,ThingTemplate,m_factoryExtraBibWidth,59,55,
0x00c910a0,IsTrainable,0x487,ThingTemplate,m_isTrainable,59,55,
0x00c910a0,Side,0x28,ThingTemplate,m_defaultOwningSide,59,55,vote picked from ControlBarScheme::m_side|EvaSideSounds::m_side|PlayerTemplate::m_side
0x00c910a0,EditorName,0x24,,,59,55,no upstream key
0x00c910a0,Prerequisites,0x0,,,59,55,no upstream key
0x00c910a0,Buildable,0x492,ThingTemplate,m_buildable,59,55,
0x00c910a0,BuildCost,0x47a,ThingTemplate,m_buildCost,59,55,vote picked from UpgradeTemplate::m_cost
0x00c910a0,BountyValue,0x448,,,59,55,no upstream key
0x00c910a0,BuildTime,0x3bc,ThingTemplate,m_buildTime,59,55,vote picked from UpgradeTemplate::m_buildTime
0x00c910a0,BuildFadeInOnCreateList,0x2e8,,,59,55,no upstream key
0x00c910a0,BuildFadeInOnCreateTime,0x2f4,,,59,55,no upstream key
0x00c910a0,RefundValue,0x47c,ThingTemplate,m_refundValue,59,55,
0x00c910a0,BuildCompletion,0x493,ThingTemplate,m_buildCompletion,59,55,
0x00c910a0,EnergyProduction,0x418,ThingTemplate,m_energyProduction,59,55,
0x00c910a0,EnergyBonus,0x41c,ThingTemplate,m_energyBonus,59,55,
0x00c910a0,IsForbidden,0x488,ThingTemplate,m_isForbidden,59,55,
0x00c910a0,IsPrerequisite,0x484,ThingTemplate,m_isPrerequisite,59,55,
0x00c910a0,IsGrabbable,0x48b,,,59,55,no upstream key
0x00c910a0,IsHarvestable,0x48c,,,59,55,no upstream key
0x00c910a0,DisplayColor,0x420,ThingTemplate,m_displayColor,59,55,
0x00c910a0,EditorSorting,0x494,ThingTemplate,m_editorSorting,59,55,
0x00c910a0,Browser,0x358,,,59,55,no upstream key
0x00c910a0,ThingClass,0x496,,,59,55,no upstream key
0x00c910a0,DeadCollideSize,0x495,,,59,55,no upstream key
0x00c910a0,KindOf,0xc8,ThingTemplate,m_kindof,59,55,vote picked from AutoHealBehaviorModuleData::m_kindOf|GrantStealthBehaviorModuleData::m_kindOf|HordeUpdateModuleData::m_kindof
0x00c910a0,CommandSet,0x2c,ThingTemplate,m_commandSetString,59,55,vote picked from CommandSetUpgradeModuleData::m_newCommandSet
0x00c910a0,BuildVariations,0x2d0,ThingTemplate,m_buildVariations,59,55,
0x00c910a0,EquivalentTo,0x2dc,,,59,55,no upstream key
0x00c910a0,Behavior,0x294,ThingTemplate,m_behaviorModuleInfo,59,55,
0x00c910a0,Body,0x294,ThingTemplate,m_behaviorModuleInfo,59,55,
0x00c910a0,Draw,0x2a0,ThingTemplate,m_drawModuleInfo,59,55,
0x00c910a0,ClientUpdate,0x2ac,ThingTemplate,m_clientUpdateModuleInfo,59,55,
0x00c910a0,ClientBehavior,0x2b8,,,59,55,no upstream key
0x00c910a0,SelectPortrait,0x30,ThingTemplate,m_selectedPortraitImageName,59,55,
0x00c910a0,ButtonImage,0x34,ThingTemplate,m_buttonImageName,59,55,vote picked from CommandButton::m_buttonImageName|UpgradeTemplate::m_buttonImageName
0x00c910a0,UpgradeCameo1,0x38,ThingTemplate,m_upgradeCameoUpgradeNames,59,55,
0x00c910a0,UpgradeCameo2,0x3c,ThingTemplate,m_upgradeCameoUpgradeNames,59,55,
0x00c910a0,UpgradeCameo3,0x40,ThingTemplate,m_upgradeCameoUpgradeNames,59,55,
0x00c910a0,UpgradeCameo4,0x44,ThingTemplate,m_upgradeCameoUpgradeNames,59,55,
0x00c910a0,UpgradeCameo5,0x48,ThingTemplate,m_upgradeCameoUpgradeNames,59,55,
0x00c910a0,VoicePriority,0x430,,,59,55,no upstream key
0x00c910a0,GroupVoiceThreshold,0x434,,,59,55,no upstream key
0x00c910a0,VoiceAmbushTimeout,0x438,,,59,55,no upstream key
0x00c910a0,VoiceAmbushBlockingRadius,0x400,,,59,55,no upstream key
0x00c910a0,EvaEventDieOwner,0x44c,,,59,55,no upstream key
0x00c910a0,EvaEventDieAlly,0x450,,,59,55,no upstream key
0x00c910a0,EvaEventDieEnemy,0x454,,,59,55,no upstream key
0x00c910a0,EvaEventDamagedOwner,0x458,,,59,55,no upstream key
0x00c910a0,EvaEnemyUnitSightedEvent,0x45c,,,59,55,no upstream key
0x00c910a0,UnitSpecificSounds,0x328,ThingTemplate,m_perUnitSounds,59,55,
0x00c910a0,UnitSpecificFX,0x334,ThingTemplate,m_perUnitFX,59,55,
0x00c910a0,Scale,0x3c0,ThingTemplate,m_assetScale,59,55,
0x00c910a0,Geometry,0x60,ThingTemplate,m_geometryInfo,59,55,
0x00c910a0,AdditionalGeometry,0x60,,,59,55,no upstream key
0x00c910a0,GeometryMajorRadius,0x60,ThingTemplate,m_geometryInfo,59,55,
0x00c910a0,GeometryMinorRadius,0x60,ThingTemplate,m_geometryInfo,59,55,
0x00c910a0,GeometryRotationAnchorOffset,0x60,,,59,55,no upstream key
0x00c910a0,HealthBoxScale,0x410,,,59,55,no upstream key
0x00c910a0,HealthBoxHeightOffset,0x414,,,59,55,no upstream key
0x00c910a0,GeometryOffset,0x60,,,59,55,no upstream key
0x00c910a0,GeometryIsSmall,0x60,ThingTemplate,m_geometryInfo,59,55,
0x00c910a0,GeometryOther,0xbc,,,59,55,no upstream key
0x00c910a0,GeometryHeight,0x60,ThingTemplate,m_geometryInfo,59,55,
0x00c910a0,GeometryContactPoint,0x60,,,59,55,no upstream key
0x00c910a0,GeometryName,0x60,,,59,55,no upstream key
0x00c910a0,GeometryActive,0x60,,,59,55,no upstream key
0x00c910a0,AttackContactPoint,0x60,,,59,55,no upstream key
0x00c910a0,SwoopContactPoint,0x60,,,59,55,no upstream key
0x00c910a0,Shadow,0x482,ThingTemplate,m_shadowType,59,55,vote picked from GenericObjectCreationNugget::m_shadowType
0x00c910a0,ShadowSizeX,0x3c8,ThingTemplate,m_shadowSizeX,59,55,
0x00c910a0,ShadowSizeY,0x3cc,ThingTemplate,m_shadowSizeY,59,55,
0x00c910a0,ShadowOffsetX,0x3d0,ThingTemplate,m_shadowOffsetX,59,55,
0x00c910a0,ShadowOffsetY,0x3d4,ThingTemplate,m_shadowOffsetY,59,55,
0x00c910a0,ShadowSunAngle,0x3e0,,,59,55,no upstream key
0x00c910a0,ShadowTexture,0x4c,ThingTemplate,m_shadowTextureName,59,55,
0x00c910a0,ShadowOpacityStart,0x460,,,59,55,no upstream key
0x00c910a0,ShadowOpacityFadeInTime,0x3d8,,,59,55,no upstream key
0x00c910a0,ShadowOpacityPeak,0x464,,,59,55,no upstream key
0x00c910a0,ShadowOpacityFadeOutTime,0x3dc,,,59,55,no upstream key
0x00c910a0,ShadowOpacityEnd,0x468,,,59,55,no upstream key
0x00c910a0,ShadowMaxHeight,0x3e4,,,59,55,no upstream key
0x00c910a0,ShadowOverrideLODVisibility,0x48d,,,59,55,no upstream key
0x00c910a0,ShadowUseHouseColor,0x48e,,,59,55,no upstream key
0x00c910a0,ShadowIsRotatingWithObject,0x48f,,,59,55,no upstream key
0x00c910a0,OcclusionDelay,0x424,ThingTemplate,m_occlusionDelay,59,55,
0x00c910a0,AddModule,0x0,,,59,55,no upstream key
0x00c910a0,RemoveModule,0x0,,,59,55,no upstream key
0x00c910a0,ReplaceModule,0x0,,,59,55,no upstream key
0x00c910a0,InheritableModule,0x0,,,59,55,no upstream key
0x00c910a0,LiveCameraOffset,0x4b8,,,59,55,no upstream key
0x00c910a0,LiveCameraPitch,0x4c4,,,59,55,no upstream key
0x00c910a0,FormationWidth,0x440,,,59,55,no upstream key
0x00c910a0,FormationDepth,0x43c,,,59,55,no upstream key
0x00c910a0,InstanceScaleFuzziness,0x3c4,ThingTemplate,m_instanceScaleFuzziness,59,55,
0x00c910a0,StructureRubbleHeight,0x497,ThingTemplate,m_structureRubbleHeight,59,55,
0x00c910a0,ThreatValue,0x47e,ThingTemplate,m_threatValue,59,55,
0x00c910a0,ThreatRadius,0x40c,,,59,55,no upstream key
0x00c910a0,MaxSimultaneousOfType,0x480,ThingTemplate,m_maxSimultaneousOfType,59,55,
0x00c910a0,CrusherLevel,0x499,ThingTemplate,m_crusherLevel,59,55,
0x00c910a0,CrushableLevel,0x49a,ThingTemplate,m_crushableLevel,59,55,
0x00c910a0,MountedCrusherLevel,0x49b,,,59,55,no upstream key
0x00c910a0,MountedCrushableLevel,0x49c,,,59,55,no upstream key
0x00c910a0,CrushKnockback,0x3f4,,,59,55,no upstream key
0x00c910a0,CrushZFactor,0x3f8,,,59,55,no upstream key
0x00c910a0,UseCrushAttack,0x49d,,,59,55,no upstream key
0x00c910a0,CrushWeapon,0x4a0,,,59,55,no upstream key
0x00c910a0,CrushRevengeWeapon,0x4a4,,,59,55,no upstream key
0x00c910a0,MinCrushVelocityPercent,0x3ec,,,59,55,no upstream key
0x00c910a0,CrushDecelerationPercent,0x3f0,,,59,55,no upstream key
0x00c910a0,RamPower,0x4a8,,,59,55,no upstream key
0x00c910a0,RamZMult,0x4ac,,,59,55,no upstream key
0x00c910a0,ImmuneToShockwave,0x4b0,,,59,55,no upstream key
0x00c910a0,CrushAllies,0x4b1,,,59,55,no upstream key
0x00c910a0,CommandPoints,0x4b4,,,59,55,no upstream key
0x00c910a0,VoiceAttackChargeTimeout,0x428,,,59,55,no upstream key
0x00c910a0,MaxDistanceForEngaged,0x3e8,,,59,55,no upstream key
0x00c910a0,EngagedStateTimeout,0x42c,,,59,55,no upstream key
0x00c910a0,ThreatLevel,0x3fc,,,59,55,no upstream key
0x00c910a0,ForceLuaRegistration,0x4c8,,,59,55,no upstream key
0x00c910a0,ShowHealthInSelectionDecal,0x4c9,,,59,55,no upstream key
0x00c910a0,KeepSelectableWhenDead,0x4ca,,,59,55,no upstream key
0x00c910a0,IsAutoBuilt,0x4cb,,,59,55,no upstream key
0x00c910a0,CanPathThroughGates,0x4cc,,,59,55,no upstream key
0x00c910a0,ShouldClearShotsOnIdle,0x4cd,,,59,55,no upstream key
0x00c910a0,SlopeLimitIndex,0x444,,,59,55,no upstream key
0x00c910a0,GeometryFrontAngle,0x404,,,59,55,no upstream key
0x00c910a0,PathfindDiameter,0x408,,,59,55,no upstream key
0x00c910a0,SupplyOverride,0x46c,,,59,55,no upstream key
0x00c910a0,DisplayMeleeDamage,0x470,,,59,55,no upstream key
0x00c910a0,DisplayRangedDamage,0x474,,,59,55,no upstream key
0x00c910a0,HeroSortOrder,0x4d0,,,59,55,no upstream key
0x00c910a0,ExperienceScalarTable,0x58,,,59,55,no upstream key
0x00c91a20,Draw,0x2a0,ThingTemplate,m_drawModuleInfo,9,9,
0x00c91a20,Geometry,0x60,ThingTemplate,m_geometryInfo,9,9,
0x00c91a20,GeometryMajorRadius,0x60,ThingTemplate,m_geometryInfo,9,9,
0x00c91a20,GeometryMinorRadius,0x60,ThingTemplate,m_geometryInfo,9,9,
0x00c91a20,GeometryHeight,0x60,ThingTemplate,m_geometryInfo,9,9,
0x00c91a20,GeometryIsSmall,0x60,ThingTemplate,m_geometryInfo,9,9,
0x00c91a20,GeometryOther,0xbc,,,9,9,no upstream key
0x00c91a20,HealthBoxScale,0x410,,,9,9,no upstream key
0x00c91a20,HealthBoxHeightOffset,0x414,,,9,9,no upstream key
0x00c91a20,FenceWidth,0x398,ThingTemplate,m_fenceWidth,9,9,
0x00c91a20,FenceXOffset,0x39c,ThingTemplate,m_fenceXOffset,9,9,
0x00c91a20,PlacementViewAngle,0x3b0,ThingTemplate,m_placementViewAngle,9,9,
0x00c91a20,SupplyOverride,0x46c,,,9,9,no upstream key
0x00c91a20,Browser,0x358,,,9,9,no upstream key
0x00c93870,VoiceSelect,0x0,ThingTemplate,m_audioarray,28,28,
0x00c93870,VoiceSelectUnderConstruction,0x4,,,28,28,no upstream key
0x00c93870,VoiceSelectGroup,0x8,,,28,28,no upstream key
0x00c93870,VoiceSelectBattle,0xc,,,28,28,no upstream key
0x00c93870,VoiceSelectBattleGroup,0x10,,,28,28,no upstream key
0x00c93870,VoiceMove,0x14,ThingTemplate,m_audioarray,28,28,
0x00c93870,VoiceMoveGroup,0x18,,,28,28,no upstream key
0x00c93870,VoiceAttack,0x1c,ThingTemplate,m_audioarray,28,28,
0x00c93870,VoiceAttackGroup,0x20,,,28,28,no upstream key
0x00c93870,VoiceAttackCharge,0x24,,,28,28,no upstream key
0x00c93870,VoiceAttackChargeGroup,0x28,,,28,28,no upstream key
0x00c93870,VoiceFear,0x2c,ThingTemplate,m_audioarray,28,28,
0x00c93870,VoiceCreated,0x30,ThingTemplate,m_audioarray,28,28,
0x00c93870,VoiceTaskComplete,0x34,ThingTemplate,m_audioarray,28,28,
0x00c93870,VoiceDefect,0x38,ThingTemplate,m_audioarray,28,28,
0x00c93870,VoiceAttackAir,0x3c,ThingTemplate,m_audioarray,28,28,
0x00c93870,VoiceAttackAirGroup,0x40,,,28,28,no upstream key
0x00c93870,VoiceGuard,0x44,ThingTemplate,m_audioarray,28,28,
0x00c93870,VoiceGuardGroup,0x48,,,28,28,no upstream key
0x00c93870,VoiceAlert,0x4c,,,28,28,no upstream key
0x00c93870,VoiceFullyCreated,0x50,,,28,28,no upstream key
0x00c93870,VoiceRetreatToCastle,0x54,,,28,28,no upstream key
0x00c93870,VoiceRetreatToCastleGroup,0x58,,,28,28,no upstream key
0x00c93870,VoiceMoveToCamp,0x5c,,,28,28,no upstream key
0x00c93870,VoiceMoveToCampGroup,0x60,,,28,28,no upstream key
0x00c93870,VoiceAttackStructure,0x64,,,28,28,no upstream key
0x00c93870,VoiceAttackStructureGroup,0x68,,,28,28,no upstream key
0x00c93870,VoiceAttackMachine,0x6c,,,28,28,no upstream key
0x00c93870,VoiceAttackMachineGroup,0x70,,,28,28,no upstream key
0x00c93870,VoiceMoveWhileAttacking,0x74,,,28,28,no upstream key
0x00c93870,VoiceMoveWhileAttackingGroup,0x78,,,28,28,no upstream key
0x00c93870,VoiceAmbushed,0x7c,,,28,28,no upstream key
0x00c93870,VoiceCombineWithHorde,0x80,,,28,28,no upstream key
0x00c93870,VoiceEnterStateAttack,0x84,,,28,28,no upstream key
0x00c93870,VoiceEnterStateAttackCharge,0x88,,,28,28,no upstream key
0x00c93870,VoiceEnterStateAttackAir,0x8c,,,28,28,no upstream key
0x00c93870,VoiceEnterStateAttackStructure,0x90,,,28,28,no upstream key
0x00c93870,VoiceEnterStateAttackMachine,0x94,,,28,28,no upstream key
0x00c93870,VoiceEnterStateMove,0x98,,,28,28,no upstream key
0x00c93870,VoiceEnterStateRetreatToCastle,0x9c,,,28,28,no upstream key
0x00c93870,VoiceEnterStateMoveToCamp,0xa0,,,28,28,no upstream key
0x00c93870,VoiceEnterStateMoveWhileAttacking,0xa4,,,28,28,no upstream key
0x00c93870,VoiceSelect2,0xa8,,,28,28,no upstream key
0x00c93870,VoiceSelectGroup2,0xac,,,28,28,no upstream key
0x00c93870,VoiceSelectBattle2,0xb0,,,28,28,no upstream key
0x00c93870,VoiceSelectBattleGroup2,0xb4,,,28,28,no upstream key
0x00c93870,VoiceMove2,0xb8,,,28,28,no upstream key
0x00c93870,VoiceMoveGroup2,0xbc,,,28,28,no upstream key
0x00c93870,VoiceAttack2,0xc0,,,28,28,no upstream key
0x00c93870,VoiceAttackGroup2,0xc4,,,28,28,no upstream key
0x00c93870,VoiceAttackCharge2,0xc8,,,28,28,no upstream key
0x00c93870,VoiceAttackChargeGroup2,0xcc,,,28,28,no upstream key
0x00c93870,VoiceFear2,0xd0,,,28,28,no upstream key
0x00c93870,VoiceCreated2,0xd4,,,28,28,no upstream key
0x00c93870,VoiceTaskComplete2,0xd8,,,28,28,no upstream key
0x00c93870,VoiceDefect2,0xdc,,,28,28,no upstream key
0x00c93870,VoiceAttackAir2,0xe0,,,28,28,no upstream key
0x00c93870,VoiceAttackAirGroup2,0xe4,,,28,28,no upstream key
0x00c93870,VoiceGuard2,0xe8,,,28,28,no upstream key
0x00c93870,VoiceGuardGroup2,0xec,,,28,28,no upstream key
0x00c93870,VoiceAlert2,0xf0,,,28,28,no upstream key
0x00c93870,VoiceFullyCreated2,0xf4,,,28,28,no upstream key
0x00c93870,VoiceRetreatToCastle2,0xf8,,,28,28,no upstream key
0x00c93870,VoiceRetreatToCastleGroup2,0xfc,,,28,28,no upstream key
0x00c93870,VoiceMoveToCamp2,0x100,,,28,28,no upstream key
0x00c93870,VoiceMoveToCampGroup2,0x104,,,28,28,no upstream key
0x00c93870,VoiceAttackStructure2,0x108,,,28,28,no upstream key
0x00c93870,VoiceAttackStructureGroup2,0x10c,,,28,28,no upstream key
0x00c93870,VoiceAttackMachine2,0x110,,,28,28,no upstream key
0x00c93870,VoiceAttackMachineGroup2,0x114,,,28,28,no upstream key
0x00c93870,VoiceMoveWhileAttacking2,0x118,,,28,28,no upstream key
0x00c93870,VoiceMoveWhileAttackingGroup2,0x11c,,,28,28,no upstream key
0x00c93870,VoiceAmbushed2,0x120,,,28,28,no upstream key
0x00c93870,VoiceCombineWithHorde2,0x124,,,28,28,no upstream key
0x00c93870,VoiceEnterStateAttack2,0x128,,,28,28,no upstream key
0x00c93870,VoiceEnterStateAttackCharge2,0x12c,,,28,28,no upstream key
0x00c93870,VoiceEnterStateAttackAir2,0x130,,,28,28,no upstream key
0x00c93870,VoiceEnterStateAttackStructure2,0x134,,,28,28,no upstream key
0x00c93870,VoiceEnterStateAttackMachine2,0x138,,,28,28,no upstream key
0x00c93870,VoiceEnterStateMove2,0x13c,,,28,28,no upstream key
0x00c93870,VoiceEnterStateRetreatToCastle2,0x140,,,28,28,no upstream key
0x00c93870,VoiceEnterStateMoveToCamp2,0x144,,,28,28,no upstream key
0x00c93870,VoiceEnterStateMoveWhileAttacking2,0x148,,,28,28,no upstream key
0x00c93870,SoundMoveStart,0x14c,ThingTemplate,m_audioarray,28,28,
0x00c93870,SoundMoveStartDamaged,0x150,ThingTemplate,m_audioarray,28,28,
0x00c93870,SoundMoveLoop,0x154,ThingTemplate,m_audioarray,28,28,
0x00c93870,SoundMoveLoopDamaged,0x158,ThingTemplate,m_audioarray,28,28,
0x00c93870,SoundAmbient,0x15c,ThingTemplate,m_audioarray,28,28,
0x00c93870,SoundAmbientDamaged,0x160,ThingTemplate,m_audioarray,28,28,
0x00c93870,SoundAmbientReallyDamaged,0x164,ThingTemplate,m_audioarray,28,28,
0x00c93870,SoundAmbientRubble,0x168,ThingTemplate,m_audioarray,28,28,
0x00c93870,SoundAmbient2,0x16c,,,28,28,no upstream key
0x00c93870,SoundAmbientDamaged2,0x170,,,28,28,no upstream key
0x00c93870,SoundAmbientReallyDamaged2,0x174,,,28,28,no upstream key
0x00c93870,SoundAmbientRubble2,0x178,,,28,28,no upstream key
0x00c93870,SoundAmbientBattle,0x17c,,,28,28,no upstream key
0x00c93870,SoundStealthOn,0x180,ThingTemplate,m_audioarray,28,28,
0x00c93870,SoundStealthOff,0x184,ThingTemplate,m_audioarray,28,28,
0x00c93870,SoundCreated,0x188,ThingTemplate,m_audioarray,28,28,
0x00c93870,SoundOnDamaged,0x18c,ThingTemplate,m_audioarray,28,28,
0x00c93870,SoundOnReallyDamaged,0x190,ThingTemplate,m_audioarray,28,28,
0x00c93870,SoundEnter,0x194,ThingTemplate,m_audioarray,28,28,
0x00c93870,SoundExit,0x198,ThingTemplate,m_audioarray,28,28,
0x00c93870,SoundPromotedVeteran,0x19c,ThingTemplate,m_audioarray,28,28,
0x00c93870,SoundPromotedElite,0x1a0,ThingTemplate,m_audioarray,28,28,
0x00c93870,SoundPromotedHero,0x1a4,ThingTemplate,m_audioarray,28,28,
0x00c93870,SoundFallingFromPlane,0x1a8,ThingTemplate,m_audioarray,28,28,
0x00c93870,SoundImpact,0x1ac,,,28,28,no upstream key
0x00c93870,SoundCrushing,0x1b0,,,28,28,no upstream key
0x00c941a0,Conditions,0x0,ArmorTemplateSet,m_types,3,2,vote picked from WeaponTemplateSet::m_types
0x00c941a0,Armor,0x4,ArmorTemplateSet,m_template,3,2,
0x00c941a0,DamageFX,0x8,ArmorTemplateSet,m_fx,3,2,
0x00c949f8,Object,0x0,CommandButton,m_thingTemplate,2,2,
0x00c949f8,Science,0x0,CommandButton,m_science,2,2,
0x00c949f8,PlayerUpgrade,0x0,,,2,2,no upstream key
0x00c94b00,StructureSeconds,0x4,TAiData,m_structureSeconds,37,37,
0x00c94b00,TeamSeconds,0x8,TAiData,m_teamSeconds,37,37,
0x00c94b00,Wealthy,0xc,TAiData,m_resourcesWealthy,37,37,
0x00c94b00,Poor,0x10,TAiData,m_resourcesPoor,37,37,
0x00c94b00,ForceIdleMSEC,0x14,TAiData,m_forceIdleFramesCount,37,37,
0x00c94b00,StructuresWealthyRate,0x18,TAiData,m_structuresWealthyMod,37,37,
0x00c94b00,TeamsWealthyRate,0x1c,TAiData,m_teamWealthyMod,37,37,
0x00c94b00,StructuresPoorRate,0x20,TAiData,m_structuresPoorMod,37,37,
0x00c94b00,TeamsPoorRate,0x24,TAiData,m_teamPoorMod,37,37,
0x00c94b00,TeamResourcesToStart,0x28,TAiData,m_teamResourcesToBuild,37,37,
0x00c94b00,GuardInnerModifierAI,0x2c,TAiData,m_guardInnerModifierAI,37,37,
0x00c94b00,GuardOuterModifierAI,0x30,TAiData,m_guardOuterModifierAI,37,37,
0x00c94b00,GuardInnerModifierHuman,0x34,TAiData,m_guardInnerModifierHuman,37,37,
0x00c94b00,GuardOuterModifierHuman,0x38,TAiData,m_guardOuterModifierHuman,37,37,
0x00c94b00,GuardChaseUnitsDuration,0x3c,TAiData,m_guardChaseUnitFrames,37,37,
0x00c94b00,GuardEnemyScanRate,0x40,TAiData,m_guardEnemyScanRate,37,37,
0x00c94b00,GuardEnemyReturnScanRate,0x44,TAiData,m_guardEnemyReturnScanRate,37,37,
0x00c94b00,SkirmishGroupFudgeDistance,0x58,TAiData,m_skirmishGroupFudgeValue,37,37,
0x00c94b00,RepulsedDistance,0x60,TAiData,m_repulsedDistance,37,37,
0x00c94b00,EnableRepulsors,0x64,TAiData,m_enableRepulsors,37,37,
0x00c94b00,AlertRangeModifier,0x4c,TAiData,m_alertRangeModifier,37,37,
0x00c94b00,AggressiveRangeModifier,0x50,TAiData,m_aggressiveRangeModifier,37,37,
0x00c94b00,ForceSkirmishAI,0x65,TAiData,m_forceSkirmishAI,37,37,
0x00c94b00,RotateSkirmishBases,0x66,TAiData,m_rotateSkirmishBases,37,37,
0x00c94b00,AttackUsesLineOfSight,0x67,TAiData,m_attackUsesLineOfSight,37,37,
0x00c94b00,AttackIgnoreInsignificantBuildings,0x68,TAiData,m_attackIgnoreInsignificantBuildings,37,37,
0x00c94b00,AttackPriorityDistanceModifier,0x54,TAiData,m_attackPriorityDistanceModifier,37,37,
0x00c94b00,MaxRecruitRadius,0x5c,TAiData,m_maxRecruitDistance,37,37,
0x00c94b00,WallHeight,0x48,TAiData,m_wallHeight,37,37,
0x00c94b00,SideInfo,0x0,,,37,37,no upstream key
0x00c94b00,AttackPriority,0x0,,,37,37,no upstream key
0x00c94b00,SkirmishBuildList,0x0,,,37,37,no upstream key
0x00c94b00,MinDistanceForGroup,0x6c,TAiData,m_minDistanceForGroup,37,37,
0x00c94b00,FormationEnemyDistance,0x70,,,37,37,no upstream key
0x00c94b00,MinClumpDensity,0x74,TAiData,m_minClumpDensity,37,37,
0x00c94b00,InfantryPathfindDiameter,0x78,TAiData,m_infantryPathfindDiameter,37,37,
0x00c94b00,VehiclePathfindDiameter,0x7c,TAiData,m_vehiclePathfindDiameter,37,37,
0x00c94b00,RebuildDelayTimeSeconds,0x80,TAiData,m_rebuildDelaySeconds,37,37,
0x00c94b00,SupplyCenterSafeRadius,0x84,TAiData,m_supplyCenterSafeRadius,37,37,
0x00c94b00,AIDozerBoredRadiusModifier,0x88,TAiData,m_aiDozerBoredRadiusModifier,37,37,
0x00c94b00,AICrushesInfantry,0x8c,TAiData,m_aiCrushesInfantry,37,37,
0x00c94b00,MeleeApproachTolerance,0x90,,,37,37,no upstream key
0x00c94b00,MeleeApproachDist,0x94,,,37,37,no upstream key
0x00c94b00,MeleeAcquireLimitDist,0x98,,,37,37,no upstream key
0x00c94b00,WadeWaterDepth,0x9c,,,37,37,no upstream key
0x00c94b00,FormationColumnWidth,0xa0,,,37,37,no upstream key
0x00c94b00,FormationRowDepth,0xa4,,,37,37,no upstream key
0x00c94b00,FormationSquadSpacing,0xa8,,,37,37,no upstream key
0x00c94b00,FormationColumns,0xb0,,,37,37,no upstream key
0x00c94b00,NarrowPassageScale,0xac,,,37,37,no upstream key
0x00c94b00,HordesWaitForHordes,0xb5,,,37,37,no upstream key
0x00c94b00,AttackMoveUsesFormations,0xb6,,,37,37,no upstream key
0x00c94b00,ForceHordesToLowLOD,0xb7,,,37,37,no upstream key
0x00c94b00,AllowForestFires,0xb8,,,37,37,no upstream key
0x00c94b00,UseFormations,0xb9,,,37,37,no upstream key
0x00c94b00,WaitForOthers,0xb4,,,37,37,no upstream key
0x00c94b00,AltCameraZoomOverride,0xbc,,,37,37,no upstream key
0x00c94b00,AltCameraPitchOverride,0xc0,,,37,37,no upstream key
0x00c94b00,MaxRetaliateDistance,0xc4,,,37,37,no upstream key
0x00c94b00,RetaliateFriendsRadius,0xc8,,,37,37,no upstream key
0x00c94b00,ChaseFromBehindLimit,0xcc,,,37,37,no upstream key
0x00c94b00,CastleSiegeStandBackDistance,0xd0,,,37,37,no upstream key
0x00c94b00,UseLowLODTrees,0xd4,,,37,37,no upstream key
0x00c94b00,DisableTrees,0xe8,,,37,37,no upstream key
0x00c94b00,LowLodTreeName,0xd8,,,37,37,no upstream key
0x00c94b00,LowLodTreeNameNoGrab,0xdc,,,37,37,no upstream key
0x00c94b00,LowLodTreeNameNoHarvest,0xe0,,,37,37,no upstream key
0x00c94b00,LowLodTreeScale,0xe4,,,37,37,no upstream key
0x00c95778,Science,0x0,CommandButton,m_science,1,1,
0x00c958a0,ResourceGatherersEasy,0x8,AISideInfo,m_easy,9,9,
0x00c958a0,ResourceGatherersNormal,0xc,AISideInfo,m_normal,9,9,
0x00c958a0,ResourceGatherersHard,0x10,AISideInfo,m_hard,9,9,
0x00c958a0,BaseDefenseStructure1,0x1b8,AISideInfo,m_baseDefenseStructure1,9,9,
0x00c958a0,SkillSet1,0x14,AISideInfo,m_skillSet1,9,9,
0x00c958a0,SkillSet2,0x68,AISideInfo,m_skillSet2,9,9,
0x00c958a0,SkillSet3,0xbc,AISideInfo,m_skillSet3,9,9,
0x00c958a0,SkillSet4,0x110,AISideInfo,m_skillSet4,9,9,
0x00c958a0,SkillSet5,0x164,AISideInfo,m_skillSet5,9,9,
0x00c9596c,Structure,0x0,,,0,0,no upstream key
0x00c959f4,Default,0x8,MultiplayerStartingMoneySettings,isDefault,1,1,
0x00c959f4,Target,0xc,,,1,1,no upstream key
0x00c9ba18,TurretTurnRate,0x0,TurretAIData,m_turnRate,16,15,
0x00c9ba18,TurretPitchRate,0x4,TurretAIData,m_pitchRate,16,15,
0x00c9ba18,NaturalTurretAngle,0x8,TurretAIData,m_naturalTurretAngle,16,15,
0x00c9ba18,NaturalTurretPitch,0xc,TurretAIData,m_naturalTurretPitch,16,15,
0x00c9ba18,FirePitch,0x30,TurretAIData,m_firePitch,16,15,
0x00c9ba18,MinPhysicalPitch,0x34,TurretAIData,m_minPitch,16,15,
0x00c9ba18,GroundUnitPitch,0x38,TurretAIData,m_groundUnitPitch,16,15,
0x00c9ba18,TurretFireAngleSweep,0x0,,,16,15,no upstream key
0x00c9ba18,TurretSweepSpeedModifier,0x0,,,16,15,no upstream key
0x00c9ba18,ControlledWeaponSlots,0x3c,TurretAIData,m_turretWeaponSlots,16,15,
0x00c9ba18,AllowsPitch,0x56,TurretAIData,m_isAllowsPitch,16,15,
0x00c9ba18,MinIdleScanAngle,0x40,TurretAIData,m_minIdleScanAngle,16,15,
0x00c9ba18,MaxIdleScanAngle,0x44,TurretAIData,m_maxIdleScanAngle,16,15,
0x00c9ba18,MinIdleScanInterval,0x48,TurretAIData,m_minIdleScanInterval,16,15,
0x00c9ba18,MaxIdleScanInterval,0x4c,TurretAIData,m_maxIdleScanInterval,16,15,
0x00c9ba18,RecenterTime,0x50,TurretAIData,m_recenterTime,16,15,
0x00c9ba18,InitiallyDisabled,0x54,TurretAIData,m_initiallyDisabled,16,15,vote picked from StealthDetectorUpdateModuleData::m_initiallyDisabled
0x00c9ba18,FiresWhileTurning,0x55,TurretAIData,m_firesWhileTurning,16,15,
0x00c9c0a0,Name,0x4,BuildListInfo,m_buildingName,7,6,vote picked from ControlBarSchemeAnimation::m_name|ParticleSystemFXNugget::m_name|RayEffectFXNugget::m_templateName|SoundFXNugget::m_soundName
0x00c9c0a0,Location,0xc,BuildListInfo,m_location,7,6,
0x00c9c0a0,Rebuilds,0x28,BuildListInfo,m_numRebuilds,7,6,
0x00c9c0a0,Angle,0x20,BuildListInfo,m_angle,7,6,
0x00c9c0a0,InitiallyBuilt,0x24,BuildListInfo,m_isInitiallyBuilt,7,6,
0x00c9c0a0,RallyPointOffset,0x18,BuildListInfo,m_rallyPointOffset,7,6,
0x00c9c0a0,AutomaticallyBuild,0x3b,BuildListInfo,m_automaticallyBuild,7,6,
0x00c9c874,DamageScalar,0x0,,,1,1,no upstream key
0x00c9c874,Armor,0x0,ArmorTemplateSet,m_template,1,1,
0x00c9d860,Surfaces,0x10,LocomotorTemplate,m_surfaces,50,48,
0x00c9d860,Speed,0x1c,LocomotorTemplate,m_maxSpeed,50,48,vote picked from TracerFXNugget::m_speed
0x00c9d860,LookAheadMult,0x14,,,50,48,no upstream key
0x00c9d860,NonDirtyTransform,0x18,,,50,48,no upstream key
0x00c9d860,SpeedDamaged,0x20,LocomotorTemplate,m_maxSpeedDamaged,50,48,
0x00c9d860,TurnTime,0x28,,,50,48,no upstream key
0x00c9d860,TurnTimeDamaged,0x2c,,,50,48,no upstream key
0x00c9d860,SlowTurnRadius,0x30,,,50,48,no upstream key
0x00c9d860,FastTurnRadius,0x34,,,50,48,no upstream key
0x00c9d860,TurnThreshold,0x38,,,50,48,no upstream key
0x00c9d860,TurnThresholdHS,0x3c,,,50,48,no upstream key
0x00c9d860,Acceleration,0x40,LocomotorTemplate,m_acceleration,50,48,vote picked from RailroadBehaviorModuleData::m_acceleration
0x00c9d860,Lift,0x44,LocomotorTemplate,m_lift,50,48,
0x00c9d860,LiftDamaged,0x48,LocomotorTemplate,m_liftDamaged,50,48,
0x00c9d860,Braking,0x4c,LocomotorTemplate,m_braking,50,48,vote picked from RailroadBehaviorModuleData::m_braking
0x00c9d860,MinSpeed,0x24,LocomotorTemplate,m_minSpeed,50,48,
0x00c9d860,MinTurnSpeed,0x50,LocomotorTemplate,m_minTurnSpeed,50,48,
0x00c9d860,PreferredHeight,0x54,LocomotorTemplate,m_preferredHeight,50,48,vote picked from WaveGuideUpdateModuleData::m_preferredHeight
0x00c9d860,PreferredHeightDamping,0x5c,LocomotorTemplate,m_preferredHeightDamping,50,48,
0x00c9d860,PreferredAttackHeight,0x58,,,50,48,no upstream key
0x00c9d860,CirclingRadius,0x60,LocomotorTemplate,m_circlingRadius,50,48,
0x00c9d860,SpeedLimitZ,0x64,LocomotorTemplate,m_speedLimitZ,50,48,
0x00c9d860,MaxThrustAngle,0x68,LocomotorTemplate,m_maxThrustAngle,50,48,
0x00c9d860,ZAxisBehavior,0x6c,LocomotorTemplate,m_behaviorZ,50,48,
0x00c9d860,Appearance,0x70,LocomotorTemplate,m_appearance,50,48,
0x00c9d860,FormationPriority,0x74,,,50,48,no upstream key
0x00c9d860,AccDecTrigger,0x78,,,50,48,no upstream key
0x00c9d860,WalkDistance,0x7c,,,50,48,no upstream key
0x00c9d860,MaxOverlappedHeight,0xa0,,,50,48,no upstream key
0x00c9d860,MaxTurnWithoutReform,0x80,,,50,48,no upstream key
0x00c9d860,AccelerationPitchLimit,0x84,LocomotorTemplate,m_accelPitchLimit,50,48,
0x00c9d860,BounceAmount,0x88,LocomotorTemplate,m_bounceKick,50,48,
0x00c9d860,PitchStiffness,0x8c,LocomotorTemplate,m_pitchStiffness,50,48,
0x00c9d860,RollStiffness,0x90,LocomotorTemplate,m_rollStiffness,50,48,
0x00c9d860,PitchDamping,0x94,LocomotorTemplate,m_pitchDamping,50,48,
0x00c9d860,RollDamping,0x98,LocomotorTemplate,m_rollDamping,50,48,
0x00c9d860,PitchInDirectionOfZVelFactor,0x9c,LocomotorTemplate,m_pitchByZVelCoef,50,48,
0x00c9d860,ForwardVelocityPitchFactor,0xa4,LocomotorTemplate,m_forwardVelCoef,50,48,
0x00c9d860,LateralVelocityRollFactor,0xa8,LocomotorTemplate,m_lateralVelCoef,50,48,
0x00c9d860,ForwardAccelerationPitchFactor,0xac,LocomotorTemplate,m_forwardAccelCoef,50,48,
0x00c9d860,LateralAccelerationRollFactor,0xb0,LocomotorTemplate,m_lateralAccelCoef,50,48,
0x00c9d860,UniformAxialDamping,0xb4,LocomotorTemplate,m_uniformAxialDamping,50,48,
0x00c9d860,TurnPivotOffset,0xb8,LocomotorTemplate,m_turnPivotOffset,50,48,
0x00c9d860,Apply2DFrictionWhenAirborne,0xce,LocomotorTemplate,m_apply2DFrictionWhenAirborne,50,48,
0x00c9d860,DownhillOnly,0xcf,LocomotorTemplate,m_downhillOnly,50,48,
0x00c9d860,AllowAirborneMotiveForce,0xcd,LocomotorTemplate,m_allowMotiveForceWhileAirborne,50,48,
0x00c9d860,LocomotorWorksWhenDead,0xcc,LocomotorTemplate,m_locomotorWorksWhenDead,50,48,
0x00c9d860,AirborneTargetingHeight,0xbc,LocomotorTemplate,m_airborneTargetingHeight,50,48,
0x00c9d860,StickToGround,0xd0,LocomotorTemplate,m_stickToGround,50,48,
0x00c9d860,CanMoveBackwards,0xd4,LocomotorTemplate,m_canMoveBackward,50,48,
0x00c9d860,HasSuspension,0xd8,LocomotorTemplate,m_hasSuspension,50,48,
0x00c9d860,FrontWheelTurnAngle,0xe4,LocomotorTemplate,m_wheelTurnAngle,50,48,
0x00c9d860,MaximumWheelExtension,0xdc,LocomotorTemplate,m_maximumWheelExtension,50,48,
0x00c9d860,MaximumWheelCompression,0xe0,LocomotorTemplate,m_maximumWheelCompression,50,48,
0x00c9d860,CloseEnoughDist,0xc0,LocomotorTemplate,m_closeEnoughDist,50,48,
0x00c9d860,CloseEnoughDist3D,0xc4,LocomotorTemplate,m_isCloseEnoughDist3D,50,48,
0x00c9d860,SlideIntoPlaceTime,0xc8,LocomotorTemplate,m_ultraAccurateSlideIntoPlaceFactor,50,48,
0x00c9d860,CrewPowered,0xe8,,,50,48,no upstream key
0x00c9d860,UseTerrainSmoothing,0xe9,,,50,48,no upstream key
0x00c9d860,WanderWidthFactor,0xec,LocomotorTemplate,m_wanderWidthFactor,50,48,
0x00c9d860,WanderLengthFactor,0xf0,LocomotorTemplate,m_wanderLengthFactor,50,48,
0x00c9d860,WanderAboutPointRadius,0xf4,LocomotorTemplate,m_wanderAboutPointRadius,50,48,
0x00c9d860,ChargeSpeed,0xf8,,,50,48,no upstream key
0x00c9d860,ChargeAvailable,0xfc,,,50,48,no upstream key
0x00c9d860,EnableHighSpeedTurnModelconditions,0xfd,,,50,48,no upstream key
0x00c9d860,WaitForFormation,0xfe,,,50,48,no upstream key
0x00c9d860,RudderCorrectionDegree,0x100,LocomotorTemplate,m_rudderCorrectionDegree,50,48,
0x00c9d860,RudderCorrectionRate,0x104,LocomotorTemplate,m_rudderCorrectionRate,50,48,
0x00c9d860,ElevatorCorrectionDegree,0x108,LocomotorTemplate,m_elevatorCorrectionDegree,50,48,
0x00c9d860,ElevatorCorrectionRate,0x10c,LocomotorTemplate,m_elevatorCorrectionRate,50,48,
0x00c9d860,AeleronCorrectionDegree,0x110,,,50,48,no upstream key
0x00c9d860,AeleronCorrectionRate,0x10c,,,50,48,no upstream key
0x00c9d860,SwoopStandoffRadius,0x118,,,50,48,no upstream key
0x00c9d860,SwoopStandoffHeight,0x11c,,,50,48,no upstream key
0x00c9d860,SwoopTerminalVelocity,0x120,,,50,48,no upstream key
0x00c9d860,SwoopAccelerationRate,0x124,,,50,48,no upstream key
0x00c9d860,SwoopSpeedTuningFactor,0x128,,,50,48,no upstream key
0x00c9d860,BackingUpSpeed,0x12c,,,50,48,no upstream key
0x00c9d860,BackingUpStopWhenTurning,0x130,,,50,48,no upstream key
0x00c9d860,BackingUpDistanceMin,0x134,,,50,48,no upstream key
0x00c9d860,BackingUpDistanceMax,0x138,,,50,48,no upstream key
0x00c9d860,BackingUpAngle,0x13c,,,50,48,no upstream key
0x00c9e038,Speed,0x20,,,1,0,ambiguous: LocomotorTemplate::m_maxSpeed|TracerFXNugget::m_speed
0x00c9e038,Condition,0x1c,,,1,0,no upstream key
0x00c9e038,Locomotor,0x18,,,1,0,no upstream key
0x00c9eef8,CreateObject,0x0,,,1,0,no upstream key
0x00c9eef8,CreateDebris,0x0,,,1,0,no upstream key
0x00c9eef8,ApplyRandomForce,0x0,,,1,0,no upstream key
0x00c9eef8,FireWeapon,0x0,DeliverPayloadData,m_fireWeapon,1,0,sole candidate; table vote decided nothing
0x00c9eef8,Attack,0x0,AudioEventInfo,m_attackSounds,1,0,sole candidate; table vote decided nothing
0x00c9f320,PutInContainer,0x10,GenericObjectCreationNugget,m_putInContainer,24,20,vote picked from DeliverPayloadAIUpdateModuleData::m_putInContainerName|DeliverPayloadNugget::m_putInContainerName
0x00c9f320,ParticleSystem,0x24,GenericObjectCreationNugget,m_particleSysName,24,20,
0x00c9f320,Count,0x28,GenericObjectCreationNugget,m_debrisToGenerate,24,20,vote picked from HordeUpdateModuleData::m_minCount|ParticleSystemFXNugget::m_count
0x00c9f320,OrientInForceDirection,0x116,GenericObjectCreationNugget,m_orientInForceDirection,24,20,
0x00c9f320,ExtraBounciness,0x2c,GenericObjectCreationNugget,m_extraBounciness,24,20,
0x00c9f320,ExtraFriction,0x30,GenericObjectCreationNugget,m_extraFriction,24,20,
0x00c9f320,Offset,0x34,GenericObjectCreationNugget,m_offset,24,20,vote picked from ParticleSystemFXNugget::m_offset
0x00c9f320,Disposition,0x40,GenericObjectCreationNugget,m_disposition,24,20,
0x00c9f320,DispositionIntensity,0x44,GenericObjectCreationNugget,m_dispositionIntensity,24,20,
0x00c9f320,DispositionAngle,0x48,,,24,20,no upstream key
0x00c9f320,VelocityScale,0x4c,,,24,20,no upstream key
0x00c9f320,MinForceMagnitude,0x50,GenericObjectCreationNugget,m_minMag,24,20,vote picked from ApplyRandomForceNugget::m_minMag
0x00c9f320,MaxForceMagnitude,0x54,GenericObjectCreationNugget,m_maxMag,24,20,vote picked from ApplyRandomForceNugget::m_maxMag
0x00c9f320,MinForcePitch,0x58,GenericObjectCreationNugget,m_minPitch,24,20,vote picked from ApplyRandomForceNugget::m_minPitch
0x00c9f320,MaxForcePitch,0x5c,GenericObjectCreationNugget,m_maxPitch,24,20,vote picked from ApplyRandomForceNugget::m_maxPitch
0x00c9f320,MinLifetime,0x60,GenericObjectCreationNugget,m_minFrames,24,20,vote picked from DeletionUpdateModuleData::m_minFrames|LifetimeUpdateModuleData::m_minFrames
0x00c9f320,MaxLifetime,0x64,GenericObjectCreationNugget,m_maxFrames,24,20,vote picked from DeletionUpdateModuleData::m_maxFrames|LifetimeUpdateModuleData::m_maxFrames
0x00c9f320,SpreadFormation,0x117,GenericObjectCreationNugget,m_spreadFormation,24,20,
0x00c9f320,MinDistanceAFormation,0x84,GenericObjectCreationNugget,m_minDistanceAFormation,24,20,
0x00c9f320,MinDistanceBFormation,0x88,GenericObjectCreationNugget,m_minDistanceBFormation,24,20,
0x00c9f320,MaxDistanceFormation,0x8c,GenericObjectCreationNugget,m_maxDistanceFormation,24,20,
0x00c9f320,FadeIn,0x118,GenericObjectCreationNugget,m_fadeIn,24,20,
0x00c9f320,FadeOut,0x119,GenericObjectCreationNugget,m_fadeOut,24,20,
0x00c9f320,FadeTime,0x7c,GenericObjectCreationNugget,m_fadeFrames,24,20,
0x00c9f320,FadeSound,0x80,GenericObjectCreationNugget,m_fadeSoundName,24,20,
0x00c9f320,PreserveLayer,0x10a,GenericObjectCreationNugget,m_preserveLayer,24,20,
0x00c9f320,IgnoreAllObjects,0x10b,,,24,20,no upstream key
0x00c9f320,IgnoreEnemyUnits,0x10d,,,24,20,no upstream key
0x00c9f320,IgnoreAllyUnits,0x10c,,,24,20,no upstream key
0x00c9f320,StartingConditions,0x120,,,24,20,no upstream key
0x00c9f604,Weapon,0x4,,,1,0,ambiguous: FireWeaponNugget::m_weapon|FireWeaponUpdateModuleData::m_weaponTemplate
0x00c9f678,NumberOfShots,0x38,AttackNugget,m_numberOfShots,4,2,
0x00c9f678,WeaponSlot,0x3c,AttackNugget,m_weaponSlot,4,2,vote picked from CleanupHazardUpdateModuleData::m_weaponSlot|CommandButton::m_weaponSlot|FireOCLAfterWeaponCooldownUpdateModuleData::m_weaponSlot
0x00c9f678,DeliveryDecal,0x4,AttackNugget,m_deliveryDecalTemplate,4,2,vote picked from DeliverPayloadAIUpdateModuleData::m_deliveryDecalTemplate|DeliverPayloadData::m_deliveryDecalTemplate|NeutronMissileUpdateModuleData::m_deliveryDecalTemplate|RadiusDecalUpdateModuleData::m_deliveryDecalTemplate
0x00c9f678,DeliveryDecalRadius,0x34,AttackNugget,m_deliveryDecalRadius,4,2,vote picked from DeliverPayloadAIUpdateModuleData::m_deliveryDecalRadius|DeliverPayloadData::m_deliveryDecalRadius|NeutronMissileUpdateModuleData::m_deliveryDecalRadius|RadiusDecalUpdateModuleData::m_deliveryDecalRadius
0x00c9f6d8,MinForceMagnitude,0x4,,,4,0,ambiguous: ApplyRandomForceNugget::m_minMag|GenericObjectCreationNugget::m_minMag
0x00c9f6d8,MaxForceMagnitude,0x8,,,4,0,ambiguous: ApplyRandomForceNugget::m_maxMag|GenericObjectCreationNugget::m_maxMag
0x00c9f6d8,MinForcePitch,0xc,,,4,0,ambiguous: ApplyRandomForceNugget::m_minPitch|GenericObjectCreationNugget::m_minPitch
0x00c9f6d8,MaxForcePitch,0x10,,,4,0,ambiguous: ApplyRandomForceNugget::m_maxPitch|GenericObjectCreationNugget::m_maxPitch
0x00c9f8a8,ContainInsideSourceObject,0x109,GenericObjectCreationNugget,m_containInsideSourceObject,8,7,
0x00c9f8a8,ObjectNames,0x4,,,8,7,no upstream key
0x00c9f8a8,ObjectCount,0x90,GenericObjectCreationNugget,m_objectCount,8,7,
0x00c9f8a8,InheritsVeterancy,0x11a,GenericObjectCreationNugget,m_inheritsVeterancy,8,7,
0x00c9f8a8,VeterancyLevel,0x11c,CrateTemplate,m_veterancyLevel,8,7,sole candidate; table votes GenericObjectCreationNugget
0x00c9f8a8,SkipIfSignificantlyAirborne,0x11b,GenericObjectCreationNugget,m_skipIfSignificantlyAirborne,8,7,
0x00c9f8a8,InvulnerableTime,0x70,GenericObjectCreationNugget,m_invulnerableTime,8,7,vote picked from EjectPilotDieModuleData::m_invulnerableTime
0x00c9f8a8,StartingBusyTime,0x110,,,8,7,no upstream key
0x00c9f8a8,MinHealth,0x74,GenericObjectCreationNugget,m_minHealth,8,7,vote picked from PilotFindVehicleUpdateModuleData::m_minHealth
0x00c9f8a8,MaxHealth,0x78,GenericObjectCreationNugget,m_maxHealth,8,7,vote picked from ActiveBodyModuleData::m_maxHealth
0x00c9f8a8,RequiresLivePlayer,0x104,GenericObjectCreationNugget,m_requiresLivePlayer,8,7,
0x00c9f8a8,IgnoreCommandPointLimit,0x105,,,8,7,no upstream key
0x00c9f8a8,InheritAttributesFromSource,0x106,,,8,7,no upstream key
0x00c9f8a8,UseJustBuiltFlag,0x108,,,8,7,no upstream key
0x00c9f8a8,InheritScriptingName,0x107,,,8,7,no upstream key
0x00c9fa78,ModelNames,0x4,,,6,4,no upstream key
0x00c9fa78,AnimationSet,0x14,GenericObjectCreationNugget,m_animSets,6,4,
0x00c9fa78,FXFinal,0x20,GenericObjectCreationNugget,m_fxFinal,6,4,
0x00c9fa78,OkToChangeModelColor,0x115,GenericObjectCreationNugget,m_okToChangeModelColor,6,4,vote picked from W3DModelDrawModuleData::m_okToChangeModelColor
0x00c9fa78,MinLODRequired,0x6c,GenericObjectCreationNugget,m_minLODRequired,6,4,vote picked from W3DModelDrawModuleData::m_minLODRequired
0x00c9fa78,Shadow,0x68,GenericObjectCreationNugget,m_shadowType,6,4,vote picked from ThingTemplate::m_shadowType
0x00c9fa78,BounceSound,0x94,GenericObjectCreationNugget,m_bounceSound,6,4,
0x00c9fbc8,AllyDeathScaleFactor,0x4,,,0,0,no upstream key
0x00c9fbc8,EnemyKillScaleFactor,0x8,,,0,0,no upstream key
0x00c9fbc8,VictoryThreshold,0x10,,,0,0,no upstream key
0x00c9fbc8,MapToCellVictoryRatio,0xc,,,0,0,no upstream key
0x00c9fbc8,MajorUnitValue,0x14,,,0,0,no upstream key
0x00c9fc28,CellSize,0xc,,,0,0,no upstream key
0x00c9fc28,ScalePerLogicFrame,0x14,,,0,0,no upstream key
0x00c9fc28,SubtractPerLogicFrame,0x18,,,0,0,no upstream key
0x00c9fc28,CellBonusRadius,0x20,,,0,0,no upstream key
0x00c9fe18,AttackRange,0x14,WeaponTemplate,m_attackRange,49,47,vote picked from SlavedUpdateModuleData::m_attackRange
0x00c9fe18,MinimumAttackRange,0x18,WeaponTemplate,m_minimumAttackRange,49,47,
0x00c9fe18,RequestAssistRange,0x1c,WeaponTemplate,m_requestAssistRange,49,47,
0x00c9fe18,AcceptableAimDelta,0x20,WeaponTemplate,m_aimDelta,49,47,
0x00c9fe18,AimDirection,0x24,,,49,47,no upstream key
0x00c9fe18,ScatterRadius,0x28,WeaponTemplate,m_scatterRadius,49,47,
0x00c9fe18,ScatterTargetScalar,0x2c,WeaponTemplate,m_scatterTargetScalar,49,47,
0x00c9fe18,ScatterRadiusVsInfantry,0x514,WeaponTemplate,m_infantryInaccuracyDist,49,47,
0x00c9fe18,ScatterIndependently,0x30,,,49,47,no upstream key
0x00c9fe18,DisableScatterForTargetsOnWall,0x31,,,49,47,no upstream key
0x00c9fe18,WeaponSpeed,0x58,WeaponTemplate,m_weaponSpeed,49,47,
0x00c9fe18,MinWeaponSpeed,0x5c,WeaponTemplate,m_minWeaponSpeed,49,47,
0x00c9fe18,MaxWeaponSpeed,0x60,,,49,47,no upstream key
0x00c9fe18,ScaleWeaponSpeed,0x64,WeaponTemplate,m_isScaleWeaponSpeed,49,47,
0x00c9fe18,CanBeDodged,0x65,,,49,47,no upstream key
0x00c9fe18,IdleAfterFiringDelay,0x68,,,49,47,no upstream key
0x00c9fe18,HoldAfterFiringDelay,0x6c,,,49,47,no upstream key
0x00c9fe18,CanFireWhileMoving,0x70,,,49,47,no upstream key
0x00c9fe18,CanFireWhileCharging,0x71,,,49,47,no upstream key
0x00c9fe18,CanSwoop,0x72,,,49,47,no upstream key
0x00c9fe18,WeaponRecoil,0x74,WeaponTemplate,m_weaponRecoil,49,47,
0x00c9fe18,MinTargetPitch,0x78,WeaponTemplate,m_minTargetPitch,49,47,
0x00c9fe18,MaxTargetPitch,0x7c,WeaponTemplate,m_maxTargetPitch,49,47,
0x00c9fe18,PreferredTargetBone,0x80,,,49,47,no upstream key
0x00c9fe18,FireSound,0xb4,WeaponTemplate,m_fireSound,49,47,
0x00c9fe18,FireSoundLoopTime,0x124,WeaponTemplate,m_fireSoundLoopTime,49,47,
0x00c9fe18,FireFX,0x94,WeaponTemplate,m_fireFXs,49,47,
0x00c9fe18,PreAttackFX,0xa4,,,49,47,no upstream key
0x00c9fe18,ProjectileExhaust,0x84,WeaponTemplate,m_projectileExhausts,49,47,
0x00c9fe18,VeterancyFireFX,0x94,WeaponTemplate,m_fireFXs,49,47,
0x00c9fe18,VeterancyProjectileExhaust,0x84,WeaponTemplate,m_projectileExhausts,49,47,
0x00c9fe18,ClipSize,0x4ac,WeaponTemplate,m_clipSize,49,47,
0x00c9fe18,ContinuousFireOne,0x4c0,WeaponTemplate,m_continuousFireOneShotsNeeded,49,47,
0x00c9fe18,ContinuousFireTwo,0x4c4,WeaponTemplate,m_continuousFireTwoShotsNeeded,49,47,
0x00c9fe18,ContinuousFireCoast,0x4c8,WeaponTemplate,m_continuousFireCoastFrames,49,47,
0x00c9fe18,AutoReloadWhenIdle,0x4cc,WeaponTemplate,m_autoReloadWhenIdleFrames,49,47,
0x00c9fe18,ShotsPerBarrel,0x4d0,WeaponTemplate,m_shotsPerBarrel,49,47,
0x00c9fe18,DamageDealtAtSelfPosition,0x4e4,WeaponTemplate,m_damageDealtAtSelfPosition,49,47,
0x00c9fe18,ProjectileFilterInContainer,0x4e8,,,49,47,no upstream key
0x00c9fe18,ProjectileSelf,0x4ec,,,49,47,no upstream key
0x00c9fe18,MeleeWeapon,0x4ed,,,49,47,no upstream key
0x00c9fe18,ChaseWeapon,0x4ee,,,49,47,no upstream key
0x00c9fe18,LeechRangeWeapon,0x4f8,WeaponTemplate,m_leechRangeWeapon,49,47,
0x00c9fe18,HitStoredTarget,0x4f9,,,49,47,no upstream key
0x00c9fe18,CapableOfFollowingWaypoints,0x4fa,WeaponTemplate,m_capableOfFollowingWaypoint,49,47,
0x00c9fe18,ShowsAmmoPips,0x4fb,WeaponTemplate,m_isShowsAmmoPips,49,47,
0x00c9fe18,AllowAttackGarrisonedBldgs,0x4fc,WeaponTemplate,m_allowAttackGarrisonedBldgs,49,47,
0x00c9fe18,PlayFXWhenStealthed,0x4fd,WeaponTemplate,m_playFXWhenStealthed,49,47,
0x00c9fe18,FiringDuration,0x50c,,,49,47,no upstream key
0x00c9fe18,ContinueAttackRange,0x510,WeaponTemplate,m_continueAttackRange,49,47,
0x00c9fe18,SuspendFXDelay,0x518,WeaponTemplate,m_suspendFXDelay,49,47,
0x00c9fe18,IgnoreLinearFirstTarget,0x51c,,,49,47,no upstream key
0x00c9fe18,ForceDisplayPercentReady,0x51d,,,49,47,no upstream key
0x00c9fe18,IsAimingWeapon,0x51e,,,49,47,no upstream key
0x00c9fe18,NoVictimNeeded,0x533,,,49,47,no upstream key
0x00c9fe18,RotatingTurret,0x534,,,49,47,no upstream key
0x00c9fe18,HitPercentage,0x520,,,49,47,no upstream key
0x00c9fe18,HitPassengerPercentage,0x524,,,49,47,no upstream key
0x00c9fe18,PreAttackDelay,0x500,WeaponTemplate,m_preAttackDelay,49,47,
0x00c9fe18,PreAttackRandomAmount,0x504,,,49,47,no upstream key
0x00c9fe18,PassengerProportionalAttack,0x508,,,49,47,no upstream key
0x00c9fe18,MaxAttackPassengers,0x509,,,49,47,no upstream key
0x00c9fe18,FinishAttackOnceStarted,0x529,,,49,47,no upstream key
0x00c9fe18,OverrideVoiceAttackSound,0x128,,,49,47,no upstream key
0x00c9fe18,OverrideVoiceAttackGroupSound,0x198,,,49,47,no upstream key
0x00c9fe18,OverrideVoiceAttack2Sound,0x208,,,49,47,no upstream key
0x00c9fe18,OverrideVoiceAttackGroup2Sound,0x278,,,49,47,no upstream key
0x00c9fe18,OverrideVoiceEnterStateAttackSound,0x2e8,,,49,47,no upstream key
0x00c9fe18,OverrideVoiceEnterStateAttackGroupSound,0x358,,,49,47,no upstream key
0x00c9fe18,OverrideVoiceEnterStateAttack2Sound,0x3c8,,,49,47,no upstream key
0x00c9fe18,OverrideVoiceEnterStateAttackGroup2Sound,0x438,,,49,47,no upstream key
0x00c9fe18,RestrictedHeightRange,0x52c,,,49,47,no upstream key
0x00c9fe18,CannotTargetCastleVictims,0x530,,,49,47,no upstream key
0x00c9fe18,RequireFollowThru,0x531,,,49,47,no upstream key
0x00c9fe18,ShareTimers,0x532,,,49,47,no upstream key
0x00c9fe18,ShouldPlayUnderAttackEvaEvent,0x535,,,49,47,no upstream key
0x00c9fe18,PreAttackType,0x4f4,WeaponTemplate,m_prefireType,49,47,
0x00c9fe18,AutoReloadsClip,0x4f0,WeaponTemplate,m_reloadType,49,47,
0x00c9fe18,RadiusDamageAffects,0x4d8,WeaponTemplate,m_affectsMask,49,47,
0x00c9fe18,ProjectileCollidesWith,0x4e0,WeaponTemplate,m_collideMask,49,47,
0x00c9fe18,FXTrigger,0x10,,,49,47,no upstream key
0x00c9fe18,DamageType,0x4c,WeaponTemplate,m_damageType,49,47,vote picked from ParticleUplinkCannonUpdateModuleData::m_damageType
0x00c9fe18,DeathType,0x50,WeaponTemplate,m_deathType,49,47,vote picked from ParticleUplinkCannonUpdateModuleData::m_deathType
0x00c9fe18,DamageFXType,0x54,,,49,47,no upstream key
0x00c9fe18,AntiAirborneVehicle,0x4d4,WeaponTemplate,m_antiMask,49,47,
0x00c9fe18,AntiGround,0x4d4,WeaponTemplate,m_antiMask,49,47,
0x00c9fe18,AntiProjectile,0x4d4,WeaponTemplate,m_antiMask,49,47,
0x00c9fe18,AntiSmallMissile,0x4d4,WeaponTemplate,m_antiMask,49,47,
0x00c9fe18,AntiMine,0x4d4,WeaponTemplate,m_antiMask,49,47,
0x00c9fe18,AntiParachute,0x4d4,WeaponTemplate,m_antiMask,49,47,
0x00c9fe18,AntiAirborneInfantry,0x4d4,WeaponTemplate,m_antiMask,49,47,
0x00c9fe18,AntiAirborneMonster,0x4d4,,,49,47,no upstream key
0x00c9fe18,AntiBallisticMissile,0x4d4,WeaponTemplate,m_antiMask,49,47,
0x00c9fe18,AntiStructure,0x4d4,,,49,47,no upstream key
0x00c9fe18,DelayBetweenShots,0x0,,,49,47,no upstream key
0x00c9fe18,ClipReloadTime,0x0,WeaponTemplate,m_clipReloadTime,49,47,
0x00c9fe18,ScatterTarget,0x0,,,49,47,no upstream key
0x00c9fe18,LinearTarget,0x0,,,49,47,no upstream key
0x00c9fe18,WeaponBonus,0x0,GlobalData,m_weaponBonusSet,49,47,sole candidate; table votes WeaponTemplate
0x00c9fe18,DamageNugget,0x0,,,49,47,no upstream key
0x00c9fe18,ClearNuggets,0x0,,,49,47,no upstream key
0x00c9fe18,DamageFieldNugget,0x0,,,49,47,no upstream key
0x00c9fe18,WeaponOCLNugget,0x0,,,49,47,no upstream key
0x00c9fe18,ProjectileNugget,0x0,,,49,47,no upstream key
0x00c9fe18,MetaImpactNugget,0x0,,,49,47,no upstream key
0x00c9fe18,HordeAttackNugget,0x0,,,49,47,no upstream key
0x00c9fe18,SpawnAndFadeNugget,0x0,,,49,47,no upstream key
0x00c9fe18,GrabNugget,0x0,,,49,47,no upstream key
0x00c9fe18,AttributeModifierNugget,0x0,,,49,47,no upstream key
0x00c9fe18,SpecialModelConditionNugget,0x0,,,49,47,no upstream key
0x00c9fe18,ParalyzeNugget,0x0,,,49,47,no upstream key
0x00c9fe18,LuaEventNugget,0x0,,,49,47,no upstream key
0x00ca17a8,Conditions,0x4,WeaponTemplateSet,m_types,3,2,vote picked from ArmorTemplateSet::m_types
0x00ca17a8,Weapon,0x0,,,3,2,ambiguous: FireWeaponNugget::m_weapon|FireWeaponUpdateModuleData::m_weaponTemplate
0x00ca17a8,AutoChooseSources,0x0,,,3,2,no upstream key
0x00ca17a8,PreferredAgainst,0x0,,,3,2,no upstream key
0x00ca17a8,OnlyAgainst,0x0,,,3,2,no upstream key
0x00ca17a8,ShareWeaponReloadTime,0xe8,WeaponTemplateSet,m_isReloadTimeShared,3,2,
0x00ca17a8,WeaponLockSharedAcrossSets,0xe9,WeaponTemplateSet,m_isWeaponLockSharedAcrossSets,3,2,
0x00ca18f0,AimLowThreshold,0x8,,,0,0,no upstream key
0x00ca18f0,AimHighThreshold,0xc,,,0,0,no upstream key
0x00ca18f0,AimNearDistance,0x10,,,0,0,no upstream key
0x00ca18f0,AimFarDistance,0x14,,,0,0,no upstream key
0x00ca1acc,DUMMY,0x8,,,0,0,no upstream key
0x00ca2140,TumbleRandomly,0x48,DumbProjectileBehaviorModuleData,m_tumbleRandomly,12,7,
0x00ca2140,DetonateCallsKill,0x4a,DumbProjectileBehaviorModuleData,m_detonateCallsKill,12,7,vote picked from MissileAIUpdateModuleData::m_detonateCallsKill
0x00ca2140,OrientToFlightPath,0x49,DumbProjectileBehaviorModuleData,m_orientToFlightPath,12,7,
0x00ca2140,FirstHeight,0x8,DumbProjectileBehaviorModuleData,m_firstHeight,12,7,
0x00ca2140,SecondHeight,0xc,DumbProjectileBehaviorModuleData,m_secondHeight,12,7,
0x00ca2140,FirstPercentIndent,0x10,DumbProjectileBehaviorModuleData,m_firstPercentIndent,12,7,
0x00ca2140,SecondPercentIndent,0x14,DumbProjectileBehaviorModuleData,m_secondPercentIndent,12,7,
0x00ca2140,CrushStyle,0x18,,,12,7,no upstream key
0x00ca2140,DieOnImpact,0x19,,,12,7,no upstream key
0x00ca2140,FinalStuckTime,0x38,,,12,7,no upstream key
0x00ca2140,PreLandingStateTime,0x3c,,,12,7,no upstream key
0x00ca2140,BounceCount,0x1c,,,12,7,no upstream key
0x00ca2140,BounceDistance,0x20,,,12,7,no upstream key
0x00ca2140,BounceFirstHeight,0x24,,,12,7,no upstream key
0x00ca2140,BounceSecondHeight,0x28,,,12,7,no upstream key
0x00ca2140,BounceFirstPercentIndent,0x2c,,,12,7,no upstream key
0x00ca2140,BounceSecondPercentIndent,0x30,,,12,7,no upstream key
0x00ca2140,GarrisonHitKillRequiredKindOf,0x50,DumbProjectileBehaviorModuleData,m_garrisonHitKillKindof,12,7,vote picked from MissileAIUpdateModuleData::m_garrisonHitKillKindof
0x00ca2140,GarrisonHitKillForbiddenKindOf,0x68,DumbProjectileBehaviorModuleData,m_garrisonHitKillKindofNot,12,7,vote picked from MissileAIUpdateModuleData::m_garrisonHitKillKindofNot
0x00ca2140,GarrisonHitKillCount,0x4c,DumbProjectileBehaviorModuleData,m_garrisonHitKillCount,12,7,vote picked from MissileAIUpdateModuleData::m_garrisonHitKillCount
0x00ca2140,GarrisonHitKillFX,0x80,DumbProjectileBehaviorModuleData,m_garrisonHitKillFX,12,7,vote picked from MissileAIUpdateModuleData::m_garrisonHitKillFX
0x00ca2140,GroundHitFX,0x94,ParticleUplinkCannonUpdateModuleData,m_groundHitFX,12,7,sole candidate; table votes DumbProjectileBehaviorModuleData
0x00ca2140,GroundBounceFX,0x98,,,12,7,no upstream key
0x00ca2140,GroundHitWeapon,0x9c,,,12,7,no upstream key
0x00ca2140,GroundBounceWeapon,0xa0,,,12,7,no upstream key
0x00ca2140,FlightPathAdjustDistPerSecond,0x84,DumbProjectileBehaviorModuleData,m_flightPathAdjustDistPerFrame,12,7,
0x00ca2140,IgnoreTerrainHeight,0x88,,,12,7,no upstream key
0x00ca2140,FirstPercentHeight,0x8c,,,12,7,no upstream key
0x00ca2140,SecondPercentHeight,0x90,,,12,7,no upstream key
0x00ca2140,CurveFlattenMinDist,0x34,,,12,7,no upstream key
0x00ca2140,PreLandingEmotion,0xa4,,,12,7,no upstream key
0x00ca2140,PreLandingEmotionRadius,0xa8,,,12,7,no upstream key
0x00ca2140,InvisibleFrames,0x40,,,12,7,no upstream key
0x00ca2140,FadeInTime,0x44,,,12,7,no upstream key
0x00ca28b0,LateralScaffoldSpeed,0x8,BridgeBehaviorModuleData,m_lateralScaffoldSpeed,4,4,
0x00ca28b0,VerticalScaffoldSpeed,0xc,BridgeBehaviorModuleData,m_verticalScaffoldSpeed,4,4,
0x00ca28b0,BridgeDieFX,0x10,BridgeBehaviorModuleData,m_fx,4,4,
0x00ca28b0,BridgeDieOCL,0x14,BridgeBehaviorModuleData,m_ocl,4,4,
0x00ca2d28,NightWindowName,0x8,,,0,0,no upstream key
0x00ca2d28,FireWindowName,0xc,,,0,0,no upstream key
0x00ca2d28,GlowWindowName,0x10,,,0,0,no upstream key
0x00ca2d28,FireName,0x0,,,0,0,no upstream key
0x00ca2ee8,ClearanceGeometry,0x1a8,,,0,0,no upstream key
0x00ca2ee8,ClearanceGeometryMajorRadius,0x1a8,,,0,0,no upstream key
0x00ca2ee8,ClearanceGeometryMinorRadius,0x1a8,,,0,0,no upstream key
0x00ca2ee8,ClearanceGeometryRotationAnchorOffset,0x1a8,,,0,0,no upstream key
0x00ca2ee8,ClearanceGeometryHeight,0x1a8,,,0,0,no upstream key
0x00ca2ee8,ClearanceGeometryIsSmall,0x1a8,,,0,0,no upstream key
0x00ca2ee8,ClearanceGeometryOffset,0x204,,,0,0,no upstream key
0x00ca2ee8,ClearanceMaxHeight,0x210,,,0,0,no upstream key
0x00ca2ee8,ClearanceMaxHeightFraction,0x214,,,0,0,no upstream key
0x00ca2ee8,ClearanceMinHeight,0x218,,,0,0,no upstream key
0x00ca2ee8,ClearanceMinHeightFraction,0x21c,,,0,0,no upstream key
0x00ca3270,ClickReactionTimer,0x8,,,0,0,no upstream key
0x00ca3270,ReactionFrames1,0xc,,,0,0,no upstream key
0x00ca3270,ReactionFrames2,0x10,,,0,0,no upstream key
0x00ca3270,ReactionFrames3,0x14,,,0,0,no upstream key
0x00ca3270,ReactionFrames4,0x18,,,0,0,no upstream key
0x00ca3270,ReactionFrames5,0x1c,,,0,0,no upstream key
0x00ca3550,SwitchWeaponOnCloseRangeDistance,0x8,,,0,0,no upstream key
0x00ca3550,UseCloseRangeWhileMounted,0xc,,,0,0,no upstream key
0x00ca3550,MinimumSwitchTime,0x10,,,0,0,no upstream key
0x00ca3550,UseHordeRangeWeapon,0x14,,,0,0,no upstream key
0x00ca3550,UseRealVictimRange,0x15,,,0,0,no upstream key
0x00ca3b28,BonePrefix,0xa4,,,0,0,no upstream key
0x00ca3b28,NumberOfBones,0x70,,,0,0,no upstream key
0x00ca3b28,WayPoint,0xa8,,,0,0,no upstream key
0x00ca3b28,Link,0xb4,,,0,0,no upstream key
0x00ca3b28,AllowKindOf,0x74,,,0,0,no upstream key
0x00ca3b28,RejectKindOf,0x8c,,,0,0,no upstream key
0x00ca3b28,WallBoundsMesh,0xc0,,,0,0,no upstream key
0x00ca3b28,GenerateNow,0xc4,,,0,0,no upstream key
0x00ca3b28,AboveWall,0xc8,,,0,0,no upstream key
0x00ca3b28,TopAttackPos,0xcc,,,0,0,no upstream key
0x00ca3b28,TopAttackRadius,0xd8,,,0,0,no upstream key
0x00ca3b28,AllowEnemies,0xc5,,,0,0,no upstream key
0x00ca3b28,ActivationDelaySeconds,0xdc,,,0,0,no upstream key
0x00ca3ca0,EnragedLifeTimer,0x8,,,0,0,no upstream key
0x00ca44c0,WorkerName,0x14,,,0,0,no upstream key
0x00ca44c0,EvilWorkerName,0x18,,,0,0,no upstream key
0x00ca44c0,TestFaction,0x1c,,,0,0,no upstream key
0x00ca44c0,SpawnTimer,0x20,,,0,0,no upstream key
0x00ca44c0,RebuildWhenDead,0x2c,,,0,0,no upstream key
0x00ca44c0,HealWeapon,0x28,,,0,0,no upstream key
0x00ca44c0,RebuildTimeSeconds,0x24,,,0,0,no upstream key
0x00ca44c0,SelfBuildingLoop,0x8,,,0,0,no upstream key
0x00ca44c0,SelfRepairFromDamageLoop,0xc,,,0,0,no upstream key
0x00ca44c0,SelfRepairFromRubbleLoop,0x10,,,0,0,no upstream key
0x00ca44c0,PercentOfBuildCostToRebuildPristine,0x30,,,0,0,no upstream key
0x00ca44c0,PercentOfBuildCostToRebuildDamaged,0x34,,,0,0,no upstream key
0x00ca44c0,PercentOfBuildCostToRebuildReallyDamaged,0x38,,,0,0,no upstream key
0x00ca44c0,PercentOfBuildCostToRebuildRubble,0x3c,,,0,0,no upstream key
0x00ca47f0,FXHitGround,0x1a8,HelicopterSlowDeathBehaviorModuleData,m_fxHitGround,4,2,vote picked from BattleBusSlowDeathBehaviorModuleData::m_fxHitGround|JetSlowDeathBehaviorModuleData::m_fxHitGround
0x00ca47f0,OCLHitGround,0x1ac,HelicopterSlowDeathBehaviorModuleData,m_oclHitGround,4,2,vote picked from BattleBusSlowDeathBehaviorModuleData::m_oclHitGround|JetSlowDeathBehaviorModuleData::m_oclHitGround
0x00ca47f0,DelayFromGroundToFinalDeath,0x1b0,HelicopterSlowDeathBehaviorModuleData,m_delayFromGroundToFinalDeath,4,2,
0x00ca47f0,SoundDeathLoop,0x1b4,HelicopterSlowDeathBehaviorModuleData,m_deathSound,4,2,
0x00ca47f0,CrashAvoidKindOfs,0x224,,,4,2,no upstream key
0x00ca47f0,CrashAvoidRadius,0x23c,,,4,2,no upstream key
0x00ca47f0,CrashAvoidStrength,0x240,,,4,2,no upstream key
0x00ca47f0,NeedToMaintainFlailingHeight,0x244,,,4,2,no upstream key
0x00ca4b38,HitReactionLifeTimer1,0x8,,,0,0,no upstream key
0x00ca4b38,HitReactionLifeTimer2,0xc,,,0,0,no upstream key
0x00ca4b38,HitReactionLifeTimer3,0x10,,,0,0,no upstream key
0x00ca4b38,HitReactionThreshold1,0x14,,,0,0,no upstream key
0x00ca4b38,HitReactionThreshold2,0x18,,,0,0,no upstream key
0x00ca4b38,HitReactionThreshold3,0x1c,,,0,0,no upstream key
0x00ca4b38,FastHitsResetReaction,0x20,,,0,0,no upstream key
0x00ca4b38,HitsParalyze,0x21,,,0,0,no upstream key
0x00ca4fb8,FX,0x34,FXListAtBonePosFXNugget,m_fx,1,0,sole candidate; table vote decided nothing
0x00ca4fb8,OCL,0x0,,,1,0,ambiguous: FireOCLAfterWeaponCooldownUpdateModuleData::m_ocl|OCLSpecialPowerModuleData::m_defaultOCL|OCLUpdateModuleData::m_ocl
0x00ca4fb8,Weapon,0x0,,,1,0,ambiguous: FireWeaponNugget::m_weapon|FireWeaponUpdateModuleData::m_weaponTemplate
0x00ca4fb8,Sound,0x0,,,1,0,no upstream key
0x00ca502c,FadeOutTime,0x8,,,0,0,no upstream key
0x00ca51c0,EffectRadius,0x8,EMPUpdateModuleData,m_effectRadius,1,1,
0x00ca51c0,PingDelay,0x10,,,1,1,no upstream key
0x00ca51c0,HealPercentPerSecond,0xc,,,1,1,no upstream key
0x00ca51c0,ModifierName,0x14,,,1,1,no upstream key
0x00ca51c0,AllowFilter,0x20,,,1,1,no upstream key
0x00ca543c,PoisonDamageInterval,0x8,PoisonedBehaviorModuleData,m_poisonDamageIntervalData,2,2,
0x00ca543c,PoisonDuration,0xc,PoisonedBehaviorModuleData,m_poisonDurationData,2,2,
0x00ca5600,Radius,0x8,PropagandaTowerBehaviorModuleData,m_scanRadius,7,6,vote picked from AutoHealBehaviorModuleData::m_radius|HordeUpdateModuleData::m_minDist|LightPulseFXNugget::m_radius|ParticleSystemFXNugget::m_radius|TerrainScorchFXNugget::m_radius
0x00ca5600,DelayBetweenUpdates,0xc,PropagandaTowerBehaviorModuleData,m_scanDelayInFrames,7,6,
0x00ca5600,HealPercentEachSecond,0x10,PropagandaTowerBehaviorModuleData,m_autoHealPercentPerSecond,7,6,
0x00ca5600,UpgradedHealPercentEachSecond,0x1c,PropagandaTowerBehaviorModuleData,m_upgradedAutoHealPercentPerSecond,7,6,
0x00ca5600,PulseFX,0x14,PropagandaTowerBehaviorModuleData,m_pulseFX,7,6,vote picked from TechBuildingBehaviorModuleData::m_pulseFX
0x00ca5600,UpgradeRequired,0x18,PropagandaTowerBehaviorModuleData,m_upgradeRequired,7,6,vote picked from BunkerBusterBehaviorModuleData::m_upgradeRequired
0x00ca5600,UpgradedPulseFX,0x20,PropagandaTowerBehaviorModuleData,m_upgradedPulseFX,7,6,
0x00ca58b8,RampageHealthThreshold,0x14,,,0,0,no upstream key
0x00ca58b8,RampageLifeTimer,0x18,,,0,0,no upstream key
0x00ca58b8,RampageAngryLifeTimer,0x1c,,,0,0,no upstream key
0x00ca58b8,RampageResetTimer,0x20,,,0,0,no upstream key
0x00ca58b8,RampageEnemyCheckRange,0x24,,,0,0,no upstream key
0x00ca58b8,RampageEnemyThreshold,0x28,,,0,0,no upstream key
0x00ca58b8,RequiredUpgrade,0x8,,,0,0,no upstream key
0x00ca5d68,StartsActive,0x8c,,,1,0,ambiguous: AutoHealBehaviorModuleData::m_initiallyActive|FXListDieModuleData::m_initiallyActive|FireWeaponWhenDamagedBehaviorModuleData::m_initiallyActive|FireWeaponWhenDeadBehaviorModuleData::m_initiallyActive
0x00ca5d68,ReplenishDelay,0x88,,,1,0,no upstream key
0x00ca5d68,ReplenishRadius,0x70,,,1,0,no upstream key
0x00ca5d68,NoReplenishIfEnemyWithinRadius,0x74,,,1,0,no upstream key
0x00ca5d68,ReplenishFXList,0x78,,,1,0,no upstream key
0x00ca5d68,ReplenishStatii,0x7c,,,1,0,no upstream key
0x00ca5d68,ReplenishHordeMembersOnly,0x8d,,,1,0,no upstream key
0x00ca5e68,RunToLocation,0x8,,,0,0,no upstream key
0x00ca5e68,RequiresSpecificTrigger,0x10,,,0,0,no upstream key
0x00ca5e68,RunOffMapWaypointName,0x14,,,0,0,no upstream key
0x00ca5e68,DieOnMap,0x18,,,0,0,no upstream key
0x00ca6048,Radius,0x8,,,1,0,ambiguous: AutoHealBehaviorModuleData::m_radius|HordeUpdateModuleData::m_minDist|LightPulseFXNugget::m_radius|ParticleSystemFXNugget::m_radius|PropagandaTowerBehaviorModuleData::m_scanRadius|TerrainScorchFXNugget::m_radius
0x00ca6048,DropOff,0xc,,,1,0,no upstream key
0x00ca6048,Percentage,0x10,CostModifierUpgradeModuleData,m_percentage,1,0,sole candidate; table vote decided nothing
0x00ca6048,ObjectFilter,0x14,,,1,0,no upstream key
0x00ca6244,DUMMY,0x8,,,0,0,no upstream key
0x00ca63cc,RemoveUpgrade,0xc,,,0,0,no upstream key
0x00ca63cc,GrantUpgrade,0x8,,,0,0,no upstream key
0x00ca6948,SinkRate,0x34,SlowDeathBehaviorModuleData,m_sinkRate,12,11,
0x00ca6948,ProbabilityModifier,0x38,SlowDeathBehaviorModuleData,m_probabilityModifier,12,11,
0x00ca6948,ModifierBonusPerOverkillPercent,0x3c,SlowDeathBehaviorModuleData,m_modifierBonusPerOverkillPercent,12,11,
0x00ca6948,SinkDelay,0x40,SlowDeathBehaviorModuleData,m_sinkDelay,12,11,
0x00ca6948,SinkDelayVariance,0x44,SlowDeathBehaviorModuleData,m_sinkDelayVariance,12,11,
0x00ca6948,DestructionAltitude,0x48,SlowDeathBehaviorModuleData,m_destructionAltitude,12,11,
0x00ca6948,DestructionDelay,0x4c,SlowDeathBehaviorModuleData,m_destructionDelay,12,11,
0x00ca6948,DestructionDelayVariance,0x50,SlowDeathBehaviorModuleData,m_destructionDelayVariance,12,11,
0x00ca6948,DecayBeginTime,0x54,,,12,11,no upstream key
0x00ca6948,FX,0x0,FXListAtBonePosFXNugget,m_fx,12,11,sole candidate; table votes SlowDeathBehaviorModuleData
0x00ca6948,OCL,0x0,,,12,11,ambiguous: FireOCLAfterWeaponCooldownUpdateModuleData::m_ocl|OCLSpecialPowerModuleData::m_defaultOCL|OCLUpdateModuleData::m_ocl
0x00ca6948,Weapon,0x0,,,12,11,ambiguous: FireWeaponNugget::m_weapon|FireWeaponUpdateModuleData::m_weaponTemplate
0x00ca6948,Sound,0x0,,,12,11,no upstream key
0x00ca6948,FlingForce,0x118,SlowDeathBehaviorModuleData,m_flingForce,12,11,
0x00ca6948,FlingForceVariance,0x11c,SlowDeathBehaviorModuleData,m_flingForceVariance,12,11,
0x00ca6948,FlingPitch,0x120,SlowDeathBehaviorModuleData,m_flingPitch,12,11,
0x00ca6948,FlingPitchVariance,0x124,SlowDeathBehaviorModuleData,m_flingPitchVariance,12,11,
0x00ca6948,DeathFlags,0x0,,,12,11,no upstream key
0x00ca6948,ShadowWhenDead,0x1a5,,,12,11,no upstream key
0x00ca6948,EjectRiderIfApplicable,0x15c,,,12,11,no upstream key
0x00ca6948,RiderSubObjects,0x160,,,12,11,no upstream key
0x00ca6948,DecalWhenDead,0x1a6,,,12,11,no upstream key
0x00ca6948,DeathDecal,0x16c,,,12,11,no upstream key
0x00ca6948,FadeDelay,0x1a0,,,12,11,no upstream key
0x00ca6948,FadeTime,0x19c,GenericObjectCreationNugget,m_fadeFrames,12,11,sole candidate; table votes SlowDeathBehaviorModuleData
0x00ca6e58,TownsmenName,0x8,,,1,1,no upstream key
0x00ca6e58,SpawnNumber,0xc,SpawnBehaviorModuleData,m_spawnNumberData,1,1,
0x00ca6e58,SpawnOffset,0x10,,,1,1,no upstream key
0x00ca6e58,SpawnInterval,0x18,,,1,1,no upstream key
0x00ca6fe8,UnitName,0x8,UnitCrateCollideModuleData,m_unitType,1,1,
0x00ca6fe8,UnitCommand,0xc,,,1,1,no upstream key
0x00ca6fe8,SpawnOnce,0x1c,,,1,1,no upstream key
0x00ca70d8,SelfHealSupression,0x8,SupplyWarehouseCripplingBehaviorModuleData,m_selfHealSupression,3,3,
0x00ca70d8,SelfHealDelay,0xc,SupplyWarehouseCripplingBehaviorModuleData,m_selfHealDelay,3,3,
0x00ca70d8,SelfHealAmount,0x10,SupplyWarehouseCripplingBehaviorModuleData,m_selfHealAmount,3,3,
0x00ca7aa8,MaxHealth,0x8,ActiveBodyModuleData,m_maxHealth,2,1,vote picked from GenericObjectCreationNugget::m_maxHealth
0x00ca7aa8,MaxHealthDamaged,0x10,,,2,1,no upstream key
0x00ca7aa8,MaxHealthReallyDamaged,0x14,,,2,1,no upstream key
0x00ca7aa8,InitialHealth,0xc,ActiveBodyModuleData,m_initialHealth,2,1,
0x00ca7aa8,RecoveryTime,0x24,,,2,1,no upstream key
0x00ca7aa8,DodgePercent,0x18,,,2,1,no upstream key
0x00ca7aa8,EnteringDamagedTransitionTime,0x1c,,,2,1,no upstream key
0x00ca7aa8,EnteringReallyDamagedTransitionTime,0x20,,,2,1,no upstream key
0x00ca7aa8,GrabObject,0x2c,,,2,1,no upstream key
0x00ca7aa8,GrabFX,0x38,,,2,1,no upstream key
0x00ca7aa8,GrabDamage,0x3c,,,2,1,no upstream key
0x00ca7aa8,GrabOffset,0x40,,,2,1,no upstream key
0x00ca7aa8,UseDefaultDamageSettings,0x28,,,2,1,no upstream key
0x00ca7aa8,DamageCreationList,0x0,,,2,1,no upstream key
0x00ca7aa8,HealingBuffFx,0x48,,,2,1,no upstream key
0x00ca7aa8,DamagedAttributeModifier,0x30,,,2,1,no upstream key
0x00ca7aa8,ReallyDamagedAttributeModifier,0x34,,,2,1,no upstream key
0x00ca7aa8,CheerRadius,0x4c,,,2,1,no upstream key
0x00ca7c98,DelayedDeathTime,0x64,,,0,0,no upstream key
0x00ca7c98,ImmortalUntilDeathTime,0x68,,,0,0,no upstream key
0x00ca7c98,DoHealthCheck,0x70,,,0,0,no upstream key
0x00ca7c98,InvulnerableFX,0x6c,,,0,0,no upstream key
0x00ca7c98,DelayedDeathPrerequisiteUpgrade,0x74,,,0,0,no upstream key
0x00ca7f84,HealthPercentageWhenRiderDies,0xc4,,,1,0,no upstream key
0x00ca7f84,StartsActive,0xc8,,,1,0,ambiguous: AutoHealBehaviorModuleData::m_initiallyActive|FXListDieModuleData::m_initiallyActive|FireWeaponWhenDamagedBehaviorModuleData::m_initiallyActive|FireWeaponWhenDeadBehaviorModuleData::m_initiallyActive
0x00ca7f84,RiderlessDeathChance,0xcc,,,1,0,no upstream key
0x00ca8340,FreeLifeHealthPercent,0x64,,,0,0,no upstream key
0x00ca8340,FreeLifeTime,0x68,,,0,0,no upstream key
0x00ca8340,FreeLifeInvincible,0x6c,,,0,0,no upstream key
0x00ca8340,FreeLifePrerequisiteUpgrade,0x7c,,,0,0,no upstream key
0x00ca8340,FreeLifeAnimAndDuration,0x70,,,0,0,no upstream key
0x00ca8ddc,DamageWeaponTemplate,0x5c,,,0,0,no upstream key
0x00ca8ddc,CrushDamageWeaponTemplate,0x60,,,0,0,no upstream key
0x00ca9094,PermanentlyKilledByFilter,0x5c,,,0,0,no upstream key
0x00ca9094,CanRespawn,0x60,,,0,0,no upstream key
0x00ca98a8,SmallFXList,0x8,,,2,0,no upstream key
0x00ca98a8,SmallObjectCreationList,0xc,,,2,0,no upstream key
0x00ca98a8,MediumFXList,0x10,,,2,0,no upstream key
0x00ca98a8,MediumObjectCreationList,0x14,,,2,0,no upstream key
0x00ca98a8,LargeFXList,0x18,,,2,0,no upstream key
0x00ca98a8,LargeObjectCreationList,0x1c,,,2,0,no upstream key
0x00ca98a8,Damage,0x28,,,2,0,no upstream key
0x00ca98a8,DamageType,0x20,,,2,0,ambiguous: ParticleUplinkCannonUpdateModuleData::m_damageType|WeaponTemplate::m_damageType
0x00ca98a8,DeathType,0x24,,,2,0,ambiguous: ParticleUplinkCannonUpdateModuleData::m_deathType|WeaponTemplate::m_deathType
0x00ca98a8,SpecialDamage,0x38,,,2,0,no upstream key
0x00ca98a8,SpecialDamageType,0x30,,,2,0,no upstream key
0x00ca98a8,SpecialDeathType,0x34,,,2,0,no upstream key
0x00ca98a8,SelfDamage,0x44,,,2,0,no upstream key
0x00ca98a8,SelfDamageType,0x3c,,,2,0,no upstream key
0x00ca98a8,SelfDeathType,0x40,,,2,0,no upstream key
0x00ca98a8,SpecialObject,0x2c,SpecialAbilityUpdateModuleData,m_specialObjectName,2,0,sole candidate; table vote decided nothing
0x00ca9d70,CollideWeapon,0x8,FireWeaponCollideModuleData,m_collideWeaponTemplate,4,2,
0x00ca9d70,FireOnce,0x24,FireWeaponCollideModuleData,m_fireOnce,4,2,vote picked from TransitionGroup::m_fireOnce
0x00ca9d70,RequiredStatus,0xc,FireWeaponCollideModuleData,m_requiredStatus,4,2,vote picked from DieMuxData::m_requiredStatus|StealthUpdateModuleData::m_requiredStatus
0x00ca9d70,ForbiddenStatus,0x18,FireWeaponCollideModuleData,m_forbiddenStatus,4,2,vote picked from StealthUpdateModuleData::m_forbiddenStatus
0x00caa114,DeleteObjectFilter,0x8,,,0,0,no upstream key
0x00caa4b0,RequiredKindOf,0x8,CrateCollideModuleData,m_kindof,11,10,
0x00caa4b0,ForbiddenKindOf,0x20,CrateCollideModuleData,m_kindofnot,11,10,vote picked from AutoHealBehaviorModuleData::m_forbiddenKindOf
0x00caa4b0,ForbidOwnerPlayer,0x38,CrateCollideModuleData,m_isForbidOwnerPlayer,11,10,
0x00caa4b0,BuildingPickup,0x39,CrateCollideModuleData,m_isBuildingPickup,11,10,
0x00caa4b0,HumanOnly,0x3a,CrateCollideModuleData,m_isHumanOnlyPickup,11,10,
0x00caa4b0,PickupScience,0x3c,CrateCollideModuleData,m_pickupScience,11,10,
0x00caa4b0,ExecuteFX,0x40,CrateCollideModuleData,m_executeFX,11,10,
0x00caa4b0,ExecuteAnimation,0x44,CrateCollideModuleData,m_executionAnimationTemplate,11,10,
0x00caa4b0,ExecuteAnimationTime,0x48,CrateCollideModuleData,m_executeAnimationDisplayTimeInSeconds,11,10,
0x00caa4b0,ExecuteAnimationZRise,0x4c,CrateCollideModuleData,m_executeAnimationZRisePerSecond,11,10,
0x00caa4b0,ExecuteAnimationFades,0x50,CrateCollideModuleData,m_executeAnimationFades,11,10,
0x00cab09c,MaxAttackersPerTarget,0x1a8,,,0,0,no upstream key
0x00cab954,TimeForFullHeal,0x168,,,1,0,ambiguous: GarrisonContainModuleData::m_framesForFullHeal|HealContainModuleData::m_framesForFullHeal|ParkingPlaceBehaviorModuleData::m_framesForFullHeal|RepairDockUpdateModuleData::m_framesForFullHeal|TunnelContainModuleData::m_framesForFullHeal
0x00cac600,ContainMax,0x140,OpenContainModuleData,m_containMax,10,9,
0x00cac600,EnterSound,0x34,OpenContainModuleData,m_enterSound,10,9,
0x00cac600,ExitSound,0xa4,OpenContainModuleData,m_exitSound,10,9,
0x00cac600,DamagePercentToUnits,0x13c,OpenContainModuleData,m_damagePercentageToUnits,10,9,
0x00cac600,PassengerFilter,0x114,,,10,9,no upstream key
0x00cac600,ManualPickUpFilter,0x118,,,10,9,no upstream key
0x00cac600,PassengersTestCollisionHeight,0x138,,,10,9,no upstream key
0x00cac600,PassengersInTurret,0x155,OpenContainModuleData,m_passengersInTurret,10,9,
0x00cac600,NumberOfExitPaths,0x144,OpenContainModuleData,m_numberOfExitPaths,10,9,
0x00cac600,DoorOpenTime,0x148,OpenContainModuleData,m_doorOpenTime,10,9,vote picked from MissileLauncherBuildingUpdateModuleData::m_doorOpenTime
0x00cac600,AllowOwnPlayerInsideOverride,0x14c,,,10,9,no upstream key
0x00cac600,AllowAlliesInside,0x14d,OpenContainModuleData,m_allowAlliesInside,10,9,
0x00cac600,AllowEnemiesInside,0x14e,OpenContainModuleData,m_allowEnemiesInside,10,9,
0x00cac600,AllowNeutralInside,0x14f,OpenContainModuleData,m_allowNeutralInside,10,9,
0x00cac600,ShowPips,0x150,,,10,9,no upstream key
0x00cac600,CollidePickup,0x151,,,10,9,no upstream key
0x00cac600,PassengerBonePrefix,0x0,,,10,9,no upstream key
0x00cac600,BoneSpecificConditionState,0x0,,,10,9,no upstream key
0x00cac600,EjectPassengersOnDeath,0x152,,,10,9,no upstream key
0x00cac600,KillPassengersOnDeath,0x153,,,10,9,no upstream key
0x00cac600,Enabled,0x154,,,10,9,ambiguous: FloatUpdateModuleData::m_enabled|TensileFormationUpdateModuleData::m_enabled
0x00cac600,ObjectStatusOfContained,0x12c,,,10,9,no upstream key
0x00cac600,ModifierToGiveOnExit,0x158,,,10,9,no upstream key
0x00cac600,ModifierRequiredTime,0x164,,,10,9,no upstream key
0x00cacce8,CrewFilter,0x224,,,0,0,no upstream key
0x00cacce8,CrewMax,0x228,,,0,0,no upstream key
0x00cacce8,InitialCrew,0x0,,,0,0,no upstream key
0x00cacce8,SpeedPercentPerCrew,0x234,,,0,0,no upstream key
0x00cacce8,CrewAllowedToFire,0x238,,,0,0,no upstream key
0x00cacce8,ObjectStatusOfCrew,0x23c,,,0,0,no upstream key
0x00cacce8,TransferSelection,0x248,,,0,0,no upstream key
0x00cad820,Slots,0x168,TransportContainModuleData,m_slotCapacity,10,4,vote picked from MobNexusContainModuleData::m_slotCapacity
0x00cad820,ScatterNearbyOnExit,0x1fa,TransportContainModuleData,m_scatterNearbyOnExit,10,4,vote picked from MobNexusContainModuleData::m_scatterNearbyOnExit
0x00cad820,OrientLikeContainerOnExit,0x1fb,TransportContainModuleData,m_orientLikeContainerOnExit,10,4,vote picked from MobNexusContainModuleData::m_orientLikeContainerOnExit
0x00cad820,GoAggressiveOnExit,0x1fc,TransportContainModuleData,m_goAggressiveOnExit,10,4,
0x00cad820,ResetMoodCheckTimeOnExit,0x1fd,TransportContainModuleData,m_resetMoodCheckTimeOnExit,10,4,
0x00cad820,DestroyRidersWhoAreNotFreeToExit,0x1fe,TransportContainModuleData,m_destroyRidersWhoAreNotFreeToExit,10,4,
0x00cad820,ExitBone,0x170,TransportContainModuleData,m_exitBone,10,4,vote picked from MobNexusContainModuleData::m_exitBone
0x00cad820,ExitPitchRate,0x16c,TransportContainModuleData,m_exitPitchRate,10,4,vote picked from DeliverPayloadData::m_exitPitchRate|MobNexusContainModuleData::m_exitPitchRate
0x00cad820,InitialPayload,0x0,,,10,4,no upstream key
0x00cad820,HealthRegen%PerSec,0x178,TransportContainModuleData,m_healthRegen,10,4,vote picked from MobNexusContainModuleData::m_healthRegen
0x00cad820,ExitDelay,0x17c,TransportContainModuleData,m_exitDelay,10,4,vote picked from QueueProductionExitUpdateModuleData::m_exitDelayData
0x00cad820,TypeOneForWeaponSet,0x180,,,10,4,no upstream key
0x00cad820,TypeTwoForWeaponSet,0x198,,,10,4,no upstream key
0x00cad820,TypeOneForWeaponState,0x1b0,,,10,4,no upstream key
0x00cad820,TypeTwoForWeaponState,0x1c8,,,10,4,no upstream key
0x00cad820,TypeThreeForWeaponState,0x1e0,,,10,4,no upstream key
0x00cad820,ForceOrientationContainer,0x1f8,,,10,4,no upstream key
0x00cad820,CanGrabStructure,0x1f9,,,10,4,no upstream key
0x00cad820,GrabWeapon,0x200,,,10,4,no upstream key
0x00cad820,FireGrabWeaponOnVictim,0x204,,,10,4,no upstream key
0x00cad820,ConditionForEntry,0x208,,,10,4,no upstream key
0x00cad820,FadeFilter,0x20c,,,10,4,no upstream key
0x00cad820,FadePassengerOnEnter,0x210,,,10,4,no upstream key
0x00cad820,FadePassengerOnExit,0x211,,,10,4,no upstream key
0x00cad820,EnterFadeTime,0x214,,,10,4,no upstream key
0x00cad820,ExitFadeTime,0x218,,,10,4,no upstream key
0x00cad820,FadeReverse,0x21c,,,10,4,no upstream key
0x00cad820,ReleaseSnappyness,0x220,,,10,4,no upstream key
0x00cae090,FrequencyScale,0x2f4,,,0,0,no upstream key
0x00cae090,FrequencyRandomness,0x2f8,,,0,0,no upstream key
0x00cae090,AmplitudeScale,0x2fc,,,0,0,no upstream key
0x00cae090,FrequencyRandomness,0x2f8,,,0,0,no upstream key
0x00cae090,AmplitudeRandomness,0x300,,,0,0,no upstream key
0x00cae090,StillAmplitude,0x304,,,0,0,no upstream key
0x00cae090,FrequencyScaleZ,0x308,,,0,0,no upstream key
0x00cae090,FrequencyRandomnessZ,0x30c,,,0,0,no upstream key
0x00cae090,AmplitudeScaleZ,0x310,,,0,0,no upstream key
0x00cae090,FrequencyRandomnessZ,0x30c,,,0,0,no upstream key
0x00cae090,AmplitudeRandomnessZ,0x314,,,0,0,no upstream key
0x00cae090,StillAmplitudeZ,0x318,,,0,0,no upstream key
0x00cae090,OathFulfilledZFactor,0x31c,,,0,0,no upstream key
0x00cae090,LargeUnitHeightFactor,0x320,,,0,0,no upstream key
0x00cae090,LargeUnitMinHeight,0x324,,,0,0,no upstream key
0x00cae090,LargeUnitMaxHeight,0x328,,,0,0,no upstream key
0x00cae090,LargeUnitTimeout,0x32c,,,0,0,no upstream key
0x00cae090,LargeUnitTailOff,0x330,,,0,0,no upstream key
0x00cae090,ScatterSpeedFactor,0x334,,,0,0,no upstream key
0x00cae090,ScatterRandomness,0x338,,,0,0,no upstream key
0x00caf710,ThisFormationIsTheMainFormation,0x270,,,0,0,no upstream key
0x00caf710,RankInfo,0x224,,,0,0,no upstream key
0x00caf710,RanksThatStopAdvance,0x24c,,,0,0,no upstream key
0x00caf710,RanksToReleaseWhenAttacking,0x250,,,0,0,no upstream key
0x00caf710,RanksToJustFreeWhenAttacking,0x25c,,,0,0,no upstream key
0x00caf710,ComboHorde,0x230,,,0,0,no upstream key
0x00caf710,AlternateFormation,0x248,,,0,0,no upstream key
0x00caf710,RandomOffset,0x268,,,0,0,no upstream key
0x00caf710,LeaderPosition,0x298,,,0,0,no upstream key
0x00caf710,LeadersAllowed,0x28c,,,0,0,no upstream key
0x00caf710,BannerCarrierPosition,0x2a4,,,0,0,no upstream key
0x00caf710,BannerCarriersAllowed,0x2b0,,,0,0,no upstream key
0x00caf710,LeaderRank,0x2a0,,,0,0,no upstream key
0x00caf710,BackUpMinDelayTime,0x274,,,0,0,no upstream key
0x00caf710,BackUpMaxDelayTime,0x278,,,0,0,no upstream key
0x00caf710,BackUpMinDistance,0x27c,,,0,0,no upstream key
0x00caf710,BackUpMaxDistance,0x280,,,0,0,no upstream key
0x00caf710,BackupPercentage,0x284,,,0,0,no upstream key
0x00caf710,CowerRadius,0x288,,,0,0,no upstream key
0x00caf710,AttributeModifiers,0x2bc,,,0,0,no upstream key
0x00caf710,UsePorcupineBody,0x2c8,,,0,0,no upstream key
0x00caf710,ForcedLocomotorSet,0x2cc,,,0,0,no upstream key
0x00caf710,MachineAllowed,0x2d0,,,0,0,no upstream key
0x00caf710,MachineType,0x2d4,,,0,0,no upstream key
0x00caf710,UseSlowHordeMovement,0x2d8,,,0,0,no upstream key
0x00caf710,SplitHorde,0x23c,,,0,0,no upstream key
0x00caf710,NarrowPassageScale,0x2dc,,,0,0,no upstream key
0x00caf710,MeleeAttackLeashDistance,0x2e0,,,0,0,no upstream key
0x00caf710,EvaEventLastMemberDeath,0x2e4,,,0,0,no upstream key
0x00caf710,RankSplit,0x2e8,,,0,0,no upstream key
0x00caf710,SplitHordeNumber,0x2ec,,,0,0,no upstream key
0x00caf710,NotComboFormation,0x2f0,,,0,0,no upstream key
0x00caf710,UpdateWeaponSetFlagsOnHordeToo,0x2f1,,,0,0,no upstream key
0x00caf710,UseMarchingAnims,0x2f2,,,0,0,no upstream key
0x00cafa50,MaxHordeCapacity,0x17c,,,1,0,no upstream key
0x00cafa50,ExitDelay,0x180,,,1,0,ambiguous: QueueProductionExitUpdateModuleData::m_exitDelayData|TransportContainModuleData::m_exitDelay
0x00cafa50,EntryOffset,0x184,,,1,0,no upstream key
0x00cafa50,EntryPosition,0x190,,,1,0,no upstream key
0x00cafa50,ExitOffset,0x19c,,,1,0,no upstream key
0x00cafeb8,CrewFilter,0x224,,,0,0,no upstream key
0x00cafeb8,CrewMax,0x228,,,0,0,no upstream key
0x00cafeb8,InitialCrew,0x0,,,0,0,no upstream key
0x00cafeb8,SpeedPercentPerCrew,0x234,,,0,0,no upstream key
0x00cafeb8,CrewAllowedToFire,0x238,,,0,0,no upstream key
0x00cafeb8,ObjectStatusOfCrew,0x23c,,,0,0,no upstream key
0x00cb0e98,CashBackPercent,0x1a8,,,0,0,no upstream key
0x00cb15bc,LevelToGrant,0x8,,,0,0,no upstream key
0x00cb15bc,MPOnly,0xc,,,0,0,no upstream key
0x00cb1778,UpgradeToGrant,0x8,GrantUpgradeCreateModuleData,m_upgradeName,2,1,
0x00cb1778,ExemptStatus,0xc,GrantUpgradeCreateModuleData,m_exemptStatus,2,1,vote picked from DieMuxData::m_exemptStatus
0x00cb1924,SlotToLock,0x8,LockWeaponCreateModuleData,m_slotToLock,1,1,
0x00cb20d8,WeaponThatCausesEvacuation,0x0,,,0,0,no upstream key
0x00cb20d8,DamageTypeToTrack,0xc,,,0,0,no upstream key
0x00cb20d8,DamageToPanicThreshold,0x10,,,0,0,no upstream key
0x00cb20d8,TrackingTimeSpan,0x14,,,0,0,no upstream key
0x00cb2290,DamageTypesToReflect,0x8,,,0,0,no upstream key
0x00cb2290,ReflectDamagePercentage,0xc,,,0,0,no upstream key
0x00cb2290,MinimumDamageToReflect,0x10,,,0,0,no upstream key
0x00cb2a24,CreationList,0x34,,,1,0,ambiguous: CreateObjectDieModuleData::m_ocl|MinefieldBehaviorModuleData::m_ocl
0x00cb2a24,DebrisPortionOfSelf,0x38,,,1,0,no upstream key
0x00cb2e70,DeathTypes,0x0,DieMuxData,m_deathTypes,4,3,
0x00cb2e70,VeterancyLevels,0x4,DieMuxData,m_veterancyLevels,4,3,
0x00cb2e70,ExemptStatus,0x8,DieMuxData,m_exemptStatus,4,3,vote picked from GrantUpgradeCreateModuleData::m_exemptStatus
0x00cb2e70,RequiredStatus,0x14,DieMuxData,m_requiredStatus,4,3,vote picked from FireWeaponCollideModuleData::m_requiredStatus|StealthUpdateModuleData::m_requiredStatus
0x00cb2e70,DamageAmountRequired,0x20,,,4,3,no upstream key
0x00cb2e70,MinKillerAngle,0x24,,,4,3,no upstream key
0x00cb2e70,MaxKillerAngle,0x28,,,4,3,no upstream key
0x00cb3a84,UpgradeMoneyAmount,0x210,CashHackSpecialPowerModuleData,m_upgrades,2,2,
0x00cb3a84,MoneyAmount,0x21c,CashHackSpecialPowerModuleData,m_defaultAmountToSteal,2,2,
0x00cb3b08,CloudBreakRadius,0x210,,,0,0,no upstream key
0x00cb3b08,CloudBreakFX,0x214,,,0,0,no upstream key
0x00cb3b08,SunbeamObject,0x218,,,0,0,no upstream key
0x00cb3b08,ObjectSpacing,0x21c,,,0,0,no upstream key
0x00cb3d30,ScanRange,0x210,,,1,0,ambiguous: AutoFindHealingUpdateModuleData::m_scanRange|CleanupHazardUpdateModuleData::m_scanRange|CommandButtonHuntUpdateModuleData::m_scanRange|PilotFindVehicleUpdateModuleData::m_scanRange|PointDefenseLaserUpdateModuleData::m_scanRange
0x00cb3f44,DarknessRadius,0x210,,,0,0,no upstream key
0x00cb3f44,DarknessFX,0x214,,,0,0,no upstream key
0x00cb4158,FatCursorRadius,0x210,DefectorSpecialPowerModuleData,m_fatCursorRadius,1,1,
0x00cb45a8,Radius,0x210,,,1,0,ambiguous: AutoHealBehaviorModuleData::m_radius|HordeUpdateModuleData::m_minDist|LightPulseFXNugget::m_radius|ParticleSystemFXNugget::m_radius|PropagandaTowerBehaviorModuleData::m_scanRadius|TerrainScorchFXNugget::m_radius
0x00cb45a8,FX,0x214,FXListAtBonePosFXNugget,m_fx,1,0,sole candidate; table vote decided nothing
0x00cb45a8,TreeValueMultiplier,0x218,,,1,0,no upstream key
0x00cb45a8,TreeValueTotalCap,0x21c,,,1,0,no upstream key
0x00cb48a8,DominateRadius,0x254,,,0,0,no upstream key
0x00cb48a8,TriggerFX,0x258,,,0,0,no upstream key
0x00cb48a8,DominatedFX,0x25c,,,0,0,no upstream key
0x00cb4d00,ElvenGroveObject,0x21c,,,0,0,no upstream key
0x00cb4d00,ElvenNumObjects,0x220,,,0,0,no upstream key
0x00cb4d00,ElvenWoodObject,0x0,,,0,0,no upstream key
0x00cb4d00,ElvenWoodRadius,0x224,,,0,0,no upstream key
0x00cb4d00,ElvenWoodFX,0x228,,,0,0,no upstream key
0x00cb4d00,ElvenWoodOCL,0x22c,,,0,0,no upstream key
0x00cb4f7c,FreezingRainRadius,0x210,,,0,0,no upstream key
0x00cb4f7c,FreezingRainFX,0x214,,,0,0,no upstream key
0x00cb51f0,GiveUpgradeEffect,0x260,,,0,0,no upstream key
0x00cb51f0,GiveUpgradeSound,0x268,,,0,0,no upstream key
0x00cb51f0,SpawnOutFX,0x264,,,0,0,no upstream key
0x00cb51f0,FadeOutSpeed,0x26c,,,0,0,no upstream key
0x00cb51f0,DeliverUpgrade,0x270,,,0,0,no upstream key
0x00cb54b8,BonusRadius,0x254,,,0,0,no upstream key
0x00cb54b8,SpeechDuration,0x258,,,0,0,no upstream key
0x00cb54b8,UpdateInterval,0x25c,,,0,0,no upstream key
0x00cb569c,GrabRadius,0x210,,,0,0,no upstream key
0x00cb569c,AllowTree,0x214,,,0,0,no upstream key
0x00cb5ad0,NumberOfLevels,0x254,,,0,0,no upstream key
0x00cb5ad0,Experience,0x258,,,0,0,no upstream key
0x00cb5ad0,RadiusEffect,0x25c,,,0,0,no upstream key
0x00cb5ad0,LevelFX,0x264,,,0,0,no upstream key
0x00cb5ad0,AcceptanceFilter,0x260,,,0,0,no upstream key
0x00cb5ad0,AffectsKindOf,0x268,,,0,0,no upstream key
0x00cb5ad0,UseKindOf,0x280,,,0,0,no upstream key
0x00cb6270,UpgradeOCL,0x210,OCLSpecialPowerModuleData,m_upgradeOCL,3,2,
0x00cb6270,OCL,0x21c,OCLSpecialPowerModuleData,m_defaultOCL,3,2,vote picked from FireOCLAfterWeaponCooldownUpdateModuleData::m_ocl|OCLUpdateModuleData::m_ocl
0x00cb6270,CreateLocation,0x220,OCLSpecialPowerModuleData,m_createLoc,3,2,vote picked from SpectreGunshipDeploymentUpdateModuleData::m_createLoc
0x00cb6270,UpgradeName,0x224,,,3,2,no upstream key
0x00cb6318,HealAmount,0x210,,,0,0,no upstream key
0x00cb6318,HealAffects,0x218,,,0,0,no upstream key
0x00cb6318,HealRadius,0x214,,,0,0,no upstream key
0x00cb6318,HealFX,0x230,,,0,0,no upstream key
0x00cb6318,HealOCL,0x234,,,0,0,no upstream key
0x00cb671c,UpgradeName,0x210,,,0,0,no upstream key
0x00cb6770,NumberOfFrames,0x210,,,1,0,no upstream key
0x00cb6770,SpeedMulitplier,0x214,,,1,0,no upstream key
0x00cb6770,Type,0x218,,,1,0,ambiguous: AudioEventInfo::m_type|ParticleSystemTemplate::m_particleType|TerrainScorchFXNugget::m_scorch|UpgradeTemplate::m_type|ViewShakeFXNugget::m_shake
0x00cb6bb8,BonusRadius,0x254,,,0,0,no upstream key
0x00cb6bb8,SpeechDuration,0x258,,,0,0,no upstream key
0x00cb6bb8,UpdateInterval,0x25c,,,0,0,no upstream key
0x00cb6bb8,LeaderFX,0x260,,,0,0,no upstream key
0x00cb6bb8,FollowerFX,0x264,,,0,0,no upstream key
0x00cb6bb8,CreateWave,0x268,,,0,0,no upstream key
0x00cb6bb8,WaveWidth,0x26c,,,0,0,no upstream key
0x00cb6bb8,ModifierName,0x270,,,0,0,no upstream key
0x00cb6bb8,LevelUp,0x27c,,,0,0,no upstream key
0x00cb6bb8,ObjectFilter,0x280,,,0,0,no upstream key
0x00cb6e5c,BountyPercent,0x210,,,0,0,no upstream key
0x00cb7060,HordeDeploy,0x1d0,,,0,0,no upstream key
0x00cb7350,LowerDelay,0x1d0,,,0,0,no upstream key
0x00cb7350,RaiseDelay,0x1d4,,,0,0,no upstream key
0x00cb7350,EvacuatePassengersOnDeploy,0x1d8,,,0,0,no upstream key
0x00cb7350,EvacuateCrewOnDeploy,0x1d9,,,0,0,no upstream key
0x00cb7350,SkipAdjustPosition,0x1da,,,0,0,no upstream key
0x00cb7350,WallSearchDistance,0x1dc,,,0,0,no upstream key
0x00cb7350,AwayFromWallWaitDist,0x1e0,,,0,0,no upstream key
0x00cb7dc8,SpecialPowerTemplate,0x8,SpecialPowerModuleData,m_specialPowerTemplate,3,2,vote picked from BattlePlanUpdateModuleData::m_specialPowerTemplate|MissileLauncherBuildingUpdateModuleData::m_specialPowerTemplate|ParticleUplinkCannonUpdateModuleData::m_specialPowerTemplate|SpecialAbilityUpdateModuleData::m_specialPowerTemplate|SpecialPowerCompletionDieModuleData::m_specialPowerTemplate|SpectreGunshipDeploymentUpdateModuleData::m_specialPowerTemplate|SpectreGunshipUpdateModuleData::m_specialPowerTemplate|UnpauseSpecialPowerUpgradeModuleData::m_specialPower
0x00cb7dc8,InitiateSound,0xc,SpecialPowerModuleData,m_initiateSound,3,2,vote picked from SpecialPowerTemplate::m_initiateSound
0x00cb7dc8,StartsPaused,0x1cc,SpecialPowerModuleData,m_startsPaused,3,2,
0x00cb7dc8,GroupInitiateSound,0x7c,,,3,2,no upstream key
0x00cb7dc8,InitiateSound2,0xec,,,3,2,no upstream key
0x00cb7dc8,GroupInitiateSound2,0x15c,,,3,2,no upstream key
0x00cb8154,StopPowerTemplate,0x210,,,0,0,no upstream key
0x00cb8380,TaintObject,0x210,,,0,0,no upstream key
0x00cb8380,TaintRadius,0x214,,,0,0,no upstream key
0x00cb8380,TaintFX,0x218,,,0,0,no upstream key
0x00cb8380,TaintOCL,0x21c,,,0,0,no upstream key
0x00cb89d8,FlagsUsedForToggle,0x210,,,0,0,no upstream key
0x00cb89d8,ToggleOnSleepFrames,0x214,,,0,0,no upstream key
0x00cb89d8,ToggleOffSleepFrames,0x218,,,0,0,no upstream key
0x00cb89d8,ToggleOnAttributeModifier,0x21c,,,0,0,no upstream key
0x00cb89d8,ToggleOffAttributeModifier,0x220,,,0,0,no upstream key
0x00cb901c,FleeDistance,0x254,,,0,0,no upstream key
0x00cb901c,ForbiddenConditions,0x258,,,0,0,no upstream key
0x00cb94f0,Turret,0x14,AIUpdateModuleData,m_turretData,4,2,vote picked from ModelConditionInfo::m_turrets
0x00cb94f0,AttackPriority,0x44,,,4,2,no upstream key
0x00cb94f0,AltTurret,0x18,AIUpdateModuleData,m_turretData,4,2,vote picked from ModelConditionInfo::m_turrets
0x00cb94f0,AutoAcquireEnemiesWhenIdle,0x20,AIUpdateModuleData,m_autoAcquireEnemiesWhenIdle,4,2,
0x00cb94f0,StopChaseDistance,0x24,,,4,2,no upstream key
0x00cb94f0,StandGround,0x28,,,4,2,no upstream key
0x00cb94f0,MoodAttackCheckRate,0x1c,AIUpdateModuleData,m_moodAttackCheckRate,4,2,
0x00cb94f0,CanAttackWhileContained,0x29,,,4,2,no upstream key
0x00cb94f0,HoldGroundCloseRangeDistance,0x2c,,,4,2,no upstream key
0x00cb94f0,AILuaEventsList,0x30,,,4,2,no upstream key
0x00cb94f0,MinCowerTime,0x38,,,4,2,no upstream key
0x00cb94f0,MaxCowerTime,0x34,,,4,2,no upstream key
0x00cb94f0,RampageTime,0x3c,,,4,2,no upstream key
0x00cb94f0,RampageRequiresAflame,0x40,,,4,2,no upstream key
0x00cb94f0,TimeToEjectPassengersOnRampage,0x48,,,4,2,no upstream key
0x00cb94f0,ComboLocomotorSet,0x50,,,4,2,no upstream key
0x00cb94f0,ComboLocoAttackDistance,0x4c,,,4,2,no upstream key
0x00cb94f0,SpecialContactPoints,0x58,,,4,2,no upstream key
0x00cb94f0,FadeOnPortals,0x54,,,4,2,no upstream key
0x00cbaba0,AssistingClipSize,0x8,AssistedTargetingUpdateModuleData,m_clipSize,4,4,
0x00cbaba0,AssistingWeaponSlot,0xc,AssistedTargetingUpdateModuleData,m_weaponSlot,4,4,
0x00cbaba0,LaserFromAssisted,0x10,AssistedTargetingUpdateModuleData,m_laserFromAssistedName,4,4,
0x00cbaba0,LaserToTarget,0x14,AssistedTargetingUpdateModuleData,m_laserToTargetName,4,4,
0x00cbae58,BonusName,0x8,,,1,0,no upstream key
0x00cbae58,RefreshDelay,0x18,,,1,0,no upstream key
0x00cbae58,Range,0x1c,,,1,0,no upstream key
0x00cbae58,TargetEnemy,0x21,,,1,0,no upstream key
0x00cbae58,AllowPowerWhenAttacking,0x20,,,1,0,no upstream key
0x00cbae58,ObjectFilter,0x24,,,1,0,no upstream key
0x00cbae58,AffectsKindOf,0x0,,,1,0,no upstream key
0x00cbae58,StartsActive,0x90,,,1,0,ambiguous: AutoHealBehaviorModuleData::m_initiallyActive|FXListDieModuleData::m_initiallyActive|FireWeaponWhenDamagedBehaviorModuleData::m_initiallyActive|FireWeaponWhenDeadBehaviorModuleData::m_initiallyActive
0x00cbae58,RequiredConditions,0x94,,,1,0,no upstream key
0x00cbae58,AntiCategory,0x98,,,1,0,no upstream key
0x00cbae58,AntiFX,0x9c,,,1,0,no upstream key
0x00cbae58,AffectGood,0xa0,,,1,0,no upstream key
0x00cbae58,AffectEvil,0xa1,,,1,0,no upstream key
0x00cbae58,RunWhileDead,0xa2,,,1,0,no upstream key
0x00cbae58,AllowSelf,0xa3,,,1,0,no upstream key
0x00cbae58,MaxActiveRank,0xa4,,,1,0,no upstream key
0x00cbb290,ScanRate,0x8,AutoFindHealingUpdateModuleData,m_scanFrames,4,2,vote picked from CleanupHazardUpdateModuleData::m_scanFrames|CommandButtonHuntUpdateModuleData::m_scanFrames|DemoTrapUpdateModuleData::m_scanFrames|PilotFindVehicleUpdateModuleData::m_scanFrames|PointDefenseLaserUpdateModuleData::m_scanFrames
0x00cbb290,ScanRange,0xc,AutoFindHealingUpdateModuleData,m_scanRange,4,2,vote picked from CleanupHazardUpdateModuleData::m_scanRange|CommandButtonHuntUpdateModuleData::m_scanRange|PilotFindVehicleUpdateModuleData::m_scanRange|PointDefenseLaserUpdateModuleData::m_scanRange
0x00cbb290,NeverHeal,0x10,AutoFindHealingUpdateModuleData,m_neverHeal,4,2,
0x00cbb290,AlwaysHeal,0x14,AutoFindHealingUpdateModuleData,m_alwaysHeal,4,2,
0x00cbb9d0,ScanDelayTime,0x8,,,1,0,ambiguous: CheckpointUpdateModuleData::m_enemyScanDelayTime|EnemyNearUpdateModuleData::m_enemyScanDelayTime
0x00cbb9d0,PickUpKindOf,0xc,,,1,0,no upstream key
0x00cbb9d0,ScanDistance,0x24,,,1,0,no upstream key
0x00cbb9d0,Bored,0x28,,,1,0,no upstream key
0x00cbb9d0,BoredFilter,0x2c,,,1,0,no upstream key
0x00cbb9d0,EatObjectEntry,0x30,,,1,0,no upstream key
0x00cbb9d0,AutoThrowObject,0x3c,,,1,0,no upstream key
0x00cbb9d0,RunFromButton,0x3d,,,1,0,no upstream key
0x00cbb9d0,RunFromButtonNumber,0x40,,,1,0,no upstream key
0x00cbb9d0,CanScanWhileAttackingOrMoving,0x44,,,1,0,no upstream key
0x00cbbd38,IdleSpawnRate,0x8,,,0,0,no upstream key
0x00cbbd38,MeleeFreeUnitSpawnTime,0xc,,,0,0,no upstream key
0x00cbbd38,DiedRespawnTime,0x10,,,0,0,no upstream key
0x00cbbd38,MeleeFreeBannerReSpawnTime,0x14,,,0,0,no upstream key
0x00cbbd38,MorphCondition,0x18,,,0,0,no upstream key
0x00cbbd38,ExpLevelDraw,0x24,,,0,0,no upstream key
0x00cbbd38,BannerMorphFX,0x30,,,0,0,no upstream key
0x00cbbd38,UnitSpawnFX,0x34,,,0,0,no upstream key
0x00cbbd38,ReplenishNearbyHorde,0x38,,,0,0,no upstream key
0x00cbbd38,ReplenishAllNearbyHordes,0x39,,,0,0,no upstream key
0x00cbbd38,ScanHordeDistance,0x3c,,,0,0,no upstream key
0x00cbc420,SpecialPowerTemplate,0x8,BattlePlanUpdateModuleData,m_specialPowerTemplate,28,27,vote picked from MissileLauncherBuildingUpdateModuleData::m_specialPowerTemplate|ParticleUplinkCannonUpdateModuleData::m_specialPowerTemplate|SpecialAbilityUpdateModuleData::m_specialPowerTemplate|SpecialPowerCompletionDieModuleData::m_specialPowerTemplate|SpecialPowerModuleData::m_specialPowerTemplate|SpectreGunshipDeploymentUpdateModuleData::m_specialPowerTemplate|SpectreGunshipUpdateModuleData::m_specialPowerTemplate|UnpauseSpecialPowerUpgradeModuleData::m_specialPower
0x00cbc420,BombardmentPlanAnimationTime,0xc,BattlePlanUpdateModuleData,m_bombardmentPlanAnimationFrames,28,27,
0x00cbc420,HoldTheLinePlanAnimationTime,0x10,BattlePlanUpdateModuleData,m_holdTheLinePlanAnimationFrames,28,27,
0x00cbc420,SearchAndDestroyPlanAnimationTime,0x14,BattlePlanUpdateModuleData,m_searchAndDestroyPlanAnimationFrames,28,27,
0x00cbc420,TransitionIdleTime,0x18,BattlePlanUpdateModuleData,m_transitionIdleFrames,28,27,
0x00cbc420,BombardmentPlanUnpackSoundName,0x1c,BattlePlanUpdateModuleData,m_bombardmentUnpackName,28,27,
0x00cbc420,BombardmentPlanPackSoundName,0x20,BattlePlanUpdateModuleData,m_bombardmentPackName,28,27,
0x00cbc420,BombardmentMessageLabel,0x24,BattlePlanUpdateModuleData,m_bombardmentMessageLabel,28,27,
0x00cbc420,BombardmentAnnouncementName,0x28,BattlePlanUpdateModuleData,m_bombardmentAnnouncementName,28,27,
0x00cbc420,SearchAndDestroyPlanUnpackSoundName,0x2c,BattlePlanUpdateModuleData,m_searchAndDestroyUnpackName,28,27,
0x00cbc420,SearchAndDestroyPlanIdleLoopSoundName,0x30,BattlePlanUpdateModuleData,m_searchAndDestroyIdleName,28,27,
0x00cbc420,SearchAndDestroyPlanPackSoundName,0x34,BattlePlanUpdateModuleData,m_searchAndDestroyPackName,28,27,
0x00cbc420,SearchAndDestroyMessageLabel,0x38,BattlePlanUpdateModuleData,m_searchAndDestroyMessageLabel,28,27,
0x00cbc420,SearchAndDestroyAnnouncementName,0x3c,BattlePlanUpdateModuleData,m_searchAndDestroyAnnouncementName,28,27,
0x00cbc420,HoldTheLinePlanUnpackSoundName,0x40,BattlePlanUpdateModuleData,m_holdTheLineUnpackName,28,27,
0x00cbc420,HoldTheLinePlanPackSoundName,0x44,BattlePlanUpdateModuleData,m_holdTheLinePackName,28,27,
0x00cbc420,HoldTheLineMessageLabel,0x48,BattlePlanUpdateModuleData,m_holdTheLineMessageLabel,28,27,
0x00cbc420,HoldTheLineAnnouncementName,0x4c,BattlePlanUpdateModuleData,m_holdTheLineAnnouncementName,28,27,
0x00cbc420,ValidMemberKindOf,0x54,BattlePlanUpdateModuleData,m_validMemberKindOf,28,27,
0x00cbc420,InvalidMemberKindOf,0x6c,BattlePlanUpdateModuleData,m_invalidMemberKindOf,28,27,
0x00cbc420,BattlePlanChangeParalyzeTime,0x50,BattlePlanUpdateModuleData,m_battlePlanParalyzeFrames,28,27,
0x00cbc420,HoldTheLinePlanArmorDamageScalar,0x84,BattlePlanUpdateModuleData,m_holdTheLineArmorDamageScalar,28,27,
0x00cbc420,SearchAndDestroyPlanSightRangeScalar,0x88,BattlePlanUpdateModuleData,m_searchAndDestroySightRangeScalar,28,27,
0x00cbc420,StrategyCenterSearchAndDestroySightRangeScalar,0x8c,BattlePlanUpdateModuleData,m_strategyCenterSearchAndDestroySightRangeScalar,28,27,
0x00cbc420,StrategyCenterSearchAndDestroyDetectsStealth,0x90,BattlePlanUpdateModuleData,m_strategyCenterSearchAndDestroyDetectsStealth,28,27,
0x00cbc420,StrategyCenterHoldTheLineMaxHealthScalar,0x94,BattlePlanUpdateModuleData,m_strategyCenterHoldTheLineMaxHealthScalar,28,27,
0x00cbc420,StrategyCenterHoldTheLineMaxHealthChangeType,0x98,BattlePlanUpdateModuleData,m_strategyCenterHoldTheLineMaxHealthChangeType,28,27,
0x00cbc420,VisionObjectName,0x9c,BattlePlanUpdateModuleData,m_visionObjectName,28,27,
0x00cbc738,SacrificeFilter,0x8,,,0,0,no upstream key
0x00cbc738,NumToSacrifice,0xc,,,0,0,no upstream key
0x00cbc738,InitiateVoice,0x10,,,0,0,no upstream key
0x00cbc738,InitiateVoice2,0x80,,,0,0,no upstream key
0x00cbcaa0,AllowKindOf,0x8,,,2,1,no upstream key
0x00cbcaa0,Radius,0x20,PropagandaTowerBehaviorModuleData,m_scanRadius,2,1,vote picked from AutoHealBehaviorModuleData::m_radius|HordeUpdateModuleData::m_minDist|LightPulseFXNugget::m_radius|ParticleSystemFXNugget::m_radius|TerrainScorchFXNugget::m_radius
0x00cbcaa0,DelayBetweenUpdates,0x24,PropagandaTowerBehaviorModuleData,m_scanDelayInFrames,2,1,
0x00cbcc80,SpawnDelayTime,0x8,,,0,0,no upstream key
0x00cbcc80,MaximumDistance,0x10,,,0,0,no upstream key
0x00cbcc80,RunToFilter,0xc,,,0,0,no upstream key
0x00cbcc80,Civilian,0x14,,,0,0,no upstream key
0x00cbcef4,ScanRate,0x8,,,2,0,ambiguous: AutoFindHealingUpdateModuleData::m_scanFrames|CleanupHazardUpdateModuleData::m_scanFrames|CommandButtonHuntUpdateModuleData::m_scanFrames|DemoTrapUpdateModuleData::m_scanFrames|PilotFindVehicleUpdateModuleData::m_scanFrames|PointDefenseLaserUpdateModuleData::m_scanFrames
0x00cbcef4,ScanRange,0xc,,,2,0,ambiguous: AutoFindHealingUpdateModuleData::m_scanRange|CleanupHazardUpdateModuleData::m_scanRange|CommandButtonHuntUpdateModuleData::m_scanRange|PilotFindVehicleUpdateModuleData::m_scanRange|PointDefenseLaserUpdateModuleData::m_scanRange
0x00cbd218,FX,0x8,FXListAtBonePosFXNugget,m_fx,1,0,sole candidate; table vote decided nothing
0x00cbd218,ReloadTime,0x20,,,1,0,ambiguous: CountermeasuresBehaviorModuleData::m_reloadFrames|SpecialPowerTemplate::m_reloadTime
0x00cbd218,SpawnObject,0x0,,,1,0,no upstream key
0x00cbd928,DefaultProximityMode,0x38,DemoTrapUpdateModuleData,m_defaultsToProximityMode,10,9,
0x00cbd928,DetonationWeaponSlot,0x28,DemoTrapUpdateModuleData,m_detonationWeaponSlot,10,9,
0x00cbd928,ProximityModeWeaponSlot,0x2c,DemoTrapUpdateModuleData,m_proximityModeWeaponSlot,10,9,
0x00cbd928,ManualModeWeaponSlot,0x24,DemoTrapUpdateModuleData,m_manualModeWeaponSlot,10,9,
0x00cbd928,TriggerDetonationRange,0x30,DemoTrapUpdateModuleData,m_triggerDetonationRange,10,9,
0x00cbd928,IgnoreTargetTypes,0xc,DemoTrapUpdateModuleData,m_ignoreKindOf,10,9,
0x00cbd928,ScanRate,0x34,DemoTrapUpdateModuleData,m_scanFrames,10,9,vote picked from AutoFindHealingUpdateModuleData::m_scanFrames|CleanupHazardUpdateModuleData::m_scanFrames|CommandButtonHuntUpdateModuleData::m_scanFrames|PilotFindVehicleUpdateModuleData::m_scanFrames|PointDefenseLaserUpdateModuleData::m_scanFrames
0x00cbd928,AutoDetonationWithFriendsInvolved,0x39,DemoTrapUpdateModuleData,m_friendlyDetonation,10,9,
0x00cbd928,DetonationWeapon,0x8,DemoTrapUpdateModuleData,m_detonationWeaponTemplate,10,9,vote picked from MinefieldBehaviorModuleData::m_detonationWeapon
0x00cbd928,DetonateWhenKilled,0x3a,DemoTrapUpdateModuleData,m_detonateWhenKilled,10,9,
0x00cbda74,StartTime,0x8,,,0,0,no upstream key
0x00cbda74,DestructionTime,0xc,,,0,0,no upstream key
0x00cbde50,RiderSubObjects,0x14,,,0,0,no upstream key
0x00cbde50,RiderlessWeaponSlot,0x20,,,0,0,no upstream key
0x00cbde50,RiderlessHordeFlees,0x24,,,0,0,no upstream key
0x00cbde50,DeathEntry,0x8,,,0,0,no upstream key
0x00cbde50,RemoveRiderlessFromHorde,0x25,,,0,0,no upstream key
0x00cbdf48,ChangeInterval,0x1c,DynamicShroudClearingRangeUpdateModuleData,m_changeInterval,8,8,
0x00cbdf48,GrowInterval,0x20,DynamicShroudClearingRangeUpdateModuleData,m_growInterval,8,8,
0x00cbdf48,ShrinkDelay,0x8,DynamicShroudClearingRangeUpdateModuleData,m_shrinkDelay,8,8,
0x00cbdf48,ShrinkTime,0xc,DynamicShroudClearingRangeUpdateModuleData,m_shrinkTime,8,8,
0x00cbdf48,GrowDelay,0x10,DynamicShroudClearingRangeUpdateModuleData,m_growDelay,8,8,
0x00cbdf48,GrowTime,0x14,DynamicShroudClearingRangeUpdateModuleData,m_growTime,8,8,
0x00cbdf48,FinalVision,0x18,DynamicShroudClearingRangeUpdateModuleData,m_finalVision,8,8,
0x00cbdf48,GridDecalTemplate,0x28,DynamicShroudClearingRangeUpdateModuleData,m_gridDecalTemplate,8,8,
0x00cbe430,TauntAndPointDistance,0x8,,,0,0,no upstream key
0x00cbe430,TauntAndPointUpdateDelay,0xc,,,0,0,no upstream key
0x00cbe430,TauntAndPointExcluded,0x10,,,0,0,no upstream key
0x00cbe430,AfraidOf,0x14,,,0,0,no upstream key
0x00cbe430,AlwaysAfraidOf,0x18,,,0,0,no upstream key
0x00cbe430,PointAt,0x1c,,,0,0,no upstream key
0x00cbe430,HeroScanDistance,0x20,,,0,0,no upstream key
0x00cbe430,FearScanDistance,0x24,,,0,0,no upstream key
0x00cbe430,QuarrelProbability,0x28,,,0,0,no upstream key
0x00cbe430,IgnoreVeterancy,0x2c,,,0,0,no upstream key
0x00cbe430,AddEmotion,0x0,,,0,0,no upstream key
0x00cbe6b0,ScanDelayTime,0x8,,,1,0,ambiguous: CheckpointUpdateModuleData::m_enemyScanDelayTime|EnemyNearUpdateModuleData::m_enemyScanDelayTime
0x00cbe6b0,EnragedTime,0xc,,,1,0,no upstream key
0x00cbe6b0,TimeUntilCanRageAgain,0x10,,,1,0,no upstream key
0x00cbe6b0,ScanDistance,0x14,,,1,0,no upstream key
0x00cbe6b0,HatedObjectFilter,0x1c,,,1,0,no upstream key
0x00cbe6b0,FriendlyDeadFilter,0x18,,,1,0,no upstream key
0x00cbe6b0,EnragedTransitionTime,0x20,,,1,0,no upstream key
0x00cbe6b0,EnragedTransitionFX,0x24,,,1,0,no upstream key
0x00cbe6b0,EnragedOnBuffFX,0x28,,,1,0,no upstream key
0x00cbe6b0,EnragedOffBuffFX,0x2c,,,1,0,no upstream key
0x00cbeaa0,OCLEmbers,0x8,FireSpreadUpdateModuleData,m_oclEmbers,4,4,
0x00cbeaa0,MinSpreadDelay,0xc,FireSpreadUpdateModuleData,m_minSpreadTryDelayData,4,4,
0x00cbeaa0,MaxSpreadDelay,0x10,FireSpreadUpdateModuleData,m_maxSpreadTryDelayData,4,4,
0x00cbeaa0,SpreadTryRange,0x14,FireSpreadUpdateModuleData,m_spreadTryRange,4,4,
0x00cbedf8,Weapon,0x8,,,1,0,ambiguous: FireWeaponNugget::m_weapon|FireWeaponUpdateModuleData::m_weaponTemplate
0x00cbedf8,HeroModeTrigger,0xc,,,1,0,no upstream key
0x00cbedf8,ChargingModeTrigger,0xd,,,1,0,no upstream key
0x00cbedf8,AliveOnly,0xe,,,1,0,no upstream key
0x00cbf180,BurnedDelay,0x8,FlammableUpdateModuleData,m_burnedDelay,7,7,
0x00cbf180,AflameDuration,0xc,FlammableUpdateModuleData,m_aflameDuration,7,7,
0x00cbf180,AflameDamageDelay,0x10,FlammableUpdateModuleData,m_aflameDamageDelay,7,7,
0x00cbf180,AflameDamageAmount,0x14,FlammableUpdateModuleData,m_aflameDamageAmount,7,7,
0x00cbf180,BurningSoundName,0x18,FlammableUpdateModuleData,m_burningSoundName,7,7,
0x00cbf180,FlameDamageLimit,0x1c,FlammableUpdateModuleData,m_flameDamageLimitData,7,7,
0x00cbf180,FlameDamageExpiration,0x20,FlammableUpdateModuleData,m_flameDamageExpirationDelay,7,7,
0x00cbf180,FireFXList,0x0,,,7,7,no upstream key
0x00cbf180,SwapModelWhenAflame,0x30,,,7,7,no upstream key
0x00cbf180,SwapModelWhenQuenched,0x31,,,7,7,no upstream key
0x00cbf180,SwapTextureWhenAflame,0x32,,,7,7,no upstream key
0x00cbf180,SwapTextureWhenQuenhed,0x33,,,7,7,no upstream key
0x00cbf180,BurnContained,0x34,,,7,7,no upstream key
0x00cbf180,RunToWater,0x35,,,7,7,no upstream key
0x00cbf180,RunToWaterDepth,0x38,,,7,7,no upstream key
0x00cbf180,RunToWaterSearchRadius,0x3c,,,7,7,no upstream key
0x00cbf180,RunToWaterSearchIncrement,0x40,,,7,7,no upstream key
0x00cbf180,PanicLocomotorWhileAflame,0x44,,,7,7,no upstream key
0x00cbf180,CustomAnimAndDuration,0x48,,,7,7,no upstream key
0x00cbf35c,Enabled,0x8,,,1,0,ambiguous: FloatUpdateModuleData::m_enabled|TensileFormationUpdateModuleData::m_enabled
0x00cbf580,TargetHeight,0x8,HeightDieUpdateModuleData,m_targetHeightAboveTerrain,6,5,
0x00cbf580,TargetHeightIncludesStructures,0xc,HeightDieUpdateModuleData,m_targetHeightIncludesStructures,6,5,
0x00cbf580,OnlyWhenMovingDown,0xd,HeightDieUpdateModuleData,m_onlyWhenMovingDown,6,5,
0x00cbf580,DestroyAttachedParticlesAtHeight,0x10,HeightDieUpdateModuleData,m_destroyAttachedParticlesAtHeight,6,5,
0x00cbf580,SnapToGroundOnDeath,0x14,HeightDieUpdateModuleData,m_snapToGroundOnDeath,6,5,
0x00cbf580,InitialDelay,0x18,HeightDieUpdateModuleData,m_initialDelay,6,5,vote picked from DynamicGeometryInfoUpdateModuleData::m_initialDelay|FireWeaponUpdateModuleData::m_initialDelayFrames|ParticleSystemFXNugget::m_delay|ParticleSystemTemplate::m_initialDelay
0x00cbf8e0,TimeBetweenUpdatesMin,0x14,,,1,1,no upstream key
0x00cbf8e0,TimeBetweenUpdatesVariation,0x18,,,1,1,no upstream key
0x00cbf8e0,UnitWeight,0x1c,,,1,1,no upstream key
0x00cbf8e0,Key,0x8,MetaMapRec,m_key,1,1,
0x00cbfb48,UpdateRate,0x8,HordeUpdateModuleData,m_updateRate,6,4,
0x00cbfb48,HordeMemberFilter,0xc,,,6,4,no upstream key
0x00cbfb48,Count,0x10,HordeUpdateModuleData,m_minCount,6,4,vote picked from GenericObjectCreationNugget::m_debrisToGenerate|ParticleSystemFXNugget::m_count
0x00cbfb48,Radius,0x14,HordeUpdateModuleData,m_minDist,6,4,vote picked from AutoHealBehaviorModuleData::m_radius|LightPulseFXNugget::m_radius|ParticleSystemFXNugget::m_radius|PropagandaTowerBehaviorModuleData::m_scanRadius|TerrainScorchFXNugget::m_radius
0x00cbfb48,RubOffRadius,0x1c,HordeUpdateModuleData,m_rubOffRadius,6,4,
0x00cbfb48,AlliesOnly,0x18,HordeUpdateModuleData,m_alliesOnly,6,4,
0x00cbfb48,FlagSubObjectNames,0x20,HordeUpdateModuleData,m_flagSubObjNames,6,4,
0x00cbfb48,AttributeModifier,0x2c,,,6,4,no upstream key
0x00cbfe30,MinLifetime,0x8,,,2,0,ambiguous: DeletionUpdateModuleData::m_minFrames|GenericObjectCreationNugget::m_minFrames|LifetimeUpdateModuleData::m_minFrames
0x00cbfe30,MaxLifetime,0xc,,,2,0,ambiguous: DeletionUpdateModuleData::m_maxFrames|GenericObjectCreationNugget::m_maxFrames|LifetimeUpdateModuleData::m_maxFrames
0x00cbfe30,WaitForWakeUp,0x10,,,2,0,no upstream key
0x00cbfe30,ScoreKill,0x11,,,2,0,no upstream key
0x00cbfe30,DeathType,0x14,,,2,0,ambiguous: ParticleUplinkCannonUpdateModuleData::m_deathType|WeaponTemplate::m_deathType
0x00cc0240,OCL,0x8,OCLUpdateModuleData,m_ocl,4,3,vote picked from FireOCLAfterWeaponCooldownUpdateModuleData::m_ocl|OCLSpecialPowerModuleData::m_defaultOCL
0x00cc0240,MinDelay,0xc,OCLUpdateModuleData,m_minDelay,4,3,
0x00cc0240,MaxDelay,0x10,OCLUpdateModuleData,m_maxDelay,4,3,
0x00cc0240,CreateAtEdge,0x14,OCLUpdateModuleData,m_isCreateAtEdge,4,3,
0x00cc0518,SpecialObjectName,0x8,,,0,0,no upstream key
0x00cc0518,RingTimeBeforeSpawning,0xc,,,0,0,no upstream key
0x00cc0518,TimeSpentRoamingAround,0x10,,,0,0,no upstream key
0x00cc0518,TimeRingPowerSuppressed,0x14,,,0,0,no upstream key
0x00cc0518,StartingDistanceFromMe,0x18,,,0,0,no upstream key
0x00cc0518,TimeFrozenFromPenalty,0x1c,,,0,0,no upstream key
0x00cc0518,DiscoveredSound,0x20,,,0,0,no upstream key
0x00cc0830,Texture,0x8,,,2,0,ambiguous: CursorInfo::textureName|Image::m_filename|RadiusDecalTemplate::m_name|TerrainRoadType::m_texture|TerrainType::m_texture|W3DLaserDrawModuleData::m_textureName|W3DProjectileStreamDrawModuleData::m_textureName
0x00cc0830,Radius,0x10,,,2,0,ambiguous: AutoHealBehaviorModuleData::m_radius|HordeUpdateModuleData::m_minDist|LightPulseFXNugget::m_radius|ParticleSystemFXNugget::m_radius|PropagandaTowerBehaviorModuleData::m_scanRadius|TerrainScorchFXNugget::m_radius
0x00cc0830,Color,0xc,,,2,0,ambiguous: LightPulseFXNugget::m_color|RadiusDecalTemplate::m_color|ShellMenuSchemeLine::m_color|TracerFXNugget::m_color
0x00cc0830,Opacity,0x3c,,,2,0,no upstream key
0x00cc0830,Angle,0x68,BuildListInfo,m_angle,2,0,sole candidate; table vote decided nothing
0x00cc09f0,TumbleRandomly,0x40,DumbProjectileBehaviorModuleData,m_tumbleRandomly,6,4,
0x00cc09f0,AllowBouncing,0x58,PhysicsBehaviorModuleData,m_allowBouncing,6,4,sole candidate; table votes DumbProjectileBehaviorModuleData
0x00cc09f0,KillWhenRestingOnGround,0x59,PhysicsBehaviorModuleData,m_killWhenRestingOnGround,6,4,sole candidate; table votes DumbProjectileBehaviorModuleData
0x00cc09f0,GravityMult,0x4c,,,6,4,no upstream key
0x00cc09f0,OrientToFlightPath,0x41,DumbProjectileBehaviorModuleData,m_orientToFlightPath,6,4,
0x00cc09f0,ShockStunnedTimeLow,0x18,,,6,4,no upstream key
0x00cc09f0,ShockStunnedTimeHigh,0x1c,,,6,4,no upstream key
0x00cc09f0,ShockStandingTime,0x20,,,6,4,no upstream key
0x00cc09f0,FirstHeight,0x8,DumbProjectileBehaviorModuleData,m_firstHeight,6,4,
0x00cc09f0,SecondHeight,0xc,DumbProjectileBehaviorModuleData,m_secondHeight,6,4,
0x00cc09f0,FirstPercentIndent,0x10,DumbProjectileBehaviorModuleData,m_firstPercentIndent,6,4,
0x00cc09f0,SecondPercentIndent,0x14,DumbProjectileBehaviorModuleData,m_secondPercentIndent,6,4,
0x00cc09f0,BounceCount,0x24,,,6,4,no upstream key
0x00cc09f0,BounceFirstHeight,0x2c,,,6,4,no upstream key
0x00cc09f0,BounceSecondHeight,0x30,,,6,4,no upstream key
0x00cc09f0,BounceFirstPercentIndent,0x34,,,6,4,no upstream key
0x00cc09f0,BounceSecondPercentIndent,0x38,,,6,4,no upstream key
0x00cc09f0,GroundHitFX,0x50,ParticleUplinkCannonUpdateModuleData,m_groundHitFX,6,4,sole candidate; table votes DumbProjectileBehaviorModuleData
0x00cc09f0,GroundBounceFX,0x54,,,6,4,no upstream key
0x00cc09f0,IgnoreTerrainHeight,0x42,,,6,4,no upstream key
0x00cc09f0,FirstPercentHeight,0x44,,,6,4,no upstream key
0x00cc09f0,SecondPercentHeight,0x48,,,6,4,no upstream key
0x00cc09f0,CurveFlattenMinDist,0x3c,,,6,4,no upstream key
0x00cc1158,MaxQueueEntries,0x28,ProductionUpdateModuleData,m_maxQueueEntries,8,6,
0x00cc1158,NumDoorAnimations,0x8,ProductionUpdateModuleData,m_numDoorAnimations,8,6,
0x00cc1158,DoorOpeningTime,0xc,ProductionUpdateModuleData,m_doorOpeningTime,8,6,
0x00cc1158,DoorWaitOpenTime,0x10,ProductionUpdateModuleData,m_doorWaitOpenTime,8,6,vote picked from MissileLauncherBuildingUpdateModuleData::m_doorWaitOpenTime
0x00cc1158,DoorCloseTime,0x14,ProductionUpdateModuleData,m_doorClosingTime,8,6,vote picked from MissileLauncherBuildingUpdateModuleData::m_doorClosingTime
0x00cc1158,ConstructionCompleteDuration,0x18,ProductionUpdateModuleData,m_constructionCompleteDuration,8,6,
0x00cc1158,QuantityModifier,0x1c,ProductionUpdateModuleData,m_quantityModifiers,8,6,
0x00cc1158,DisabledTypesToProcess,0x2c,ProductionUpdateModuleData,m_disabledTypesToProcess,8,6,
0x00cc1158,GiveNoXP,0x30,,,8,6,no upstream key
0x00cc1158,UnitInvulnerableTime,0x34,,,8,6,no upstream key
0x00cc1158,SpecialPrepModelconditionTime,0x38,,,8,6,no upstream key
0x00cc1158,VeteranUnitsFromVeteranFactory,0x3c,,,8,6,no upstream key
0x00cc1158,SetBonusModelConditionOnSpeedBonus,0x3d,,,8,6,no upstream key
0x00cc1158,BonusForType,0x40,,,8,6,no upstream key
0x00cc1158,SpeedBonusAudioLoop,0x44,,,8,6,no upstream key
0x00cc12fc,DamageToFramesRatio,0x8,ProneUpdateModuleData,m_damageToFramesRatio,1,1,
0x00cc1778,StartRainTime,0x8,,,0,0,no upstream key
0x00cc1778,DarknessFadeTime,0xc,,,0,0,no upstream key
0x00cc1778,RainEmitterHeight,0x10,,,0,0,no upstream key
0x00cc1778,DarknessLevel,0x14,,,0,0,no upstream key
0x00cc1778,JitterRadius,0x18,,,0,0,no upstream key
0x00cc1778,DPSMin,0x1c,,,0,0,no upstream key
0x00cc1778,DPSMax,0x20,,,0,0,no upstream key
0x00cc1778,DPSRampupTime,0x24,,,0,0,no upstream key
0x00cc1778,RainOffset,0x28,,,0,0,no upstream key
0x00cc2750,DeathAnim,0xc,,,1,0,no upstream key
0x00cc2750,DeathFX,0x84,FXListDieModuleData,m_defaultDeathFX,1,0,sole candidate; table vote decided nothing
0x00cc2750,DeathAnimationTime,0x90,,,1,0,no upstream key
0x00cc2750,InitialSpawnAnim,0x5c,,,1,0,no upstream key
0x00cc2750,InitialSpawnFX,0x8c,,,1,0,no upstream key
0x00cc2750,InitialSpawnAnimationTime,0x98,,,1,0,no upstream key
0x00cc2750,RespawnAnim,0x34,,,1,0,no upstream key
0x00cc2750,RespawnFX,0x88,,,1,0,no upstream key
0x00cc2750,RespawnAnimationTime,0x94,,,1,0,no upstream key
0x00cc2750,AutoRespawnAtObjectFilter,0x8,,,1,0,no upstream key
0x00cc2750,RespawnRules,0xa0,,,1,0,no upstream key
0x00cc2750,RespawnEntry,0xa0,,,1,0,no upstream key
0x00cc2750,ButtonImage,0xac,,,1,0,ambiguous: CommandButton::m_buttonImageName|ThingTemplate::m_buttonImageName|UpgradeTemplate::m_buttonImageName
0x00cc2750,RespawnAsTemplate,0xb0,,,1,0,no upstream key
0x00cc2ab0,MinRubbleRiseDelay,0x34,,,4,3,no upstream key
0x00cc2ab0,MaxRubbleRiseDelay,0x38,,,4,3,no upstream key
0x00cc2ab0,MinBurstDelay,0x3c,StructureCollapseUpdateModuleData,m_minBurstDelay,4,3,
0x00cc2ab0,MaxBurstDelay,0x40,StructureCollapseUpdateModuleData,m_maxBurstDelay,4,3,
0x00cc2ab0,RubbleRiseDamping,0x48,,,4,3,no upstream key
0x00cc2ab0,RubbleHeight,0x4c,,,4,3,no upstream key
0x00cc2ab0,MaxShudder,0x50,StructureCollapseUpdateModuleData,m_maxShudder,4,3,
0x00cc2ab0,BigBurstFrequency,0x44,StructureCollapseUpdateModuleData,m_bigBurstFrequency,4,3,
0x00cc2ab0,OCL,0x0,,,4,3,ambiguous: FireOCLAfterWeaponCooldownUpdateModuleData::m_ocl|OCLSpecialPowerModuleData::m_defaultOCL|OCLUpdateModuleData::m_ocl
0x00cc2ab0,FXList,0x0,,,4,3,ambiguous: ConvertToCarBombCrateCollideModuleData::m_fxList|DemoralizeSpecialPowerModuleData::m_fxList|FirestormDynamicGeometryInfoUpdateModuleData::m_fxList|NeutronMissileSlowDeathBehaviorModuleData::m_fxList
0x00cc32f8,SpecialPowerTemplate,0x1d8,SpecialAbilityUpdateModuleData,m_specialPowerTemplate,32,29,vote picked from BattlePlanUpdateModuleData::m_specialPowerTemplate|MissileLauncherBuildingUpdateModuleData::m_specialPowerTemplate|ParticleUplinkCannonUpdateModuleData::m_specialPowerTemplate|SpecialPowerCompletionDieModuleData::m_specialPowerTemplate|SpecialPowerModuleData::m_specialPowerTemplate|SpectreGunshipDeploymentUpdateModuleData::m_specialPowerTemplate|SpectreGunshipUpdateModuleData::m_specialPowerTemplate|UnpauseSpecialPowerUpgradeModuleData::m_specialPower
0x00cc32f8,StartAbilityRange,0x1ec,SpecialAbilityUpdateModuleData,m_startAbilityRange,32,29,
0x00cc32f8,AbilityAbortRange,0x1f0,SpecialAbilityUpdateModuleData,m_abilityAbortRange,32,29,
0x00cc32f8,PreparationTime,0x20c,SpecialAbilityUpdateModuleData,m_preparationFrames,32,29,
0x00cc32f8,PersistentPrepTime,0x210,SpecialAbilityUpdateModuleData,m_persistentPrepFrames,32,29,
0x00cc32f8,PackTime,0x21c,SpecialAbilityUpdateModuleData,m_packTime,32,29,vote picked from DeployStyleAIUpdateModuleData::m_packTime|HackInternetAIUpdateModuleData::m_packTime
0x00cc32f8,UnpackTime,0x220,SpecialAbilityUpdateModuleData,m_unpackTime,32,29,vote picked from DeployStyleAIUpdateModuleData::m_unpackTime|HackInternetAIUpdateModuleData::m_unpackTime
0x00cc32f8,PreTriggerUnstealthTime,0x224,SpecialAbilityUpdateModuleData,m_preTriggerUnstealthFrames,32,29,
0x00cc32f8,SkipPackingWithNoTarget,0x240,SpecialAbilityUpdateModuleData,m_skipPackingWithNoTarget,32,29,
0x00cc32f8,PackUnpackVariationFactor,0x1f4,SpecialAbilityUpdateModuleData,m_packUnpackVariationFactor,32,29,vote picked from HackInternetAIUpdateModuleData::m_packUnpackVariationFactor
0x00cc32f8,ParalyzeDurationWhenCompleted,0x228,,,32,29,no upstream key
0x00cc32f8,ParalyzeDurationWhenAborted,0x22c,,,32,29,no upstream key
0x00cc32f8,SpecialObject,0x1e0,SpecialAbilityUpdateModuleData,m_specialObjectName,32,29,
0x00cc32f8,SpecialObjectAttachToBone,0x1e4,SpecialAbilityUpdateModuleData,m_specialObjectAttachToBoneName,32,29,
0x00cc32f8,MaxSpecialObjects,0x218,SpecialAbilityUpdateModuleData,m_maxSpecialObjects,32,29,
0x00cc32f8,SpecialObjectsPersistent,0x241,SpecialAbilityUpdateModuleData,m_specialObjectsPersistent,32,29,
0x00cc32f8,EffectDuration,0x214,SpecialAbilityUpdateModuleData,m_effectDuration,32,29,
0x00cc32f8,EffectValue,0x1fc,SpecialAbilityUpdateModuleData,m_effectValue,32,29,
0x00cc32f8,UniqueSpecialObjectTargets,0x242,SpecialAbilityUpdateModuleData,m_uniqueSpecialObjectTargets,32,29,
0x00cc32f8,SpecialObjectsPersistWhenOwnerDies,0x243,SpecialAbilityUpdateModuleData,m_specialObjectsPersistWhenOwnerDies,32,29,
0x00cc32f8,AlwaysValidateSpecialObjects,0x246,SpecialAbilityUpdateModuleData,m_alwaysValidateSpecialObjects,32,29,
0x00cc32f8,FlipOwnerAfterPacking,0x244,SpecialAbilityUpdateModuleData,m_flipObjectAfterPacking,32,29,
0x00cc32f8,FlipOwnerAfterUnpacking,0x245,SpecialAbilityUpdateModuleData,m_flipObjectAfterUnpacking,32,29,
0x00cc32f8,FleeRangeAfterCompletion,0x1f8,SpecialAbilityUpdateModuleData,m_fleeRangeAfterCompletion,32,29,
0x00cc32f8,DisableFXParticleSystem,0x1dc,SpecialAbilityUpdateModuleData,m_disableFXParticleSystem,32,29,vote picked from EMPUpdateModuleData::m_disableFXParticleSystem
0x00cc32f8,DoCaptureFX,0x247,SpecialAbilityUpdateModuleData,m_doCaptureFX,32,29,
0x00cc32f8,PackSound,0x8,SpecialAbilityUpdateModuleData,m_packSound,32,29,
0x00cc32f8,UnpackSound,0x78,SpecialAbilityUpdateModuleData,m_unpackSound,32,29,
0x00cc32f8,PrepSoundLoop,0xe8,SpecialAbilityUpdateModuleData,m_prepSoundLoop,32,29,
0x00cc32f8,TriggerSound,0x158,SpecialAbilityUpdateModuleData,m_triggerSound,32,29,
0x00cc32f8,ActiveLoopSound,0x1d4,,,32,29,no upstream key
0x00cc32f8,LoseStealthOnTrigger,0x248,SpecialAbilityUpdateModuleData,m_loseStealthOnTrigger,32,29,
0x00cc32f8,AwardXPForTriggering,0x200,SpecialAbilityUpdateModuleData,m_awardXPForTriggering,32,29,
0x00cc32f8,SkillPointsForTriggering,0x204,SpecialAbilityUpdateModuleData,m_skillPointsForTriggering,32,29,
0x00cc32f8,ApproachRequiresLOS,0x249,SpecialAbilityUpdateModuleData,m_approachRequiresLOS,32,29,
0x00cc32f8,ChargeAttackSpeedBoost,0x24a,,,32,29,no upstream key
0x00cc32f8,CustomAnimAndDuration,0x1c8,,,32,29,no upstream key
0x00cc32f8,UnpackingVariation,0x208,,,32,29,no upstream key
0x00cc32f8,MustFinishAbility,0x24c,,,32,29,no upstream key
0x00cc32f8,FreezeAfterTriggerDuration,0x234,,,32,29,no upstream key
0x00cc32f8,DisableWhenWearingTheRing,0x24d,,,32,29,no upstream key
0x00cc32f8,RequiredConditions,0x238,,,32,29,no upstream key
0x00cc32f8,RejectedConditions,0x23c,,,32,29,no upstream key
0x00cc32f8,ContactPointOverride,0x250,,,32,29,no upstream key
0x00cc32f8,TriggerAttributeModifier,0x1e8,,,32,29,no upstream key
0x00cc32f8,AttributeModifierDuration,0x230,,,32,29,no upstream key
0x00cc32f8,KillAttributeModifierOnExit,0x24b,,,32,29,no upstream key
0x00cc32f8,Instant,0x24e,,,32,29,no upstream key
0x00cc32f8,NeedCollisionBeforeTrigger,0x24f,,,32,29,no upstream key
0x00cc3cf0,DetectionRate,0x8,StealthDetectorUpdateModuleData,m_updateRate,14,13,
0x00cc3cf0,DetectionRange,0xc,StealthDetectorUpdateModuleData,m_detectionRange,14,13,
0x00cc3cf0,InitiallyDisabled,0x10,StealthDetectorUpdateModuleData,m_initiallyDisabled,14,13,vote picked from TurretAIData::m_initiallyDisabled
0x00cc3cf0,PingSound,0x14,StealthDetectorUpdateModuleData,m_pingSound,14,13,
0x00cc3cf0,LoudPingSound,0x84,StealthDetectorUpdateModuleData,m_loudPingSound,14,13,
0x00cc3cf0,IRBeaconParticleSysName,0xf4,StealthDetectorUpdateModuleData,m_IRBeaconParticleSysTmpl,14,13,
0x00cc3cf0,IRParticleSysName,0xf8,StealthDetectorUpdateModuleData,m_IRParticleSysTmpl,14,13,
0x00cc3cf0,IRBrightParticleSysName,0xfc,StealthDetectorUpdateModuleData,m_IRBrightParticleSysTmpl,14,13,
0x00cc3cf0,IRGridParticleSysName,0x100,StealthDetectorUpdateModuleData,m_IRGridParticleSysTmpl,14,13,
0x00cc3cf0,IRParticleSysBone,0x104,StealthDetectorUpdateModuleData,m_IRParticleSysBone,14,13,
0x00cc3cf0,ExtraRequiredKindOf,0x108,StealthDetectorUpdateModuleData,m_extraDetectKindof,14,13,
0x00cc3cf0,ExtraForbiddenKindOf,0x120,StealthDetectorUpdateModuleData,m_extraDetectKindofNot,14,13,
0x00cc3cf0,CanDetectWhileGarrisoned,0x138,StealthDetectorUpdateModuleData,m_canDetectWhileGarrisoned,14,13,
0x00cc3cf0,CanDetectWhileContained,0x139,StealthDetectorUpdateModuleData,m_canDetectWhileTransported,14,13,
0x00cc3cf0,CancelOneRingEffect,0x13a,,,14,13,no upstream key
0x00cc41c0,StealthDelay,0x8,StealthUpdateModuleData,m_stealthDelay,15,14,
0x00cc41c0,MoveThresholdSpeed,0x1c,StealthUpdateModuleData,m_stealthSpeed,15,14,
0x00cc41c0,StealthForbiddenConditions,0xc,StealthUpdateModuleData,m_stealthLevel,15,14,
0x00cc41c0,RemoveTerrainRestrictionOnUpgrade,0x64,,,15,14,no upstream key
0x00cc41c0,HintDetectableConditions,0x10,StealthUpdateModuleData,m_hintDetectableStates,15,14,
0x00cc41c0,FriendlyOpacityMin,0x20,StealthUpdateModuleData,m_friendlyOpacityMin,15,14,
0x00cc41c0,FriendlyOpacityMax,0x24,StealthUpdateModuleData,m_friendlyOpacityMax,15,14,
0x00cc41c0,PulseFrequency,0x28,StealthUpdateModuleData,m_pulseFrames,15,14,
0x00cc41c0,DisguisesAsTeam,0x2c,StealthUpdateModuleData,m_teamDisguised,15,14,
0x00cc41c0,RevealDistanceFromTarget,0x30,StealthUpdateModuleData,m_revealDistanceFromTarget,15,14,
0x00cc41c0,OrderIdleEnemiesToAttackMeUponReveal,0x34,StealthUpdateModuleData,m_orderIdleEnemiesToAttackMeUponReveal,15,14,
0x00cc41c0,DisguiseFX,0x3c,StealthUpdateModuleData,m_disguiseFX,15,14,
0x00cc41c0,DisguiseRevealFX,0x38,StealthUpdateModuleData,m_disguiseRevealFX,15,14,
0x00cc41c0,DisguiseTransitionTime,0x54,StealthUpdateModuleData,m_disguiseTransitionFrames,15,14,
0x00cc41c0,DisguiseRevealTransitionTime,0x58,StealthUpdateModuleData,m_disguiseRevealTransitionFrames,15,14,
0x00cc41c0,StartsActive,0x50,,,15,14,ambiguous: AutoHealBehaviorModuleData::m_initiallyActive|FXListDieModuleData::m_initiallyActive|FireWeaponWhenDamagedBehaviorModuleData::m_initiallyActive|FireWeaponWhenDeadBehaviorModuleData::m_initiallyActive
0x00cc41c0,InnateStealth,0x51,StealthUpdateModuleData,m_innateStealth,15,14,
0x00cc41c0,DetectedByFriendliesOnly,0x52,,,15,14,no upstream key
0x00cc41c0,DetectedByAnyoneRange,0x5c,,,15,14,no upstream key
0x00cc41c0,BecomeStealthedFX,0x40,,,15,14,no upstream key
0x00cc41c0,ExitStealthFX,0x44,,,15,14,no upstream key
0x00cc41c0,RevealWeaponSets,0x60,,,15,14,no upstream key
0x00cc41c0,VoiceMoveToStealthyArea,0x70,,,15,14,no upstream key
0x00cc41c0,VoiceMoveToStealthyAreaGroup,0xe0,,,15,14,no upstream key
0x00cc41c0,VoiceMoveToStealthyArea2,0x150,,,15,14,no upstream key
0x00cc41c0,VoiceMoveToStealthyAreaGroup2,0x1c0,,,15,14,no upstream key
0x00cc41c0,VoiceEnterStateMoveToStealthyArea,0x230,,,15,14,no upstream key
0x00cc41c0,VoiceEnterStateMoveToStealthyArea2,0x2a0,,,15,14,no upstream key
0x00cc41c0,OneRingDelayOn,0x310,,,15,14,no upstream key
0x00cc41c0,OneRingDelayOff,0x314,,,15,14,no upstream key
0x00cc41c0,RingAnimTimeOn,0x318,,,15,14,no upstream key
0x00cc41c0,RingAnimTimeOff,0x31c,,,15,14,no upstream key
0x00cc41c0,RingDelayAfterRemoving,0x320,,,15,14,no upstream key
0x00cc41c0,BecomeStealthedOneRingFX,0x48,,,15,14,no upstream key
0x00cc41c0,ExitStealthOneRingFX,0x4c,,,15,14,no upstream key
0x00cc47b8,MinCollapseDelay,0x34,StructureCollapseUpdateModuleData,m_minCollapseDelay,7,6,
0x00cc47b8,MaxCollapseDelay,0x38,StructureCollapseUpdateModuleData,m_maxCollapseDelay,7,6,
0x00cc47b8,MinBurstDelay,0x3c,StructureCollapseUpdateModuleData,m_minBurstDelay,7,6,
0x00cc47b8,MaxBurstDelay,0x40,StructureCollapseUpdateModuleData,m_maxBurstDelay,7,6,
0x00cc47b8,CollapseDamping,0x48,StructureCollapseUpdateModuleData,m_collapseDamping,7,6,
0x00cc47b8,MaxShudder,0x4c,StructureCollapseUpdateModuleData,m_maxShudder,7,6,
0x00cc47b8,BigBurstFrequency,0x44,StructureCollapseUpdateModuleData,m_bigBurstFrequency,7,6,
0x00cc47b8,OCL,0x0,,,7,6,ambiguous: FireOCLAfterWeaponCooldownUpdateModuleData::m_ocl|OCLSpecialPowerModuleData::m_defaultOCL|OCLUpdateModuleData::m_ocl
0x00cc47b8,FXList,0x0,,,7,6,ambiguous: ConvertToCarBombCrateCollideModuleData::m_fxList|DemoralizeSpecialPowerModuleData::m_fxList|FirestormDynamicGeometryInfoUpdateModuleData::m_fxList|NeutronMissileSlowDeathBehaviorModuleData::m_fxList
0x00cc47b8,DestroyObjectWhenDone,0xf0,,,7,6,no upstream key
0x00cc47b8,CollapseHeight,0xf4,,,7,6,no upstream key
0x00cc4b60,MinToppleDelay,0x34,StructureToppleUpdateModuleData,m_minToppleDelay,13,12,
0x00cc4b60,MaxToppleDelay,0x38,StructureToppleUpdateModuleData,m_maxToppleDelay,13,12,
0x00cc4b60,MinToppleBurstDelay,0x64,StructureToppleUpdateModuleData,m_minToppleBurstDelay,13,12,
0x00cc4b60,MaxToppleBurstDelay,0x68,StructureToppleUpdateModuleData,m_maxToppleBurstDelay,13,12,
0x00cc4b60,ToppleAccelerationFactor,0x44,,,13,12,no upstream key
0x00cc4b60,StructuralIntegrity,0x3c,StructureToppleUpdateModuleData,m_structuralIntegrity,13,12,
0x00cc4b60,StructuralDecay,0x40,StructureToppleUpdateModuleData,m_structuralDecay,13,12,
0x00cc4b60,DamageFXTypes,0x48,StructureToppleUpdateModuleData,m_damageFXTypes,13,12,vote picked from BoneFXUpdateModuleData::m_damageFXTypes|TransitionDamageFXModuleData::m_damageFXTypes
0x00cc4b60,TopplingFX,0x54,StructureToppleUpdateModuleData,m_toppleFXList,13,12,
0x00cc4b60,ToppleDelayFX,0x50,StructureToppleUpdateModuleData,m_toppleDelayFXList,13,12,
0x00cc4b60,ToppleStartFX,0x4c,StructureToppleUpdateModuleData,m_toppleStartFXList,13,12,
0x00cc4b60,ToppleDoneFX,0x58,StructureToppleUpdateModuleData,m_toppleDoneFXList,13,12,
0x00cc4b60,CrushingFX,0x5c,StructureToppleUpdateModuleData,m_crushingFXList,13,12,
0x00cc4b60,CrushingWeaponName,0x60,StructureToppleUpdateModuleData,m_crushingWeaponName,13,12,
0x00cc4b60,ForceToppleAngle,0xb4,,,13,12,no upstream key
0x00cc4b60,OCL,0x0,,,13,12,ambiguous: FireOCLAfterWeaponCooldownUpdateModuleData::m_ocl|OCLSpecialPowerModuleData::m_defaultOCL|OCLUpdateModuleData::m_ocl
0x00cc4b60,AngleFX,0x0,,,13,12,no upstream key
0x00cc4cd0,DefectDuration,0x8,,,0,0,no upstream key
0x00cc4f58,ToppleFX,0x8,ToppleUpdateModuleData,m_toppleFX,11,3,vote picked from W3DTreeDrawModuleData::m_toppleFX
0x00cc4f58,BounceFX,0xc,ToppleUpdateModuleData,m_bounceFX,11,3,vote picked from W3DTreeDrawModuleData::m_bounceFX
0x00cc4f58,StumpName,0x10,ToppleUpdateModuleData,m_stumpName,11,3,vote picked from W3DTreeDrawModuleData::m_stumpName
0x00cc4f58,KillWhenStartToppling,0x25,ToppleUpdateModuleData,m_killWhenStartToppled,11,3,
0x00cc4f58,KillWhenFinishedToppling,0x24,ToppleUpdateModuleData,m_killWhenToppled,11,3,vote picked from W3DTreeDrawModuleData::m_killWhenToppled
0x00cc4f58,KillStumpWhenToppled,0x26,ToppleUpdateModuleData,m_killStumpWhenToppled,11,3,
0x00cc4f58,ToppleLeftOrRightOnly,0x27,ToppleUpdateModuleData,m_toppleLeftOrRightOnly,11,3,
0x00cc4f58,ReorientToppledRubble,0x28,ToppleUpdateModuleData,m_reorientToppledRubble,11,3,
0x00cc4f58,InitialVelocityPercent,0x14,ToppleUpdateModuleData,m_initialVelocityPercent,11,3,vote picked from W3DTreeDrawModuleData::m_initialVelocityPercent
0x00cc4f58,InitialAccelPercent,0x18,ToppleUpdateModuleData,m_initialAccelPercent,11,3,vote picked from W3DTreeDrawModuleData::m_initialAccelPercent
0x00cc4f58,BounceVelocityPercent,0x1c,ToppleUpdateModuleData,m_bounceVelocityPercent,11,3,vote picked from W3DTreeDrawModuleData::m_bounceVelocityPercent
0x00cc4f58,MinimumToppleSpeed,0x20,W3DTreeDrawModuleData,m_minimumToppleSpeed,11,3,sole candidate; table votes ToppleUpdateModuleData
0x00cc5308,Duration,0x1d4,ControlBarSchemeAnimation,m_animDuration,1,1,
0x00cc5308,AttributeModifier,0x1d0,,,1,1,no upstream key
0x00cc5308,LockWeaponSlot,0x1d8,,,1,1,no upstream key
0x00cc5308,WeaponSetFlags,0x1dc,,,1,1,no upstream key
0x00cc6858,RepairHealthPercentPerSecond,0x64,,,3,0,ambiguous: DozerAIUpdateModuleData::m_repairHealthPercentPerSecond|WorkerAIUpdateModuleData::m_repairHealthPercentPerSecond
0x00cc6858,BoredTime,0x68,,,3,0,ambiguous: DozerAIUpdateModuleData::m_boredTime|POWTruckAIUpdateModuleData::m_boredTimeInFrames|WorkerAIUpdateModuleData::m_boredTime
0x00cc6858,BoredRange,0x6c,,,3,0,ambiguous: DozerAIUpdateModuleData::m_boredRange|WorkerAIUpdateModuleData::m_boredRange
0x00cc7660,AttackLocomotorType,0x64,JetAIUpdateModuleData,m_attackingLoco,2,2,
0x00cc7660,ReturnForAmmoLocomotorType,0x68,JetAIUpdateModuleData,m_returningLoco,2,2,
0x00cc7660,GrabTossTimeTrigger,0x6c,,,2,2,no upstream key
0x00cc7660,GrabTossHeightTrigger,0x70,,,2,2,no upstream key
0x00cc7660,FollowThroughDistance,0x74,,,2,2,no upstream key
0x00cc7660,FollowThroughCheckStep,0x78,,,2,2,no upstream key
0x00cc7660,FollowThroughGradient,0x7c,,,2,2,no upstream key
0x00cc7660,TossFX,0x80,,,2,2,no upstream key
0x00cca788,NumberApproachPositions,0x8,DockUpdateModuleData,m_numberApproachPositionsData,2,2,
0x00cca788,AllowsPassthrough,0xc,DockUpdateModuleData,m_isAllowPassthrough,2,2,
0x00cca9b0,DockableObjectFilter,0x10,,,0,0,no upstream key
0x00cca9b0,DockedAnimationTime,0x14,,,0,0,no upstream key
0x00ccabe0,PullInsideDuration,0x10,RailedTransportDockUpdateModuleData,m_pullInsideDurationInFrames,2,2,
0x00ccabe0,PushOutsideDuration,0x14,RailedTransportDockUpdateModuleData,m_pushOutsideDurationInFrames,2,2,
0x00ccae38,TimeForFullHeal,0x10,,,1,0,ambiguous: GarrisonContainModuleData::m_framesForFullHeal|HealContainModuleData::m_framesForFullHeal|ParkingPlaceBehaviorModuleData::m_framesForFullHeal|RepairDockUpdateModuleData::m_framesForFullHeal|TunnelContainModuleData::m_framesForFullHeal
0x00ccb060,ValueMultiplier,0x10,,,0,0,no upstream key
0x00ccb060,BonusScience,0x14,,,0,0,no upstream key
0x00ccb060,BonusScienceMultiplier,0x18,,,0,0,no upstream key
0x00ccb294,StartingBoxes,0x10,SupplyWarehouseDockUpdateModuleData,m_startingBoxesData,2,2,
0x00ccb294,DeleteWhenEmpty,0x14,SupplyWarehouseDockUpdateModuleData,m_deleteWhenEmpty,2,2,
0x00ccbb84,AttributeModifier,0x70,,,0,0,no upstream key
0x00ccbe88,SoundToPlay,0x8,,,0,0,no upstream key
0x00ccbe88,KillAfterMS,0xc,,,0,0,no upstream key
0x00ccbe88,KillOnDeath,0x10,,,0,0,no upstream key
0x00ccbf78,BuildingTemplateName,0x70,,,0,0,no upstream key
0x00ccbf78,PlacementPrefix,0x74,,,0,0,no upstream key
0x00ccbf78,PlacementIndex,0x78,,,0,0,no upstream key
0x00ccc174,Upgrade,0x70,CommandButton,m_upgradeTemplate,1,1,
0x00ccc2f4,CommandSet,0x70,,,1,0,ambiguous: CommandSetUpgradeModuleData::m_newCommandSet|ThingTemplate::m_commandSetString
0x00ccc610,ObjectFilter,0x70,,,1,0,no upstream key
0x00ccc610,Percentage,0x74,CostModifierUpgradeModuleData,m_percentage,1,0,sole candidate; table vote decided nothing
0x00ccc610,UpgradeDiscount,0x80,,,1,0,no upstream key
0x00ccc610,StartsActive,0x81,,,1,0,ambiguous: AutoHealBehaviorModuleData::m_initiallyActive|FXListDieModuleData::m_initiallyActive|FireWeaponWhenDamagedBehaviorModuleData::m_initiallyActive|FireWeaponWhenDeadBehaviorModuleData::m_initiallyActive
0x00ccc610,LabelForPalantirString,0x84,,,1,0,no upstream key
0x00ccc854,AddXPScalar,0x70,ExperienceScalarUpgradeModuleData,m_addXPScalar,1,1,
0x00cccbc0,ShowGeometry,0x70,,,0,0,no upstream key
0x00cccbc0,HideGeometry,0x7c,,,0,0,no upstream key
0x00cccbc0,WallBoundsMesh,0x88,,,0,0,no upstream key
0x00cccbc0,RampMesh1,0x8c,,,0,0,no upstream key
0x00cccbc0,RampMesh2,0x90,,,0,0,no upstream key
0x00ccce00,LevelsToGain,0x70,,,0,0,no upstream key
0x00ccce00,LevelCap,0x74,,,0,0,no upstream key
0x00ccd10c,AddMaxHealth,0x70,MaxHealthUpgradeModuleData,m_addMaxHealth,2,2,
0x00ccd10c,ChangeType,0x74,MaxHealthUpgradeModuleData,m_maxHealthChangeType,2,2,
0x00ccd328,AddConditionFlags,0x70,,,0,0,no upstream key
0x00ccd328,RemoveConditionFlags,0x98,,,0,0,no upstream key
0x00ccd6c0,UpgradeObject,0x8,ObjectCreationUpgradeModuleData,m_ocl,1,0,sole candidate; table vote decided nothing
0x00ccd6c0,Delay,0xc,LeafletDropBehaviorModuleData,m_delayFrames,1,0,sole candidate; table vote decided nothing
0x00ccd6c0,RemoveUpgrade,0x78,,,1,0,no upstream key
0x00ccd6c0,GrantUpgrade,0x7c,,,1,0,no upstream key
0x00ccd6c0,ThingToSpawn,0x80,,,1,0,no upstream key
0x00ccd6c0,Offset,0x84,,,1,0,ambiguous: GenericObjectCreationNugget::m_offset|ParticleSystemFXNugget::m_offset
0x00ccd6c0,DestroyWhenSold,0x90,,,1,0,no upstream key
0x00ccd6c0,DeathAnimAndDuration,0x94,,,1,0,no upstream key
0x00ccd6c0,FadeInTime,0xa0,,,1,0,no upstream key
0x00ccd7e8,Duration,0x70,ControlBarSchemeAnimation,m_animDuration,1,1,
0x00ccd7e8,SpeedMulitplier,0x74,,,1,1,no upstream key
0x00ccd7e8,ObjectType,0x78,,,1,1,no upstream key
0x00ccda14,DisableProof,0x70,RadarUpgradeModuleData,m_isDisableProof,1,1,
0x00ccdbb4,StatusToSet,0x70,StatusBitsUpgradeModuleData,m_statusToSet,2,2,
0x00ccdbb4,StatusToClear,0x7c,StatusBitsUpgradeModuleData,m_statusToClear,2,2,
0x00cce0a8,ShowSubObjects,0x70,SubObjectsUpgradeModuleData,m_showSubObjectNames,2,2,
0x00cce0a8,HideSubObjects,0x7c,SubObjectsUpgradeModuleData,m_hideSubObjectNames,2,2,
0x00cce0a8,UpgradeTexture,0x94,,,2,2,no upstream key
0x00cce0a8,FadeTimeInSeconds,0xa0,,,2,2,no upstream key
0x00cce0a8,WaitBeforeFadeInSeconds,0xa4,,,2,2,no upstream key
0x00cce0a8,RecolorHouse,0xa8,,,2,2,no upstream key
0x00cce0a8,ExcludeSubobjects,0x88,,,2,2,no upstream key
0x00cce0a8,SkipFadeOnCreate,0xa9,,,2,2,no upstream key
0x00cce154,DisplayName,0x70,,,2,0,ambiguous: MetaMapRec::m_displayName|PlayerTemplate::m_displayName|ScienceInfo::m_name|ThingTemplate::m_displayName|UpgradeTemplate::m_displayNameLabel
0x00cce154,Description,0x74,,,2,0,ambiguous: MetaMapRec::m_description|ScienceInfo::m_description
0x00cce300,SpecialPowerTemplate,0x70,,,1,0,ambiguous: BattlePlanUpdateModuleData::m_specialPowerTemplate|MissileLauncherBuildingUpdateModuleData::m_specialPowerTemplate|ParticleUplinkCannonUpdateModuleData::m_specialPowerTemplate|SpecialAbilityUpdateModuleData::m_specialPowerTemplate|SpecialPowerCompletionDieModuleData::m_specialPowerTemplate|SpecialPowerModuleData::m_specialPowerTemplate|SpectreGunshipDeploymentUpdateModuleData::m_specialPowerTemplate|SpectreGunshipUpdateModuleData::m_specialPowerTemplate|UnpauseSpecialPowerUpgradeModuleData::m_specialPower
0x00cce300,ObeyRechageOnTrigger,0x74,,,1,0,no upstream key
0x00cce860,AttributeModifier,0x58,,,1,0,no upstream key
0x00cce860,DamageFXType,0x5c,,,1,0,no upstream key
0x00cce860,Radius,0x60,,,1,0,ambiguous: AutoHealBehaviorModuleData::m_radius|HordeUpdateModuleData::m_minDist|LightPulseFXNugget::m_radius|ParticleSystemFXNugget::m_radius|PropagandaTowerBehaviorModuleData::m_scanRadius|TerrainScorchFXNugget::m_radius
0x00cce860,DamageArc,0x64,,,1,0,no upstream key
0x00cce954,WeaponTemplateName,0x60,,,1,1,no upstream key
0x00cce954,Duration,0x5c,ControlBarSchemeAnimation,m_animDuration,1,1,
0x00ccea68,Damage,0x58,,,2,0,no upstream key
0x00ccea68,AcceptDamageAdd,0x68,,,2,0,no upstream key
0x00ccea68,Radius,0x5c,,,2,0,ambiguous: AutoHealBehaviorModuleData::m_radius|HordeUpdateModuleData::m_minDist|LightPulseFXNugget::m_radius|ParticleSystemFXNugget::m_radius|PropagandaTowerBehaviorModuleData::m_scanRadius|TerrainScorchFXNugget::m_radius
0x00ccea68,DamageArc,0x60,,,2,0,no upstream key
0x00ccea68,DamageMaxHeight,0x64,,,2,0,no upstream key
0x00ccea68,DelayTime,0x6c,DelayedUpgradeModuleData,m_delayTime,2,0,sole candidate; table vote decided nothing
0x00ccea68,DamageType,0x70,,,2,0,ambiguous: ParticleUplinkCannonUpdateModuleData::m_damageType|WeaponTemplate::m_damageType
0x00ccea68,DeathType,0x74,,,2,0,ambiguous: ParticleUplinkCannonUpdateModuleData::m_deathType|WeaponTemplate::m_deathType
0x00ccea68,DamageFXType,0x78,,,2,0,no upstream key
0x00ccea68,DamageScalar,0x7c,,,2,0,no upstream key
0x00ccea68,DamageSpeed,0x88,,,2,0,no upstream key
0x00ccea68,LostLeadershipUselessAgainst,0x8c,,,2,0,no upstream key
0x00ccec08,ContainTargetOnEffect,0x58,,,3,3,no upstream key
0x00ccec08,ImpactTargetOnEffect,0x59,,,3,3,no upstream key
0x00ccec08,ShockWaveAmount,0x5c,WeaponTemplate,m_shockWaveAmount,3,3,
0x00ccec08,ShockWaveRadius,0x60,WeaponTemplate,m_shockWaveRadius,3,3,
0x00ccec08,ShockWaveTaperOff,0x64,WeaponTemplate,m_shockWaveTaperOff,3,3,
0x00ccec08,ShockWaveSpeed,0x68,,,3,3,no upstream key
0x00ccec08,ShockWaveZMult,0x6c,,,3,3,no upstream key
0x00cced70,LuaEvent,0x58,,,1,0,no upstream key
0x00cced70,Radius,0x5c,,,1,0,ambiguous: AutoHealBehaviorModuleData::m_radius|HordeUpdateModuleData::m_minDist|LightPulseFXNugget::m_radius|ParticleSystemFXNugget::m_radius|PropagandaTowerBehaviorModuleData::m_scanRadius|TerrainScorchFXNugget::m_radius
0x00cced70,SendToEnemies,0x60,,,1,0,no upstream key
0x00cced70,SendToAllies,0x61,,,1,0,no upstream key
0x00cced70,SendToNeutral,0x62,,,1,0,no upstream key
0x00ccee68,ShockWaveAmount,0x58,WeaponTemplate,m_shockWaveAmount,3,2,
0x00ccee68,ShockWaveRadius,0x5c,WeaponTemplate,m_shockWaveRadius,3,2,
0x00ccee68,ShockWaveArc,0x60,,,3,2,no upstream key
0x00ccee68,ShockWaveTaperOff,0x64,WeaponTemplate,m_shockWaveTaperOff,3,2,
0x00ccee68,ShockWaveSpeed,0x68,,,3,2,no upstream key
0x00ccee68,ShockWaveZMult,0x6c,,,3,2,no upstream key
0x00ccee68,DelayTime,0x70,DelayedUpgradeModuleData,m_delayTime,3,2,sole candidate; table votes WeaponTemplate
0x00ccee68,InvertShockWave,0x74,,,3,2,no upstream key
0x00ccee68,FlipDirection,0x75,,,3,2,no upstream key
0x00ccee68,HeroResist,0x78,,,3,2,no upstream key
0x00cceff8,Radius,0x58,,,1,0,ambiguous: AutoHealBehaviorModuleData::m_radius|HordeUpdateModuleData::m_minDist|LightPulseFXNugget::m_radius|ParticleSystemFXNugget::m_radius|PropagandaTowerBehaviorModuleData::m_scanRadius|TerrainScorchFXNugget::m_radius
0x00cceff8,Duration,0x5c,ControlBarSchemeAnimation,m_animDuration,1,0,sole candidate; table vote decided nothing
0x00cceff8,DamageArc,0x60,,,1,0,no upstream key
0x00cceff8,ParalyzeFX,0x64,,,1,0,no upstream key
0x00ccf0c8,WarheadTemplateName,0x60,,,0,0,no upstream key
0x00ccf0c8,ProjectileTemplateName,0x64,,,0,0,no upstream key
0x00ccf178,ObjectTargetFilter,0x58,,,0,0,no upstream key
0x00ccf178,SpawnedObjectName,0x5c,,,0,0,no upstream key
0x00ccf178,SpawnOffset,0x60,,,0,0,no upstream key
0x00ccf234,ModelConditionNames,0x58,,,0,0,no upstream key
0x00ccf234,ModelConditionDuration,0x64,,,0,0,no upstream key
0x00ccf300,RequiredUpgradeNames,0x38,,,0,0,no upstream key
0x00ccf300,ForbiddenUpgradeNames,0x44,,,0,0,no upstream key
0x00ccf300,SpecialObjectFilter,0x50,,,0,0,no upstream key
0x00ccf35c,WeaponOCLName,0x5c,,,0,0,no upstream key
0x00ce7470,InternalName,0x8,Template,m_internalName,4,4,
0x00ce7470,UIName,0x0,Template,m_uiName,4,4,
0x00ce7470,UIName2,0x4,Template,m_uiName2,4,4,
0x00ce7470,HelpText,0x78,Template,m_helpText,4,4,
0x00ce8fe8,ThingTemplate,0x4,,,1,1,no upstream key
0x00ce8fe8,Quantity,0x34,,,1,1,no upstream key
0x00ce8fe8,Default,0x38,MultiplayerStartingMoneySettings,isDefault,1,1,
0x00ce90a8,Name,0xc,,,1,0,ambiguous: BuildListInfo::m_buildingName|ControlBarSchemeAnimation::m_name|ParticleSystemFXNugget::m_name|RayEffectFXNugget::m_templateName|SoundFXNugget::m_soundName
0x00ce90a8,DisplayNameTag,0x48,,,1,0,no upstream key
0x00ce90a8,Color,0x18,,,1,0,ambiguous: LightPulseFXNugget::m_color|RadiusDecalTemplate::m_color|ShellMenuSchemeLine::m_color|TracerFXNugget::m_color
0x00ce90a8,NightColor,0x1c,,,1,0,no upstream key
0x00ce90a8,ArmyEntry,0x0,,,1,0,no upstream key
0x00ce90a8,SurvivalThreshhold,0x44,,,1,0,no upstream key
0x00ce90a8,MinCommandPoints,0x50,,,1,0,no upstream key
0x00ce90a8,ReplenishArmyName,0x54,,,1,0,no upstream key
0x00ce9388,Modifier,0x0,,,1,0,no upstream key
0x00ce9388,Duration,0x18,ControlBarSchemeAnimation,m_animDuration,1,0,sole candidate; table vote decided nothing
0x00ce9388,ModelCondition,0x1c,,,1,0,no upstream key
0x00ce9388,ClearModelCondition,0x44,,,1,0,no upstream key
0x00ce9388,Category,0xc,MetaMapRec,m_category,1,0,sole candidate; table vote decided nothing
0x00ce9388,FX,0x6c,FXListAtBonePosFXNugget,m_fx,1,0,sole candidate; table vote decided nothing
0x00ce9388,FX2,0x70,,,1,0,no upstream key
0x00ce9388,FX3,0x74,,,1,0,no upstream key
0x00ce9388,EndFX,0x78,,,1,0,no upstream key
0x00ce9388,EndFX2,0x7c,,,1,0,no upstream key
0x00ce9388,EndFX3,0x80,,,1,0,no upstream key
0x00ce9388,Upgrade,0x84,CommandButton,m_upgradeTemplate,1,0,sole candidate; table vote decided nothing
0x00ce9388,MultiLevelFX,0x8c,,,1,0,no upstream key
0x00ce96f0,UnderAttackEvaEvent,0x8,,,0,0,no upstream key
0x00ce96f0,UnderAttackAllyEvaEvent,0xc,,,0,0,no upstream key
0x00ce96f0,UnderAttackEvaEventIfKeep,0x10,,,0,0,no upstream key
0x00ce96f0,UnderAttackAllyEvaEventIfKeep,0x14,,,0,0,no upstream key
0x00ce96f0,CampDestroyedOwnerEvaEvent,0x18,,,0,0,no upstream key
0x00ce96f0,CampDestroyedAllyEvaEvent,0x1c,,,0,0,no upstream key
0x00ce96f0,CampDestroyedAttackerEvaEvent,0x20,,,0,0,no upstream key
0x00ce96f0,BeingBuiltSound,0x24,,,0,0,no upstream key
0x00ce96f0,StoreUpgradePrice,0x28,,,0,0,no upstream key
0x00ce96f0,CountsForEvaCastleBreached,0x29,,,0,0,no upstream key
0x00cea060,UseTheNewCastleSystemInsteadOfTheClunkyBuildList,0x18,,,0,0,no upstream key
0x00cea060,SidesAllowed,0xc,,,0,0,no upstream key
0x00cea060,UseSecondaryBuildList,0x19,,,0,0,no upstream key
0x00cea0b0,CastleToUnpackForFaction,0x6c,,,1,0,no upstream key
0x00cea0b0,FilterValidOwnedEntries,0x3c,,,1,0,no upstream key
0x00cea0b0,FilterCrew,0x40,,,1,0,no upstream key
0x00cea0b0,FactionDecal,0x60,,,1,0,no upstream key
0x00cea0b0,PreBuiltList,0x54,,,1,0,no upstream key
0x00cea0b0,PreBuiltPlyr,0x1c,,,1,0,no upstream key
0x00cea0b0,DecalName,0x20,,,1,0,no upstream key
0x00cea0b0,DecalSize,0x24,,,1,0,no upstream key
0x00cea0b0,FadeTime,0x28,GenericObjectCreationNugget,m_fadeFrames,1,0,sole candidate; table vote decided nothing
0x00cea0b0,UnpackDelayTime,0x2c,,,1,0,no upstream key
0x00cea0b0,BuildTime,0x30,,,1,0,ambiguous: ThingTemplate::m_buildTime|UpgradeTemplate::m_buildTime
0x00cea0b0,ScanDistance,0x34,,,1,0,no upstream key
0x00cea0b0,MaxCastleRadius,0x38,,,1,0,no upstream key
0x00cea0b0,CrewPrepareTime,0x44,,,1,0,no upstream key
0x00cea0b0,CrewReleaseFX,0x50,,,1,0,no upstream key
0x00cea0b0,CrewPrepareFX,0x4c,,,1,0,no upstream key
0x00cea0b0,CrewPrepareInterval,0x48,,,1,0,no upstream key
0x00cea0b0,DisableStructureRotation,0x78,,,1,0,no upstream key
0x00cea270,CreationChance,0x10,CrateTemplate,m_creationChance,5,5,
0x00cea270,VeterancyLevel,0x14,CrateTemplate,m_veterancyLevel,5,5,
0x00cea270,KilledByType,0x18,CrateTemplate,m_killedByTypeKindof,5,5,
0x00cea270,CrateObject,0x0,,,5,5,no upstream key
0x00cea270,KillerScience,0x30,CrateTemplate,m_killerScience,5,5,
0x00cea270,OwnedByMaker,0x38,CrateTemplate,m_isOwnedByMaker,5,5,
0x00cea6a8,CopyFrom,0x0,,,1,0,no upstream key
0x00cea6a8,Type,0x4,,,1,0,ambiguous: AudioEventInfo::m_type|ParticleSystemTemplate::m_particleType|TerrainScorchFXNugget::m_scorch|UpgradeTemplate::m_type|ViewShakeFXNugget::m_shake
0x00cea6a8,IgnoreIfUnitIdle,0x8,,,1,0,no upstream key
0x00cea6a8,IgnoreIfUnitBusy,0x9,,,1,0,no upstream key
0x00cea6a8,Duration,0xc,ControlBarSchemeAnimation,m_animDuration,1,0,sole candidate; table vote decided nothing
0x00cea6a8,InactiveDuration,0x10,,,1,0,no upstream key
0x00cea6a8,InactiveDurationSameObject,0x14,,,1,0,no upstream key
0x00cea6a8,InactiveDurationSameType,0x18,,,1,0,no upstream key
0x00cea6a8,OnlyIfEnemyThreatAbove,0x1c,,,1,0,no upstream key
0x00cea6a8,OnlyIfEnemyThreatBelow,0x1c,,,1,0,no upstream key
0x00cea6a8,OnlyIfFriendThreatAbove,0x24,,,1,0,no upstream key
0x00cea6a8,OnlyIfFriendThreatBelow,0x24,,,1,0,no upstream key
0x00cea6a8,IgnoreIfAI,0x2c,,,1,0,no upstream key
0x00cea6a8,IgnoreIfHuman,0x2d,,,1,0,no upstream key
0x00cea6a8,StartFXList,0x30,,,1,0,no upstream key
0x00cea6a8,UpdateFXList,0x34,,,1,0,no upstream key
0x00cea6a8,EndFXList,0x38,,,1,0,no upstream key
0x00cea6a8,AttributeModifier,0x3c,,,1,0,no upstream key
0x00cea6a8,AttributeStartDelay,0x40,,,1,0,no upstream key
0x00cea6a8,AttributeModifierWhileEmotionActive,0x44,,,1,0,no upstream key
0x00cea6a8,AttributeDuration,0x48,,,1,0,no upstream key
0x00cea6a8,AIState,0x4c,,,1,0,no upstream key
0x00cea6a8,AILockDuration,0x50,,,1,0,no upstream key
0x00cea6a8,ModelConditions,0x54,,,1,0,no upstream key
0x00cea6a8,ModelConditionsClear,0xa4,,,1,0,no upstream key
0x00cea6a8,ModelConditionsSetOnExit,0xcc,,,1,0,no upstream key
0x00cea6a8,ModelConditionsClearOnExit,0x7c,,,1,0,no upstream key
0x00cea6a8,LuaEvent,0xf4,,,1,0,no upstream key
0x00cea91c,Scalars,0x0,,,0,0,no upstream key
0x00ceab48,RequiredExperience,0x10,,,0,0,no upstream key
0x00ceab48,ExperienceAward,0x14,,,0,0,no upstream key
0x00ceab48,ExperienceAwardOwnGuysDie,0x18,,,0,0,no upstream key
0x00ceab48,TargetNames,0x1c,,,0,0,no upstream key
0x00ceab48,AttributeModifiers,0x28,,,0,0,no upstream key
0x00ceab48,LevelUpFx,0x0,,,0,0,no upstream key
0x00ceab48,LevelUpOCL,0x40,,,0,0,no upstream key
0x00ceab48,Upgrades,0x0,,,0,0,no upstream key
0x00ceab48,ModelConditionState,0x0,,,0,0,no upstream key
0x00ceab48,SelectionDecal,0x78,,,0,0,no upstream key
0x00ceab48,ShowLevelUpTint,0xa8,,,0,0,no upstream key
0x00ceab48,LevelUpTintColor,0xac,,,0,0,no upstream key
0x00ceab48,LevelUpTintPreColorTime,0xb8,,,0,0,no upstream key
0x00ceab48,LevelUpTintPostColorTime,0xbc,,,0,0,no upstream key
0x00ceab48,LevelUpTintSustainColorTime,0xc0,,,0,0,no upstream key
0x00ceab48,LevelUpTintFrequency,0xc4,,,0,0,no upstream key
0x00ceab48,LevelUpTintAmplitude,0xc8,,,0,0,no upstream key
0x00ceab48,Rank,0xcc,,,0,0,no upstream key
0x00ceab48,InformUpdateModule,0xd0,,,0,0,no upstream key
0x00ceab48,EmotionType,0xd4,,,0,0,no upstream key
0x00ceab48,SinglePlayerOnly,0xd1,,,0,0,no upstream key
0x00ceab48,MultiPlayerOnly,0xd2,,,0,0,no upstream key
0x00cebc2c,WeatherSound,0x0,,,0,0,no upstream key
0x00cebc2c,HasLightning,0x4,,,0,0,no upstream key
0x00cebd84,BaseTexture,0xc,,,0,0,no upstream key
0x00cebd84,HouseTexture,0x8,,,0,0,no upstream key
0x00cebe44,Name,0x10,,,1,0,ambiguous: BuildListInfo::m_buildingName|ControlBarSchemeAnimation::m_name|ParticleSystemFXNugget::m_name|RayEffectFXNugget::m_templateName|SoundFXNugget::m_soundName
0x00cebe44,SpecialAbilities,0x14,,,1,0,no upstream key
0x00cec620,RankName,0xc,RankInfo,m_rankName,3,3,
0x00cec620,SkillPointsNeededDefault,0x10,,,3,3,no upstream key
0x00cec620,SkillPointsNeededCampaign,0x14,,,3,3,no upstream key
0x00cec620,SkillPointsNeededGondor,0x18,,,3,3,no upstream key
0x00cec620,SkillPointsNeededRohan,0x1c,,,3,3,no upstream key
0x00cec620,SkillPointsNeededMordor,0x20,,,3,3,no upstream key
0x00cec620,SkillPointsNeededIsengard,0x24,,,3,3,no upstream key
0x00cec620,SciencesGranted,0x2c,RankInfo,m_sciencesGranted,3,3,
0x00cec620,SciencePurchasePointsGranted,0x28,RankInfo,m_sciencePurchasePointsGranted,3,3,
0x00cec7cc,Act,0x0,,,0,0,no upstream key
0x00cec7cc,IsEvilCampaign,0x1c,,,0,0,no upstream key
0x00cec9b8,EnableRegion,0x0,,,0,0,no upstream key
0x00cec9b8,ForceBattle,0x0,,,0,0,no upstream key
0x00cec9b8,SpawnArmy,0x0,,,0,0,no upstream key
0x00cec9b8,DespawnArmy,0x38,,,0,0,no upstream key
0x00cec9b8,CallActSubroutine,0x44,,,0,0,no upstream key
0x00cec9b8,JumpToAct,0x50,,,0,0,no upstream key
0x00cec9b8,MoveArmy,0x0,,,0,0,no upstream key
0x00cec9b8,ToggleArmyControl,0x0,,,0,0,no upstream key
0x00cec9b8,RegionReinforcements,0x0,,,0,0,no upstream key
0x00cec9b8,MergePlayerArmy,0x0,,,0,0,no upstream key
0x00cec9b8,MoveCamera,0x0,,,0,0,no upstream key
0x00cec9b8,SplineCamera,0x0,,,0,0,no upstream key
0x00cec9b8,WorldText,0x0,,,0,0,no upstream key
0x00cec9b8,AudioEvent,0x0,,,0,0,no upstream key
0x00cec9b8,EndAct,0xd8,,,0,0,no upstream key
0x00cec9b8,UpdateAnimObject,0x0,,,0,0,no upstream key
0x00cec9b8,EyeTowerPoints,0x0,,,0,0,no upstream key
0x00cec9b8,ModifyArmyEntry,0x0,,,0,0,no upstream key
0x00cecc38,DelayFromActStart,0x4,,,0,0,no upstream key
0x00cecc38,FlashTime,0xc,,,0,0,no upstream key
0x00cecc38,SummaryEvent,0x8,,,0,0,no upstream key
0x00cecd18,DelayFromActStart,0x4,,,1,0,no upstream key
0x00cecd18,Position,0x8,,,1,0,ambiguous: ControlBarSchemeImage::m_position|ShellMenuSchemeImage::m_position
0x00cecd18,ViewAngle,0x14,,,1,0,no upstream key
0x00cecd18,ScrollTime,0x18,,,1,0,no upstream key
0x00cecd18,SummaryEvent,0x1c,,,1,0,no upstream key
0x00cecdc8,DelayFromActStart,0x4,,,0,0,no upstream key
0x00cecdc8,Sound,0x8,,,0,0,no upstream key
0x00cecdc8,SummaryEvent,0xc,,,0,0,no upstream key
0x00cece14,Region,0x4,,,0,0,no upstream key
0x00cecec8,Region,0x4,,,1,0,no upstream key
0x00cecec8,EventName,0x8,,,1,0,no upstream key
0x00cecec8,Position,0x10,,,1,0,ambiguous: ControlBarSchemeImage::m_position|ShellMenuSchemeImage::m_position
0x00cecec8,Movie,0x18,,,1,0,no upstream key
0x00cecec8,PlayNextActAfterMovie,0x1c,,,1,0,no upstream key
0x00cecec8,RemoveEvent,0x1d,,,1,0,no upstream key
0x00cecec8,UseArmy,0xc,,,1,0,no upstream key
0x00cecec8,ArmyAttackDirection,0x20,,,1,0,no upstream key
0x00cecff0,Name,0x4,,,1,0,ambiguous: BuildListInfo::m_buildingName|ControlBarSchemeAnimation::m_name|ParticleSystemFXNugget::m_name|RayEffectFXNugget::m_templateName|SoundFXNugget::m_soundName
0x00cecff0,Icon,0x8,,,1,0,no upstream key
0x00cecff0,Banner,0xc,,,1,0,no upstream key
0x00cecff0,Position,0x10,,,1,0,ambiguous: ControlBarSchemeImage::m_position|ShellMenuSchemeImage::m_position
0x00cecff0,PlayerControlled,0x18,,,1,0,no upstream key
0x00cecff0,PlayerOwned,0x19,,,1,0,no upstream key
0x00cecff0,PlayerArmy,0x1c,,,1,0,no upstream key
0x00cecff0,PalantirMovie,0x20,,,1,0,no upstream key
0x00cecff0,IconSize,0x24,,,1,0,no upstream key
0x00cecff0,Faction,0x28,,,1,0,no upstream key
0x00cecff0,IsCity,0x2c,,,1,0,no upstream key
0x00ced108,Name,0x4,,,1,0,ambiguous: BuildListInfo::m_buildingName|ControlBarSchemeAnimation::m_name|ParticleSystemFXNugget::m_name|RayEffectFXNugget::m_templateName|SoundFXNugget::m_soundName
0x00ced108,MoveTo,0x8,,,1,0,no upstream key
0x00ced108,PlayNextActAfterMove,0x10,,,1,0,no upstream key
0x00ced108,PalantirMovie,0x14,,,1,0,no upstream key
0x00ced108,IconSize,0x18,,,1,0,no upstream key
0x00ced108,MoveSpeed,0x1c,,,1,0,no upstream key
0x00ced1a0,Name,0x4,,,1,0,ambiguous: BuildListInfo::m_buildingName|ControlBarSchemeAnimation::m_name|ParticleSystemFXNugget::m_name|RayEffectFXNugget::m_templateName|SoundFXNugget::m_soundName
0x00ced1a0,PlayerControl,0x8,,,1,0,no upstream key
0x00ced258,SourceArmy,0x4,,,0,0,no upstream key
0x00ced258,DestArmy,0xc,,,0,0,no upstream key
0x00ced258,SplitArmyTemplate,0x8,,,0,0,no upstream key
0x00ced258,SplitArmy,0x10,,,0,0,no upstream key
0x00ced300,DelayFromActStart,0x4,,,1,1,no upstream key
0x00ced300,Duration,0x8,ControlBarSchemeAnimation,m_animDuration,1,1,
0x00ced300,StringTag,0xc,,,1,1,no upstream key
0x00ced300,SummaryEvent,0x10,,,1,1,no upstream key
0x00ced3b8,AnimObjectName,0x0,,,0,0,no upstream key
0x00ced3b8,WorldPos,0x4,,,0,0,no upstream key
0x00ced420,PlayerArmy,0x0,,,0,0,no upstream key
0x00ced420,CurUnitTemplate,0x4,,,0,0,no upstream key
0x00ced420,NewUnitTemplate,0x8,,,0,0,no upstream key
0x00ced4c0,DelayFromActStart,0x4,,,0,0,no upstream key
0x00ced4c0,SummaryEvent,0x8,,,0,0,no upstream key
0x00ced4c0,ControlPoint,0x0,,,0,0,no upstream key
0x00ced540,Name,0x1c,,,1,0,ambiguous: BuildListInfo::m_buildingName|ControlBarSchemeAnimation::m_name|ParticleSystemFXNugget::m_name|RayEffectFXNugget::m_templateName|SoundFXNugget::m_soundName
0x00ced540,Faction,0x4,,,1,0,no upstream key
0x00ced540,StartPosition,0x8,ShellMenuSchemeLine,m_startPos,1,0,sole candidate; table vote decided nothing
0x00ced540,AllowInActs,0xc,,,1,0,no upstream key
0x00ced540,IsPlayer,0x18,,,1,0,no upstream key
0x00ced540,TeamID,0x20,,,1,0,no upstream key
0x00ced6a0,RegionName,0x4,,,0,0,no upstream key
0x00ced6a0,AddReinforcementArmy,0x8,,,0,0,no upstream key
0x00ced6a0,CloseDistanceTime,0x14,,,0,0,no upstream key
0x00ced6a0,MediumDistanceTime,0x18,,,0,0,no upstream key
0x00ced6a0,FarDistanceTime,0x1c,,,0,0,no upstream key
0x00ced6a0,PathFindRule,0x0,,,0,0,no upstream key
0x00ced6a0,AutoSummon,0x22,,,0,0,no upstream key
0x00ced784,LookPoint,0x0,,,0,0,no upstream key
0x00ced888,Opacity,0x24,,,1,1,no upstream key
0x00ced888,ControlPoint,0x0,,,1,1,no upstream key
0x00ced888,Geometry,0x0,ThingTemplate,m_geometryInfo,1,1,
0x00cedc48,Region,0x0,,,0,0,no upstream key
0x00cedc48,RegionObject,0x0,,,0,0,no upstream key
0x00cedc48,ZOffset,0x8,,,0,0,no upstream key
0x00cedc48,RegionBonusArmy,0xc,,,0,0,no upstream key
0x00cedc48,RegionBonusResource,0x10,,,0,0,no upstream key
0x00cedc48,RegionBonusLegendary,0x14,,,0,0,no upstream key
0x00cedc48,SmallArmyCommandPoints,0x18,,,0,0,no upstream key
0x00cedc48,MediumArmyCommandPoints,0x1c,,,0,0,no upstream key
0x00cedc48,ArmyPlacementPos,0x20,,,0,0,no upstream key
0x00cedc48,ConqueredEffectEvenglow,0x0,,,0,0,no upstream key
0x00cedc48,ConqueredEffectFlareup,0x0,,,0,0,no upstream key
0x00cedc48,MouseoverEffectFlareupOwned,0x0,,,0,0,no upstream key
0x00cedc48,MouseoverEffectFlareupContested,0x0,,,0,0,no upstream key
0x00cedc48,MouseoutEffectFlareupOwned,0x0,,,0,0,no upstream key
0x00cedc48,MouseoutEffectFlareupContested,0x0,,,0,0,no upstream key
0x00cedc48,EnemyBordersEffect,0x0,,,0,0,no upstream key
0x00cedc48,FriendlyBordersEffect,0x0,,,0,0,no upstream key
0x00cedc48,HilightBordersEffect,0x0,,,0,0,no upstream key
0x00cedc48,RegionPopupDefaultColor,0x4c,,,0,0,no upstream key
0x00cedc48,RegionPopupOverColor,0x50,,,0,0,no upstream key
0x00cedc48,RegionConqueredSound,0x54,,,0,0,no upstream key
0x00cee088,Sound,0xc,,,1,1,no upstream key
0x00cee088,Key,0x0,MetaMapRec,m_key,1,1,
0x00cee0c4,Key,0xc,MetaMapRec,m_key,1,1,
0x00cee310,Size,0xc,,,1,0,ambiguous: ControlBarSchemeImage::m_size|ParticleSystemTemplate::m_startSize|ShellMenuSchemeImage::m_size
0x00cee310,Sound,0x18,,,1,0,no upstream key
0x00cee310,StartThreshold,0x8c,,,1,0,no upstream key
0x00cee310,StopThreshold,0x90,,,1,0,no upstream key
0x00cee310,HandOffModeDuration,0x94,,,1,0,no upstream key
0x00cee310,MaximumAudioSpeed,0x10,,,1,0,no upstream key
0x00cee310,RequiredModelConditionFlags,0x24,,,1,0,no upstream key
0x00cee310,ExcludedModelConditionFlags,0x4c,,,1,0,no upstream key
0x00cee310,RequiredObjectStatusBits,0x74,,,1,0,no upstream key
0x00cee310,ExcludedObjectStatusBits,0x80,,,1,0,no upstream key
0x00cee310,IgnoreStealthedUnits,0x96,,,1,0,no upstream key
0x00cf03e8,MinMicrophoneDistanceToDirty,0x0,,,0,0,no upstream key
0x00cf0620,SunbeamObject,0x0,,,0,0,no upstream key
0x00cf0690,CloudTexture,0x0,,,1,0,no upstream key
0x00cf0690,DarkCloudTexture,0x4,,,1,0,no upstream key
0x00cf0690,AlphaTexture,0x8,,,1,0,no upstream key
0x00cf0690,PropagateSpeed,0xc,,,1,0,no upstream key
0x00cf0690,Angle,0x10,BuildListInfo,m_angle,1,0,sole candidate; table vote decided nothing
0x00cf0690,DissipateTexture,0x14,,,1,0,no upstream key
0x00cf0690,DissipateStartLevel,0x18,,,1,0,no upstream key
0x00cf0690,DissipateSpeed,0x1c,,,1,0,no upstream key
0x00cf0690,DarkeningFactor,0x20,W3DTreeDrawModuleData,m_darkening,1,0,sole candidate; table vote decided nothing
0x00cf0690,DarkeningRate,0x2c,,,1,0,no upstream key
0x00cf0690,LighteningRate,0x30,,,1,0,no upstream key
0x00cf0690,CloudScrollSpeed,0x34,,,1,0,no upstream key
0x00cf0690,DissipateRateScale,0x38,,,1,0,no upstream key
0x00cf0690,LightningShadows,0x3c,,,1,0,no upstream key
0x00cf0690,JitterLightningLightPosition,0x3d,,,1,0,no upstream key
0x00cf0690,JitterLightningLightIntensity,0x3e,,,1,0,no upstream key
0x00cf0690,LightningChance,0x40,,,1,0,no upstream key
0x00cf0690,LightningShadowColor,0x44,,,1,0,no upstream key
0x00cf0690,LightningShadowIntensity,0x50,,,1,0,no upstream key
0x00cf0690,LightningDuration,0x54,,,1,0,no upstream key
0x00cf0690,LightningFrequency,0x60,,,1,0,no upstream key
0x00cf0690,LightningIntensity,0x64,,,1,0,no upstream key
0x00cf0690,LightningLightPosition1,0x70,,,1,0,no upstream key
0x00cf0690,LightningLightPosition2,0x78,,,1,0,no upstream key
0x00cf0690,LightningLightPosition3,0x80,,,1,0,no upstream key
0x00cf0690,LightningFX,0x88,,,1,0,no upstream key
0x00cf0b78,ScrollRate,0x14,CreditsManager,m_scrollRate,7,6,vote picked from W3DLaserDrawModuleData::m_scrollRate|W3DProjectileStreamDrawModuleData::m_scrollRate
0x00cf0b78,ScrollRateEveryFrames,0x18,CreditsManager,m_scrollRatePerFrames,7,6,
0x00cf0b78,ScrollDown,0x1c,CreditsManager,m_scrollDown,7,6,
0x00cf0b78,TitleColor,0x20,CreditsManager,m_titleColor,7,6,
0x00cf0b78,MinorTitleColor,0x24,CreditsManager,m_positionColor,7,6,
0x00cf0b78,NormalColor,0x28,CreditsManager,m_normalColor,7,6,
0x00cf0b78,Style,0x2c,CreditsManager,m_currentStyle,7,6,vote picked from RadiusDecalTemplate::m_shadowType|TransitionWindow::m_style
0x00cf0b78,Blank,0x0,,,7,6,no upstream key
0x00cf0b78,Text,0x0,,,7,6,no upstream key
0x00cf1638,SkyboxTextureN,0x4,WaterTransparencySetting,m_skyboxTextureN,5,5,
0x00cf1638,SkyboxTextureE,0x8,WaterTransparencySetting,m_skyboxTextureE,5,5,
0x00cf1638,SkyboxTextureS,0xc,WaterTransparencySetting,m_skyboxTextureS,5,5,
0x00cf1638,SkyboxTextureW,0x10,WaterTransparencySetting,m_skyboxTextureW,5,5,
0x00cf1638,SkyboxTextureT,0x14,WaterTransparencySetting,m_skyboxTextureT,5,5,
0x00cf1698,GlowEnabled,0x0,,,0,0,no upstream key
0x00cf1698,GlowDiameter,0x4,,,0,0,no upstream key
0x00cf1698,GlowIntensity,0x8,,,0,0,no upstream key
0x00cf1698,GlowTextureWidth,0xc,,,0,0,no upstream key
0x00cf1698,RadiusScale1,0x10,,,0,0,no upstream key
0x00cf1698,RadiusScale2,0x18,,,0,0,no upstream key
0x00cf1698,Amplitude1,0x14,,,0,0,no upstream key
0x00cf1698,Amplitude2,0x1c,,,0,0,no upstream key
0x00cf1698,TerrainGlow,0x20,,,0,0,no upstream key
0x00cf1698,MultipassGlowEnabled,0x21,,,0,0,no upstream key
0x00cf1748,Scale,0x0,ThingTemplate,m_assetScale,1,1,
0x00cf1748,Blend,0x4,,,1,1,no upstream key
0x00cf1748,BaseSaturation,0x24,,,1,1,no upstream key
0x00cf1748,EffectSaturation,0x20,,,1,1,no upstream key
0x00cf1748,BaseColor,0x14,,,1,1,no upstream key
0x00cf1748,EffectColor,0x8,,,1,1,no upstream key
0x00cf1748,Velocity,0x4c,,,1,1,no upstream key
0x00cf1748,TextureCross,0x50,,,1,1,no upstream key
0x00cf1748,TextureRepeatCount,0x54,,,1,1,no upstream key
0x00cf1748,EffectBlurDiameter,0x58,,,1,1,no upstream key
0x00cf1748,BaseBlurDiameter,0x5c,,,1,1,no upstream key
0x00cf1808,Scale,0x0,ThingTemplate,m_assetScale,1,1,
0x00cf1808,Blend,0x4,,,1,1,no upstream key
0x00cf1808,BaseSaturation,0x24,,,1,1,no upstream key
0x00cf1808,EffectSaturation,0x20,,,1,1,no upstream key
0x00cf1808,BaseColor,0x14,,,1,1,no upstream key
0x00cf1808,EffectColor,0x8,,,1,1,no upstream key
0x00cf1808,Velocity,0x4c,,,1,1,no upstream key
0x00cf1808,TextureCross,0x50,,,1,1,no upstream key
0x00cf1808,TextureRepeatCount,0x54,,,1,1,no upstream key
0x00cf1b34,Side,0x0,,,1,0,ambiguous: ControlBarScheme::m_side|EvaSideSounds::m_side|PlayerTemplate::m_side|ThingTemplate::m_defaultOwningSide
0x00cf1b34,Sound,0x4,,,1,0,no upstream key
0x00cf1b68,Priority,0xc,EvaCheckInfo,m_priority,2,1,vote picked from AudioEventInfo::m_priority|ParticleSystemTemplate::m_priority
0x00cf1b68,TimeBetweenEventsMS,0x0,,,2,1,no upstream key
0x00cf1b68,ExpirationTimeMS,0x4,EvaCheckInfo,m_framesToExpire,2,1,
0x00cf1b68,QuietTimeMS,0x8,,,2,1,no upstream key
0x00cf1b68,SideSound,0x10,,,2,1,no upstream key
0x00cf1e48,EnemySightedMaxVoicePositionScanRange,0x0,,,0,0,no upstream key
0x00cf1e48,EnemyCampDestroyedDamageTimeoutMS,0x4,,,0,0,no upstream key
0x00cf1e48,FriendlyCampDestroyedDamageTimeoutMS,0x8,,,0,0,no upstream key
0x00cf2118,Sound,0x0,,,1,1,no upstream key
0x00cf2118,EvaEvent,0x0,,,1,1,no upstream key
0x00cf2118,RayEffect,0x0,,,1,1,no upstream key
0x00cf2118,LightPulse,0x0,,,1,1,no upstream key
0x00cf2118,CameraShakerVolume,0x0,,,1,1,no upstream key
0x00cf2118,ViewShake,0x0,,,1,1,no upstream key
0x00cf2118,AttachedModel,0x0,,,1,1,no upstream key
0x00cf2118,TerrainScorch,0x0,,,1,1,no upstream key
0x00cf2118,ParticleSystem,0x0,GenericObjectCreationNugget,m_particleSysName,1,1,
0x00cf2118,ParticleSysBone,0x0,,,1,1,no upstream key
0x00cf2118,FXListAtBonePos,0x0,,,1,1,no upstream key
0x00cf2118,CursorParticleSystem,0x0,,,1,1,no upstream key
0x00cf2118,DynamicDecal,0x0,,,1,1,no upstream key
0x00cf2118,Laser,0x0,,,1,1,no upstream key
0x00cf2118,CullingInfo,0x0,,,1,1,no upstream key
0x00cf2118,TintDrawable,0x0,,,1,1,no upstream key
0x00cf2118,BuffNugget,0x0,,,1,1,no upstream key
0x00cf2118,PlayEvenIfShrouded,0x10,,,1,1,no upstream key
0x00cf2480,ObjectFilter,0xc,,,0,0,no upstream key
0x00cf2480,SourceObjectFilter,0x8,,,0,0,no upstream key
0x00cf2480,RequiredSecondaryModelConditions,0x60,,,0,0,no upstream key
0x00cf2480,ExcludedSecondaryModelConditions,0x88,,,0,0,no upstream key
0x00cf2480,RequiredSourceModelConditions,0x10,,,0,0,no upstream key
0x00cf2480,ExcludedSourceModelConditions,0x38,,,0,0,no upstream key
0x00cf2480,StopIfNuggetPlayed,0xb0,,,0,0,no upstream key
0x00cf2550,EvaEventOwner,0xb4,,,0,0,no upstream key
0x00cf2550,EvaEventAlly,0xb8,,,0,0,no upstream key
0x00cf2550,EvaEventEnemy,0xbc,,,0,0,no upstream key
0x00cf259c,Name,0xb4,,,1,0,ambiguous: BuildListInfo::m_buildingName|ControlBarSchemeAnimation::m_name|ParticleSystemFXNugget::m_name|RayEffectFXNugget::m_templateName|SoundFXNugget::m_soundName
0x00cf25e8,Name,0xb4,RayEffectFXNugget,m_templateName,3,2,vote picked from BuildListInfo::m_buildingName|ControlBarSchemeAnimation::m_name|ParticleSystemFXNugget::m_name|SoundFXNugget::m_soundName
0x00cf25e8,PrimaryOffset,0xb8,RayEffectFXNugget,m_primaryOffset,3,2,
0x00cf25e8,SecondaryOffset,0xc4,RayEffectFXNugget,m_secondaryOffset,3,2,
0x00cf2678,Color,0xb4,LightPulseFXNugget,m_color,5,4,vote picked from RadiusDecalTemplate::m_color|ShellMenuSchemeLine::m_color|TracerFXNugget::m_color
0x00cf2678,Radius,0xc0,LightPulseFXNugget,m_radius,5,4,vote picked from AutoHealBehaviorModuleData::m_radius|HordeUpdateModuleData::m_minDist|ParticleSystemFXNugget::m_radius|PropagandaTowerBehaviorModuleData::m_scanRadius|TerrainScorchFXNugget::m_radius
0x00cf2678,RadiusAsPercentOfObjectSize,0xc4,LightPulseFXNugget,m_boundingCirclePct,5,4,
0x00cf2678,IncreaseTime,0xc8,LightPulseFXNugget,m_increaseFrames,5,4,
0x00cf2678,DecreaseTime,0xcc,LightPulseFXNugget,m_decreaseFrames,5,4,
0x00cf2798,DecalName,0xb4,,,3,1,no upstream key
0x00cf2798,Shader,0xb8,ParticleSystemTemplate,m_shaderType,3,1,
0x00cf2798,Size,0xbc,ParticleSystemTemplate,m_startSize,3,1,vote picked from ControlBarSchemeImage::m_size|ShellMenuSchemeImage::m_size
0x00cf2798,Color,0xc0,,,3,1,ambiguous: LightPulseFXNugget::m_color|RadiusDecalTemplate::m_color|ShellMenuSchemeLine::m_color|TracerFXNugget::m_color
0x00cf2798,Offset,0xcc,,,3,1,ambiguous: GenericObjectCreationNugget::m_offset|ParticleSystemFXNugget::m_offset
0x00cf2798,OrientToObject,0xd4,,,3,1,ambiguous: FXListDieModuleData::m_orientToObject|ParticleSystemFXNugget::m_orientToObject
0x00cf2798,OpacityStart,0xd8,,,3,1,no upstream key
0x00cf2798,OpacityFadeTimeOne,0xdc,,,3,1,no upstream key
0x00cf2798,OpacityPeak,0xe0,,,3,1,no upstream key
0x00cf2798,OpacityPeakTime,0xe4,,,3,1,no upstream key
0x00cf2798,OpacityFadeTimeTwo,0xe8,,,3,1,no upstream key
0x00cf2798,OpacityEnd,0xec,,,3,1,no upstream key
0x00cf2798,StartingDelay,0xf0,,,3,1,no upstream key
0x00cf2798,Lifetime,0xf4,ParticleSystemTemplate,m_lifetime,3,1,vote picked from EMPUpdateModuleData::m_lifeFrames
0x00cf2980,BuffType,0xb4,,,1,0,no upstream key
0x00cf2980,IsComplexBuff,0xb8,,,1,0,no upstream key
0x00cf2980,BuffThingTemplate,0xc0,,,1,0,no upstream key
0x00cf2980,BuffOrcTemplate,0xc4,,,1,0,no upstream key
0x00cf2980,BuffInfantryTemplate,0xc8,,,1,0,no upstream key
0x00cf2980,BuffCavalryTemplate,0xcc,,,1,0,no upstream key
0x00cf2980,BuffTrollTemplate,0xd0,,,1,0,no upstream key
0x00cf2980,BuffMumakilTemplate,0xd4,,,1,0,no upstream key
0x00cf2980,BuffLifeTime,0xbc,,,1,0,no upstream key
0x00cf2980,Extrusion,0xd8,,,1,0,no upstream key
0x00cf2980,Color,0xdc,,,1,0,ambiguous: LightPulseFXNugget::m_color|RadiusDecalTemplate::m_color|ShellMenuSchemeLine::m_color|TracerFXNugget::m_color
0x00cf2ab0,LaserName,0xb4,WeaponTemplate,m_laserName,1,1,
0x00cf2ab0,LaserBackwards,0xb8,,,1,1,no upstream key
0x00cf2ab0,TargetPositionOffsetFallback,0xbc,,,1,1,no upstream key
0x00cf2b28,Radius,0xc0,,,1,0,ambiguous: AutoHealBehaviorModuleData::m_radius|HordeUpdateModuleData::m_minDist|LightPulseFXNugget::m_radius|ParticleSystemFXNugget::m_radius|PropagandaTowerBehaviorModuleData::m_scanRadius|TerrainScorchFXNugget::m_radius
0x00cf2b28,Duration_Seconds,0xc4,,,1,0,no upstream key
0x00cf2b28,Amplitude_Degrees,0xc8,,,1,0,no upstream key
0x00cf2c20,Modelname,0xb4,,,0,0,no upstream key
0x00cf2c20,RandomlyRotate,0xb8,,,0,0,no upstream key
0x00cf2c20,ExpireTimer,0xbc,,,0,0,no upstream key
0x00cf2d80,Color,0xb4,,,1,0,ambiguous: LightPulseFXNugget::m_color|RadiusDecalTemplate::m_color|ShellMenuSchemeLine::m_color|TracerFXNugget::m_color
0x00cf2d80,PreColorTime,0xc0,,,1,0,no upstream key
0x00cf2d80,PostColorTime,0xc4,,,1,0,no upstream key
0x00cf2d80,SustainedColorTime,0xc8,,,1,0,no upstream key
0x00cf2d80,Frequency,0xcc,,,1,0,no upstream key
0x00cf2d80,Amplitude,0xd0,,,1,0,no upstream key
0x00cf2e14,FX,0xb4,FXListAtBonePosFXNugget,m_fx,2,1,
0x00cf2e14,BoneName,0xb8,FXListAtBonePosFXNugget,m_boneName,2,1,vote picked from TracerFXNugget::m_boneName
0x00cf2f80,Name,0xb4,ParticleSystemFXNugget,m_name,13,11,vote picked from BuildListInfo::m_buildingName|ControlBarSchemeAnimation::m_name|RayEffectFXNugget::m_templateName|SoundFXNugget::m_soundName
0x00cf2f80,Count,0xb8,ParticleSystemFXNugget,m_count,13,11,vote picked from GenericObjectCreationNugget::m_debrisToGenerate|HordeUpdateModuleData::m_minCount
0x00cf2f80,Offset,0xbc,ParticleSystemFXNugget,m_offset,13,11,vote picked from GenericObjectCreationNugget::m_offset
0x00cf2f80,Radius,0xc8,ParticleSystemFXNugget,m_radius,13,11,vote picked from AutoHealBehaviorModuleData::m_radius|HordeUpdateModuleData::m_minDist|LightPulseFXNugget::m_radius|PropagandaTowerBehaviorModuleData::m_scanRadius|TerrainScorchFXNugget::m_radius
0x00cf2f80,Height,0xd4,ParticleSystemFXNugget,m_height,13,11,
0x00cf2f80,InitialDelay,0xe0,ParticleSystemFXNugget,m_delay,13,11,vote picked from DynamicGeometryInfoUpdateModuleData::m_initialDelay|FireWeaponUpdateModuleData::m_initialDelayFrames|HeightDieUpdateModuleData::m_initialDelay|ParticleSystemTemplate::m_initialDelay
0x00cf2f80,RotateX,0xec,ParticleSystemFXNugget,m_rotateX,13,11,
0x00cf2f80,RotateY,0xf0,ParticleSystemFXNugget,m_rotateY,13,11,
0x00cf2f80,RotateZ,0xf4,ParticleSystemFXNugget,m_rotateZ,13,11,
0x00cf2f80,OrientToObject,0xf8,ParticleSystemFXNugget,m_orientToObject,13,11,vote picked from FXListDieModuleData::m_orientToObject
0x00cf2f80,Ricochet,0x101,ParticleSystemFXNugget,m_ricochet,13,11,
0x00cf2f80,AttachToObject,0xf9,ParticleSystemFXNugget,m_attachToObject,13,11,
0x00cf2f80,AttachToBone,0xfc,,,13,11,no upstream key
0x00cf2f80,CreateAtGroundHeight,0x100,ParticleSystemFXNugget,m_createAtGroundHeight,13,11,
0x00cf2f80,CreateBoneOverride,0x104,,,13,11,no upstream key
0x00cf2f80,CreateBoneAtTarget,0x10c,,,13,11,no upstream key
0x00cf2f80,TargetBoneOverride,0x108,,,13,11,no upstream key
0x00cf2f80,TargetCoeff,0x110,,,13,11,no upstream key
0x00cf2f80,SystemLife,0x114,,,13,11,no upstream key
0x00cf2f80,UseTargetOffset,0x118,,,13,11,no upstream key
0x00cf2f80,SetTargetMatrix,0x119,,,13,11,no upstream key
0x00cf2f80,TargetOffset,0x11c,,,13,11,no upstream key
0x00cf2f80,OnlyIfOnLand,0x11a,,,13,11,no upstream key
0x00cf2f80,OnlyIfOnWater,0x11b,,,13,11,no upstream key
0x00cf31b0,Anim2DTemplateName,0xb4,,,1,1,no upstream key
0x00cf31b0,BurstCount,0xb8,ParticleSystemTemplate,m_burstCount,1,1,
0x00cf31b0,ParticleLife,0xbc,,,1,1,no upstream key
0x00cf31b0,SystemLife,0xc8,,,1,1,no upstream key
0x00cf31b0,DriftVelX,0xd4,,,1,1,no upstream key
0x00cf31b0,DriftVelY,0xe0,,,1,1,no upstream key
0x00cf3344,Type,0xb4,,,1,0,ambiguous: AudioEventInfo::m_type|ParticleSystemTemplate::m_particleType|TerrainScorchFXNugget::m_scorch|UpgradeTemplate::m_type|ViewShakeFXNugget::m_shake
0x00cf336c,Type,0xb4,TerrainScorchFXNugget,m_scorch,2,1,vote picked from AudioEventInfo::m_type|ParticleSystemTemplate::m_particleType|UpgradeTemplate::m_type|ViewShakeFXNugget::m_shake
0x00cf336c,Radius,0xb8,TerrainScorchFXNugget,m_radius,2,1,vote picked from AutoHealBehaviorModuleData::m_radius|HordeUpdateModuleData::m_minDist|LightPulseFXNugget::m_radius|ParticleSystemFXNugget::m_radius|PropagandaTowerBehaviorModuleData::m_scanRadius
0x00cf3ad8,DecimalSeparator,0x8,,,21,12,no upstream key
0x00cf3ad8,ThousandSeparator,0xc,,,21,12,no upstream key
0x00cf3ad8,TimeMinuteToSecondSeparator,0x10,,,21,12,no upstream key
0x00cf3ad8,UnicodeFontName,0x14,GlobalLanguage,m_unicodeFontName,21,12,
0x00cf3ad8,LocalFontFile,0x0,,,21,12,no upstream key
0x00cf3ad8,MilitaryCaptionSpeed,0x24,GlobalLanguage,m_militaryCaptionSpeed,21,12,vote picked from InGameUI::m_militaryCaptionSpeed
0x00cf3ad8,UseHardWordWrap,0x20,GlobalLanguage,m_useHardWrap,21,12,
0x00cf3ad8,ResolutionFontAdjustment,0x130,GlobalLanguage,m_resolutionFontSizeAdjustment,21,12,
0x00cf3ad8,AudioLanguage,0x1c,,,21,12,no upstream key
0x00cf3ad8,CopyrightFont,0x28,GlobalLanguage,m_copyrightFont,21,12,
0x00cf3ad8,MessageFont,0x34,GlobalLanguage,m_messageFont,21,12,vote picked from InGameUI::m_messageFont
0x00cf3ad8,MilitaryCaptionTitleFont,0x40,GlobalLanguage,m_militaryCaptionTitleFont,21,12,vote picked from InGameUI::m_militaryCaptionTitleFont
0x00cf3ad8,MilitaryCaptionFont,0x4c,GlobalLanguage,m_militaryCaptionFont,21,12,vote picked from InGameUI::m_militaryCaptionFont
0x00cf3ad8,AudioSubtitleFont,0x58,,,21,12,no upstream key
0x00cf3ad8,SuperweaponCountdownNormalFont,0x64,GlobalLanguage,m_superweaponCountdownNormalFont,21,12,vote picked from InGameUI::m_superweaponNormalFont
0x00cf3ad8,SuperweaponCountdownReadyFont,0x70,GlobalLanguage,m_superweaponCountdownReadyFont,21,12,vote picked from InGameUI::m_superweaponReadyFont
0x00cf3ad8,NamedTimerCountdownNormalFont,0x7c,GlobalLanguage,m_namedTimerCountdownNormalFont,21,12,vote picked from InGameUI::m_namedTimerNormalFont
0x00cf3ad8,NamedTimerCountdownReadyFont,0x88,GlobalLanguage,m_namedTimerCountdownReadyFont,21,12,vote picked from InGameUI::m_namedTimerReadyFont
0x00cf3ad8,DrawableCaptionFont,0x94,GlobalLanguage,m_drawableCaptionFont,21,12,vote picked from InGameUI::m_drawableCaptionFont
0x00cf3ad8,DefaultWindowFont,0xa0,GlobalLanguage,m_defaultWindowFont,21,12,
0x00cf3ad8,DefaultDisplayStringFont,0xac,GlobalLanguage,m_defaultDisplayStringFont,21,12,
0x00cf3ad8,TooltipFontName,0xb8,GlobalLanguage,m_tooltipFontName,21,12,vote picked from Mouse::m_tooltipFontName
0x00cf3ad8,NativeDebugDisplay,0xc4,GlobalLanguage,m_nativeDebugDisplay,21,12,
0x00cf3ad8,DrawGroupInfoFont,0xd0,GlobalLanguage,m_drawGroupInfoFont,21,12,
0x00cf3ad8,CreditsTitleFont,0xdc,GlobalLanguage,m_creditsTitleFont,21,12,
0x00cf3ad8,CreditsMinorTitleFont,0xe8,GlobalLanguage,m_creditsPositionFont,21,12,
0x00cf3ad8,CreditsNormalFont,0xf4,GlobalLanguage,m_creditsNormalFont,21,12,
0x00cf3ad8,HelpBoxNameFont,0x100,,,21,12,no upstream key
0x00cf3ad8,HelpBoxCostFont,0x10c,,,21,12,no upstream key
0x00cf3ad8,HelpBoxShortcutFont,0x118,,,21,12,no upstream key
0x00cf3ad8,HelpBoxDescriptionFont,0x124,,,21,12,no upstream key
0x00cf4158,MaxSelectionSize,0x558,InGameUI,m_maxSelectCount,69,60,
0x00cf4158,MessageColor1,0x83c,InGameUI,m_messageColor1,69,60,
0x00cf4158,MessageColor2,0x840,InGameUI,m_messageColor2,69,60,
0x00cf4158,MessagePosition,0x844,InGameUI,m_messagePosition,69,60,
0x00cf4158,MessageFont,0x84c,InGameUI,m_messageFont,69,60,vote picked from GlobalLanguage::m_messageFont
0x00cf4158,MessagePointSize,0x850,InGameUI,m_messagePointSize,69,60,
0x00cf4158,MessageBold,0x854,InGameUI,m_messageBold,69,60,
0x00cf4158,MessageDelayMS,0x858,InGameUI,m_messageDelayMS,69,60,
0x00cf4158,MilitaryCaptionColor,0x85c,InGameUI,m_militaryCaptionColor,69,60,
0x00cf4158,MilitaryCaptionPosition,0x86c,InGameUI,m_militaryCaptionPosition,69,60,
0x00cf4158,MilitaryCaptionCentered,0x874,,,69,60,no upstream key
0x00cf4158,MilitaryCaptionTitleFont,0x878,InGameUI,m_militaryCaptionTitleFont,69,60,vote picked from GlobalLanguage::m_militaryCaptionTitleFont
0x00cf4158,MilitaryCaptionTitlePointSize,0x87c,InGameUI,m_militaryCaptionTitlePointSize,69,60,
0x00cf4158,MilitaryCaptionTitleBold,0x880,InGameUI,m_militaryCaptionTitleBold,69,60,
0x00cf4158,MilitaryCaptionFont,0x884,InGameUI,m_militaryCaptionFont,69,60,vote picked from GlobalLanguage::m_militaryCaptionFont
0x00cf4158,MilitaryCaptionPointSize,0x888,InGameUI,m_militaryCaptionPointSize,69,60,
0x00cf4158,MilitaryCaptionBold,0x88c,InGameUI,m_militaryCaptionBold,69,60,
0x00cf4158,MilitaryCaptionDelayMS,0x890,InGameUI,m_militaryCaptionDelayMS,69,60,vote picked from GlobalLanguage::m_militaryCaptionDelayMS
0x00cf4158,SuperweaponCountdownPosition,0x74c,InGameUI,m_superweaponPosition,69,60,
0x00cf4158,SuperweaponCountdownFlashDuration,0x754,InGameUI,m_superweaponFlashDuration,69,60,
0x00cf4158,SuperweaponCountdownFlashColor,0x774,InGameUI,m_superweaponFlashColor,69,60,
0x00cf4158,SuperweaponCountdownNormalFont,0x758,InGameUI,m_superweaponNormalFont,69,60,vote picked from GlobalLanguage::m_superweaponCountdownNormalFont
0x00cf4158,SuperweaponCountdownNormalPointSize,0x75c,InGameUI,m_superweaponNormalPointSize,69,60,
0x00cf4158,SuperweaponCountdownNormalBold,0x760,InGameUI,m_superweaponNormalBold,69,60,
0x00cf4158,SuperweaponCountdownReadyFont,0x764,InGameUI,m_superweaponReadyFont,69,60,vote picked from GlobalLanguage::m_superweaponCountdownReadyFont
0x00cf4158,SuperweaponCountdownReadyPointSize,0x768,InGameUI,m_superweaponReadyPointSize,69,60,
0x00cf4158,SuperweaponCountdownReadyBold,0x76c,InGameUI,m_superweaponReadyBold,69,60,
0x00cf4158,NamedTimerCountdownPosition,0x788,InGameUI,m_namedTimerPosition,69,60,
0x00cf4158,NamedTimerCountdownCentered,0x790,,,69,60,no upstream key
0x00cf4158,NamedTimerCountdownFlashDuration,0x794,InGameUI,m_namedTimerFlashDuration,69,60,
0x00cf4158,NamedTimerCountdownFlashColor,0x79c,InGameUI,m_namedTimerFlashColor,69,60,
0x00cf4158,NamedTimerCountdownNormalFont,0x7a4,InGameUI,m_namedTimerNormalFont,69,60,vote picked from GlobalLanguage::m_namedTimerCountdownNormalFont
0x00cf4158,NamedTimerCountdownNormalPointSize,0x7a8,InGameUI,m_namedTimerNormalPointSize,69,60,
0x00cf4158,NamedTimerCountdownNormalBold,0x7ac,InGameUI,m_namedTimerNormalBold,69,60,
0x00cf4158,NamedTimerCountdownNormalColor,0x7b0,InGameUI,m_namedTimerNormalColor,69,60,
0x00cf4158,NamedTimerCountdownReadyFont,0x7b4,InGameUI,m_namedTimerReadyFont,69,60,vote picked from GlobalLanguage::m_namedTimerCountdownReadyFont
0x00cf4158,NamedTimerCountdownReadyPointSize,0x7b8,InGameUI,m_namedTimerReadyPointSize,69,60,
0x00cf4158,NamedTimerCountdownReadyBold,0x7bc,InGameUI,m_namedTimerReadyBold,69,60,
0x00cf4158,NamedTimerCountdownReadyColor,0x7c0,InGameUI,m_namedTimerReadyColor,69,60,
0x00cf4158,FloatingTextTimeOut,0x129c,InGameUI,m_floatingTextTimeOut,69,60,
0x00cf4158,FloatingTextMoveUpSpeed,0x12a0,InGameUI,m_floatingTextMoveUpSpeed,69,60,
0x00cf4158,FloatingTextVanishRate,0x12a4,InGameUI,m_floatingTextMoveVanishRate,69,60,
0x00cf4158,PopupMessageColor,0x12ac,InGameUI,m_popupMessageColor,69,60,
0x00cf4158,HelpBoxNameFont,0x7d4,,,69,60,no upstream key
0x00cf4158,HelpBoxNamePointSize,0x7d8,,,69,60,no upstream key
0x00cf4158,HelpBoxNameBold,0x7dc,,,69,60,no upstream key
0x00cf4158,HelpBoxNameColor,0x7e0,,,69,60,no upstream key
0x00cf4158,HelpBoxCostFont,0x7e4,,,69,60,no upstream key
0x00cf4158,HelpBoxCostPointSize,0x7e8,,,69,60,no upstream key
0x00cf4158,HelpBoxCostBold,0x7ec,,,69,60,no upstream key
0x00cf4158,HelpBoxCostColor,0x7f0,,,69,60,no upstream key
0x00cf4158,HelpBoxShortcutFont,0x7f4,,,69,60,no upstream key
0x00cf4158,HelpBoxShortcutPointSize,0x7f8,,,69,60,no upstream key
0x00cf4158,HelpBoxShortcutBold,0x7fc,,,69,60,no upstream key
0x00cf4158,HelpBoxShortcutColor,0x800,,,69,60,no upstream key
0x00cf4158,HelpBoxDescriptionFont,0x804,,,69,60,no upstream key
0x00cf4158,HelpBoxDescriptionPointSize,0x808,,,69,60,no upstream key
0x00cf4158,HelpBoxDescriptionBold,0x80c,,,69,60,no upstream key
0x00cf4158,HelpBoxDescriptionColor,0x810,,,69,60,no upstream key
0x00cf4158,DrawableCaptionFont,0x7c4,InGameUI,m_drawableCaptionFont,69,60,vote picked from GlobalLanguage::m_drawableCaptionFont
0x00cf4158,DrawableCaptionPointSize,0x7c8,InGameUI,m_drawableCaptionPointSize,69,60,
0x00cf4158,DrawableCaptionBold,0x7cc,InGameUI,m_drawableCaptionBold,69,60,
0x00cf4158,DrawableCaptionColor,0x7d0,InGameUI,m_drawableCaptionColor,69,60,
0x00cf4158,DrawRMBScrollAnchor,0x12bc,InGameUI,m_drawRMBScrollAnchor,69,60,
0x00cf4158,MoveRMBScrollAnchor,0x12bd,InGameUI,m_moveRMBScrollAnchor,69,60,
0x00cf4158,AttackDamageAreaRadiusCursor,0x8c4,InGameUI,m_radiusCursors,69,60,
0x00cf4158,AttackScatterAreaRadiusCursor,0x8f4,InGameUI,m_radiusCursors,69,60,
0x00cf4158,AttackContinueAreaRadiusCursor,0x924,InGameUI,m_radiusCursors,69,60,
0x00cf4158,FriendlySpecialPowerRadiusCursor,0x9b4,InGameUI,m_radiusCursors,69,60,
0x00cf4158,OffensiveSpecialPowerRadiusCursor,0x9e4,InGameUI,m_radiusCursors,69,60,
0x00cf4158,SuperweaponScatterAreaRadiusCursor,0xa14,InGameUI,m_radiusCursors,69,60,
0x00cf4158,GuardAreaRadiusCursor,0x954,InGameUI,m_radiusCursors,69,60,
0x00cf4158,EmergencyRepairRadiusCursor,0x984,InGameUI,m_radiusCursors,69,60,
0x00cf4158,ParticleCannonRadiusCursor,0xa44,InGameUI,m_radiusCursors,69,60,
0x00cf4158,A10StrikeRadiusCursor,0xa74,InGameUI,m_radiusCursors,69,60,
0x00cf4158,CarpetBombRadiusCursor,0xaa4,InGameUI,m_radiusCursors,69,60,
0x00cf4158,DaisyCutterRadiusCursor,0xad4,InGameUI,m_radiusCursors,69,60,
0x00cf4158,ParadropRadiusCursor,0xb04,InGameUI,m_radiusCursors,69,60,
0x00cf4158,RevealMapAreaRadiusCursor,0xb34,,,69,60,no upstream key
0x00cf4158,ElvenWoodMapRadiusCursor,0xb64,,,69,60,no upstream key
0x00cf4158,TaintMapRadiusCursor,0xb94,,,69,60,no upstream key
0x00cf4158,NuclearMissileRadiusCursor,0xbc4,InGameUI,m_radiusCursors,69,60,
0x00cf4158,ArtilleryRadiusCursor,0xbf4,InGameUI,m_radiusCursors,69,60,
0x00cf4158,ClusterMinesRadiusCursor,0xc24,InGameUI,m_radiusCursors,69,60,
0x00cf4158,ScudStormRadiusCursor,0xc54,InGameUI,m_radiusCursors,69,60,
0x00cf4158,AnthraxBombRadiusCursor,0xc84,InGameUI,m_radiusCursors,69,60,
0x00cf4158,AmbushRadiusCursor,0xcb4,InGameUI,m_radiusCursors,69,60,
0x00cf4158,RadarRadiusCursor,0xce4,InGameUI,m_radiusCursors,69,60,
0x00cf4158,SpyDroneRadiusCursor,0xd14,InGameUI,m_radiusCursors,69,60,
0x00cf4158,ArrowStormRadiusCursor,0xd44,,,69,60,no upstream key
0x00cf4158,TrainingRadiusCursor,0xe04,,,69,60,no upstream key
0x00cf4158,ArcheryTrainingRadiusCursor,0x11f4,,,69,60,no upstream key
0x00cf4158,LightningSwordRadiusCursor,0xd74,,,69,60,no upstream key
0x00cf4158,FireBreathRadiusCursor,0xdd4,,,69,60,no upstream key
0x00cf4158,SummonBalrogRadiusCursor,0xda4,,,69,60,no upstream key
0x00cf4158,LeapRadiusCursor,0xe34,,,69,60,no upstream key
0x00cf4158,SummonOathBreakersRadiusCursor,0xe64,,,69,60,no upstream key
0x00cf4158,AthelasRadiusCursor,0xe94,,,69,60,no upstream key
0x00cf4158,FellBeastSwoopRadiusCursor,0xec4,,,69,60,no upstream key
0x00cf4158,EagleSwoopRadiusCursor,0xef4,,,69,60,no upstream key
0x00cf4158,GuardAreaRadiusCursor,0x954,InGameUI,m_radiusCursors,69,60,
0x00cf4158,IndustryRadiusCursor,0xf24,,,69,60,no upstream key
0x00cf4158,DevastationRadiusCursor,0xf54,,,69,60,no upstream key
0x00cf4158,TaintRadiusCursor,0xf84,,,69,60,no upstream key
0x00cf4158,EyeOfSauronRadiusCursor,0xfb4,,,69,60,no upstream key
0x00cf4158,HealRadiusCursor,0xfe4,,,69,60,no upstream key
0x00cf4158,ElvenAlliesRadiusCursor,0x1014,,,69,60,no upstream key
0x00cf4158,RohanAlliesRadiusCursor,0x1044,,,69,60,no upstream key
0x00cf4158,ElvenWoodRadiusCursor,0x1074,,,69,60,no upstream key
0x00cf4158,EntAlliesRadiusCursor,0x10a4,,,69,60,no upstream key
0x00cf4158,ArmyOfTheDeadRadiusCursor,0x10d4,,,69,60,no upstream key
0x00cf4158,EagleAlliesRadiusCursor,0x1104,,,69,60,no upstream key
0x00cf4158,KingsFavorRadiusCursor,0x1134,,,69,60,no upstream key
0x00cf4158,DominateRadiusCursor,0x1164,,,69,60,no upstream key
0x00cf4158,SpeechCraftRadiusCursor,0x1194,,,69,60,no upstream key
0x00cf4158,CaptainOfGondorRadiusCursor,0x11c4,,,69,60,no upstream key
0x00cf4158,WarChantRadiusCursor,0x1224,,,69,60,no upstream key
0x00cf4158,PalantirVisionRadiusCursor,0x1254,,,69,60,no upstream key
0x00cf4158,UnitHelpTextDelay,0x13a8,,,69,60,no upstream key
0x00cf6440,Texture,0x0,RadiusDecalTemplate,m_name,7,6,vote picked from CursorInfo::textureName|Image::m_filename|TerrainRoadType::m_texture|TerrainType::m_texture|W3DLaserDrawModuleData::m_textureName|W3DProjectileStreamDrawModuleData::m_textureName
0x00cf6440,Texture2,0x4,,,7,6,no upstream key
0x00cf6440,Style,0x8,RadiusDecalTemplate,m_shadowType,7,6,vote picked from CreditsManager::m_currentStyle|TransitionWindow::m_style
0x00cf6440,OpacityMin,0xc,RadiusDecalTemplate,m_minOpacity,7,6,
0x00cf6440,OpacityMax,0x10,RadiusDecalTemplate,m_maxOpacity,7,6,
0x00cf6440,OpacityThrobTime,0x14,RadiusDecalTemplate,m_opacityThrobTime,7,6,
0x00cf6440,RotationsPerMinute,0x2c,,,7,6,no upstream key
0x00cf6440,Color,0x18,RadiusDecalTemplate,m_color,7,6,vote picked from LightPulseFXNugget::m_color|ShellMenuSchemeLine::m_color|TracerFXNugget::m_color
0x00cf6440,OnlyVisibleToOwningPlayer,0x1c,RadiusDecalTemplate,m_onlyVisibleToOwningPlayer,7,6,
0x00cf6440,MaxRadius,0x24,,,7,6,no upstream key
0x00cf6440,MinRadius,0x20,,,7,6,no upstream key
0x00cf6440,MaxSelectedUnits,0x28,,,7,6,no upstream key
0x00cf6540,SnowTexture,0xc,WeatherSetting,m_snowTexture,10,10,
0x00cf6540,SnowFrequencyScaleX,0x10,WeatherSetting,m_snowFrequencyScaleX,10,10,
0x00cf6540,SnowFrequencyScaleY,0x14,WeatherSetting,m_snowFrequencyScaleY,10,10,
0x00cf6540,SnowAmplitude,0x18,WeatherSetting,m_snowAmplitude,10,10,
0x00cf6540,SnowPointSize,0x1c,WeatherSetting,m_snowPointSize,10,10,
0x00cf6540,SnowMaxPointSize,0x20,WeatherSetting,m_snowMaxPointSize,10,10,
0x00cf6540,SnowMinPointSize,0x24,WeatherSetting,m_snowMinPointSize,10,10,
0x00cf6540,SnowQuadSize,0x28,WeatherSetting,m_snowQuadSize,10,10,
0x00cf6540,SnowBoxHeight,0x2c,,,10,10,no upstream key
0x00cf6540,SnowSpacing,0x30,,,10,10,no upstream key
0x00cf6540,SnowSpeed,0x34,,,10,10,no upstream key
0x00cf6540,SnowPointSprites,0x38,WeatherSetting,m_usePointSprites,10,10,
0x00cf6540,SnowEnabled,0x39,WeatherSetting,m_snowEnabled,10,10,
0x00cf6540,IsSnowing,0x3a,,,10,10,no upstream key
0x00cf6540,NumberTiles,0x3c,,,10,10,no upstream key
0x00cf6540,LightningEnabled,0x40,,,10,10,no upstream key
0x00cf6540,LightningFactor,0x44,,,10,10,no upstream key
0x00cf6540,LightningDuration,0x50,,,10,10,no upstream key
0x00cf6540,LightningChance,0x54,,,10,10,no upstream key
0x00cf6540,SpellEnabled,0x58,,,10,10,no upstream key
0x00cf6540,SpellDuration,0x5c,,,10,10,no upstream key
0x00cf6540,RampControl,0x60,,,10,10,no upstream key
0x00cf6540,RampSpacing,0x70,,,10,10,no upstream key
0x00cf6540,RampSpeed,0x68,,,10,10,no upstream key
0x00cf6c00,SkyTexture,0x4,WaterSetting,m_skyTextureFile,12,12,
0x00cf6c00,WaterTexture,0x8,WaterSetting,m_waterTextureFile,12,12,
0x00cf6c00,Vertex00Color,0x14,WaterSetting,m_vertex00Diffuse,12,12,
0x00cf6c00,Vertex10Color,0x24,WaterSetting,m_vertex10Diffuse,12,12,
0x00cf6c00,Vertex01Color,0x44,WaterSetting,m_vertex01Diffuse,12,12,
0x00cf6c00,Vertex11Color,0x34,WaterSetting,m_vertex11Diffuse,12,12,
0x00cf6c00,DiffuseColor,0x54,WaterSetting,m_waterDiffuseColor,12,12,
0x00cf6c00,TransparentDiffuseColor,0x64,WaterSetting,m_transparentWaterDiffuse,12,12,
0x00cf6c00,UScrollPerMS,0x74,WaterSetting,m_uScrollPerMs,12,12,
0x00cf6c00,VScrollPerMS,0x78,WaterSetting,m_vScrollPerMs,12,12,
0x00cf6c00,SkyTexelsPerUnit,0x10,WaterSetting,m_skyTexelsPerUnit,12,12,
0x00cf6c00,WaterRepeatCount,0xc,WaterSetting,m_waterRepeatCount,12,12,
0x00cf6cd0,TransparentWaterDepth,0xc,WaterTransparencySetting,m_transparentWaterDepth,6,6,
0x00cf6cd0,TransparentWaterMinOpacity,0x10,WaterTransparencySetting,m_minWaterOpacity,6,6,
0x00cf6cd0,StandingWaterColor,0x14,WaterTransparencySetting,m_standingWaterColor,6,6,
0x00cf6cd0,StandingWaterTexture,0x30,WaterTransparencySetting,m_standingWaterTexture,6,6,
0x00cf6cd0,AdditiveBlending,0x2c,WaterTransparencySetting,m_additiveBlend,6,6,
0x00cf6cd0,RadarWaterColor,0x20,WaterTransparencySetting,m_radarColor,6,6,
0x00cf6cd0,RiverTransparencyMultiplier,0x34,,,6,6,no upstream key
0x00cf76ac,Antialiased,0x8,,,0,0,no upstream key
0x00cf95a4,Window,0x0,,,1,0,no upstream key
0x00cf95a4,FireOnce,0x0,,,1,0,ambiguous: FireWeaponCollideModuleData::m_fireOnce|TransitionGroup::m_fireOnce
0x00cf97d0,WinName,0x0,TransitionWindow,m_winName,2,1,
0x00cf97d0,Transition,0x0,MetaMapRec,m_transition,2,1,sole candidate; table votes TransitionWindow
0x00cf97d0,FrameDelay,0x4,TransitionWindow,m_frameDelay,2,1,
0x00cf9830,Font,0x8,HeaderTemplate,m_fontName,3,3,
0x00cf9830,Point,0xc,HeaderTemplate,m_point,3,3,
0x00cf9830,Bold,0x10,HeaderTemplate,m_bold,3,3,
0x00cfa3b8,Command,0x10,CommandButton,m_command,18,16,
0x00cfa3b8,Options,0x18,CommandButton,m_options,18,16,
0x00cfa3b8,Object,0x1c,CommandButton,m_thingTemplate,18,16,
0x00cfa3b8,Upgrade,0x20,CommandButton,m_upgradeTemplate,18,16,
0x00cfa3b8,NeededUpgrade,0x24,,,18,16,no upstream key
0x00cfa3b8,BuildUpgrades,0x28,,,18,16,no upstream key
0x00cfa3b8,WeaponSlot,0x6c,CommandButton,m_weaponSlot,18,16,vote picked from AttackNugget::m_weaponSlot|CleanupHazardUpdateModuleData::m_weaponSlot|FireOCLAfterWeaponCooldownUpdateModuleData::m_weaponSlot
0x00cfa3b8,WeaponSlotToggle1,0x70,,,18,16,no upstream key
0x00cfa3b8,WeaponSlotToggle2,0x74,,,18,16,no upstream key
0x00cfa3b8,WeaponSlotToggle3,0x78,,,18,16,no upstream key
0x00cfa3b8,FlagsUsedForToggle,0x7c,,,18,16,no upstream key
0x00cfa3b8,MaxShotsToFire,0x80,CommandButton,m_maxShotsToFire,18,16,vote picked from FireWeaponPowerModuleData::m_maxShotsToFire
0x00cfa3b8,Science,0x84,CommandButton,m_science,18,16,
0x00cfa3b8,SpecialPower,0x34,CommandButton,m_specialPower,18,16,
0x00cfa3b8,TextLabel,0x44,CommandButton,m_textLabel,18,16,
0x00cfa3b8,DescriptLabel,0x50,CommandButton,m_descriptionLabel,18,16,
0x00cfa3b8,PurchasedLabel,0x5c,CommandButton,m_purchasedLabel,18,16,
0x00cfa3b8,ConflictingLabel,0x60,CommandButton,m_conflictingLabel,18,16,
0x00cfa3b8,LacksPrerequisiteLabel,0x64,,,18,16,no upstream key
0x00cfa3b8,ButtonImage,0x94,CommandButton,m_buttonImageName,18,16,vote picked from ThingTemplate::m_buttonImageName|UpgradeTemplate::m_buttonImageName
0x00cfa3b8,CursorName,0x3c,CommandButton,m_cursorName,18,16,
0x00cfa3b8,InvalidCursorName,0x40,CommandButton,m_invalidCursorName,18,16,
0x00cfa3b8,ButtonBorderType,0x90,CommandButton,m_commandButtonBorder,18,16,
0x00cfa3b8,RadiusCursorType,0x38,CommandButton,m_radiusCursor,18,16,
0x00cfa3b8,UnitSpecificSound,0xa8,CommandButton,m_unitSpecificSound,18,16,vote picked from UpgradeTemplate::m_unitSpecificSound
0x00cfa3b8,UnitSpecificSoundGroup,0xb4,,,18,16,no upstream key
0x00cfa3b8,UnitSpecificSound2,0xc0,,,18,16,no upstream key
0x00cfa3b8,UnitSpecificSoundGroup2,0xcc,,,18,16,no upstream key
0x00cfa3b8,SetAutoAbilityUnitSound,0xd8,,,18,16,no upstream key
0x00cfa3b8,SetAutoAbilityUnitSoundGroup,0xe4,,,18,16,no upstream key
0x00cfa3b8,SetAutoAbilityUnitSound2,0xf0,,,18,16,no upstream key
0x00cfa3b8,SetAutoAbilityUnitSoundGroup2,0xfc,,,18,16,no upstream key
0x00cfa3b8,UnsetAutoAbilityUnitSound,0x108,,,18,16,no upstream key
0x00cfa3b8,UnsetAutoAbilityUnitSoundGroup,0x114,,,18,16,no upstream key
0x00cfa3b8,UnsetAutoAbilityUnitSound2,0x120,,,18,16,no upstream key
0x00cfa3b8,UnsetAutoAbilityUnitSoundGroup2,0x12c,,,18,16,no upstream key
0x00cfa3b8,DoubleClick,0x14c,,,18,16,no upstream key
0x00cfa3b8,Radial,0x14d,,,18,16,no upstream key
0x00cfa3b8,ShowProductionCount,0x150,,,18,16,no upstream key
0x00cfa3b8,InPalantir,0x14e,,,18,16,no upstream key
0x00cfa3b8,IsClickable,0x151,,,18,16,no upstream key
0x00cfa3b8,ShowButton,0x152,,,18,16,no upstream key
0x00cfa3b8,RequireLevel,0x154,,,18,16,no upstream key
0x00cfa3b8,RequiresValidContainer,0x153,,,18,16,no upstream key
0x00cfa3b8,AutoAbility,0x158,,,18,16,no upstream key
0x00cfa3b8,AffectsAllies,0x174,,,18,16,no upstream key
0x00cfa3b8,AffectsKindOf,0x15c,,,18,16,no upstream key
0x00cfa3b8,TriggerWhenReady,0x175,,,18,16,no upstream key
0x00cfa3b8,PresetRange,0x178,,,18,16,no upstream key
0x00cfa3b8,AutoDelay,0x17c,,,18,16,no upstream key
0x00cfa3b8,NeedDamagedTarget,0x180,,,18,16,no upstream key
0x00cfa3b8,CommandTrigger,0x184,,,18,16,no upstream key
0x00cfa3b8,EnableOnModelCondition,0x188,,,18,16,no upstream key
0x00cfa3b8,DisableOnModelCondition,0x1b0,,,18,16,no upstream key
0x00cfb5e0,1,0x10,CommandSet,m_command,18,18,
0x00cfb5e0,2,0x10,CommandSet,m_command,18,18,
0x00cfb5e0,3,0x10,CommandSet,m_command,18,18,
0x00cfb5e0,4,0x10,CommandSet,m_command,18,18,
0x00cfb5e0,5,0x10,CommandSet,m_command,18,18,
0x00cfb5e0,6,0x10,CommandSet,m_command,18,18,
0x00cfb5e0,7,0x10,CommandSet,m_command,18,18,
0x00cfb5e0,8,0x10,CommandSet,m_command,18,18,
0x00cfb5e0,9,0x10,CommandSet,m_command,18,18,
0x00cfb5e0,10,0x10,CommandSet,m_command,18,18,
0x00cfb5e0,11,0x10,CommandSet,m_command,18,18,
0x00cfb5e0,12,0x10,CommandSet,m_command,18,18,
0x00cfb5e0,13,0x10,CommandSet,m_command,18,18,
0x00cfb5e0,14,0x10,CommandSet,m_command,18,18,
0x00cfb5e0,15,0x10,CommandSet,m_command,18,18,
0x00cfb5e0,16,0x10,CommandSet,m_command,18,18,
0x00cfb5e0,17,0x10,CommandSet,m_command,18,18,
0x00cfb5e0,18,0x10,CommandSet,m_command,18,18,
0x00cfb5e0,19,0x10,,,18,18,no upstream key
0x00cfb5e0,20,0x10,,,18,18,no upstream key
0x00cfc390,AltPosition,0x1c,ResizerWindow,m_altPos,2,2,
0x00cfc390,AltSize,0x14,ResizerWindow,m_altSize,2,2,
0x00cfc430,ImagePart,0x0,,,65,64,no upstream key
0x00cfc430,AnimatingPart,0x0,,,65,64,no upstream key
0x00cfc430,ScreenCreationRes,0x4,ControlBarScheme,m_ScreenCreationRes,65,64,
0x00cfc430,Side,0xc,ControlBarScheme,m_side,65,64,vote picked from EvaSideSounds::m_side|PlayerTemplate::m_side|ThingTemplate::m_defaultOwningSide
0x00cfc430,QueueButtonImage,0x10,ControlBarScheme,m_buttonQueueImage,65,64,
0x00cfc430,RightHUDImage,0x14,ControlBarScheme,m_rightHUDImage,65,64,
0x00cfc430,BuildUpClockColor,0x18,ControlBarScheme,m_buildUpClockColor,65,64,
0x00cfc430,ButtonBorderBuildColor,0x1c,ControlBarScheme,m_borderBuildColor,65,64,
0x00cfc430,CommandBarBorderColor,0x30,ControlBarScheme,m_commandBarBorderColor,65,64,
0x00cfc430,ButtonBorderActionColor,0x20,ControlBarScheme,m_borderActionColor,65,64,
0x00cfc430,ButtonBorderUpgradeColor,0x24,ControlBarScheme,m_borderUpgradeColor,65,64,
0x00cfc430,ButtonBorderSystemColor,0x28,ControlBarScheme,m_borderSystemColor,65,64,
0x00cfc430,ButtonBorderAlteredColor,0x2c,,,65,64,no upstream key
0x00cfc430,OptionsButtonEnable,0x34,ControlBarScheme,m_optionsButtonEnable,65,64,
0x00cfc430,OptionsButtonHightlited,0x38,ControlBarScheme,m_optionsButtonHightlited,65,64,
0x00cfc430,OptionsButtonPushed,0x3c,ControlBarScheme,m_optionsButtonPushed,65,64,
0x00cfc430,OptionsButtonDisabled,0x40,ControlBarScheme,m_optionsButtonDisabled,65,64,
0x00cfc430,IdleWorkerButtonEnable,0x44,ControlBarScheme,m_idleWorkerButtonEnable,65,64,
0x00cfc430,IdleWorkerButtonHightlited,0x48,ControlBarScheme,m_idleWorkerButtonHightlited,65,64,
0x00cfc430,IdleWorkerButtonPushed,0x4c,ControlBarScheme,m_idleWorkerButtonPushed,65,64,
0x00cfc430,IdleWorkerButtonDisabled,0x50,ControlBarScheme,m_idleWorkerButtonDisabled,65,64,
0x00cfc430,BuddyButtonEnable,0x54,ControlBarScheme,m_buddyButtonEnable,65,64,
0x00cfc430,BuddyButtonHightlited,0x58,ControlBarScheme,m_buddyButtonHightlited,65,64,
0x00cfc430,BuddyButtonPushed,0x5c,ControlBarScheme,m_buddyButtonPushed,65,64,
0x00cfc430,BuddyButtonDisabled,0x60,ControlBarScheme,m_buddyButtonDisabled,65,64,
0x00cfc430,BeaconButtonEnable,0x64,ControlBarScheme,m_beaconButtonEnable,65,64,
0x00cfc430,BeaconButtonHightlited,0x68,ControlBarScheme,m_beaconButtonHightlited,65,64,
0x00cfc430,BeaconButtonPushed,0x6c,ControlBarScheme,m_beaconButtonPushed,65,64,
0x00cfc430,BeaconButtonDisabled,0x70,ControlBarScheme,m_beaconButtonDisabled,65,64,
0x00cfc430,GenBarButtonIn,0x74,ControlBarScheme,m_genBarButtonIn,65,64,
0x00cfc430,GenBarButtonOn,0x78,ControlBarScheme,m_genBarButtonOn,65,64,
0x00cfc430,ToggleButtonUpIn,0x7c,ControlBarScheme,m_toggleButtonUpIn,65,64,
0x00cfc430,ToggleButtonUpOn,0x80,ControlBarScheme,m_toggleButtonUpOn,65,64,
0x00cfc430,ToggleButtonUpPushed,0x84,ControlBarScheme,m_toggleButtonUpPushed,65,64,
0x00cfc430,ToggleButtonDownIn,0x88,ControlBarScheme,m_toggleButtonDownIn,65,64,
0x00cfc430,ToggleButtonDownOn,0x8c,ControlBarScheme,m_toggleButtonDownOn,65,64,
0x00cfc430,ToggleButtonDownPushed,0x90,ControlBarScheme,m_toggleButtonDownPushed,65,64,
0x00cfc430,GeneralButtonEnable,0x94,ControlBarScheme,m_generalButtonEnable,65,64,
0x00cfc430,GeneralButtonHightlited,0x98,ControlBarScheme,m_generalButtonHightlited,65,64,
0x00cfc430,GeneralButtonPushed,0x9c,ControlBarScheme,m_generalButtonPushed,65,64,
0x00cfc430,GeneralButtonDisabled,0xa0,ControlBarScheme,m_generalButtonDisabled,65,64,
0x00cfc430,UAttackButtonEnable,0xa4,ControlBarScheme,m_uAttackButtonEnable,65,64,
0x00cfc430,UAttackButtonHightlited,0xa8,ControlBarScheme,m_uAttackButtonHightlited,65,64,
0x00cfc430,UAttackButtonPushed,0xac,ControlBarScheme,m_uAttackButtonPushed,65,64,
0x00cfc430,GenArrow,0xbc,ControlBarScheme,m_genArrow,65,64,
0x00cfc430,MinMaxButtonEnable,0xb0,ControlBarScheme,m_minMaxButtonEnable,65,64,
0x00cfc430,MinMaxButtonHightlited,0xb4,ControlBarScheme,m_minMaxButtonHightlited,65,64,
0x00cfc430,MinMaxButtonPushed,0xb8,ControlBarScheme,m_minMaxButtonPushed,65,64,
0x00cfc430,MinMaxUL,0xd0,ControlBarScheme,m_minMaxUL,65,64,
0x00cfc430,MinMaxLR,0xd8,ControlBarScheme,m_minMaxLR,65,64,
0x00cfc430,GeneralUL,0xe0,ControlBarScheme,m_generalUL,65,64,
0x00cfc430,GeneralLR,0xe8,ControlBarScheme,m_generalLR,65,64,
0x00cfc430,UAttackUL,0xf0,ControlBarScheme,m_uAttackUL,65,64,
0x00cfc430,UAttackLR,0xf8,ControlBarScheme,m_uAttackLR,65,64,
0x00cfc430,OptionsUL,0x100,ControlBarScheme,m_optionsUL,65,64,
0x00cfc430,OptionsLR,0x108,ControlBarScheme,m_optionsLR,65,64,
0x00cfc430,WorkerUL,0x110,ControlBarScheme,m_workerUL,65,64,
0x00cfc430,WorkerLR,0x118,ControlBarScheme,m_workerLR,65,64,
0x00cfc430,ChatUL,0x120,ControlBarScheme,m_chatUL,65,64,
0x00cfc430,ChatLR,0x128,ControlBarScheme,m_chatLR,65,64,
0x00cfc430,BeaconUL,0x130,ControlBarScheme,m_beaconUL,65,64,
0x00cfc430,BeaconLR,0x138,ControlBarScheme,m_beaconLR,65,64,
0x00cfc430,PowerBarUL,0x140,ControlBarScheme,m_powerBarUL,65,64,
0x00cfc430,PowerBarLR,0x148,ControlBarScheme,m_powerBarLR,65,64,
0x00cfc430,MoneyUL,0xc0,ControlBarScheme,m_moneyUL,65,64,
0x00cfc430,MoneyLR,0xc8,ControlBarScheme,m_moneyLR,65,64,
0x00cfc430,CommandMarkerImage,0x154,ControlBarScheme,m_commandMarkerImage,65,64,
0x00cfc430,ExpBarForegroundImage,0x150,ControlBarScheme,m_expBarForeground,65,64,
0x00cfcf58,Position,0x4,ControlBarSchemeImage,m_position,4,1,vote picked from ShellMenuSchemeImage::m_position
0x00cfcf58,Size,0xc,ControlBarSchemeImage,m_size,4,1,vote picked from ParticleSystemTemplate::m_startSize|ShellMenuSchemeImage::m_size
0x00cfcf58,ImageName,0x14,ControlBarSchemeImage,m_image,4,1,vote picked from ShellMenuSchemeImage::m_image
0x00cfcf58,Layer,0x18,ControlBarSchemeImage,m_layer,4,1,
0x00cfd030,Position,0x4,ControlBarSchemeImage,m_position,4,1,vote picked from ShellMenuSchemeImage::m_position
0x00cfd030,Size,0xc,ControlBarSchemeImage,m_size,4,1,vote picked from ParticleSystemTemplate::m_startSize|ShellMenuSchemeImage::m_size
0x00cfd030,ImageName,0x14,ControlBarSchemeImage,m_image,4,1,vote picked from ShellMenuSchemeImage::m_image
0x00cfd030,Layer,0x18,ControlBarSchemeImage,m_layer,4,1,
0x00cfd0a8,Name,0x0,ControlBarSchemeAnimation,m_name,4,3,vote picked from BuildListInfo::m_buildingName|ParticleSystemFXNugget::m_name|RayEffectFXNugget::m_templateName|SoundFXNugget::m_soundName
0x00cfd0a8,Animation,0x4,ControlBarSchemeAnimation,m_animType,4,3,vote picked from ModelConditionInfo::m_animations
0x00cfd0a8,Duration,0xc,ControlBarSchemeAnimation,m_animDuration,4,3,
0x00cfd0a8,FinalPos,0x10,ControlBarSchemeAnimation,m_finalPos,4,3,
0x00cfd0a8,ImagePart,0x0,,,4,3,no upstream key
0x00d0b5f0,ImagePart,0x0,,,0,0,no upstream key
0x00d0b5f0,LinePart,0x0,,,0,0,no upstream key
0x00d0b638,Position,0x4,,,3,0,ambiguous: ControlBarSchemeImage::m_position|ShellMenuSchemeImage::m_position
0x00d0b638,Size,0xc,,,3,0,ambiguous: ControlBarSchemeImage::m_size|ParticleSystemTemplate::m_startSize|ShellMenuSchemeImage::m_size
0x00d0b638,ImageName,0x14,,,3,0,ambiguous: ControlBarSchemeImage::m_image|ShellMenuSchemeImage::m_image
0x00d0b6a0,StartPosition,0x0,ShellMenuSchemeLine,m_startPos,4,2,
0x00d0b6a0,EndPosition,0x8,ShellMenuSchemeLine,m_endPos,4,2,
0x00d0b6a0,Color,0x14,ShellMenuSchemeLine,m_color,4,2,vote picked from LightPulseFXNugget::m_color|RadiusDecalTemplate::m_color|TracerFXNugget::m_color
0x00d0b6a0,Width,0x10,ShellMenuSchemeLine,m_width,4,2,vote picked from TracerFXNugget::m_width|W3DProjectileStreamDrawModuleData::m_width
0x00d0b898,FlagObj,0x0,,,0,0,no upstream key
0x00d0b898,GlowObj,0x4,,,0,0,no upstream key
0x00d0b898,WipeMovie,0x8,,,0,0,no upstream key
0x00d0b898,WipeFrame,0xc,,,0,0,no upstream key
0x00d0b918,Name,0x0,,,1,0,ambiguous: BuildListInfo::m_buildingName|ControlBarSchemeAnimation::m_name|ParticleSystemFXNugget::m_name|RayEffectFXNugget::m_templateName|SoundFXNugget::m_soundName
0x00d0b918,PluralName,0x4,,,1,0,no upstream key
0x00d0b918,Filter,0x8,,,1,0,no upstream key
0x00d0b984,HeroFilter,0x1c,,,0,0,no upstream key
0x00d0b984,UnitCategory,0x20,,,0,0,no upstream key
0x00d0c6cc,StartFrame,0x10,,,0,0,no upstream key
0x00d0c6cc,EndFrame,0x14,,,0,0,no upstream key
0x00d0c7c8,StartFrame,0x10,,,0,0,no upstream key
0x00d0c7c8,EndFrame,0x14,,,0,0,no upstream key
0x00d0c7c8,FadeInUnfrozenSounds,0x18,,,0,0,no upstream key
0x00d0c83c,StartFrame,0x10,,,0,0,no upstream key
0x00d0c83c,EndFrame,0x14,,,0,0,no upstream key
0x00d0c8c0,FadeImage,0x30,,,0,0,no upstream key
0x00d0c8c0,CrossFadeImage,0x34,,,0,0,no upstream key
0x00d0c8c0,StartFrame,0x10,,,0,0,no upstream key
0x00d0c8c0,EndFrame,0x14,,,0,0,no upstream key
0x00d0c948,FadeImage,0x30,,,0,0,no upstream key
0x00d0c948,StartFrame,0x10,,,0,0,no upstream key
0x00d0c948,EndFrame,0x14,,,0,0,no upstream key
0x00d0c9bc,StartFrame,0x10,,,0,0,no upstream key
0x00d0c9bc,EndFrame,0x14,,,0,0,no upstream key
0x00d0ca40,StartFrame,0x10,,,0,0,no upstream key
0x00d0ca40,EndFrame,0x14,,,0,0,no upstream key
0x00d0cba0,StartFrame,0x10,,,0,0,no upstream key
0x00d0cba0,EndFrame,0x14,,,0,0,no upstream key
0x00d0cba0,FadeColor,0x30,,,0,0,no upstream key
0x00d0cc38,StartFrame,0x10,,,0,0,no upstream key
0x00d0cc38,EndFrame,0x14,,,0,0,no upstream key
0x00d0cc38,ViewsToFade,0x18,,,0,0,no upstream key
0x00d0cc38,LeaveSilent,0x1c,,,0,0,no upstream key
0x00d0ccc0,StartFrame,0x10,,,0,0,no upstream key
0x00d0ccc0,EndFrame,0x14,,,0,0,no upstream key
0x00d0cd24,StartFrame,0x10,,,0,0,no upstream key
0x00d0cd24,EndFrame,0x14,,,0,0,no upstream key
0x00d0d070,CursorText,0x4,CursorInfo,cursorText,21,8,sole candidate; table votes Mouse
0x00d0d070,CursorTextColor,0x8,CursorInfo,cursorTextColor,21,8,sole candidate; table votes Mouse
0x00d0d070,CursorTextDropColor,0x18,CursorInfo,cursorTextDropColor,21,8,sole candidate; table votes Mouse
0x00d0d070,W3DModel,0x30,CursorInfo,W3DModelName,21,8,sole candidate; table votes Mouse
0x00d0d070,W3DAnim,0x34,CursorInfo,W3DAnimName,21,8,sole candidate; table votes Mouse
0x00d0d070,W3DScale,0x38,CursorInfo,W3DScale,21,8,sole candidate; table votes Mouse
0x00d0d070,Loop,0x3c,CursorInfo,loop,21,8,sole candidate; table votes Mouse
0x00d0d070,Image,0x2c,CursorInfo,imageName,21,8,sole candidate; table votes Mouse
0x00d0d070,Texture,0x28,,,21,8,ambiguous: CursorInfo::textureName|Image::m_filename|RadiusDecalTemplate::m_name|TerrainRoadType::m_texture|TerrainType::m_texture|W3DLaserDrawModuleData::m_textureName|W3DProjectileStreamDrawModuleData::m_textureName
0x00d0d070,HotSpot,0x40,CursorInfo,hotSpotPosition,21,8,sole candidate; table votes Mouse
0x00d0d070,Frames,0x48,CursorInfo,numFrames,21,8,sole candidate; table votes Mouse
0x00d0d070,FPS,0x4c,CursorInfo,fps,21,8,sole candidate; table votes Mouse
0x00d0d070,Directions,0x50,CursorInfo,numDirections,21,8,sole candidate; table votes Mouse
0x00d0d070,TooltipFontName,0x1070,Mouse,m_tooltipFontName,21,8,vote picked from GlobalLanguage::m_tooltipFontName
0x00d0d070,TooltipFontSize,0x1074,Mouse,m_tooltipFontSize,21,8,
0x00d0d070,TooltipFontIsBold,0x1078,Mouse,m_tooltipFontIsBold,21,8,
0x00d0d070,TooltipAnimateBackground,0x1079,Mouse,m_tooltipAnimateBackground,21,8,
0x00d0d070,TooltipFillTime,0x107c,Mouse,m_tooltipFillTime,21,8,
0x00d0d070,TooltipDelayTime,0x1080,Mouse,m_tooltipDelayTime,21,8,
0x00d0d070,TooltipTextColor,0x1090,Mouse,m_tooltipColorText,21,8,
0x00d0d070,TooltipHighlightColor,0x10a0,Mouse,m_tooltipColorHighlight,21,8,
0x00d0d070,TooltipShadowColor,0x10b0,Mouse,m_tooltipColorShadow,21,8,
0x00d0d070,TooltipBackgroundColor,0x10c0,Mouse,m_tooltipColorBackground,21,8,
0x00d0d070,TooltipBorderColor,0x10d0,Mouse,m_tooltipColorBorder,21,8,
0x00d0d070,TooltipWidth,0x1084,Mouse,m_tooltipWidth,21,8,
0x00d0d070,CursorMode,0x10e0,Mouse,m_currentRedrawMode,21,8,
0x00d0d070,UseTooltipAltTextColor,0x10e4,Mouse,m_useTooltipAltTextColor,21,8,
0x00d0d070,UseTooltipAltBackColor,0x10e5,Mouse,m_useTooltipAltBackColor,21,8,
0x00d0d070,AdjustTooltipAltColor,0x10e6,Mouse,m_adjustTooltipAltColor,21,8,
0x00d0d070,OrthoCamera,0x10e7,Mouse,m_orthoCamera,21,8,
0x00d0d070,OrthoZoom,0x10e8,Mouse,m_orthoZoom,21,8,
0x00d0d070,DragTolerance,0x10ec,Mouse,m_dragTolerance,21,8,
0x00d0d070,DragTolerance3D,0x10f0,Mouse,m_dragTolerance3D,21,8,
0x00d0d070,DragToleranceMS,0x10f4,Mouse,m_dragToleranceMS,21,8,
0x00d0e570,Key,0x8,MetaMapRec,m_key,7,5,
0x00d0e570,Transition,0xc,MetaMapRec,m_transition,7,5,
0x00d0e570,Modifiers,0x10,MetaMapRec,m_modState,7,5,
0x00d0e570,UseableIn,0x14,MetaMapRec,m_usableIn,7,5,
0x00d0e570,Category,0x18,MetaMapRec,m_category,7,5,
0x00d0e570,Description,0x1c,MetaMapRec,m_description,7,5,vote picked from ScienceInfo::m_description
0x00d0e570,DisplayName,0x20,MetaMapRec,m_displayName,7,5,vote picked from PlayerTemplate::m_displayName|ScienceInfo::m_name|ThingTemplate::m_displayName|UpgradeTemplate::m_displayNameLabel
0x00d0f0f0,NumberImages,0x0,,,3,2,no upstream key
0x00d0f0f0,Image,0x0,CursorInfo,imageName,3,2,sole candidate; table votes Anim2DTemplate
0x00d0f0f0,ImageSequence,0x0,,,3,2,no upstream key
0x00d0f0f0,AnimationMode,0x14,Anim2DTemplate,m_animMode,3,2,vote picked from ModelConditionInfo::m_mode
0x00d0f0f0,AnimationDelay,0x12,Anim2DTemplate,m_framesBetweenUpdates,3,2,
0x00d0f0f0,RandomizeStartFrame,0x18,Anim2DTemplate,m_randomizeStartFrame,3,2,
0x00d0f590,Mission,0x0,,,3,3,no upstream key
0x00d0f590,FirstMission,0x8,Campaign,m_firstMission,3,3,
0x00d0f590,CampaignNameLabel,0xc,Campaign,m_campaignNameLabel,3,3,
0x00d0f590,FinalVictoryMovie,0x14,Campaign,m_finalMovieName,3,3,
0x00d0f778,Map,0x8,Mission,m_mapName,14,14,
0x00d0f778,NextMission,0xc,Mission,m_nextMission,14,14,
0x00d0f778,IntroMovie,0x10,Mission,m_movieLabel,14,14,
0x00d0f778,ObjectiveLine0,0x14,Mission,m_missionObjectivesLabel,14,14,
0x00d0f778,ObjectiveLine1,0x18,Mission,m_missionObjectivesLabel,14,14,
0x00d0f778,ObjectiveLine2,0x1c,Mission,m_missionObjectivesLabel,14,14,
0x00d0f778,ObjectiveLine3,0x20,Mission,m_missionObjectivesLabel,14,14,
0x00d0f778,ObjectiveLine4,0x24,Mission,m_missionObjectivesLabel,14,14,
0x00d0f778,BriefingVoice,0x28,Mission,m_briefingVoice,14,14,
0x00d0f778,UnitNames0,0x9c,Mission,m_unitNames,14,14,
0x00d0f778,UnitNames1,0xa0,Mission,m_unitNames,14,14,
0x00d0f778,UnitNames2,0xa4,Mission,m_unitNames,14,14,
0x00d0f778,LocationNameLabel,0x98,Mission,m_locationNameLabel,14,14,
0x00d0f778,VoiceLength,0xa8,Mission,m_voiceLength,14,14,
0x00d0f92c,System,0x0,,,0,0,no upstream key
0x00d0ff08,Texture,0x8,Image,m_filename,5,4,vote picked from CursorInfo::textureName|RadiusDecalTemplate::m_name|TerrainRoadType::m_texture|TerrainType::m_texture|W3DLaserDrawModuleData::m_textureName|W3DProjectileStreamDrawModuleData::m_textureName
0x00d0ff08,TextureWidth,0xc,Image,m_textureSize,5,4,
0x00d0ff08,TextureHeight,0x10,Image,m_textureSize,5,4,
0x00d0ff08,Coords,0x14,Image,m_UVCoords,5,4,
0x00d0ff08,Status,0x30,Image,m_status,5,4,
0x00d13360,Alpha1,0xc,ParticleSystemTemplate,m_alphaKey,8,8,
0x00d13360,Alpha2,0x1c,ParticleSystemTemplate,m_alphaKey,8,8,
0x00d13360,Alpha3,0x2c,ParticleSystemTemplate,m_alphaKey,8,8,
0x00d13360,Alpha4,0x3c,ParticleSystemTemplate,m_alphaKey,8,8,
0x00d13360,Alpha5,0x4c,ParticleSystemTemplate,m_alphaKey,8,8,
0x00d13360,Alpha6,0x5c,ParticleSystemTemplate,m_alphaKey,8,8,
0x00d13360,Alpha7,0x6c,ParticleSystemTemplate,m_alphaKey,8,8,
0x00d13360,Alpha8,0x7c,ParticleSystemTemplate,m_alphaKey,8,8,
0x00d13460,Color1,0xc,ParticleSystemTemplate,m_colorKey,9,9,
0x00d13460,Color2,0x1c,ParticleSystemTemplate,m_colorKey,9,9,
0x00d13460,Color3,0x2c,ParticleSystemTemplate,m_colorKey,9,9,
0x00d13460,Color4,0x3c,ParticleSystemTemplate,m_colorKey,9,9,
0x00d13460,Color5,0x4c,ParticleSystemTemplate,m_colorKey,9,9,
0x00d13460,Color6,0x5c,ParticleSystemTemplate,m_colorKey,9,9,
0x00d13460,Color7,0x6c,ParticleSystemTemplate,m_colorKey,9,9,
0x00d13460,Color8,0x7c,ParticleSystemTemplate,m_colorKey,9,9,
0x00d13460,ColorScale,0x8c,ParticleSystemTemplate,m_colorScale,9,9,
0x00d136e8,OffsetX,0xc,,,1,1,no upstream key
0x00d136e8,OffsetY,0x18,,,1,1,no upstream key
0x00d136e8,OffsetZ,0x24,StickyBombUpdateModuleData,m_offsetZ,1,1,
0x00d136e8,MultiChance,0x30,,,1,1,no upstream key
0x00d136e8,TileTexture,0x34,,,1,1,no upstream key
0x00d138b0,MultiRenderObjects,0x14,,,1,1,no upstream key
0x00d138b0,RenderGroup1,0x18,,,1,1,no upstream key
0x00d138b0,NumObjects1,0x1c,,,1,1,no upstream key
0x00d138b0,Percent1,0x20,,,1,1,no upstream key
0x00d138b0,Shader1,0x24,,,1,1,no upstream key
0x00d138b0,RenderGroup2,0x28,,,1,1,no upstream key
0x00d138b0,NumObjects2,0x2c,,,1,1,no upstream key
0x00d138b0,Percent2,0x30,,,1,1,no upstream key
0x00d138b0,Shader2,0x34,,,1,1,no upstream key
0x00d138b0,RenderGroup3,0x38,,,1,1,no upstream key
0x00d138b0,NumObjects3,0x3c,,,1,1,no upstream key
0x00d138b0,Percent3,0x40,,,1,1,no upstream key
0x00d138b0,Shader3,0x44,,,1,1,no upstream key
0x00d138b0,SinkOnTerrainCollision,0xc,,,1,1,no upstream key
0x00d138b0,SinkRate,0x10,SlowDeathBehaviorModuleData,m_sinkRate,1,1,
0x00d13a88,IsHollow,0xc,ParticleSystemTemplate,m_isEmissionVolumeHollow,1,1,
0x00d13a88,HalfSize,0x10,,,1,1,no upstream key
0x00d13b90,Radial,0xc,,,0,0,no upstream key
0x00d13b90,Normal,0x18,,,0,0,no upstream key
0x00d13ca0,IsHollow,0xc,ParticleSystemTemplate,m_isEmissionVolumeHollow,2,1,sole candidate; table votes ParticleSystemFXNugget
0x00d13ca0,Radius,0x10,ParticleSystemFXNugget,m_radius,2,1,vote picked from AutoHealBehaviorModuleData::m_radius|HordeUpdateModuleData::m_minDist|LightPulseFXNugget::m_radius|PropagandaTowerBehaviorModuleData::m_scanRadius|TerrainScorchFXNugget::m_radius
0x00d13ca0,Length,0x14,TracerFXNugget,m_length,2,1,sole candidate; table votes ParticleSystemFXNugget
0x00d13ca0,Offset,0x18,ParticleSystemFXNugget,m_offset,2,1,vote picked from GenericObjectCreationNugget::m_offset
0x00d13e30,IsHollow,0xc,ParticleSystemTemplate,m_isEmissionVolumeHollow,1,1,
0x00d13e30,StartPoint,0x10,,,1,1,no upstream key
0x00d13e30,EndPoint,0x1c,,,1,1,no upstream key
0x00d13f40,X,0xc,,,0,0,no upstream key
0x00d13f40,Y,0x18,,,0,0,no upstream key
0x00d13f40,Z,0x24,,,0,0,no upstream key
0x00d13fe4,Speed,0xc,,,1,0,ambiguous: LocomotorTemplate::m_maxSpeed|TracerFXNugget::m_speed
0x00d13fe4,OtherSpeed,0x18,,,1,0,no upstream key
0x00d14060,IsHollow,0xc,ParticleSystemTemplate,m_isEmissionVolumeHollow,1,1,
0x00d140d8,Speed,0xc,,,1,0,ambiguous: LocomotorTemplate::m_maxSpeed|TracerFXNugget::m_speed
0x00d14144,IsHollow,0xc,ParticleSystemTemplate,m_isEmissionVolumeHollow,1,0,sole candidate; table vote decided nothing
0x00d14144,Radius,0x10,,,1,0,ambiguous: AutoHealBehaviorModuleData::m_radius|HordeUpdateModuleData::m_minDist|LightPulseFXNugget::m_radius|ParticleSystemFXNugget::m_radius|PropagandaTowerBehaviorModuleData::m_scanRadius|TerrainScorchFXNugget::m_radius
0x00d14300,StartPoint,0x10,,,0,0,no upstream key
0x00d14300,EndPoint,0x1c,,,0,0,no upstream key
0x00d14300,Amplitude1,0x28,,,0,0,no upstream key
0x00d14300,Frequency1,0x34,,,0,0,no upstream key
0x00d14300,Phase1,0x40,,,0,0,no upstream key
0x00d14300,Amplitude2,0x4c,,,0,0,no upstream key
0x00d14300,Frequency2,0x58,,,0,0,no upstream key
0x00d14300,Phase2,0x64,,,0,0,no upstream key
0x00d14300,Amplitude3,0x70,,,0,0,no upstream key
0x00d14300,Frequency3,0x7c,,,0,0,no upstream key
0x00d14300,Phase3,0x88,,,0,0,no upstream key
0x00d14450,EventTime,0x14,,,0,0,no upstream key
0x00d14450,EventFX,0x10,,,0,0,no upstream key
0x00d14450,PerParticle,0x8,,,0,0,no upstream key
0x00d14450,KillAfterEvent,0x9,,,0,0,no upstream key
0x00d14518,HeightOffset,0x14,,,0,0,no upstream key
0x00d14518,EventFX,0x10,,,0,0,no upstream key
0x00d14518,OrientFXToTerrain,0x20,,,0,0,no upstream key
0x00d14518,PerParticle,0x8,,,0,0,no upstream key
0x00d14518,KillAfterEvent,0x9,,,0,0,no upstream key
0x00d145b0,Gravity,0x18,ParticleSystemTemplate,m_gravity,3,2,vote picked from GlobalData::m_gravity
0x00d145b0,VelocityDamping,0x1c,ParticleSystemTemplate,m_velDamping,3,2,
0x00d145b0,DriftVelocity,0xc,ParticleSystemTemplate,m_driftVelocity,3,2,
0x00d14768,WindMotion,0xc,ParticleSystemTemplate,m_windMotion,7,7,
0x00d14768,WindStrength,0x10,,,7,7,no upstream key
0x00d14768,WindFullStrengthDist,0x14,,,7,7,no upstream key
0x00d14768,WindZeroStrengthDist,0x18,,,7,7,no upstream key
0x00d14768,WindAngleChangeMin,0x24,ParticleSystemTemplate,m_windAngleChangeMin,7,7,
0x00d14768,WindAngleChangeMax,0x28,ParticleSystemTemplate,m_windAngleChangeMax,7,7,
0x00d14768,WindPingPongStartAngleMin,0x30,ParticleSystemTemplate,m_windMotionStartAngleMin,7,7,
0x00d14768,WindPingPongStartAngleMax,0x34,ParticleSystemTemplate,m_windMotionStartAngleMax,7,7,
0x00d14768,WindPingPongEndAngleMin,0x3c,ParticleSystemTemplate,m_windMotionEndAngleMin,7,7,
0x00d14768,WindPingPongEndAngleMax,0x40,ParticleSystemTemplate,m_windMotionEndAngleMax,7,7,
0x00d14768,TurbulenceAmplitude,0x48,,,7,7,no upstream key
0x00d14768,TurbulenceFrequency,0x4c,,,7,7,no upstream key
0x00d14958,SizeRate,0xc,ParticleSystemTemplate,m_sizeRate,5,5,
0x00d14958,SizeRateDamping,0x18,ParticleSystemTemplate,m_sizeRateDamping,5,5,
0x00d14958,AngleZ,0x24,ParticleSystemTemplate,m_angleZ,5,5,
0x00d14958,AngularRateZ,0x30,ParticleSystemTemplate,m_angularRateZ,5,5,
0x00d14958,AngularDamping,0x3c,ParticleSystemTemplate,m_angularDamping,5,5,
0x00d14958,Rotation,0x48,,,5,5,no upstream key
0x00d14aa0,StartSizeX,0xc,,,3,3,no upstream key
0x00d14aa0,StartSizeY,0x18,,,3,3,no upstream key
0x00d14aa0,StartSizeZ,0x24,,,3,3,no upstream key
0x00d14aa0,SizeRateX,0x30,,,3,3,no upstream key
0x00d14aa0,SizeRateY,0x3c,,,3,3,no upstream key
0x00d14aa0,SizeRateZ,0x48,,,3,3,no upstream key
0x00d14aa0,SizeDampingX,0x54,,,3,3,no upstream key
0x00d14aa0,SizeDampingY,0x60,,,3,3,no upstream key
0x00d14aa0,SizeDampingZ,0x6c,,,3,3,no upstream key
0x00d14aa0,AngleZ,0x78,ParticleSystemTemplate,m_angleZ,3,3,
0x00d14aa0,AngularRateZ,0x84,ParticleSystemTemplate,m_angularRateZ,3,3,
0x00d14aa0,AngularDamping,0x90,ParticleSystemTemplate,m_angularDamping,3,3,
0x00d14aa0,Rotation,0x9c,,,3,3,no upstream key
0x00d14bb0,Texture,0x38,TerrainRoadType,m_texture,3,2,vote picked from CursorInfo::textureName|Image::m_filename|RadiusDecalTemplate::m_name|TerrainType::m_texture|W3DLaserDrawModuleData::m_textureName|W3DProjectileStreamDrawModuleData::m_textureName
0x00d14bb0,RoadWidth,0x14,TerrainRoadType,m_roadWidth,3,2,
0x00d14bb0,RoadWidthInTexture,0x18,TerrainRoadType,m_roadWidthInTexture,3,2,
0x00d14bf0,BridgeScale,0x1c,TerrainRoadType,m_bridgeScale,20,19,
0x00d14bf0,ScaffoldObjectName,0x20,TerrainRoadType,m_scaffoldObjectName,20,19,
0x00d14bf0,ScaffoldSupportObjectName,0x24,TerrainRoadType,m_scaffoldSupportObjectName,20,19,
0x00d14bf0,RadarColor,0x28,TerrainRoadType,m_radarColor,20,19,
0x00d14bf0,TransitionEffectsHeight,0x144,TerrainRoadType,m_transitionEffectsHeight,20,19,
0x00d14bf0,NumFXPerType,0x148,TerrainRoadType,m_numFXPerType,20,19,
0x00d14bf0,BridgeModelName,0x34,TerrainRoadType,m_bridgeModelName,20,19,
0x00d14bf0,Texture,0x38,TerrainRoadType,m_texture,20,19,vote picked from CursorInfo::textureName|Image::m_filename|RadiusDecalTemplate::m_name|TerrainType::m_texture|W3DLaserDrawModuleData::m_textureName|W3DProjectileStreamDrawModuleData::m_textureName
0x00d14bf0,BridgeModelNameDamaged,0x3c,TerrainRoadType,m_bridgeModelNameDamaged,20,19,
0x00d14bf0,TextureDamaged,0x40,TerrainRoadType,m_textureDamaged,20,19,
0x00d14bf0,BridgeModelNameReallyDamaged,0x44,TerrainRoadType,m_bridgeModelNameReallyDamaged,20,19,
0x00d14bf0,TextureReallyDamaged,0x48,TerrainRoadType,m_textureReallyDamaged,20,19,
0x00d14bf0,BridgeModelNameBroken,0x4c,TerrainRoadType,m_bridgeModelNameBroken,20,19,
0x00d14bf0,TextureBroken,0x50,TerrainRoadType,m_textureBroken,20,19,
0x00d14bf0,TowerObjectNameFromLeft,0x54,TerrainRoadType,m_towerObjectName,20,19,
0x00d14bf0,TowerObjectNameFromRight,0x58,TerrainRoadType,m_towerObjectName,20,19,
0x00d14bf0,TowerObjectNameToLeft,0x5c,TerrainRoadType,m_towerObjectName,20,19,
0x00d14bf0,TowerObjectNameToRight,0x60,TerrainRoadType,m_towerObjectName,20,19,
0x00d14bf0,DamagedToSound,0x68,TerrainRoadType,m_damageToSoundString,20,19,
0x00d14bf0,RepairedToSound,0xd8,TerrainRoadType,m_repairedToSoundString,20,19,
0x00d14bf0,TransitionToOCL,0x0,,,20,19,no upstream key
0x00d14bf0,TransitionToFX,0x0,,,20,19,no upstream key
0x00d15304,RadarPulseFrequency,0x8,BeaconClientUpdateModuleData,m_framesBetweenRadarPulses,2,2,
0x00d15304,RadarPulseDuration,0xc,BeaconClientUpdateModuleData,m_radarPulseDuration,2,2,
0x00d15420,MuzzleParticleSystem,0x8,LaserUpdateModuleData,m_particleSystemName,4,4,
0x00d15420,TargetParticleSystem,0x14,LaserUpdateModuleData,m_targetParticleSystemName,4,4,
0x00d15420,ParentFireBoneName,0xc,LaserUpdateModuleData,m_parentFireBoneName,4,4,
0x00d15420,ParentFireBoneOnTurret,0x10,LaserUpdateModuleData,m_parentFireBoneOnTurret,4,4,
0x00d15420,LaserLifetime,0x18,,,4,4,no upstream key
0x00d15780,AnimationSound,0x0,,,0,0,no upstream key
0x00d15780,MaxUpdateRangeCap,0x14,,,0,0,no upstream key
0x00d15814,UnitSpecificSounds,0x1dc,ThingTemplate,m_perUnitSounds,1,1,
0x00d15814,VoicePriority,0x1e8,,,1,1,no upstream key
0x00d15860,SoundState,0x0,,,0,0,no upstream key
0x00d158a8,Chance,0x1c8,,,1,1,no upstream key
0x00d158a8,RerollOnEveryFrame,0x1d1,,,1,1,no upstream key
0x00d158a8,UnitSpecificSounds,0x1bc,ThingTemplate,m_perUnitSounds,1,1,
0x00d158a8,VoicePriority,0x1cc,,,1,1,no upstream key
0x00d159e8,UnitSpecificSounds,0x1fc,ThingTemplate,m_perUnitSounds,1,1,
0x00d159e8,ExcludedUpgrades,0x3c,,,1,1,no upstream key
0x00d159e8,VoicePriority,0x208,,,1,1,no upstream key
0x00d15a9c,SoundUpgrade,0x0,,,0,0,no upstream key
0x00d15b60,Model,0xc,ModelConditionInfo,m_modelName,1,1,
0x00d15b60,Pos,0x1c,,,1,1,no upstream key
0x00d15b60,Frame,0x8,,,1,1,no upstream key
0x00d15b60,HasAnim,0x10,,,1,1,no upstream key
0x00d15b60,Xfer,0x11,,,1,1,no upstream key
0x00d15b60,Xfer,0x11,,,1,1,no upstream key
0x00d15b60,OrientAngle,0x14,,,1,1,no upstream key
0x00d15cc0,Model,0x0,ModelConditionInfo,m_modelName,1,0,sole candidate; table vote decided nothing
0x00d15cc0,Pickbox,0x4,,,1,0,no upstream key
0x00d15cc0,ZOffset,0xc,,,1,0,no upstream key
0x00d15cc0,Scale,0x10,ThingTemplate,m_assetScale,1,0,sole candidate; table vote decided nothing
0x00d15cc0,Clickable,0x14,,,1,0,no upstream key
0x00d15cc0,Hidden,0x15,,,1,0,no upstream key
0x00d15cc0,CanFade,0x16,,,1,0,no upstream key
0x00d15cc0,OrientAngle,0x18,,,1,0,no upstream key
0x00d15dc8,Object,0x0,CommandButton,m_thingTemplate,1,1,
0x00d15dc8,OnSelectedSound,0x4,,,1,1,no upstream key
0x00d15dc8,OnMoveSound,0x8,,,1,1,no upstream key
0x00d15fa0,PupilAnimObject,0x4,,,0,0,no upstream key
0x00d15fa0,PupilBeamAnimObject,0x8,,,0,0,no upstream key
0x00d15fa0,EyeDecalAnimObject,0xc,,,0,0,no upstream key
0x00d15fa0,EyeDecalBeamAnimObject,0x10,,,0,0,no upstream key
0x00d16000,MapObject,0x0,,,1,1,no upstream key
0x00d16000,CloudBorderSubObject,0x11c,,,1,1,no upstream key
0x00d16000,TextLayerSubObject,0x120,,,1,1,no upstream key
0x00d16000,Center,0x4,,,1,1,no upstream key
0x00d16000,Extent,0xc,,,1,1,no upstream key
0x00d16000,EmbersPartSys,0x20,,,1,1,no upstream key
0x00d16000,CloudPos,0x14,,,1,1,no upstream key
0x00d16000,Ambient,0x24,MusicTrack,ambient,1,1,
0x00d16000,SunDir,0x30,,,1,1,no upstream key
0x00d16000,SunRGB,0x38,,,1,1,no upstream key
0x00d16000,Accent1Dir,0x44,,,1,1,no upstream key
0x00d16000,Accent1RGB,0x4c,,,1,1,no upstream key
0x00d16000,Accent2Dir,0x58,,,1,1,no upstream key
0x00d16000,Accent2RGB,0x60,,,1,1,no upstream key
0x00d16000,GondorBanner,0x6c,,,1,1,no upstream key
0x00d16000,RohanBanner,0x70,,,1,1,no upstream key
0x00d16000,MordorBanner,0x74,,,1,1,no upstream key
0x00d16000,IsengardBanner,0x78,,,1,1,no upstream key
0x00d16000,NeutralBanner,0x7c,,,1,1,no upstream key
0x00d16000,GondorAnts,0x80,,,1,1,no upstream key
0x00d16000,RohanAnts,0x84,,,1,1,no upstream key
0x00d16000,MordorAnts,0x88,,,1,1,no upstream key
0x00d16000,IsengardAnts,0x8c,,,1,1,no upstream key
0x00d16000,NeutralAnts,0x90,,,1,1,no upstream key
0x00d16000,BattleMarker,0x94,,,1,1,no upstream key
0x00d16000,PalantirMarker,0x98,,,1,1,no upstream key
0x00d16000,BattleMarkerCreatedSound,0xe8,,,1,1,no upstream key
0x00d16000,EnterMapSound,0xec,,,1,1,no upstream key
0x00d16000,BannerScaleSpeed,0x9c,,,1,1,no upstream key
0x00d16000,BannerMaxScale,0xa0,,,1,1,no upstream key
0x00d16000,BannerTiltAngle,0xa4,,,1,1,no upstream key
0x00d16000,BannerHeight,0xa8,,,1,1,no upstream key
0x00d16000,ArmyHeight,0xac,,,1,1,no upstream key
0x00d16000,BeaconHeight,0xb0,,,1,1,no upstream key
0x00d16000,AnimRays,0xb4,,,1,1,no upstream key
0x00d16000,AnimRaysPartSys,0xb8,,,1,1,no upstream key
0x00d16000,AnimRaysPartSysOffset,0xbc,,,1,1,no upstream key
0x00d16000,AnimRaysColor,0xc8,,,1,1,no upstream key
0x00d16000,AnimRaysColorScale,0xd4,,,1,1,no upstream key
0x00d16000,AnimRaysEffectShells,0xd8,,,1,1,no upstream key
0x00d16000,AnimRaysEffectDiameter,0xdc,,,1,1,no upstream key
0x00d16000,AnimRaysEffectLifetime,0xe0,,,1,1,no upstream key
0x00d16000,AnimRaysCreateSound,0xe4,,,1,1,no upstream key
0x00d16000,AnimCloud,0xf0,,,1,1,no upstream key
0x00d16000,AnimCloudPartSys,0xf4,,,1,1,no upstream key
0x00d16000,NumAnimClouds,0xf8,,,1,1,no upstream key
0x00d16000,AnimCloudLifetime,0x114,,,1,1,no upstream key
0x00d16000,AnimCloudRegionMin,0xfc,,,1,1,no upstream key
0x00d16000,AnimCloudRegionMax,0x108,,,1,1,no upstream key
0x00d16000,MordorCloud,0x118,,,1,1,no upstream key
0x00d16000,CloudGrowthPos,0x124,,,1,1,no upstream key
0x00d16000,CloudGrowthRate,0x130,,,1,1,no upstream key
0x00d16000,CloudInitialSize,0x134,,,1,1,no upstream key
0x00d16000,CloudGrowthSize,0x13c,,,1,1,no upstream key
0x00d16000,CloudInitialOpacity,0x138,,,1,1,no upstream key
0x00d16000,CameraBoundX,0x144,,,1,1,no upstream key
0x00d16000,CameraBoundY,0x148,,,1,1,no upstream key
0x00d16000,ShadowColor,0x14c,,,1,1,no upstream key
0x00d16000,EnableMapShadows,0x158,,,1,1,no upstream key
0x00d16000,ArmySelectedIconObject,0x15c,,,1,1,no upstream key
0x00d16000,ArmyHilightedIconObject,0x160,,,1,1,no upstream key
0x00d16000,ArmySelectedFadeInStart,0x164,,,1,1,no upstream key
0x00d16000,ArmySelectedFadeInEnd,0x168,,,1,1,no upstream key
0x00d16000,ArmySelectedFadeOutStart,0x16c,,,1,1,no upstream key
0x00d16000,ArmySelectedFadeOutEnd,0x170,,,1,1,no upstream key
0x00d16000,ArmyHilightedFadeInTime,0x174,,,1,1,no upstream key
0x00d16000,ArmyHilightedFadeOutTime,0x178,,,1,1,no upstream key
0x00d16000,ArmySoldierLarge,0x17c,,,1,1,no upstream key
0x00d16000,ArmySoldierMedium,0x180,,,1,1,no upstream key
0x00d16000,ArmySoldierSmall,0x184,,,1,1,no upstream key
0x00d16000,EyeTower,0x0,,,1,1,no upstream key
0x00d16d18,ObjectType,0xc,,,0,0,no upstream key
0x00d16d18,DefaultFlashValue,0x10,,,0,0,no upstream key
0x00d16d18,FlashVariation,0x14,,,0,0,no upstream key
0x00d16d70,MapName,0x8,GlobalData,m_mapName,1,0,sole candidate; table vote decided nothing
0x00d16d70,DisplayName,0x10,,,1,0,ambiguous: MetaMapRec::m_displayName|PlayerTemplate::m_displayName|ScienceInfo::m_name|ThingTemplate::m_displayName|UpgradeTemplate::m_displayNameLabel
0x00d16d70,ConqueredNotice,0xc,,,1,0,no upstream key
0x00d16d70,MovieNameFirstTime,0x14,,,1,0,no upstream key
0x00d16d70,MovieNameRepeat,0x18,,,1,0,no upstream key
0x00d16d70,SkirmishStillImage,0x1c,,,1,0,no upstream key
0x00d16d70,SkirmishVoiceTrack,0x20,,,1,0,no upstream key
0x00d16d70,SkirmishMusicTrack,0x24,,,1,0,no upstream key
0x00d16d70,SubObject,0x28,,,1,0,no upstream key
0x00d16d70,RegionBonus,0x2c,,,1,0,no upstream key
0x00d16d70,SkirmishOpponent,0x0,,,1,0,no upstream key
0x00d16d70,ConnectsTo,0x0,,,1,0,no upstream key
0x00d16d70,OnWinActSubroutine,0x3c,,,1,0,no upstream key
0x00d16d70,RegionPortrait,0x40,,,1,0,no upstream key
0x00d16d70,ArmyPlacementPos,0x44,,,1,0,no upstream key
0x00d16d70,UnpackCamps,0x50,,,1,0,no upstream key
0x00d16d70,MissionObjectiveTag,0x54,,,1,0,no upstream key
0x00d16d70,BonusMissionObjectiveTag,0x60,,,1,0,no upstream key
0x00d16d70,CustomCenterPoint,0x74,,,1,0,no upstream key
0x00d16d70,CenterPoint,0x6c,,,1,0,no upstream key
0x00d16d70,ArmyBonus,0x78,,,1,0,no upstream key
0x00d16d70,LegendaryBonus,0x80,,,1,0,no upstream key
0x00d16d70,ResourceBonus,0x7c,,,1,0,no upstream key
0x00d16d70,EndOfCampaign,0x84,,,1,0,no upstream key
0x00d16d70,DisplayActNum,0x88,,,1,0,no upstream key
0x00d16d70,CustomUIPopupPoint,0x8c,,,1,0,no upstream key
0x00d16d70,UIPopupPoint,0x90,,,1,0,no upstream key
0x00d16d70,DifficultyText,0x98,,,1,0,no upstream key
0x00d172b0,Position,0x8,,,1,0,ambiguous: ControlBarSchemeImage::m_position|ShellMenuSchemeImage::m_position
0x00d172b0,Sound,0x14,,,1,0,no upstream key
0x00d172b0,Flags,0x18,ModelConditionInfo,m_flags,1,0,sole candidate; table vote decided nothing
0x00d172b0,ZoomRegionLow,0x1c,,,1,0,no upstream key
0x00d172b0,ZoomRegionHigh,0x24,,,1,0,no upstream key
0x00d17700,Default,0x0,MultiplayerStartingMoneySettings,isDefault,1,1,
0x00d17700,CurrentRoom,0x4,,,1,1,no upstream key
0x00d17700,ChatRoom,0x8,,,1,1,no upstream key
0x00d17700,Game,0xc,,,1,1,no upstream key
0x00d17700,GameFull,0x10,,,1,1,no upstream key
0x00d17700,GameCRCMismatch,0x14,,,1,1,no upstream key
0x00d17700,PlayerNormal,0x18,,,1,1,no upstream key
0x00d17700,PlayerOwner,0x1c,,,1,1,no upstream key
0x00d17700,PlayerBuddy,0x20,,,1,1,no upstream key
0x00d17700,OfflinePlayerBuddy,0x24,,,1,1,no upstream key
0x00d17700,PlayerSelf,0x28,,,1,1,no upstream key
0x00d17700,PlayerIgnored,0x2c,,,1,1,no upstream key
0x00d17700,OfflinePlayerIgnored,0x30,,,1,1,no upstream key
0x00d17700,ChatNormal,0x34,,,1,1,no upstream key
0x00d17700,ChatEmote,0x38,,,1,1,no upstream key
0x00d17700,ChatOwner,0x3c,,,1,1,no upstream key
0x00d17700,ChatOwnerEmote,0x40,,,1,1,no upstream key
0x00d17700,ChatPriv,0x44,,,1,1,no upstream key
0x00d17700,ChatPrivEmote,0x48,,,1,1,no upstream key
0x00d17700,ChatPrivOwner,0x4c,,,1,1,no upstream key
0x00d17700,ChatPrivOwnerEmote,0x50,,,1,1,no upstream key
0x00d17700,ChatBuddy,0x54,,,1,1,no upstream key
0x00d17700,ChatSelf,0x58,,,1,1,no upstream key
0x00d17700,AcceptTrue,0x5c,,,1,1,no upstream key
0x00d17700,AcceptFalse,0x60,,,1,1,no upstream key
0x00d17700,MapSelected,0x64,,,1,1,no upstream key
0x00d17700,MapUnselected,0x68,,,1,1,no upstream key
0x00d17700,MOTD,0x6c,,,1,1,no upstream key
0x00d17700,MOTDHeading,0x70,,,1,1,no upstream key
0x00d21e64,ModelName,0x8,,,1,0,ambiguous: W3DPropDrawModuleData::m_modelName|W3DTreeDrawModuleData::m_modelName
0x00d21e64,PreDraw,0xc,,,1,0,no upstream key
0x00d22168,StaticModelLODMode,0xc,,,0,0,no upstream key
0x00d22168,ForceToBack,0xd,,,0,0,no upstream key
0x00d22168,StartHidden,0xe,,,0,0,no upstream key
0x00d22168,FloorFadeRateOnObjectDeath,0x10,,,0,0,no upstream key
0x00d226b8,AllowMultipleModels,0x0,,,0,0,no upstream key
0x00d226b8,MaxRandomTextures,0x4,,,0,0,no upstream key
0x00d226b8,MaxRandomAnimations,0x8,,,0,0,no upstream key
0x00d226b8,MaxAnimFrameDelta,0xc,,,0,0,no upstream key
0x00d226b8,RandomStartFramePercent,0x10,,,0,0,no upstream key
0x00d2274c,LodOptions,0x0,,,0,0,no upstream key
0x00d22858,NumBeams,0x20,W3DLaserDrawModuleData,m_numBeams,14,12,
0x00d22858,InnerBeamWidth,0x10,W3DLaserDrawModuleData,m_innerBeamWidth,14,12,
0x00d22858,OuterBeamWidth,0x14,W3DLaserDrawModuleData,m_outerBeamWidth,14,12,
0x00d22858,InnerColor,0x8,W3DLaserDrawModuleData,m_innerColor,14,12,
0x00d22858,OuterColor,0xc,W3DLaserDrawModuleData,m_outerColor,14,12,
0x00d22858,MaxIntensityLifetime,0x24,W3DLaserDrawModuleData,m_maxIntensityFrames,14,12,
0x00d22858,FadeLifetime,0x28,W3DLaserDrawModuleData,m_fadeFrames,14,12,
0x00d22858,Texture,0x2c,W3DLaserDrawModuleData,m_textureName,14,12,vote picked from CursorInfo::textureName|Image::m_filename|RadiusDecalTemplate::m_name|TerrainRoadType::m_texture|TerrainType::m_texture|W3DProjectileStreamDrawModuleData::m_textureName
0x00d22858,ScrollRate,0x18,W3DLaserDrawModuleData,m_scrollRate,14,12,vote picked from CreditsManager::m_scrollRate|W3DProjectileStreamDrawModuleData::m_scrollRate
0x00d22858,Tile,0x1c,W3DLaserDrawModuleData,m_tile,14,12,
0x00d22858,Segments,0x38,W3DLaserDrawModuleData,m_segments,14,12,
0x00d22858,ArcHeight,0x3c,W3DLaserDrawModuleData,m_arcHeight,14,12,
0x00d22858,SegmentOverlapRatio,0x40,W3DLaserDrawModuleData,m_segmentOverlapRatio,14,12,
0x00d22858,TilingScalar,0x44,W3DLaserDrawModuleData,m_tilingScalar,14,12,
0x00d22858,FanWidth,0x48,,,14,12,no upstream key
0x00d22858,Envelope,0x4c,,,14,12,no upstream key
0x00d22d18,Ambient,0x8,MusicTrack,ambient,1,0,sole candidate; table vote decided nothing
0x00d22d18,Diffuse,0x14,,,1,0,no upstream key
0x00d22d18,Specular,0x20,,,1,0,no upstream key
0x00d22d18,Radius,0x2c,,,1,0,ambiguous: AutoHealBehaviorModuleData::m_radius|HordeUpdateModuleData::m_minDist|LightPulseFXNugget::m_radius|ParticleSystemFXNugget::m_radius|PropagandaTowerBehaviorModuleData::m_scanRadius|TerrainScorchFXNugget::m_radius
0x00d22d18,Intensity,0x30,,,1,0,no upstream key
0x00d22d18,FlickerAmplitude,0x34,,,1,0,no upstream key
0x00d22d18,FlickerFrequency,0x38,,,1,0,no upstream key
0x00d22d18,PulseAmplitude,0x3c,,,1,0,no upstream key
0x00d22d18,PulseFrequency,0x40,StealthUpdateModuleData,m_pulseFrames,1,0,sole candidate; table vote decided nothing
0x00d22d18,AttachToBoneInAnotherModule,0x44,W3DModelDrawModuleData,m_attachToDrawableBone,1,0,sole candidate; table vote decided nothing
0x00d231dc,ModelName,0x8,,,1,0,ambiguous: W3DPropDrawModuleData::m_modelName|W3DTreeDrawModuleData::m_modelName
0x00d23260,LeftFrontFootBone,0x15c,,,0,0,no upstream key
0x00d23260,RightFrontFootBone,0x160,,,0,0,no upstream key
0x00d23260,LeftRearFootBone,0x164,,,0,0,no upstream key
0x00d23260,RightRearFootBone,0x168,,,0,0,no upstream key
0x00d240a0,AnimationName,0x8,,,1,0,no upstream key
0x00d240a0,AnimationMode,0x14,,,1,0,ambiguous: Anim2DTemplate::m_animMode|ModelConditionInfo::m_mode
0x00d240a0,Distance,0xc,,,1,0,no upstream key
0x00d240a0,AnimationBlendTime,0x18,,,1,0,no upstream key
0x00d240a0,AnimationMustCompleteBlend,0x24,,,1,0,no upstream key
0x00d240a0,AnimationSpeedFactorRange,0x0,,,1,0,no upstream key
0x00d240a0,UseWeaponTiming,0x25,,,1,0,no upstream key
0x00d240a0,AnimationPriority,0x28,,,1,0,no upstream key
0x00d240a0,FadeBeginFrame,0x2c,,,1,0,no upstream key
0x00d240a0,FadeEndFrame,0x30,,,1,0,no upstream key
0x00d240a0,FadingIn,0x34,,,1,0,no upstream key
0x00d24420,Bone,0x0,,,1,0,no upstream key
0x00d24420,Offset,0x4,,,1,0,ambiguous: GenericObjectCreationNugget::m_offset|ParticleSystemFXNugget::m_offset
0x00d24420,Model,0x0,ModelConditionInfo,m_modelName,1,0,sole candidate; table vote decided nothing
0x00d24718,Model,0x0,ModelConditionInfo,m_modelName,14,8,
0x00d24718,Skeleton,0x34,,,14,8,no upstream key
0x00d24718,WeaponFireFXBone,0x4c,ModelConditionInfo,m_weaponFireFXBoneName,14,8,
0x00d24718,WeaponLaunchBone,0x7c,ModelConditionInfo,m_weaponProjectileLaunchBoneName,14,8,
0x00d24718,WeaponHideShowBone,0x8c,ModelConditionInfo,m_weaponProjectileHideShowName,14,8,
0x00d24718,WeaponRecoilBone,0x5c,ModelConditionInfo,m_weaponRecoilBoneName,14,8,
0x00d24718,WeaponMuzzleFlash,0x6c,ModelConditionInfo,m_weaponMuzzleFlashName,14,8,
0x00d24718,ParticleSysBone,0x0,,,14,8,no upstream key
0x00d24718,OverrideTooltip,0x3c,,,14,8,no upstream key
0x00d24718,FXEvent,0x0,,,14,8,no upstream key
0x00d24718,RetainSubObjects,0x38,,,14,8,no upstream key
0x00d24718,Shadow,0xb8,,,14,8,ambiguous: GenericObjectCreationNugget::m_shadowType|ThingTemplate::m_shadowType
0x00d24718,ShadowSizeX,0xc0,ThingTemplate,m_shadowSizeX,14,8,sole candidate; table votes ModelConditionInfo
0x00d24718,ShadowSizeY,0xc4,ThingTemplate,m_shadowSizeY,14,8,sole candidate; table votes ModelConditionInfo
0x00d24718,ShadowOffsetX,0xc8,ThingTemplate,m_shadowOffsetX,14,8,sole candidate; table votes ModelConditionInfo
0x00d24718,ShadowOffsetY,0xcc,ThingTemplate,m_shadowOffsetY,14,8,sole candidate; table votes ModelConditionInfo
0x00d24718,ShadowSunAngle,0xe4,,,14,8,no upstream key
0x00d24718,ShadowTexture,0xbc,ThingTemplate,m_shadowTextureName,14,8,sole candidate; table votes ModelConditionInfo
0x00d24718,ShadowOpacityStart,0xd0,,,14,8,no upstream key
0x00d24718,ShadowOpacityFadeInTime,0xd4,,,14,8,no upstream key
0x00d24718,ShadowOpacityPeak,0xd8,,,14,8,no upstream key
0x00d24718,ShadowOpacityFadeOutTime,0xdc,,,14,8,no upstream key
0x00d24718,ShadowOpacityEnd,0xe0,,,14,8,no upstream key
0x00d24718,ShadowMaxHeight,0xe8,,,14,8,no upstream key
0x00d24718,ShadowOverrideLODVisibility,0xec,,,14,8,no upstream key
0x00d24718,ShadowUseHouseColor,0xed,,,14,8,no upstream key
0x00d24718,ShadowIsRotatingWithObject,0xee,,,14,8,no upstream key
0x00d24718,Turret,0xf0,ModelConditionInfo,m_turrets,14,8,vote picked from AIUpdateModuleData::m_turretData
0x00d24718,TurretArtAngle,0xf8,ModelConditionInfo,m_turrets,14,8,
0x00d24718,TurretPitch,0xf4,ModelConditionInfo,m_turrets,14,8,
0x00d24718,TurretArtPitch,0xfc,ModelConditionInfo,m_turrets,14,8,
0x00d24718,AltTurret,0x108,ModelConditionInfo,m_turrets,14,8,vote picked from AIUpdateModuleData::m_turretData
0x00d24718,AltTurretArtAngle,0x110,ModelConditionInfo,m_turrets,14,8,
0x00d24718,AltTurretPitch,0x10c,ModelConditionInfo,m_turrets,14,8,
0x00d24718,AltTurretArtPitch,0x114,ModelConditionInfo,m_turrets,14,8,
0x00d24f90,InitialRecoilSpeed,0x54,W3DModelDrawModuleData,m_initialRecoil,12,10,
0x00d24f90,MaxRecoilDistance,0x58,W3DModelDrawModuleData,m_maxRecoil,12,10,
0x00d24f90,RecoilDamping,0x5c,W3DModelDrawModuleData,m_recoilDamping,12,10,
0x00d24f90,RecoilSettleSpeed,0x60,W3DModelDrawModuleData,m_recoilSettle,12,10,
0x00d24f90,OkToChangeModelColor,0x68,W3DModelDrawModuleData,m_okToChangeModelColor,12,10,vote picked from GenericObjectCreationNugget::m_okToChangeModelColor
0x00d24f90,AnimationsRequirePower,0x6a,W3DModelDrawModuleData,m_animationsRequirePower,12,10,
0x00d24f90,MinLODRequired,0x64,W3DModelDrawModuleData,m_minLODRequired,12,10,vote picked from GenericObjectCreationNugget::m_minLODRequired
0x00d24f90,ProjectileBoneFeedbackEnabledSlots,0x50,W3DModelDrawModuleData,m_projectileBoneFeedbackEnabledSlots,12,10,
0x00d24f90,DefaultModelConditionState,0x0,,,12,10,no upstream key
0x00d24f90,ModelConditionState,0x0,,,12,10,no upstream key
0x00d24f90,IdleAnimationState,0x0,,,12,10,no upstream key
0x00d24f90,TransitionState,0x0,,,12,10,no upstream key
0x00d24f90,AnimationState,0x0,,,12,10,no upstream key
0x00d24f90,TrackMarks,0x3c,W3DModelDrawModuleData,m_trackFile,12,10,
0x00d24f90,ExtraPublicBone,0x30,W3DModelDrawModuleData,m_extraPublicBones,12,10,
0x00d24f90,AttachToBoneInAnotherModule,0x40,W3DModelDrawModuleData,m_attachToDrawableBone,12,10,
0x00d24f90,DependencySharedModelFlags,0xb4,,,12,10,no upstream key
0x00d24f90,TimeOfDayTexture,0x0,,,12,10,no upstream key
0x00d24f90,UseProducerTexture,0xb0,,,12,10,no upstream key
0x00d24f90,NoRotate,0x69,,,12,10,no upstream key
0x00d24f90,RandomTexture,0x0,,,12,10,no upstream key
0x00d24f90,BurntTexture,0x0,,,12,10,no upstream key
0x00d24f90,AttachModel,0x0,,,12,10,no upstream key
0x00d24f90,ParticlesAttachedToAnimatedBones,0xdc,W3DModelDrawModuleData,m_particlesAttachedToAnimatedBones,12,10,
0x00d24f90,TrackMarksLeftBone,0x44,,,12,10,no upstream key
0x00d24f90,TrackMarksRightBone,0x48,,,12,10,no upstream key
0x00d24f90,RampMesh1,0xe8,,,12,10,no upstream key
0x00d24f90,RampMesh2,0xec,,,12,10,no upstream key
0x00d24f90,EmbedPortal,0xf0,,,12,10,no upstream key
0x00d24f90,WallBoundsMesh,0xe0,,,12,10,no upstream key
0x00d24f90,RaisedWallMesh,0xe4,,,12,10,no upstream key
0x00d24f90,GlowEnabled,0xfc,,,12,10,no upstream key
0x00d24f90,GlowEmissive,0xfd,,,12,10,no upstream key
0x00d24f90,ParticleBonesCheckDrawable,0xfe,,,12,10,no upstream key
0x00d24f90,ShadowForceDisable,0xff,,,12,10,no upstream key
0x00d24f90,HighDetailLODThreshold,0x100,,,12,10,no upstream key
0x00d24f90,LowDetailLODThreshold,0x104,,,12,10,no upstream key
0x00d24f90,SwitchModelLODMode,0x108,,,12,10,no upstream key
0x00d24f90,StaticModelLODMode,0x109,,,12,10,no upstream key
0x00d24f90,ShowShadowWhileContained,0x10a,,,12,10,no upstream key
0x00d24f90,UseStandardModelNames,0x10b,,,12,10,no upstream key
0x00d24f90,UseDefaultAnimation,0x10c,,,12,10,no upstream key
0x00d24f90,AlphaRefAnimated,0x10d,,,12,10,no upstream key
0x00d24f90,AlphaRefRange,0x110,,,12,10,no upstream key
0x00d24f90,WadingParticleSys,0x14,,,12,10,no upstream key
0x00d24f90,AlphaCameraFadeOuterRadius,0x118,,,12,10,no upstream key
0x00d24f90,AlphaCameraFadeInnerRadius,0x11c,,,12,10,no upstream key
0x00d24f90,AlphaCameraAtInnerRadius,0x120,,,12,10,no upstream key
0x00d24f90,StaticSortLevelWhileFading,0x12c,,,12,10,no upstream key
0x00d24f90,BirthFadeTime,0x124,,,12,10,no upstream key
0x00d24f90,BirthFadeAdditive,0x128,,,12,10,no upstream key
0x00d24f90,ZWriteDisableOverride,0x130,,,12,10,no upstream key
0x00d24f90,MultiPlayerOnly,0x131,,,12,10,no upstream key
0x00d24f90,AffectedByStealth,0x132,,,12,10,no upstream key
0x00d24f90,HighDetailOnly,0x133,,,12,10,no upstream key
0x00d25430,Length,0x8,TracerFXNugget,m_length,3,1,
0x00d25430,Width,0xc,TracerFXNugget,m_width,3,1,vote picked from ShellMenuSchemeLine::m_width|W3DProjectileStreamDrawModuleData::m_width
0x00d25430,Color,0x10,TracerFXNugget,m_color,3,1,vote picked from LightPulseFXNugget::m_color|RadiusDecalTemplate::m_color|ShellMenuSchemeLine::m_color
0x00d25430,Texture,0x20,,,3,1,ambiguous: CursorInfo::textureName|Image::m_filename|RadiusDecalTemplate::m_name|TerrainRoadType::m_texture|TerrainType::m_texture|W3DLaserDrawModuleData::m_textureName|W3DProjectileStreamDrawModuleData::m_textureName
0x00d25430,NumSegments,0x1c,,,3,1,no upstream key
0x00d255d8,SupplyBonePrefix,0x15c,W3DSupplyDrawModuleData,m_supplyBonePrefix,1,1,
0x00d258d8,TreadDebrisLeft,0x15c,,,5,0,ambiguous: W3DTankDrawModuleData::m_treadDebrisNameLeft|W3DTankTruckDrawModuleData::m_treadDebrisNameLeft
0x00d258d8,TreadDebrisRight,0x160,,,5,0,ambiguous: W3DTankDrawModuleData::m_treadDebrisNameRight|W3DTankTruckDrawModuleData::m_treadDebrisNameRight
0x00d258d8,TreadAnimationRate,0x164,,,5,0,ambiguous: W3DTankDrawModuleData::m_treadAnimationRate|W3DTankTruckDrawModuleData::m_treadAnimationRate
0x00d258d8,TreadPivotSpeedFraction,0x168,,,5,0,ambiguous: W3DTankDrawModuleData::m_treadPivotSpeedFraction|W3DTankTruckDrawModuleData::m_treadPivotSpeedFraction
0x00d258d8,TreadDriveSpeedFraction,0x16c,,,5,0,ambiguous: W3DTankDrawModuleData::m_treadDriveSpeedFraction|W3DTankTruckDrawModuleData::m_treadDriveSpeedFraction
0x00d25e40,ModelName,0x8,W3DTreeDrawModuleData,m_modelName,17,10,vote picked from W3DPropDrawModuleData::m_modelName
0x00d25e40,TextureName,0xc,W3DTreeDrawModuleData,m_textureName,17,10,
0x00d25e40,MoveOutwardTime,0x10,W3DTreeDrawModuleData,m_framesToMoveOutward,17,10,
0x00d25e40,MoveInwardTime,0x14,W3DTreeDrawModuleData,m_framesToMoveInward,17,10,
0x00d25e40,MoveOutwardDistanceFactor,0x18,W3DTreeDrawModuleData,m_maxOutwardMovement,17,10,
0x00d25e40,DarkeningFactor,0x1c,W3DTreeDrawModuleData,m_darkening,17,10,
0x00d25e40,ToppleFX,0x20,W3DTreeDrawModuleData,m_toppleFX,17,10,vote picked from ToppleUpdateModuleData::m_toppleFX
0x00d25e40,BounceFX,0x24,W3DTreeDrawModuleData,m_bounceFX,17,10,vote picked from ToppleUpdateModuleData::m_bounceFX
0x00d25e40,StumpName,0x28,W3DTreeDrawModuleData,m_stumpName,17,10,vote picked from ToppleUpdateModuleData::m_stumpName
0x00d25e40,KillWhenFinishedToppling,0x3c,W3DTreeDrawModuleData,m_killWhenToppled,17,10,vote picked from ToppleUpdateModuleData::m_killWhenToppled
0x00d25e40,DoTopple,0x3d,W3DTreeDrawModuleData,m_doTopple,17,10,
0x00d25e40,InitialVelocityPercent,0x2c,W3DTreeDrawModuleData,m_initialVelocityPercent,17,10,vote picked from ToppleUpdateModuleData::m_initialVelocityPercent
0x00d25e40,InitialAccelPercent,0x30,W3DTreeDrawModuleData,m_initialAccelPercent,17,10,vote picked from ToppleUpdateModuleData::m_initialAccelPercent
0x00d25e40,BounceVelocityPercent,0x34,W3DTreeDrawModuleData,m_bounceVelocityPercent,17,10,vote picked from ToppleUpdateModuleData::m_bounceVelocityPercent
0x00d25e40,MinimumToppleSpeed,0x38,W3DTreeDrawModuleData,m_minimumToppleSpeed,17,10,
0x00d25e40,SinkDistance,0x44,W3DTreeDrawModuleData,m_sinkDistance,17,10,
0x00d25e40,SinkTime,0x40,W3DTreeDrawModuleData,m_sinkFrames,17,10,
0x00d25e40,MorphTree,0x48,,,17,10,no upstream key
0x00d25e40,MorphTime,0x4c,,,17,10,no upstream key
0x00d25e40,MorphFX,0x50,,,17,10,no upstream key
0x00d25e40,TaintedTree,0x54,,,17,10,no upstream key
0x00d25e40,FadeRate,0x58,,,17,10,no upstream key
0x00d25e40,FadeTarget,0x5c,,,17,10,no upstream key
0x00d25e40,FadeDistance,0x60,,,17,10,no upstream key
0x00d26280,Dust,0x15c,W3DTruckDrawModuleData,m_dustEffectName,20,7,vote picked from W3DTankTruckDrawModuleData::m_dustEffectName
0x00d26280,DirtSpray,0x160,W3DTruckDrawModuleData,m_dirtEffectName,20,7,vote picked from W3DTankTruckDrawModuleData::m_dirtEffectName
0x00d26280,PowerslideSpray,0x164,W3DTruckDrawModuleData,m_powerslideEffectName,20,7,vote picked from W3DTankTruckDrawModuleData::m_powerslideEffectName
0x00d26280,LeftFrontTireBone,0x168,W3DTruckDrawModuleData,m_frontLeftTireBoneName,20,7,vote picked from W3DTankTruckDrawModuleData::m_frontLeftTireBoneName
0x00d26280,RightFrontTireBone,0x16c,W3DTruckDrawModuleData,m_frontRightTireBoneName,20,7,vote picked from W3DTankTruckDrawModuleData::m_frontRightTireBoneName
0x00d26280,LeftRearTireBone,0x170,W3DTruckDrawModuleData,m_rearLeftTireBoneName,20,7,vote picked from W3DTankTruckDrawModuleData::m_rearLeftTireBoneName
0x00d26280,RightRearTireBone,0x174,W3DTruckDrawModuleData,m_rearRightTireBoneName,20,7,vote picked from W3DTankTruckDrawModuleData::m_rearRightTireBoneName
0x00d26280,MidLeftFrontTireBone,0x178,W3DTruckDrawModuleData,m_midFrontLeftTireBoneName,20,7,vote picked from W3DTankTruckDrawModuleData::m_midFrontLeftTireBoneName
0x00d26280,MidRightFrontTireBone,0x17c,W3DTruckDrawModuleData,m_midFrontRightTireBoneName,20,7,vote picked from W3DTankTruckDrawModuleData::m_midFrontRightTireBoneName
0x00d26280,MidLeftRearTireBone,0x180,W3DTruckDrawModuleData,m_midRearLeftTireBoneName,20,7,vote picked from W3DTankTruckDrawModuleData::m_midRearLeftTireBoneName
0x00d26280,MidRightRearTireBone,0x184,W3DTruckDrawModuleData,m_midRearRightTireBoneName,20,7,vote picked from W3DTankTruckDrawModuleData::m_midRearRightTireBoneName
0x00d26280,MidLeftMidTireBone,0x188,W3DTruckDrawModuleData,m_midMidLeftTireBoneName,20,7,
0x00d26280,MidRightMidTireBone,0x18c,W3DTruckDrawModuleData,m_midMidRightTireBoneName,20,7,
0x00d26280,LeftFrontTireBone2,0x190,,,20,7,no upstream key
0x00d26280,RightFrontTireBone2,0x194,,,20,7,no upstream key
0x00d26280,LeftRearTireBone2,0x198,,,20,7,no upstream key
0x00d26280,RightRearTireBone2,0x19c,,,20,7,no upstream key
0x00d26280,MidLeftMidTireBone2,0x1a0,,,20,7,no upstream key
0x00d26280,MidRightMidTireBone2,0x1a4,,,20,7,no upstream key
0x00d26280,TireRotationMultiplier,0x1bc,W3DTruckDrawModuleData,m_rotationSpeedMultiplier,20,7,vote picked from W3DTankTruckDrawModuleData::m_rotationSpeedMultiplier
0x00d26280,PowerslideRotationAddition,0x1c0,W3DTruckDrawModuleData,m_powerslideRotationAddition,20,7,vote picked from W3DTankTruckDrawModuleData::m_powerslideRotationAddition
0x00d26280,CabBone,0x1a8,W3DTruckDrawModuleData,m_cabBoneName,20,7,
0x00d26280,TrailerBone,0x1ac,W3DTruckDrawModuleData,m_trailerBoneName,20,7,
0x00d26280,CabRotationMultiplier,0x1b0,W3DTruckDrawModuleData,m_cabRotationFactor,20,7,
0x00d26280,TrailerRotationMultiplier,0x1b4,W3DTruckDrawModuleData,m_trailerRotationFactor,20,7,
0x00d26280,RotationDamping,0x1b8,W3DTruckDrawModuleData,m_rotationDampingFactor,20,7,
0x00d2cbd8,Filename,0x0,,,2,0,ambiguous: AudioEventInfo::m_filename|MusicTrack::filename|Video::m_filename
0x00d2cbd8,Comment,0x8,Video,m_commentForWB,2,0,sole candidate; table vote decided nothing
0x00d2cbd8,HasSubtitles,0xc,,,2,0,no upstream key
0x00d2cbd8,Volume,0x10,,,2,0,ambiguous: AudioEventInfo::m_volume|MusicTrack::volume
0x00d2cbd8,IsDefault,0x14,,,2,0,no upstream key
0x00d2cda0,FontName,0xc,DrawGroupInfo,m_fontName,1,1,
0x00d2cda0,FontPitch,0x10,,,1,1,no upstream key
0x00d2cda0,SubTitleType,0x20,,,1,1,no upstream key
0x00d2cda0,SubTitle,0x14,,,1,1,no upstream key
0x00d2cda0,LineTable,0x24,,,1,1,no upstream key
0x00d415c0,InitFile,0x4,,,0,0,no upstream key
0x00d415c0,InitPath,0x10,,,0,0,no upstream key
0x00d415c0,Extension,0x1c,,,0,0,no upstream key
0x00d415c0,Loader,0x28,,,0,0,no upstream key
0x00d415c0,InitFileDebug,0x2c,,,0,0,no upstream key
0x00d415c0,ExcludePathDebug,0x2c,,,0,0,no upstream key
0x00ea8fa0,ReloadTime,0x18,SpecialPowerTemplate,m_reloadTime,11,10,vote picked from CountermeasuresBehaviorModuleData::m_reloadFrames
0x00ea8fa0,RequiredScience,0x1c,SpecialPowerTemplate,m_requiredScience,11,10,vote picked from SpectreGunshipDeploymentUpdateModuleData::m_extraRequiredScience|W3DScienceModelDrawModuleData::m_requiredScience
0x00ea8fa0,LightPointCost,0x20,,,11,10,no upstream key
0x00ea8fa0,InitiateSound,0x24,SpecialPowerTemplate,m_initiateSound,11,10,vote picked from SpecialPowerModuleData::m_initiateSound
0x00ea8fa0,InitiateAtLocationSound,0x94,SpecialPowerTemplate,m_initiateAtLocationSound,11,10,
0x00ea8fa0,PublicTimer,0x114,SpecialPowerTemplate,m_publicTimer,11,10,
0x00ea8fa0,Enum,0x14,SpecialPowerTemplate,m_type,11,10,
0x00ea8fa0,DetectionTime,0x104,SpecialPowerTemplate,m_detectionTime,11,10,
0x00ea8fa0,SharedSyncedTimer,0x115,SpecialPowerTemplate,m_sharedNSync,11,10,
0x00ea8fa0,ViewObjectDuration,0x108,SpecialPowerTemplate,m_viewObjectDuration,11,10,
0x00ea8fa0,ViewObjectRange,0x10c,SpecialPowerTemplate,m_viewObjectRange,11,10,
0x00ea8fa0,RadiusCursorRadius,0x110,SpecialPowerTemplate,m_radiusCursorRadius,11,10,
0x00ea8fa0,PalantirMovie,0x118,,,11,10,no upstream key
0x00eac188,KillArmorUpgrade,0x70,,,0,0,no upstream key
0x00eac188,IgnoreArmorUpgrade,0x71,,,0,0,no upstream key
0x00eac188,ArmorSetFlag,0x0,,,0,0,no upstream key
0x00eaec70,Rider1,0x24c,RiderChangeContainModuleData,m_riders,10,10,
0x00eaec70,Rider2,0x264,RiderChangeContainModuleData,m_riders,10,10,
0x00eaec70,Rider3,0x27c,RiderChangeContainModuleData,m_riders,10,10,
0x00eaec70,Rider4,0x294,RiderChangeContainModuleData,m_riders,10,10,
0x00eaec70,Rider5,0x2ac,RiderChangeContainModuleData,m_riders,10,10,
0x00eaec70,Rider6,0x2c4,RiderChangeContainModuleData,m_riders,10,10,
0x00eaec70,Rider7,0x2dc,RiderChangeContainModuleData,m_riders,10,10,
0x00eaec70,Rider8,0x2f4,RiderChangeContainModuleData,m_riders,10,10,
0x00eaec70,ScuttleDelay,0x30c,RiderChangeContainModuleData,m_scuttleFrames,10,10,
0x00eaec70,ScuttleStatus,0x0,RiderChangeContainModuleData,m_scuttleState,10,10,
0x00eb0a40,SpecialPowerTemplate,0x8,SpecialPowerModuleData,m_specialPowerTemplate,4,3,vote picked from BattlePlanUpdateModuleData::m_specialPowerTemplate|MissileLauncherBuildingUpdateModuleData::m_specialPowerTemplate|ParticleUplinkCannonUpdateModuleData::m_specialPowerTemplate|SpecialAbilityUpdateModuleData::m_specialPowerTemplate|SpecialPowerCompletionDieModuleData::m_specialPowerTemplate|SpectreGunshipDeploymentUpdateModuleData::m_specialPowerTemplate|SpectreGunshipUpdateModuleData::m_specialPowerTemplate|UnpauseSpecialPowerUpgradeModuleData::m_specialPower
0x00eb0a40,UpdateModuleStartsAttack,0xc,SpecialPowerModuleData,m_updateModuleStartsAttack,4,3,
0x00eb0a40,StartsPaused,0xd,SpecialPowerModuleData,m_startsPaused,4,3,
0x00eb0a40,InitiateSound,0x10,SpecialPowerModuleData,m_initiateSound,4,3,vote picked from SpecialPowerTemplate::m_initiateSound
0x00eb0a40,InitiateSoundGroup,0x80,,,4,3,no upstream key
0x00eb0a40,InitiateSound2,0xf0,,,4,3,no upstream key
0x00eb0a40,InitiateSoundGroup2,0x160,,,4,3,no upstream key
0x00eb0a40,ReEnableAntiCategory,0x1ee,,,4,3,no upstream key
0x00eb0a40,AntiCategory,0x0,,,4,3,no upstream key
0x00eb49b4,SlopeLimits,0x0,,,0,0,no upstream key
0x00ebb650,Animation,0x2c,ModelConditionInfo,m_animations,2,1,vote picked from ControlBarSchemeAnimation::m_animType
0x00ebb650,StateName,0x0,,,2,1,no upstream key
0x00ebb650,Flags,0x38,ModelConditionInfo,m_flags,2,1,
0x00ebb650,ShareAnimation,0x40,,,2,1,no upstream key
0x00ebb650,EnteringStateFX,0x44,,,2,1,no upstream key
0x00ebb650,BeginScript,0x48,,,2,1,no upstream key
0x00ebb650,FrameForPristineBonePositions,0x3c,,,2,1,no upstream key
0x00ebb650,FXEvent,0x0,,,2,1,no upstream key
0x00ebb650,ParticleSysBone,0x0,,,2,1,no upstream key
0x00ebb650,SimilarRestart,0x6c,,,2,1,no upstream key
