Code/GameEngine/Source/Common/Audio/AudioManagerAddAudioEventInfo.cpp	Code/Libraries/Source/WWVegas/WWAudio/AudioManagerAddAudioEventInfo.cpp	AudioManager
Code/GameEngine/Source/Common/Audio/AudioManagerGetInfoForAudioEvent.cpp	Code/Libraries/Source/WWVegas/WWAudio/AudioManagerGetInfoForAudioEvent.cpp	AudioManager
Code/GameEngine/Source/Common/Audio/AudioManagerInitThunk.cpp	Code/Libraries/Source/WWVegas/WWAudio/AudioManagerInitThunk.cpp	AudioManager
Code/GameEngine/Source/Common/Audio/AudioManagerNewAudioEventInfo.cpp	Code/Libraries/Source/WWVegas/WWAudio/AudioManagerNewAudioEventInfo.cpp	AudioManager
Code/GameEngine/Source/Common/Audio/AudioManager_getAudioLengthMS_Thunk.cpp	Code/Libraries/Source/WWVegas/WWAudio/AudioManager_getAudioLengthMS_Thunk.cpp	AudioManager
Code/GameEngine/Source/Common/Audio/AudioManager_isMusicAlreadyLoadedMethodThunk.cpp	Code/Libraries/Source/WWVegas/WWAudio/AudioManager_isMusicAlreadyLoadedMethodThunk.cpp	AudioManager
Code/GameEngine/Source/Common/BfmeLwcmFindByKey.cpp	Code/GameEngine/Source/Common/INI/BfmeLwcmFindByKey.cpp	BfmeLivingWorldCampaignManager
Code/GameEngine/Source/Common/BfmeLwcmFindIndex.cpp	Code/GameEngine/Source/Common/INI/BfmeLwcmFindIndex.cpp	BfmeLivingWorldCampaignManager
Code/GameEngine/Source/Common/BfmeLwcmReplenishPair.cpp	Code/GameEngine/Source/Common/INI/BfmeLwcmReplenishPair.cpp	BfmeLivingWorldCampaignManager
Code/GameEngine/Source/Common/BfmeScoreEntryLinearInsert.cpp	Code/Libraries/Source/WWVegas/WWLib/BfmeScoreEntryLinearInsert.cpp	_STL
Code/GameEngine/Source/Common/ControlBar_showSpecialPowerShortcutMethodThunk.cpp	Code/GameEngine/Source/GameLogic/ScriptEngine/ControlBar_showSpecialPowerShortcutMethodThunk.cpp	ScriptEngine
Code/GameEngine/Source/Common/CostModifierUpgradeDestructorThunk.cpp	Code/GameEngine/Source/GameLogic/Object/Upgrade/CostModifierUpgradeDestructorThunk.cpp	CostModifierUpgrade
Code/GameEngine/Source/Common/CountUpTransitionDestructorThunk.cpp	Code/GameEngine/Source/GameClient/GUI/CountUpTransitionDestructorThunk.cpp	CountUpTransition
Code/GameEngine/Source/Common/CrateTemplate_parseCrateCreationEntryMethodThunk.cpp	Code/GameEngine/Source/GameLogic/System/CrateTemplate_parseCrateCreationEntryMethodThunk.cpp	CrateTemplate
Code/GameEngine/Source/Common/CreateCrateDieDestructorThunk.cpp	Code/GameEngine/Source/GameLogic/Object/Die/CreateCrateDieDestructorThunk.cpp	CreateCrateDie
Code/GameEngine/Source/Common/DX8Wrapper_ShutdownMethodThunk.cpp	Code/Libraries/Source/WWVegas/WW3D2/DX8Wrapper_ShutdownMethodThunk.cpp	DX8Wrapper
Code/GameEngine/Source/Common/DebugIOConDestructorThunk.cpp	Code/Libraries/Source/debug/DebugIOConDestructorThunk.cpp	DebugIOCon
Code/GameEngine/Source/Common/DebugIONetDestructorThunk.cpp	Code/Libraries/Source/WWVegas/WWDebug/DebugIONetDestructorThunk.cpp	DebugIONet
Code/GameEngine/Source/Common/DebugIOOdsDestructorThunk.cpp	Code/Libraries/Source/WWVegas/WWDebug/DebugIOOdsDestructorThunk.cpp	DebugIOOds
Code/GameEngine/Source/Common/Debug_AddPatternEntry_Thunk.cpp	Code/Libraries/Source/WWVegas/WWDebug/Debug_AddPatternEntry_Thunk.cpp	Debug
Code/GameEngine/Source/Common/Debug_GetFrameEntry_Thunk.cpp	Code/Libraries/Source/WWVegas/WWDebug/Debug_GetFrameEntry_Thunk.cpp	Debug
Code/GameEngine/Source/Common/Debug_frameStatus.cpp	Code/Libraries/Source/WWVegas/WWDebug/Debug_frameStatus.cpp	Debug
Code/GameEngine/Source/Common/Debug_isLogEnabled.cpp	Code/Libraries/Source/WWVegas/WWDebug/Debug_isLogEnabled.cpp	Debug
Code/GameEngine/Source/Common/DelayedLuaEventUpdateDestructorThunk.cpp	Code/GameEngine/Source/GameLogic/ScriptEngine/DelayedLuaEventUpdateDestructorThunk.cpp	DelayedLuaEventUpdate
Code/GameEngine/Source/Common/DestroyEnvironmentUpdateDestructorThunk.cpp	Code/GameEngine/Source/GameLogic/Object/Update/DestroyEnvironmentUpdateDestructorThunk.cpp	DestroyEnvironmentUpdate
Code/GameEngine/Source/Common/DetailedArchivedDirectoryInfoClear.cpp	Code/GameEngine/Source/Common/System/DetailedArchivedDirectoryInfoClear.cpp	DetailedArchivedDirectoryInfo
Code/GameEngine/Source/Common/Dict.cpp	Code/GameEngine/Source/Common/System/Dict.cpp	Dict
Code/GameEngine/Source/Common/Dict_getAsciiString.cpp	Code/GameEngine/Source/Common/System/Dict_getAsciiString.cpp	Dict
Code/GameEngine/Source/Common/Dict_known.cpp	Code/GameEngine/Source/Common/System/Dict_known.cpp	Dict
Code/GameEngine/Source/Common/Dict_releaseData.cpp	Code/GameEngine/Source/Common/System/Dict_releaseData.cpp	Dict
Code/GameEngine/Source/Common/DozerAIUpdateDestructorThunk.cpp	Code/GameEngine/Source/GameLogic/Object/Update/AIUpdate/DozerAIUpdateDestructorThunk.cpp	DozerAIUpdate
Code/GameEngine/Source/Common/DozerAIUpdate_findGoodBuildOrRepairPositionAndTarget.cpp	Code/GameEngine/Source/GameLogic/Object/Update/AIUpdate/DozerAIUpdate_findGoodBuildOrRepairPositionAndTarget.cpp	DozerAIUpdate
Code/GameEngine/Source/Common/DozerAIUpdate_findGoodBuildOrRepairPosition_Thunk.cpp	Code/GameEngine/Source/GameLogic/Object/Update/AIUpdate/DozerAIUpdate_findGoodBuildOrRepairPosition_Thunk.cpp	DozerAIUpdate
Code/GameEngine/Source/Common/DozerAIUpdate_xferMethodThunk.cpp	Code/GameEngine/Source/GameLogic/Object/Update/AIUpdate/DozerAIUpdate_xferMethodThunk.cpp	DozerAIUpdate
Code/GameEngine/Source/Common/DrawableBFMEBuffEffect.cpp	Code/GameEngine/Source/GameClient/DrawableBFMEBuffEffect.cpp	Drawable
Code/GameEngine/Source/Common/Drawable_mangleCustomAudioName_Thunk.cpp	Code/GameEngine/Source/GameClient/Drawable_mangleCustomAudioName_Thunk.cpp	Drawable
Code/GameEngine/Source/Common/Drawable_setCaptionText_Thunk.cpp	Code/GameEngine/Source/GameClient/Drawable_setCaptionText_Thunk.cpp	Drawable
Code/GameEngine/Source/Common/DynamicIBAccessClass_Allocate_Sorting_Dynamic_BufferMethodThunk.cpp	Code/Libraries/Source/WWVegas/WW3D2/DynamicIBAccessClass_Allocate_Sorting_Dynamic_BufferMethodThunk.cpp	DynamicIBAccessClass
Code/GameEngine/Source/Common/DynamicPortalBehaviourDestructorThunk.cpp	Code/GameEngine/Source/GameLogic/Object/Update/DynamicPortalBehaviourDestructorThunk.cpp	DynamicPortalBehaviour
Code/GameEngine/Source/Common/EAStringCAssign.cpp	Code/Libraries/Source/EA/Apt/AptString/EAStringCAssign.cpp	EAStringC
Code/GameEngine/Source/Common/EAStringCFind.cpp	Code/Libraries/Source/EA/Apt/AptString/EAStringCFind.cpp	EAStringC
Code/GameEngine/Source/Common/EAStringCReserveCtor.cpp	Code/Libraries/Source/EA/Apt/AptString/EAStringCReserveCtor.cpp	EAStringC
Code/GameEngine/Source/Common/FireSpreadUpdate_update_Thunk.cpp	Code/GameEngine/Source/GameLogic/Object/Update/FireSpreadUpdate_update_Thunk.cpp	FireSpreadUpdate
Code/GameEngine/Source/Common/FireWeaponUpdateDestructorThunk.cpp	Code/GameEngine/Source/GameLogic/Object/Update/FireWeaponUpdateDestructorThunk.cpp	FireWeaponUpdate
Code/GameEngine/Source/Common/FirewallHelperClass_detectFirewallMethodThunk.cpp	Code/GameEngine/Source/GameNetwork/FirewallHelperClass_detectFirewallMethodThunk.cpp	FirewallHelperClass
Code/GameEngine/Source/Common/FlammableUpdate_getModuleNameKey_Thunk.cpp	Code/GameEngine/Source/GameLogic/Object/Update/FlammableUpdate_getModuleNameKey_Thunk.cpp	FlammableUpdate
Code/GameEngine/Source/Common/FontCharsClass_Create_GDI_FontMethodThunk.cpp	Code/Libraries/Source/WWVegas/WW3D2/FontCharsClass_Create_GDI_FontMethodThunk.cpp	FontCharsClass
Code/GameEngine/Source/Common/FoundationAIUpdateDestructorThunk.cpp	Code/GameEngine/Source/GameLogic/AI/FoundationAIUpdateDestructorThunk.cpp	FoundationAIUpdate
Code/GameEngine/Source/Common/FullFadeTransition_init_Thunk.cpp	Code/GameEngine/Source/GameClient/GUI/FullFadeTransition_init_Thunk.cpp	FullFadeTransition
Code/GameEngine/Source/Common/GameInfo_getSlotNum_Thunk.cpp	Code/GameEngine/Source/GameNetwork/GameInfo_getSlotNum_Thunk.cpp	GameInfo
Code/GameEngine/Source/Common/GameInfo_resetMethodThunk.cpp	Code/GameEngine/Source/GameNetwork/GameInfo_resetMethodThunk.cpp	GameInfo
Code/GameEngine/Source/Common/GameLogicCRC.cpp	Code/GameEngine/Source/GameLogic/System/GameLogicCRC.cpp	GameLogic
Code/GameEngine/Source/Common/GameLogicDestructorThunk.cpp	Code/GameEngine/Source/GameLogic/System/GameLogicDestructorThunk.cpp	GameLogic
Code/GameEngine/Source/Common/GameLogicLoadPostProcess.cpp	Code/GameEngine/Source/GameLogic/System/GameLogicLoadPostProcess.cpp	GameLogic
Code/GameEngine/Source/Common/GameLogicSetControlBarOverride.cpp	Code/GameEngine/Source/GameLogic/System/GameLogicSetControlBarOverride.cpp	GameLogic
Code/GameEngine/Source/Common/GameLogic_closeWindows_Thunk.cpp	Code/GameEngine/Source/GameLogic/System/GameLogic_closeWindows_Thunk.cpp	GameLogic
Code/GameEngine/Source/Common/GameLogic_loadAmbientLightMap.cpp	Code/GameEngine/Source/GameLogic/System/GameLogic_loadAmbientLightMap.cpp	GameLogic
Code/GameEngine/Source/Common/GameLogic_loadMapINIMethodThunk.cpp	Code/GameEngine/Source/GameLogic/System/GameLogic_loadMapINIMethodThunk.cpp	GameLogic
Code/GameEngine/Source/Common/GameMessage_destructor.cpp	Code/GameEngine/Source/Common/System/GameMessage_destructor.cpp	GameMessage
Code/GameEngine/Source/Common/GameSpyGameSlotDestructorThunk.cpp	Code/GameEngine/Source/GameNetwork/GameSpyGameSlotDestructorThunk.cpp	GameSpyGameSlot
Code/GameEngine/Source/Common/GameSpyInfo_joinBestGroupRoomMethodThunk.cpp	Code/GameEngine/Source/GameNetwork/GameSpy/GameSpyInfo_joinBestGroupRoomMethodThunk.cpp	GameSpyInfo
Code/GameEngine/Source/Common/GameSpyLoginPreferences_ctor_Thunk.cpp	Code/GameEngine/Source/GameClient/GUI/GUICallbacks/Menus/GameSpyLoginPreferences_ctor_Thunk.cpp	GameSpyLoginPreferences
Code/GameEngine/Source/Common/GameSpyLoginPreferences_getDateForEmail_Thunk.cpp	Code/GameEngine/Source/GameClient/GUI/GUICallbacks/Menus/GameSpyLoginPreferences_getDateForEmail_Thunk.cpp	GameSpyLoginPreferences
Code/GameEngine/Source/Common/GameSpyLoginPreferences_getNicksForEmail_Thunk.cpp	Code/GameEngine/Source/GameClient/GUI/GUICallbacks/Menus/GameSpyLoginPreferences_getNicksForEmail_Thunk.cpp	GameSpyLoginPreferences
Code/GameEngine/Source/Common/GameSpyLoginPreferences_getPasswordForEmail_Thunk.cpp	Code/GameEngine/Source/GameClient/GUI/GUICallbacks/Menus/GameSpyLoginPreferences_getPasswordForEmail_Thunk.cpp	GameSpyLoginPreferences
Code/GameEngine/Source/Common/GameSpyStagingRoomGenerateGameResultsPacketThunk.cpp	Code/GameEngine/Source/GameNetwork/GameSpy/GameSpyStagingRoomGenerateGameResultsPacketThunk.cpp	GameSpyStagingRoom
Code/GameEngine/Source/Common/GameStateMapDtorThunk.cpp	Code/GameEngine/Source/Common/System/SaveGame/GameStateMapDtorThunk.cpp	GameStateMap
Code/GameEngine/Source/Common/GameState_addSnapshotBlock_Thunk.cpp	Code/GameEngine/Source/Common/System/SaveGame/GameState_addSnapshotBlock_Thunk.cpp	GameState
Code/GameEngine/Source/Common/GameState_clearAvailableGamesMethodThunk.cpp	Code/GameEngine/Source/Common/System/SaveGame/GameState_clearAvailableGamesMethodThunk.cpp	GameState
Code/GameEngine/Source/Common/GameState_missionSave_Thunk.cpp	Code/GameEngine/Source/Common/System/SaveGame/GameState_missionSave_Thunk.cpp	GameState
Code/GameEngine/Source/Common/GameTextManager_getStringCount.cpp	Code/GameEngine/Source/GameClient/GameTextManager_getStringCount.cpp	GameTextManager
Code/GameEngine/Source/Common/GameTextManager_initMapStringFile_Thunk.cpp	Code/GameEngine/Source/GameClient/GameTextManager_initMapStringFile_Thunk.cpp	GameTextManager
Code/GameEngine/Source/Common/GameWindowDestructorThunk.cpp	Code/GameEngine/Source/GameClient/GUI/GameWindowDestructorThunk.cpp	GameWindow
Code/GameEngine/Source/Common/GameWindowManager_winCreateLayout_Thunk.cpp	Code/GameEngine/Source/GameClient/GUI/GameWindowManager_winCreateLayout_Thunk.cpp	GameWindowManager
Code/GameEngine/Source/Common/GameWindowTextAndHitTest.cpp	Code/GameEngine/Source/GameClient/GUI/GameWindowTextAndHitTest.cpp	GameWindow
Code/GameEngine/Source/Common/GarrisonContain_xfer_Thunk.cpp	Code/GameEngine/Source/GameLogic/Object/Contain/GarrisonContain_xfer_Thunk.cpp	GarrisonContain
Code/GameEngine/Source/Common/Gen0060CBB0Handle.cpp	Code/GameEngine/Source/GameClient/Gen0060CBB0Handle.cpp	Gen0060CBB0
Code/GameEngine/Source/Common/Gen_00417cb0.cpp	Code/GameEngine/Source/Common/Bfme/Gen_00417cb0.cpp	Gen_00417cb0
Code/GameEngine/Source/Common/GenericObjectCreationNuggetConstructor.cpp	Code/GameEngine/Source/GameLogic/Object/GenericObjectCreationNuggetConstructor.cpp	GenericObjectCreationNugget
Code/GameEngine/Source/Common/GenericObjectCreationNuggetDestructorThunk.cpp	Code/GameEngine/Source/GameLogic/Object/GenericObjectCreationNuggetDestructorThunk.cpp	GenericObjectCreationNugget
Code/GameEngine/Source/Common/GenericObjectCreationNugget_parseDebrisMethodThunk.cpp	Code/GameEngine/Source/GameLogic/Object/GenericObjectCreationNugget_parseDebrisMethodThunk.cpp	GenericObjectCreationNugget
Code/GameEngine/Source/Common/GeometryInfoCalcPitches.cpp	Code/GameEngine/Source/Common/System/GeometryInfoCalcPitches.cpp	GeometryInfo
Code/GameEngine/Source/Common/GeometryInfoConstructor.cpp	Code/GameEngine/Source/Common/System/GeometryInfoConstructor.cpp	GeometryInfo
Code/GameEngine/Source/Common/GeometryInfoCopyConstructor.cpp	Code/GameEngine/Source/Common/System/GeometryInfoCopyConstructor.cpp	GeometryInfo
Code/GameEngine/Source/Common/GeometryInfoDefaultConstructor.cpp	Code/GameEngine/Source/Common/System/GeometryInfoDefaultConstructor.cpp	GeometryInfo
Code/GameEngine/Source/Common/GeometryInfo_getMaxHeightAbovePosition.cpp	Code/GameEngine/Source/Common/System/GeometryInfo_getMaxHeightAbovePosition.cpp	GeometryInfo
Code/GameEngine/Source/Common/GeometryInfo_getMaxHeightBelowPosition.cpp	Code/GameEngine/Source/Common/System/GeometryInfo_getMaxHeightBelowPosition.cpp	GeometryInfo
Code/GameEngine/Source/Common/GiantBirdSlowDeathBehaviorDestructorThunk.cpp	Code/GameEngine/Source/GameLogic/Object/Behavior/GiantBirdSlowDeathBehaviorDestructorThunk.cpp	GiantBirdSlowDeathBehavior
Code/GameEngine/Source/Common/Handicap_readFromDict_Thunk.cpp	Code/GameEngine/Source/Common/RTS/Handicap_readFromDict_Thunk.cpp	Handicap
Code/GameEngine/Source/Common/HeightMapRenderObjClassDestructorThunk.cpp	Code/GameEngineDevice/Source/W3DDevice/GameClient/HeightMapRenderObjClassDestructorThunk.cpp	HeightMapRenderObjClass
Code/GameEngine/Source/Common/HordeContainDestructorThunk.cpp	Code/GameEngine/Source/GameLogic/AI/HordeContainDestructorThunk.cpp	HordeContain
Code/GameEngine/Source/Common/HordeGarrisonContainDestructorThunk.cpp	Code/GameEngine/Source/GameLogic/AI/HordeGarrisonContainDestructorThunk.cpp	HordeGarrisonContain
Code/GameEngine/Source/Common/HordeSiegeEngineContainDestructorThunk.cpp	Code/GameEngine/Source/GameLogic/AI/HordeSiegeEngineContainDestructorThunk.cpp	HordeSiegeEngineContain
Code/GameEngine/Source/Common/HordeTransportContainDestructorThunk.cpp	Code/GameEngine/Source/GameLogic/AI/HordeTransportContainDestructorThunk.cpp	HordeTransportContain
Code/GameEngine/Source/Common/INI/INIAnimation.cpp	Code/Libraries/Source/WWVegas/WWLib/INIAnimation.cpp	INI
Code/GameEngine/Source/Common/INI/INICommandButton.cpp	Code/Libraries/Source/WWVegas/WWLib/INICommandButton.cpp	INI
Code/GameEngine/Source/Common/INI/INICommandSet.cpp	Code/Libraries/Source/WWVegas/WWLib/INICommandSet.cpp	INI
Code/GameEngine/Source/Common/INI/INIDrawGroupNumberDefinitionThunk.cpp	Code/Libraries/Source/WWVegas/WWLib/INIDrawGroupNumberDefinitionThunk.cpp	INI
Code/GameEngine/Source/Common/INI/INIGetNextToken.cpp	Code/Libraries/Source/WWVegas/WWLib/INIGetNextToken.cpp	INI
Code/GameEngine/Source/Common/INI/INILoadDirectoryThunk.cpp	Code/Libraries/Source/WWVegas/WWLib/INILoadDirectoryThunk.cpp	INI
Code/GameEngine/Source/Common/INI/INIMiscAudio.cpp	Code/Libraries/Source/WWVegas/WWLib/INIMiscAudio.cpp	INI
Code/GameEngine/Source/Common/INI/INIObject.cpp	Code/Libraries/Source/WWVegas/WWLib/INIObject.cpp	INI
Code/GameEngine/Source/Common/INI/INIParseObjectDefinitionThunk.cpp	Code/Libraries/Source/WWVegas/WWLib/INIParseObjectDefinitionThunk.cpp	INI
Code/GameEngine/Source/Common/INI/INIParticleSys.cpp	Code/Libraries/Source/WWVegas/WWLib/INIParticleSys.cpp	INI
Code/GameEngine/Source/Common/INI/INIPrepFileThunk.cpp	Code/Libraries/Source/WWVegas/WWLib/INIPrepFileThunk.cpp	INI
Code/GameEngine/Source/Common/INI/INIPreprocessMacro.cpp	Code/Libraries/Source/WWVegas/WWLib/INIPreprocessMacro.cpp	INI
Code/GameEngine/Source/Common/INI/INITerrain.cpp	Code/Libraries/Source/WWVegas/WWLib/INITerrain.cpp	INI
Code/GameEngine/Source/Common/INI/INITerrainRoad.cpp	Code/Libraries/Source/WWVegas/WWLib/INITerrainRoad.cpp	INI
Code/GameEngine/Source/Common/INI/INIVideo.cpp	Code/Libraries/Source/WWVegas/WWLib/INIVideo.cpp	INI
Code/GameEngine/Source/Common/INI/INIWindowTransition.cpp	Code/Libraries/Source/WWVegas/WWLib/INIWindowTransition.cpp	INI
Code/GameEngine/Source/Common/INI/INI_fieldParsers.cpp	Code/Libraries/Source/WWVegas/WWLib/INI_fieldParsers.cpp	INI
Code/GameEngine/Source/Common/INI/ImageCtorThunk.cpp	Code/GameEngine/Source/GameClient/System/ImageCtorThunk.cpp	Image
Code/GameEngine/Source/Common/INI/ini_subsystem.cpp	Code/Libraries/Source/WWVegas/WWLib/ini_subsystem.cpp	INI
Code/GameEngine/Source/Common/INIDestructorThunk.cpp	Code/Libraries/Source/WWVegas/WWLib/INIDestructorThunk.cpp	INI
Code/GameEngine/Source/Common/INI_getNextAsciiString_Thunk.cpp	Code/Libraries/Source/WWVegas/WWLib/INI_getNextAsciiString_Thunk.cpp	INI
Code/GameEngine/Source/Common/INI_getNextQuotedAsciiString_Thunk.cpp	Code/Libraries/Source/WWVegas/WWLib/INI_getNextQuotedAsciiString_Thunk.cpp	INI
Code/GameEngine/Source/Common/INI_parseBitString16.cpp	Code/Libraries/Source/WWVegas/WWLib/INI_parseBitString16.cpp	INI
Code/GameEngine/Source/Common/INI_parseBitString32_Thunk.cpp	Code/Libraries/Source/WWVegas/WWLib/INI_parseBitString32_Thunk.cpp	INI
Code/GameEngine/Source/Common/INI_parseCampaignDefinitionMethodThunk.cpp	Code/Libraries/Source/WWVegas/WWLib/INI_parseCampaignDefinitionMethodThunk.cpp	INI
Code/GameEngine/Source/Common/INI_parseScienceVector.cpp	Code/Libraries/Source/WWVegas/WWLib/INI_parseScienceVector.cpp	INI
Code/GameEngine/Source/Common/INI_parseSecondsToMillis.cpp	Code/Libraries/Source/WWVegas/WWLib/INI_parseSecondsToMillis.cpp	INI
Code/GameEngine/Source/Common/INI_parseShellMenuSchemeDefinitionMethodThunk.cpp	Code/Libraries/Source/WWVegas/WWLib/INI_parseShellMenuSchemeDefinitionMethodThunk.cpp	INI
Code/GameEngine/Source/Common/ImageCollection_loadMethodThunk.cpp	Code/GameEngine/Source/GameClient/System/ImageCollection_loadMethodThunk.cpp	ImageCollection
Code/GameEngine/Source/Common/InGameUIDestructorThunk.cpp	Code/GameEngine/Source/GameClient/InGameUIDestructorThunk.cpp	InGameUI
Code/GameEngine/Source/Common/InGameUI_addSuperweapon_Thunk.cpp	Code/GameEngine/Source/GameClient/InGameUI_addSuperweapon_Thunk.cpp	InGameUI
Code/GameEngine/Source/Common/InGameUI_playCameoMovie_Thunk.cpp	Code/GameEngine/Source/GameClient/InGameUI_playCameoMovie_Thunk.cpp	InGameUI
Code/GameEngine/Source/Common/InGameUI_popupMessage_Thunk.cpp	Code/GameEngine/Source/GameClient/InGameUI_popupMessage_Thunk.cpp	InGameUI
Code/GameEngine/Source/Common/InGameUI_setRadiusCursor_Thunk.cpp	Code/GameEngine/Source/GameClient/InGameUI_setRadiusCursor_Thunk.cpp	InGameUI
Code/GameEngine/Source/Common/InGameUI_updateAndDrawWorldAnimationsMethodThunk.cpp	Code/GameEngine/Source/GameClient/InGameUI_updateAndDrawWorldAnimationsMethodThunk.cpp	InGameUI
Code/GameEngine/Source/Common/InactiveBodyDestructorThunk.cpp	Code/GameEngine/Source/GameLogic/Object/Body/InactiveBodyDestructorThunk.cpp	InactiveBody
Code/GameEngine/Source/Common/InstantDeathBehaviorModuleDataDestructorThunk.cpp	Code/GameEngine/Source/GameLogic/Object/Behavior/InstantDeathBehaviorModuleDataDestructorThunk.cpp	InstantDeathBehaviorModuleData
Code/GameEngine/Source/Common/LANAPI_RequestChat_Thunk.cpp	Code/GameEngine/Source/GameNetwork/LANAPI_RequestChat_Thunk.cpp	LANAPI
Code/GameEngine/Source/Common/LANGameInfoDestructorThunk.cpp	Code/GameEngine/Source/GameNetwork/LANGameInfoDestructorThunk.cpp	LANGameInfo
Code/GameEngine/Source/Common/LANGameSlot_getUser_Thunk.cpp	Code/GameEngine/Source/GameNetwork/LANGameSlot_getUser_Thunk.cpp	LANGameSlot
Code/GameEngine/Source/Common/LANPreferences_setPreferredMap.cpp	Code/GameEngine/Source/GameClient/GUI/GUICallbacks/Menus/LANPreferences_setPreferredMap.cpp	LANPreferences
Code/GameEngine/Source/Common/LadderListDestructorThunk.cpp	Code/GameEngine/Source/GameNetwork/GameSpy/LadderListDestructorThunk.cpp	LadderList
Code/GameEngine/Source/Common/LadderList_findLadder_Thunk.cpp	Code/GameEngine/Source/GameNetwork/GameSpy/LadderList_findLadder_Thunk.cpp	LadderList
Code/GameEngine/Source/Common/LadderList_loadLocalLaddersMethodThunk.cpp	Code/GameEngine/Source/GameNetwork/GameSpy/LadderList_loadLocalLaddersMethodThunk.cpp	LadderList
Code/GameEngine/Source/Common/LanguageFilter_init_Thunk.cpp	Code/GameEngine/Source/GameClient/LanguageFilter_init_Thunk.cpp	LanguageFilter
Code/GameEngine/Source/Common/LargeGroupAudioUpdateModuleDataDestructorThunk.cpp	Code/GameEngine/Source/GameLogic/AI/LargeGroupAudioUpdateModuleDataDestructorThunk.cpp	LargeGroupAudioUpdateModuleData
Code/GameEngine/Source/Common/LargeGroupBonusUpdateDestructorThunk.cpp	Code/GameEngine/Source/GameLogic/AI/LargeGroupBonusUpdateDestructorThunk.cpp	LargeGroupBonusUpdate
Code/GameEngine/Source/Common/LifetimeUpdateCtorThunk.cpp	Code/GameEngine/Source/GameLogic/Object/Update/LifetimeUpdateCtorThunk.cpp	LifetimeUpdate
Code/GameEngine/Source/Common/LivingWorldPlayerArmyLoadPostProcess.cpp	Code/GameEngine/Source/Common/INI/LivingWorldPlayerArmyLoadPostProcess.cpp	LivingWorldPlayerArmy
Code/GameEngine/Source/Common/LivingWorldRegionCtor.cpp	Code/GameEngine/Source/GameLogic/Object/Behavior/LivingWorldRegionCtor.cpp	LivingWorldRegion
Code/GameEngine/Source/Common/LocomotorStore_reset.cpp	Code/GameEngine/Source/GameLogic/Object/LocomotorStore_reset.cpp	LocomotorStore
Code/GameEngine/Source/Common/MainMenuMediumScaleUpTransition_init_Thunk.cpp	Code/GameEngine/Source/GameClient/GUI/MainMenuMediumScaleUpTransition_init_Thunk.cpp	MainMenuMediumScaleUpTransition
Code/GameEngine/Source/Common/ManTheWallsSpecialPowerDestructorThunk.cpp	Code/GameEngine/Source/GameLogic/Object/SpecialPower/ManTheWallsSpecialPowerDestructorThunk.cpp	ManTheWallsSpecialPower
Code/GameEngine/Source/Common/MapObjectCtorThunk.cpp	Code/GameEngineDevice/Source/W3DDevice/GameClient/MapObjectCtorThunk.cpp	MapObject
Code/GameEngine/Source/Common/MapObjectDestructorThunk.cpp	Code/GameEngineDevice/Source/W3DDevice/GameClient/MapObjectDestructorThunk.cpp	MapObject
Code/GameEngine/Source/Common/MapObjectFastAssignUniqueIDs.cpp	Code/GameEngineDevice/Source/W3DDevice/GameClient/MapObjectFastAssignUniqueIDs.cpp	MapObject
Code/GameEngine/Source/Common/MapObject_verifyValidUniqueIDMethodThunk.cpp	Code/GameEngineDevice/Source/W3DDevice/GameClient/MapObject_verifyValidUniqueIDMethodThunk.cpp	MapObject
Code/GameEngine/Source/Common/MapTransferLoadScreenProcessTimeoutRetailThunk.cpp	Code/GameEngine/Source/GameClient/GUI/MapTransferLoadScreenProcessTimeoutRetailThunk.cpp	BfmeAptScreenMapTransfer
Code/GameEngine/Source/Common/MapTransferLoadScreenSetCurrentFilenameApt.cpp	Code/GameEngine/Source/GameClient/GUI/MapTransferLoadScreenSetCurrentFilenameApt.cpp	BfmeAptScreenMapTransfer
Code/GameEngine/Source/Common/MapTransferLoadScreenSetCurrentFilenameThunk.cpp	Code/GameEngine/Source/GameClient/GUI/MapTransferLoadScreenSetCurrentFilenameThunk.cpp	MapTransferLoadScreen
Code/GameEngine/Source/Common/MapTransferLoadScreen_processTimeoutMethodThunk.cpp	Code/GameEngine/Source/GameClient/GUI/MapTransferLoadScreen_processTimeoutMethodThunk.cpp	MapTransferLoadScreen
Code/GameEngine/Source/Common/MemoryPoolDestructor.cpp	Code/GameEngine/Source/Common/System/MemoryPoolDestructor.cpp	MemoryPool
Code/GameEngine/Source/Common/MeshClass_Make_UniqueMethodThunk.cpp	Code/Libraries/Source/WWVegas/WW3D2/MeshClass_Make_UniqueMethodThunk.cpp	MeshClass
Code/GameEngine/Source/Common/MeshGeometryClass_Get_Bounding_Box_Thunk.cpp	Code/Libraries/Source/WWVegas/WW3D2/MeshGeometryClass_Get_Bounding_Box_Thunk.cpp	MeshGeometryClass
Code/GameEngine/Source/Common/MeshModelClass_Make_Geometry_UniqueMethodThunk.cpp	Code/Libraries/Source/WWVegas/WW3D2/MeshModelClass_Make_Geometry_UniqueMethodThunk.cpp	MeshModelClass
Code/GameEngine/Source/Common/MobMemberSlavedUpdateDestructorThunk.cpp	Code/GameEngine/Source/GameLogic/Object/Update/MobMemberSlavedUpdateDestructorThunk.cpp	MobMemberSlavedUpdate
Code/GameEngine/Source/Common/ModelConditionInfoDestructorThunk.cpp	Code/GameEngineDevice/Source/W3DDevice/GameClient/Drawable/Draw/ModelConditionInfoDestructorThunk.cpp	ModelConditionInfo
Code/GameEngine/Source/Common/MultiplayerSettingsDestructorThunk.cpp	Code/GameEngine/Source/Common/INI/MultiplayerSettingsDestructorThunk.cpp	MultiplayerSettings
Code/GameEngine/Source/Common/ObjectCreationListStoreDestructorThunk.cpp	Code/GameEngine/Source/GameLogic/Object/ObjectCreationListStoreDestructorThunk.cpp	ObjectCreationListStore
Code/GameEngine/Source/Common/Object_attemptDamage_Thunk.cpp	Code/GameEngine/Source/GameLogic/Object/Object_attemptDamage_Thunk.cpp	Object
Code/GameEngine/Source/Common/Object_bfmeSetStatusTrue.cpp	Code/GameEngine/Source/GameLogic/Object/Object_bfmeSetStatusTrue.cpp	Object
Code/GameEngine/Source/Common/Object_clearDisabled_Thunk.cpp	Code/GameEngine/Source/GameLogic/Object/Object_clearDisabled_Thunk.cpp	Object
Code/GameEngine/Source/Common/Object_doCommandButtonAtPosition_Thunk.cpp	Code/GameEngine/Source/GameLogic/Object/Object_doCommandButtonAtPosition_Thunk.cpp	Object
Code/GameEngine/Source/Common/Object_setSingleModelCondition.cpp	Code/GameEngine/Source/GameLogic/Object/Object_setSingleModelCondition.cpp	Object
Code/GameEngine/Source/Common/OpenContainDestructorThunk.cpp	Code/GameEngine/Source/GameLogic/Object/Contain/OpenContainDestructorThunk.cpp	OpenContain
Code/GameEngine/Source/Common/OptionPreferencesFixedStaticGameDetail.cpp	Code/GameEngine/Source/GameClient/GUI/GUICallbacks/Menus/OptionPreferencesFixedStaticGameDetail.cpp	OptionPreferences
Code/GameEngine/Source/Common/OptionPreferencesGetAudioLOD.cpp	Code/GameEngine/Source/GameClient/GUI/GUICallbacks/Menus/OptionPreferencesGetAudioLOD.cpp	OptionPreferences
Code/GameEngine/Source/Common/OptionPreferencesGetStaticGameDetail.cpp	Code/GameEngine/Source/GameClient/GUI/GUICallbacks/Menus/OptionPreferencesGetStaticGameDetail.cpp	OptionPreferences
Code/GameEngine/Source/Common/OptionPreferencesGetUsePixelShader.cpp	Code/GameEngine/Source/GameClient/GUI/GUICallbacks/Menus/OptionPreferencesGetUsePixelShader.cpp	OptionPreferences
Code/GameEngine/Source/Common/OptionPreferences_ctor.cpp	Code/GameEngine/Source/GameClient/GUI/GUICallbacks/Menus/OptionPreferences_ctor.cpp	OptionPreferences
Code/GameEngine/Source/Common/OptionPreferences_getBuildingOcclusionEnabled.cpp	Code/GameEngine/Source/GameClient/GUI/GUICallbacks/Menus/OptionPreferences_getBuildingOcclusionEnabled.cpp	OptionPreferences
Code/GameEngine/Source/Common/OptionPreferences_getCampaignDifficulty.cpp	Code/GameEngine/Source/GameClient/GUI/GUICallbacks/Menus/OptionPreferences_getCampaignDifficulty.cpp	OptionPreferences
Code/GameEngine/Source/Common/OptionPreferences_getFPSLimitEnabled.cpp	Code/GameEngine/Source/GameClient/GUI/GUICallbacks/Menus/OptionPreferences_getFPSLimitEnabled.cpp	OptionPreferences
Code/GameEngine/Source/Common/OptionPreferences_getFirewallNeedToRefresh.cpp	Code/GameEngine/Source/GameClient/GUI/GUICallbacks/Menus/OptionPreferences_getFirewallNeedToRefresh.cpp	OptionPreferences
Code/GameEngine/Source/Common/OptionPreferences_getIdealStaticGameDetail_Thunk.cpp	Code/GameEngine/Source/GameClient/GUI/GUICallbacks/Menus/OptionPreferences_getIdealStaticGameDetail_Thunk.cpp	OptionPreferences
Code/GameEngine/Source/Common/OptionPreferences_getLanguageFilter_Thunk.cpp	Code/GameEngine/Source/GameClient/GUI/GUICallbacks/Menus/OptionPreferences_getLanguageFilter_Thunk.cpp	OptionPreferences
Code/GameEngine/Source/Common/OptionPreferences_getParticleCap_Thunk.cpp	Code/GameEngine/Source/GameClient/GUI/GUICallbacks/Menus/OptionPreferences_getParticleCap_Thunk.cpp	OptionPreferences
Code/GameEngine/Source/Common/OptionPreferences_getSendDelay.cpp	Code/GameEngine/Source/GameClient/GUI/GUICallbacks/Menus/OptionPreferences_getSendDelay.cpp	OptionPreferences
Code/GameEngine/Source/Common/OptionPreferences_getTextureReduction_Thunk.cpp	Code/GameEngine/Source/GameClient/GUI/GUICallbacks/Menus/OptionPreferences_getTextureReduction_Thunk.cpp	OptionPreferences
Code/GameEngine/Source/Common/OptionPreferences_saveCameraInReplays.cpp	Code/GameEngine/Source/GameClient/GUI/GUICallbacks/Menus/OptionPreferences_saveCameraInReplays.cpp	OptionPreferences
Code/GameEngine/Source/Common/OptionPreferences_setCampaignDifficulty_Thunk.cpp	Code/GameEngine/Source/GameClient/GUI/GUICallbacks/Menus/OptionPreferences_setCampaignDifficulty_Thunk.cpp	OptionPreferences
Code/GameEngine/Source/Common/OptionPreferences_useCameraInReplays.cpp	Code/GameEngine/Source/GameClient/GUI/GUICallbacks/Menus/OptionPreferences_useCameraInReplays.cpp	OptionPreferences
Code/GameEngine/Source/Common/PartTheHeavensUpdateDestructorThunk.cpp	Code/GameEngine/Source/GameLogic/AI/PartTheHeavensUpdateDestructorThunk.cpp	PartTheHeavensUpdate
Code/GameEngine/Source/Common/ParticleEmitterClass_ScaleMethodThunk.cpp	Code/Libraries/Source/WWVegas/WW3D2/ParticleEmitterClass_ScaleMethodThunk.cpp	ParticleEmitterClass
Code/GameEngine/Source/Common/ParticleSystem_loadPostProcessMethodThunk.cpp	Code/GameEngine/Source/GameClient/System/ParticleSystem_loadPostProcessMethodThunk.cpp	ParticleSystem
Code/GameEngine/Source/Common/PartitionData_maybePrepend.cpp	Code/GameEngine/Source/GameLogic/Object/PartitionData_maybePrepend.cpp	PartitionData
Code/GameEngine/Source/Common/PassiveAreaEffectBehaviorDestructorThunk.cpp	Code/GameEngine/Source/GameLogic/Object/Behavior/PassiveAreaEffectBehaviorDestructorThunk.cpp	PassiveAreaEffectBehavior
Code/GameEngine/Source/Common/Pathfinder_isAttackViewBlockedByObstacle_Thunk.cpp	Code/GameEngine/Source/GameLogic/AI/Pathfinder_isAttackViewBlockedByObstacle_Thunk.cpp	Pathfinder
Code/GameEngine/Source/Common/PlayerListDestructorThunk.cpp	Code/GameEngine/Source/Common/RTS/PlayerListDestructorThunk.cpp	PlayerList
Code/GameEngine/Source/Common/PlayerTemplate_parseProductionVeterancyLevel_Thunk.cpp	Code/GameEngine/Source/Common/RTS/PlayerTemplate_parseProductionVeterancyLevel_Thunk.cpp	PlayerTemplate
Code/GameEngine/Source/Common/Player_becomingLocalPlayerMethodThunk.cpp	Code/GameEngine/Source/Common/RTS/Player_becomingLocalPlayerMethodThunk.cpp	Player
Code/GameEngine/Source/Common/Player_bfme_allowsSpecialPower.cpp	Code/GameEngine/Source/Common/RTS/Player_bfme_allowsSpecialPower.cpp	Player
Code/GameEngine/Source/Common/Player_killPlayer_Thunk.cpp	Code/GameEngine/Source/Common/RTS/Player_killPlayer_Thunk.cpp	Player
Code/GameEngine/Source/Common/PointDefenseLaserUpdateDestructorThunk.cpp	Code/GameEngine/Source/GameLogic/Object/Update/PointDefenseLaserUpdateDestructorThunk.cpp	PointDefenseLaserUpdate
Code/GameEngine/Source/Common/PoisonedBehavior_update.cpp	Code/GameEngine/Source/GameLogic/Object/Behavior/PoisonedBehavior_update.cpp	PoisonedBehavior
Code/GameEngine/Source/Common/ProcessAnimateWindowSlideFromBottomTimed_initReverseAnimateWindow_Thunk.cpp	Code/GameEngine/Source/GameClient/GUI/ProcessAnimateWindowSlideFromBottomTimed_initReverseAnimateWindow_Thunk.cpp	ProcessAnimateWindowSlideFromBottomTimed
Code/GameEngine/Source/Common/ProductionSpeedBonusDestructorThunk.cpp	Code/GameEngine/Source/GameLogic/AI/ProductionSpeedBonusDestructorThunk.cpp	ProductionSpeedBonus
Code/GameEngine/Source/Common/QueueProductionExitUpdateDestructorThunk.cpp	Code/GameEngine/Source/GameLogic/Object/Update/ProductionExitUpdate/QueueProductionExitUpdateDestructorThunk.cpp	QueueProductionExitUpdate
Code/GameEngine/Source/Common/R4OptionPreferencesBoolGetters.cpp	Code/GameEngine/Source/GameClient/GUI/GUICallbacks/Menus/R4OptionPreferencesBoolGetters.cpp	OptionPreferences
Code/GameEngine/Source/Common/R4OptionPreferencesShowProps.cpp	Code/GameEngine/Source/GameClient/GUI/GUICallbacks/Menus/R4OptionPreferencesShowProps.cpp	OptionPreferences
Code/GameEngine/Source/Common/RTS/BridgeMemberThunks.cpp	Code/GameEngine/Source/GameLogic/Map/BridgeMemberThunks.cpp	Bridge
Code/GameEngine/Source/Common/RTS/BuddyThreadClassConnectCallbackThunk.cpp	Code/GameEngine/Source/GameNetwork/GameSpy/Thread/BuddyThreadClassConnectCallbackThunk.cpp	BuddyThreadClass
Code/GameEngine/Source/Common/RTS/BuddyThreadClassErrorCallbackThunk.cpp	Code/GameEngine/Source/GameNetwork/GameSpy/Thread/BuddyThreadClassErrorCallbackThunk.cpp	BuddyThreadClass
Code/GameEngine/Source/Common/RTS/ConditionDuplicateThunk.cpp	Code/GameEngine/Source/GameLogic/ScriptEngine/ConditionDuplicateThunk.cpp	Condition
Code/GameEngine/Source/Common/RTS/ControlBarPopulateObserverListThunk.cpp	Code/GameEngine/Source/GameClient/GUI/ControlBar/ControlBarPopulateObserverListThunk.cpp	ControlBar
Code/GameEngine/Source/Common/RTS/DictEnsureUniqueThunk.cpp	Code/GameEngine/Source/Common/DictEnsureUniqueThunk.cpp	Dict
Code/GameEngine/Source/Common/RTS/DrawableClearAndSetModelConditionStateThunk.cpp	Code/GameEngine/Source/GameClient/DrawableClearAndSetModelConditionStateThunk.cpp	Drawable
Code/GameEngine/Source/Common/RTS/DrawableLoadPostProcessThunk.cpp	Code/GameEngine/Source/GameClient/DrawableLoadPostProcessThunk.cpp	Drawable
Code/GameEngine/Source/Common/RTS/EvaParseMessageFromIniThunk.cpp	Code/GameEngine/Source/GameClient/EvaParseMessageFromIniThunk.cpp	Eva
Code/GameEngine/Source/Common/RTS/FirewallHelperClassDetectionBeginUpdateThunk.cpp	Code/GameEngine/Source/GameNetwork/FirewallHelperClassDetectionBeginUpdateThunk.cpp	FirewallHelperClass
Code/GameEngine/Source/Common/RTS/GameLogicAwakenUpdateModuleThunk.cpp	Code/GameEngine/Source/GameLogic/System/GameLogicAwakenUpdateModuleThunk.cpp	GameLogic
Code/GameEngine/Source/Common/RTS/INIParseDynamicAudioEventRTSThunk.cpp	Code/Libraries/Source/WWVegas/WWLib/INIParseDynamicAudioEventRTSThunk.cpp	INI
Code/GameEngine/Source/Common/RTS/INIParseSoundsListThunk.cpp	Code/Libraries/Source/WWVegas/WWLib/INIParseSoundsListThunk.cpp	INI
Code/GameEngine/Source/Common/RTS/MapCacheLoadUserMapsThunk.cpp	Code/GameEngine/Source/GameClient/MapCacheLoadUserMapsThunk.cpp	MapCache
Code/GameEngine/Source/Common/RTS/MapCacheWriteCacheINIThunk.cpp	Code/GameEngine/Source/GameClient/MapCacheWriteCacheINIThunk.cpp	MapCache
Code/GameEngine/Source/Common/RTS/ObjectGetRelationshipThunk.cpp	Code/GameEngine/Source/GameLogic/Object/ObjectGetRelationshipThunk.cpp	Object
Code/GameEngine/Source/Common/RTS/PlayerCountObjects.cpp	Code/GameEngine/Source/GameLogic/PlayerCountObjects.cpp	Player
Code/GameEngine/Source/Common/RTS/PlayerFindClosestByObject.cpp	Code/GameEngine/Source/GameLogic/PlayerFindClosestByObject.cpp	Player
Code/GameEngine/Source/Common/RTS/PlayerFindSkirmishSide.cpp	Code/GameEngine/Source/GameLogic/PlayerFindSkirmishSide.cpp	Player
Code/GameEngine/Source/Common/RTS/PlayerGetBattlePlansActiveSpecificThunk.cpp	Code/GameEngine/Source/GameLogic/PlayerGetBattlePlansActiveSpecificThunk.cpp	Player
Code/GameEngine/Source/Common/RTS/PlayerHasAny.cpp	Code/GameEngine/Source/GameLogic/PlayerHasAny.cpp	Player
Code/GameEngine/Source/Common/RTS/PlayerObjectCounts.cpp	Code/GameEngine/Source/GameLogic/PlayerObjectCounts.cpp	Player
Code/GameEngine/Source/Common/RTS/PlayerProductionCost.cpp	Code/GameEngine/Source/GameLogic/PlayerProductionCost.cpp	Player
Code/GameEngine/Source/Common/RTS/PlayerRankAndScience.cpp	Code/GameEngine/Source/GameLogic/PlayerRankAndScience.cpp	Player
Code/GameEngine/Source/Common/RTS/PlayerRelationships.cpp	Code/GameEngine/Source/GameLogic/PlayerRelationships.cpp	Player
Code/GameEngine/Source/Common/RTS/PlayerSetCurrentlySelectedAIGroup.cpp	Code/GameEngine/Source/GameLogic/PlayerSetCurrentlySelectedAIGroup.cpp	Player
Code/GameEngine/Source/Common/RTS/PlayerUpgrades.cpp	Code/GameEngine/Source/GameLogic/PlayerUpgrades.cpp	Player
Code/GameEngine/Source/Common/RTS/Player_addScience_bfme.cpp	Code/GameEngine/Source/GameLogic/Player_addScience_bfme.cpp	Player
Code/GameEngine/Source/Common/RTS/Player_doBountyForKill_Thunk.cpp	Code/GameEngine/Source/GameLogic/Player_doBountyForKill_Thunk.cpp	Player
Code/GameEngine/Source/Common/RTS/Player_expressSpecialPowerReadyFrame.cpp	Code/GameEngine/Source/GameLogic/Player_expressSpecialPowerReadyFrame.cpp	Player
Code/GameEngine/Source/Common/RTS/Player_getOrStartSpecialPowerReadyFrame_headers.cpp	Code/GameEngine/Source/GameLogic/Player_getOrStartSpecialPowerReadyFrame_headers.cpp	Player
Code/GameEngine/Source/Common/RTS/Player_getScienceAvailabilityTypeFromString.cpp	Code/GameEngine/Source/GameLogic/Player_getScienceAvailabilityTypeFromString.cpp	Player
Code/GameEngine/Source/Common/RTS/Player_onUpgradeCompleted_stl.cpp	Code/GameEngine/Source/GameLogic/Player_onUpgradeCompleted_stl.cpp	Player
Code/GameEngine/Source/Common/RTS/Player_processCreateTeamGameMessage.cpp	Code/GameEngine/Source/GameLogic/Player_processCreateTeamGameMessage.cpp	Player
Code/GameEngine/Source/Common/RTS/Player_resetOrStartSpecialPowerReadyFrame.cpp	Code/GameEngine/Source/GameLogic/Player_resetOrStartSpecialPowerReadyFrame.cpp	Player
Code/GameEngine/Source/Common/RTS/Player_resetSciences.cpp	Code/GameEngine/Source/GameLogic/Player_resetSciences.cpp	Player
Code/GameEngine/Source/Common/RTS/Player_setDefaultTeam.cpp	Code/GameEngine/Source/GameLogic/Player_setDefaultTeam.cpp	Player
Code/GameEngine/Source/Common/RTS/Player_setRankLevel.cpp	Code/GameEngine/Source/GameLogic/Player_setRankLevel.cpp	Player
Code/GameEngine/Source/Common/RTS/Player_update_Thunk.cpp	Code/GameEngine/Source/GameLogic/Player_update_Thunk.cpp	Player
Code/GameEngine/Source/Common/RTS/RainOfFireUpdateFriendNewModuleDataThunk.cpp	Code/GameEngine/Source/GameLogic/AI/RainOfFireUpdateFriendNewModuleDataThunk.cpp	RainOfFireUpdate
Code/GameEngine/Source/Common/RTS/RainOfFireUpdateFriendNewModuleInstanceThunk.cpp	Code/GameEngine/Source/GameLogic/AI/RainOfFireUpdateFriendNewModuleInstanceThunk.cpp	RainOfFireUpdate
Code/GameEngine/Source/Common/RTS/RubbleRiseUpdateFriendNewModuleDataThunk.cpp	Code/GameEngine/Source/GameLogic/Object/Update/RubbleRiseUpdateFriendNewModuleDataThunk.cpp	RubbleRiseUpdate
Code/GameEngine/Source/Common/RTS/SpecialPowerTemplate.cpp	Code/GameEngine/Source/GameLogic/Object/SpecialPowerTemplate.cpp	SpecialPowerTemplate
Code/GameEngine/Source/Common/RTS/TeamCtorThunk.cpp	Code/GameEngine/Source/GameLogic/AI/TeamCtorThunk.cpp	Team
Code/GameEngine/Source/Common/RTS/TeamMemberQueries.cpp	Code/GameEngine/Source/GameLogic/AI/TeamMemberQueries.cpp	Team
Code/GameEngine/Source/Common/RTS/TeamPrototype_hasAnyBuildings.cpp	Code/GameEngine/Source/GameLogic/AI/TeamPrototype_hasAnyBuildings.cpp	Team
Code/GameEngine/Source/Common/RTS/TeamTargetObject.cpp	Code/GameEngine/Source/GameLogic/AI/TeamTargetObject.cpp	Team
Code/GameEngine/Source/Common/RTS/TeamTriggerAreaTests.cpp	Code/GameEngine/Source/GameLogic/AI/TeamTriggerAreaTests.cpp	Team
Code/GameEngine/Source/Common/RTS/Team_bfmeCall2440.cpp	Code/GameEngine/Source/GameLogic/AI/Team_bfmeCall2440.cpp	Team
Code/GameEngine/Source/Common/RTS/Team_countBuildings.cpp	Code/GameEngine/Source/GameLogic/AI/Team_countBuildings.cpp	Team
Code/GameEngine/Source/Common/RTS/Team_countObjects.cpp	Code/GameEngine/Source/GameLogic/AI/Team_countObjects.cpp	Team
Code/GameEngine/Source/Common/RTS/Team_damageTeamMembers.cpp	Code/GameEngine/Source/GameLogic/AI/Team_damageTeamMembers.cpp	Team
Code/GameEngine/Source/Common/RTS/Team_getHomePosition.cpp	Code/GameEngine/Source/GameLogic/AI/Team_getHomePosition.cpp	Team
Code/GameEngine/Source/Common/RTS/Team_loadPostProcess.cpp	Code/GameEngine/Source/GameLogic/AI/Team_loadPostProcess.cpp	Team
Code/GameEngine/Source/Common/RTS/Team_tryToRecruit_Thunk.cpp	Code/GameEngine/Source/GameLogic/AI/Team_tryToRecruit_Thunk.cpp	Team
Code/GameEngine/Source/Common/RTS/ToppleUpdateApplyTopplingForceThunk.cpp	Code/GameEngine/Source/GameLogic/Object/Update/ToppleUpdateApplyTopplingForceThunk.cpp	ToppleUpdate
Code/GameEngine/Source/Common/RTS/TunnelTracker.cpp	Code/GameEngine/Source/GameLogic/Object/Contain/TunnelTracker.cpp	TunnelTracker
Code/GameEngine/Source/Common/RTS/TunnelTrackerGetCurNemesis.cpp	Code/GameEngine/Source/GameLogic/Object/Contain/TunnelTrackerGetCurNemesis.cpp	TunnelTracker
Code/GameEngine/Source/Common/RTS/TunnelTracker_ctor.cpp	Code/GameEngine/Source/GameLogic/Object/Contain/TunnelTracker_ctor.cpp	TunnelTracker
Code/GameEngine/Source/Common/RTS/TunnelTracker_healObject.cpp	Code/GameEngine/Source/GameLogic/Object/Contain/TunnelTracker_healObject.cpp	TunnelTracker
Code/GameEngine/Source/Common/RTS/W1ObjectDLinkRemove.cpp	Code/GameEngine/Source/GameLogic/Object/W1ObjectDLinkRemove.cpp	Object
Code/GameEngine/Source/Common/RTS/W1TeamMemberDLink.cpp	Code/GameEngine/Source/GameLogic/AI/W1TeamMemberDLink.cpp	Team
Code/GameEngine/Source/Common/RTS/W3DRoadBufferInsertTeeThunk.cpp	Code/GameEngineDevice/Source/W3DDevice/GameClient/W3DRoadBufferInsertTeeThunk.cpp	W3DRoadBuffer
Code/GameEngine/Source/Common/RTS3DSceneDestructorThunk.cpp	Code/GameEngineDevice/Source/W3DDevice/GameClient/RTS3DSceneDestructorThunk.cpp	RTS3DScene
Code/GameEngine/Source/Common/RadarTryInfiltrationEventThunk.cpp	Code/GameEngine/Source/Common/System/RadarTryInfiltrationEventThunk.cpp	Radar
Code/GameEngine/Source/Common/Radar_refreshTerrain.cpp	Code/GameEngine/Source/Common/System/Radar_refreshTerrain.cpp	Radar
Code/GameEngine/Source/Common/RankInfoSkillPoints.cpp	Code/GameEngine/Source/GameLogic/System/RankInfoSkillPoints.cpp	RankInfo
Code/GameEngine/Source/Common/RebuildHoleBehaviorDestructorThunk.cpp	Code/GameEngine/Source/GameLogic/Object/Behavior/RebuildHoleBehaviorDestructorThunk.cpp	RebuildHoleBehavior
Code/GameEngine/Source/Common/Recorder.cpp	Code/GameEngine/Source/Common/System/Recorder.cpp	RecorderClass
Code/GameEngine/Source/Common/RecorderClassConstructor.cpp	Code/GameEngine/Source/Common/System/RecorderClassConstructor.cpp	RecorderClass
Code/GameEngine/Source/Common/RecorderClassDestructor.cpp	Code/GameEngine/Source/Common/System/RecorderClassDestructor.cpp	RecorderClass
Code/GameEngine/Source/Common/RecorderHandleCRCMessage.cpp	Code/GameEngine/Source/Common/System/RecorderHandleCRCMessage.cpp	RecorderClass
Code/GameEngine/Source/Common/RecorderInitControls_Thunk.cpp	Code/GameEngine/Source/Common/System/RecorderInitControls_Thunk.cpp	RecorderClass
Code/GameEngine/Source/Common/RecorderLogCRCMismatch.cpp	Code/GameEngine/Source/Common/System/RecorderLogCRCMismatch.cpp	RecorderClass
Code/GameEngine/Source/Common/RecorderLogGameStart.cpp	Code/GameEngine/Source/Common/System/RecorderLogGameStart.cpp	RecorderClass
Code/GameEngine/Source/Common/RecorderLogPlayerDisconnect.cpp	Code/GameEngine/Source/Common/System/RecorderLogPlayerDisconnect.cpp	RecorderClass
Code/GameEngine/Source/Common/RecorderReadReplayHeader.cpp	Code/GameEngine/Source/Common/System/RecorderReadReplayHeader.cpp	RecorderClass
Code/GameEngine/Source/Common/Recorder_isMultiplayer.cpp	Code/GameEngine/Source/Common/System/Recorder_isMultiplayer.cpp	RecorderClass
Code/GameEngine/Source/Common/Recorder_restoreGlobalDataFields.cpp	Code/GameEngine/Source/Common/System/Recorder_restoreGlobalDataFields.cpp	RecorderClass
Code/GameEngine/Source/Common/Render2DSentenceClass_Build_TexturesMethodThunk.cpp	Code/Libraries/Source/WWVegas/WW3D2/Render2DSentenceClass_Build_TexturesMethodThunk.cpp	Render2DSentenceClass
Code/GameEngine/Source/Common/RenderObjClassDestructorThunk.cpp	Code/Libraries/Source/WWVegas/WW3D2/RenderObjClassDestructorThunk.cpp	RenderObjClass
Code/GameEngine/Source/Common/ReplenishUnitsBehaviorDestructorThunk.cpp	Code/GameEngine/Source/GameLogic/Object/Behavior/ReplenishUnitsBehaviorDestructorThunk.cpp	ReplenishUnitsBehavior
Code/GameEngine/Source/Common/ResourceGatheringManagerDestructor.cpp	Code/GameEngine/Source/Common/RTS/ResourceGatheringManagerDestructor.cpp	ResourceGatheringManager
Code/GameEngine/Source/Common/RoadSegment_updateSegLightingMethodThunk.cpp	Code/GameEngineDevice/Source/W3DDevice/GameClient/RoadSegment_updateSegLightingMethodThunk.cpp	RoadSegment
Code/GameEngine/Source/Common/Rva0069F150DestroyAuxDeque.cpp	Code/Libraries/Source/WWVegas/WWLib/Rva0069F150DestroyAuxDeque.cpp	_STL
Code/GameEngine/Source/Common/Rva006AEE00Init.cpp	Code/GameEngine/Source/GameClient/Rva006AEE00Init.cpp	Rva006AEE00
Code/GameEngine/Source/Common/Rva007DB820Ctor.cpp	Code/GameEngineDevice/Source/W3DDevice/GameClient/Rva007DB820Ctor.cpp	Rva007DB820
Code/GameEngine/Source/Common/Rva007DB820FilterDestructor.cpp	Code/GameEngineDevice/Source/W3DDevice/GameClient/Rva007DB820FilterDestructor.cpp	Rva007DB820
Code/GameEngine/Source/Common/Rva007DB820FilterShutdown.cpp	Code/GameEngineDevice/Source/W3DDevice/GameClient/Rva007DB820FilterShutdown.cpp	Rva007DB820
Code/GameEngine/Source/Common/Rva007DCA80Ctor.cpp	Code/GameEngineDevice/Source/W3DDevice/GameClient/Rva007DCA80Ctor.cpp	Rva007DCA80
Code/GameEngine/Source/Common/Rva007DCA80FilterDestructor.cpp	Code/GameEngineDevice/Source/W3DDevice/GameClient/Rva007DCA80FilterDestructor.cpp	Rva007DCA80
Code/GameEngine/Source/Common/Rva00803080Set.cpp	Code/GameEngine/Source/GameNetwork/Rva00803080Set.cpp	Rva00803080
Code/GameEngine/Source/Common/Rva00832100Release.cpp	Code/Libraries/Source/WWVegas/WWLib/Rva00832100Release.cpp	_STL
Code/GameEngine/Source/Common/Rva00832740Release.cpp	Code/Libraries/Source/WWVegas/WWLib/Rva00832740Release.cpp	_STL
Code/GameEngine/Source/Common/Rva00C70CA0Release.cpp	Code/Libraries/Source/WWVegas/WWLib/Rva00C70CA0Release.cpp	_STL
Code/GameEngine/Source/Common/ScoreKeeper_totalDestroyed.cpp	Code/GameEngine/Source/Common/RTS/ScoreKeeper_totalDestroyed.cpp	ScoreKeeper
Code/GameEngine/Source/Common/ScreenCrossFadeFilter_initMethodThunk.cpp	Code/GameEngineDevice/Source/W3DDevice/GameClient/ScreenCrossFadeFilter_initMethodThunk.cpp	ScreenCrossFadeFilter
Code/GameEngine/Source/Common/ScreenDefaultFilter_postRender.cpp	Code/GameEngineDevice/Source/W3DDevice/GameClient/ScreenDefaultFilter_postRender.cpp	ScreenDefaultFilter
Code/GameEngine/Source/Common/ScreenHilightFilterConstructor.cpp	Code/GameEngineDevice/Source/W3DDevice/GameClient/ScreenHilightFilterConstructor.cpp	ScreenHilightFilter
Code/GameEngine/Source/Common/ScreenHilightFilterShutdown.cpp	Code/GameEngineDevice/Source/W3DDevice/GameClient/ScreenHilightFilterShutdown.cpp	ScreenHilightFilter
Code/GameEngine/Source/Common/ScriptActionsUnitGuardForFramecount.cpp	Code/GameEngine/Source/GameLogic/ScriptEngine/ScriptActionsUnitGuardForFramecount.cpp	ScriptActions
Code/GameEngine/Source/Common/ScriptActions_doRotateCameraTowardObject_Thunk.cpp	Code/GameEngine/Source/GameLogic/ScriptEngine/ScriptActions_doRotateCameraTowardObject_Thunk.cpp	ScriptActions
Code/GameEngine/Source/Common/ScriptActions_doTeamDecreasePriorityThunk.cpp	Code/GameEngine/Source/GameLogic/ScriptEngine/ScriptActions_doTeamDecreasePriorityThunk.cpp	ScriptActions
Code/GameEngine/Source/Common/ScriptActions_doUnitReceiveUpgrade_Thunk.cpp	Code/GameEngine/Source/GameLogic/ScriptEngine/ScriptActions_doUnitReceiveUpgrade_Thunk.cpp	ScriptActions
Code/GameEngine/Source/Common/ScriptConditionsDestructorThunk.cpp	Code/GameEngine/Source/GameLogic/ScriptEngine/ScriptConditionsDestructorThunk.cpp	ScriptConditions
Code/GameEngine/Source/Common/ScriptGroup_addScript_Thunk.cpp	Code/GameEngine/Source/GameLogic/ScriptEngine/ScriptGroup_addScript_Thunk.cpp	ScriptGroup
Code/GameEngine/Source/Common/ScriptList_ParseScriptListDataChunkThunk.cpp	Code/GameEngine/Source/GameLogic/ScriptEngine/ScriptList_ParseScriptListDataChunkThunk.cpp	ScriptList
Code/GameEngine/Source/Common/ScriptList_xferMethodThunk.cpp	Code/GameEngine/Source/GameLogic/ScriptEngine/ScriptList_xferMethodThunk.cpp	ScriptList
Code/GameEngine/Source/Common/SegLineRendererClassAssignThunk.cpp	Code/Libraries/Source/WWVegas/WW3D2/SegLineRendererClassAssignThunk.cpp	TextureBaseClass
Code/GameEngine/Source/Common/ShareExperienceBehaviorDestructorThunk.cpp	Code/GameEngine/Source/GameLogic/AI/ShareExperienceBehaviorDestructorThunk.cpp	ShareExperienceBehavior
Code/GameEngine/Source/Common/ShellMenuSchemeDestructor.cpp	Code/GameEngine/Source/GameClient/GUI/Shell/ShellMenuSchemeDestructor.cpp	ShellMenuScheme
Code/GameEngine/Source/Common/ShellMenuSchemeManager_newShellMenuScheme_Thunk.cpp	Code/GameEngine/Source/GameClient/GUI/Shell/ShellMenuSchemeManager_newShellMenuScheme_Thunk.cpp	ShellMenuSchemeManager
Code/GameEngine/Source/Common/ShellMenuSchemeManager_parseImagePart_Thunk.cpp	Code/GameEngine/Source/GameClient/GUI/Shell/ShellMenuSchemeManager_parseImagePart_Thunk.cpp	ShellMenuSchemeManager
Code/GameEngine/Source/Common/ShellMenuSchemeManager_parseLinePart_Thunk.cpp	Code/GameEngine/Source/GameClient/GUI/Shell/ShellMenuSchemeManager_parseLinePart_Thunk.cpp	ShellMenuSchemeManager
Code/GameEngine/Source/Common/Shell_push_Thunk.cpp	Code/GameEngine/Source/GameClient/GUI/Shell/Shell_push_Thunk.cpp	Shell
Code/GameEngine/Source/Common/Shell_showShellMap.cpp	Code/GameEngine/Source/GameClient/GUI/Shell/Shell_showShellMap.cpp	Shell
Code/GameEngine/Source/Common/SidesInfoDestructorThunk.cpp	Code/GameEngine/Source/GameLogic/Map/SidesInfoDestructorThunk.cpp	SidesInfo
Code/GameEngine/Source/Common/SidesInfo_clear.cpp	Code/GameEngine/Source/GameLogic/Map/SidesInfo_clear.cpp	SidesInfo
Code/GameEngine/Source/Common/SidesListDestructorThunk.cpp	Code/GameEngine/Source/GameLogic/Map/SidesListDestructorThunk.cpp	SidesList
Code/GameEngine/Source/Common/SidesList_isPlayerDefaultTeam_Thunk.cpp	Code/GameEngine/Source/GameLogic/Map/SidesList_isPlayerDefaultTeam_Thunk.cpp	SidesList
Code/GameEngine/Source/Common/SidesList_prepareForMP_or_SkirmishMethodThunk.cpp	Code/GameEngine/Source/GameLogic/Map/SidesList_prepareForMP_or_SkirmishMethodThunk.cpp	SidesList
Code/GameEngine/Source/Common/SidesList_removeSideMethodThunk.cpp	Code/GameEngine/Source/GameLogic/Map/SidesList_removeSideMethodThunk.cpp	SidesList
Code/GameEngine/Source/Common/SiegeDeployHordeSpecialPowerDestructorThunk.cpp	Code/GameEngine/Source/Common/Thing/SiegeDeployHordeSpecialPowerDestructorThunk.cpp	SiegeDeployHordeSpecialPower
Code/GameEngine/Source/Common/SiegeDeploySpecialPowerDestructorThunk.cpp	Code/GameEngine/Source/GameLogic/Object/SpecialPower/SiegeDeploySpecialPowerDestructorThunk.cpp	SiegeDeploySpecialPower
Code/GameEngine/Source/Common/SiegeEngineContainDestructorThunk.cpp	Code/GameEngine/Source/GameLogic/AI/SiegeEngineContainDestructorThunk.cpp	SiegeEngineContain
Code/GameEngine/Source/Common/SimpleSceneClass_Add_Render_Object_Thunk.cpp	Code/Libraries/Source/WWVegas/WW3D2/SimpleSceneClass_Add_Render_Object_Thunk.cpp	SimpleSceneClass
Code/GameEngine/Source/Common/SimpleSceneClass_Register_Thunk.cpp	Code/Libraries/Source/WWVegas/WW3D2/SimpleSceneClass_Register_Thunk.cpp	SimpleSceneClass
Code/GameEngine/Source/Common/SimpleSceneClass_Remove_Render_Object_Thunk.cpp	Code/Libraries/Source/WWVegas/WW3D2/SimpleSceneClass_Remove_Render_Object_Thunk.cpp	SimpleSceneClass
Code/GameEngine/Source/Common/SimpleSceneClass_Unregister_Thunk.cpp	Code/Libraries/Source/WWVegas/WW3D2/SimpleSceneClass_Unregister_Thunk.cpp	SimpleSceneClass
Code/GameEngine/Source/Common/SkirmishPreferencesGetStartingCashThunk.cpp	Code/GameEngine/Source/GameClient/GUI/GUICallbacks/Menus/SkirmishPreferencesGetStartingCashThunk.cpp	SkirmishPreferences
Code/GameEngine/Source/Common/SkirmishPreferences_getPreferredColor.cpp	Code/GameEngine/Source/GameClient/GUI/GUICallbacks/Menus/SkirmishPreferences_getPreferredColor.cpp	SkirmishPreferences
Code/GameEngine/Source/Common/SkirmishPreferences_getPreferredFaction.cpp	Code/GameEngine/Source/GameClient/GUI/GUICallbacks/Menus/SkirmishPreferences_getPreferredFaction.cpp	SkirmishPreferences
Code/GameEngine/Source/Common/SkirmishPreferences_getSlotList.cpp	Code/GameEngine/Source/GameClient/GUI/GUICallbacks/Menus/SkirmishPreferences_getSlotList.cpp	SkirmishPreferences
Code/GameEngine/Source/Common/SkirmishPreferences_setSlotList.cpp	Code/GameEngine/Source/GameClient/GUI/GUICallbacks/Menus/SkirmishPreferences_setSlotList.cpp	SkirmishPreferences
Code/GameEngine/Source/Common/SlaughterHordeContainDestructorThunk.cpp	Code/GameEngine/Source/GameLogic/AI/SlaughterHordeContainDestructorThunk.cpp	SlaughterHordeContain
Code/GameEngine/Source/Common/SlaveWatcherBehaviorDestructorThunk.cpp	Code/GameEngine/Source/GameLogic/Object/Behavior/SlaveWatcherBehaviorDestructorThunk.cpp	SlaveWatcherBehavior
Code/GameEngine/Source/Common/SmallGaps/Rva0094E060SetSortLevel.cpp	Code/Libraries/Source/WWVegas/WW3D2/Rva0094E060SetSortLevel.cpp	MeshModelClass
Code/GameEngine/Source/Common/SmartBombTargetHomingUpdateDestructorThunk.cpp	Code/GameEngine/Source/GameLogic/Object/Update/SmartBombTargetHomingUpdateDestructorThunk.cpp	SmartBombTargetHomingUpdate
Code/GameEngine/Source/Common/SoundFXNugget_doFXObj_Thunk.cpp	Code/GameEngine/Source/GameClient/SoundFXNugget_doFXObj_Thunk.cpp	SoundFXNugget
Code/GameEngine/Source/Common/SpecialEnemySenseUpdateDestructorThunk.cpp	Code/GameEngine/Source/GameLogic/Object/Update/SpecialEnemySenseUpdateDestructorThunk.cpp	SpecialEnemySenseUpdate
Code/GameEngine/Source/Common/SpecialPowerCompletionDieDestructorThunk.cpp	Code/GameEngine/Source/GameLogic/Object/Die/SpecialPowerCompletionDieDestructorThunk.cpp	SpecialPowerCompletionDie
Code/GameEngine/Source/Common/SpecialPowerModuleDestructorThunk.cpp	Code/GameEngine/Source/GameLogic/Object/SpecialPower/SpecialPowerModuleDestructorThunk.cpp	SpecialPowerModule
Code/GameEngine/Source/Common/SpecialPowerModule_getReadyFrame_Thunk.cpp	Code/GameEngine/Source/GameLogic/Object/SpecialPower/SpecialPowerModule_getReadyFrame_Thunk.cpp	SpecialPowerModule
Code/GameEngine/Source/Common/SpecialPowerModule_loadPostProcessMethodThunk.cpp	Code/GameEngine/Source/GameLogic/Object/SpecialPower/SpecialPowerModule_loadPostProcessMethodThunk.cpp	SpecialPowerModule
Code/GameEngine/Source/Common/SpecialPowerModule_onSpecialPowerCreationMethodThunk.cpp	Code/GameEngine/Source/GameLogic/Object/SpecialPower/SpecialPowerModule_onSpecialPowerCreationMethodThunk.cpp	SpecialPowerModule
Code/GameEngine/Source/Common/SpecialPowerModule_startPowerRecharge.cpp	Code/GameEngine/Source/GameLogic/Object/SpecialPower/SpecialPowerModule_startPowerRecharge.cpp	SpecialPowerModule
Code/GameEngine/Source/Common/SpecialPowerStoreDestructorThunk.cpp	Code/GameEngine/Source/Common/RTS/SpecialPowerStoreDestructorThunk.cpp	SpecialPowerStore
Code/GameEngine/Source/Common/SpecialPowerTemplateCtorThunk.cpp	Code/GameEngine/Source/GameLogic/Object/SpecialPowerTemplateCtorThunk.cpp	SpecialPowerTemplate
Code/GameEngine/Source/Common/SpecialPowerTemplateDestructorThunk.cpp	Code/GameEngine/Source/GameLogic/Object/SpecialPowerTemplateDestructorThunk.cpp	SpecialPowerTemplate
Code/GameEngine/Source/Common/SphereClassReCenter.cpp	Code/GameEngineDevice/Source/W3DDevice/GameClient/SphereClassReCenter.cpp	SphereClass
Code/GameEngine/Source/Common/SquadDestructorThunk.cpp	Code/GameEngine/Source/GameLogic/AI/SquadDestructorThunk.cpp	Squad
Code/GameEngine/Source/Common/StateConstructor.cpp	Code/GameEngine/Source/GameLogic/AI/StateConstructor.cpp	State
Code/GameEngine/Source/Common/StateMachineCtorThunk.cpp	Code/GameEngine/Source/GameLogic/AI/StateMachineCtorThunk.cpp	StateMachine
Code/GameEngine/Source/Common/StateMachineDestructorThunk.cpp	Code/GameEngine/Source/GameLogic/AI/StateMachineDestructorThunk.cpp	StateMachine
Code/GameEngine/Source/Common/StateMachine_updateStateMachineTwin.cpp	Code/GameEngine/Source/GameLogic/AI/StateMachine_updateStateMachineTwin.cpp	StateMachine
Code/GameEngine/Source/Common/State_friend_checkForTransitionsTwin.cpp	Code/GameEngine/Source/GameLogic/AI/State_friend_checkForTransitionsTwin.cpp	State
Code/GameEngine/Source/Common/StreamingArchiveFileRead.cpp	Code/GameEngine/Source/Common/System/StreamingArchiveFileRead.cpp	StreamingArchiveFile
Code/GameEngine/Source/Common/StructureToppleUpdate_beginStructureTopple_Thunk.cpp	Code/GameEngine/Source/GameLogic/Object/Update/StructureToppleUpdate_beginStructureTopple_Thunk.cpp	StructureToppleUpdate
Code/GameEngine/Source/Common/StructureToppleUpdate_onDie_Thunk.cpp	Code/GameEngine/Source/GameLogic/Object/Update/StructureToppleUpdate_onDie_Thunk.cpp	StructureToppleUpdate
Code/GameEngine/Source/Common/SuperweaponInfoCtorThunk.cpp	Code/GameEngine/Source/GameClient/SuperweaponInfoCtorThunk.cpp	SuperweaponInfo
Code/GameEngine/Source/Common/SupplyTruckAIUpdateDestructorThunk.cpp	Code/GameEngine/Source/GameLogic/Object/Update/AIUpdate/SupplyTruckAIUpdateDestructorThunk.cpp	SupplyTruckAIUpdate
Code/GameEngine/Source/Common/SupplyWarehouseDockUpdate_setCashValue.cpp	Code/GameEngine/Source/GameLogic/Object/Update/DockUpdate/SupplyWarehouseDockUpdate_setCashValue.cpp	SupplyWarehouseDockUpdate
Code/GameEngine/Source/Common/SupplyWarehouseDockUpdate_setDockCrippledMethodThunk.cpp	Code/GameEngine/Source/GameLogic/Object/Update/DockUpdate/SupplyWarehouseDockUpdate_setDockCrippledMethodThunk.cpp	SupplyWarehouseDockUpdate
Code/GameEngine/Source/Common/System/AsciiString.cpp	Code/Libraries/Source/WWVegas/WWLib/AsciiString.cpp	AsciiString
Code/GameEngine/Source/Common/System/AsciiString_endsWith_BfmeTwin.cpp	Code/Libraries/Source/WWVegas/WWLib/AsciiString_endsWith_BfmeTwin.cpp	AsciiString
Code/GameEngine/Source/Common/System/CrateTemplateDtor.cpp	Code/GameEngine/Source/GameLogic/System/CrateTemplateDtor.cpp	CrateTemplate
Code/GameEngine/Source/Common/System/INIDefaultConstructorThunk.cpp	Code/Libraries/Source/WWVegas/WWLib/INIDefaultConstructorThunk.cpp	INI
Code/GameEngine/Source/Common/System/RAMFile.cpp	Code/Libraries/Source/WWVegas/WWLib/RAMFile.cpp	RAMFile
Code/GameEngine/Source/Common/System/RAMFileOpenByNameThunk.cpp	Code/Libraries/Source/WWVegas/WWLib/RAMFileOpenByNameThunk.cpp	RAMFile
Code/GameEngine/Source/Common/System/RAMFileOpenFromFile.cpp	Code/Libraries/Source/WWVegas/WWLib/RAMFileOpenFromFile.cpp	RAMFile
Code/GameEngine/Source/Common/System/RadarCtorThunk.cpp	Code/GameEngine/Source/GameLogic/ScriptEngine/RadarCtorThunk.cpp	Radar
Code/GameEngine/Source/Common/System/RadarIsRadarWindowThunk.cpp	Code/GameEngine/Source/GameLogic/ScriptEngine/RadarIsRadarWindowThunk.cpp	Radar
Code/GameEngine/Source/Common/System/RadarLocalPixelToRadar.cpp	Code/GameEngine/Source/GameLogic/ScriptEngine/RadarLocalPixelToRadar.cpp	Radar
Code/GameEngine/Source/Common/System/RadarTryEvent.cpp	Code/GameEngine/Source/GameLogic/ScriptEngine/RadarTryEvent.cpp	Radar
Code/GameEngine/Source/Common/System/RadarTryUnderAttackEventThunk.cpp	Code/GameEngine/Source/GameLogic/ScriptEngine/RadarTryUnderAttackEventThunk.cpp	Radar
Code/GameEngine/Source/Common/System/Radar_createPlayerEvent.cpp	Code/GameEngine/Source/GameLogic/ScriptEngine/Radar_createPlayerEvent.cpp	Radar
Code/GameEngine/Source/Common/System/SaveGame/GameStateMap.cpp	Code/GameEngine/Source/GameLogic/System/GameStateMap.cpp	GameLogic
Code/GameEngine/Source/Common/System/UnicodeString.cpp	Code/Libraries/Source/WWVegas/WWLib/UnicodeString.cpp	UnicodeString
Code/GameEngine/Source/Common/System/WeaponStore_update.cpp	Code/GameEngine/Source/GameLogic/Object/WeaponStore_update.cpp	WeaponStore
Code/GameEngine/Source/Common/System/game_engine_subsystems.cpp	Code/GameEngine/Source/Common/game_engine_subsystems.cpp	GlobalData
Code/GameEngine/Source/Common/System/module_factory.cpp	Code/GameEngine/Source/Common/Thing/module_factory.cpp	ModuleFactory
Code/GameEngine/Source/Common/TeamDestructorThunk.cpp	Code/GameEngine/Source/Common/RTS/TeamDestructorThunk.cpp	Team
Code/GameEngine/Source/Common/TeamFactory_createInactiveTeam_Thunk.cpp	Code/GameEngine/Source/Common/RTS/TeamFactory_createInactiveTeam_Thunk.cpp	TeamFactory
Code/GameEngine/Source/Common/TeamInQueue_disbandMethodThunk.cpp	Code/GameEngine/Source/GameLogic/AI/TeamInQueue_disbandMethodThunk.cpp	TeamInQueue
Code/GameEngine/Source/Common/TeamRelationMap_xfer.cpp	Code/GameEngine/Source/Common/RTS/TeamRelationMap_xfer.cpp	TeamRelationMap
Code/GameEngine/Source/Common/Team_evacuateTeam.cpp	Code/GameEngine/Source/Common/RTS/Team_evacuateTeam.cpp	Team
Code/GameEngine/Source/Common/Team_hasAnyBuildings.cpp	Code/GameEngine/Source/Common/RTS/Team_hasAnyBuildings.cpp	Team
Code/GameEngine/Source/Common/Team_updateGenericScriptsMethodThunk.cpp	Code/GameEngine/Source/Common/RTS/Team_updateGenericScriptsMethodThunk.cpp	Team
Code/GameEngine/Source/Common/TemplateDestructorThunk.cpp	Code/Libraries/Source/TemplateDestructorThunk.cpp	Template
Code/GameEngine/Source/Common/TensileFormationUpdateDestructorThunk.cpp	Code/GameEngine/Source/GameLogic/Object/Update/TensileFormationUpdateDestructorThunk.cpp	TensileFormationUpdate
Code/GameEngine/Source/Common/TerrainLogicDestructorThunk.cpp	Code/GameEngine/Source/GameLogic/Map/TerrainLogicDestructorThunk.cpp	TerrainLogic
Code/GameEngine/Source/Common/TerrainLogic_loadMap_Thunk.cpp	Code/GameEngine/Source/GameLogic/Map/TerrainLogic_loadMap_Thunk.cpp	TerrainLogic
Code/GameEngine/Source/Common/TerrainRoadTypeConstructorThunk.cpp	Code/GameEngine/Source/GameClient/Terrain/TerrainRoadTypeConstructorThunk.cpp	TerrainRoadType
Code/GameEngine/Source/Common/TerrainRoadTypeDestructorThunk.cpp	Code/GameEngine/Source/GameClient/Terrain/TerrainRoadTypeDestructorThunk.cpp	TerrainRoadType
Code/GameEngine/Source/Common/TerrainRoads_find.cpp	Code/GameEngine/Source/GameClient/Terrain/TerrainRoads_find.cpp	TerrainRoadCollection
Code/GameEngine/Source/Common/TerrainTracksRenderObjClassCtor.cpp	Code/GameEngineDevice/Source/W3DDevice/GameClient/TerrainTracksRenderObjClassCtor.cpp	TerrainTracksRenderObjClass
Code/GameEngine/Source/Common/TextTypeTransitionConstructor.cpp	Code/GameEngine/Source/GameClient/GUI/TextTypeTransitionConstructor.cpp	TextTypeTransition
Code/GameEngine/Source/Common/TextTypeTransitionDestructorThunk.cpp	Code/GameEngine/Source/GameClient/GUI/TextTypeTransitionDestructorThunk.cpp	TextTypeTransition
Code/GameEngine/Source/Common/Thing/ActiveBodyFriendNewModuleInstanceThunk.cpp	Code/GameEngine/Source/GameLogic/Object/Body/ActiveBodyFriendNewModuleInstanceThunk.cpp	ActiveBody
Code/GameEngine/Source/Common/Thing/AnimatedParticleSysBoneClientUpdateFriendNewModuleInstanceThunk.cpp	Code/GameEngine/Source/GameClient/Drawable/Update/AnimatedParticleSysBoneClientUpdateFriendNewModuleInstanceThunk.cpp	AnimatedParticleSysBoneClientUpdate
Code/GameEngine/Source/Common/Thing/BeaconClientUpdateFriendNewModuleInstanceThunk.cpp	Code/GameEngine/Source/GameClient/Drawable/Update/BeaconClientUpdateFriendNewModuleInstanceThunk.cpp	BeaconClientUpdate
Code/GameEngine/Source/Common/Thing/BoneFXDamageFriendNewModuleInstanceThunk.cpp	Code/GameEngine/Source/GameLogic/Object/Damage/BoneFXDamageFriendNewModuleInstanceThunk.cpp	BoneFXDamage
Code/GameEngine/Source/Common/Thing/CloudBreakSpecialPowerFriendNewModuleDataThunk.cpp	Code/GameEngine/Source/GameLogic/Object/SpecialPower/CloudBreakSpecialPowerFriendNewModuleDataThunk.cpp	CloudBreakSpecialPower
Code/GameEngine/Source/Common/Thing/CloudBreakSpecialPowerFriendNewModuleInstanceThunk.cpp	Code/GameEngine/Source/GameLogic/Object/SpecialPower/CloudBreakSpecialPowerFriendNewModuleInstanceThunk.cpp	CloudBreakSpecialPower
Code/GameEngine/Source/Common/Thing/DefectorSpecialPower_friend_newModuleInstance.cpp	Code/GameEngine/Source/GameLogic/Object/SpecialPower/DefectorSpecialPower_friend_newModuleInstance.cpp	DefectorSpecialPower
Code/GameEngine/Source/Common/Thing/DominateEnemySpecialPowerFriendNewModuleDataThunk.cpp	Code/GameEngine/Source/GameLogic/Object/SpecialPower/DominateEnemySpecialPowerFriendNewModuleDataThunk.cpp	DominateEnemySpecialPower
Code/GameEngine/Source/Common/Thing/DominateEnemySpecialPowerFriendNewModuleInstanceThunk.cpp	Code/GameEngine/Source/GameLogic/Object/SpecialPower/DominateEnemySpecialPowerFriendNewModuleInstanceThunk.cpp	DominateEnemySpecialPower
Code/GameEngine/Source/Common/Thing/EvacuateDamageFriendNewModuleDataThunk.cpp	Code/GameEngine/Source/GameLogic/Object/Damage/EvacuateDamageFriendNewModuleDataThunk.cpp	EvacuateDamage
Code/GameEngine/Source/Common/Thing/EvacuateDamageFriendNewModuleInstanceThunk.cpp	Code/GameEngine/Source/GameLogic/Object/Damage/EvacuateDamageFriendNewModuleInstanceThunk.cpp	EvacuateDamage
Code/GameEngine/Source/Common/Thing/FreeLifeBodyFriendNewModuleInstanceThunk.cpp	Code/GameEngine/Source/GameLogic/Object/Body/FreeLifeBodyFriendNewModuleInstanceThunk.cpp	FreeLifeBody
Code/GameEngine/Source/Common/Thing/GrantUpgradeCreateFriendNewModuleDataThunk.cpp	Code/GameEngine/Source/GameLogic/Object/Create/GrantUpgradeCreateFriendNewModuleDataThunk.cpp	GrantUpgradeCreate
Code/GameEngine/Source/Common/Thing/GrantUpgradeCreateFriendNewModuleInstanceThunk.cpp	Code/GameEngine/Source/GameLogic/Object/Create/GrantUpgradeCreateFriendNewModuleInstanceThunk.cpp	GrantUpgradeCreate
Code/GameEngine/Source/Common/Thing/HighlanderBodyFriendNewModuleInstanceThunk.cpp	Code/GameEngine/Source/GameLogic/Object/Body/HighlanderBodyFriendNewModuleInstanceThunk.cpp	HighlanderBody
Code/GameEngine/Source/Common/Thing/ImmortalBodyFriendNewModuleInstanceThunk.cpp	Code/GameEngine/Source/GameLogic/Object/Body/ImmortalBodyFriendNewModuleInstanceThunk.cpp	ImmortalBody
Code/GameEngine/Source/Common/Thing/ModuleFactoryConstructor.cpp	Code/GameEngine/Source/Common/System/ModuleFactoryConstructor.cpp	ModuleFactory
Code/GameEngine/Source/Common/Thing/ModuleFactory_rva00127e80.cpp	Code/GameEngine/Source/Common/System/ModuleFactory_rva00127e80.cpp	ModuleFactory
Code/GameEngine/Source/Common/Thing/ModuleInfoClearAi.cpp	Code/GameEngine/Source/GameClient/ModuleInfoClearAi.cpp	ModuleInfo
Code/GameEngine/Source/Common/Thing/ModuleInfoClearCopiedFromDefaultEntries.cpp	Code/GameEngine/Source/GameClient/ModuleInfoClearCopiedFromDefaultEntries.cpp	ModuleInfo
Code/GameEngine/Source/Common/Thing/ModuleInfoClearModuleDataWithTag.cpp	Code/GameEngine/Source/GameClient/ModuleInfoClearModuleDataWithTag.cpp	ModuleInfo
Code/GameEngine/Source/Common/Thing/ModuleNameKeys_00.cpp	Code/GameEngine/Source/GameLogic/Object/ModuleNameKeys_00.cpp	ObjectRecoveryHelper
Code/GameEngine/Source/Common/Thing/OCLSpecialPowerFriendNewModuleInstanceThunk.cpp	Code/GameEngine/Source/GameLogic/Object/SpecialPower/OCLSpecialPowerFriendNewModuleInstanceThunk.cpp	OCLSpecialPower
Code/GameEngine/Source/Common/Thing/OathbreakerBodyFriendNewModuleInstanceThunk.cpp	Code/GameEngine/Source/GameLogic/Object/Body/OathbreakerBodyFriendNewModuleInstanceThunk.cpp	OathbreakerBody
Code/GameEngine/Source/Common/Thing/PreorderCreateFriendNewModuleInstanceThunk.cpp	Code/GameEngine/Source/GameLogic/Object/Create/PreorderCreateFriendNewModuleInstanceThunk.cpp	PreorderCreate
Code/GameEngine/Source/Common/Thing/RandomSoundSelectorClientBehaviorFriendNewModuleInstanceThunk.cpp	Code/GameEngine/Source/GameClient/Drawable/Behavior/RandomSoundSelectorClientBehaviorFriendNewModuleInstanceThunk.cpp	RandomSoundSelectorClientBehavior
Code/GameEngine/Source/Common/Thing/ReflectDamageFriendNewModuleDataThunk.cpp	Code/GameEngine/Source/GameLogic/Object/Damage/ReflectDamageFriendNewModuleDataThunk.cpp	ReflectDamage
Code/GameEngine/Source/Common/Thing/ReflectDamageFriendNewModuleInstanceThunk.cpp	Code/GameEngine/Source/GameLogic/Object/Damage/ReflectDamageFriendNewModuleInstanceThunk.cpp	ReflectDamage
Code/GameEngine/Source/Common/Thing/RespawnUpdateFriendNewModuleInstanceThunk.cpp	Code/GameEngine/Source/GameLogic/Object/Update/RespawnUpdateFriendNewModuleInstanceThunk.cpp	RespawnUpdate
Code/GameEngine/Source/Common/Thing/ScavengerSpecialPowerFriendNewModuleDataThunk.cpp	Code/GameEngine/Source/GameLogic/Object/SpecialPower/ScavengerSpecialPowerFriendNewModuleDataThunk.cpp	ScavengerSpecialPower
Code/GameEngine/Source/Common/Thing/ScavengerSpecialPowerFriendNewModuleInstanceThunk.cpp	Code/GameEngine/Source/GameLogic/Object/SpecialPower/ScavengerSpecialPowerFriendNewModuleInstanceThunk.cpp	ScavengerSpecialPower
Code/GameEngine/Source/Common/Thing/SpecialPowerCreateFriendNewModuleInstanceThunk.cpp	Code/GameEngine/Source/GameLogic/Object/Create/SpecialPowerCreateFriendNewModuleInstanceThunk.cpp	SpecialPowerCreate
Code/GameEngine/Source/Common/Thing/SpecialPowerModuleFriendNewModuleInstanceThunk.cpp	Code/GameEngine/Source/GameLogic/Object/SpecialPower/SpecialPowerModuleFriendNewModuleInstanceThunk.cpp	SpecialPowerModule
Code/GameEngine/Source/Common/Thing/SquishCollideFriendNewModuleInstanceThunk.cpp	Code/GameEngine/Source/GameLogic/Object/Collide/SquishCollideFriendNewModuleInstanceThunk.cpp	SquishCollide
Code/GameEngine/Source/Common/Thing/StructureBodyFriendNewModuleInstanceThunk.cpp	Code/GameEngine/Source/GameLogic/Object/Body/StructureBodyFriendNewModuleInstanceThunk.cpp	StructureBody
Code/GameEngine/Source/Common/Thing/SupplyCenterCreateFriendNewModuleInstanceThunk.cpp	Code/GameEngine/Source/GameLogic/Object/Create/SupplyCenterCreateFriendNewModuleInstanceThunk.cpp	SupplyCenterCreate
Code/GameEngine/Source/Common/Thing/SupplyWarehouseCreateFriendNewModuleInstanceThunk.cpp	Code/GameEngine/Source/GameLogic/Object/Create/SupplyWarehouseCreateFriendNewModuleInstanceThunk.cpp	SupplyWarehouseCreate
Code/GameEngine/Source/Common/Thing/TaintSpecialPowerFriendNewModuleDataThunk.cpp	Code/GameEngine/Source/GameLogic/Object/SpecialPower/TaintSpecialPowerFriendNewModuleDataThunk.cpp	TaintSpecialPower
Code/GameEngine/Source/Common/Thing/TaintSpecialPowerFriendNewModuleInstanceThunk.cpp	Code/GameEngine/Source/GameLogic/Object/SpecialPower/TaintSpecialPowerFriendNewModuleInstanceThunk.cpp	TaintSpecialPower
Code/GameEngine/Source/Common/Thing/ThingTemplateCalcTimeToBuild.cpp	Code/GameEngine/Source/GameLogic/Object/ThingTemplateCalcTimeToBuild.cpp	ThingTemplate
Code/GameEngine/Source/Common/Thing/ThingTemplateGetAssetList.cpp	Code/GameEngine/Source/GameLogic/Object/ThingTemplateGetAssetList.cpp	ThingTemplate
Code/GameEngine/Source/Common/Thing/ThingTemplateGetPerUnitFx.cpp	Code/GameEngine/Source/GameLogic/Object/ThingTemplateGetPerUnitFx.cpp	ThingTemplate
Code/GameEngine/Source/Common/Thing/ThingTemplateInitForLTAThunk.cpp	Code/GameEngine/Source/GameLogic/Object/ThingTemplateInitForLTAThunk.cpp	ThingTemplate
Code/GameEngine/Source/Common/Thing/ThingTemplateModuleModeParsers.cpp	Code/GameEngine/Source/GameLogic/Object/ThingTemplateModuleModeParsers.cpp	ThingTemplate
Code/GameEngine/Source/Common/Thing/ThingTemplateModuleRemovalParsers.cpp	Code/GameEngine/Source/GameLogic/Object/ThingTemplateModuleRemovalParsers.cpp	ThingTemplate
Code/GameEngine/Source/Common/Thing/ThingTemplateParseModuleNameThunk.cpp	Code/GameEngine/Source/GameLogic/Object/ThingTemplateParseModuleNameThunk.cpp	ThingTemplate
Code/GameEngine/Source/Common/Thing/ThingTemplateRemoveModuleInfo.cpp	Code/GameEngine/Source/GameLogic/Object/ThingTemplateRemoveModuleInfo.cpp	ThingTemplate
Code/GameEngine/Source/Common/Thing/ThingTemplateResolveNames.cpp	Code/GameEngine/Source/GameLogic/Object/ThingTemplateResolveNames.cpp	ThingTemplate
Code/GameEngine/Source/Common/Thing/ThingTemplateSounds.cpp	Code/GameEngine/Source/GameLogic/Object/ThingTemplateSounds.cpp	ThingTemplate
Code/GameEngine/Source/Common/Thing/ThingTemplate_bfmeGetAudioEventInfo57.cpp	Code/GameEngine/Source/GameLogic/Object/ThingTemplate_bfmeGetAudioEventInfo57.cpp	ThingTemplate
Code/GameEngine/Source/Common/Thing/W3DBuffDrawFriendNewModuleDataThunk.cpp	Code/GameEngineDevice/Source/W3DDevice/GameClient/Drawable/Draw/W3DBuffDrawFriendNewModuleDataThunk.cpp	W3DBuffDraw
Code/GameEngine/Source/Common/Thing/W3DFloorDrawFriendNewModuleDataThunk.cpp	Code/GameEngineDevice/Source/W3DDevice/GameClient/Drawable/Draw/W3DFloorDrawFriendNewModuleDataThunk.cpp	W3DFloorDraw
Code/GameEngine/Source/Common/Thing/W3DHordeModelDrawFriendNewModuleDataThunk.cpp	Code/GameEngineDevice/Source/W3DDevice/GameClient/Drawable/Draw/W3DHordeModelDrawFriendNewModuleDataThunk.cpp	W3DHordeModelDraw
Code/GameEngine/Source/Common/Thing/W3DLightDrawFriendNewModuleDataThunk.cpp	Code/GameEngineDevice/Source/W3DDevice/GameClient/Drawable/Draw/W3DLightDrawFriendNewModuleDataThunk.cpp	W3DLightDraw
Code/GameEngine/Source/Common/Thing/W3DStreakDrawFriendNewModuleDataThunk.cpp	Code/GameEngineDevice/Source/W3DDevice/GameClient/Drawable/Draw/W3DStreakDrawFriendNewModuleDataThunk.cpp	W3DStreakDraw
Code/GameEngine/Source/Common/ThingTemplate_parseArmorTemplateSet_Thunk.cpp	Code/GameEngine/Source/Common/Thing/ThingTemplate_parseArmorTemplateSet_Thunk.cpp	ThingTemplate
Code/GameEngine/Source/Common/ThingTemplate_parsePrerequisites_Thunk.cpp	Code/GameEngine/Source/Common/Thing/ThingTemplate_parsePrerequisites_Thunk.cpp	ThingTemplate
Code/GameEngine/Source/Common/ThingTemplate_setCopiedFromDefault.cpp	Code/GameEngine/Source/Common/Thing/ThingTemplate_setCopiedFromDefault.cpp	ThingTemplate
Code/GameEngine/Source/Common/TooltipUpgradeDestructorThunk.cpp	Code/GameEngine/Source/GameLogic/Object/Upgrade/TooltipUpgradeDestructorThunk.cpp	TooltipUpgrade
Code/GameEngine/Source/Common/TransitionDamageFXModuleDataDestructorThunk.cpp	Code/GameEngine/Source/GameLogic/Object/Damage/TransitionDamageFXModuleDataDestructorThunk.cpp	TransitionDamageFXModuleData
Code/GameEngine/Source/Common/TransitionDamageFXModuleData_ctor_Clean.cpp	Code/GameEngine/Source/GameLogic/Object/Damage/TransitionDamageFXModuleData_ctor_Clean.cpp	TransitionDamageFXModuleData
Code/GameEngine/Source/Common/TransportAIUpdateDestructorThunk.cpp	Code/GameEngine/Source/GameLogic/Object/Update/AIUpdate/TransportAIUpdateDestructorThunk.cpp	TransportAIUpdate
Code/GameEngine/Source/Common/TransportContain_isSpecificRiderFreeToExit_Thunk.cpp	Code/GameEngine/Source/GameLogic/Object/Contain/TransportContain_isSpecificRiderFreeToExit_Thunk.cpp	TransportContain
Code/GameEngine/Source/Common/UnicodeStringIsEmpty.cpp	Code/GameEngine/Source/Common/System/UnicodeStringIsEmpty.cpp	UnicodeString
Code/GameEngine/Source/Common/UnicodeString_releaseBufferMethodThunk.cpp	Code/GameEngine/Source/Common/System/UnicodeString_releaseBufferMethodThunk.cpp	UnicodeString
Code/GameEngine/Source/Common/UpdateModule_resetWakeState.cpp	Code/GameEngine/Source/GameLogic/Object/Update/UpdateModule_resetWakeState.cpp	UpdateModule
Code/GameEngine/Source/Common/UpdateModule_setWakeFrameViaThunk.cpp	Code/GameEngine/Source/GameLogic/Object/Update/UpdateModule_setWakeFrameViaThunk.cpp	UpdateModule
Code/GameEngine/Source/Common/UpgradeCenterDestructorThunk.cpp	Code/GameEngine/Source/Common/System/UpgradeCenterDestructorThunk.cpp	UpgradeCenter
Code/GameEngine/Source/Common/UpgradeCenter_canAffordUpgrade_Thunk.cpp	Code/GameEngine/Source/Common/System/UpgradeCenter_canAffordUpgrade_Thunk.cpp	UpgradeCenter
Code/GameEngine/Source/Common/UpgradeCenter_newUpgrade_Thunk.cpp	Code/GameEngine/Source/Common/System/UpgradeCenter_newUpgrade_Thunk.cpp	UpgradeCenter
Code/GameEngine/Source/Common/UpgradeTemplateDestructorThunk.cpp	Code/GameEngine/Source/Common/System/UpgradeTemplateDestructorThunk.cpp	UpgradeTemplate
Code/GameEngine/Source/Common/VideoPlayer_initMethodThunk.cpp	Code/GameEngine/Source/GameClient/VideoPlayer_initMethodThunk.cpp	VideoPlayer
Code/GameEngine/Source/Common/W3DDisplayStringManager_postProcessLoadMethodThunk.cpp	Code/GameEngineDevice/Source/W3DDevice/GameClient/W3DDisplayStringManager_postProcessLoadMethodThunk.cpp	W3DDisplayStringManager
Code/GameEngine/Source/Common/W3DModelDrawDestructorThunk.cpp	Code/GameEngineDevice/Source/W3DDevice/GameClient/Drawable/Draw/W3DModelDrawDestructorThunk.cpp	W3DModelDraw
Code/GameEngine/Source/Common/W3DModelDraw_updateBonesForClientParticleSystemsMethodThunk.cpp	Code/GameEngineDevice/Source/W3DDevice/GameClient/Drawable/Draw/W3DModelDraw_updateBonesForClientParticleSystemsMethodThunk.cpp	W3DModelDraw
Code/GameEngine/Source/Common/W3DProjectileStreamDrawDestructorThunk.cpp	Code/GameEngineDevice/Source/W3DDevice/GameClient/Drawable/Draw/W3DProjectileStreamDrawDestructorThunk.cpp	W3DProjectileStreamDraw
Code/GameEngine/Source/Common/W3DRopeDrawDestructorThunk.cpp	Code/GameEngineDevice/Source/W3DDevice/GameClient/Drawable/Draw/W3DRopeDrawDestructorThunk.cpp	W3DRopeDraw
Code/GameEngine/Source/Common/W3DShaderManagerFilterPostRender.cpp	Code/GameEngineDevice/Source/W3DDevice/GameClient/W3DShaderManagerFilterPostRender.cpp	W3DShaderManager
Code/GameEngine/Source/Common/W3DShaderManagerMinimumRequirements.cpp	Code/GameEngineDevice/Source/W3DDevice/GameClient/W3DShaderManagerMinimumRequirements.cpp	W3DShaderManager
Code/GameEngine/Source/Common/W3DShadowGeometryManager_Load_Geom_Thunk.cpp	Code/GameEngineDevice/Source/W3DDevice/GameClient/Shadow/W3DShadowGeometryManager_Load_Geom_Thunk.cpp	W3DShadowGeometryManager
Code/GameEngine/Source/Common/W3DShadowGeometryMesh_buildPolygonNormalsMethodThunk.cpp	Code/GameEngineDevice/Source/W3DDevice/GameClient/Shadow/W3DShadowGeometryMesh_buildPolygonNormalsMethodThunk.cpp	W3DShadowGeometryMesh
Code/GameEngine/Source/Common/W3DView_initBfme.cpp	Code/GameEngineDevice/Source/W3DDevice/GameClient/W3DView_initBfme.cpp	W3DView
Code/GameEngine/Source/Common/W3DVolumetricShadowManagerDestructorThunk.cpp	Code/GameEngineDevice/Source/W3DDevice/GameClient/Shadow/W3DVolumetricShadowManagerDestructorThunk.cpp	W3DVolumetricShadowManager
Code/GameEngine/Source/Common/W3DVolumetricShadow_UpdateMethodThunk.cpp	Code/GameEngineDevice/Source/W3DDevice/GameClient/Shadow/W3DVolumetricShadow_UpdateMethodThunk.cpp	W3DVolumetricShadow
Code/GameEngine/Source/Common/W3DWaypointBufferCtorThunk.cpp	Code/GameEngineDevice/Source/W3DDevice/GameClient/W3DWaypointBufferCtorThunk.cpp	W3DWaypointBuffer
Code/GameEngine/Source/Common/WW3D__Invalidate_TexturesMethodThunk.cpp	Code/Libraries/Source/WWVegas/WW3D2/WW3D__Invalidate_TexturesMethodThunk.cpp	WW3D
Code/GameEngine/Source/Common/WanderAIUpdateDestructorThunk.cpp	Code/GameEngine/Source/GameLogic/Object/Update/AIUpdate/WanderAIUpdateDestructorThunk.cpp	WanderAIUpdate
Code/GameEngine/Source/Common/WeaponDestructorThunk.cpp	Code/GameEngine/Source/GameLogic/Object/WeaponDestructorThunk.cpp	Weapon
Code/GameEngine/Source/Common/WeaponFireSpecialAbilityUpdateDestructorThunk.cpp	Code/GameEngine/Source/GameLogic/Object/Update/WeaponFireSpecialAbilityUpdateDestructorThunk.cpp	WeaponFireSpecialAbilityUpdate
Code/GameEngine/Source/Common/WeaponSetSpecialAbilityUpdateDestructorThunk.cpp	Code/GameEngine/Source/GameLogic/Object/Update/WeaponSetSpecialAbilityUpdateDestructorThunk.cpp	WeaponSetSpecialAbilityUpdate
Code/GameEngine/Source/Common/WeaponSetSpecialAbilityUpdate_friend_newModuleInstance_Thunk.cpp	Code/GameEngine/Source/GameLogic/Object/Update/WeaponSetSpecialAbilityUpdate_friend_newModuleInstance_Thunk.cpp	WeaponSetSpecialAbilityUpdate
Code/GameEngine/Source/Common/WeaponStore_allocateNewWeapon_Thunk.cpp	Code/GameEngine/Source/GameLogic/Object/WeaponStore_allocateNewWeapon_Thunk.cpp	WeaponStore
Code/GameEngine/Source/Common/WeaponStore_findWeaponTemplate_Thunk.cpp	Code/GameEngine/Source/GameLogic/Object/WeaponStore_findWeaponTemplate_Thunk.cpp	WeaponStore
Code/GameEngine/Source/Common/WorkerAIUpdateDestructorThunk.cpp	Code/GameEngine/Source/GameLogic/Object/Update/AIUpdate/WorkerAIUpdateDestructorThunk.cpp	WorkerAIUpdate
Code/GameEngine/Source/Common/WorkerAIUpdate_getModuleNameKey_Thunk.cpp	Code/GameEngine/Source/GameLogic/Object/Update/AIUpdate/WorkerAIUpdate_getModuleNameKey_Thunk.cpp	WorkerAIUpdate
Code/GameEngine/Source/Common/WorldHeightMap_ctor_Thunk.cpp	Code/GameEngineDevice/Source/W3DDevice/GameClient/WorldHeightMap_ctor_Thunk.cpp	WorldHeightMap
Code/GameEngine/Source/Common/WorldHeightMap_stream_ctor_Thunk.cpp	Code/GameEngineDevice/Source/W3DDevice/GameClient/WorldHeightMap_stream_ctor_Thunk.cpp	WorldHeightMap
Code/GameEngine/Source/Common/WoundArrowUpdate_friend_newModuleInstance_Thunk.cpp	Code/GameEngine/Source/GameLogic/Object/Update/WoundArrowUpdate_friend_newModuleInstance_Thunk.cpp	WoundArrowUpdate
Code/GameEngine/Source/Common/XferBeginBlock.cpp	Code/GameEngine/Source/Common/System/XferBeginBlock.cpp	Xfer
Code/GameEngine/Source/Common/XferEndBlock.cpp	Code/GameEngine/Source/Common/System/XferEndBlock.cpp	Xfer
Code/GameEngine/Source/Common/XferSaveXferEnum.cpp	Code/GameEngine/Source/Common/System/XferSaveXferEnum.cpp	XferSave
Code/GameEngine/Source/Common/XferSkipBlock.cpp	Code/GameEngine/Source/Common/System/XferSkipBlock.cpp	Xfer
Code/GameEngine/Source/Common/_STL.cpp	Code/Libraries/Source/WWVegas/WWLib/_STL.cpp	_STL
Code/GameEngine/Source/Common/_STL___destroy_aux.cpp	Code/Libraries/Source/WWVegas/WWLib/_STL___destroy_aux.cpp	_STL
Code/GameEngine/Source/Common/debug.cpp	Code/Libraries/Source/WWVegas/WWDebug/debug.cpp	Debug
Code/GameEngine/Source/Common/promoted_On_Frame_Update_ParticleBufferClass_UAEXXZ_00984E20.cpp	Code/Libraries/Source/WWVegas/WW3D2/promoted_On_Frame_Update_ParticleBufferClass_UAEXXZ_00984E20.cpp	ParticleBufferClass
Code/GameEngine/Source/Common/promoted__Reset_HAnimComboClass_QAEXXZ_00974DC0.cpp	Code/Libraries/Source/WWVegas/WW3D2/promoted__Reset_HAnimComboClass_QAEXXZ_00974DC0.cpp	HAnimComboClass
Code/GameEngine/Source/Common/promoted__amIHost_GameSpyStagingRoom_UBE_NXZ_00638350.cpp	Code/GameEngine/Source/GameNetwork/GameSpy/promoted__amIHost_GameSpyStagingRoom_UBE_NXZ_00638350.cpp	GameSpyStagingRoom
Code/GameEngine/Source/Common/promoted__bfme_setEngineVisibility_Mouse_QAEX_N_Z_005A4B50.cpp	Code/GameEngine/Source/GameClient/Input/promoted__bfme_setEngineVisibility_Mouse_QAEX_N_Z_005A4B50.cpp	Mouse
Code/GameEngine/Source/Common/promoted__hasSeenLogoMovies_OptionPreferences_QAE_NXZ_000913B0.cpp	Code/GameEngine/Source/GameClient/GUI/GUICallbacks/Menus/promoted__hasSeenLogoMovies_OptionPreferences_QAE_NXZ_000913B0.cpp	OptionPreferences
Code/GameEngine/Source/Common/promoted__init_ControlBarResizer_QAEXXZ_004AAF10.cpp	Code/GameEngine/Source/GameClient/GUI/ControlBar/promoted__init_ControlBarResizer_QAEXXZ_004AAF10.cpp	ControlBarResizer
Code/GameEngine/Source/Common/promoted__usesSystemMapDir_OptionPreferences_QAE_NXZ_00090780.cpp	Code/GameEngine/Source/GameClient/GUI/GUICallbacks/Menus/promoted__usesSystemMapDir_OptionPreferences_QAE_NXZ_00090780.cpp	OptionPreferences
Code/GameEngine/Source/GameClient/BfmeAptScreenInGameChatConstructor.cpp	Code/GameEngine/Source/GameClient/GUI/BfmeAptScreenInGameChatConstructor.cpp	BfmeAptScreenInGameChat
Code/GameEngine/Source/GameClient/BfmeAptScreenInGameChatUpdate.cpp	Code/GameEngine/Source/GameClient/GUI/BfmeAptScreenInGameChatUpdate.cpp	BfmeAptScreenInGameChat
Code/GameEngine/Source/GameClient/BfmeAptScreenOnlineLogin_onInitGadget.cpp	Code/GameEngine/Source/GameClient/GUI/BfmeAptScreenOnlineLogin_onInitGadget.cpp	BfmeAptScreenOnlineLogin
Code/GameEngine/Source/GameClient/BfmeAptScreenOnlineQuickMatchUpdate.cpp	Code/GameEngine/Source/GameClient/GUI/BfmeAptScreenOnlineQuickMatchUpdate.cpp	BfmeAptScreenOnlineQuickMatch
Code/GameEngine/Source/GameClient/BfmeAptScreenOnlineShellConstructor.cpp	Code/GameEngine/Source/GameClient/GUI/BfmeAptScreenOnlineShellConstructor.cpp	BfmeAptScreenOnlineShell
Code/GameEngine/Source/GameClient/BfmeConv2105.cpp	Code/GameEngine/Source/Common/RTS/BfmeConv2105.cpp	Drawable
Code/GameEngine/Source/GameClient/BfmeConv2181.cpp	Code/GameEngine/Source/GameClient/GUI/BfmeConv2181.cpp	BfmeAptScreenScoreScreen
Code/GameEngine/Source/GameClient/ControlBarPreloadAssets.cpp	Code/GameEngine/Source/GameClient/GUI/ControlBar/ControlBarPreloadAssets.cpp	ControlBar
Code/GameEngine/Source/GameClient/ControlBarScheme_find.cpp	Code/GameEngine/Source/GameClient/GUI/ControlBar/ControlBarScheme_find.cpp	ControlBarSchemeManager
Code/GameEngine/Source/GameClient/DownloadManagerThunks.cpp	Code/GameEngine/Source/GameNetwork/DownloadManagerThunks.cpp	DownloadManager
Code/GameEngine/Source/GameClient/Drawable/AnimatedParticleSysBoneClientUpdate.cpp	Code/GameEngine/Source/GameClient/Drawable/Update/AnimatedParticleSysBoneClientUpdate.cpp	AnimatedParticleSysBoneClientUpdate
Code/GameEngine/Source/GameClient/Drawable/AnimatedParticleSysBoneClientUpdateCtor.cpp	Code/GameEngine/Source/GameClient/Drawable/Update/AnimatedParticleSysBoneClientUpdateCtor.cpp	AnimatedParticleSysBoneClientUpdate
Code/GameEngine/Source/GameClient/Drawable/Behavior/RandomSoundSelectorClientBehavior.cpp	Code/GameEngine/Source/Common/Thing/RandomSoundSelectorClientBehavior.cpp	RandomSoundSelectorClientBehavior
Code/GameEngine/Source/GameClient/Drawable/Behavior/RandomSoundSelectorClientBehaviorInterface.cpp	Code/GameEngine/Source/Common/Thing/RandomSoundSelectorClientBehaviorInterface.cpp	RandomSoundSelectorClientBehavior
Code/GameEngine/Source/GameClient/Drawable/Behavior/RandomSoundSelectorClientBehaviorSelectors.cpp	Code/GameEngine/Source/Common/Thing/RandomSoundSelectorClientBehaviorSelectors.cpp	RandomSoundSelectorClientBehavior
Code/GameEngine/Source/GameClient/Drawable/DrawableGetDisplayName.cpp	Code/GameEngine/Source/GameClient/DrawableGetDisplayName.cpp	Drawable
Code/GameEngine/Source/GameClient/DrawableBFMERecordTransform.cpp	Code/GameEngine/Source/Common/RTS/DrawableBFMERecordTransform.cpp	Drawable
Code/GameEngine/Source/GameClient/DrawableCaptionAndAmbient.cpp	Code/GameEngine/Source/Common/RTS/DrawableCaptionAndAmbient.cpp	Drawable
Code/GameEngine/Source/GameClient/DrawableColorFlash.cpp	Code/GameEngine/Source/Common/RTS/DrawableColorFlash.cpp	Drawable
Code/GameEngine/Source/GameClient/DrawableFields.cpp	Code/GameEngine/Source/Common/RTS/DrawableFields.cpp	Drawable
Code/GameEngine/Source/GameClient/DrawableFlashAsSelectedThunk.cpp	Code/GameEngine/Source/Common/RTS/DrawableFlashAsSelectedThunk.cpp	Drawable
Code/GameEngine/Source/GameClient/DrawableIndicatorColor.cpp	Code/GameEngine/Source/Common/RTS/DrawableIndicatorColor.cpp	Drawable
Code/GameEngine/Source/GameClient/DrawableInitStaticImages.cpp	Code/GameEngine/Source/Common/RTS/DrawableInitStaticImages.cpp	Drawable
Code/GameEngine/Source/GameClient/DrawableSetInstanceMatrixBFME.cpp	Code/GameEngine/Source/Common/RTS/DrawableSetInstanceMatrixBFME.cpp	Drawable
Code/GameEngine/Source/GameClient/Drawable_drawContained_Thunk.cpp	Code/GameEngine/Source/Common/RTS/Drawable_drawContained_Thunk.cpp	Drawable
Code/GameEngine/Source/GameClient/Drawable_drawEnthusiastic_Thunk.cpp	Code/GameEngine/Source/Common/RTS/Drawable_drawEnthusiastic_Thunk.cpp	Drawable
Code/GameEngine/Source/GameClient/Drawable_drawHealing.cpp	Code/GameEngine/Source/Common/RTS/Drawable_drawHealing.cpp	Drawable
Code/GameEngine/Source/GameClient/Drawable_drawIconUI_BFME.cpp	Code/GameEngine/Source/Common/RTS/Drawable_drawIconUI_BFME.cpp	Drawable
Code/GameEngine/Source/GameClient/Drawable_drawIconUI_Dispatch.cpp	Code/GameEngine/Source/Common/RTS/Drawable_drawIconUI_Dispatch.cpp	Drawable
Code/GameEngine/Source/GameClient/Drawable_xferDrawableModules_Thunk.cpp	Code/GameEngine/Source/Common/RTS/Drawable_xferDrawableModules_Thunk.cpp	Drawable
Code/GameEngine/Source/GameClient/GUI/BfmeAptScreenLanLobbyInitLan.cpp	Code/GameEngine/Source/GameClient/BfmeAptScreenLanLobbyInitLan.cpp	BfmeAptScreenLanLobby
Code/GameEngine/Source/GameClient/GUI/CampaignReviewPlayerSideType.cpp	Code/GameEngine/Source/GameClient/CampaignReviewPlayerSideType.cpp	BfmeAptScreenCampaignReview
Code/GameEngine/Source/GameClient/GUI/ControlBar/PlayerDisplayNameThunk.cpp	Code/GameEngine/Source/Common/RTS/PlayerDisplayNameThunk.cpp	Player
Code/GameEngine/Source/GameClient/GUI/DisconnectMenu_updateVotes.cpp	Code/GameEngine/Source/GameClient/DisconnectMenu_updateVotes.cpp	DisconnectMenu
Code/GameEngine/Source/GameClient/GUI/GUICallbacks/Diplomacy.cpp	Code/GameEngine/Source/GameClient/Diplomacy.cpp	DisconnectMenu
Code/GameEngine/Source/GameClient/GUI/GUICallbacks/Menus/CreditsMenu.cpp	Code/GameEngine/Source/GameClient/CreditsMenu.cpp	CreditsManager
Code/GameEngine/Source/GameClient/GUI/GUICallbacks/Menus/MainMenu.cpp	Code/GameEngine/Source/GameClient/GUI/MainMenu.cpp	WindowLayout
Code/GameEngine/Source/GameClient/GUI/GUICallbacks/Menus/MultiPlayerLoadScreen_destructor_Thunk.cpp	Code/GameEngine/Source/GameClient/GUI/MultiPlayerLoadScreen_destructor_Thunk.cpp	MultiPlayerLoadScreen
Code/GameEngine/Source/GameClient/GUI/GUICallbacks/Menus/PopupHostGame.cpp	Code/GameEngine/Source/GameNetwork/PopupHostGame.cpp	GameInfo
Code/GameEngine/Source/GameClient/GUI/GUICallbacks/Menus/WOLQuickMatchMenuShutdownComplete.cpp	Code/GameEngine/Source/GameClient/GUI/WOLQuickMatchMenuShutdownComplete.cpp	WindowLayout
Code/GameEngine/Source/GameClient/GUI/Gadget/GadgetListBox.cpp	Code/GameEngine/Source/GameClient/GUI/GadgetListBox.cpp	WinInstanceData
Code/GameEngine/Source/GameClient/GUI/InGameChatAddEntry.cpp	Code/GameEngine/Source/GameClient/InGameChatAddEntry.cpp	BfmeAptScreenInGameChat
Code/GameEngine/Source/GameClient/GUI/InGameChatDestructor.cpp	Code/GameEngine/Source/GameClient/InGameChatDestructor.cpp	BfmeAptScreenInGameChat
Code/GameEngine/Source/GameClient/GUI/InGameChatEnableChat.cpp	Code/GameEngine/Source/GameClient/InGameChatEnableChat.cpp	BfmeAptScreenInGameChat
Code/GameEngine/Source/GameClient/GUI/ScoreScreenInitGadgets.cpp	Code/GameEngine/Source/GameClient/ScoreScreenInitGadgets.cpp	BfmeAptScreenScoreScreen
Code/GameEngine/Source/GameClient/GUI/ScoreScreenPlayerColor.cpp	Code/GameEngine/Source/GameClient/ScoreScreenPlayerColor.cpp	BfmeAptScreenScoreScreen
Code/GameEngine/Source/GameClient/GUI/ScoreScreenSetScoreRegionBonus.cpp	Code/GameEngine/Source/GameClient/ScoreScreenSetScoreRegionBonus.cpp	BfmeAptScreenScoreScreen
Code/GameEngine/Source/GameClient/GUI/Shell/Shell.cpp	Code/GameEngine/Source/GameClient/GUI/Shell.cpp	Shell
Code/GameEngine/Source/GameClient/GUI/Shell/ShellDestructor.cpp	Code/GameEngine/Source/GameClient/GUI/ShellDestructor.cpp	Shell
Code/GameEngine/Source/GameClient/GUI/Shell/ShellUpdate.cpp	Code/GameEngine/Source/GameClient/GUI/ShellUpdate.cpp	Shell
Code/GameEngine/Source/GameClient/GUI/Shell/Shell_doPop.cpp	Code/GameEngine/Source/GameClient/GUI/Shell_doPop.cpp	Shell
Code/GameEngine/Source/GameClient/GUI/Shell/Shell_doPush.cpp	Code/GameEngine/Source/GameClient/GUI/Shell_doPush.cpp	Shell
Code/GameEngine/Source/GameClient/GUI/Shell/Shell_findScreenByFilename.cpp	Code/GameEngine/Source/GameClient/GUI/Shell_findScreenByFilename.cpp	Shell
Code/GameEngine/Source/GameClient/GUI/Shell/Shell_isAnimReversed_Thunk.cpp	Code/GameEngine/Source/GameClient/GUI/Shell_isAnimReversed_Thunk.cpp	Shell
Code/GameEngine/Source/GameClient/GUI/Shell/Shell_popImmediate.cpp	Code/GameEngine/Source/GameClient/GUI/Shell_popImmediate.cpp	Shell
Code/GameEngine/Source/GameClient/GUI/Shell/Shell_shutdownComplete.cpp	Code/GameEngine/Source/GameClient/GUI/Shell_shutdownComplete.cpp	Shell
Code/GameEngine/Source/GameClient/GUI/Shell_ctor_Thunk.cpp	Code/GameEngine/Source/GameClient/GUI/Shell/Shell_ctor_Thunk.cpp	Shell
Code/GameEngine/Source/GameClient/GUI/Shell_showShell_Thunk.cpp	Code/GameEngine/Source/GameClient/GUI/Shell/Shell_showShell_Thunk.cpp	Shell
Code/GameEngine/Source/GameClient/GUI/WindowLayout.cpp	Code/GameEngine/Source/GameClient/WindowLayout.cpp	WindowLayout
Code/GameEngine/Source/GameClient/GUI/WindowLayoutGetFilename.cpp	Code/GameEngine/Source/GameClient/WindowLayoutGetFilename.cpp	WindowLayout
Code/GameEngine/Source/GameClient/GUI/WindowManager_hideAptWindow.cpp	Code/GameEngine/Source/GameClient/WindowManager_hideAptWindow.cpp	WindowManager
Code/GameEngine/Source/GameClient/GUI/WindowVideoManagerCtor.cpp	Code/GameEngine/Source/GameClient/WindowVideoManagerCtor.cpp	WindowVideoManager
Code/GameEngine/Source/GameClient/GlobalLanguage.cpp	Code/Libraries/Source/WWVegas/WWLib/GlobalLanguage.cpp	INI
Code/GameEngine/Source/GameClient/Input/Keyboard.cpp	Code/Libraries/Source/WWVegas/WWLib/Keyboard.cpp	Keyboard
Code/GameEngine/Source/GameClient/Input/Mouse_createStreamMessages.cpp	Code/GameEngineDevice/Source/Win32Device/GameClient/Mouse_createStreamMessages.cpp	Mouse
Code/GameEngine/Source/GameClient/Input/Mouse_destructor.cpp	Code/GameEngineDevice/Source/Win32Device/GameClient/Mouse_destructor.cpp	Mouse
Code/GameEngine/Source/GameClient/Input/Mouse_drawCursorText.cpp	Code/GameEngineDevice/Source/Win32Device/GameClient/Mouse_drawCursorText.cpp	Mouse
Code/GameEngine/Source/GameClient/Input/Mouse_init.cpp	Code/GameEngineDevice/Source/Win32Device/GameClient/Mouse_init.cpp	Mouse
Code/GameEngine/Source/GameClient/Input/Mouse_processMouseEvent.cpp	Code/GameEngineDevice/Source/Win32Device/GameClient/Mouse_processMouseEvent.cpp	Mouse
Code/GameEngine/Source/GameClient/KeyboardCtor.cpp	Code/Libraries/Source/WWVegas/WWLib/KeyboardCtor.cpp	Keyboard
Code/GameEngine/Source/GameClient/MapCacheAddMapThunk.cpp	Code/GameEngine/Source/Common/RTS/MapCacheAddMapThunk.cpp	MapCache
Code/GameEngine/Source/GameClient/MapCacheClearUnseenMaps.cpp	Code/GameEngine/Source/Common/RTS/MapCacheClearUnseenMaps.cpp	MapCache
Code/GameEngine/Source/GameClient/MapCacheLoad.cpp	Code/GameEngine/Source/Common/RTS/MapCacheLoad.cpp	MapCache
Code/GameEngine/Source/GameClient/MapCacheLookup.cpp	Code/GameEngine/Source/Common/RTS/MapCacheLookup.cpp	MapCache
Code/GameEngine/Source/GameClient/MapCache_ctor_Thunk.cpp	Code/GameEngine/Source/Common/RTS/MapCache_ctor_Thunk.cpp	MapCache
Code/GameEngine/Source/GameClient/MapObjectSetWaypointNameThunk.cpp	Code/GameEngineDevice/Source/W3DDevice/GameClient/MapObjectSetWaypointNameThunk.cpp	MapObject
Code/GameEngine/Source/GameClient/MapUtil.cpp	Code/GameEngine/Source/Common/RTS/MapUtil.cpp	MapCache
Code/GameEngine/Source/GameClient/MapUtil_update_Thunk.cpp	Code/GameEngine/Source/Common/INI/MapUtil_update_Thunk.cpp	WaypointMap
Code/GameEngine/Source/GameClient/MessageStream/INI_parseMetaMapDefinition_Thunk.cpp	Code/Libraries/Source/WWVegas/WWLib/INI_parseMetaMapDefinition_Thunk.cpp	INI
Code/GameEngine/Source/GameClient/ModelConditionInfo_ctor_Thunk.cpp	Code/GameEngineDevice/Source/W3DDevice/GameClient/Drawable/Draw/ModelConditionInfo_ctor_Thunk.cpp	ModelConditionInfo
Code/GameEngine/Source/GameClient/ParticleSystemManager_destroyAttachedSystems.cpp	Code/GameEngine/Source/GameClient/System/ParticleSystemManager_destroyAttachedSystems.cpp	ParticleSystemManager
Code/GameEngine/Source/GameClient/ParticleSystemManager_destroyByID.cpp	Code/GameEngine/Source/GameClient/System/ParticleSystemManager_destroyByID.cpp	ParticleSystemManager
Code/GameEngine/Source/GameClient/ParticleSystemManager_findByID.cpp	Code/GameEngine/Source/GameClient/System/ParticleSystemManager_findByID.cpp	ParticleSystemManager
Code/GameEngine/Source/GameClient/Radar_newMap_Thunk.cpp	Code/GameEngine/Source/Common/System/Radar_newMap_Thunk.cpp	Radar
Code/GameEngine/Source/GameClient/ShadowSetOpacity.cpp	Code/GameEngineDevice/Source/W3DDevice/GameClient/Drawable/Draw/ShadowSetOpacity.cpp	Shadow
Code/GameEngine/Source/GameClient/ShellMenuScheme_set.cpp	Code/GameEngine/Source/GameClient/GUI/Shell/ShellMenuScheme_set.cpp	ShellMenuSchemeManager
Code/GameEngine/Source/GameClient/System/FXParticleSystem/fx_particle_system_module_keys.cpp	Code/GameEngine/Source/Common/System/fx_particle_system_module_keys.cpp	AsciiString
Code/GameEngine/Source/GameClient/System/ImageLoad.cpp	Code/GameEngine/Source/Common/INI/ImageLoad.cpp	Image
Code/GameEngine/Source/GameClient/System/Image_getImageSize.cpp	Code/GameEngine/Source/Common/INI/Image_getImageSize.cpp	Image
Code/GameEngine/Source/GameClient/System/ParticleSystemManagerCtor.cpp	Code/GameEngine/Source/GameClient/ParticleSystemManagerCtor.cpp	ParticleSystemManager
Code/GameEngine/Source/GameClient/System/ParticleSystemManagerDestructor.cpp	Code/GameEngine/Source/GameClient/ParticleSystemManagerDestructor.cpp	ParticleSystemManager
Code/GameEngine/Source/GameClient/System/ParticleSystemManagerGetParticleCount.cpp	Code/GameEngine/Source/GameClient/ParticleSystemManagerGetParticleCount.cpp	ParticleSystemManager
Code/GameEngine/Source/GameClient/System/ParticleSystemManagerGetSnapshotName.cpp	Code/GameEngine/Source/GameClient/ParticleSystemManagerGetSnapshotName.cpp	ParticleSystemManager
Code/GameEngine/Source/GameClient/System/ParticleSystemManagerInit.cpp	Code/GameEngine/Source/GameClient/ParticleSystemManagerInit.cpp	ParticleSystemManager
Code/GameEngine/Source/GameClient/System/ParticleSystemManagerLoadPostProcess.cpp	Code/GameEngine/Source/GameClient/ParticleSystemManagerLoadPostProcess.cpp	ParticleSystemManager
Code/GameEngine/Source/GameClient/System/ParticleSystemManagerRemoveOldestParticles.cpp	Code/GameEngine/Source/GameClient/ParticleSystemManagerRemoveOldestParticles.cpp	ParticleSystemManager
Code/GameEngine/Source/GameClient/System/ParticleSystemManagerReset.cpp	Code/GameEngine/Source/GameClient/ParticleSystemManagerReset.cpp	ParticleSystemManager
Code/GameEngine/Source/GameClient/System/ParticleSystemManagerSetOnScreenParticleCount.cpp	Code/GameEngine/Source/GameClient/ParticleSystemManagerSetOnScreenParticleCount.cpp	ParticleSystemManager
Code/GameEngine/Source/GameClient/System/ParticleSystemManager_friend_add.cpp	Code/GameEngine/Source/GameClient/ParticleSystemManager_friend_add.cpp	ParticleSystemManager
Code/GameEngine/Source/GameClient/System/ParticleSystemManager_friend_remove.cpp	Code/GameEngine/Source/GameClient/ParticleSystemManager_friend_remove.cpp	ParticleSystemManager
Code/GameEngine/Source/GameClient/View.cpp	Code/GameEngineDevice/Source/W3DDevice/GameClient/View.cpp	View
Code/GameEngine/Source/GameClient/ViewConstructorBfme.cpp	Code/GameEngineDevice/Source/W3DDevice/GameClient/ViewConstructorBfme.cpp	View
Code/GameEngine/Source/GameClient/ViewGetLocationBfme.cpp	Code/GameEngineDevice/Source/W3DDevice/GameClient/ViewGetLocationBfme.cpp	View
Code/GameEngine/Source/GameClient/W3DTerrainBackgroundDtor.cpp	Code/GameEngineDevice/Source/W3DDevice/GameClient/W3DTerrainBackgroundDtor.cpp	W3DTerrainBackground
Code/GameEngine/Source/GameClient/W3DTerrainBackgroundSetFlipExtra.cpp	Code/GameEngineDevice/Source/W3DDevice/GameClient/W3DTerrainBackgroundSetFlipExtra.cpp	W3DTerrainBackground
Code/GameEngine/Source/GameClient/W3DViewApplyDefaultProjection.cpp	Code/GameEngineDevice/Source/W3DDevice/GameClient/W3DViewApplyDefaultProjection.cpp	W3DView
Code/GameEngine/Source/GameClient/WindowVideoManagerDestructor.cpp	Code/GameEngine/Source/GameClient/GUI/WindowVideoManagerDestructor.cpp	WindowVideoManager
Code/GameEngine/Source/GameClient/WindowVideoManagerPauseAllMovies.cpp	Code/GameEngine/Source/GameClient/GUI/WindowVideoManagerPauseAllMovies.cpp	WindowVideoManager
Code/GameEngine/Source/GameClient/WindowVideoManagerPauseMovie.cpp	Code/GameEngine/Source/GameClient/GUI/WindowVideoManagerPauseMovie.cpp	WindowVideoManager
Code/GameEngine/Source/GameClient/WindowVideoManagerResumeAllMovies.cpp	Code/GameEngine/Source/GameClient/GUI/WindowVideoManagerResumeAllMovies.cpp	WindowVideoManager
Code/GameEngine/Source/GameClient/WindowVideoManagerResumeMovie.cpp	Code/GameEngine/Source/GameClient/GUI/WindowVideoManagerResumeMovie.cpp	WindowVideoManager
Code/GameEngine/Source/GameClient/WindowVideoManagerStopAllMovies.cpp	Code/GameEngine/Source/GameClient/GUI/WindowVideoManagerStopAllMovies.cpp	WindowVideoManager
Code/GameEngine/Source/GameClient/WindowVideoManagerStopMovie.cpp	Code/GameEngine/Source/GameClient/GUI/WindowVideoManagerStopMovie.cpp	WindowVideoManager
Code/GameEngine/Source/GameClient/window_layout.cpp	Code/GameEngine/Source/GameClient/GUI/window_layout.cpp	WindowLayout
Code/GameEngine/Source/GameLogic/AI/AIPathfindGoalPosition.cpp	Code/GameEngine/Source/Common/RTS/AIPathfindGoalPosition.cpp	Pathfinder
Code/GameEngine/Source/GameLogic/AI/AIPathfind_findGroundPath.asm	Code/GameEngine/Source/Common/RTS/AIPathfind_findGroundPath.asm	Pathfinder
Code/GameEngine/Source/GameLogic/AI/AIPathfind_snapClosestGoalPosition.asm	Code/GameEngine/Source/Common/RTS/AIPathfind_snapClosestGoalPosition.asm	Pathfinder
Code/GameEngine/Source/GameLogic/AI/AIUpdateInterfaceCtorThunk.cpp	Code/GameEngine/Source/GameLogic/Object/Update/AIUpdateInterfaceCtorThunk.cpp	AIUpdateInterface
Code/GameEngine/Source/GameLogic/AI/AIUpdateInterfaceFindNearestLabeledContactPoint.cpp	Code/GameEngine/Source/GameLogic/Object/Update/AIUpdateInterfaceFindNearestLabeledContactPoint.cpp	AIUpdateInterface
Code/GameEngine/Source/GameLogic/AI/AimWeaponBehaviorCtorThunk.cpp	Code/GameEngine/Source/GameLogic/Object/Weapon/AimWeaponBehaviorCtorThunk.cpp	AimWeaponBehavior
Code/GameEngine/Source/GameLogic/AI/AssaultTransportAIUpdateCtorThunk.cpp	Code/GameEngine/Source/GameLogic/Object/Update/AIUpdate/AssaultTransportAIUpdateCtorThunk.cpp	AssaultTransportAIUpdate
Code/GameEngine/Source/GameLogic/AI/AssaultTransportAIUpdateFriendNewModuleDataThunk.cpp	Code/GameEngine/Source/GameLogic/Object/Update/AIUpdate/AssaultTransportAIUpdateFriendNewModuleDataThunk.cpp	AssaultTransportAIUpdate
Code/GameEngine/Source/GameLogic/AI/AssistedTargetingUpdateCtorThunk.cpp	Code/GameEngine/Source/GameLogic/Object/Update/AssistedTargetingUpdateCtorThunk.cpp	AssistedTargetingUpdate
Code/GameEngine/Source/GameLogic/AI/AssistedTargetingUpdateFriendNewModuleDataThunk.cpp	Code/GameEngine/Source/GameLogic/Object/Update/AssistedTargetingUpdateFriendNewModuleDataThunk.cpp	AssistedTargetingUpdate
Code/GameEngine/Source/GameLogic/AI/AutoAbilityBehaviorCtorThunk.cpp	Code/GameEngine/Source/GameLogic/Object/Behavior/AutoAbilityBehaviorCtorThunk.cpp	AutoAbilityBehavior
Code/GameEngine/Source/GameLogic/AI/BezierProjectileBehaviorCtorThunk.cpp	Code/GameEngine/Source/GameLogic/Object/Weapon/BezierProjectileBehaviorCtorThunk.cpp	BezierProjectileBehavior
Code/GameEngine/Source/GameLogic/AI/BezierProjectileBehaviorFriendNewModuleDataThunk.cpp	Code/GameEngine/Source/GameLogic/Object/Weapon/BezierProjectileBehaviorFriendNewModuleDataThunk.cpp	BezierProjectileBehavior
Code/GameEngine/Source/GameLogic/AI/BezierProjectileBehaviorFriendNewModuleInstanceThunk.cpp	Code/GameEngine/Source/GameLogic/Object/Weapon/BezierProjectileBehaviorFriendNewModuleInstanceThunk.cpp	BezierProjectileBehavior
Code/GameEngine/Source/GameLogic/AI/BoneFXUpdateModuleDataCtorThunk.cpp	Code/GameEngine/Source/Common/RTS/BoneFXUpdateModuleDataCtorThunk.cpp	BoneFXUpdateModuleData
Code/GameEngine/Source/GameLogic/AI/BridgeBehaviorCtorThunk.cpp	Code/GameEngine/Source/GameLogic/Object/Behavior/BridgeBehaviorCtorThunk.cpp	BridgeBehavior
Code/GameEngine/Source/GameLogic/AI/BroadcastStealthUpdateFriendNewModuleDataThunk.cpp	Code/GameEngine/Source/GameLogic/Object/Update/BroadcastStealthUpdateFriendNewModuleDataThunk.cpp	BroadcastStealthUpdate
Code/GameEngine/Source/GameLogic/AI/BroadcastStealthUpdateFriendNewModuleInstanceThunk.cpp	Code/GameEngine/Source/GameLogic/Object/Update/BroadcastStealthUpdateFriendNewModuleInstanceThunk.cpp	BroadcastStealthUpdate
Code/GameEngine/Source/GameLogic/AI/CaveContainCtorThunk.cpp	Code/GameEngine/Source/GameLogic/Object/Contain/CaveContainCtorThunk.cpp	CaveContain
Code/GameEngine/Source/GameLogic/AI/CreateObjectDieModuleDataCtorThunk.cpp	Code/GameEngine/Source/GameLogic/Object/Die/CreateObjectDieModuleDataCtorThunk.cpp	CreateObjectDieModuleData
Code/GameEngine/Source/GameLogic/AI/DeployStyleAIUpdateCtorThunk.cpp	Code/GameEngine/Source/GameLogic/Object/Update/AIUpdate/DeployStyleAIUpdateCtorThunk.cpp	DeployStyleAIUpdate
Code/GameEngine/Source/GameLogic/AI/DeployStyleAIUpdateFriendNewModuleDataThunk.cpp	Code/GameEngine/Source/GameLogic/Object/Update/AIUpdate/DeployStyleAIUpdateFriendNewModuleDataThunk.cpp	DeployStyleAIUpdate
Code/GameEngine/Source/GameLogic/AI/DeployStyleAIUpdate_aiDoCommand_BFME.cpp	Code/GameEngine/Source/GameLogic/Object/Update/AIUpdate/DeployStyleAIUpdate_aiDoCommand_BFME.cpp	DeployStyleAIUpdate
Code/GameEngine/Source/GameLogic/AI/DozerAIUpdateCtorThunk.cpp	Code/GameEngine/Source/GameLogic/Object/Update/AIUpdate/DozerAIUpdateCtorThunk.cpp	DozerAIUpdate
Code/GameEngine/Source/GameLogic/AI/EmotionTrackerUpdateFriendNewModuleDataThunk.cpp	Code/GameEngine/Source/GameLogic/Object/Update/EmotionTrackerUpdateFriendNewModuleDataThunk.cpp	EmotionTrackerUpdate
Code/GameEngine/Source/GameLogic/AI/EmotionTrackerUpdateFriendNewModuleInstanceThunk.cpp	Code/GameEngine/Source/GameLogic/Object/Update/EmotionTrackerUpdateFriendNewModuleInstanceThunk.cpp	EmotionTrackerUpdate
Code/GameEngine/Source/GameLogic/AI/EnragedBehaviorFriendNewModuleDataThunk.cpp	Code/GameEngine/Source/GameLogic/Object/Behavior/EnragedBehaviorFriendNewModuleDataThunk.cpp	EnragedBehavior
Code/GameEngine/Source/GameLogic/AI/EnragedBehaviorFriendNewModuleInstanceThunk.cpp	Code/GameEngine/Source/GameLogic/Object/Behavior/EnragedBehaviorFriendNewModuleInstanceThunk.cpp	EnragedBehavior
Code/GameEngine/Source/GameLogic/AI/GarrisonContainCtorThunk.cpp	Code/GameEngine/Source/GameLogic/Object/Contain/GarrisonContainCtorThunk.cpp	GarrisonContain
Code/GameEngine/Source/GameLogic/AI/GiantBirdAIUpdateCtorThunk.cpp	Code/GameEngine/Source/Common/Thing/GiantBirdAIUpdateCtorThunk.cpp	GiantBirdAIUpdate
Code/GameEngine/Source/GameLogic/AI/GiantBirdAIUpdateFriendNewModuleInstanceThunk.cpp	Code/GameEngine/Source/Common/Thing/GiantBirdAIUpdateFriendNewModuleInstanceThunk.cpp	GiantBirdAIUpdate
Code/GameEngine/Source/GameLogic/AI/HordeContainCtorThunk.cpp	Code/GameEngine/Source/GameLogic/Object/Contain/HordeContainCtorThunk.cpp	HordeContain
Code/GameEngine/Source/GameLogic/AI/HordeContainFriendNewModuleDataThunk.cpp	Code/GameEngine/Source/GameLogic/Object/Contain/HordeContainFriendNewModuleDataThunk.cpp	HordeContain
Code/GameEngine/Source/GameLogic/AI/HordeContainFriendNewModuleInstanceThunk.cpp	Code/GameEngine/Source/GameLogic/Object/Contain/HordeContainFriendNewModuleInstanceThunk.cpp	HordeContain
Code/GameEngine/Source/GameLogic/AI/HordeTransportContainCtorThunk.cpp	Code/GameEngine/Source/GameLogic/Object/Contain/HordeTransportContainCtorThunk.cpp	HordeTransportContain
Code/GameEngine/Source/GameLogic/AI/HordeTransportContainFriendNewModuleInstanceThunk.cpp	Code/GameEngine/Source/GameLogic/Object/Contain/HordeTransportContainFriendNewModuleInstanceThunk.cpp	HordeTransportContain
Code/GameEngine/Source/GameLogic/AI/LargeGroupBonusUpdateCtorThunk.cpp	Code/GameEngine/Source/Common/Thing/LargeGroupBonusUpdateCtorThunk.cpp	LargeGroupBonusUpdate
Code/GameEngine/Source/GameLogic/AI/LargeGroupBonusUpdateDestructor.cpp	Code/GameEngine/Source/Common/Thing/LargeGroupBonusUpdateDestructor.cpp	LargeGroupBonusUpdate
Code/GameEngine/Source/GameLogic/AI/LargeGroupBonusUpdateFriendNewModuleInstanceThunk.cpp	Code/GameEngine/Source/Common/Thing/LargeGroupBonusUpdateFriendNewModuleInstanceThunk.cpp	LargeGroupBonusUpdate
Code/GameEngine/Source/GameLogic/AI/ModelConditionUpgradeModuleDataCtorThunk.cpp	Code/GameEngine/Source/GameLogic/Object/Upgrade/ModelConditionUpgradeModuleDataCtorThunk.cpp	ModelConditionUpgradeModuleData
Code/GameEngine/Source/GameLogic/AI/ObjectCreationUpgradeCtorThunk.cpp	Code/GameEngine/Source/GameLogic/Object/Upgrade/ObjectCreationUpgradeCtorThunk.cpp	ObjectCreationUpgrade
Code/GameEngine/Source/GameLogic/AI/ObjectCreationUpgradeFriendNewModuleDataThunk.cpp	Code/GameEngine/Source/GameLogic/Object/Upgrade/ObjectCreationUpgradeFriendNewModuleDataThunk.cpp	ObjectCreationUpgrade
Code/GameEngine/Source/GameLogic/AI/ObjectCreationUpgradeFriendNewModuleInstanceThunk.cpp	Code/GameEngine/Source/GameLogic/Object/Upgrade/ObjectCreationUpgradeFriendNewModuleInstanceThunk.cpp	ObjectCreationUpgrade
Code/GameEngine/Source/GameLogic/AI/PartitionSolverDestructor.cpp	Code/GameEngine/Source/Common/PartitionSolverDestructor.cpp	PartitionSolver
Code/GameEngine/Source/GameLogic/AI/PathfindBuildActualPathE10f0.cpp	Code/GameEngine/Source/Common/RTS/PathfindBuildActualPathE10f0.cpp	Pathfinder
Code/GameEngine/Source/GameLogic/AI/PathfindCheckDestination.cpp	Code/GameEngine/Source/Common/RTS/PathfindCheckDestination.cpp	Pathfinder
Code/GameEngine/Source/GameLogic/AI/PathfindE1f10.cpp	Code/GameEngine/Source/Common/RTS/PathfindE1f10.cpp	Pathfinder
Code/GameEngine/Source/GameLogic/AI/PathfindE1fe0.cpp	Code/GameEngine/Source/Common/RTS/PathfindE1fe0.cpp	Pathfinder
Code/GameEngine/Source/GameLogic/AI/PathfindGetRadiusAndCenterE30.cpp	Code/GameEngine/Source/Common/RTS/PathfindGetRadiusAndCenterE30.cpp	Pathfinder
Code/GameEngine/Source/GameLogic/AI/PathfinderAdjustLOSPoints.cpp	Code/GameEngine/Source/Common/RTS/PathfinderAdjustLOSPoints.cpp	Pathfinder
Code/GameEngine/Source/GameLogic/AI/PathfinderAttackViewForwarders.cpp	Code/GameEngine/Source/Common/RTS/PathfinderAttackViewForwarders.cpp	Pathfinder
Code/GameEngine/Source/GameLogic/AI/PathfinderBfmeLayerForPosition.cpp	Code/GameEngine/Source/Common/RTS/PathfinderBfmeLayerForPosition.cpp	Pathfinder
Code/GameEngine/Source/GameLogic/AI/PathfinderBuildHierachicalPath.cpp	Code/GameEngine/Source/Common/RTS/PathfinderBuildHierachicalPath.cpp	Pathfinder
Code/GameEngine/Source/GameLogic/AI/PathfinderCellPredicates.cpp	Code/GameEngine/Source/Common/RTS/PathfinderCellPredicates.cpp	Pathfinder
Code/GameEngine/Source/GameLogic/AI/PathfinderCheckForTargetBfme.cpp	Code/GameEngine/Source/Common/RTS/PathfinderCheckForTargetBfme.cpp	Pathfinder
Code/GameEngine/Source/GameLogic/AI/PathfinderChooseBestLocomotor.cpp	Code/GameEngine/Source/Common/RTS/PathfinderChooseBestLocomotor.cpp	Pathfinder
Code/GameEngine/Source/GameLogic/AI/PathfinderClassifyMap.cpp	Code/GameEngine/Source/Common/RTS/PathfinderClassifyMap.cpp	Pathfinder
Code/GameEngine/Source/GameLogic/AI/PathfinderDestinationWork.cpp	Code/GameEngine/Source/Common/RTS/PathfinderDestinationWork.cpp	Pathfinder
Code/GameEngine/Source/GameLogic/AI/PathfinderDestructor.cpp	Code/GameEngine/Source/Common/RTS/PathfinderDestructor.cpp	Pathfinder
Code/GameEngine/Source/GameLogic/AI/PathfinderFindPathThunk.cpp	Code/GameEngine/Source/Common/RTS/PathfinderFindPathThunk.cpp	Pathfinder
Code/GameEngine/Source/GameLogic/AI/PathfinderGetCellTwin.cpp	Code/GameEngine/Source/Common/RTS/PathfinderGetCellTwin.cpp	Pathfinder
Code/GameEngine/Source/GameLogic/AI/PathfinderGroundCellPredicate.cpp	Code/GameEngine/Source/Common/RTS/PathfinderGroundCellPredicate.cpp	Pathfinder
Code/GameEngine/Source/GameLogic/AI/PathfinderIterateCellsAlongLineRva003D7010.cpp	Code/GameEngine/Source/Common/RTS/PathfinderIterateCellsAlongLineRva003D7010.cpp	Pathfinder
Code/GameEngine/Source/GameLogic/AI/PathfinderLineQueries.cpp	Code/GameEngine/Source/Common/RTS/PathfinderLineQueries.cpp	Pathfinder
Code/GameEngine/Source/GameLogic/AI/PathfinderObjectCell.cpp	Code/GameEngine/Source/Common/RTS/PathfinderObjectCell.cpp	Pathfinder
Code/GameEngine/Source/GameLogic/AI/PathfinderPrepareRefresh.cpp	Code/GameEngine/Source/Common/RTS/PathfinderPrepareRefresh.cpp	Pathfinder
Code/GameEngine/Source/GameLogic/AI/PathfinderRefreshCellMap.cpp	Code/GameEngine/Source/Common/RTS/PathfinderRefreshCellMap.cpp	Pathfinder
Code/GameEngine/Source/GameLogic/AI/PathfinderSetDebugPath.cpp	Code/GameEngine/Source/Common/RTS/PathfinderSetDebugPath.cpp	Pathfinder
Code/GameEngine/Source/GameLogic/AI/PathfinderSnapPosition.cpp	Code/GameEngine/Source/Common/RTS/PathfinderSnapPosition.cpp	Pathfinder
Code/GameEngine/Source/GameLogic/AI/PathfinderStepD4F90.cpp	Code/GameEngine/Source/Common/RTS/PathfinderStepD4F90.cpp	Pathfinder
Code/GameEngine/Source/GameLogic/AI/PathfinderStepE0370.cpp	Code/GameEngine/Source/Common/RTS/PathfinderStepE0370.cpp	Pathfinder
Code/GameEngine/Source/GameLogic/AI/PathfinderValidMovementPosition.cpp	Code/GameEngine/Source/Common/RTS/PathfinderValidMovementPosition.cpp	Pathfinder
Code/GameEngine/Source/GameLogic/AI/PathfinderValidMovementTerrain.cpp	Code/GameEngine/Source/Common/RTS/PathfinderValidMovementTerrain.cpp	Pathfinder
Code/GameEngine/Source/GameLogic/AI/PathfinderWorldLinePredicate.cpp	Code/GameEngine/Source/Common/RTS/PathfinderWorldLinePredicate.cpp	Pathfinder
Code/GameEngine/Source/GameLogic/AI/PathfinderXferE38F0.cpp	Code/GameEngine/Source/Common/RTS/PathfinderXferE38F0.cpp	Pathfinder
Code/GameEngine/Source/GameLogic/AI/Pathfinder_clientSafeQuickDoesPathExistForUI_Thunk.cpp	Code/GameEngine/Source/Common/RTS/Pathfinder_clientSafeQuickDoesPathExistForUI_Thunk.cpp	Pathfinder
Code/GameEngine/Source/GameLogic/AI/Pathfinder_d_003e6e90.cpp	Code/GameEngine/Source/Common/RTS/Pathfinder_d_003e6e90.cpp	Pathfinder
Code/GameEngine/Source/GameLogic/AI/RainOfFireUpdateCtorModuleFactoryBody.cpp	Code/GameEngine/Source/Common/RTS/RainOfFireUpdateCtorModuleFactoryBody.cpp	RainOfFireUpdate
Code/GameEngine/Source/GameLogic/AI/RainOfFireUpdateDestructor.cpp	Code/GameEngine/Source/Common/RTS/RainOfFireUpdateDestructor.cpp	RainOfFireUpdate
Code/GameEngine/Source/GameLogic/AI/RunOffMapBehaviorFriendNewModuleDataThunk.cpp	Code/GameEngine/Source/GameLogic/Object/Behavior/RunOffMapBehaviorFriendNewModuleDataThunk.cpp	RunOffMapBehavior
Code/GameEngine/Source/GameLogic/AI/SiegeEngineContainCtorThunk.cpp	Code/GameEngine/Source/GameLogic/Object/Contain/SiegeEngineContainCtorThunk.cpp	SiegeEngineContain
Code/GameEngine/Source/GameLogic/AI/SiegeEngineContainFriendNewModuleDataThunk.cpp	Code/GameEngine/Source/GameLogic/Object/Contain/SiegeEngineContainFriendNewModuleDataThunk.cpp	SiegeEngineContain
Code/GameEngine/Source/GameLogic/AI/SiegeEngineContainFriendNewModuleInstanceThunk.cpp	Code/GameEngine/Source/GameLogic/Object/Contain/SiegeEngineContainFriendNewModuleInstanceThunk.cpp	SiegeEngineContain
Code/GameEngine/Source/GameLogic/AI/SpecialAbilityUpdate_checkTarget.cpp	Code/GameEngine/Source/GameLogic/Object/Update/SpecialAbilityUpdate_checkTarget.cpp	SpecialAbilityUpdate
Code/GameEngine/Source/GameLogic/AI/StateMachine_getGoalObject.cpp	Code/GameEngine/Source/Common/StateMachine_getGoalObject.cpp	StateMachine
Code/GameEngine/Source/GameLogic/AI/StateMachine_halt.cpp	Code/GameEngine/Source/Common/StateMachine_halt.cpp	StateMachine
Code/GameEngine/Source/GameLogic/AI/SupplyTruckAIUpdateCtorThunk.cpp	Code/GameEngine/Source/GameLogic/Object/Update/AIUpdate/SupplyTruckAIUpdateCtorThunk.cpp	SupplyTruckAIUpdate
Code/GameEngine/Source/GameLogic/AI/TransportAIUpdateCtorThunk.cpp	Code/GameEngine/Source/GameLogic/Object/Update/AIUpdate/TransportAIUpdateCtorThunk.cpp	TransportAIUpdate
Code/GameEngine/Source/GameLogic/AI/TransportAIUpdateFriendNewModuleDataThunk.cpp	Code/GameEngine/Source/GameLogic/Object/Update/AIUpdate/TransportAIUpdateFriendNewModuleDataThunk.cpp	TransportAIUpdate
Code/GameEngine/Source/GameLogic/AI/WanderAIUpdateFriendNewModuleDataThunk.cpp	Code/GameEngine/Source/GameLogic/Object/Update/AIUpdate/WanderAIUpdateFriendNewModuleDataThunk.cpp	WanderAIUpdate
Code/GameEngine/Source/GameLogic/AI/partition_solver.cpp	Code/GameEngine/Source/Common/partition_solver.cpp	PartitionSolver
Code/GameEngine/Source/GameLogic/AI/pathfind_iterateCellsAlongLine_world.cpp	Code/GameEngine/Source/Common/RTS/pathfind_iterateCellsAlongLine_world.cpp	Pathfinder
Code/GameEngine/Source/GameLogic/AI/pathfind_tightenPath.cpp	Code/GameEngine/Source/Common/RTS/pathfind_tightenPath.cpp	Pathfinder
Code/GameEngine/Source/GameLogic/Bridge_createTower_Thunk.cpp	Code/GameEngine/Source/GameLogic/Map/Bridge_createTower_Thunk.cpp	Bridge
Code/GameEngine/Source/GameLogic/Bridge_ctor_Thunk.cpp	Code/GameEngine/Source/GameLogic/Map/Bridge_ctor_Thunk.cpp	Bridge
Code/GameEngine/Source/GameLogic/GameLogic_playerLeaveStatus.cpp	Code/GameEngine/Source/GameLogic/System/GameLogic_playerLeaveStatus.cpp	GameLogic
Code/GameEngine/Source/GameLogic/LocomotorStore_parseLocomotorTemplateDefinition_Thunk.cpp	Code/GameEngine/Source/GameLogic/Object/LocomotorStore_parseLocomotorTemplateDefinition_Thunk.cpp	LocomotorStore
Code/GameEngine/Source/GameLogic/Map/Bridge.cpp	Code/GameEngine/Source/GameLogic/Bridge.cpp	Bridge
Code/GameEngine/Source/GameLogic/Map/Bridge_isCellOnSide_Thunk.cpp	Code/GameEngine/Source/GameLogic/Bridge_isCellOnSide_Thunk.cpp	Bridge
Code/GameEngine/Source/GameLogic/Map/BuildListInfoDestructorThunk.cpp	Code/GameEngine/Source/GameLogic/AI/BuildListInfoDestructorThunk.cpp	BuildListInfo
Code/GameEngine/Source/GameLogic/Map/SidesListAddPlayerByTemplate.cpp	Code/GameEngine/Source/Common/RTS/SidesListAddPlayerByTemplate.cpp	SidesList
Code/GameEngine/Source/GameLogic/Map/SidesListAddSideThunk.cpp	Code/GameEngine/Source/Common/RTS/SidesListAddSideThunk.cpp	SidesList
Code/GameEngine/Source/GameLogic/Map/SidesListCtorThunk.cpp	Code/GameEngine/Source/Common/RTS/SidesListCtorThunk.cpp	SidesList
Code/GameEngine/Source/GameLogic/Map/SidesListFindSideInfo.cpp	Code/GameEngine/Source/Common/RTS/SidesListFindSideInfo.cpp	SidesList
Code/GameEngine/Source/GameLogic/Map/SidesListFindSkirmishSideInfo.cpp	Code/GameEngine/Source/Common/RTS/SidesListFindSkirmishSideInfo.cpp	SidesList
Code/GameEngine/Source/GameLogic/Map/SidesListValidateAllyEnemyList.cpp	Code/GameEngine/Source/Common/RTS/SidesListValidateAllyEnemyList.cpp	SidesList
Code/GameEngine/Source/GameLogic/Map/SidesListWriteTeams.cpp	Code/GameEngine/Source/Common/RTS/SidesListWriteTeams.cpp	SidesList
Code/GameEngine/Source/GameLogic/Module/CleanupHazardUpdateConstructorThunk.cpp	Code/GameEngine/Source/GameLogic/Object/Update/CleanupHazardUpdateConstructorThunk.cpp	CleanupHazardUpdate
Code/GameEngine/Source/GameLogic/Object/Behavior/BridgeBehaviorCreateScaffoldingThunk.cpp	Code/GameEngine/Source/Common/Thing/BridgeBehaviorCreateScaffoldingThunk.cpp	BridgeBehavior
Code/GameEngine/Source/GameLogic/Object/Behavior/BridgeBehaviorDestructorThunk.cpp	Code/GameEngine/Source/Common/Thing/BridgeBehaviorDestructorThunk.cpp	BridgeBehavior
Code/GameEngine/Source/GameLogic/Object/Behavior/BridgeBehaviorGetInterface.cpp	Code/GameEngine/Source/Common/Thing/BridgeBehaviorGetInterface.cpp	BridgeBehavior
Code/GameEngine/Source/GameLogic/Object/Behavior/BridgeBehaviorOnHealing.cpp	Code/GameEngine/Source/Common/Thing/BridgeBehaviorOnHealing.cpp	BridgeBehavior
Code/GameEngine/Source/GameLogic/Object/Behavior/BridgeBehavior_handleObjectsOnBridgeOnDieMethodThunk.cpp	Code/GameEngine/Source/Common/Thing/BridgeBehavior_handleObjectsOnBridgeOnDieMethodThunk.cpp	BridgeBehavior
Code/GameEngine/Source/GameLogic/Object/Behavior/BridgeBehavior_resolveFXMethodThunk.cpp	Code/GameEngine/Source/Common/Thing/BridgeBehavior_resolveFXMethodThunk.cpp	BridgeBehavior
Code/GameEngine/Source/GameLogic/Object/Behavior/BridgeBehavior_updateMethodThunk.cpp	Code/GameEngine/Source/Common/Thing/BridgeBehavior_updateMethodThunk.cpp	BridgeBehavior
Code/GameEngine/Source/GameLogic/Object/Behavior/ClickReactionBehaviorCtorThunk.cpp	Code/GameEngine/Source/Common/RTS/ClickReactionBehaviorCtorThunk.cpp	ClickReactionBehavior
Code/GameEngine/Source/GameLogic/Object/Behavior/DualWeaponBehaviorCtorThunk.cpp	Code/GameEngine/Source/GameLogic/Object/Update/DualWeaponBehaviorCtorThunk.cpp	DualWeaponBehavior
Code/GameEngine/Source/GameLogic/Object/Behavior/EnragedBehaviorCtorThunk.cpp	Code/GameEngine/Source/GameLogic/AI/EnragedBehaviorCtorThunk.cpp	EnragedBehavior
Code/GameEngine/Source/GameLogic/Object/Behavior/EnragedBehaviorRva001FAF60.cpp	Code/GameEngine/Source/GameLogic/AI/EnragedBehaviorRva001FAF60.cpp	EnragedBehavior
Code/GameEngine/Source/GameLogic/Object/Behavior/FireWeaponWhenDamagedBehaviorCtorThunk.cpp	Code/GameEngine/Source/Common/Thing/FireWeaponWhenDamagedBehaviorCtorThunk.cpp	FireWeaponWhenDamagedBehavior
Code/GameEngine/Source/GameLogic/Object/Behavior/FireWeaponWhenDamagedBehaviorXfer.cpp	Code/GameEngine/Source/Common/Thing/FireWeaponWhenDamagedBehaviorXfer.cpp	FireWeaponWhenDamagedBehavior
Code/GameEngine/Source/GameLogic/Object/Behavior/FireWeaponWhenDamagedBehavior_onDamage.cpp	Code/GameEngine/Source/Common/Thing/FireWeaponWhenDamagedBehavior_onDamage.cpp	FireWeaponWhenDamagedBehavior
Code/GameEngine/Source/GameLogic/Object/Behavior/FireWeaponWhenDamagedBehavior_update.cpp	Code/GameEngine/Source/Common/Thing/FireWeaponWhenDamagedBehavior_update.cpp	FireWeaponWhenDamagedBehavior
Code/GameEngine/Source/GameLogic/Object/Behavior/GettingBuiltBehaviorCostForDamage.cpp	Code/GameEngine/Source/Common/Thing/GettingBuiltBehaviorCostForDamage.cpp	GettingBuiltBehavior
Code/GameEngine/Source/GameLogic/Object/Behavior/GettingBuiltBehaviorCtorModuleFactory.cpp	Code/GameEngine/Source/Common/Thing/GettingBuiltBehaviorCtorModuleFactory.cpp	GettingBuiltBehavior
Code/GameEngine/Source/GameLogic/Object/Behavior/GettingBuiltBehaviorRva001FEC30.cpp	Code/GameEngine/Source/Common/Thing/GettingBuiltBehaviorRva001FEC30.cpp	GettingBuiltBehavior
Code/GameEngine/Source/GameLogic/Object/Behavior/GettingBuiltBehaviorRva001FF360.cpp	Code/GameEngine/Source/Common/Thing/GettingBuiltBehaviorRva001FF360.cpp	GettingBuiltBehavior
Code/GameEngine/Source/GameLogic/Object/Behavior/GettingBuiltBehavior_update.cpp	Code/GameEngine/Source/Common/Thing/GettingBuiltBehavior_update.cpp	GettingBuiltBehavior
Code/GameEngine/Source/GameLogic/Object/Behavior/InstantDeathBehaviorCtorThunk.cpp	Code/GameEngine/Source/Common/Thing/InstantDeathBehaviorCtorThunk.cpp	InstantDeathBehavior
Code/GameEngine/Source/GameLogic/Object/Behavior/JetSlowDeathBehavior.cpp	Code/GameEngine/Source/GameLogic/Object/JetSlowDeathBehavior.cpp	Locomotor
Code/GameEngine/Source/GameLogic/Object/Behavior/PoisonedBehaviorCtorThunk.cpp	Code/GameEngine/Source/Common/Thing/PoisonedBehaviorCtorThunk.cpp	PoisonedBehavior
Code/GameEngine/Source/GameLogic/Object/Behavior/PoisonedBehaviorGetDisabledTypesThunk.cpp	Code/GameEngine/Source/Common/Thing/PoisonedBehaviorGetDisabledTypesThunk.cpp	PoisonedBehavior
Code/GameEngine/Source/GameLogic/Object/Behavior/PoisonedBehavior_startPoisonedEffects.cpp	Code/GameEngine/Source/Common/Thing/PoisonedBehavior_startPoisonedEffects.cpp	PoisonedBehavior
Code/GameEngine/Source/GameLogic/Object/Behavior/PropagandaTowerBehavior.cpp	Code/GameEngine/Source/Common/Thing/PropagandaTowerBehavior.cpp	PropagandaTowerBehavior
Code/GameEngine/Source/GameLogic/Object/Behavior/PropagandaTowerBehaviorConstructor.cpp	Code/GameEngine/Source/Common/Thing/PropagandaTowerBehaviorConstructor.cpp	PropagandaTowerBehavior
Code/GameEngine/Source/GameLogic/Object/Behavior/PropagandaTowerBehaviorDestructorThunk.cpp	Code/GameEngine/Source/Common/Thing/PropagandaTowerBehaviorDestructorThunk.cpp	PropagandaTowerBehavior
Code/GameEngine/Source/GameLogic/Object/Behavior/PropagandaTowerBehavior_effectLogic.cpp	Code/GameEngine/Source/Common/Thing/PropagandaTowerBehavior_effectLogic.cpp	PropagandaTowerBehavior
Code/GameEngine/Source/GameLogic/Object/Behavior/PropagandaTowerBehavior_update_BFME.cpp	Code/GameEngine/Source/Common/Thing/PropagandaTowerBehavior_update_BFME.cpp	PropagandaTowerBehavior
Code/GameEngine/Source/GameLogic/Object/Behavior/SlowDeathBehaviorBeginSlowDeathThunk.cpp	Code/GameEngine/Source/Common/Thing/SlowDeathBehaviorBeginSlowDeathThunk.cpp	SlowDeathBehavior
Code/GameEngine/Source/GameLogic/Object/Behavior/SlowDeathBehaviorIsDieApplicable.cpp	Code/GameEngine/Source/Common/Thing/SlowDeathBehaviorIsDieApplicable.cpp	SlowDeathBehavior
Code/GameEngine/Source/GameLogic/Object/Behavior/SlowDeathBehavior_ctor_Thunk.cpp	Code/GameEngine/Source/Common/Thing/SlowDeathBehavior_ctor_Thunk.cpp	SlowDeathBehavior
Code/GameEngine/Source/GameLogic/Object/Behavior/SlowDeathBehavior_doPhaseStuff_Thunk.cpp	Code/GameEngine/Source/Common/Thing/SlowDeathBehavior_doPhaseStuff_Thunk.cpp	SlowDeathBehavior
Code/GameEngine/Source/GameLogic/Object/Behavior/SlowDeathBehavior_onDie_Thunk.cpp	Code/GameEngine/Source/Common/Thing/SlowDeathBehavior_onDie_Thunk.cpp	SlowDeathBehavior
Code/GameEngine/Source/GameLogic/Object/Behavior/SpecialEnemySenseUpdateCtorThunk.cpp	Code/GameEngine/Source/GameLogic/Object/Update/SpecialEnemySenseUpdateCtorThunk.cpp	SpecialEnemySenseUpdate
Code/GameEngine/Source/GameLogic/Object/Behavior/SupplyWarehouseCripplingBehaviorCtorThunk.cpp	Code/GameEngine/Source/Common/Thing/SupplyWarehouseCripplingBehaviorCtorThunk.cpp	SupplyWarehouseCripplingBehavior
Code/GameEngine/Source/GameLogic/Object/Behavior/SupplyWarehouseCripplingBehavior_onDamage_Thunk.cpp	Code/GameEngine/Source/Common/Thing/SupplyWarehouseCripplingBehavior_onDamage_Thunk.cpp	SupplyWarehouseCripplingBehavior
Code/GameEngine/Source/GameLogic/Object/Behavior/SupplyWarehouseCripplingBehavior_update.cpp	Code/GameEngine/Source/Common/Thing/SupplyWarehouseCripplingBehavior_update.cpp	SupplyWarehouseCripplingBehavior
Code/GameEngine/Source/GameLogic/Object/BfmeConv2074.cpp	Code/GameEngine/Source/GameLogic/Object/Weapon/BfmeConv2074.cpp	Weapon
Code/GameEngine/Source/GameLogic/Object/BfmeConv2095.cpp	Code/GameEngine/Source/GameLogic/Object/Weapon/BfmeConv2095.cpp	Weapon
Code/GameEngine/Source/GameLogic/Object/BfmeConv2097.cpp	Code/GameEngine/Source/Common/RTS/BfmeConv2097.cpp	Object
Code/GameEngine/Source/GameLogic/Object/Body/ActiveBody_deleteAllParticleSystems.cpp	Code/GameEngine/Source/Common/Thing/ActiveBody_deleteAllParticleSystems.cpp	ActiveBody
Code/GameEngine/Source/GameLogic/Object/Body/ActiveBody_setIndestructible.cpp	Code/GameEngine/Source/Common/Thing/ActiveBody_setIndestructible.cpp	ActiveBody
Code/GameEngine/Source/GameLogic/Object/Body/ActiveBody_setMaxHealth.cpp	Code/GameEngine/Source/Common/Thing/ActiveBody_setMaxHealth.cpp	ActiveBody
Code/GameEngine/Source/GameLogic/Object/Body/ActiveBody_shouldRetaliate.cpp	Code/GameEngine/Source/Common/Thing/ActiveBody_shouldRetaliate.cpp	ActiveBody
Code/GameEngine/Source/GameLogic/Object/Body/ActiveBody_updateBodyParticleSystems_Thunk.cpp	Code/GameEngine/Source/Common/Thing/ActiveBody_updateBodyParticleSystems_Thunk.cpp	ActiveBody
Code/GameEngine/Source/GameLogic/Object/Body/DetachableRiderBodyCtorModuleFactory.cpp	Code/GameEngine/Source/Common/Thing/DetachableRiderBodyCtorModuleFactory.cpp	DetachableRiderBody
Code/GameEngine/Source/GameLogic/Object/Body/FreeLifeBody_attemptDamage.cpp	Code/GameEngine/Source/Common/Thing/FreeLifeBody_attemptDamage.cpp	FreeLifeBody
Code/GameEngine/Source/GameLogic/Object/Body/ImmortalBodyConstructor.cpp	Code/GameEngine/Source/GameLogic/Object/ImmortalBodyConstructor.cpp	ImmortalBody
Code/GameEngine/Source/GameLogic/Object/Body/OathbreakerBodyConstructor.cpp	Code/GameEngine/Source/Common/Thing/OathbreakerBodyConstructor.cpp	OathbreakerBody
Code/GameEngine/Source/GameLogic/Object/Collide/AODCrushCollideConstructor.cpp	Code/GameEngine/Source/Common/Thing/AODCrushCollideConstructor.cpp	AODCrushCollide
Code/GameEngine/Source/GameLogic/Object/Collide/CrateCollide/ConvertToHijackedVehicleCrateCollide.cpp	Code/GameEngine/Source/GameLogic/Object/Update/ConvertToHijackedVehicleCrateCollide.cpp	HijackerUpdate
Code/GameEngine/Source/GameLogic/Object/Collide/CrateCollide/UnitCrateCollide.cpp	Code/GameEngine/Source/Common/Thing/UnitCrateCollide.cpp	UnitCrateCollide
Code/GameEngine/Source/GameLogic/Object/Collide/CrateCollideConstructor.cpp	Code/GameEngine/Source/GameLogic/Object/Collide/CrateCollide/CrateCollideConstructor.cpp	CrateCollide
Code/GameEngine/Source/GameLogic/Object/Collide/HordeMemberCollideConstructor.cpp	Code/GameEngine/Source/Common/Thing/HordeMemberCollideConstructor.cpp	HordeMemberCollide
Code/GameEngine/Source/GameLogic/Object/Collide/SquishCollideConstructor.cpp	Code/GameEngine/Source/GameLogic/Object/SquishCollideConstructor.cpp	SquishCollide
Code/GameEngine/Source/GameLogic/Object/Collide/SquishCollideFriendNewModuleDataThunk.cpp	Code/GameEngine/Source/GameLogic/Object/SquishCollideFriendNewModuleDataThunk.cpp	SquishCollide
Code/GameEngine/Source/GameLogic/Object/Contain/CaveContainChangeTeamOnAllConnectedCaves.cpp	Code/GameEngine/Source/Common/Thing/CaveContainChangeTeamOnAllConnectedCaves.cpp	CaveContain
Code/GameEngine/Source/GameLogic/Object/Contain/CaveContainOnContaining.cpp	Code/GameEngine/Source/Common/Thing/CaveContainOnContaining.cpp	CaveContain
Code/GameEngine/Source/GameLogic/Object/Contain/CaveContainOnRemoving.cpp	Code/GameEngine/Source/Common/Thing/CaveContainOnRemoving.cpp	CaveContain
Code/GameEngine/Source/GameLogic/Object/Contain/CaveContainRecalcApparentControllingPlayer.cpp	Code/GameEngine/Source/Common/Thing/CaveContainRecalcApparentControllingPlayer.cpp	CaveContain
Code/GameEngine/Source/GameLogic/Object/Contain/CaveContainTryToSetCaveIndex.cpp	Code/GameEngine/Source/Common/Thing/CaveContainTryToSetCaveIndex.cpp	CaveContain
Code/GameEngine/Source/GameLogic/Object/Contain/ContainModuleInterfaceGetStatus.cpp	Code/GameEngine/Source/Common/Thing/ContainModuleInterfaceGetStatus.cpp	RiderChangeContain
Code/GameEngine/Source/GameLogic/Object/Contain/ContestableContain.cpp	Code/GameEngine/Source/GameLogic/AI/ContestableContain.cpp	ContestableContain
Code/GameEngine/Source/GameLogic/Object/Contain/GarrisonContainDestructor.cpp	Code/GameEngine/Source/Common/Thing/GarrisonContainDestructor.cpp	GarrisonContain
Code/GameEngine/Source/GameLogic/Object/Contain/GarrisonContainHealSingleObject.cpp	Code/GameEngine/Source/Common/Thing/GarrisonContainHealSingleObject.cpp	GarrisonContain
Code/GameEngine/Source/GameLogic/Object/Contain/GarrisonContainLoadGarrisonPointsThunk.cpp	Code/GameEngine/Source/Common/Thing/GarrisonContainLoadGarrisonPointsThunk.cpp	GarrisonContain
Code/GameEngine/Source/GameLogic/Object/Contain/GarrisonContainOnObjectCreated.cpp	Code/GameEngine/Source/Common/Thing/GarrisonContainOnObjectCreated.cpp	GarrisonContain
Code/GameEngine/Source/GameLogic/Object/Contain/GarrisonContainTrackTargets.cpp	Code/GameEngine/Source/Common/Thing/GarrisonContainTrackTargets.cpp	GarrisonContain
Code/GameEngine/Source/GameLogic/Object/Contain/GarrisonContain_calcBestGarrisonPosition.cpp	Code/GameEngine/Source/Common/Thing/GarrisonContain_calcBestGarrisonPosition.cpp	GarrisonContain
Code/GameEngine/Source/GameLogic/Object/Contain/GarrisonContain_onContaining.cpp	Code/GameEngine/Source/Common/Thing/GarrisonContain_onContaining.cpp	GarrisonContain
Code/GameEngine/Source/GameLogic/Object/Contain/GarrisonContain_onRemoving.cpp	Code/GameEngine/Source/Common/Thing/GarrisonContain_onRemoving.cpp	GarrisonContain
Code/GameEngine/Source/GameLogic/Object/Contain/GarrisonContain_putObjectAtBestGarrisonPoint.cpp	Code/GameEngine/Source/Common/Thing/GarrisonContain_putObjectAtBestGarrisonPoint.cpp	GarrisonContain
Code/GameEngine/Source/GameLogic/Object/Contain/GarrisonContain_putObjectAtGarrisonPoint.cpp	Code/GameEngine/Source/Common/Thing/GarrisonContain_putObjectAtGarrisonPoint.cpp	GarrisonContain
Code/GameEngine/Source/GameLogic/Object/Contain/GarrisonContain_redeployOccupants.cpp	Code/GameEngine/Source/Common/Thing/GarrisonContain_redeployOccupants.cpp	GarrisonContain
Code/GameEngine/Source/GameLogic/Object/Contain/GarrisonContain_validateRallyPoint.cpp	Code/GameEngine/Source/Common/Thing/GarrisonContain_validateRallyPoint.cpp	GarrisonContain
Code/GameEngine/Source/GameLogic/Object/Contain/HelixContain.cpp	Code/GameEngine/Source/GameLogic/Object/HelixContain.cpp	Object
Code/GameEngine/Source/GameLogic/Object/Contain/HordeContainCreatePayload.cpp	Code/GameEngine/Source/GameLogic/AI/HordeContainCreatePayload.cpp	HordeContain
Code/GameEngine/Source/GameLogic/Object/Contain/HordeSiegeEngineContainIsValidContainerFor.cpp	Code/GameEngine/Source/GameLogic/AI/HordeSiegeEngineContainIsValidContainerFor.cpp	HordeSiegeEngineContain
Code/GameEngine/Source/GameLogic/Object/Contain/HordeTransportContainIsValidContainerFor.cpp	Code/GameEngine/Source/GameLogic/AI/HordeTransportContainIsValidContainerFor.cpp	HordeTransportContain
Code/GameEngine/Source/GameLogic/Object/Contain/HordeTransportContainUpdate.cpp	Code/GameEngine/Source/GameLogic/AI/HordeTransportContainUpdate.cpp	HordeTransportContain
Code/GameEngine/Source/GameLogic/Object/Contain/OpenContainConstructorThunk.cpp	Code/GameEngine/Source/Common/Thing/OpenContainConstructorThunk.cpp	OpenContain
Code/GameEngine/Source/GameLogic/Object/Contain/OpenContainFinishUpdate.cpp	Code/GameEngine/Source/Common/Thing/OpenContainFinishUpdate.cpp	OpenContain
Code/GameEngine/Source/GameLogic/Object/Contain/OpenContainGetClosestRider.cpp	Code/GameEngine/Source/Common/Thing/OpenContainGetClosestRider.cpp	OpenContain
Code/GameEngine/Source/GameLogic/Object/Contain/OpenContainGetNaturalRallyPoint.cpp	Code/GameEngine/Source/Common/Thing/OpenContainGetNaturalRallyPoint.cpp	OpenContain
Code/GameEngine/Source/GameLogic/Object/Contain/OpenContainGetPassengerBoneName.cpp	Code/GameEngine/Source/Common/Thing/OpenContainGetPassengerBoneName.cpp	OpenContain
Code/GameEngine/Source/GameLogic/Object/Contain/OpenContainMarkAllPassengersDetected.cpp	Code/GameEngine/Source/Common/Thing/OpenContainMarkAllPassengersDetected.cpp	OpenContain
Code/GameEngine/Source/GameLogic/Object/Contain/OpenContainOnRemoving.cpp	Code/GameEngine/Source/Common/Thing/OpenContainOnRemoving.cpp	OpenContain
Code/GameEngine/Source/GameLogic/Object/Contain/OpenContainOrderPassengersIdle.cpp	Code/GameEngine/Source/Common/Thing/OpenContainOrderPassengersIdle.cpp	OpenContain
Code/GameEngine/Source/GameLogic/Object/Contain/OpenContainPips.cpp	Code/GameEngine/Source/Common/Thing/OpenContainPips.cpp	OpenContain
Code/GameEngine/Source/GameLogic/Object/Contain/OpenContainPruneDeadWanters.cpp	Code/GameEngine/Source/Common/Thing/OpenContainPruneDeadWanters.cpp	OpenContain
Code/GameEngine/Source/GameLogic/Object/Contain/OpenContainScatterToNearbyPosition.cpp	Code/GameEngine/Source/Common/Thing/OpenContainScatterToNearbyPosition.cpp	OpenContain
Code/GameEngine/Source/GameLogic/Object/Contain/OpenContainUpdate.cpp	Code/GameEngine/Source/Common/Thing/OpenContainUpdate.cpp	OpenContain
Code/GameEngine/Source/GameLogic/Object/Contain/OpenContain_onContaining.cpp	Code/GameEngine/Source/Common/Thing/OpenContain_onContaining.cpp	OpenContain
Code/GameEngine/Source/GameLogic/Object/Contain/RiderChangeContainCtorThunk.cpp	Code/GameEngine/Source/Common/Thing/RiderChangeContainCtorThunk.cpp	RiderChangeContain
Code/GameEngine/Source/GameLogic/Object/Contain/RiderChangeContainIsValidContainerFor.cpp	Code/GameEngine/Source/Common/Thing/RiderChangeContainIsValidContainerFor.cpp	RiderChangeContain
Code/GameEngine/Source/GameLogic/Object/Contain/RiderChangeContainUpdate.cpp	Code/GameEngine/Source/Common/Thing/RiderChangeContainUpdate.cpp	RiderChangeContain
Code/GameEngine/Source/GameLogic/Object/Contain/RiderChangeContain_onRemoving_Thunk.cpp	Code/GameEngine/Source/Common/Thing/RiderChangeContain_onRemoving_Thunk.cpp	RiderChangeContain
Code/GameEngine/Source/GameLogic/Object/Contain/Rva002388F0HordeContain.cpp	Code/GameEngine/Source/GameLogic/AI/Rva002388F0HordeContain.cpp	HordeContain
Code/GameEngine/Source/GameLogic/Object/Contain/SiegeEngineContainIsValidContainerFor.cpp	Code/GameEngine/Source/GameLogic/AI/SiegeEngineContainIsValidContainerFor.cpp	SiegeEngineContain
Code/GameEngine/Source/GameLogic/Object/Contain/SiegeEngineContainRemoveFromContainList.cpp	Code/GameEngine/Source/GameLogic/AI/SiegeEngineContainRemoveFromContainList.cpp	SiegeEngineContain
Code/GameEngine/Source/GameLogic/Object/Contain/TransportContainCreatePayload.cpp	Code/GameEngine/Source/Common/Thing/TransportContainCreatePayload.cpp	TransportContain
Code/GameEngine/Source/GameLogic/Object/Contain/TransportContainCtorThunk.cpp	Code/GameEngine/Source/Common/Thing/TransportContainCtorThunk.cpp	TransportContain
Code/GameEngine/Source/GameLogic/Object/Contain/TransportContainIniParseAnim.cpp	Code/GameEngine/Source/Common/Thing/TransportContainIniParseAnim.cpp	TransportContain
Code/GameEngine/Source/GameLogic/Object/Contain/TransportContainKillBlockedRiders.cpp	Code/GameEngine/Source/Common/Thing/TransportContainKillBlockedRiders.cpp	TransportContain
Code/GameEngine/Source/GameLogic/Object/Contain/TransportContainOnCapture.cpp	Code/GameEngine/Source/Common/Thing/TransportContainOnCapture.cpp	TransportContain
Code/GameEngine/Source/GameLogic/Object/Contain/TransportContainParseBoneSpecificConditionState.cpp	Code/GameEngine/Source/Common/Thing/TransportContainParseBoneSpecificConditionState.cpp	TransportContain
Code/GameEngine/Source/GameLogic/Object/Contain/TransportContainUpdate.cpp	Code/GameEngine/Source/Common/Thing/TransportContainUpdate.cpp	TransportContain
Code/GameEngine/Source/GameLogic/Object/Contain/TunnelContain.cpp	Code/GameEngine/Source/Common/Thing/TunnelContain.cpp	TunnelContain
Code/GameEngine/Source/GameLogic/Object/Contain/TunnelContainCtorThunk.cpp	Code/GameEngine/Source/Common/Thing/TunnelContainCtorThunk.cpp	TunnelContain
Code/GameEngine/Source/GameLogic/Object/Contain/TunnelContainIterateContained.cpp	Code/GameEngine/Source/Common/Thing/TunnelContainIterateContained.cpp	TunnelContain
Code/GameEngine/Source/GameLogic/Object/Contain/TunnelContainOnDelete.cpp	Code/GameEngine/Source/Common/Thing/TunnelContainOnDelete.cpp	TunnelContain
Code/GameEngine/Source/GameLogic/Object/Contain/TunnelContainOnSelling.cpp	Code/GameEngine/Source/Common/Thing/TunnelContainOnSelling.cpp	TunnelContain
Code/GameEngine/Source/GameLogic/Object/Contain/TunnelContainUpdate.cpp	Code/GameEngine/Source/Common/Thing/TunnelContainUpdate.cpp	TunnelContain
Code/GameEngine/Source/GameLogic/Object/Contain/TunnelTrackerLoadPostProcess.cpp	Code/GameEngine/Source/Common/RTS/TunnelTrackerLoadPostProcess.cpp	TunnelTracker
Code/GameEngine/Source/GameLogic/Object/Contain/TunnelTracker_getContainCount.cpp	Code/GameEngine/Source/Common/RTS/TunnelTracker_getContainCount.cpp	TunnelTracker
Code/GameEngine/Source/GameLogic/Object/Create/PreorderCreateConstructor.cpp	Code/GameEngine/Source/GameLogic/Object/PreorderCreateConstructor.cpp	PreorderCreate
Code/GameEngine/Source/GameLogic/Object/Create/PreorderCreate_onBuildComplete.cpp	Code/GameEngine/Source/GameLogic/Object/PreorderCreate_onBuildComplete.cpp	PreorderCreate
Code/GameEngine/Source/GameLogic/Object/Damage/EvacuateDamageCtorModuleFactoryBody.cpp	Code/GameEngine/Source/Common/Thing/EvacuateDamageCtorModuleFactoryBody.cpp	EvacuateDamage
Code/GameEngine/Source/GameLogic/Object/Damage/EvacuateDamageDestructorThunk.cpp	Code/GameEngine/Source/Common/Thing/EvacuateDamageDestructorThunk.cpp	EvacuateDamage
Code/GameEngine/Source/GameLogic/Object/Damage/EvacuateDamage_onDamage.cpp	Code/GameEngine/Source/Common/Thing/EvacuateDamage_onDamage.cpp	EvacuateDamage
Code/GameEngine/Source/GameLogic/Object/Damage/ReflectDamageConstructor.cpp	Code/GameEngine/Source/Common/Thing/ReflectDamageConstructor.cpp	ReflectDamage
Code/GameEngine/Source/GameLogic/Object/Damage/ReflectDamage_onDamage.cpp	Code/GameEngine/Source/Common/Thing/ReflectDamage_onDamage.cpp	ReflectDamage
Code/GameEngine/Source/GameLogic/Object/Die/CreateCrateDie.cpp	Code/GameEngine/Source/Common/Thing/CreateCrateDie.cpp	CreateCrateDie
Code/GameEngine/Source/GameLogic/Object/Die/CrushDie.cpp	Code/GameEngine/Source/Common/Thing/CrushDie.cpp	CrushDie
Code/GameEngine/Source/GameLogic/Object/Die/UpgradeDie.cpp	Code/GameEngine/Source/Common/Thing/UpgradeDie.cpp	UpgradeDie
Code/GameEngine/Source/GameLogic/Object/Helper/ObjectDefectionHelper.cpp	Code/GameEngine/Source/GameLogic/Object/ObjectDefectionHelper.cpp	ObjectDefectionHelper
Code/GameEngine/Source/GameLogic/Object/Helper/ObjectDefectionHelperDestructor.cpp	Code/GameEngine/Source/GameLogic/Object/ObjectDefectionHelperDestructor.cpp	ObjectDefectionHelper
Code/GameEngine/Source/GameLogic/Object/LocomotorGetMaxTurnRateObject.cpp	Code/GameEngine/Source/GameClient/LocomotorGetMaxTurnRateObject.cpp	Locomotor
Code/GameEngine/Source/GameLogic/Object/LocomotorRudderAccessor.cpp	Code/GameEngine/Source/GameClient/LocomotorRudderAccessor.cpp	Locomotor
Code/GameEngine/Source/GameLogic/Object/Locomotor_ctor_template_Thunk.cpp	Code/GameEngine/Source/GameClient/Locomotor_ctor_template_Thunk.cpp	Locomotor
Code/GameEngine/Source/GameLogic/Object/Locomotor_getMaxAccelerationObject.cpp	Code/GameEngine/Source/GameClient/Locomotor_getMaxAccelerationObject.cpp	Locomotor
Code/GameEngine/Source/GameLogic/Object/Locomotor_locoUpdate_moveTowardsPosition.asm	Code/GameEngine/Source/GameClient/Locomotor_locoUpdate_moveTowardsPosition.asm	Locomotor
Code/GameEngine/Source/GameLogic/Object/Locomotor_maintainCurrentPositionWings.cpp	Code/GameEngine/Source/GameClient/Locomotor_maintainCurrentPositionWings.cpp	Locomotor
Code/GameEngine/Source/GameLogic/Object/ObjectBehaviorFanout.cpp	Code/GameEngine/Source/Common/RTS/ObjectBehaviorFanout.cpp	Object
Code/GameEngine/Source/GameLogic/Object/ObjectBuildObjectInfo.cpp	Code/GameEngine/Source/Common/RTS/ObjectBuildObjectInfo.cpp	Object
Code/GameEngine/Source/GameLogic/Object/ObjectCheckDisabledStatus.cpp	Code/GameEngine/Source/Common/RTS/ObjectCheckDisabledStatus.cpp	Object
Code/GameEngine/Source/GameLogic/Object/ObjectCheckIgnoreAICommandStatus.cpp	Code/GameEngine/Source/Common/RTS/ObjectCheckIgnoreAICommandStatus.cpp	Object
Code/GameEngine/Source/GameLogic/Object/ObjectCheckNoCollisionsStatus.cpp	Code/GameEngine/Source/Common/RTS/ObjectCheckNoCollisionsStatus.cpp	Object
Code/GameEngine/Source/GameLogic/Object/ObjectClearStatusType.cpp	Code/GameEngine/Source/Common/RTS/ObjectClearStatusType.cpp	Object
Code/GameEngine/Source/GameLogic/Object/ObjectCommandButtons.cpp	Code/GameEngine/Source/Common/RTS/ObjectCommandButtons.cpp	Object
Code/GameEngine/Source/GameLogic/Object/ObjectConstructorThunk.cpp	Code/GameEngine/Source/Common/RTS/ObjectConstructorThunk.cpp	Object
Code/GameEngine/Source/GameLogic/Object/ObjectContainQueries.cpp	Code/GameEngine/Source/Common/RTS/ObjectContainQueries.cpp	Object
Code/GameEngine/Source/GameLogic/Object/ObjectContainedByChain.cpp	Code/GameEngine/Source/Common/RTS/ObjectContainedByChain.cpp	Object
Code/GameEngine/Source/GameLogic/Object/ObjectDamageAndWeapons.cpp	Code/GameEngine/Source/Common/RTS/ObjectDamageAndWeapons.cpp	Object
Code/GameEngine/Source/GameLogic/Object/ObjectDoCommandButtonAtObject.cpp	Code/GameEngine/Source/Common/RTS/ObjectDoCommandButtonAtObject.cpp	Object
Code/GameEngine/Source/GameLogic/Object/ObjectFriendBindToDrawable.cpp	Code/GameEngine/Source/Common/RTS/ObjectFriendBindToDrawable.cpp	Object
Code/GameEngine/Source/GameLogic/Object/ObjectGetAbleToAttackSpecificObjectBFME.cpp	Code/GameEngine/Source/Common/RTS/ObjectGetAbleToAttackSpecificObjectBFME.cpp	Object
Code/GameEngine/Source/GameLogic/Object/ObjectGetDrawable.cpp	Code/GameEngine/Source/Common/RTS/ObjectGetDrawable.cpp	Object
Code/GameEngine/Source/GameLogic/Object/ObjectGetSingleLogicalBonePositionOnTurretThunk.cpp	Code/GameEngine/Source/Common/RTS/ObjectGetSingleLogicalBonePositionOnTurretThunk.cpp	Object
Code/GameEngine/Source/GameLogic/Object/ObjectHeightAndLayer.cpp	Code/GameEngine/Source/Common/RTS/ObjectHeightAndLayer.cpp	Object
Code/GameEngine/Source/GameLogic/Object/ObjectHelperCtor.cpp	Code/GameEngine/Source/GameLogic/Object/Helper/ObjectHelperCtor.cpp	ObjectHelper
Code/GameEngine/Source/GameLogic/Object/ObjectModelConditions.cpp	Code/GameEngine/Source/Common/RTS/ObjectModelConditions.cpp	Object
Code/GameEngine/Source/GameLogic/Object/ObjectNotifyBehaviorModulesOfValue.cpp	Code/GameEngine/Source/Common/RTS/ObjectNotifyBehaviorModulesOfValue.cpp	Object
Code/GameEngine/Source/GameLogic/Object/ObjectOnCaptureRva001D2810.cpp	Code/GameEngine/Source/Common/RTS/ObjectOnCaptureRva001D2810.cpp	Object
Code/GameEngine/Source/GameLogic/Object/ObjectOnContainedBy.cpp	Code/GameEngine/Source/Common/RTS/ObjectOnContainedBy.cpp	Object
Code/GameEngine/Source/GameLogic/Object/ObjectOnRemovedFrom.cpp	Code/GameEngine/Source/Common/RTS/ObjectOnRemovedFrom.cpp	Object
Code/GameEngine/Source/GameLogic/Object/ObjectPreFireCurrentWeapon.cpp	Code/GameEngine/Source/Common/RTS/ObjectPreFireCurrentWeapon.cpp	Object
Code/GameEngine/Source/GameLogic/Object/ObjectRemoveFromList.cpp	Code/GameEngine/Source/Common/RTS/ObjectRemoveFromList.cpp	Object
Code/GameEngine/Source/GameLogic/Object/ObjectRva001CD540PropagateStatus.cpp	Code/GameEngine/Source/Common/RTS/ObjectRva001CD540PropagateStatus.cpp	Object
Code/GameEngine/Source/GameLogic/Object/ObjectSpecialPowers.cpp	Code/GameEngine/Source/Common/RTS/ObjectSpecialPowers.cpp	Object
Code/GameEngine/Source/GameLogic/Object/ObjectStatusBits.cpp	Code/GameEngine/Source/Common/RTS/ObjectStatusBits.cpp	Object
Code/GameEngine/Source/GameLogic/Object/ObjectTeamAndPlayer.cpp	Code/GameEngine/Source/Common/RTS/ObjectTeamAndPlayer.cpp	Object
Code/GameEngine/Source/GameLogic/Object/ObjectTemplateQueries.cpp	Code/GameEngine/Source/Common/RTS/ObjectTemplateQueries.cpp	Object
Code/GameEngine/Source/GameLogic/Object/ObjectUpdateContainedTeam.cpp	Code/GameEngine/Source/Common/RTS/ObjectUpdateContainedTeam.cpp	Object
Code/GameEngine/Source/GameLogic/Object/ObjectUpdateMapPropertiesThunk.cpp	Code/GameEngine/Source/Common/RTS/ObjectUpdateMapPropertiesThunk.cpp	Object
Code/GameEngine/Source/GameLogic/Object/ObjectUpdatePendingDamage.cpp	Code/GameEngine/Source/Common/RTS/ObjectUpdatePendingDamage.cpp	Object
Code/GameEngine/Source/GameLogic/Object/ObjectUpdateUpgradeModulesThunk.cpp	Code/GameEngine/Source/Common/RTS/ObjectUpdateUpgradeModulesThunk.cpp	Object
Code/GameEngine/Source/GameLogic/Object/ObjectUpgrades.cpp	Code/GameEngine/Source/Common/RTS/ObjectUpgrades.cpp	Object
Code/GameEngine/Source/GameLogic/Object/ObjectWeaponStatusHelperCtorThunk.cpp	Code/GameEngine/Source/GameLogic/Object/Helper/ObjectWeaponStatusHelperCtorThunk.cpp	ObjectWeaponStatusHelper
Code/GameEngine/Source/GameLogic/Object/Object_bfmeBoundaryDistanceSquared2D.cpp	Code/GameEngine/Source/Common/RTS/Object_bfmeBoundaryDistanceSquared2D.cpp	Object
Code/GameEngine/Source/GameLogic/Object/Object_bfmeGetMultiLogicalBonePosition.cpp	Code/GameEngine/Source/Common/RTS/Object_bfmeGetMultiLogicalBonePosition.cpp	Object
Code/GameEngine/Source/GameLogic/Object/Object_bfmeIsGiantBird.cpp	Code/GameEngine/Source/Common/RTS/Object_bfmeIsGiantBird.cpp	Object
Code/GameEngine/Source/GameLogic/Object/Object_bfmePrepare.cpp	Code/GameEngine/Source/Common/RTS/Object_bfmePrepare.cpp	Object
Code/GameEngine/Source/GameLogic/Object/Object_bfmeReactToTransformChange.cpp	Code/GameEngine/Source/Common/RTS/Object_bfmeReactToTransformChange.cpp	Object
Code/GameEngine/Source/GameLogic/Object/Object_bfmeRefreshPartitionCells.cpp	Code/GameEngine/Source/Common/RTS/Object_bfmeRefreshPartitionCells.cpp	Object
Code/GameEngine/Source/GameLogic/Object/Object_bfmeSwapContainModule.cpp	Code/GameEngine/Source/Common/RTS/Object_bfmeSwapContainModule.cpp	Object
Code/GameEngine/Source/GameLogic/Object/Object_bfmeTransferReplacementState.cpp	Code/GameEngine/Source/Common/RTS/Object_bfmeTransferReplacementState.cpp	Object
Code/GameEngine/Source/GameLogic/Object/Object_canCrushOrSquish_Thunk.cpp	Code/GameEngine/Source/Common/RTS/Object_canCrushOrSquish_Thunk.cpp	Object
Code/GameEngine/Source/GameLogic/Object/Object_defect_Thunk.cpp	Code/GameEngine/Source/Common/RTS/Object_defect_Thunk.cpp	Object
Code/GameEngine/Source/GameLogic/Object/Object_getHealthBoxDimensions_Thunk.cpp	Code/GameEngine/Source/Common/RTS/Object_getHealthBoxDimensions_Thunk.cpp	Object
Code/GameEngine/Source/GameLogic/Object/Object_getWorldspaceBestContactPoint.cpp	Code/GameEngine/Source/Common/RTS/Object_getWorldspaceBestContactPoint.cpp	Object
Code/GameEngine/Source/GameLogic/Object/Object_isCurWeaponLocked.cpp	Code/GameEngine/Source/Common/RTS/Object_isCurWeaponLocked.cpp	Object
Code/GameEngine/Source/GameLogic/Object/Object_maskObject.cpp	Code/GameEngine/Source/Common/RTS/Object_maskObject.cpp	Object
Code/GameEngine/Source/GameLogic/Object/Object_notifyRva001C8830.cpp	Code/GameEngine/Source/Common/RTS/Object_notifyRva001C8830.cpp	Object
Code/GameEngine/Source/GameLogic/Object/Object_notifyRva001C89E0.cpp	Code/GameEngine/Source/Common/RTS/Object_notifyRva001C89E0.cpp	Object
Code/GameEngine/Source/GameLogic/Object/Object_onCollide_rva001C8A80.cpp	Code/GameEngine/Source/Common/RTS/Object_onCollide_rva001C8A80.cpp	Object
Code/GameEngine/Source/GameLogic/Object/Object_onDisabledEdge_Thunk.cpp	Code/GameEngine/Source/Common/RTS/Object_onDisabledEdge_Thunk.cpp	Object
Code/GameEngine/Source/GameLogic/Object/Object_queryRva001C9980.cpp	Code/GameEngine/Source/Common/RTS/Object_queryRva001C9980.cpp	Object
Code/GameEngine/Source/GameLogic/Object/Object_rva001CC660.cpp	Code/GameEngine/Source/Common/RTS/Object_rva001CC660.cpp	Object
Code/GameEngine/Source/GameLogic/Object/Object_rva001CC790_crushPolicy.cpp	Code/GameEngine/Source/Common/RTS/Object_rva001CC790_crushPolicy.cpp	Object
Code/GameEngine/Source/GameLogic/Object/Object_rva001CD420_propagateContainModelCondition.cpp	Code/GameEngine/Source/Common/RTS/Object_rva001CD420_propagateContainModelCondition.cpp	Object
Code/GameEngine/Source/GameLogic/Object/Object_rva001CE530.cpp	Code/GameEngine/Source/Common/RTS/Object_rva001CE530.cpp	Object
Code/GameEngine/Source/GameLogic/Object/Object_rva001CEA50_setWeaponLock.cpp	Code/GameEngine/Source/Common/RTS/Object_rva001CEA50_setWeaponLock.cpp	Object
Code/GameEngine/Source/GameLogic/Object/Object_rva001D4810_attemptDamage.cpp	Code/GameEngine/Source/Common/RTS/Object_rva001D4810_attemptDamage.cpp	Object
Code/GameEngine/Source/GameLogic/Object/Object_setEffectivelyDead.cpp	Code/GameEngine/Source/Common/RTS/Object_setEffectivelyDead.cpp	Object
Code/GameEngine/Source/GameLogic/Object/Object_setTriggerAreaFlagsForChangeInPosition_Thunk.cpp	Code/GameEngine/Source/Common/RTS/Object_setTriggerAreaFlagsForChangeInPosition_Thunk.cpp	Object
Code/GameEngine/Source/GameLogic/Object/PartitionManager_getCellRange.cpp	Code/GameEngine/Source/Common/RTS/PartitionManager_getCellRange.cpp	PartitionManager
Code/GameEngine/Source/GameLogic/Object/Rva001C9380Object.cpp	Code/GameEngine/Source/Common/RTS/Rva001C9380Object.cpp	Object
Code/GameEngine/Source/GameLogic/Object/Rva001CD300Object.cpp	Code/GameEngine/Source/Common/RTS/Rva001CD300Object.cpp	Object
Code/GameEngine/Source/GameLogic/Object/SpecialPower/CashHackSpecialPower.cpp	Code/GameEngine/Source/Common/Thing/CashHackSpecialPower.cpp	CashHackSpecialPower
Code/GameEngine/Source/GameLogic/Object/SpecialPower/CashHackSpecialPowerFindAmountToStealThunk.cpp	Code/GameEngine/Source/Common/Thing/CashHackSpecialPowerFindAmountToStealThunk.cpp	CashHackSpecialPower
Code/GameEngine/Source/GameLogic/Object/SpecialPower/CashHackSpecialPower_doSpecialPowerAtObject_Thunk.cpp	Code/GameEngine/Source/Common/Thing/CashHackSpecialPower_doSpecialPowerAtObject_Thunk.cpp	CashHackSpecialPower
Code/GameEngine/Source/GameLogic/Object/SpecialPower/CloudBreakSpecialPower.cpp	Code/GameEngine/Source/Common/Thing/CloudBreakSpecialPower.cpp	CloudBreakSpecialPower
Code/GameEngine/Source/GameLogic/Object/SpecialPower/DominateEnemySpecialPowerConstructor.cpp	Code/GameEngine/Source/Common/Thing/DominateEnemySpecialPowerConstructor.cpp	DominateEnemySpecialPower
Code/GameEngine/Source/GameLogic/Object/SpecialPower/OCLSpecialPower.cpp	Code/GameEngine/Source/Common/Thing/OCLSpecialPower.cpp	OCLSpecialPower
Code/GameEngine/Source/GameLogic/Object/SpecialPower/OCLSpecialPowerFindOCL.cpp	Code/GameEngine/Source/Common/Thing/OCLSpecialPowerFindOCL.cpp	OCLSpecialPower
Code/GameEngine/Source/GameLogic/Object/SpecialPower/ScavengerSpecialPowerConstructor.cpp	Code/GameEngine/Source/Common/Thing/ScavengerSpecialPowerConstructor.cpp	ScavengerSpecialPower
Code/GameEngine/Source/GameLogic/Object/SpecialPower/SiegeDeployHordeSpecialPowerFriendNewModuleDataThunk.cpp	Code/GameEngine/Source/Common/Thing/SiegeDeployHordeSpecialPowerFriendNewModuleDataThunk.cpp	SiegeDeployHordeSpecialPower
Code/GameEngine/Source/GameLogic/Object/SpecialPower/SpecialAbilityUpdate_bfmeAbortAbility_Thunk.cpp	Code/GameEngine/Source/GameLogic/Object/Update/SpecialAbilityUpdate_bfmeAbortAbility_Thunk.cpp	SpecialAbilityUpdate
Code/GameEngine/Source/GameLogic/Object/SpecialPower/SpecialAbilityUpdate_clearAbilityBits.cpp	Code/GameEngine/Source/GameLogic/Object/Update/SpecialAbilityUpdate_clearAbilityBits.cpp	SpecialAbilityUpdate
Code/GameEngine/Source/GameLogic/Object/SpecialPower/SpecialAbilityUpdate_setAbilityBits.cpp	Code/GameEngine/Source/GameLogic/Object/Update/SpecialAbilityUpdate_setAbilityBits.cpp	SpecialAbilityUpdate
Code/GameEngine/Source/GameLogic/Object/SpecialPower/SpecialPowerModuleInitiateIntentThunk.cpp	Code/GameEngine/Source/Common/Thing/SpecialPowerModuleInitiateIntentThunk.cpp	SpecialPowerModule
Code/GameEngine/Source/GameLogic/Object/SpecialPower/SpecialPowerModule_createViewObject_Thunk.cpp	Code/GameEngine/Source/Common/Thing/SpecialPowerModule_createViewObject_Thunk.cpp	SpecialPowerModule
Code/GameEngine/Source/GameLogic/Object/SpecialPower/SpecialPowerModule_getPercentReady_Thunk.cpp	Code/GameEngine/Source/Common/Thing/SpecialPowerModule_getPercentReady_Thunk.cpp	SpecialPowerModule
Code/GameEngine/Source/GameLogic/Object/SpecialPower/SpecialPowerModule_isReady_Thunk.cpp	Code/GameEngine/Source/Common/Thing/SpecialPowerModule_isReady_Thunk.cpp	SpecialPowerModule
Code/GameEngine/Source/GameLogic/Object/SpecialPower/StopSpecialPowerFriendNewModuleDataThunk.cpp	Code/GameEngine/Source/GameLogic/Object/Upgrade/StopSpecialPowerFriendNewModuleDataThunk.cpp	StopSpecialPower
Code/GameEngine/Source/GameLogic/Object/SpecialPower/TaintSpecialPowerConstructor.cpp	Code/GameEngine/Source/Common/Thing/TaintSpecialPowerConstructor.cpp	TaintSpecialPower
Code/GameEngine/Source/GameLogic/Object/SpecialPowerTemplate_getPalantirMovie.cpp	Code/GameEngine/Source/Common/RTS/SpecialPowerTemplate_getPalantirMovie.cpp	SpecialPowerTemplate
Code/GameEngine/Source/GameLogic/Object/SpecialPowerTemplate_isShortcutPower_Thunk.cpp	Code/GameEngine/Source/Common/RTS/SpecialPowerTemplate_isShortcutPower_Thunk.cpp	SpecialPowerTemplate
Code/GameEngine/Source/GameLogic/Object/Update/AIUpdate/AssaultTransportAIUpdate.cpp	Code/GameEngine/Source/GameLogic/AI/AssaultTransportAIUpdate.cpp	AssaultTransportAIUpdate
Code/GameEngine/Source/GameLogic/Object/Update/AIUpdate/AssaultTransportAIUpdateDestructorThunk.cpp	Code/GameEngine/Source/GameLogic/AI/AssaultTransportAIUpdateDestructorThunk.cpp	AssaultTransportAIUpdate
Code/GameEngine/Source/GameLogic/Object/Update/AIUpdate/AssaultTransportAIUpdate_aiDoCommand.cpp	Code/GameEngine/Source/GameLogic/AI/AssaultTransportAIUpdate_aiDoCommand.cpp	AssaultTransportAIUpdate
Code/GameEngine/Source/GameLogic/Object/Update/AIUpdate/AssaultTransportAIUpdate_giveFinalOrders.cpp	Code/GameEngine/Source/GameLogic/AI/AssaultTransportAIUpdate_giveFinalOrders.cpp	AssaultTransportAIUpdate
Code/GameEngine/Source/GameLogic/Object/Update/AIUpdate/AssaultTransportAIUpdate_isMemberWoundedTwin.cpp	Code/GameEngine/Source/GameLogic/AI/AssaultTransportAIUpdate_isMemberWoundedTwin.cpp	AssaultTransportAIUpdate
Code/GameEngine/Source/GameLogic/Object/Update/AIUpdate/AssaultTransportAIUpdate_retrieveMembers.cpp	Code/GameEngine/Source/GameLogic/AI/AssaultTransportAIUpdate_retrieveMembers.cpp	AssaultTransportAIUpdate
Code/GameEngine/Source/GameLogic/Object/Update/AIUpdate/DozerAIUpdateCreateMachinesBfme.cpp	Code/GameEngine/Source/Common/Thing/DozerAIUpdateCreateMachinesBfme.cpp	DozerAIUpdate
Code/GameEngine/Source/GameLogic/Object/Update/AIUpdate/DozerAIUpdate_construct.cpp	Code/GameEngine/Source/Common/Thing/DozerAIUpdate_construct.cpp	DozerAIUpdate
Code/GameEngine/Source/GameLogic/Object/Update/AIUpdate/DozerAIUpdate_newTask_Thunk.cpp	Code/GameEngine/Source/Common/Thing/DozerAIUpdate_newTask_Thunk.cpp	DozerAIUpdate
Code/GameEngine/Source/GameLogic/Object/Update/AIUpdate/DozerAIUpdate_privateResumeConstructionTwin.cpp	Code/GameEngine/Source/Common/Thing/DozerAIUpdate_privateResumeConstructionTwin.cpp	DozerAIUpdate
Code/GameEngine/Source/GameLogic/Object/Update/AIUpdate/GiantBirdAIUpdate_privateFollowPathAppend.cpp	Code/GameEngine/Source/GameLogic/AI/GiantBirdAIUpdate_privateFollowPathAppend.cpp	GiantBirdAIUpdate
Code/GameEngine/Source/GameLogic/Object/Update/AIUpdate/JetAIUpdate.cpp	Code/GameEngine/Source/GameLogic/AI/JetAIUpdate.cpp	AICommandParmsStorage
Code/GameEngine/Source/GameLogic/Object/Update/AIUpdate/SupplyTruckAIUpdate_setStoredPosition.cpp	Code/GameEngine/Source/GameLogic/AI/SupplyTruckAIUpdate_setStoredPosition.cpp	SupplyTruckAIUpdate
Code/GameEngine/Source/GameLogic/Object/Update/AIUpdate/WorkerAIUpdateFindGoodBuildOrRepairPositionAndTarget.cpp	Code/GameEngine/Source/Common/Thing/WorkerAIUpdateFindGoodBuildOrRepairPositionAndTarget.cpp	WorkerAIUpdate
Code/GameEngine/Source/GameLogic/Object/Update/AIUpdate/WorkerAIUpdateNewTaskBfme.cpp	Code/GameEngine/Source/Common/Thing/WorkerAIUpdateNewTaskBfme.cpp	WorkerAIUpdate
Code/GameEngine/Source/GameLogic/Object/Update/AIUpdate/WorkerAIUpdateOnDelete.cpp	Code/GameEngine/Source/Common/Thing/WorkerAIUpdateOnDelete.cpp	WorkerAIUpdate
Code/GameEngine/Source/GameLogic/Object/Update/AIUpdate/WorkerAIUpdate_aiDoCommand.cpp	Code/GameEngine/Source/Common/Thing/WorkerAIUpdate_aiDoCommand.cpp	WorkerAIUpdate
Code/GameEngine/Source/GameLogic/Object/Update/AIUpdate/WorkerAIUpdate_canAcceptNewRepair.cpp	Code/GameEngine/Source/Common/Thing/WorkerAIUpdate_canAcceptNewRepair.cpp	WorkerAIUpdate
Code/GameEngine/Source/GameLogic/Object/Update/AIUpdate/WorkerAIUpdate_ctor_Thunk.cpp	Code/GameEngine/Source/Common/Thing/WorkerAIUpdate_ctor_Thunk.cpp	WorkerAIUpdate
Code/GameEngine/Source/GameLogic/Object/Update/AIUpdate/WorkerAIUpdate_gainOneBox.cpp	Code/GameEngine/Source/Common/Thing/WorkerAIUpdate_gainOneBox.cpp	WorkerAIUpdate
Code/GameEngine/Source/GameLogic/Object/Update/AIUpdate/WorkerAIUpdate_internalCancelTask.cpp	Code/GameEngine/Source/Common/Thing/WorkerAIUpdate_internalCancelTask.cpp	WorkerAIUpdate
Code/GameEngine/Source/GameLogic/Object/Update/AIUpdate/WorkerAIUpdate_isCurrentlyFerryingSupplies_Thunk.cpp	Code/GameEngine/Source/Common/Thing/WorkerAIUpdate_isCurrentlyFerryingSupplies_Thunk.cpp	WorkerAIUpdate
Code/GameEngine/Source/GameLogic/Object/Update/AIUpdate/WorkerAIUpdate_isSupplyTruckBrainActiveAndBusy.cpp	Code/GameEngine/Source/Common/Thing/WorkerAIUpdate_isSupplyTruckBrainActiveAndBusy.cpp	WorkerAIUpdate
Code/GameEngine/Source/GameLogic/Object/Update/AIUpdate/WorkerAIUpdate_setStoredPosition.cpp	Code/GameEngine/Source/Common/Thing/WorkerAIUpdate_setStoredPosition.cpp	WorkerAIUpdate
Code/GameEngine/Source/GameLogic/Object/Update/AIUpdateBlockedBy.cpp	Code/GameEngine/Source/GameLogic/Object/Behavior/AIUpdateBlockedBy.cpp	AIUpdateInterface
Code/GameEngine/Source/GameLogic/Object/Update/AIUpdateFollowPathAppend.cpp	Code/GameEngine/Source/GameLogic/Object/Behavior/AIUpdateFollowPathAppend.cpp	AIUpdateInterface
Code/GameEngine/Source/GameLogic/Object/Update/AIUpdateInterfaceCommandButton.cpp	Code/GameEngine/Source/GameLogic/Object/Behavior/AIUpdateInterfaceCommandButton.cpp	AIUpdateInterface
Code/GameEngine/Source/GameLogic/Object/Update/AIUpdateInterfaceCommandDispatch.cpp	Code/GameEngine/Source/GameLogic/Object/Behavior/AIUpdateInterfaceCommandDispatch.cpp	AIUpdateInterface
Code/GameEngine/Source/GameLogic/Object/Update/AIUpdateInterfaceDestructorThunk.cpp	Code/GameEngine/Source/GameLogic/Object/Behavior/AIUpdateInterfaceDestructorThunk.cpp	AIUpdateInterface
Code/GameEngine/Source/GameLogic/Object/Update/AIUpdateInterfaceFollowPath.cpp	Code/GameEngine/Source/GameLogic/Object/Behavior/AIUpdateInterfaceFollowPath.cpp	AIUpdateInterface
Code/GameEngine/Source/GameLogic/Object/Update/AIUpdateInterfaceHelpers.cpp	Code/GameEngine/Source/GameLogic/Object/Behavior/AIUpdateInterfaceHelpers.cpp	AIUpdateInterface
Code/GameEngine/Source/GameLogic/Object/Update/AIUpdateInterfacePrivateCommands.cpp	Code/GameEngine/Source/GameLogic/Object/Behavior/AIUpdateInterfacePrivateCommands.cpp	AIUpdateInterface
Code/GameEngine/Source/GameLogic/Object/Update/AIUpdateInterfacePrivateIdle.cpp	Code/GameEngine/Source/GameLogic/Object/Behavior/AIUpdateInterfacePrivateIdle.cpp	AIUpdateInterface
Code/GameEngine/Source/GameLogic/Object/Update/AIUpdateInterface_bfmeClearModelConditions.cpp	Code/GameEngine/Source/GameLogic/Object/Behavior/AIUpdateInterface_bfmeClearModelConditions.cpp	AIUpdateInterface
Code/GameEngine/Source/GameLogic/Object/Update/AIUpdateInterface_getMoodMatrixActionAdjustment.cpp	Code/GameEngine/Source/GameLogic/Object/Behavior/AIUpdateInterface_getMoodMatrixActionAdjustment.cpp	AIUpdateInterface
Code/GameEngine/Source/GameLogic/Object/Update/AIUpdateInterface_joinTeam.cpp	Code/GameEngine/Source/GameLogic/Object/Behavior/AIUpdateInterface_joinTeam.cpp	AIUpdateInterface
Code/GameEngine/Source/GameLogic/Object/Update/AIUpdateInterface_playMoveVoiceResponse.cpp	Code/GameEngine/Source/GameLogic/Object/Behavior/AIUpdateInterface_playMoveVoiceResponse.cpp	AIUpdateInterface
Code/GameEngine/Source/GameLogic/Object/Update/AIUpdatePathPriority.cpp	Code/GameEngine/Source/GameLogic/Object/Behavior/AIUpdatePathPriority.cpp	AIUpdateInterface
Code/GameEngine/Source/GameLogic/Object/Update/AIUpdateWaypointPath.cpp	Code/GameEngine/Source/GameLogic/Object/Behavior/AIUpdateWaypointPath.cpp	AIUpdateInterface
Code/GameEngine/Source/GameLogic/Object/Update/AIUpdate_layersCompatible.cpp	Code/GameEngine/Source/GameLogic/Object/Behavior/AIUpdate_layersCompatible.cpp	AIUpdateInterface
Code/GameEngine/Source/GameLogic/Object/Update/AssistedTargetingUpdate_isFreeToAssist.cpp	Code/GameEngine/Source/GameLogic/AI/AssistedTargetingUpdate_isFreeToAssist.cpp	AssistedTargetingUpdate
Code/GameEngine/Source/GameLogic/Object/Update/AssistedTargetingUpdate_makeFeedbackLaser.cpp	Code/GameEngine/Source/GameLogic/AI/AssistedTargetingUpdate_makeFeedbackLaser.cpp	AssistedTargetingUpdate
Code/GameEngine/Source/GameLogic/Object/Update/AutoDepositUpdateConstructor.cpp	Code/GameEngine/Source/Common/Thing/AutoDepositUpdateConstructor.cpp	AutoDepositUpdate
Code/GameEngine/Source/GameLogic/Object/Update/AutoDepositUpdate_awardInitialCaptureBonus.cpp	Code/GameEngine/Source/Common/Thing/AutoDepositUpdate_awardInitialCaptureBonus.cpp	AutoDepositUpdate
Code/GameEngine/Source/GameLogic/Object/Update/AutoFindHealingUpdateConstructor.cpp	Code/GameEngine/Source/Common/Thing/AutoFindHealingUpdateConstructor.cpp	AutoFindHealingUpdate
Code/GameEngine/Source/GameLogic/Object/Update/BattlePlanUpdate.cpp	Code/GameEngine/Source/Common/Thing/BattlePlanUpdate.cpp	BattlePlanUpdate
Code/GameEngine/Source/GameLogic/Object/Update/BattlePlanUpdateCtorThunk.cpp	Code/GameEngine/Source/Common/Thing/BattlePlanUpdateCtorThunk.cpp	BattlePlanUpdate
Code/GameEngine/Source/GameLogic/Object/Update/BattlePlanUpdateDestructorThunk.cpp	Code/GameEngine/Source/Common/Thing/BattlePlanUpdateDestructorThunk.cpp	BattlePlanUpdate
Code/GameEngine/Source/GameLogic/Object/Update/BattlePlanUpdateOnDelete.cpp	Code/GameEngine/Source/Common/Thing/BattlePlanUpdateOnDelete.cpp	BattlePlanUpdate
Code/GameEngine/Source/GameLogic/Object/Update/BattlePlanUpdateSetBattlePlanThunk.cpp	Code/GameEngine/Source/Common/Thing/BattlePlanUpdateSetBattlePlanThunk.cpp	BattlePlanUpdate
Code/GameEngine/Source/GameLogic/Object/Update/BattlePlanUpdate_update.cpp	Code/GameEngine/Source/Common/Thing/BattlePlanUpdate_update.cpp	BattlePlanUpdate
Code/GameEngine/Source/GameLogic/Object/Update/BeaconClientUpdateConstructor.cpp	Code/GameEngine/Source/GameClient/Drawable/Update/BeaconClientUpdateConstructor.cpp	BeaconClientUpdate
Code/GameEngine/Source/GameLogic/Object/Update/BloodthirstyUpdateCtor.cpp	Code/GameEngine/Source/Common/Thing/BloodthirstyUpdateCtor.cpp	BloodthirstyUpdate
Code/GameEngine/Source/GameLogic/Object/Update/BoneFXUpdate.cpp	Code/GameEngine/Source/Common/Thing/BoneFXUpdate.cpp	BoneFXUpdate
Code/GameEngine/Source/GameLogic/Object/Update/BoneFXUpdateCtorModuleFactoryBody.cpp	Code/GameEngine/Source/Common/Thing/BoneFXUpdateCtorModuleFactoryBody.cpp	BoneFXUpdate
Code/GameEngine/Source/GameLogic/Object/Update/BoneFXUpdateCtorThunk.cpp	Code/GameEngine/Source/Common/Thing/BoneFXUpdateCtorThunk.cpp	BoneFXUpdate
Code/GameEngine/Source/GameLogic/Object/Update/BoneFXUpdate_doFXListAtBone.cpp	Code/GameEngine/Source/Common/Thing/BoneFXUpdate_doFXListAtBone.cpp	BoneFXUpdate
Code/GameEngine/Source/GameLogic/Object/Update/BoneFXUpdate_doParticleSystemAtBone.cpp	Code/GameEngine/Source/Common/Thing/BoneFXUpdate_doParticleSystemAtBone.cpp	BoneFXUpdate
Code/GameEngine/Source/GameLogic/Object/Update/BoneFXUpdate_onObjectCreated_Thunk.cpp	Code/GameEngine/Source/Common/Thing/BoneFXUpdate_onObjectCreated_Thunk.cpp	BoneFXUpdate
Code/GameEngine/Source/GameLogic/Object/Update/BoneFXUpdate_update_Thunk.cpp	Code/GameEngine/Source/Common/Thing/BoneFXUpdate_update_Thunk.cpp	BoneFXUpdate
Code/GameEngine/Source/GameLogic/Object/Update/BroadcastStealthUpdateCtorThunk.cpp	Code/GameEngine/Source/GameLogic/AI/BroadcastStealthUpdateCtorThunk.cpp	BroadcastStealthUpdate
Code/GameEngine/Source/GameLogic/Object/Update/BroadcastStealthUpdateDestructorThunk.cpp	Code/GameEngine/Source/GameLogic/AI/BroadcastStealthUpdateDestructorThunk.cpp	BroadcastStealthUpdate
Code/GameEngine/Source/GameLogic/Object/Update/BroadcastStealthUpdateLoadPostProcess.cpp	Code/GameEngine/Source/GameLogic/AI/BroadcastStealthUpdateLoadPostProcess.cpp	BroadcastStealthUpdate
Code/GameEngine/Source/GameLogic/Object/Update/CivilianSpawnUpdateCtorThunk.cpp	Code/GameEngine/Source/GameLogic/AI/CivilianSpawnUpdateCtorThunk.cpp	CivilianSpawnUpdate
Code/GameEngine/Source/GameLogic/Object/Update/CommandButtonHuntUpdateConstructor.cpp	Code/GameEngine/Source/Common/Thing/CommandButtonHuntUpdateConstructor.cpp	CommandButtonHuntUpdate
Code/GameEngine/Source/GameLogic/Object/Update/CommandButtonHuntUpdate_huntSpecialPower.cpp	Code/GameEngine/Source/Common/Thing/CommandButtonHuntUpdate_huntSpecialPower.cpp	CommandButtonHuntUpdate
Code/GameEngine/Source/GameLogic/Object/Update/DeletionUpdate.cpp	Code/GameEngine/Source/GameLogic/Object/DeletionUpdate.cpp	DeletionUpdate
Code/GameEngine/Source/GameLogic/Object/Update/DeletionUpdateCtorModuleFactoryBody.cpp	Code/GameEngine/Source/GameLogic/Object/DeletionUpdateCtorModuleFactoryBody.cpp	DeletionUpdate
Code/GameEngine/Source/GameLogic/Object/Update/DeletionUpdateFriendNewModuleDataThunk.cpp	Code/GameEngine/Source/GameLogic/Object/DeletionUpdateFriendNewModuleDataThunk.cpp	DeletionUpdate
Code/GameEngine/Source/GameLogic/Object/Update/DemoTrapUpdateConstructor.cpp	Code/GameEngine/Source/Common/Thing/DemoTrapUpdateConstructor.cpp	DemoTrapUpdate
Code/GameEngine/Source/GameLogic/Object/Update/DetachableRiderUpdateCtorModuleFactoryBody.cpp	Code/GameEngine/Source/Common/Thing/DetachableRiderUpdateCtorModuleFactoryBody.cpp	DetachableRiderUpdate
Code/GameEngine/Source/GameLogic/Object/Update/DockUpdate/MonsterDockUpdateActionBfme.cpp	Code/GameEngine/Source/GameLogic/Object/Update/MonsterDockUpdateActionBfme.cpp	MonsterDockUpdate
Code/GameEngine/Source/GameLogic/Object/Update/DockUpdate/MonsterDockUpdateDestructor.cpp	Code/GameEngine/Source/GameLogic/Object/Update/MonsterDockUpdateDestructor.cpp	MonsterDockUpdate
Code/GameEngine/Source/GameLogic/Object/Update/DockUpdate/MonsterDockUpdateModuleDataBuildFieldParse.cpp	Code/GameEngine/Source/GameLogic/Object/Update/MonsterDockUpdateModuleDataBuildFieldParse.cpp	MonsterDockUpdateModuleData
Code/GameEngine/Source/GameLogic/Object/Update/DockUpdate/MonsterDockUpdateOnApproachReached.cpp	Code/GameEngine/Source/GameLogic/Object/Update/MonsterDockUpdateOnApproachReached.cpp	MonsterDockUpdate
Code/GameEngine/Source/GameLogic/Object/Update/DockUpdate/MonsterDockUpdateOnExitReached.cpp	Code/GameEngine/Source/GameLogic/Object/Update/MonsterDockUpdateOnExitReached.cpp	MonsterDockUpdate
Code/GameEngine/Source/GameLogic/Object/Update/DockUpdate/RailedTransportDockUpdate.cpp	Code/GameEngine/Source/GameLogic/Object/RailedTransportDockUpdate.cpp	RailedTransportDockUpdate
Code/GameEngine/Source/GameLogic/Object/Update/DockUpdate/RailedTransportDockUpdateConstructor.cpp	Code/GameEngine/Source/GameLogic/Object/RailedTransportDockUpdateConstructor.cpp	RailedTransportDockUpdate
Code/GameEngine/Source/GameLogic/Object/Update/DockUpdate/RailedTransportDockUpdateDestructor.cpp	Code/GameEngine/Source/GameLogic/Object/RailedTransportDockUpdateDestructor.cpp	RailedTransportDockUpdate
Code/GameEngine/Source/GameLogic/Object/Update/DockUpdate/RailedTransportDockUpdateGetDockInterface.cpp	Code/GameEngine/Source/GameLogic/Object/RailedTransportDockUpdateGetDockInterface.cpp	RailedTransportDockUpdate
Code/GameEngine/Source/GameLogic/Object/Update/DockUpdate/RailedTransportDockUpdateGetInterface.cpp	Code/GameEngine/Source/GameLogic/Object/RailedTransportDockUpdateGetInterface.cpp	RailedTransportDockUpdate
Code/GameEngine/Source/GameLogic/Object/Update/DockUpdate/RailedTransportDockUpdateIsClearToEnter.cpp	Code/GameEngine/Source/GameLogic/Object/RailedTransportDockUpdateIsClearToEnter.cpp	RailedTransportDockUpdate
Code/GameEngine/Source/GameLogic/Object/Update/DockUpdate/RailedTransportDockUpdateLoadPostProcess.cpp	Code/GameEngine/Source/GameLogic/Object/RailedTransportDockUpdateLoadPostProcess.cpp	RailedTransportDockUpdate
Code/GameEngine/Source/GameLogic/Object/Update/DockUpdate/RailedTransportDockUpdateXfer.cpp	Code/GameEngine/Source/GameLogic/Object/RailedTransportDockUpdateXfer.cpp	RailedTransportDockUpdate
Code/GameEngine/Source/GameLogic/Object/Update/DockUpdate/RailedTransportDockUpdate_doPullInDocking_Bfme.cpp	Code/GameEngine/Source/GameLogic/Object/RailedTransportDockUpdate_doPullInDocking_Bfme.cpp	RailedTransportDockUpdate
Code/GameEngine/Source/GameLogic/Object/Update/DockUpdate/RepairDockUpdateAction.cpp	Code/GameEngine/Source/Common/Thing/RepairDockUpdateAction.cpp	RepairDockUpdate
Code/GameEngine/Source/GameLogic/Object/Update/DockUpdate/RepairDockUpdateConstructor.cpp	Code/GameEngine/Source/Common/Thing/RepairDockUpdateConstructor.cpp	RepairDockUpdate
Code/GameEngine/Source/GameLogic/Object/Update/DockUpdate/RepairDockUpdateDestructor.cpp	Code/GameEngine/Source/Common/Thing/RepairDockUpdateDestructor.cpp	RepairDockUpdate
Code/GameEngine/Source/GameLogic/Object/Update/DockUpdate/SupplyCenterDockUpdateConstructor.cpp	Code/GameEngine/Source/Common/Thing/SupplyCenterDockUpdateConstructor.cpp	SupplyCenterDockUpdate
Code/GameEngine/Source/GameLogic/Object/Update/DockUpdate/SupplyCenterDockUpdateDestructor.cpp	Code/GameEngine/Source/Common/Thing/SupplyCenterDockUpdateDestructor.cpp	SupplyCenterDockUpdate
Code/GameEngine/Source/GameLogic/Object/Update/DockUpdate/SupplyWarehouseDockUpdateConstructor.cpp	Code/GameEngine/Source/Common/Thing/SupplyWarehouseDockUpdateConstructor.cpp	SupplyWarehouseDockUpdate
Code/GameEngine/Source/GameLogic/Object/Update/DockUpdate/SupplyWarehouseDockUpdateDestructor.cpp	Code/GameEngine/Source/Common/Thing/SupplyWarehouseDockUpdateDestructor.cpp	SupplyWarehouseDockUpdate
Code/GameEngine/Source/GameLogic/Object/Update/DynamicGeometryInfoUpdateConstructor.cpp	Code/GameEngine/Source/Common/Thing/DynamicGeometryInfoUpdateConstructor.cpp	SiegeDeployHordeSpecialPower
Code/GameEngine/Source/GameLogic/Object/Update/DynamicShroudClearingRangeUpdate.cpp	Code/GameEngine/Source/Common/Thing/DynamicShroudClearingRangeUpdate.cpp	DynamicShroudClearingRangeUpdate
Code/GameEngine/Source/GameLogic/Object/Update/DynamicShroudClearingRangeUpdateCreateGridDecalsBodyThunk.cpp	Code/GameEngine/Source/Common/Thing/DynamicShroudClearingRangeUpdateCreateGridDecalsBodyThunk.cpp	DynamicShroudClearingRangeUpdate
Code/GameEngine/Source/GameLogic/Object/Update/DynamicShroudClearingRangeUpdateCtorThunk.cpp	Code/GameEngine/Source/Common/Thing/DynamicShroudClearingRangeUpdateCtorThunk.cpp	DynamicShroudClearingRangeUpdate
Code/GameEngine/Source/GameLogic/Object/Update/DynamicShroudClearingRangeUpdateDtorThunk.cpp	Code/GameEngine/Source/Common/Thing/DynamicShroudClearingRangeUpdateDtorThunk.cpp	DynamicShroudClearingRangeUpdate
Code/GameEngine/Source/GameLogic/Object/Update/DynamicShroudClearingRangeUpdate_animateGridDecals_Thunk.cpp	Code/GameEngine/Source/Common/Thing/DynamicShroudClearingRangeUpdate_animateGridDecals_Thunk.cpp	DynamicShroudClearingRangeUpdate
Code/GameEngine/Source/GameLogic/Object/Update/EMPUpdate.cpp	Code/GameEngine/Source/GameClient/EMPUpdate.cpp	Drawable
Code/GameEngine/Source/GameLogic/Object/Update/EmotionSystem_createEmotion.cpp	Code/GameEngine/Source/Common/INI/EmotionSystem_createEmotion.cpp	EmotionSystem
Code/GameEngine/Source/GameLogic/Object/Update/EmotionTrackerUpdateCtor.cpp	Code/GameEngine/Source/GameLogic/AI/EmotionTrackerUpdateCtor.cpp	EmotionTrackerUpdate
Code/GameEngine/Source/GameLogic/Object/Update/EmotionTrackerUpdateDestructor.cpp	Code/GameEngine/Source/GameLogic/AI/EmotionTrackerUpdateDestructor.cpp	EmotionTrackerUpdate
Code/GameEngine/Source/GameLogic/Object/Update/EmotionTrackerUpdate_xfer.cpp	Code/GameEngine/Source/GameLogic/AI/EmotionTrackerUpdate_xfer.cpp	EmotionTrackerUpdate
Code/GameEngine/Source/GameLogic/Object/Update/FireWeaponUpdateCtorThunk.cpp	Code/GameEngine/Source/Common/Thing/FireWeaponUpdateCtorThunk.cpp	FireWeaponUpdate
Code/GameEngine/Source/GameLogic/Object/Update/FlammableUpdate.cpp	Code/GameEngine/Source/Common/Thing/FlammableUpdate.cpp	FlammableUpdate
Code/GameEngine/Source/GameLogic/Object/Update/FlammableUpdateConstructorThunk.cpp	Code/GameEngine/Source/Common/Thing/FlammableUpdateConstructorThunk.cpp	FlammableUpdate
Code/GameEngine/Source/GameLogic/Object/Update/FlammableUpdateDestructor.cpp	Code/GameEngine/Source/Common/Thing/FlammableUpdateDestructor.cpp	FlammableUpdate
Code/GameEngine/Source/GameLogic/Object/Update/FlammableUpdateEffects.cpp	Code/GameEngine/Source/Common/Thing/FlammableUpdateEffects.cpp	FlammableUpdate
Code/GameEngine/Source/GameLogic/Object/Update/FlammableUpdateTryToIgniteThunk.cpp	Code/GameEngine/Source/Common/Thing/FlammableUpdateTryToIgniteThunk.cpp	FlammableUpdate
Code/GameEngine/Source/GameLogic/Object/Update/FloatUpdateConstructor.cpp	Code/GameEngine/Source/Common/Thing/FloatUpdateConstructor.cpp	FloatUpdate
Code/GameEngine/Source/GameLogic/Object/Update/FloatUpdateUpdate.cpp	Code/GameEngine/Source/Common/Thing/FloatUpdateUpdate.cpp	FloatUpdate
Code/GameEngine/Source/GameLogic/Object/Update/HeightDieUpdateConstructor.cpp	Code/GameEngine/Source/Common/Thing/HeightDieUpdateConstructor.cpp	HeightDieUpdate
Code/GameEngine/Source/GameLogic/Object/Update/HelicopterSlowDeathUpdate.cpp	Code/GameEngine/Source/GameLogic/Object/HelicopterSlowDeathUpdate.cpp	Locomotor
Code/GameEngine/Source/GameLogic/Object/Update/HijackerUpdate.cpp	Code/GameEngine/Source/GameLogic/Object/Collide/CrateCollide/HijackerUpdate.cpp	HijackerUpdate
Code/GameEngine/Source/GameLogic/Object/Update/HijackerUpdateConstructor.cpp	Code/GameEngine/Source/GameLogic/Object/Collide/CrateCollide/HijackerUpdateConstructor.cpp	HijackerUpdate
Code/GameEngine/Source/GameLogic/Object/Update/HijackerUpdateFriendNewModuleDataThunk.cpp	Code/GameEngine/Source/GameLogic/Object/Collide/CrateCollide/HijackerUpdateFriendNewModuleDataThunk.cpp	HijackerUpdate
Code/GameEngine/Source/GameLogic/Object/Update/LargeGroupBonusUpdateNotify.cpp	Code/GameEngine/Source/GameLogic/AI/LargeGroupBonusUpdateNotify.cpp	LargeGroupBonusUpdate
Code/GameEngine/Source/GameLogic/Object/Update/LaserUpdateConstructor.cpp	Code/GameEngine/Source/Common/Thing/LaserUpdateConstructor.cpp	LaserUpdate
Code/GameEngine/Source/GameLogic/Object/Update/LaserUpdateDestructorAndRadius.cpp	Code/GameEngine/Source/Common/Thing/LaserUpdateDestructorAndRadius.cpp	LaserUpdate
Code/GameEngine/Source/GameLogic/Object/Update/LaserUpdate_initFromDrawables.cpp	Code/GameEngine/Source/Common/Thing/LaserUpdate_initFromDrawables.cpp	LaserUpdate
Code/GameEngine/Source/GameLogic/Object/Update/LaserUpdate_xfer.cpp	Code/GameEngine/Source/Common/Thing/LaserUpdate_xfer.cpp	LaserUpdate
Code/GameEngine/Source/GameLogic/Object/Update/MonsterDockUpdateFriendNewModuleDataThunk.cpp	Code/GameEngine/Source/GameLogic/Object/Update/DockUpdate/MonsterDockUpdateFriendNewModuleDataThunk.cpp	MonsterDockUpdate
Code/GameEngine/Source/GameLogic/Object/Update/MonsterDockUpdateFriendNewModuleInstanceThunk.cpp	Code/GameEngine/Source/GameLogic/Object/Update/DockUpdate/MonsterDockUpdateFriendNewModuleInstanceThunk.cpp	MonsterDockUpdate
Code/GameEngine/Source/GameLogic/Object/Update/NeutronMissileUpdateConstructor.cpp	Code/GameEngine/Source/GameLogic/Object/Update/DockUpdate/NeutronMissileUpdateConstructor.cpp	MonsterDockUpdate
Code/GameEngine/Source/GameLogic/Object/Update/OCLUpdate.cpp	Code/GameEngine/Source/Common/Thing/OCLUpdate.cpp	OCLUpdate
Code/GameEngine/Source/GameLogic/Object/Update/OCLUpdateDestructor.cpp	Code/GameEngine/Source/Common/Thing/OCLUpdateDestructor.cpp	OCLUpdate
Code/GameEngine/Source/GameLogic/Object/Update/OCLUpdateShouldCreate.cpp	Code/GameEngine/Source/Common/Thing/OCLUpdateShouldCreate.cpp	OCLUpdate
Code/GameEngine/Source/GameLogic/Object/Update/OCLUpdateUpdate.cpp	Code/GameEngine/Source/Common/Thing/OCLUpdateUpdate.cpp	OCLUpdate
Code/GameEngine/Source/GameLogic/Object/Update/OCLUpdate_getRemainingFrames.cpp	Code/GameEngine/Source/Common/Thing/OCLUpdate_getRemainingFrames.cpp	OCLUpdate
Code/GameEngine/Source/GameLogic/Object/Update/Object_updateSupplyStatus.cpp	Code/GameEngine/Source/GameLogic/Object/Object_updateSupplyStatus.cpp	Object
Code/GameEngine/Source/GameLogic/Object/Update/PhysicsBehaviorApplyZeroMotiveForce.cpp	Code/GameEngine/Source/GameLogic/Object/Behavior/PhysicsBehaviorApplyZeroMotiveForce.cpp	PhysicsBehavior
Code/GameEngine/Source/GameLogic/Object/Update/PhysicsBehaviorCtorModuleFactoryBody.cpp	Code/GameEngine/Source/GameLogic/Object/Behavior/PhysicsBehaviorCtorModuleFactoryBody.cpp	PhysicsBehavior
Code/GameEngine/Source/GameLogic/Object/Update/PhysicsBehaviorDestructorThunk.cpp	Code/GameEngine/Source/GameLogic/Object/Behavior/PhysicsBehaviorDestructorThunk.cpp	PhysicsBehavior
Code/GameEngine/Source/GameLogic/Object/Update/PhysicsBehaviorFriendNewModuleInstanceThunk.cpp	Code/GameEngine/Source/GameLogic/Object/Behavior/PhysicsBehaviorFriendNewModuleInstanceThunk.cpp	PhysicsBehavior
Code/GameEngine/Source/GameLogic/Object/Update/ProductionUpdate.cpp	Code/GameEngine/Source/Common/Thing/ProductionUpdate.cpp	ProductionUpdate
Code/GameEngine/Source/GameLogic/Object/Update/ProductionUpdateDestructor.cpp	Code/GameEngine/Source/Common/Thing/ProductionUpdateDestructor.cpp	ProductionUpdate
Code/GameEngine/Source/GameLogic/Object/Update/ProductionUpdate_ctor_Thunk.cpp	Code/GameEngine/Source/Common/Thing/ProductionUpdate_ctor_Thunk.cpp	ProductionUpdate
Code/GameEngine/Source/GameLogic/Object/Update/ProductionUpdate_queueUpgrade.cpp	Code/GameEngine/Source/Common/Thing/ProductionUpdate_queueUpgrade.cpp	ProductionUpdate
Code/GameEngine/Source/GameLogic/Object/Update/ProductionUpdate_removeFromProductionQueue.cpp	Code/GameEngine/Source/Common/Thing/ProductionUpdate_removeFromProductionQueue.cpp	ProductionUpdate
Code/GameEngine/Source/GameLogic/Object/Update/ProductionUpdate_setHoldDoorOpen.cpp	Code/GameEngine/Source/Common/Thing/ProductionUpdate_setHoldDoorOpen.cpp	ProductionUpdate
Code/GameEngine/Source/GameLogic/Object/Update/ProductionUpdate_updateDoors.cpp	Code/GameEngine/Source/Common/Thing/ProductionUpdate_updateDoors.cpp	ProductionUpdate
Code/GameEngine/Source/GameLogic/Object/Update/ProneUpdateConstructor.cpp	Code/GameEngine/Source/Common/Thing/ProneUpdateConstructor.cpp	ProneUpdate
Code/GameEngine/Source/GameLogic/Object/Update/ProneUpdate_goProne.cpp	Code/GameEngine/Source/Common/Thing/ProneUpdate_goProne.cpp	ProneUpdate
Code/GameEngine/Source/GameLogic/Object/Update/ProneUpdate_startProneEffects.cpp	Code/GameEngine/Source/Common/Thing/ProneUpdate_startProneEffects.cpp	ProneUpdate
Code/GameEngine/Source/GameLogic/Object/Update/ProneUpdate_stopProneEffects.cpp	Code/GameEngine/Source/Common/Thing/ProneUpdate_stopProneEffects.cpp	ProneUpdate
Code/GameEngine/Source/GameLogic/Object/Update/RadarUpdateConstructor.cpp	Code/GameEngine/Source/Common/Thing/RadarUpdateConstructor.cpp	RadarUpdate
Code/GameEngine/Source/GameLogic/Object/Update/RadarUpdate_extendRadar.cpp	Code/GameEngine/Source/Common/Thing/RadarUpdate_extendRadar.cpp	RadarUpdate
Code/GameEngine/Source/GameLogic/Object/Update/RespawnUpdateCtorModuleFactory.cpp	Code/GameEngine/Source/Common/Thing/RespawnUpdateCtorModuleFactory.cpp	RespawnUpdate
Code/GameEngine/Source/GameLogic/Object/Update/RespawnUpdate_getSpawnTemplate.cpp	Code/GameEngine/Source/Common/Thing/RespawnUpdate_getSpawnTemplate.cpp	RespawnUpdate
Code/GameEngine/Source/GameLogic/Object/Update/SpecialAbilityUpdate_createSpecialObject.cpp	Code/GameEngine/Source/GameLogic/Object/SpecialPower/SpecialAbilityUpdate_createSpecialObject.cpp	SpecialAbilityUpdate
Code/GameEngine/Source/GameLogic/Object/Update/SpecialAbilityUpdate_ctor_Thunk.cpp	Code/GameEngine/Source/GameLogic/Object/SpecialPower/SpecialAbilityUpdate_ctor_Thunk.cpp	SpecialAbilityUpdate
Code/GameEngine/Source/GameLogic/Object/Update/SpecialAbilityUpdate_findSpecialObjectWithProducerID.cpp	Code/GameEngine/Source/GameLogic/Object/SpecialPower/SpecialAbilityUpdate_findSpecialObjectWithProducerID.cpp	SpecialAbilityUpdate
Code/GameEngine/Source/GameLogic/Object/Update/SpecialAbilityUpdate_getSpecialPowerType.cpp	Code/GameEngine/Source/GameLogic/Object/SpecialPower/SpecialAbilityUpdate_getSpecialPowerType.cpp	SpecialAbilityUpdate
Code/GameEngine/Source/GameLogic/Object/Update/SpecialAbilityUpdate_initLaser.cpp	Code/GameEngine/Source/GameLogic/Object/SpecialPower/SpecialAbilityUpdate_initLaser.cpp	SpecialAbilityUpdate
Code/GameEngine/Source/GameLogic/Object/Update/SpecialAbilityUpdate_killSpecialObjects.cpp	Code/GameEngine/Source/GameLogic/Object/SpecialPower/SpecialAbilityUpdate_killSpecialObjects.cpp	SpecialAbilityUpdate
Code/GameEngine/Source/GameLogic/Object/Update/SpecialAbilityUpdate_startFacing.cpp	Code/GameEngine/Source/GameLogic/Object/SpecialPower/SpecialAbilityUpdate_startFacing.cpp	SpecialAbilityUpdate
Code/GameEngine/Source/GameLogic/Object/Update/StealthDetectorUpdateConstructor.cpp	Code/GameEngine/Source/Common/Thing/StealthDetectorUpdateConstructor.cpp	StealthDetectorUpdate
Code/GameEngine/Source/GameLogic/Object/Update/StealthDetectorUpdateThunk.cpp	Code/GameEngine/Source/Common/Thing/StealthDetectorUpdateThunk.cpp	StealthDetectorUpdate
Code/GameEngine/Source/GameLogic/Object/Update/StructureCollapseOnDie.cpp	Code/GameEngine/Source/Common/Thing/StructureCollapseOnDie.cpp	StructureCollapseUpdate
Code/GameEngine/Source/GameLogic/Object/Update/StructureCollapseUpdateLifecycle.cpp	Code/GameEngine/Source/Common/Thing/StructureCollapseUpdateLifecycle.cpp	StructureCollapseUpdate
Code/GameEngine/Source/GameLogic/Object/Update/StructureCollapseUpdateUpdateThunk.cpp	Code/GameEngine/Source/Common/Thing/StructureCollapseUpdateUpdateThunk.cpp	StructureCollapseUpdate
Code/GameEngine/Source/GameLogic/Object/Update/StructureToppleUpdateConstructor.cpp	Code/GameEngine/Source/Common/Thing/StructureToppleUpdateConstructor.cpp	StructureToppleUpdate
Code/GameEngine/Source/GameLogic/Object/Update/StructureToppleUpdateDestructor.cpp	Code/GameEngine/Source/Common/Thing/StructureToppleUpdateDestructor.cpp	StructureToppleUpdate
Code/GameEngine/Source/GameLogic/Object/Update/StructureToppleUpdate_doAngleFX.cpp	Code/GameEngine/Source/Common/Thing/StructureToppleUpdate_doAngleFX.cpp	StructureToppleUpdate
Code/GameEngine/Source/GameLogic/Object/Update/StructureToppleUpdate_doDamageLine_Thunk.cpp	Code/GameEngine/Source/Common/Thing/StructureToppleUpdate_doDamageLine_Thunk.cpp	StructureToppleUpdate
Code/GameEngine/Source/GameLogic/Object/Update/StructureToppleUpdate_doToppleDelayBurstFX.cpp	Code/GameEngine/Source/Common/Thing/StructureToppleUpdate_doToppleDelayBurstFX.cpp	StructureToppleUpdate
Code/GameEngine/Source/GameLogic/Object/Update/StructureToppleUpdate_update.asm	Code/GameEngine/Source/Common/Thing/StructureToppleUpdate_update.asm	StructureToppleUpdate
Code/GameEngine/Source/GameLogic/Object/Update/SupplyCenterDockUpdateModuleDataConstructorThunk.cpp	Code/GameEngine/Source/GameLogic/Object/Update/DockUpdate/SupplyCenterDockUpdateModuleDataConstructorThunk.cpp	SupplyCenterDockUpdateModuleData
Code/GameEngine/Source/GameLogic/Object/Update/ToppleUpdate.cpp	Code/GameEngine/Source/Common/Thing/ToppleUpdate.cpp	ToppleUpdate
Code/GameEngine/Source/GameLogic/Object/Update/ToppleUpdateBfme.cpp	Code/GameEngine/Source/Common/Thing/ToppleUpdateBfme.cpp	ToppleUpdate
Code/GameEngine/Source/GameLogic/Object/Update/ToppleUpdateDestructor.cpp	Code/GameEngine/Source/Common/Thing/ToppleUpdateDestructor.cpp	ToppleUpdate
Code/GameEngine/Source/GameLogic/Object/Update/ToppleUpdate_onCollide.cpp	Code/GameEngine/Source/Common/Thing/ToppleUpdate_onCollide.cpp	ToppleUpdate
Code/GameEngine/Source/GameLogic/Object/Update/TransitionDamageFXCtor.cpp	Code/GameEngine/Source/GameLogic/Object/Damage/TransitionDamageFXCtor.cpp	TransitionDamageFX
Code/GameEngine/Source/GameLogic/Object/Update/TurretAI_ctor_Thunk.cpp	Code/GameEngine/Source/GameLogic/AI/TurretAI_ctor_Thunk.cpp	TurretAI
Code/GameEngine/Source/GameLogic/Object/Update/UpdateModule.cpp	Code/GameEngine/Source/GameLogic/System/UpdateModule.cpp	UpdateModule
Code/GameEngine/Source/GameLogic/Object/Update/UpdateModule_bfmeFinishWithDeposit.cpp	Code/GameEngine/Source/GameLogic/System/UpdateModule_bfmeFinishWithDeposit.cpp	UpdateModule
Code/GameEngine/Source/GameLogic/Object/Update/UpdateModule_getWakeFrame.cpp	Code/GameEngine/Source/GameLogic/System/UpdateModule_getWakeFrame.cpp	UpdateModule
Code/GameEngine/Source/GameLogic/Object/Upgrade/AudioLoopUpgradeCtorModuleFactory.cpp	Code/GameEngine/Source/Common/Thing/AudioLoopUpgradeCtorModuleFactory.cpp	AudioLoopUpgrade
Code/GameEngine/Source/GameLogic/Object/Upgrade/CommandSetUpgradeConstructor.cpp	Code/GameEngine/Source/Common/Thing/CommandSetUpgradeConstructor.cpp	CommandSetUpgrade
Code/GameEngine/Source/GameLogic/Object/Upgrade/CommandSetUpgradePostUpgradeCheck.cpp	Code/GameEngine/Source/Common/Thing/CommandSetUpgradePostUpgradeCheck.cpp	CommandSetUpgrade
Code/GameEngine/Source/GameLogic/Object/Upgrade/CostModifierUpgrade.cpp	Code/GameEngine/Source/Common/Thing/CostModifierUpgrade.cpp	CostModifierUpgrade
Code/GameEngine/Source/GameLogic/Object/Upgrade/CostModifierUpgradeRemoval.cpp	Code/GameEngine/Source/Common/Thing/CostModifierUpgradeRemoval.cpp	CostModifierUpgrade
Code/GameEngine/Source/GameLogic/Object/Upgrade/DefectorSpecialPowerFriendNewModuleDataThunk.cpp	Code/GameEngine/Source/GameLogic/Object/SpecialPower/DefectorSpecialPowerFriendNewModuleDataThunk.cpp	DefectorSpecialPower
Code/GameEngine/Source/GameLogic/Object/Upgrade/ExperienceScalarUpgradeConstructor.cpp	Code/GameEngine/Source/Common/Thing/ExperienceScalarUpgradeConstructor.cpp	ExperienceScalarUpgrade
Code/GameEngine/Source/GameLogic/Object/Upgrade/ModelConditionUpgradeConstructor.cpp	Code/GameEngine/Source/GameLogic/Object/ModelConditionUpgradeConstructor.cpp	ModelConditionUpgrade
Code/GameEngine/Source/GameLogic/Object/Upgrade/ModelConditionUpgradeFriendNewModuleDataThunk.cpp	Code/GameEngine/Source/GameLogic/Object/ModelConditionUpgradeFriendNewModuleDataThunk.cpp	ModelConditionUpgrade
Code/GameEngine/Source/GameLogic/Object/Upgrade/ModelConditionUpgradeUpgradeImplementation.cpp	Code/GameEngine/Source/GameLogic/Object/ModelConditionUpgradeUpgradeImplementation.cpp	ModelConditionUpgrade
Code/GameEngine/Source/GameLogic/Object/Upgrade/StatusBitsUpgradeConstructor.cpp	Code/GameEngine/Source/Common/Thing/StatusBitsUpgradeConstructor.cpp	StatusBitsUpgrade
Code/GameEngine/Source/GameLogic/Object/Upgrade/UnpauseSpecialPowerUpgradeConstructor.cpp	Code/GameEngine/Source/Common/Thing/UnpauseSpecialPowerUpgradeConstructor.cpp	UnpauseSpecialPowerUpgrade
Code/GameEngine/Source/GameLogic/Object/Weapon/BezierProjectileBehaviorDestructorThunk.cpp	Code/GameEngine/Source/GameLogic/AI/BezierProjectileBehaviorDestructorThunk.cpp	BezierProjectileBehavior
Code/GameEngine/Source/GameLogic/Object/Weapon/BezierProjectileBehavior_handle.cpp	Code/GameEngine/Source/GameLogic/AI/BezierProjectileBehavior_handle.cpp	BezierProjectileBehavior
Code/GameEngine/Source/GameLogic/Object/Weapon/BezierProjectileBehavior_projectileFire.cpp	Code/GameEngine/Source/GameLogic/AI/BezierProjectileBehavior_projectileFire.cpp	BezierProjectileBehavior
Code/GameEngine/Source/GameLogic/Object/Weapon/BezierProjectileBehavior_projectileFireAtObjectOrPosition.cpp	Code/GameEngine/Source/GameLogic/AI/BezierProjectileBehavior_projectileFireAtObjectOrPosition.cpp	BezierProjectileBehavior
Code/GameEngine/Source/GameLogic/Object/Weapon/BezierProjectileBehavior_rva001F1B90.cpp	Code/GameEngine/Source/GameLogic/AI/BezierProjectileBehavior_rva001F1B90.cpp	BezierProjectileBehavior
Code/GameEngine/Source/GameLogic/Object/Weapon/BezierProjectileBehavior_rva001F1CE0.cpp	Code/GameEngine/Source/GameLogic/AI/BezierProjectileBehavior_rva001F1CE0.cpp	BezierProjectileBehavior
Code/GameEngine/Source/GameLogic/Object/Weapon/WeaponBonusSet_bfmeApplyBonuses.cpp	Code/GameEngine/Source/GameLogic/Object/WeaponBonusSet_bfmeApplyBonuses.cpp	WeaponBonusSet
Code/GameEngine/Source/GameLogic/Object/Weapon/WeaponSet_findAmmoPipShowingWeapon.cpp	Code/GameEngine/Source/GameLogic/Object/WeaponSet_findAmmoPipShowingWeapon.cpp	WeaponSet
Code/GameEngine/Source/GameLogic/Object/Weapon/WeaponTemplateSet_parsePreferredAgainst_Thunk.cpp	Code/GameEngine/Source/GameLogic/Object/WeaponTemplateSet_parsePreferredAgainst_Thunk.cpp	WeaponTemplateSet
Code/GameEngine/Source/GameLogic/Object/Weapon/WeaponTemplate_notifyPreFire.cpp	Code/GameEngine/Source/GameLogic/Object/WeaponTemplate_notifyPreFire.cpp	WeaponTemplate
Code/GameEngine/Source/GameLogic/Object/Weapon/WeaponTemplate_shouldProjectileCollideWith.cpp	Code/GameEngine/Source/GameLogic/Object/WeaponTemplate_shouldProjectileCollideWith.cpp	WeaponTemplate
Code/GameEngine/Source/GameLogic/Object/Weapon/Weapon_bfmeGetLOSVictimPos.cpp	Code/GameEngine/Source/GameLogic/Object/Weapon_bfmeGetLOSVictimPos.cpp	Weapon
Code/GameEngine/Source/GameLogic/Object/Weapon/Weapon_computeBonus.cpp	Code/GameEngine/Source/GameLogic/Object/Weapon_computeBonus.cpp	Weapon
Code/GameEngine/Source/GameLogic/Object/Weapon/Weapon_getAttackDistance.cpp	Code/GameEngine/Source/GameLogic/Object/Weapon_getAttackDistance.cpp	Weapon
Code/GameEngine/Source/GameLogic/Object/Weapon/Weapon_getAttackRangeHeightAdjusted.cpp	Code/GameEngine/Source/GameLogic/Object/Weapon_getAttackRangeHeightAdjusted.cpp	Weapon
Code/GameEngine/Source/GameLogic/Object/Weapon/Weapon_getClipReloadTime.cpp	Code/GameEngine/Source/GameLogic/Object/Weapon_getClipReloadTime.cpp	Weapon
Code/GameEngine/Source/GameLogic/Object/Weapon/Weapon_getPercentReadyToFire.cpp	Code/GameEngine/Source/GameLogic/Object/Weapon_getPercentReadyToFire.cpp	Weapon
Code/GameEngine/Source/GameLogic/Object/Weapon/Weapon_getRemainingAmmo.cpp	Code/GameEngine/Source/GameLogic/Object/Weapon_getRemainingAmmo.cpp	Weapon
Code/GameEngine/Source/GameLogic/Object/Weapon/Weapon_isSourceObjectWithGoalPositionWithinAttackRange.cpp	Code/GameEngine/Source/GameLogic/Object/Weapon_isSourceObjectWithGoalPositionWithinAttackRange.cpp	Weapon
Code/GameEngine/Source/GameLogic/Object/WeaponComputeApproachTargetThunk.cpp	Code/GameEngine/Source/GameLogic/Object/Weapon/WeaponComputeApproachTargetThunk.cpp	Weapon
Code/GameEngine/Source/GameLogic/Object/WeaponConstructor.cpp	Code/GameEngine/Source/GameLogic/Object/Weapon/WeaponConstructor.cpp	Weapon
Code/GameEngine/Source/GameLogic/Object/WeaponDefaultCtorThunk.cpp	Code/GameEngine/Source/GameLogic/Object/Weapon/WeaponDefaultCtorThunk.cpp	Weapon
Code/GameEngine/Source/GameLogic/Object/WeaponTemplate_getAttackRange.cpp	Code/GameEngine/Source/GameLogic/Object/Weapon/WeaponTemplate_getAttackRange.cpp	WeaponTemplate
Code/GameEngine/Source/GameLogic/Object/WeaponTemplate_getClipReloadTime.cpp	Code/GameEngine/Source/GameLogic/Object/Weapon/WeaponTemplate_getClipReloadTime.cpp	WeaponTemplate
Code/GameEngine/Source/GameLogic/Object/WeaponTemplate_getDelayBetweenShots.cpp	Code/GameEngine/Source/GameLogic/Object/Weapon/WeaponTemplate_getDelayBetweenShots.cpp	WeaponTemplate
Code/GameEngine/Source/GameLogic/Object/WeaponTemplate_parseClearNuggets.cpp	Code/GameEngine/Source/GameLogic/Object/Weapon/WeaponTemplate_parseClearNuggets.cpp	WeaponTemplate
Code/GameEngine/Source/GameLogic/Object/WeaponTemplate_parseLinearTarget.cpp	Code/GameEngine/Source/GameLogic/Object/Weapon/WeaponTemplate_parseLinearTarget.cpp	WeaponTemplate
Code/GameEngine/Source/GameLogic/Object/WeaponTemplate_parseScatterTarget.cpp	Code/GameEngine/Source/GameLogic/Object/Weapon/WeaponTemplate_parseScatterTarget.cpp	WeaponTemplate
Code/GameEngine/Source/GameLogic/Object/Weapon_isClearFiringLineOfSightTerrain.cpp	Code/GameEngine/Source/GameLogic/Object/Weapon/Weapon_isClearFiringLineOfSightTerrain.cpp	Weapon
Code/GameEngine/Source/GameLogic/Object/Weapon_isClearFiringLineOfSightTerrain_Object.cpp	Code/GameEngine/Source/GameLogic/Object/Weapon/Weapon_isClearFiringLineOfSightTerrain_Object.cpp	Weapon
Code/GameEngine/Source/GameLogic/Object/Weapon_isClearGoalFiringLineOfSightTerrain_Object.cpp	Code/GameEngine/Source/GameLogic/Object/Weapon/Weapon_isClearGoalFiringLineOfSightTerrain_Object.cpp	Weapon
Code/GameEngine/Source/GameLogic/Object/Weapon_isWithinAttackRange.cpp	Code/GameEngine/Source/GameLogic/Object/Weapon/Weapon_isWithinAttackRange.cpp	Weapon
Code/GameEngine/Source/GameLogic/Object/Weapon_parseWeaponBonusSet.cpp	Code/GameEngine/Source/GameLogic/Object/Weapon/Weapon_parseWeaponBonusSet.cpp	WeaponTemplate
Code/GameEngine/Source/GameLogic/Object/Weapon_preFireWeapon.cpp	Code/GameEngine/Source/GameLogic/Object/Weapon/Weapon_preFireWeapon.cpp	Weapon
Code/GameEngine/Source/GameLogic/Object/Weapon_privateFireWeaponWrappers.cpp	Code/GameEngine/Source/GameLogic/Object/Weapon/Weapon_privateFireWeaponWrappers.cpp	Weapon
Code/GameEngine/Source/GameLogic/Object/Weapon_reloadWithBonus_Thunk.cpp	Code/GameEngine/Source/GameLogic/Object/Weapon/Weapon_reloadWithBonus_Thunk.cpp	Weapon
Code/GameEngine/Source/GameLogic/PlayerBattlePlanBonuses.cpp	Code/GameEngine/Source/Common/RTS/PlayerBattlePlanBonuses.cpp	Player
Code/GameEngine/Source/GameLogic/PlayerTemplateStoreGetAllSideStrings.cpp	Code/GameEngine/Source/Common/RTS/PlayerTemplateStoreGetAllSideStrings.cpp	PlayerTemplateStore
Code/GameEngine/Source/GameLogic/Player_addRadar_Thunk.cpp	Code/GameEngine/Source/Common/RTS/Player_addRadar_Thunk.cpp	Player
Code/GameEngine/Source/GameLogic/Player_addToBuildList.cpp	Code/GameEngine/Source/Common/RTS/Player_addToBuildList.cpp	Player
Code/GameEngine/Source/GameLogic/Player_applyBattlePlanBonusesForPlayerObjects_Thunk.cpp	Code/GameEngine/Source/Common/RTS/Player_applyBattlePlanBonusesForPlayerObjects_Thunk.cpp	Player
Code/GameEngine/Source/GameLogic/ScriptEngine/ParameterGetUiTextThunk.cpp	Code/Libraries/Source/WWVegas/WWSaveLoad/ParameterGetUiTextThunk.cpp	Parameter
Code/GameEngine/Source/GameLogic/ScriptEngine/ParameterReadParameterThunk.cpp	Code/Libraries/Source/WWVegas/WWSaveLoad/ParameterReadParameterThunk.cpp	Parameter
Code/GameEngine/Source/GameLogic/ScriptEngine/TemplateCtorThunk.cpp	Code/Libraries/Source/TemplateCtorThunk.cpp	Template
Code/GameEngine/Source/GameLogic/System/GameLogicAwakenUpdate.cpp	Code/GameEngine/Source/GameLogic/GameLogicAwakenUpdate.cpp	GameLogic
Code/GameEngine/Source/GameLogic/System/GameLogicBindObjectAndDrawable.cpp	Code/GameEngine/Source/GameLogic/GameLogicBindObjectAndDrawable.cpp	GameLogic
Code/GameEngine/Source/GameLogic/System/GameLogicDestroyObject.cpp	Code/GameEngine/Source/GameLogic/GameLogicDestroyObject.cpp	GameLogic
Code/GameEngine/Source/GameLogic/System/GameLogicFindObjectByID.cpp	Code/GameEngine/Source/GameLogic/GameLogicFindObjectByID.cpp	GameLogic
Code/GameEngine/Source/GameLogic/System/GameLogicInitThunk.cpp	Code/GameEngine/Source/GameLogic/GameLogicInitThunk.cpp	GameLogic
Code/GameEngine/Source/GameLogic/System/GameLogicMessageDispatcherThunk.cpp	Code/GameEngine/Source/GameLogic/GameLogicMessageDispatcherThunk.cpp	GameLogic
Code/GameEngine/Source/GameLogic/System/GameLogicObjectLookupTable.cpp	Code/GameEngine/Source/GameLogic/GameLogicObjectLookupTable.cpp	GameLogic
Code/GameEngine/Source/GameLogic/System/GameLogicOverridesAndTimeouts.cpp	Code/GameEngine/Source/GameLogic/GameLogicOverridesAndTimeouts.cpp	GameLogic
Code/GameEngine/Source/GameLogic/System/GameLogicPeerCRC.cpp	Code/GameEngine/Source/GameLogic/GameLogicPeerCRC.cpp	GameLogic
Code/GameEngine/Source/GameLogic/System/GameLogicPopulateGameReport.cpp	Code/GameEngine/Source/GameLogic/GameLogicPopulateGameReport.cpp	GameLogic
Code/GameEngine/Source/GameLogic/System/GameLogicPrepareObjectLoad.cpp	Code/GameEngine/Source/GameLogic/GameLogicPrepareObjectLoad.cpp	GameLogic
Code/GameEngine/Source/GameLogic/System/GameLogicProcessCommandList.cpp	Code/GameEngine/Source/GameLogic/GameLogicProcessCommandList.cpp	GameLogic
Code/GameEngine/Source/GameLogic/System/GameLogicProcessDestroyList.cpp	Code/GameEngine/Source/GameLogic/GameLogicProcessDestroyList.cpp	GameLogic
Code/GameEngine/Source/GameLogic/System/GameLogicRegisterObject.cpp	Code/GameEngine/Source/GameLogic/GameLogicRegisterObject.cpp	GameLogic
Code/GameEngine/Source/GameLogic/System/GameLogicSendObjectCreated.cpp	Code/GameEngine/Source/GameLogic/GameLogicSendObjectCreated.cpp	GameLogic
Code/GameEngine/Source/GameLogic/System/GameLogicStartNewGameThunk.cpp	Code/GameEngine/Source/GameLogic/GameLogicStartNewGameThunk.cpp	GameLogic
Code/GameEngine/Source/GameLogic/System/GameLogicUpdateLoadProgressThunk.cpp	Code/GameEngine/Source/GameLogic/GameLogicUpdateLoadProgressThunk.cpp	GameLogic
Code/GameEngine/Source/GameLogic/System/GameLogic_bfmeSwapObjectIDs.cpp	Code/GameEngine/Source/GameLogic/GameLogic_bfmeSwapObjectIDs.cpp	GameLogic
Code/GameEngine/Source/GameLogic/System/GameLogic_findTOCEntryByName.cpp	Code/GameEngine/Source/GameLogic/GameLogic_findTOCEntryByName.cpp	GameLogic
Code/GameEngine/Source/GameLogic/System/GameLogic_isInLivingWorldCampaign.cpp	Code/GameEngine/Source/GameLogic/GameLogic_isInLivingWorldCampaign.cpp	GameLogic
Code/GameEngine/Source/GameLogic/System/GameLogic_isInMultiplayerGame.cpp	Code/GameEngine/Source/GameLogic/GameLogic_isInMultiplayerGame.cpp	GameLogic
Code/GameEngine/Source/GameLogic/System/GameLogic_objectSelection.cpp	Code/GameEngine/Source/GameLogic/GameLogic_objectSelection.cpp	GameLogic
Code/GameEngine/Source/GameLogic/System/GameLogic_prepareNewGame_Thunk.cpp	Code/GameEngine/Source/GameLogic/GameLogic_prepareNewGame_Thunk.cpp	GameLogic
Code/GameEngine/Source/GameLogic/System/GameLogic_quitLocalGame.cpp	Code/GameEngine/Source/GameLogic/GameLogic_quitLocalGame.cpp	GameLogic
Code/GameEngine/Source/GameLogic/System/GameLogic_rva00382ce0.cpp	Code/GameEngine/Source/GameLogic/GameLogic_rva00382ce0.cpp	GameLogic
Code/GameEngine/Source/GameLogic/TerrainLogic_setActiveBoundary_Thunk.cpp	Code/GameEngine/Source/GameLogic/Map/TerrainLogic_setActiveBoundary_Thunk.cpp	TerrainLogic
Code/GameEngine/Source/GameLogic/World/WorldHeightMap_ParseSizeOnly_Thunk.cpp	Code/GameEngineDevice/Source/W3DDevice/GameClient/WorldHeightMap_ParseSizeOnly_Thunk.cpp	WorldHeightMap
Code/GameEngine/Source/GameNetwork/DisconnectMenu_showChat.cpp	Code/GameEngine/Source/GameClient/DisconnectMenu_showChat.cpp	DisconnectMenu
Code/GameEngine/Source/GameNetwork/DownloadManagerQueueFileForDownload.cpp	Code/GameEngine/Source/GameClient/GUI/GUICallbacks/Menus/DownloadManagerQueueFileForDownload.cpp	DownloadManager
Code/GameEngine/Source/GameNetwork/GameSpy/BFMENetworkBackend_requestLadderPlayerCount.cpp	Code/GameEngine/Source/GameNetwork/BFMENetworkBackend_requestLadderPlayerCount.cpp	BFMENetworkBackend
Code/GameEngine/Source/GameNetwork/GameSpy/GameSpyGameSlot_constructor.cpp	Code/GameEngine/Source/GameNetwork/GameSpyGameSlot_constructor.cpp	GameSpyGameSlot
Code/GameEngine/Source/GameNetwork/GameSpy/GameSpyStagingRoomDestructorThunk.cpp	Code/GameEngine/Source/GameClient/GUI/GUICallbacks/Menus/GameSpyStagingRoomDestructorThunk.cpp	GameSpyStagingRoom
Code/GameEngine/Source/GameNetwork/GameSpy/GameSpyStagingRoomStartGame.cpp	Code/GameEngine/Source/GameClient/GUI/GUICallbacks/Menus/GameSpyStagingRoomStartGame.cpp	GameSpyStagingRoom
Code/GameEngine/Source/GameNetwork/GameSpy/GameSpyStagingRoom_CopyCtor.cpp	Code/GameEngine/Source/GameClient/GUI/GUICallbacks/Menus/GameSpyStagingRoom_CopyCtor.cpp	GameSpyStagingRoom
Code/GameEngine/Source/GameNetwork/GameSpy/GameSpyStagingRoom_ctor.cpp	Code/GameEngine/Source/GameClient/GUI/GUICallbacks/Menus/GameSpyStagingRoom_ctor.cpp	GameSpyStagingRoom
Code/GameEngine/Source/GameNetwork/GameSpy/GenerateGameSpyGameResultsPacket.cpp	Code/GameEngine/Source/GameClient/GUI/GUICallbacks/Menus/GenerateGameSpyGameResultsPacket.cpp	GameSpyStagingRoom
Code/GameEngine/Source/GameNetwork/GameSpy/GenerateLadderGameResultsPacket.cpp	Code/GameEngine/Source/GameClient/GUI/GUICallbacks/Menus/GenerateLadderGameResultsPacket.cpp	GameSpyStagingRoom
Code/GameEngine/Source/GameNetwork/GameSpy/PSPlayerStats_Destructor.cpp	Code/GameEngine/Source/GameNetwork/GameSpy/Thread/PSPlayerStats_Destructor.cpp	PSPlayerStats
Code/GameEngine/Source/GameNetwork/GameSpy/Thread/BuddyMessageDestructorThunk.cpp	Code/GameEngine/Source/GameClient/GUI/GUICallbacks/Menus/BuddyMessageDestructorThunk.cpp	BuddyMessage
Code/GameEngine/Source/GameNetwork/GameSpy/Thread/BuddyThreadCallbacks.cpp	Code/GameEngine/Source/Common/RTS/BuddyThreadCallbacks.cpp	BuddyThreadClass
Code/GameEngine/Source/GameNetwork/GameSpy/Thread/BuddyThreadClassConstructor.cpp	Code/GameEngine/Source/Common/RTS/BuddyThreadClassConstructor.cpp	BuddyThreadClass
Code/GameEngine/Source/GameNetwork/GameSpy/Thread/BuddyThreadFunctionThunk.cpp	Code/GameEngine/Source/Common/RTS/BuddyThreadFunctionThunk.cpp	BuddyThreadClass
Code/GameEngine/Source/GameNetwork/GameSpy/Thread/PeerRequestCopies.cpp	Code/GameEngine/Source/GameNetwork/GameSpy/PeerRequestCopies.cpp	PeerRequest
Code/GameEngine/Source/GameNetwork/GameSpy/Thread/PeerResponseCopies.cpp	Code/GameEngine/Source/GameClient/GUI/GUICallbacks/Menus/PeerResponseCopies.cpp	PeerResponse
Code/GameEngine/Source/GameNetwork/GameSpy/ghttp/ghttpProcess.c	Code/GameEngine/Source/GameLogic/Object/ghttpProcess.c	PartitionManager
Code/GameEngine/Source/GameNetwork/GameSpyGameSlotCopyCtor.cpp	Code/GameEngine/Source/GameNetwork/GameSpy/GameSpyGameSlotCopyCtor.cpp	GameSpyGameSlot
Code/GameEngine/Source/GameNetwork/GameSpyGameSlot_login.cpp	Code/GameEngine/Source/GameNetwork/GameSpy/GameSpyGameSlot_login.cpp	GameSpyGameSlot
Code/GameEngine/Source/GameNetwork/GameSpyStagingRoom_getGameName_Thunk.cpp	Code/GameEngine/Source/GameNetwork/GameSpy/GameSpyStagingRoom_getGameName_Thunk.cpp	GameSpyStagingRoom
Code/GameEngine/Source/GameNetwork/LadderList_checkLadder_Thunk.cpp	Code/GameEngine/Source/GameNetwork/GameSpy/LadderList_checkLadder_Thunk.cpp	LadderList
Code/GameEngine/Source/GameNetwork/Pinger_ctor_Thunk.cpp	Code/GameEngine/Source/GameNetwork/GameSpy/Thread/Pinger_ctor_Thunk.cpp	Pinger
Code/GameEngine/Source/GameNetwork/Pinger_getPing.cpp	Code/GameEngine/Source/GameNetwork/GameSpy/Thread/Pinger_getPing.cpp	Pinger
Code/GameEngine/Source/GameNetwork/Pinger_getPingString.cpp	Code/GameEngine/Source/GameNetwork/GameSpy/Thread/Pinger_getPingString.cpp	Pinger
Code/GameEngine/Source/GameNetwork/Pinger_startThreads.cpp	Code/GameEngine/Source/GameNetwork/GameSpy/Thread/Pinger_startThreads.cpp	Pinger
Code/GameEngineDevice/Source/W3DDevice/Common/System/WW3D_Get_Render_Target_Resolution.cpp	Code/Libraries/Source/WWVegas/WW3D2/WW3D_Get_Render_Target_Resolution.cpp	WW3D
Code/GameEngineDevice/Source/W3DDevice/Common/Thing/W3DDebrisDrawModuleDataFactory.cpp	Code/GameEngineDevice/Source/W3DDevice/GameClient/Drawable/Draw/W3DDebrisDrawModuleDataFactory.cpp	W3DDebrisDraw
Code/GameEngineDevice/Source/W3DDevice/Common/Thing/W3DQuadrupedDrawModuleDataFactory.cpp	Code/GameEngineDevice/Source/W3DDevice/GameClient/Drawable/Draw/W3DQuadrupedDrawModuleDataFactory.cpp	W3DQuadrupedDraw
Code/GameEngineDevice/Source/W3DDevice/Common/Thing/W3DRopeDrawModuleDataFactory.cpp	Code/GameEngineDevice/Source/W3DDevice/GameClient/Drawable/Draw/W3DRopeDrawModuleDataFactory.cpp	W3DRopeDraw
Code/GameEngineDevice/Source/W3DDevice/Common/Thing/Win32GameEngine_createFunctionLexicon.cpp	Code/GameEngineDevice/Source/Win32Device/Common/Win32GameEngine_createFunctionLexicon.cpp	Win32GameEngine
Code/GameEngineDevice/Source/W3DDevice/Common/Thing/Win32GameEngine_createModuleFactory.cpp	Code/GameEngineDevice/Source/Win32Device/Common/Win32GameEngine_createModuleFactory.cpp	Win32GameEngine
Code/GameEngineDevice/Source/W3DDevice/GameClient/BinkVideoPlayerCtor.cpp	Code/GameEngineDevice/Source/VideoDevice/Bink/BinkVideoPlayerCtor.cpp	BinkVideoPlayer
Code/GameEngineDevice/Source/W3DDevice/GameClient/DoShadowsThunk.cpp	Code/GameEngineDevice/Source/W3DDevice/GameClient/Shadow/DoShadowsThunk.cpp	W3DShadowManager
Code/GameEngineDevice/Source/W3DDevice/GameClient/Drawable/Draw/W3DBuffDrawConstructor.cpp	Code/GameEngine/Source/Common/Thing/W3DBuffDrawConstructor.cpp	W3DBuffDraw
Code/GameEngineDevice/Source/W3DDevice/GameClient/Drawable/Draw/W3DDebrisDraw.cpp	Code/GameEngineDevice/Source/W3DDevice/Common/Thing/W3DDebrisDraw.cpp	W3DDebrisDraw
Code/GameEngineDevice/Source/W3DDevice/GameClient/Drawable/Draw/W3DDebrisDrawCtorThunk.cpp	Code/GameEngineDevice/Source/W3DDevice/Common/Thing/W3DDebrisDrawCtorThunk.cpp	W3DDebrisDraw
Code/GameEngineDevice/Source/W3DDevice/GameClient/Drawable/Draw/W3DDebrisDrawDestructor.cpp	Code/GameEngineDevice/Source/W3DDevice/Common/Thing/W3DDebrisDrawDestructor.cpp	W3DDebrisDraw
Code/GameEngineDevice/Source/W3DDevice/GameClient/Drawable/Draw/W3DDebrisDrawDoDrawModule.cpp	Code/GameEngineDevice/Source/W3DDevice/Common/Thing/W3DDebrisDrawDoDrawModule.cpp	W3DDebrisDraw
Code/GameEngineDevice/Source/W3DDevice/GameClient/Drawable/Draw/W3DDebrisDrawXfer.cpp	Code/GameEngineDevice/Source/W3DDevice/Common/Thing/W3DDebrisDrawXfer.cpp	W3DDebrisDraw
Code/GameEngineDevice/Source/W3DDevice/GameClient/Drawable/Draw/W3DFloorDrawConstructor.cpp	Code/GameEngine/Source/Common/Thing/W3DFloorDrawConstructor.cpp	W3DFloorDraw
Code/GameEngineDevice/Source/W3DDevice/GameClient/Drawable/Draw/W3DFloorDrawDestructor.cpp	Code/GameEngine/Source/Common/Thing/W3DFloorDrawDestructor.cpp	W3DFloorDraw
Code/GameEngineDevice/Source/W3DDevice/GameClient/Drawable/Draw/W3DHordeModelDrawConstructor.cpp	Code/GameEngine/Source/Common/Thing/W3DHordeModelDrawConstructor.cpp	W3DHordeModelDraw
Code/GameEngineDevice/Source/W3DDevice/GameClient/Drawable/Draw/W3DLightDrawConstructor.cpp	Code/GameEngine/Source/Common/Thing/W3DLightDrawConstructor.cpp	W3DLightDraw
Code/GameEngineDevice/Source/W3DDevice/GameClient/Drawable/Draw/W3DLightDrawDestructor.cpp	Code/GameEngine/Source/Common/Thing/W3DLightDrawDestructor.cpp	W3DLightDraw
Code/GameEngineDevice/Source/W3DDevice/GameClient/Drawable/Draw/W3DLightDrawDoDrawModule.cpp	Code/GameEngine/Source/Common/Thing/W3DLightDrawDoDrawModule.cpp	W3DLightDraw
Code/GameEngineDevice/Source/W3DDevice/GameClient/Drawable/Draw/W3DOverlordAircraftDraw.cpp	Code/GameEngine/Source/GameClient/W3DOverlordAircraftDraw.cpp	Drawable
Code/GameEngineDevice/Source/W3DDevice/GameClient/Drawable/Draw/W3DStreakDrawConstructor.cpp	Code/GameEngine/Source/Common/Thing/W3DStreakDrawConstructor.cpp	W3DStreakDraw
Code/GameEngineDevice/Source/W3DDevice/GameClient/Drawable/Draw/W3DStreakDrawDestructor.cpp	Code/GameEngine/Source/Common/Thing/W3DStreakDrawDestructor.cpp	W3DStreakDraw
Code/GameEngineDevice/Source/W3DDevice/GameClient/Drawable/W3DRopeDraw.cpp	Code/GameEngineDevice/Source/W3DDevice/GameClient/Drawable/Draw/W3DRopeDraw.cpp	W3DRopeDraw
Code/GameEngineDevice/Source/W3DDevice/GameClient/Drawable/W3DRopeDrawAllocateShadows.cpp	Code/GameEngineDevice/Source/W3DDevice/GameClient/Drawable/Draw/W3DRopeDrawAllocateShadows.cpp	W3DRopeDraw
Code/GameEngineDevice/Source/W3DDevice/GameClient/Drawable/W3DRopeDrawCtor.cpp	Code/GameEngineDevice/Source/W3DDevice/GameClient/Drawable/Draw/W3DRopeDrawCtor.cpp	W3DRopeDraw
Code/GameEngineDevice/Source/W3DDevice/GameClient/Drawable/W3DRopeDrawReleaseShadows.cpp	Code/GameEngineDevice/Source/W3DDevice/GameClient/Drawable/Draw/W3DRopeDrawReleaseShadows.cpp	W3DRopeDraw
Code/GameEngineDevice/Source/W3DDevice/GameClient/Drawable/W3DRopeDrawSetFullyObscured.cpp	Code/GameEngineDevice/Source/W3DDevice/GameClient/Drawable/Draw/W3DRopeDrawSetFullyObscured.cpp	W3DRopeDraw
Code/GameEngineDevice/Source/W3DDevice/GameClient/Drawable/W3DRopeDraw_initRopeParms.cpp	Code/GameEngineDevice/Source/W3DDevice/GameClient/Drawable/Draw/W3DRopeDraw_initRopeParms.cpp	W3DRopeDraw
Code/GameEngineDevice/Source/W3DDevice/GameClient/Shadow/StringClassStoreLengthThunk.cpp	Code/Libraries/Source/WWVegas/WWLib/StringClassStoreLengthThunk.cpp	StringClass
Code/GameEngineDevice/Source/W3DDevice/GameClient/W3DAnimationInfoCopyCtor.cpp	Code/GameEngineDevice/Source/W3DDevice/GameClient/Drawable/Draw/W3DAnimationInfoCopyCtor.cpp	W3DAnimationInfo
Code/GameEngineDevice/Source/W3DDevice/GameClient/W3DDisplayStringManagerUnlink.cpp	Code/GameEngine/Source/GameClient/W3DDisplayStringManagerUnlink.cpp	DisplayStringManager
Code/GameEngineDevice/Source/W3DDevice/GameClient/W3DParticleSys.cpp	Code/GameEngine/Source/GameClient/System/W3DParticleSys.cpp	SmudgeManager
Code/GameEngineDevice/Source/W3DDevice/GameClient/W3DSnow.cpp	Code/Libraries/Source/WWVegas/WW3D2/W3DSnow.cpp	DX8Caps
Code/GameEngineDevice/Source/W3DDevice/GameClient/W3DTerrainBackgroundAllocateThunk.cpp	Code/GameEngine/Source/GameClient/W3DTerrainBackgroundAllocateThunk.cpp	W3DTerrainBackground
Code/GameEngineDevice/Source/W3DDevice/GameClient/W3DTerrainBackgroundConstructor.cpp	Code/GameEngine/Source/GameClient/W3DTerrainBackgroundConstructor.cpp	W3DTerrainBackground
Code/GameEngineDevice/Source/W3DDevice/GameClient/W3DTerrainBackgroundIsEdgeAligned.cpp	Code/GameEngine/Source/GameClient/W3DTerrainBackgroundIsEdgeAligned.cpp	W3DTerrainBackground
Code/GameEngineDevice/Source/W3DDevice/GameClient/W3DTerrainBackgroundReset.cpp	Code/GameEngine/Source/GameClient/W3DTerrainBackgroundReset.cpp	W3DTerrainBackground
Code/GameEngineDevice/Source/W3DDevice/GameClient/W3DTerrainBackgroundResetBuffers.cpp	Code/GameEngine/Source/GameClient/W3DTerrainBackgroundResetBuffers.cpp	W3DTerrainBackground
Code/GameEngineDevice/Source/W3DDevice/GameClient/W3DTerrainBackgroundTesselatedUpdateThunk.cpp	Code/GameEngine/Source/GameClient/W3DTerrainBackgroundTesselatedUpdateThunk.cpp	W3DTerrainBackground
Code/GameEngineDevice/Source/W3DDevice/GameClient/W3DTerrainBackground_clearFlipStates.cpp	Code/GameEngine/Source/GameClient/W3DTerrainBackground_clearFlipStates.cpp	W3DTerrainBackground
Code/GameEngineDevice/Source/W3DDevice/GameClient/W3DTerrainBackground_freeTerrainBuffers.cpp	Code/GameEngine/Source/GameClient/W3DTerrainBackground_freeTerrainBuffers.cpp	W3DTerrainBackground
Code/GameEngineDevice/Source/W3DDevice/GameClient/W3DViewGetAngleBfme.cpp	Code/GameEngine/Source/GameClient/W3DViewGetAngleBfme.cpp	View
Code/GameEngineDevice/Source/W3DDevice/GameClient/W3DViewGetPitchBfme.cpp	Code/GameEngine/Source/GameClient/W3DViewGetPitchBfme.cpp	View
Code/GameEngineDevice/Source/W3DDevice/GameClient/W3DViewIsMouseLockedBfme.cpp	Code/GameEngine/Source/GameClient/W3DViewIsMouseLockedBfme.cpp	View
Code/GameEngineDevice/Source/W3DDevice/GameClient/W3DVolumetricShadowManager_ctor_Thunk.cpp	Code/GameEngineDevice/Source/W3DDevice/GameClient/Shadow/W3DVolumetricShadowManager_ctor_Thunk.cpp	W3DVolumetricShadowManager
Code/GameEngineDevice/Source/W3DDevice/GameClient/W3dWaypointBuffer.cpp	Code/Libraries/Source/WWVegas/WWMath/W3dWaypointBuffer.cpp	Coord3D
Code/GameEngineDevice/Source/W3DDevice/GameClient/Water/W3DWaterGenerateVertexBufferThunk.cpp	Code/GameEngineDevice/Source/W3DDevice/GameClient/W3DWaterGenerateVertexBufferThunk.cpp	WaterRenderObjClass
Code/GameEngineDevice/Source/W3DDevice/GameClient/Water/W3DWaterReAcquireResourcesThunk.cpp	Code/GameEngineDevice/Source/W3DDevice/GameClient/W3DWaterReAcquireResourcesThunk.cpp	WaterRenderObjClass
Code/GameEngineDevice/Source/W3DDevice/GameClient/Water/WaterRenderObjConstructor.cpp	Code/GameEngineDevice/Source/W3DDevice/GameClient/WaterRenderObjConstructor.cpp	WaterRenderObjClass
Code/GameEngineDevice/Source/W3DDevice/GameClient/Water/WaterRenderObjDestructor.cpp	Code/GameEngineDevice/Source/W3DDevice/GameClient/WaterRenderObjDestructor.cpp	WaterRenderObjClass
Code/GameEngineDevice/Source/W3DDevice/GameClient/Water/WaterRenderObjGridAndSkybox.cpp	Code/GameEngineDevice/Source/W3DDevice/GameClient/WaterRenderObjGridAndSkybox.cpp	WaterRenderObjClass
Code/GameEngineDevice/Source/W3DDevice/GameClient/Water/WaterRenderObjInitThunk.cpp	Code/GameEngineDevice/Source/W3DDevice/GameClient/WaterRenderObjInitThunk.cpp	WaterRenderObjClass
Code/GameEngineDevice/Source/W3DDevice/GameClient/Water/WaterRenderObjLoadSetting.cpp	Code/GameEngineDevice/Source/W3DDevice/GameClient/WaterRenderObjLoadSetting.cpp	WaterRenderObjClass
Code/GameEngineDevice/Source/W3DDevice/GameClient/Water/WaterRenderObjRenderMirrorRetail.cpp	Code/GameEngineDevice/Source/W3DDevice/GameClient/WaterRenderObjRenderMirrorRetail.cpp	WaterRenderObjClass
Code/GameEngineDevice/Source/W3DDevice/GameClient/Water/WaterRenderObjSky.cpp	Code/GameEngineDevice/Source/W3DDevice/GameClient/WaterRenderObjSky.cpp	WaterRenderObjClass
Code/GameEngineDevice/Source/W3DDevice/GameClient/Water/WaterRenderObjWriteSkyBoxSettings.cpp	Code/GameEngineDevice/Source/W3DDevice/GameClient/WaterRenderObjWriteSkyBoxSettings.cpp	WaterRenderObjClass
Code/GameEngineDevice/Source/W3DDevice/GameClient/Water/WaterSkyBoxZRotation.cpp	Code/GameEngineDevice/Source/W3DDevice/GameClient/WaterSkyBoxZRotation.cpp	WaterRenderObjClass
Code/GameEngineDevice/Source/W3DDevice/GameClient/WaterTracksRenderSystem_flush.cpp	Code/GameEngineDevice/Source/W3DDevice/GameClient/Water/WaterTracksRenderSystem_flush.cpp	WaterTracksRenderSystem
Code/GameEngineDevice/Source/W3DDevice/W3DScene/W3DBridgeBufferLoadThunk.cpp	Code/GameEngineDevice/Source/W3DDevice/GameClient/W3DBridgeBufferLoadThunk.cpp	W3DBridgeBuffer
Code/GameEngineDevice/Source/W3DModelDraw_setAnimationLoopDuration.cpp	Code/GameEngineDevice/Source/W3DDevice/GameClient/Drawable/Draw/W3DModelDraw_setAnimationLoopDuration.cpp	W3DModelDraw
Code/GameEngineDevice/Source/Win32Device/Common/Win32GameEngine_createGameLogic.cpp	Code/GameEngineDevice/Source/W3DDevice/Common/Thing/Win32GameEngine_createGameLogic.cpp	Win32GameEngine
Code/GameEngineDevice/Source/Win32Device/Common/Win32GameEngine_serviceWindowsOS.cpp	Code/GameEngineDevice/Source/W3DDevice/Common/Thing/Win32GameEngine_serviceWindowsOS.cpp	Win32GameEngine
Code/GameEngineDevice/Source/Win32Device/Common/Win32GameEngine_update.cpp	Code/GameEngineDevice/Source/W3DDevice/Common/Thing/Win32GameEngine_update.cpp	Win32GameEngine
Code/Libraries/Source/EA/Apt/Rva8CBB80MessageName.cpp	Code/Libraries/Source/WWVegas/WWLib/Rva8CBB80MessageName.cpp	Rva8CBB80Derived
Code/Libraries/Source/WWVegas/WW3D2/CameraClassApply.cpp	Code/GameEngineDevice/Source/W3DDevice/GameClient/CameraClassApply.cpp	CameraClass
Code/Libraries/Source/WWVegas/WW3D2/CameraClass_Class_ID_Thunk.cpp	Code/GameEngineDevice/Source/W3DDevice/GameClient/CameraClass_Class_ID_Thunk.cpp	CameraClass
Code/Libraries/Source/WWVegas/WW3D2/CameraClass_Get_View_Space_Frustum.cpp	Code/GameEngineDevice/Source/W3DDevice/GameClient/CameraClass_Get_View_Space_Frustum.cpp	CameraClass
Code/Libraries/Source/WWVegas/WW3D2/DX8WrapperBeginSceneInner.cpp	Code/GameEngineDevice/Source/W3DDevice/GameClient/Water/DX8WrapperBeginSceneInner.cpp	DX8Wrapper
Code/Libraries/Source/WWVegas/WW3D2/DX8WrapperClampColor.cpp	Code/GameEngineDevice/Source/W3DDevice/GameClient/Water/DX8WrapperClampColor.cpp	DX8Wrapper
Code/Libraries/Source/WWVegas/WW3D2/DX8WrapperGetRenderStateNameThunk.cpp	Code/GameEngineDevice/Source/W3DDevice/GameClient/Water/DX8WrapperGetRenderStateNameThunk.cpp	DX8Wrapper
Code/Libraries/Source/WWVegas/WW3D2/DX8WrapperOwnsDeviceLock.cpp	Code/GameEngineDevice/Source/W3DDevice/GameClient/Water/DX8WrapperOwnsDeviceLock.cpp	DX8Wrapper
Code/Libraries/Source/WWVegas/WW3D2/DX8WrapperRenderStateValueNameLargeThunk.cpp	Code/GameEngineDevice/Source/W3DDevice/GameClient/Water/DX8WrapperRenderStateValueNameLargeThunk.cpp	DX8Wrapper
Code/Libraries/Source/WWVegas/WW3D2/DX8WrapperResetDeviceThunk.cpp	Code/GameEngineDevice/Source/W3DDevice/GameClient/Water/DX8WrapperResetDeviceThunk.cpp	DX8Wrapper
Code/Libraries/Source/WWVegas/WW3D2/DX8WrapperSetDX8Texture.cpp	Code/GameEngineDevice/Source/W3DDevice/GameClient/Water/DX8WrapperSetDX8Texture.cpp	DX8Wrapper
Code/Libraries/Source/WWVegas/WW3D2/DX8WrapperTryAcquireDeviceLock.cpp	Code/GameEngineDevice/Source/W3DDevice/GameClient/Water/DX8WrapperTryAcquireDeviceLock.cpp	DX8Wrapper
Code/Libraries/Source/WWVegas/WW3D2/DX8Wrapper_Clear.cpp	Code/GameEngineDevice/Source/W3DDevice/GameClient/Water/DX8Wrapper_Clear.cpp	DX8Wrapper
Code/Libraries/Source/WWVegas/WW3D2/DX8Wrapper_D3DCalls.cpp	Code/GameEngineDevice/Source/W3DDevice/GameClient/Water/DX8Wrapper_D3DCalls.cpp	DX8Wrapper
Code/Libraries/Source/WWVegas/WW3D2/DX8Wrapper_Do_Onetime_Device_Dependent_Inits.cpp	Code/GameEngineDevice/Source/W3DDevice/GameClient/Water/DX8Wrapper_Do_Onetime_Device_Dependent_Inits.cpp	DX8Wrapper
Code/Libraries/Source/WWVegas/WW3D2/DX8Wrapper_DrawPrimitives.cpp	Code/GameEngineDevice/Source/W3DDevice/GameClient/Water/DX8Wrapper_DrawPrimitives.cpp	DX8Wrapper
Code/Libraries/Source/WWVegas/WW3D2/DX8Wrapper_Draw_Triangles.cpp	Code/GameEngineDevice/Source/W3DDevice/GameClient/Water/DX8Wrapper_Draw_Triangles.cpp	DX8Wrapper
Code/Libraries/Source/WWVegas/WW3D2/DX8Wrapper_Set_Pixel_Shader_Constant.cpp	Code/GameEngineDevice/Source/W3DDevice/GameClient/Water/DX8Wrapper_Set_Pixel_Shader_Constant.cpp	DX8Wrapper
Code/Libraries/Source/WWVegas/WW3D2/DX8Wrapper_Set_Render_Target_Depth.cpp	Code/GameEngineDevice/Source/W3DDevice/GameClient/Water/DX8Wrapper_Set_Render_Target_Depth.cpp	DX8Wrapper
Code/Libraries/Source/WWVegas/WW3D2/DX8Wrapper_Set_Render_Target_Surface.cpp	Code/GameEngineDevice/Source/W3DDevice/GameClient/Water/DX8Wrapper_Set_Render_Target_Surface.cpp	DX8Wrapper
Code/Libraries/Source/WWVegas/WW3D2/DX8Wrapper_Set_Render_Target_SwapChain_Thunk.cpp	Code/GameEngineDevice/Source/W3DDevice/GameClient/Water/DX8Wrapper_Set_Render_Target_SwapChain_Thunk.cpp	DX8Wrapper
Code/Libraries/Source/WWVegas/WW3D2/Render2DSentenceBuildNotCenteredThunk.cpp	Code/GameEngineDevice/Source/W3DDevice/GameClient/Render2DSentenceBuildNotCenteredThunk.cpp	Render2DSentenceClass
Code/Libraries/Source/WWVegas/WW3D2/Render2DSentenceClassReset.cpp	Code/GameEngineDevice/Source/W3DDevice/GameClient/Render2DSentenceClassReset.cpp	Render2DSentenceClass
Code/Libraries/Source/WWVegas/WW3D2/Render2DSentenceClass_Release_Pending_Surfaces.cpp	Code/GameEngineDevice/Source/W3DDevice/GameClient/Render2DSentenceClass_Release_Pending_Surfaces.cpp	Render2DSentenceClass
Code/Libraries/Source/WWVegas/WW3D2/Render2DSentenceClass_Reset_Sentence_Data.cpp	Code/GameEngineDevice/Source/W3DDevice/GameClient/Render2DSentenceClass_Reset_Sentence_Data.cpp	Render2DSentenceClass
Code/Libraries/Source/WWVegas/WW3D2/Render2DSentenceClass_ctor.cpp	Code/GameEngineDevice/Source/W3DDevice/GameClient/Render2DSentenceClass_ctor.cpp	Render2DSentenceClass
Code/Libraries/Source/WWVegas/WW3D2/RenderObjClassCtor_Thunk.cpp	Code/GameEngineDevice/Source/W3DDevice/GameClient/RenderObjClassCtor_Thunk.cpp	RenderObjClass
Code/Libraries/Source/WWVegas/WW3D2/RenderObjClass_Add_Sub_Object_To_Bone_Thunk.cpp	Code/GameEngineDevice/Source/W3DDevice/GameClient/RenderObjClass_Add_Sub_Object_To_Bone_Thunk.cpp	RenderObjClass
Code/Libraries/Source/WWVegas/WW3D2/RenderObjClass_Remove_Sub_Objects_From_Bone_Thunk.cpp	Code/GameEngineDevice/Source/W3DDevice/GameClient/RenderObjClass_Remove_Sub_Objects_From_Bone_Thunk.cpp	RenderObjClass
Code/Libraries/Source/WWVegas/WW3D2/SceneClass_Render.cpp	Code/GameEngineDevice/Source/W3DDevice/GameClient/SceneClass_Render.cpp	SceneClass
Code/Libraries/Source/WWVegas/WW3D2/W3DAnimationInfoDestructorThunk.cpp	Code/GameEngineDevice/Source/W3DDevice/GameClient/Drawable/Draw/W3DAnimationInfoDestructorThunk.cpp	W3DAnimationInfo
Code/Libraries/Source/WWVegas/WW3D2/W3DBufferManagerVertexBuffer.cpp	Code/GameEngineDevice/Source/W3DDevice/GameClient/Shadow/W3DBufferManagerVertexBuffer.cpp	W3DBufferManager
Code/Libraries/Source/WWVegas/WW3D2/W3DDisplayStringManagerNewDisplayStringThunk.cpp	Code/GameEngineDevice/Source/W3DDevice/GameClient/W3DDisplayStringManagerNewDisplayStringThunk.cpp	W3DDisplayStringManager
Code/Libraries/Source/WWVegas/WW3D2/dx8texman.cpp	Code/GameEngineDevice/Source/W3DDevice/GameClient/dx8texman.cpp	TextureBaseClass
Code/Libraries/Source/WWVegas/WW3D2/light.cpp	Code/GameEngineDevice/Source/W3DDevice/GameClient/light.cpp	LightClass
Code/Libraries/Source/WWVegas/WWAudio/AudioManagerAddAudioEventThunk.cpp	Code/GameEngine/Source/Common/Audio/AudioManagerAddAudioEventThunk.cpp	AudioManager
Code/Libraries/Source/WWVegas/WWAudio/AudioManagerRva006B9A80.cpp	Code/GameEngine/Source/Common/Audio/AudioManagerRva006B9A80.cpp	AudioManager
Code/Libraries/Source/WWVegas/WWDebug/DebugIOOdsConstructorThunk.cpp	Code/Libraries/Source/debug/DebugIOOdsConstructorThunk.cpp	DebugIOOds
Code/Libraries/Source/WWVegas/WWDebug/DebugIOOds_Create.cpp	Code/Libraries/Source/debug/DebugIOOds_Create.cpp	DebugIOOds
Code/Libraries/Source/WWVegas/WWDownload/CDownloadDownloadFile.cpp	Code/GameEngine/Source/GameNetwork/CDownloadDownloadFile.cpp	CDownload
Code/Libraries/Source/WWVegas/WWDownload/CftpConnectToServer.cpp	Code/GameEngine/Source/GameNetwork/CftpConnectToServer.cpp	Cftp
Code/Libraries/Source/WWVegas/WWLib/FastFixedAllocatorThunks.cpp	Code/Libraries/Source/WWVegas/WWDebug/FastFixedAllocatorThunks.cpp	FastFixedAllocator
Code/Libraries/Source/WWVegas/WWLib/GameFileSetNameThunk.cpp	Code/GameEngineDevice/Source/W3DDevice/GameClient/GameFileSetNameThunk.cpp	GameFileClass
Code/Libraries/Source/WWVegas/WWLib/MiscThunkGroup.cpp	Code/GameEngineDevice/Source/W3DDevice/GameClient/Water/MiscThunkGroup.cpp	WaterTracksRenderSystem
Code/Libraries/Source/WWVegas/WWLib/MoneyObjectThunks.cpp	Code/GameEngine/Source/GameLogic/Object/MoneyObjectThunks.cpp	Object
Code/Libraries/Source/WWVegas/WWLib/PhysicsRenderThunks.cpp	Code/GameEngineDevice/Source/W3DDevice/GameClient/PhysicsRenderThunks.cpp	BaseHeightMapRenderObjClass
Code/Libraries/Source/WWVegas/WWLib/RAMFileDestructorThunk.cpp	Code/GameEngine/Source/Common/System/RAMFileDestructorThunk.cpp	RAMFile
Code/Libraries/Source/WWVegas/WWLib/ascii_string.cpp	Code/GameEngine/Source/Common/System/ascii_string.cpp	AsciiString
Code/Libraries/Source/WWVegas/WWLib/unicode_string.cpp	Code/GameEngine/Source/Common/System/unicode_string.cpp	UnicodeString
Code/Libraries/Source/WWVegas/WWMath/AABoxClassPointsConstructor.cpp	Code/GameEngineDevice/Source/W3DDevice/GameClient/Shadow/AABoxClassPointsConstructor.cpp	AABoxClass
Code/Libraries/Source/WWVegas/WWMath/Matrix3D_Rotate_Vector.cpp	Code/Libraries/Source/WWVegas/WW3D2/Matrix3D_Rotate_Vector.cpp	Matrix3D
Code/Libraries/Source/WWVegas/WWMath/Matrix3D_Set_Thunk.cpp	Code/Libraries/Source/WWVegas/WW3D2/Matrix3D_Set_Thunk.cpp	Matrix3D
Code/Libraries/Source/WWVegas/WWMath/Matrix3D_Transform_Vector.cpp	Code/Libraries/Source/WWVegas/WW3D2/Matrix3D_Transform_Vector.cpp	Matrix3D
Code/Libraries/Source/WWVegas/WWMath/U4RotateYMatrix3.cpp	Code/Libraries/Source/WWVegas/WW3D2/U4RotateYMatrix3.cpp	Matrix3
Code/Libraries/Source/WWVegas/WWMath/lookuptable.cpp	Code/Libraries/Source/WWVegas/WWLib/lookuptable.cpp	GenericMultiListClass
Code/Libraries/Source/WWVegas/WWMath/matrix4.cpp	Code/Libraries/Source/WWVegas/WW3D2/matrix4.cpp	Matrix4
Code/Libraries/Source/WWVegas/WWMath/quat.cpp	Code/Libraries/Source/WWVegas/WW3D2/quat.cpp	Quaternion
Code/Libraries/Source/WWVegas/WWMath/vector3.cpp	Code/GameEngine/Source/GameClient/vector3.cpp	Vector3
Code/Libraries/Source/WWVegas/WWMath/vehiclecurve.cpp	Code/Libraries/Source/WWVegas/WW3D2/vehiclecurve.cpp	Matrix3D
Code/Libraries/Source/WWVegas/WWMath/wwmath.cpp	Code/GameEngineDevice/Source/W3DDevice/GameClient/wwmath.cpp	WWMath
Code/Libraries/Source/debug/debug_io_ods.cpp	Code/Libraries/Source/WWVegas/WWDebug/debug_io_ods.cpp	DebugIOOds
