name,target_rva,target_size,source,notes
?bfmeCallENA@BfmeThingENA@@QAEXPAX@Z,0x0005C350,200,Code/GameEngine/Source/Common/BfmeConv880.cpp,reloc-derived;call-sites=1;identity=real
??1Gen_dtorv_0005e7b0@@UAE@XZ,0x0005DBE0,12,Code/gen_small/dtorsv_000.cpp,reloc-derived;call-sites=1;identity=generated
??1Gen_dtor_0093e860@@UAE@XZ,0x0005E960,45,Code/gen_small/dtors_009.cpp,reloc-derived;call-sites=1;identity=generated
??1Gen_dtor_0005fa60@@UAE@XZ,0x0005EC20,134,Code/gen_small/dtors_000.cpp,reloc-derived;call-sites=1;identity=generated
?createEx@Rva0005FA90Factory@@AAEPAXPAX00000@Z,0x0005ECD0,307,Code/gen_small/U3_table_lookup_and_forwarder.cpp,reloc-derived;call-sites=1;identity=real
?Gen00061F00@@YAHHH@Z,0x00061F00,216,Code/GameEngine/Source/Common/BigObfHookWrappers.cpp,reloc-derived;call-sites=1;identity=generated
?insert_unique@?$_Rb_tree@URva00063870Key@@U?$pair@$$CBURva00063870Key@@URva00063870Value@@@_STL@@U?$_Select1st@U?$pair@$$CBURva00063870Key@@URva00063870Value@@@_STL@@@3@U?$less@URva00063870Key@@@3@V?$allocator@U?$pair@$$CBURva00063870Key@@URva00063870Value@@@_STL@@@3@@_STL@@QAE?AU?$_Rb_tree_iterator@U?$pair@$$CBURva00063870Key@@URva00063870Value@@@_STL@@U?$_Nonconst_traits@U?$pair@$$CBURva00063870Key@@URva00063870Value@@@_STL@@@2@@2@U32@ABU?$pair@$$CBURva00063870Key@@URva00063870Value@@@2@@Z,0x000633E0,629,Code/GameEngine/Source/Common/Rva00063870MapInsertBody.cpp,reloc-derived;call-sites=1;identity=generated
?insert_unique@?$_Rb_tree@PAURva00065050Target@@PAU1@U?$_Identity@PAURva00065050Target@@@_STL@@U?$less@PAURva00065050Target@@@3@V?$allocator@PAURva00065050Target@@@3@@_STL@@QAE?AU?$pair@U?$_Rb_tree_iterator@PAURva00065050Target@@U?$_Nonconst_traits@PAURva00065050Target@@@_STL@@@_STL@@_N@2@ABQAURva00065050Target@@@Z,0x00064F70,143,Code/Libraries/Source/WWVegas/WWLib/RvaSetInsertForwarder.cpp,reloc-derived;call-sites=1;identity=generated
?step@Gen003BBA40Member@@QAEXPAVGenXferInterface@@@Z,0x000650C0,320,Code/GameEngine/Source/Common/V4XferSlotSequences.cpp,reloc-derived;call-sites=1;identity=generated
??1Gen_dtor_00067a30@@UAE@XZ,0x000678B0,98,Code/gen_small/dtors_000.cpp,reloc-derived;call-sites=1;identity=generated
?ensureUnique@Dict@@AAEPAUDictPair@1@H_NPAU21@@Z,0x000683D0,278,Code/GameEngine/Source/Common/Dict.cpp,reloc-derived;call-sites=3;identity=real
?evaluate@U4Curve006095D0@@QBEMH@Z,0x0006A520,611,Code/GameEngine/Source/Common/U4SmallCompositeBodies.cpp,reloc-derived;call-sites=1;identity=real
??0GameSlot@@QAE@ABV0@@Z,0x0006E600,189,Code/GameEngine/Source/GameNetwork/LANGameSlot_copy.cpp,reloc-derived;call-sites=1;identity=real
?Gen0006EF90@@YAHHH@Z,0x0006EF90,215,Code/GameEngine/Source/Common/BigObfHookWrappers.cpp,reloc-derived;call-sites=1;identity=generated
?Gen0006F0D0@@YAHHH@Z,0x0006F0D0,216,Code/GameEngine/Source/Common/BigObfHookWrappers.cpp,reloc-derived;call-sites=1;identity=generated
?Gen0006F200@@YAHHH@Z,0x0006F200,215,Code/GameEngine/Source/Common/BigObfHookWrappers.cpp,reloc-derived;call-sites=1;identity=generated
?Gen0006F330@@YAHHH@Z,0x0006F330,216,Code/GameEngine/Source/Common/BigObfHookWrappers.cpp,reloc-derived;call-sites=1;identity=generated
??1Gen_dtor_00075d40@@UAE@XZ,0x00075D70,106,Code/gen_small/dtors_000.cpp,reloc-derived;call-sites=1;identity=generated
??1Mem00078B80@@QAE@XZ,0x00078B80,181,Code/GameEngine/Source/Common/BigPairMemberDtors.cpp,reloc-derived;call-sites=1;identity=real
??1Gen_dtor_0007ba60@@UAE@XZ,0x0007B8B0,33,Code/gen_small/dtors_000.cpp,reloc-derived;call-sites=1;identity=generated
?update@BfmeTimedOpNode@@QAEIXZ,0x0007B8E0,138,Code/GameEngine/Source/Common/Bfme5UpdateTimedOps.cpp,reloc-derived;call-sites=1;identity=real
?getAudioLODIndex@GameLODManager@@QAEHABVAsciiString@@@Z,0x0007D0C0,234,Code/GameEngine/Source/Common/GameLOD.cpp,reloc-derived;call-sites=1;identity=real
?bfmeUseRT@BfmeSlotRT@@QAEXXZ,0x00080260,176,Code/GameEngine/Source/Common/BfmeThreeHundredTwentyTwo.cpp,reloc-derived;call-sites=1;identity=real
??1Gen_dtor_000844e0@@UAE@XZ,0x00084030,939,Code/gen_small/dtors_000.cpp,reloc-derived;call-sites=1;identity=generated
??0GlobalData@@QAE@XZ,0x00084510,4499,Code/GameEngine/Source/Common/GlobalData_newOverride_Thunk.cpp,reloc-derived;call-sites=1;identity=real
?getRemoteIPEntry@LANPreferences@@QAE?AVUnicodeString@@H@Z,0x00086C70,563,Code/GameEngine/Source/GameClient/GUI/GUICallbacks/Menus/NetworkDirectConnect.cpp,reloc-derived;call-sites=1;identity=real
?gen000889A0@Gen000889A0_00089450@@QAEXXZ,0x000889A0,157,Code/GameEngine/Source/Common/TailPairForwarders.cpp,reloc-derived;call-sites=1;identity=generated
?bfmeMakeEYF@@YAPAUBfmeNodeEYF@@PAX0@Z,0x00088B70,545,Code/GameEngine/Source/Common/BfmeConv888.cpp,reloc-derived;call-sites=1;identity=real
?_M_reallocate_map@?$deque@UGen_t_00089c70_p12cd@@V?$allocator@UGen_t_00089c70_p12cd@@@_STL@@@_STL@@IAEXI_N@Z,0x00089850,367,Code/gen_small/tgrid_133.cpp,reloc-derived;call-sites=1;identity=generated
?propagateMessages@MessageStream@@QAEXXZ,0x0008ADF0,129,Code/GameEngine/Source/Common/GameEngineFramePacing.cpp,reloc-derived;call-sites=1;identity=real
??0?$pair@$$CBUGen_t_0008e700_k4@@UGen_t_0008e700_p12cd@@@_STL@@QAE@ABU01@@Z,0x0008E560,91,Code/gen_small/tgrid_101.cpp,reloc-derived;call-sites=1;identity=generated
??0?$pair@$$CBHVMultiplayerColorDefinition@@@_STL@@QAE@ABHABVMultiplayerColorDefinition@@@Z,0x0008E630,92,Code/GameEngine/Source/Common/MultiplayerColorMapOperator.cpp,reloc-derived;call-sites=1;identity=real
?newMultiplayerColorDefinition@MultiplayerSettings@@QAEPAVMultiplayerColorDefinition@@VAsciiString@@@Z,0x0008F2B0,169,Code/GameEngine/Source/Common/INI/INIMultiplayer.cpp,reloc-derived;call-sites=1;identity=real
??1Gen_dtor_0008ff90@@UAE@XZ,0x0008FE00,95,Code/gen_small/dtors_000.cpp,reloc-derived;call-sites=1;identity=generated
?nameToLowercaseKey@NameKeyGenerator@@QAE?AW4NameKeyType@@PBD@Z,0x00090140,259,Code/GameEngine/Source/GameClient/System/Image.cpp,reloc-derived;call-sites=2;identity=real
?bfmeF41148@BfmeS1148@@QAEDXZ,0x00090E10,109,Code/GameEngine/Source/Common/BfmeConv1148.cpp,reloc-derived;call-sites=1;identity=real
?bfmeFd1148@BfmeS1148@@QAEDXZ,0x00090FB0,102,Code/GameEngine/Source/Common/BfmeConv1148.cpp,reloc-derived;call-sites=1;identity=real
?bfmeMakeBFA@@YGPAPAXPAX@Z,0x00093E60,146,Code/GameEngine/Source/Common/BfmeConv439.cpp,reloc-derived;call-sites=1;identity=real
??1Gen_dtor_00094910@@UAE@XZ,0x00094940,31,Code/gen_small/dtors_000.cpp,reloc-derived;call-sites=1;identity=generated
??$__copy_ptrs@PBUGen_t_00095d30_p8pod@@PAU1@@_STL@@YAPAUGen_t_00095d30_p8pod@@PBU1@0PAU1@ABU__false_type@0@@Z,0x00095390,46,Code/gen_small/tgrid_101.cpp,reloc-derived;call-sites=2;identity=generated
?bfmeInit@RecorderClass@@AAEXXZ,0x00098050,174,Code/GameEngine/Source/Common/RecorderClassConstructor.cpp,reloc-derived;call-sites=1;identity=real
?Gen00098C80@@YAHHH@Z,0x00098C80,216,Code/GameEngine/Source/Common/BigObfHookWrappers.cpp,reloc-derived;call-sites=1;identity=generated
?getMap@GameInfo@@QBE?AVAsciiString@@XZ,0x00098E70,32,Code/GameEngine/Source/GameClient/GUI/Gen00525EE0MapRefresh.cpp,reloc-derived;call-sites=1;identity=real
??1Gen_dtor_00099460@@UAE@XZ,0x00099070,125,Code/gen_small/dtors_000.cpp,reloc-derived;call-sites=1;identity=generated
?_M_fill_insert@?$list@UGen_t_0009f4d0_m12cd@@V?$allocator@UGen_t_0009f4d0_m12cd@@@_STL@@@_STL@@QAEXU?$_List_iterator@UGen_t_0009f4d0_m12cd@@U?$_Nonconst_traits@UGen_t_0009f4d0_m12cd@@@_STL@@@2@IABUGen_t_0009f4d0_m12cd@@@Z,0x0009F290,65,Code/gen_small/fam_008.cpp,reloc-derived;call-sites=1;identity=generated
?bfmeOneBRA@BfmeThingBRA@@QAEXXZ,0x0009FC90,276,Code/GameEngine/Source/Common/BfmeConv513.cpp,reloc-derived;call-sites=1;identity=real
?collectScoreKeeperStats@StatsCollector@@AAEXXZ,0x000A2230,97,Code/GameEngine/Source/Common/StatsCollector.cpp,reloc-derived;call-sites=1;identity=real
??$append@PAD@?$basic_string@DV?$char_traits@D@_STL@@V?$allocator@D@2@@_STL@@AAEAAV01@PAD0ABUforward_iterator_tag@1@@Z,0x000A4030,313,Code/GameEngine/Source/GameNetwork/GameSpy/PeerDefs.cpp,reloc-derived;call-sites=3;identity=real
??$append@PBD@?$basic_string@DV?$char_traits@D@_STL@@V?$allocator@D@2@@_STL@@AAEAAV01@PBD0ABUforward_iterator_tag@1@@Z,0x000A4F80,313,Code/GameEngine/Source/GameNetwork/GameSpy/PeerDefs.cpp,reloc-derived;call-sites=53;identity=real
??1PSPlayerStats@@QAE@XZ,0x000A5150,654,Code/GameEngine/Source/Common/PSRequestDestructorThunk.cpp,reloc-derived;call-sites=7;identity=real
?_M_insert_overflow@?$vector@UGen_t_000a8040_m4pod@@V?$allocator@UGen_t_000a8040_m4pod@@@_STL@@@_STL@@IAEXPAUGen_t_000a8040_m4pod@@ABU3@ABU__false_type@2@I_N@Z,0x000A7EB0,282,Code/gen_small/fam_019.cpp,reloc-derived;call-sites=1;identity=generated
??A?$map@HVAsciiString@@U?$less@H@_STL@@V?$allocator@U?$pair@$$CBHVAsciiString@@@_STL@@@3@@_STL@@QAEAAVAsciiString@@ABH@Z,0x000AB0C0,199,Code/GameEngine/Source/GameNetwork/GameSpy/PeerDefs.cpp,reloc-derived;call-sites=1;identity=real
?getIgnores@IgnorePreferences@@QAE?AV?$map@HVAsciiString@@U?$less@H@_STL@@V?$allocator@U?$pair@$$CBHVAsciiString@@@_STL@@@3@@_STL@@XZ,0x000AC9D0,315,Code/GameEngine/Source/GameNetwork/GameSpy/GameSpyInfo_loadSavedIgnoreList_Thunk.cpp,reloc-derived;call-sites=1;identity=real
?_M_insert_overflow@?$vector@UGen_t_000b0910_p8pod@@V?$allocator@UGen_t_000b0910_p8pod@@@_STL@@@_STL@@IAEXPAUGen_t_000b0910_p8pod@@ABU3@ABU__false_type@2@I_N@Z,0x000B0760,302,Code/gen_small/tgrid_102.cpp,reloc-derived;call-sites=1;identity=generated
?bfmeBaseCIA@BfmeThingCIA@@QAEXXZ,0x000B0D10,173,Code/GameEngine/Source/Common/BfmeConv602.cpp,reloc-derived;call-sites=1;identity=real
?bfmeSendAXB@BfmeThingAXB@@QAEXPAVBfmeSrcAXB@@PAUBfmeFlagsAXB@@@Z,0x000B29C0,291,Code/GameEngine/Source/Common/BfmeConv431.cpp,reloc-derived;call-sites=1;identity=real
?bfmeAccept@BfmeSubAccept_0002C41C@@QAEXPAVBfmeSeedTarget@@@Z,0x000B2BA0,187,Code/GameEngine/Source/Common/S3SeedPairsDeferred.cpp,reloc-derived;call-sites=5;identity=real
??0BfmeAudioEventRTS@@QAE@ABVAsciiString@@PBUCoord3D@@H@Z,0x000B2E10,180,Code/GameEngine/Source/GameLogic/ScriptEngine/ScriptActions.cpp,reloc-derived;call-sites=1;identity=real
?setEventName@AudioEventRTS@@QAEXVAsciiString@@@Z,0x000B38C0,140,Code/GameEngine/Source/Common/INI/ini.cpp,reloc-derived;call-sites=1;identity=real
?bfmeNotifyDDE@@YAXXZ,0x000B3970,400,Code/GameEngine/Source/Common/BfmeConv674.cpp,reloc-derived;call-sites=1;identity=real
?bfmeBaseCJA@BfmeThingCJA@@QAEXPAX@Z,0x000B5B10,323,Code/GameEngine/Source/Common/BfmeConv608.cpp,reloc-derived;call-sites=1;identity=real
?_M_fill_insert@?$vector@UCoord3D@@V?$allocator@UCoord3D@@@_STL@@@_STL@@QAEXPAUCoord3D@@IABU3@@Z,0x000B7AF0,310,Code/Libraries/Source/WWVegas/WWLib/Coord3DVectorResizeThunk.cpp,reloc-derived;call-sites=1;identity=real
??1Gen_dtor_000b84a0@@UAE@XZ,0x000B84D0,122,Code/gen_small/dtors_000.cpp,reloc-derived;call-sites=1;identity=generated
?_M_insert_overflow@?$vector@UP5Elem000BD360@@V?$allocator@UP5Elem000BD360@@@_STL@@@_STL@@IAEXPAUP5Elem000BD360@@ABU3@ABU__false_type@2@I_N@Z,0x000BCA50,286,Code/GameEngine/Source/Common/Rva000BD360VectorPushBackBody.cpp,reloc-derived;call-sites=1;identity=real
??1Gen_dtor_000c3950@@UAE@XZ,0x000C3980,95,Code/gen_small/dtors_000.cpp,reloc-derived;call-sites=1;identity=generated
?bfmeCheck1026@BfmeQ1026@@QAEDHHH@Z,0x000C4D80,195,Code/GameEngine/Source/Common/BfmeConv1026.cpp,reloc-derived;call-sites=1;identity=real
?canEnterObject@BFMEActionManager@@QAE_NPBVObject@@0W4CommandSourceType@@W4CanEnterType@@PA_N@Z,0x000C5440,849,Code/GameEngine/Source/GameLogic/AI/AIStates.cpp,reloc-derived;call-sites=1;identity=real
?getCanAttackObject@ActionManager@@QAE?AW4CanAttackResult@@PBVObject@@0W4CommandSourceType@@W4AbleToAttackType@@@Z,0x000C58F0,229,Code/GameEngine/Source/GameLogic/AI/AIStates.cpp,reloc-derived;call-sites=1;identity=real
?bfmeNewMap@BfmePlayerMapState@@QAEXH_N@Z,0x000C7A30,352,Code/GameEngine/Source/Common/RTS/Player.cpp,reloc-derived;call-sites=2;identity=real
?withdraw@Money@@QAEII_N@Z,0x000C8610,230,Code/GameEngine/Source/Common/Rva0036B9F0WithdrawPurchase.cpp,reloc-derived;call-sites=3;identity=real
?bfmeRunEUAe@BfmeItemEUA@@QAEXPAX@Z,0x000C9930,31,Code/GameEngine/Source/Common/BfmeConv885.cpp,reloc-derived;call-sites=1;identity=real
?bfmeVal1090@BfmeR1090@@QAEHXZ,0x000CBDC0,201,Code/GameEngine/Source/Common/BfmeConv1090.cpp,reloc-derived;call-sites=1;identity=real
?bfmeRunEUAc@BfmeItemEUA@@QAEXPAX@Z,0x000CBEC0,174,Code/GameEngine/Source/Common/BfmeConv885.cpp,reloc-derived;call-sites=1;identity=real
?bfmeFindFFG@BfmeMidFFG@@QAEPAUBfmeResFFG@@PAUBfmeSubFFG@@@Z,0x000CDEC0,67,Code/GameEngine/Source/Common/BfmeConv895.cpp,reloc-derived;call-sites=1;identity=real
?onUpgradeCompleted@Player@@QAEXPBVUpgradeTemplate@@@Z,0x000CE480,166,Code/GameEngine/Source/Common/RTS/Player_addUpgrade.cpp,reloc-derived;call-sites=1;identity=real
?friend_applyDifficultyBonusesForObject@BfmeDifficultyBonusPlayer@@QAEXPAVObject@@_N@Z,0x000CE560,336,Code/GameEngine/Source/GameLogic/Object/Object.cpp,reloc-derived;call-sites=1;identity=real
?unidentified_000CFE80@BfmePlayerScienceAvailability@@QAE?AW4ScienceAvailabilityType@@ABVAsciiString@@@Z,0x000CFE80,126,Code/GameEngine/Source/GameLogic/ScriptEngine/ScriptActions.cpp,reloc-derived;call-sites=1;identity=real
?bfmeOn1096@BfmeR1096@@QAEXPAVBfmeS1096@@@Z,0x000CFF80,36,Code/GameEngine/Source/Common/BfmeConv1096.cpp,reloc-derived;call-sites=1;identity=real
?_M_bkt_num_key@?$hashtable@URva000D6C60Value@@VAsciiString@@U?$hash@VAsciiString@@@rts@@URva000D6C60ExtractKey@@U?$equal_to@VAsciiString@@@_STL@@V?$allocator@URva000D6C60Value@@@7@@_STL@@ABEIABVAsciiString@@I@Z,0x000D10B0,41,Code/Libraries/Source/WWVegas/WWLib/RvaHashInsertAsciiString.cpp,reloc-derived;call-sites=1;identity=generated
?notify@BfmeObjNotify3F0@@QAEXPAXH@Z,0x000D22A0,332,Code/GameEngine/Source/Common/BfmeConv830.cpp,reloc-derived;call-sites=2;identity=real
?getOrStartSpecialPowerReadyFrame@Player@@QAEIPBVSpecialPowerTemplate@@@Z,0x000D28F0,156,Code/GameEngine/Source/Common/SpecialPowerModule_getReadyFrame_Thunk.cpp,reloc-derived;call-sites=2;identity=real
?bfmeInit@BfmeSub@@QAEXPAX@Z,0x000D34C0,250,Code/GameEngine/Source/Common/Bfme5EntryAppend.cpp,reloc-derived;call-sites=1;identity=real
?resize@?$hashtable@URva000D6770Value@@VAsciiString@@U?$hash@VAsciiString@@@rts@@URva000D6770ExtractKey@@U?$equal_to@VAsciiString@@@_STL@@V?$allocator@URva000D6770Value@@@7@@_STL@@QAEXI@Z,0x000D38F0,415,Code/Libraries/Source/WWVegas/WWLib/RvaHashInsertAsciiString.cpp,reloc-derived;call-sites=1;identity=generated
?resize@?$hashtable@URva000D6C60Value@@VAsciiString@@U?$hash@VAsciiString@@@rts@@URva000D6C60ExtractKey@@U?$equal_to@VAsciiString@@@_STL@@V?$allocator@URva000D6C60Value@@@7@@_STL@@QAEXI@Z,0x000D3BE0,415,Code/Libraries/Source/WWVegas/WWLib/RvaHashInsertAsciiString.cpp,reloc-derived;call-sites=1;identity=generated
??1Gen_dtor_000d7480@@UAE@XZ,0x000D3FA0,89,Code/gen_small/dtors_000.cpp,reloc-derived;call-sites=1;identity=generated
?link@BfmeLinkedObj@@QAEXPAV1@H@Z,0x000D48E0,1661,Code/GameEngine/Source/Common/BfmeConv831.cpp,reloc-derived;call-sites=1;identity=real
?addScience@Player@@AAE_NW4ScienceType@@@Z,0x000D5380,438,Code/GameEngine/Source/Common/RTS/Player.cpp,reloc-derived;call-sites=2;identity=real
?accepts@Rva001DB720Predicate@@QAE_NPAVThingTemplate@@@Z,0x000D57B0,300,Code/GameEngine/Source/GameLogic/Object/ObjectCreationTemplatePredicate.cpp,reloc-derived;call-sites=1;identity=generated
?localApplyBattlePlanBonusesToObject@@YAXPAVObject@@PAX@Z,0x000D5A40,352,Code/GameEngine/Source/Common/RTS/Player.cpp,reloc-derived;call-sites=2;identity=real
?removeBattlePlanBonusesForObject@Player@@QBEXPAVObject@@@Z,0x000D5C20,196,Code/GameEngine/Source/GameLogic/Player_becomingTeamMember_Thunk.cpp,reloc-derived;call-sites=1;identity=real
?erase@?$hashtable@U?$pair@$$CBHUGen_t_000d81e0_p12cd@@@_STL@@HU?$hash@H@2@U?$_Select1st@U?$pair@$$CBHUGen_t_000d81e0_p12cd@@@_STL@@@2@U?$equal_to@H@2@V?$allocator@U?$pair@$$CBHUGen_t_000d81e0_p12cd@@@_STL@@@2@@_STL@@QAEXABU?$_Ht_iterator@U?$pair@$$CBHUGen_t_000d81e0_p12cd@@@_STL@@U?$_Const_traits@U?$pair@$$CBHUGen_t_000d81e0_p12cd@@@_STL@@@2@HU?$hash@H@2@U?$_Select1st@U?$pair@$$CBHUGen_t_000d81e0_p12cd@@@_STL@@@2@U?$equal_to@H@2@V?$allocator@U?$pair@$$CBHUGen_t_000d81e0_p12cd@@@_STL@@@2@@2@@Z,0x000D64A0,154,Code/gen_small/tgrid_127.cpp,reloc-derived;call-sites=1;identity=generated
?gen000D6FB0@@YAPAXXZ,0x000D6FB0,65,Code/GameEngine/Source/Common/CachedPointerFills.cpp,reloc-derived;call-sites=2;identity=generated
?bfmeTwoCGF@BfmeThingCGF@@QAEXPAX@Z,0x000D7390,186,Code/GameEngine/Source/Common/BfmeConv599.cpp,reloc-derived;call-sites=1;identity=real
?resetSciences@Player@@QAEXXZ,0x000D7B60,250,Code/GameEngine/Source/Common/RTS/Player_resetRank_Thunk.cpp,reloc-derived;call-sites=1;identity=real
?bfmeAdj1096@BfmeR1096@@QAEXH@Z,0x000D7E30,464,Code/GameEngine/Source/Common/BfmeConv1096.cpp,reloc-derived;call-sites=1;identity=real
?bfmeStep1034@BfmeH1034@@QAEXXZ,0x000D9D30,434,Code/GameEngine/Source/Common/BfmeConv1034.cpp,reloc-derived;call-sites=1;identity=real
?doUpdate@BfmeTarget78E@@QAEXPAX@Z,0x000D9FC0,87,Code/GameEngine/Source/Common/BfmeConv821.cpp,reloc-derived;call-sites=1;identity=real
?init@Player@@QAEXPBVPlayerTemplate@@@Z,0x000DA610,2043,Code/GameEngine/Source/Common/RTS/PlayerListSetLocalPlayer.cpp,reloc-derived;call-sites=2;identity=real
??1Gen_dtor_000dddf0@@UAE@XZ,0x000DD440,1043,Code/gen_small/dtors_000.cpp,reloc-derived;call-sites=1;identity=generated
??$__copy_backward@PAUGen_t_000de650_p128pod@@PAU1@H@_STL@@YAPAUGen_t_000de650_p128pod@@PAU1@00ABUrandom_access_iterator_tag@0@PAH@Z,0x000DE490,74,Code/gen_small/tgrid_133.cpp,reloc-derived;call-sites=1;identity=generated
?_M_insert_overflow@?$vector@UEvaSideSounds@@V?$allocator@UEvaSideSounds@@@_STL@@@_STL@@IAEXPAUEvaSideSounds@@ABU3@ABU__false_type@2@I_N@Z,0x000DEA80,267,Code/GameEngine/Source/GameClient/Eva.cpp,reloc-derived;call-sites=1;identity=real
?parseBlock@BfmePlayerAITypeSet@@QAEXPAVINI@@@Z,0x000DEEC0,578,Code/GameEngine/Source/Common/INI/INIPlayerAIType.cpp,reloc-derived;call-sites=1;identity=real
??1PlayerTemplate@@QAE@XZ,0x000E27A0,702,Code/GameEngine/Source/Common/PlayerTemplateVectorDestructor.cpp,reloc-derived;call-sites=8;identity=real
??0PlayerTemplate@@QAE@ABV0@@Z,0x000E2E50,918,Code/GameEngine/Source/Common/RTS/PlayerTemplate.cpp,reloc-derived;call-sites=2;identity=real
??4PlayerTemplate@@QAEAAV0@ABV0@@Z,0x000E32D0,903,Code/GameEngine/Source/Common/RTS/PlayerTemplate.cpp,reloc-derived;call-sites=1;identity=real
?_M_insert_overflow@?$vector@UGen_t_000e5750_p12cd@@V?$allocator@UGen_t_000e5750_p12cd@@@_STL@@@_STL@@IAEXPAUGen_t_000e5750_p12cd@@ABU3@ABU__false_type@2@I_N@Z,0x000E5580,281,Code/gen_small/tgrid_103.cpp,reloc-derived;call-sites=1;identity=generated
??1Gen_dtor_000e6840@@UAE@XZ,0x000E6140,175,Code/gen_small/dtors_000.cpp,reloc-derived;call-sites=1;identity=generated
?bfmeHandOver_0000FFE2@@YAXPAVBfmeSeedTarget@@PAX@Z,0x000E66F0,267,Code/GameEngine/Source/Common/S3SeedPairsDeferred.cpp,reloc-derived;call-sites=6;identity=real
??1ScienceVecStandIn@@QAE@XZ,0x000E80F0,203,Code/GameEngine/Source/Common/ScienceInfoDestructorThunk.cpp,reloc-derived;call-sites=1;identity=real
??1Gen_dtor_000e9fe0@@UAE@XZ,0x000E9A40,150,Code/gen_small/dtors_000.cpp,reloc-derived;call-sites=1;identity=generated
?bfmeVisit@BfmeInnerIterable@@QAEHP6AXPAVObject@@PAX@Z1@Z,0x000EDAB0,91,Code/GameEngine/Source/Common/RTS/PlayerIterateObjects.cpp,reloc-derived;call-sites=1;identity=real
?bfmeRunEZA@BfmeItemEZA@@QAEXXZ,0x000EE730,39,Code/GameEngine/Source/Common/BfmeConv889.cpp,reloc-derived;call-sites=1;identity=real
?hasAnyBuildFacility@BfmeTeamInstanceLink@@QBE_NXZ,0x000EF340,96,Code/GameEngine/Source/Common/RTS/Team.cpp,reloc-derived;call-sites=1;identity=real
?insert_unique@?$_Rb_tree@U?$pair@HH@_STL@@U?$pair@$$CBU?$pair@HH@_STL@@PAVTeamPrototype@@@2@U?$_Select1st@U?$pair@$$CBU?$pair@HH@_STL@@PAVTeamPrototype@@@_STL@@@2@U?$less@U?$pair@HH@_STL@@@2@V?$allocator@U?$pair@$$CBU?$pair@HH@_STL@@PAVTeamPrototype@@@_STL@@@2@@_STL@@QAE?AU?$_Rb_tree_iterator@U?$pair@$$CBU?$pair@HH@_STL@@PAVTeamPrototype@@@_STL@@U?$_Nonconst_traits@U?$pair@$$CBU?$pair@HH@_STL@@PAVTeamPrototype@@@_STL@@@2@@2@U32@ABU?$pair@$$CBU?$pair@HH@_STL@@PAVTeamPrototype@@@2@@Z,0x000EF750,684,Code/GameEngine/Source/Common/RTS/TeamFactoryCtorThunk.cpp,reloc-derived;call-sites=2;identity=real
?resize@?$hashtable@URva000F6C10Value@@VAsciiString@@U?$hash@VAsciiString@@@rts@@URva000F6C10ExtractKey@@U?$equal_to@VAsciiString@@@_STL@@V?$allocator@URva000F6C10Value@@@7@@_STL@@QAEXI@Z,0x000F1E00,415,Code/Libraries/Source/WWVegas/WWLib/RvaHashInsertAsciiString.cpp,reloc-derived;call-sites=1;identity=generated
??1Gen_dtor_000f3c20@@UAE@XZ,0x000F21C0,89,Code/gen_small/dtors_000.cpp,reloc-derived;call-sites=1;identity=generated
?removeOverrideTeamRelationship@BfmeTeamInstanceLink@@QAEXI@Z,0x000F2530,119,Code/GameEngine/Source/Common/RTS/Team.cpp,reloc-derived;call-sites=2;identity=real
?countObjectsByThingTemplate@Team@@QBEXHPBQBVThingTemplate@@_NPAH1@Z,0x000F2670,193,Code/GameEngine/Source/Common/RTS/Team.cpp,reloc-derived;call-sites=1;identity=real
??0TeamPrototype@@QAE@PAVTeamFactory@@ABVAsciiString@@1PAVPlayer@@_NPAVDict@@H@Z,0x000F3E40,367,Code/GameEngine/Source/Common/RTS/TeamFactoryCtorThunk.cpp,reloc-derived;call-sites=1;identity=real
?getTeamAsAIGroup@Team@@QAEXPAVAIGroup@@@Z,0x000F45A0,126,Code/GameEngine/Source/GameLogic/AI/AIPlayer_guardSupplyCenter_Thunk.cpp,reloc-derived;call-sites=5;identity=real
?countBuildings@Team@@QAEHXZ,0x000F4900,103,Code/GameEngine/Source/Common/RTS/Team.cpp,reloc-derived;call-sites=1;identity=real
?hasAnyBuildings@Team@@QBE_N_N@Z,0x000F4980,184,Code/GameEngine/Source/Common/RTS/TeamPrototype_hasAnyBuildings_noMask.cpp,reloc-derived;call-sites=1;identity=real
?hasAnyBuildings@Team@@QAE_NV?$BitFlags@$0MA@@@_N@Z,0x000F4A70,190,Code/GameEngine/Source/Common/RTS/TeamPrototype_hasAnyBuildings.cpp,reloc-derived;call-sites=1;identity=real
?hasAnyUnits@Team@@QBE_NXZ,0x000F4C10,179,Code/GameEngine/Source/Common/RTS/Team.cpp,reloc-derived;call-sites=1;identity=real
?hasAnyObjects@Team@@QBE_N_N@Z,0x000F4CF0,237,Code/GameEngine/Source/Common/RTS/TeamPrototype_hasAnyObjects.cpp,reloc-derived;call-sites=1;identity=real
?updateState@Team@@QAEXXZ,0x000F4F30,1280,Code/GameEngine/Source/Common/RTS/Team.cpp,reloc-derived;call-sites=1;identity=real
?allInside@Team@@QBE_NPAVPolygonTrigger@@I@Z,0x000F5A30,278,Code/GameEngine/Source/GameLogic/ScriptEngine/ScriptConditions_insideArea.cpp,reloc-derived;call-sites=2;identity=real
?someInsideSomeOutside@Team@@QBE_NPAVPolygonTrigger@@I@Z,0x000F5CE0,276,Code/GameEngine/Source/GameLogic/ScriptEngine/ScriptConditions_insideArea.cpp,reloc-derived;call-sites=1;identity=real
?refresh@Rva000F72D0FrameCachedValue@@AAEXPAX@Z,0x000F67B0,403,Code/GameEngine/Source/Common/Rva000F72D0FrameCachedValue.cpp,reloc-derived;call-sites=1;identity=real
?erase@?$hashtable@U?$pair@$$CBHUGen_t_000f73d0_p12cd@@@_STL@@HU?$hash@H@2@U?$_Select1st@U?$pair@$$CBHUGen_t_000f73d0_p12cd@@@_STL@@@2@U?$equal_to@H@2@V?$allocator@U?$pair@$$CBHUGen_t_000f73d0_p12cd@@@_STL@@@2@@_STL@@QAEXABU?$_Ht_iterator@U?$pair@$$CBHUGen_t_000f73d0_p12cd@@@_STL@@U?$_Const_traits@U?$pair@$$CBHUGen_t_000f73d0_p12cd@@@_STL@@@2@HU?$hash@H@2@U?$_Select1st@U?$pair@$$CBHUGen_t_000f73d0_p12cd@@@_STL@@@2@U?$equal_to@H@2@V?$allocator@U?$pair@$$CBHUGen_t_000f73d0_p12cd@@@_STL@@@2@@2@@Z,0x000F6B50,154,Code/gen_small/tgrid_127.cpp,reloc-derived;call-sites=1;identity=generated
??1Gen_dtor_000f7580@@UAE@XZ,0x000F6E40,257,Code/gen_small/dtors_000.cpp,reloc-derived;call-sites=1;identity=generated
?findTeam@TeamFactory@@QAEPAVTeam@@ABVAsciiString@@@Z,0x000F8290,238,Code/GameEngine/Source/GameLogic/Object/Object_restoreOriginalTeam.cpp,reloc-derived;call-sites=1;identity=real
?onTunnelDestroyed@TunnelTracker@@QAEXPBVObject@@@Z,0x000F8C20,176,Code/GameEngine/Source/GameLogic/Object/Contain/CaveContainTryToSetCaveIndex.cpp,reloc-derived;call-sites=1;identity=real
?bfmeCall942D@BfmeSub942D@@QAEPAXPAX@Z,0x000F98E0,66,Code/GameEngine/Source/Common/BfmeConv942.cpp,reloc-derived;call-sites=1;identity=real
??0?$pair@$$CBUGen_t_000fa390_k4@@UGen_t_000fa390_p12cd@@@_STL@@QAE@ABU01@@Z,0x000F9FF0,181,Code/gen_small/tgrid_103.cpp,reloc-derived;call-sites=1;identity=generated
??$__copy_backward@PAUGen_t_000fa3f0_p128pod@@PAU1@H@_STL@@YAPAUGen_t_000fa3f0_p128pod@@PAU1@00ABUrandom_access_iterator_tag@0@PAH@Z,0x000FA0E0,69,Code/gen_small/tgrid_133.cpp,reloc-derived;call-sites=1;identity=generated
??$__copy_backward@PAUGen_t_000fd5c0_p128pod@@PAU1@H@_STL@@YAPAUGen_t_000fd5c0_p128pod@@PAU1@00ABUrandom_access_iterator_tag@0@PAH@Z,0x000FCF70,123,Code/gen_small/tgrid_133.cpp,reloc-derived;call-sites=1;identity=generated
??1Gen_dtor_000fe210@@UAE@XZ,0x000FDB40,139,Code/gen_small/dtors_000.cpp,reloc-derived;call-sites=1;identity=generated
?bfmeAssign@BfmeCopySubA@@QAEXPAU1@@Z,0x000FF8F0,294,Code/GameEngine/Source/Common/S3StrideCopyLoops.cpp,reloc-derived;call-sites=1;identity=real
??0?$pair@$$CBUGen_t_00138860_k4@@UGen_t_00138860_p12cd@@@_STL@@QAE@ABU01@@Z,0x000FFD10,194,Code/gen_small/tgrid_105.cpp,reloc-derived;call-sites=1;identity=generated
?bfmeValERB@BfmeSubERB@@QAEXPAVBfmeOtherERA@@H@Z,0x00102D90,77,Code/GameEngine/Source/Common/BfmeConv883.cpp,reloc-derived;call-sites=1;identity=real
?readDict@DataChunkInput@@QAE?AVDict@@XZ,0x001039C0,561,Code/GameEngine/Source/GameClient/MapUtil.cpp,reloc-derived;call-sites=2;identity=real
?parse@DataChunkInput@@QAE_NPAX@Z,0x00103DE0,820,Code/GameEngine/Source/GameClient/MapUtil_ParseObjectsDataChunk_Thunk.cpp,reloc-derived;call-sites=2;identity=real
?localPixelToRadar@Radar@@QAE_NPBUICoord2D@@PAU2@@Z,0x00107AB0,327,Code/GameEngine/Source/Common/System/Radar.cpp,reloc-derived;call-sites=2;identity=real
?internalCreateEvent@Radar@@IAEXPBUCoord3D@@W4RadarEventType@@MPBURGBAColorInt@@2@Z,0x00107D60,510,Code/GameEngine/Source/Common/System/Radar.cpp,reloc-derived;call-sites=1;identity=real
?bfmeAskEZF@@YG_NHPAUBfmeSubEZF@@@Z,0x00108520,152,Code/GameEngine/Source/Common/BfmeConv889.cpp,reloc-derived;call-sites=1;identity=real
?registerObject@PartitionManager@@QAEXPAVObject@@@Z,0x001086C0,734,Code/GameEngine/Source/GameLogic/Object/Object.cpp,reloc-derived;call-sites=1;identity=real
??0UpgradeTemplate@@QAE@XZ,0x0010ABD0,175,Code/GameEngine/Source/Common/UpgradeCenter_newUpgrade_Thunk.cpp,reloc-derived;call-sites=1;identity=real
??1Gen_dtor_0010bd60@@UAE@XZ,0x0010BC80,176,Code/gen_small/dtors_000.cpp,reloc-derived;call-sites=1;identity=generated
?xferInteger@@YAXAAVXfer@@AAH@Z,0x0010C320,25,Code/GameEngine/Source/GameClient/System/FXParticleSystem/fx_particle_system_bulk.cpp,reloc-derived;call-sites=1;identity=real
?bfmeHandOver_000353C8@@YAXPAVBfmeSeedTarget@@PAX@Z,0x0010C8D0,140,Code/GameEngine/Source/Common/S3SeedPairsDeferred.cpp,reloc-derived;call-sites=2;identity=real
?Gen003BB8F0Free@@YAXPAVGenXferInterface@@PAX@Z,0x0010CAC0,305,Code/GameEngine/Source/Common/V4XferSlotSequences.cpp,reloc-derived;call-sites=1;identity=real
??1Gen_t_0010dae0_p12cd@@QAE@XZ,0x0010D700,128,Code/gen_small/tgrid_103.cpp,reloc-derived;call-sites=1;identity=generated
??0?$pair@$$CBUGen_t_0056ce40_k4@@UGen_t_0056ce40_p12cd@@@_STL@@QAE@ABU01@@Z,0x0010DFC0,93,Code/gen_small/tgrid_117.cpp,reloc-derived;call-sites=1;identity=generated
?xferSaveData@GameState@@AAEXPAVXfer@@W4SnapshotType@@@Z,0x0010FBD0,550,Code/GameEngine/Source/Common/System/SaveGame/GameState.cpp,reloc-derived;call-sites=1;identity=real
??1Gen_dtor_00113960@@UAE@XZ,0x00113200,95,Code/gen_small/dtors_000.cpp,reloc-derived;call-sites=1;identity=generated
??0?$_STLP_alloc_proxy@PAUGen_t_001263a0_m4pod@@U1@V?$allocator@UGen_t_001263a0_m4pod@@@_STL@@@_STL@@QAE@ABV?$allocator@UGen_t_001263a0_m4pod@@@1@PAUGen_t_001263a0_m4pod@@@Z,0x00124F40,11,Code/gen_small/fam_017.cpp,reloc-derived;call-sites=1;identity=generated
??0?$_STLP_alloc_proxy@PAUGen_t_001263d0_m4pod@@U1@V?$allocator@UGen_t_001263d0_m4pod@@@_STL@@@_STL@@QAE@ABV?$allocator@UGen_t_001263d0_m4pod@@@1@PAUGen_t_001263d0_m4pod@@@Z,0x00124F50,11,Code/gen_small/fam_017.cpp,reloc-derived;call-sites=1;identity=generated
??AModuleTemplateMap@ModuleFactory@@QAEAAVModuleTemplate@1@ABH@Z,0x001296E0,144,Code/GameEngine/Source/Common/System/module_factory.cpp,reloc-derived;call-sites=102;identity=real
??0S4ModuleData0012A070@@QAE@XZ,0x00129F80,189,Code/GameEngine/Source/Common/S4NewModuleData.cpp,reloc-derived;call-sites=1;identity=real
??0StealthUpdateModuleData@@QAE@XZ,0x0012A3A0,372,Code/GameEngine/Source/GameLogic/Object/Update/StealthUpdateFriendNewModuleDataThunk.cpp,reloc-derived;call-sites=1;identity=real
??1Gen_dtor_0012a580@@UAE@XZ,0x0012A5B0,160,Code/gen_small/dtors_001.cpp,reloc-derived;call-sites=1;identity=generated
??1Gen_dtor_0012bda0@@UAE@XZ,0x0012BDD0,107,Code/gen_small/dtors_001.cpp,reloc-derived;call-sites=1;identity=generated
?isSignificantlyAboveTerrain@Thing@@QBE_NXZ,0x00131B20,58,Code/GameEngine/Source/GameLogic/Object/Update/AIUpdateInterface_setGoalPositionClipped.cpp,reloc-derived;call-sites=1;identity=real
?bfmeCopyTwoCKA@BfmePartCKA@@QAEXPAU1@@Z,0x00135B10,250,Code/GameEngine/Source/Common/BfmeConv610.cpp,reloc-derived;call-sites=1;identity=real
?resize@?$hashtable@URva001360E0Value@@VAsciiString@@U?$hash@VAsciiString@@@rts@@URva001360E0ExtractKey@@U?$equal_to@VAsciiString@@@_STL@@V?$allocator@URva001360E0Value@@@7@@_STL@@QAEXI@Z,0x00135ED0,415,Code/Libraries/Source/WWVegas/WWLib/RvaHashInsertAsciiString.cpp,reloc-derived;call-sites=1;identity=generated
?_M_clear@?$vector@URva00146940Element@_STL@@V?$allocator@URva00146940Element@_STL@@@2@@_STL@@IAEXXZ,0x00137310,98,Code/Libraries/Source/WWVegas/WWLib/RvaVectorInsertOverflow287.cpp,reloc-derived;call-sites=1;identity=real
?_M_copy@?$_Rb_tree@HU?$pair@$$CBHUGen_t_00137960_p12cd@@@_STL@@U?$_Select1st@U?$pair@$$CBHUGen_t_00137960_p12cd@@@_STL@@@2@U?$less@H@2@V?$allocator@U?$pair@$$CBHUGen_t_00137960_p12cd@@@_STL@@@2@@_STL@@AAEPAU?$_Rb_tree_node@U?$pair@$$CBHUGen_t_00137960_p12cd@@@_STL@@@2@PAU32@0@Z,0x001373D0,179,Code/gen_small/tgrid_104.cpp,reloc-derived;call-sites=1;identity=generated
??$_Destroy@PAVOpen2Elem138090@@@_STL@@YAXPAVOpen2Elem138090@@0@Z,0x00137660,33,Code/GameEngine/Source/Common/Open2Twins009.cpp,reloc-derived;call-sites=1;identity=real
??1Gen_dtor_001384d0@@UAE@XZ,0x00137C90,92,Code/gen_small/dtors_001.cpp,reloc-derived;call-sites=1;identity=generated
??0GenBase00138960@@QAE@XZ,0x00138960,129,Code/GameEngine/Source/Common/MidVptrOnlyDerivedCtors.cpp,reloc-derived;call-sites=1;identity=real
??$__copy_backward@PAUGen_t_00138d40_p128pod@@PAU1@H@_STL@@YAPAUGen_t_00138d40_p128pod@@PAU1@00ABUrandom_access_iterator_tag@0@PAH@Z,0x00138BA0,93,Code/gen_small/tgrid_133.cpp,reloc-derived;call-sites=1;identity=generated
?bfmeCallENI@BfmeHolderENI@@QAEXPAX@Z,0x0013C720,1334,Code/GameEngine/Source/Common/BfmeConv880.cpp,reloc-derived;call-sites=1;identity=real
?getSelectedPortraitImage@Open2Template143730@@QBEPBVImage@@XZ,0x0013EE70,59,Code/GameEngine/Source/GameClient/GUI/ControlBar/Open2Twins014.cpp,reloc-derived;call-sites=1;identity=real
?insert_unique@?$_Rb_tree@$$CBV?$BitFlags@$0L@@@U?$pair@$$CBV?$BitFlags@$0L@@@PBVArmorTemplateSet@@@_STL@@U?$_Select1st@U?$pair@$$CBV?$BitFlags@$0L@@@PBVArmorTemplateSet@@@_STL@@@3@UMapHelper@?$SparseMatchFinder@VArmorTemplateSet@@V?$BitFlags@$0L@@@@@V?$allocator@U?$pair@$$CBV?$BitFlags@$0L@@@PBVArmorTemplateSet@@@_STL@@@3@@_STL@@QAE?AU?$_Rb_tree_iterator@U?$pair@$$CBV?$BitFlags@$0L@@@PBVArmorTemplateSet@@@_STL@@U?$_Nonconst_traits@U?$pair@$$CBV?$BitFlags@$0L@@@PBVArmorTemplateSet@@@_STL@@@2@@2@U32@ABU?$pair@$$CBV?$BitFlags@$0L@@@PBVArmorTemplateSet@@@2@@Z,0x001426A0,629,Code/GameEngine/Source/Common/Thing/ThingTemplate.cpp,reloc-derived;call-sites=2;identity=real
?insert_unique@?$_Rb_tree@$$CBV?$BitFlags@$0BB@@@U?$pair@$$CBV?$BitFlags@$0BB@@@PBVWeaponTemplateSet@@@_STL@@U?$_Select1st@U?$pair@$$CBV?$BitFlags@$0BB@@@PBVWeaponTemplateSet@@@_STL@@@3@UMapHelper@?$SparseMatchFinder@VWeaponTemplateSet@@V?$BitFlags@$0BB@@@@@V?$allocator@U?$pair@$$CBV?$BitFlags@$0BB@@@PBVWeaponTemplateSet@@@_STL@@@3@@_STL@@QAE?AU?$_Rb_tree_iterator@U?$pair@$$CBV?$BitFlags@$0BB@@@PBVWeaponTemplateSet@@@_STL@@U?$_Nonconst_traits@U?$pair@$$CBV?$BitFlags@$0BB@@@PBVWeaponTemplateSet@@@_STL@@@2@@2@U32@ABU?$pair@$$CBV?$BitFlags@$0BB@@@PBVWeaponTemplateSet@@@2@@Z,0x001429C0,629,Code/GameEngine/Source/Common/Thing/ThingTemplate.cpp,reloc-derived;call-sites=2;identity=real
??1Gen_dtor_00147e70@@UAE@XZ,0x00146BA0,842,Code/gen_small/dtors_001.cpp,reloc-derived;call-sites=1;identity=generated
??1Gen_dtor_0014ad90@@UAE@XZ,0x0014AC60,215,Code/gen_small/dtors_001.cpp,reloc-derived;call-sites=1;identity=generated
??1Gen_dtor_0014b800@@UAE@XZ,0x0014AE40,95,Code/gen_small/dtors_001.cpp,reloc-derived;call-sites=1;identity=generated
?findClosestRepulsor@AI@@QAEPAVObject@@PBV2@M@Z,0x0014B090,154,Code/GameEngine/Source/GameLogic/AI/AIMoveAwayFromRepulsorsState_onEnter_Thunk.cpp,reloc-derived;call-sites=1;identity=real
??1Gen_dtor_0014c600@@UAE@XZ,0x0014C3B0,162,Code/gen_small/dtors_001.cpp,reloc-derived;call-sites=1;identity=generated
??$_M_insert_dispatch@U?$_List_iterator@UGen_t_0014c770_m12cd@@U?$_Const_traits@UGen_t_0014c770_m12cd@@@_STL@@@_STL@@@?$list@UGen_t_0014c770_m12cd@@V?$allocator@UGen_t_0014c770_m12cd@@@_STL@@@_STL@@QAEXU?$_List_iterator@UGen_t_0014c770_m12cd@@U?$_Nonconst_traits@UGen_t_0014c770_m12cd@@@_STL@@@1@U?$_List_iterator@UGen_t_0014c770_m12cd@@U?$_Const_traits@UGen_t_0014c770_m12cd@@@_STL@@@1@1ABU__false_type@1@@Z,0x0014C5A0,75,Code/gen_small/fam_009.cpp,reloc-derived;call-sites=1;identity=generated
??1Gen_dtor_0014e100@@UAE@XZ,0x0014C850,111,Code/gen_small/dtors_001.cpp,reloc-derived;call-sites=1;identity=generated
?bfmeCallENJ@@YAXPAX0@Z,0x0014CA60,709,Code/GameEngine/Source/Common/BfmeConv880.cpp,reloc-derived;call-sites=1;identity=real
?newOverride@AIParseDefinitionAIShim@@QAEXXZ,0x0014E2B0,571,Code/GameEngine/Source/GameLogic/AI/ai.cpp,reloc-derived;call-sites=1;identity=real
??$__uninitialized_copy@PBUGen_t_00152530_p12pod@@PAU1@@_STL@@YAPAUGen_t_00152530_p12pod@@PBU1@0PAU1@ABU__false_type@0@@Z,0x00150420,45,Code/gen_small/tgrid_105.cpp,reloc-derived;call-sites=1;identity=generated
?bfmePrep986C@BfmeC986@@QAEXXZ,0x00150A10,73,Code/GameEngine/Source/Common/BfmeConv986.cpp,reloc-derived;call-sites=1;identity=real
??0AIGroup@@QAE@XZ,0x00151BF0,197,Code/GameEngine/Source/GameLogic/AI/AI_createGroup.cpp,reloc-derived;call-sites=1;identity=real
??1Gen_dtor_00152690@@UAE@XZ,0x00151D10,246,Code/gen_small/dtors_001.cpp,reloc-derived;call-sites=1;identity=generated
?bfmeCall922F@BfmeTail922F@@QAEXPAXH@Z,0x00154430,222,Code/GameEngine/Source/Common/BfmeConv922.cpp,reloc-derived;call-sites=1;identity=real
?aiGuardPosition@Open2Commands156900@@QAEXPBUCoord3D@@W4GuardMode@@W4CommandSourceType@@@Z,0x00154780,214,Code/GameEngine/Source/Common/Open2Twins001.cpp,reloc-derived;call-sites=1;identity=real
?bfmeUpdDTI@BfmeThingDTI@@QAEXXZ,0x00154B80,276,Code/GameEngine/Source/Common/BfmeConv779.cpp,reloc-derived;call-sites=1;identity=real
?bfmeReady986C@BfmeC986@@QAEDXZ,0x001553C0,158,Code/GameEngine/Source/Common/BfmeConv986.cpp,reloc-derived;call-sites=1;identity=real
?groupAttackObjectPrivate@AIGroup@@AAEX_NPAVObject@@HW4CommandSourceType@@@Z,0x00155DA0,568,Code/GameEngine/Source/GameLogic/ScriptEngine/ScriptActions.cpp,reloc-derived;call-sites=4;identity=real
?groupEnter@AIGroup@@QAEXPAVObject@@W4CommandSourceType@@@Z,0x00156440,229,Code/GameEngine/Source/GameLogic/ScriptEngine/ScriptActions.cpp,reloc-derived;call-sites=1;identity=real
?bfmeSend986C@BfmeC986@@QAEXHHHHH@Z,0x00157BE0,2920,Code/GameEngine/Source/Common/BfmeConv986.cpp,reloc-derived;call-sites=1;identity=real
?bfmeAccept@Gen_002BBD40@@AAEXPAVBfmeSeedTarget@@@Z,0x0015C0C0,325,Code/GameEngine/Source/Common/S3SeedPairsForms.cpp,reloc-derived;call-sites=1;identity=generated
?lookForInnerTarget@AIGuardMachine@@QAE_NXZ,0x0015D530,2514,Code/GameEngine/Source/GameLogic/AI/AIGuard.cpp,reloc-derived;call-sites=1;identity=real
?bfmeAccept@Gen_00168910@@AAEXPAVBfmeSeedTarget@@@Z,0x00161550,1031,Code/GameEngine/Source/Common/S3SeedPairsGuarded.cpp,reloc-derived;call-sites=1;identity=generated
?isLocationSafe@AIPlayer@@QAE_NPBUCoord3D@@PBVThingTemplate@@@Z,0x00163030,388,Code/GameEngine/Source/GameLogic/AI/AIPlayer.cpp,reloc-derived;call-sites=2;identity=real
?getPlayerStructureBounds@AIPlayer@@SAXPAURegion2D@@H@Z,0x00163C70,537,Code/GameEngine/Source/GameLogic/AI/AIPlayer_guardSupplyCenter_Thunk.cpp,reloc-derived;call-sites=1;identity=real
?isSupplySourceAttacked@AIPlayer@@QAE_NXZ,0x00163F10,421,Code/GameEngine/Source/GameLogic/AI/AIPlayer_guardSupplyCenter_Thunk.cpp,reloc-derived;call-sites=1;identity=real
?findSupplyCenter@AIPlayer@@IAEPAVObject@@H@Z,0x00164C10,883,Code/GameEngine/Source/GameLogic/AI/AIPlayer.cpp,reloc-derived;call-sites=2;identity=real
?bfmeUpdateCHE@BfmeThingCHE@@QAEXXZ,0x00168ED0,716,Code/GameEngine/Source/Common/BfmeConv603.cpp,reloc-derived;call-sites=1;identity=real
?bfmeTest932E@BfmeThing932E@@QAEHXZ,0x0016F340,238,Code/GameEngine/Source/Common/BfmeConv932.cpp,reloc-derived;call-sites=1;identity=real
?bfmeCopyOneCDF@BfmePartCDF@@QAEXPAU1@@Z,0x00170200,261,Code/GameEngine/Source/Common/BfmeConv584.cpp,reloc-derived;call-sites=1;identity=real
?bfmeCopyTwoCDF@BfmePartCDF@@QAEXPAU1@@Z,0x00170CD0,250,Code/GameEngine/Source/Common/BfmeConv584.cpp,reloc-derived;call-sites=1;identity=real
?outOfWeaponRangeObject@@YA_NPAVState@@PAX@Z,0x00171E70,275,Code/GameEngine/Source/GameLogic/AI/AIStates.cpp,reloc-derived;call-sites=1;identity=real
?update@AIInternalMoveToState@@UAE?AW4StateReturnType@@XZ,0x00172E70,1166,Code/GameEngine/Source/GameLogic/AI/AIStates.cpp,reloc-derived;call-sites=2;identity=real
?handle@Gen00039BD5@@QAEXH@Z,0x0017BA90,897,Code/GameEngine/Source/Common/TinyIndexedForwarders.cpp,reloc-derived;call-sites=1;identity=generated
??1Gen_dtor_001840e0@@UAE@XZ,0x0017CA40,126,Code/gen_small/dtors_001.cpp,reloc-derived;call-sites=1;identity=generated
??0Rva000250BDStateBase@@QAE@PAXVAsciiString@@@Z,0x0017FC60,127,Code/GameEngine/Source/Common/StateSelfNamingCtorsWithFields.cpp,reloc-derived;call-sites=1;identity=generated
??1Gen_dtor_00187240@@UAE@XZ,0x00181DF0,163,Code/gen_small/dtors_001.cpp,reloc-derived;call-sites=1;identity=generated
??0AICommandParms@@QAE@W4AICommandType@@W4CommandSourceType@@@Z,0x00185910,211,Code/GameEngine/Source/GameLogic/AI/AICommandInterface_aiAttackArea.cpp,reloc-derived;call-sites=27;identity=real
?bfmeAccept@BfmeSubAccept_00002DEC@@QAEXPAVBfmeSeedTarget@@@Z,0x00187860,805,Code/GameEngine/Source/Common/S3VersionBlocks.cpp,reloc-derived;call-sites=2;identity=real
?removeObject@Squad@@QAEXPAVObject@@@Z,0x0018B620,62,Code/GameEngine/Source/Common/RTS/Player.cpp,reloc-derived;call-sites=1;identity=real
?applyAlternate@Rva001705A0Inner@@QAEXH_N@Z,0x0018B8B0,74,Code/GameEngine/Source/Common/Rva001705A0LazyObject.cpp,reloc-derived;call-sites=1;identity=generated
?bfmeResume@Gen_0018BC70@@AAEXXZ,0x0018B9F0,220,Code/GameEngine/Source/Common/Bfme5CompactAlive.cpp,reloc-derived;call-sites=1;identity=generated
?bfmeRestart@Gen_0018BC70@@AAEXXZ,0x0018BB10,282,Code/GameEngine/Source/Common/Bfme5CompactAlive.cpp,reloc-derived;call-sites=1;identity=generated
?apply@Rva001705A0Inner@@QAEXH_N@Z,0x0018BCF0,176,Code/GameEngine/Source/Common/Rva001705A0LazyObject.cpp,reloc-derived;call-sites=1;identity=generated
?setTurretTargetPosition@TurretAI@@QAEXPBUCoord3D@@@Z,0x0018D260,241,Code/GameEngine/Source/GameLogic/Object/Update/AIUpdate.cpp,reloc-derived;call-sites=1;identity=real
??1Gen_dtor_0018d860@@UAE@XZ,0x0018D600,135,Code/gen_small/dtors_001.cpp,reloc-derived;call-sites=1;identity=generated
?pointInTrigger@PolygonTrigger@@QBE_NAAUICoord3D@@@Z,0x0018F8A0,307,Code/GameEngine/Source/GameLogic/AI/PathfindLayer_bfmeContainsPoint.cpp,reloc-derived;call-sites=3;identity=real
??1Gen_dtor_00191380@@UAE@XZ,0x00190490,167,Code/gen_small/dtors_001.cpp,reloc-derived;call-sites=1;identity=generated
??1Gen_dtor_00192770@@UAE@XZ,0x00191640,134,Code/gen_small/dtors_001.cpp,reloc-derived;call-sites=1;identity=generated
??0?$pair@$$CBUGen_t_00195060_k4@@UGen_t_00195060_p12cd@@@_STL@@QAE@ABU01@@Z,0x00193D50,294,Code/gen_small/tgrid_105.cpp,reloc-derived;call-sites=1;identity=generated
??0BuildListInfo@@QAE@XZ,0x00194210,212,Code/GameEngine/Source/GameLogic/Map/SidesList.cpp,reloc-derived;call-sites=2;identity=real
??0?$pair@$$CBUGen_t_00195b60_k4@@UGen_t_00195b60_p12cd@@@_STL@@QAE@ABU01@@Z,0x001953B0,85,Code/gen_small/tgrid_106.cpp,reloc-derived;call-sites=1;identity=generated
??1Mem00197C60@@QAE@XZ,0x00197C60,150,Code/GameEngine/Source/Common/BigPairMemberDtors.cpp,reloc-derived;call-sites=1;identity=real
?_M_insert_overflow@?$vector@URva001999C0Element@@V?$allocator@URva001999C0Element@@@_STL@@@_STL@@IAEXPAURva001999C0Element@@ABU3@ABU__false_type@2@I_N@Z,0x00197D30,289,Code/Libraries/Source/WWVegas/WWLib/RvaVectorPushBack.cpp,reloc-derived;call-sites=1;identity=real
?_M_insert_overflow@?$vector@UGen_t_0019a890_p16cd@@V?$allocator@UGen_t_0019a890_p16cd@@@_STL@@@_STL@@IAEXPAUGen_t_0019a890_p16cd@@ABU3@ABU__false_type@2@I_N@Z,0x00199B20,267,Code/gen_small/tgrid_106.cpp,reloc-derived;call-sites=1;identity=generated
?equal_range@?$hashtable@U?$pair@$$CBHUGen_t_0019a850_m12pod@@@_STL@@HU?$hash@H@2@U?$_Select1st@U?$pair@$$CBHUGen_t_0019a850_m12pod@@@_STL@@@2@U?$equal_to@H@2@V?$allocator@U?$pair@$$CBHUGen_t_0019a850_m12pod@@@_STL@@@2@@_STL@@QAE?AU?$pair@U?$_Ht_iterator@U?$pair@$$CBHUGen_t_0019a850_m12pod@@@_STL@@U?$_Nonconst_traits@U?$pair@$$CBHUGen_t_0019a850_m12pod@@@_STL@@@2@HU?$hash@H@2@U?$_Select1st@U?$pair@$$CBHUGen_t_0019a850_m12pod@@@_STL@@@2@U?$equal_to@H@2@V?$allocator@U?$pair@$$CBHUGen_t_0019a850_m12pod@@@_STL@@@2@@_STL@@U12@@2@ABH@Z,0x00199EC0,505,Code/gen_small/fam_009.cpp,reloc-derived;call-sites=1;identity=generated
?bfmeInitCMC@BfmeItemCMC@@QAEXPAX@Z,0x0019A260,88,Code/GameEngine/Source/Common/BfmeConv622.cpp,reloc-derived;call-sites=1;identity=real
?insert_unique@?$_Rb_tree@URva0019BC70Key@@U?$pair@$$CBURva0019BC70Key@@URva0019BC70Value@@@_STL@@U?$_Select1st@U?$pair@$$CBURva0019BC70Key@@URva0019BC70Value@@@_STL@@@3@U?$less@URva0019BC70Key@@@3@V?$allocator@U?$pair@$$CBURva0019BC70Key@@URva0019BC70Value@@@_STL@@@3@@_STL@@QAE?AU?$_Rb_tree_iterator@U?$pair@$$CBURva0019BC70Key@@URva0019BC70Value@@@_STL@@U?$_Nonconst_traits@U?$pair@$$CBURva0019BC70Key@@URva0019BC70Value@@@_STL@@@2@@2@U32@ABU?$pair@$$CBURva0019BC70Key@@URva0019BC70Value@@@2@@Z,0x0019AA50,629,Code/GameEngine/Source/Common/Rva0019BC70MapInsertBody.cpp,reloc-derived;call-sites=1;identity=generated
?bfmeOneEEA@BfmeThingEEA@@QAEXXZ,0x0019B4C0,296,Code/GameEngine/Source/Common/BfmeConv807.cpp,reloc-derived;call-sites=2;identity=real
?bfmeTwoBVB@BfmeSubBVB@@QAEXPAV1@@Z,0x0019DA80,103,Code/GameEngine/Source/Common/BfmeConv537.cpp,reloc-derived;call-sites=1;identity=real
?_M_insert_overflow@?$vector@UGen_t_0019e270_p12cd@@V?$allocator@UGen_t_0019e270_p12cd@@@_STL@@@_STL@@IAEXPAUGen_t_0019e270_p12cd@@ABU3@ABU__false_type@2@I_N@Z,0x0019E030,281,Code/gen_small/tgrid_106.cpp,reloc-derived;call-sites=1;identity=generated
?isCellOnEnd@Bridge@@QAE_NPBURegion2D@@@Z,0x001A24B0,431,Code/GameEngine/Source/GameLogic/Map/TerrainLogic.cpp,reloc-derived;call-sites=1;identity=real
?bfmeCallCME@BfmeThingCME@@QAEXPAXMPAUBfmeTempCME@@HH@Z,0x001A4630,777,Code/GameEngine/Source/Common/BfmeConv624.cpp,reloc-derived;call-sites=1;identity=real
?isPointOnBridge@Bridge@@QAE_NPBUCoord3D@@@Z,0x001A5F40,344,Code/GameEngine/Source/Common/Bfme5NodeMakers.cpp,reloc-derived;call-sites=4;identity=real
??1Gen_dtor_001a87f0@@UAE@XZ,0x001A7350,101,Code/gen_small/dtors_002.cpp,reloc-derived;call-sites=1;identity=generated
?getBridgeHeight@Bridge@@QAEMPBUCoord3D@@PAU2@@Z,0x001A7520,664,Code/GameEngine/Source/GameLogic/Map/TerrainLogic.cpp,reloc-derived;call-sites=1;identity=real
?getLayerForDestination@TerrainLogic@@QAE?AW4PathfindLayerEnum@@PAVObject@@PBUCoord3D@@@Z,0x001A7C20,245,Code/GameEngine/Source/Common/Pathfinder_moveAlliesAwayFromDestination_Thunk.cpp,reloc-derived;call-sites=4;identity=real
??0BfmeBridgeNode@@QAE@PAVObject@@@Z,0x001A9CE0,1412,Code/GameEngine/Source/GameLogic/Map/TerrainLogic.cpp,reloc-derived;call-sites=1;identity=real
??1Gen_dtor_001ac1b0@@UAE@XZ,0x001ABA80,235,Code/gen_small/dtors_002.cpp,reloc-derived;call-sites=1;identity=generated
?_M_insert_overflow@?$vector@UGen_t_001acec0_p48cd@@V?$allocator@UGen_t_001acec0_p48cd@@@_STL@@@_STL@@IAEXPAUGen_t_001acec0_p48cd@@ABU3@ABU__false_type@2@I_N@Z,0x001ACA90,337,Code/gen_small/tgrid_124.cpp,reloc-derived;call-sites=1;identity=generated
?reset@TerrainLogic@@UAEXXZ,0x001ACF90,183,Code/GameEngineDevice/Source/W3DDevice/GameLogic/W3DTerrainLogic_initReset_Thunk.cpp,reloc-derived;call-sites=1;identity=real
?xferTerrainState@BfmeTerrainStateXfer@@QAEXPAVXfer@@@Z,0x001AD370,1501,Code/GameEngine/Source/GameLogic/Map/TerrainLogic.cpp,reloc-derived;call-sites=1;identity=real
??0TerrainLogicBase@@QAE@XZ,0x001ADB80,305,Code/GameEngine/Source/GameLogic/Map/TerrainLogicCtorThunk.cpp,reloc-derived;call-sites=1;identity=real
?bfmeUse1059@BfmeA1059@@QAEXH@Z,0x001AE190,58,Code/GameEngine/Source/Common/BfmeConv1059.cpp,reloc-derived;call-sites=1;identity=real
?bfmeUse1035@BfmeT1035@@QAEXPAVBfmeX1035@@H@Z,0x001AE1E0,550,Code/GameEngine/Source/Common/BfmeConv1035.cpp,reloc-derived;call-sites=1;identity=real
??1Gen_dtor_001b0980@@UAE@XZ,0x001B0820,98,Code/gen_small/dtors_002.cpp,reloc-derived;call-sites=1;identity=generated
??1Gen_dtor_001b2660@@UAE@XZ,0x001B22F0,98,Code/gen_small/dtors_002.cpp,reloc-derived;call-sites=1;identity=generated
?apply@BfmeSub210_4B0@@QAEXMH@Z,0x001B26D0,137,Code/GameEngine/Source/Common/BfmeConv829.cpp,reloc-derived;call-sites=1;identity=real
?bfmeDoBHE@BfmeSubBHE@@QAEXXZ,0x001B27E0,23,Code/GameEngine/Source/Common/BfmeConv464.cpp,reloc-derived;call-sites=1;identity=real
??1Gen_dtor_001b3020@@UAE@XZ,0x001B2B10,25,Code/gen_small/dtors_002.cpp,reloc-derived;call-sites=1;identity=generated
??1Gen_dtor_001b31d0@@UAE@XZ,0x001B2C70,130,Code/gen_small/dtors_002.cpp,reloc-derived;call-sites=1;identity=generated
??1Gen_dtor_001b3ef0@@UAE@XZ,0x001B3E60,107,Code/gen_small/dtors_002.cpp,reloc-derived;call-sites=1;identity=generated
?getPreferredHeight@Locomotor@@QBEMXZ,0x001B46A0,4,Code/GameEngine/Source/GameLogic/Object/Object_bfmeHasSignificantPreferredLocomotorHeight.cpp,reloc-derived;call-sites=2;identity=real
??0BfmeLocomotorTemplateStorage@@QAE@XZ,0x001B52C0,41,Code/GameEngine/Source/GameLogic/Object/Locomotor.cpp,reloc-derived;call-sites=1;identity=real
??1Gen_dtor_001b60b0@@UAE@XZ,0x001B5550,101,Code/gen_small/dtors_002.cpp,reloc-derived;call-sites=1;identity=generated
??1Gen_dtor_001b7e00@@UAE@XZ,0x001B6F20,209,Code/gen_small/dtors_002.cpp,reloc-derived;call-sites=1;identity=generated
?query@BfmeSub1CC_EC3@@QAEMPAX@Z,0x001B7E90,297,Code/GameEngine/Source/Common/BfmeConv818.cpp,reloc-derived;call-sites=1;identity=real
?bfmeStep1054@BfmeC1054@@QAEXPAVBfmeD1054@@HH@Z,0x001B9C50,135,Code/GameEngine/Source/Common/BfmeConv1054.cpp,reloc-derived;call-sites=1;identity=real
?bfmeFinishANB@BfmeThingANB@@QAEXPAVBfmeSinkANB@@PAX@Z,0x001BD0D0,240,Code/GameEngine/Source/Common/BfmeConv412.cpp,reloc-derived;call-sites=1;identity=real
?bfmeRemove@BfmeManagerEntryP@@QAEXPAVBfmeOwnedP@@@Z,0x001BE920,71,Code/GameEngine/Source/Common/Bfme5ManagerRemove.cpp,reloc-derived;call-sites=1;identity=real
?bfmeAdd1040@BfmeH1040@@QAEXPAX@Z,0x001C1E30,84,Code/GameEngine/Source/Common/BfmeConv1040.cpp,reloc-derived;call-sites=1;identity=real
??9ModelConditionFlags@@QBE_NABV0@@Z,0x001C2870,59,Code/GameEngine/Source/GameLogic/Object/Object_replaceModelConditionFlags.cpp,reloc-derived;call-sites=1;identity=real
??9?$BitFlags@$0FG@@@QBE_NABV0@@Z,0x001C2920,59,Code/GameEngine/Source/GameLogic/Object/Object_setStatus_Thunk.cpp,reloc-derived;call-sites=1;identity=real
?updateUpgradeModules@Object@@QAEXXZ,0x001C5800,349,Code/GameEngine/Source/GameLogic/Object/ObjectFields.cpp,reloc-derived;call-sites=2;identity=real
?insert@?$vector@UGen_t_001b6e60_p40pod@@V?$allocator@UGen_t_001b6e60_p40pod@@@_STL@@@_STL@@QAEPAUGen_t_001b6e60_p40pod@@PAU3@ABU3@@Z,0x001C7720,104,Code/gen_small/tgrid_124.cpp,reloc-derived;call-sites=1;identity=generated
?checkState@BfmeSubHelperCAB@@QAEHPAX00@Z,0x001C77B0,331,Code/GameEngine/Source/Common/BfmeConv815.cpp,reloc-derived;call-sites=1;identity=real
?action4@BfmeObjE61@@QAEXPAX000@Z,0x001C7CF0,289,Code/GameEngine/Source/Common/BfmeConv830.cpp,reloc-derived;call-sites=1;identity=real
?setDisabledUntil@Object@@QAEXW4DisabledType@@I@Z,0x001C81C0,509,Code/GameEngine/Source/GameLogic/Object/Object.cpp,reloc-derived;call-sites=5;identity=real
?bfmeSendRM@BfmeSinkRM@@QAEXPAXH@Z,0x001C8B20,152,Code/GameEngine/Source/Common/BfmeThreeHundredSeventeen.cpp,reloc-derived;call-sites=1;identity=real
?bfmeFinish1010B@BfmeThing1010@@QAEXH@Z,0x001C96B0,411,Code/GameEngine/Source/Common/BfmeConv1010.cpp,reloc-derived;call-sites=1;identity=real
?ready@Rva00412010Inner@@QAE_NXZ,0x001C9980,109,Code/GameEngine/Source/Common/Rva00412010Test.cpp,reloc-derived;call-sites=1;identity=generated
?adjustModelConditionForWeaponStatus@Object@@QAEXXZ,0x001CA0F0,390,Code/GameEngine/Source/GameLogic/AI/AIStates.cpp,reloc-derived;call-sites=2;identity=real
?bfmeAskBIC@BfmeSubBIC@@QAEHXZ,0x001CABE0,376,Code/GameEngine/Source/Common/BfmeConv470.cpp,reloc-derived;call-sites=1;identity=real
?bfmeOneBTC@BfmeThingBTC@@QAEXPAX@Z,0x001CBAE0,247,Code/GameEngine/Source/Common/BfmeConv528.cpp,reloc-derived;call-sites=1;identity=real
?bfmeDeleteSelf@BfmeOwnedD@@QAEPAXI@Z,0x001CBDC0,916,Code/GameEngine/Source/Common/Bfme5SelfRangeClears.cpp,reloc-derived;call-sites=1;identity=real
?unidentified_0002181E@Object@@QAEXABVModelConditionFlags@@H@Z,0x001CD540,294,Code/GameEngine/Source/Common/AIPanicState_onExit_Thunk.cpp,reloc-derived;call-sites=1;identity=real
?bfmeCallFCB@BfmeSubFCB@@QAEXPAXH@Z,0x001CD6B0,585,Code/GameEngine/Source/Common/BfmeConv892.cpp,reloc-derived;call-sites=1;identity=real
?bfmeOne941F@BfmeThing941F@@QAEXXZ,0x001CE640,106,Code/GameEngine/Source/Common/BfmeConv941.cpp,reloc-derived;call-sites=1;identity=real
?bfmeUpdFBA@BfmeThingFBA@@QAEXPAX@Z,0x001CF710,384,Code/GameEngine/Source/Common/BfmeConv891.cpp,reloc-derived;call-sites=1;identity=real
?setPosition@StructureCollapseRetailObject@@QAEXABVStructureCollapsePosition@@_N@Z,0x001D0520,190,Code/GameEngine/Source/GameLogic/Object/Update/StructureCollapseUpdate.cpp,reloc-derived;call-sites=1;identity=real
?doCommandButtonAtObject@Object@@QAEXPBVCommandButton@@PAV1@W4CommandSourceType@@_N@Z,0x001D1D10,479,Code/GameEngine/Source/GameLogic/AI/AIGroup_groupDoCommandButtonAtObject.cpp,reloc-derived;call-sites=1;identity=real
?_M_insert_overflow@?$vector@URva001D28F0Element@@V?$allocator@URva001D28F0Element@@@_STL@@@_STL@@IAEXPAURva001D28F0Element@@ABU3@ABU__false_type@2@I_N@Z,0x001D25F0,335,Code/Libraries/Source/WWVegas/WWLib/RvaVectorPushBack.cpp,reloc-derived;call-sites=1;identity=real
??1Gen_dtor_001d5cf0@@UAE@XZ,0x001D4010,1049,Code/gen_small/dtors_002.cpp,reloc-derived;call-sites=1;identity=generated
??0?$pair@$$CBUGen_t_001d7000_k4@@UGen_t_001d7000_p12cd@@@_STL@@QAE@ABU01@@Z,0x001D6B80,98,Code/gen_small/tgrid_107.cpp,reloc-derived;call-sites=1;identity=generated
??1Gen_dtor_001d6d50@@UAE@XZ,0x001D6D80,95,Code/gen_small/dtors_002.cpp,reloc-derived;call-sites=1;identity=generated
??0?$pair@$$CBUGen_t_001d7910_k4@@UGen_t_001d7910_p12cd@@@_STL@@QAE@ABU01@@Z,0x001D7720,90,Code/gen_small/tgrid_107.cpp,reloc-derived;call-sites=1;identity=generated
??1GenericObjectCreationNuggetAnimSets@@QAE@XZ,0x001D79C0,210,Code/GameEngine/Source/Common/GenericObjectCreationNuggetDestructorThunk.cpp,reloc-derived;call-sites=1;identity=real
??0GenericObjectCreationNugget@@QAE@XZ,0x001D7D70,424,Code/GameEngine/Source/Common/GenericObjectCreationNugget_parseDebrisMethodThunk.cpp,reloc-derived;call-sites=1;identity=real
?_M_insert_overflow@?$vector@UGen_t_001da8b0_p12cd@@V?$allocator@UGen_t_001da8b0_p12cd@@@_STL@@@_STL@@IAEXPAUGen_t_001da8b0_p12cd@@ABU3@ABU__false_type@2@I_N@Z,0x001D8410,281,Code/gen_small/tgrid_107.cpp,reloc-derived;call-sites=1;identity=generated
??A?$map@W4NameKeyType@@VObjectCreationList@@U?$less@W4NameKeyType@@@_STL@@V?$allocator@U?$pair@$$CBW4NameKeyType@@VObjectCreationList@@@_STL@@@4@@_STL@@QAEAAVObjectCreationList@@ABW4NameKeyType@@@Z,0x001DAF40,214,Code/GameEngine/Source/GameLogic/Object/ObjectCreationList.cpp,reloc-derived;call-sites=1;identity=real
??1Gen_dtor_001bde70@@UAE@XZ,0x001DB3E0,50,Code/gen_small/dtors_002.cpp,reloc-derived;call-sites=1;identity=generated
?_M_fill_insert@?$vector@HV?$allocator@H@_STL@@@_STL@@QAEXPAHIABH@Z,0x001DBAB0,282,Code/GameEngine/Source/GameLogic/Object/IntVectorResizeThunk.cpp,reloc-derived;call-sites=2;identity=real
??1Gen_dtor_001e02f0@@UAE@XZ,0x001DFF40,101,Code/gen_small/dtors_002.cpp,reloc-derived;call-sites=1;identity=generated
?getAttackRange@BfmeRangedWeaponTemplate@@QBEMPBVObject@@ABVWeaponBonus@@PBUCoord3D@@@Z,0x001E2730,89,Code/GameEngine/Source/GameLogic/Object/Weapon.cpp,reloc-derived;call-sites=1;identity=real
?bfmeCallEFC@@YGXPAUBfmeAEFC@@M@Z,0x001E2A70,99,Code/GameEngine/Source/Common/BfmeConv808.cpp,reloc-derived;call-sites=2;identity=real
??$__copy_ptrs@PBUGen_t_001e7330_p8pod@@PAU1@@_STL@@YAPAUGen_t_001e7330_p8pod@@PBU1@0PAU1@ABU__false_type@0@@Z,0x001E3DA0,46,Code/gen_small/tgrid_107.cpp,reloc-derived;call-sites=2;identity=generated
?getRemainingAmmo@BfmeAmmoPipWeapon@@QBEI_N@Z,0x001E5660,111,Code/GameEngine/Source/GameLogic/Object/Object.cpp,reloc-derived;call-sites=1;identity=real
?bfmeDoBVC@BfmeSubBVC@@QAEXPAX000@Z,0x001E65C0,444,Code/GameEngine/Source/Common/BfmeConv538.cpp,reloc-derived;call-sites=1;identity=real
??1Gen_dtor_001e7f20@@UAE@XZ,0x001E67F0,209,Code/gen_small/dtors_002.cpp,reloc-derived;call-sites=1;identity=generated
??1Gen_dtor_001e9350@@UAE@XZ,0x001E7940,594,Code/gen_small/dtors_002.cpp,reloc-derived;call-sites=1;identity=generated
?bfmeRunCLE@BfmeXCLE@@QAE_NPAVBfmeSubCLE@@PAXH@Z,0x001E8930,46,Code/GameEngine/Source/Common/BfmeConv620.cpp,reloc-derived;call-sites=1;identity=real
?_M_insert_overflow@?$vector@UGen_t_001ea7a0_p12cd@@V?$allocator@UGen_t_001ea7a0_p12cd@@@_STL@@@_STL@@IAEXPAUGen_t_001ea7a0_p12cd@@ABU3@ABU__false_type@2@I_N@Z,0x001E91A0,334,Code/gen_small/tgrid_107.cpp,reloc-derived;call-sites=1;identity=generated
?bfmeCall916D@BfmeTail916D@@QAEXPAX@Z,0x001EBB40,99,Code/GameEngine/Source/Common/BfmeConv916.cpp,reloc-derived;call-sites=1;identity=real
?getAbleToAttackSpecificObject@WeaponSet@@QBE?AW4CanAttackResult@@W4AbleToAttackType@@PBVObject@@1W4CommandSourceType@@W4WeaponSlotType@@@Z,0x001EBEB0,1065,Code/GameEngine/Source/GameLogic/Object/Object.cpp,reloc-derived;call-sites=1;identity=real
?chooseBestWeaponForTarget@WeaponSet@@QAE_NPBVObject@@0W4WeaponChoiceCriteria@@W4CommandSourceType@@@Z,0x001EC3F0,1002,Code/GameEngine/Source/GameLogic/Object/Object.cpp,reloc-derived;call-sites=1;identity=real
??1Gen_dtor_001ed090@@UAE@XZ,0x001ECEB0,25,Code/gen_small/dtors_002.cpp,reloc-derived;call-sites=1;identity=generated
?bfmeCastEVB@@YAPAUBfmeObjEVB@@PAX@Z,0x001F66D0,78,Code/GameEngine/Source/Common/BfmeConv886.cpp,reloc-derived;call-sites=3;identity=real
??1Gen_dtor_001f68d0@@UAE@XZ,0x001F6740,25,Code/gen_small/dtors_002.cpp,reloc-derived;call-sites=1;identity=generated
??1Gen_dtor_001f6d10@@UAE@XZ,0x001F6D40,90,Code/gen_small/dtors_002.cpp,reloc-derived;call-sites=1;identity=generated
??1Gen_dtor_001f7fb0@@UAE@XZ,0x001F7DD0,25,Code/gen_small/dtors_002.cpp,reloc-derived;call-sites=1;identity=generated
??1Gen_dtor_001f8a70@@UAE@XZ,0x001F8340,32,Code/gen_small/dtors_002.cpp,reloc-derived;call-sites=1;identity=generated
??0?$pair@$$CBUGen_t_001f95d0_k4@@UGen_t_001f95d0_p12cd@@@_STL@@QAE@ABU01@@Z,0x001F9520,76,Code/gen_small/tgrid_107.cpp,reloc-derived;call-sites=1;identity=generated
?_M_insert_overflow@?$vector@UGen_t_001fa030_p8pod@@V?$allocator@UGen_t_001fa030_p8pod@@@_STL@@@_STL@@IAEXPAUGen_t_001fa030_p8pod@@ABU3@ABU__false_type@2@I_N@Z,0x001F9E80,302,Code/gen_small/tgrid_133.cpp,reloc-derived;call-sites=1;identity=generated
??1CritterEmitterUpdateModuleDataUnknownB4@@QAE@XZ,0x001FA220,203,Code/GameEngine/Source/Common/CritterEmitterUpdateModuleDataDestructorThunk.cpp,reloc-derived;call-sites=1;identity=real
?_M_insert_overflow@?$vector@UGen_t_001fa830_p12cd@@V?$allocator@UGen_t_001fa830_p12cd@@@_STL@@@_STL@@IAEXPAUGen_t_001fa830_p12cd@@ABU3@ABU__false_type@2@I_N@Z,0x001FA5B0,281,Code/gen_small/tgrid_107.cpp,reloc-derived;call-sites=1;identity=generated
??1Gen_dtor_001fad50@@UAE@XZ,0x001FAD80,25,Code/gen_small/dtors_002.cpp,reloc-derived;call-sites=1;identity=generated
??1Gen_dtor_001fc680@@UAE@XZ,0x001FC330,56,Code/gen_small/dtors_002.cpp,reloc-derived;call-sites=1;identity=generated
??1Gen_dtor_001ff190@@UAE@XZ,0x001FEB50,178,Code/gen_small/dtors_002.cpp,reloc-derived;call-sites=1;identity=generated
??1Gen_dtor_00200350@@UAE@XZ,0x00200160,25,Code/gen_small/dtors_002.cpp,reloc-derived;call-sites=1;identity=generated
??1InstantDeathBehaviorModuleDataAllocator@@QAE@XZ,0x00201590,143,Code/GameEngine/Source/Common/InstantDeathBehaviorModuleDataDestructorThunk.cpp,reloc-derived;call-sites=1;identity=real
??1Gen_dtor_00201cc0@@UAE@XZ,0x00201AE0,25,Code/gen_small/dtors_002.cpp,reloc-derived;call-sites=1;identity=generated
??1Gen_dtor_00203d80@@UAE@XZ,0x00203BC0,25,Code/gen_small/dtors_002.cpp,reloc-derived;call-sites=1;identity=generated
??1Gen_dtor_002046e0@@UAE@XZ,0x002043A0,32,Code/gen_small/dtors_002.cpp,reloc-derived;call-sites=1;identity=generated
?bfmeTwoCFD@BfmeOuterCFD@@QAEXXZ,0x00206460,220,Code/GameEngine/Source/Common/BfmeConv591.cpp,reloc-derived;call-sites=1;identity=real
??1Gen_dtor_0020cd70@@UAE@XZ,0x0020CC30,25,Code/gen_small/dtors_002.cpp,reloc-derived;call-sites=1;identity=generated
??1Gen_dtor_00210b70@@UAE@XZ,0x0020F8E0,178,Code/gen_small/dtors_002.cpp,reloc-derived;call-sites=1;identity=generated
?bfmeAfterFCB@BfmeOwnFCB@@QAEXXZ,0x00214F70,157,Code/GameEngine/Source/Common/BfmeConv892.cpp,reloc-derived;call-sites=1;identity=real
??1Gen_dtor_00216360@@UAE@XZ,0x002161B0,25,Code/gen_small/dtors_002.cpp,reloc-derived;call-sites=1;identity=generated
??1Gen_dtor_00216890@@UAE@XZ,0x00216760,25,Code/gen_small/dtors_002.cpp,reloc-derived;call-sites=1;identity=generated
??1Gen_dtor_00216c90@@UAE@XZ,0x00216AF0,25,Code/gen_small/dtors_002.cpp,reloc-derived;call-sites=1;identity=generated
??1Gen_dtor_002174d0@@UAE@XZ,0x00217320,25,Code/gen_small/dtors_002.cpp,reloc-derived;call-sites=1;identity=generated
??1Gen_dtor_00217700@@UAE@XZ,0x00217620,25,Code/gen_small/dtors_002.cpp,reloc-derived;call-sites=1;identity=generated
?bfmeAskCPC@@YG_NPAUBfmeThingCPC@@@Z,0x00217960,260,Code/GameEngine/Source/Common/BfmeConv630.cpp,reloc-derived;call-sites=1;identity=real
?handle@Gen0021CE60@@QAEXH@Z,0x0021CE60,214,Code/GameEngine/Source/Common/R1ForwardToStoredObject.cpp,reloc-derived;call-sites=1;identity=generated
?bfmeDoBDB@BfmeSubBDB@@QAEXPAXH@Z,0x0021D070,213,Code/GameEngine/Source/Common/BfmeConv443.cpp,reloc-derived;call-sites=1;identity=real
?bfmeAccept@Gen_00248BE0@@AAEXPAVBfmeSeedTarget@@@Z,0x0021DAA0,400,Code/GameEngine/Source/Common/S3VersionBlocks.cpp,reloc-derived;call-sites=1;identity=generated
?findClosestFreeGarrisonPointIndex@GarrisonContain@@IAEHHPBUCoord3D@@@Z,0x0021DDA0,653,Code/GameEngine/Source/GameLogic/Object/Contain/GarrisonContainTrackTargets.cpp,reloc-derived;call-sites=1;identity=real
?j_00040ce1@@YAXXZ,0x0021E3B0,232,Code/GameEngine/Source/Common/BfmeThingYCFinishBfmeLayout.cpp,reloc-derived;call-sites=1;identity=real
?bfmeAddCFE@BfmeSubCFE@@QAEXPAXH@Z,0x0021EFC0,179,Code/GameEngine/Source/Common/BfmeConv592.cpp,reloc-derived;call-sites=1;identity=real
?bfmeAddCQE@BfmeSubCQE@@QAEXPAVBfmeArgCQE@@@Z,0x0021F0A0,383,Code/GameEngine/Source/Common/BfmeConv637.cpp,reloc-derived;call-sites=1;identity=real
?step@BfmeFinishDispatcherAGA@@QAEXPAX0@Z,0x00226800,337,Code/GameEngine/Source/Common/BfmeThingAGAFinishBfmeLayout.cpp,reloc-derived;call-sites=1;identity=real
?bfmeAccept@Gen_0022A170@@AAEXPAVBfmeSeedTarget@@@Z,0x0022C2A0,559,Code/GameEngine/Source/Common/S3SeedPairsSweep.cpp,reloc-derived;call-sites=1;identity=generated
?bfmeSend1002@BfmeB1002@@QAEDPAUBfmeHold1002@@H@Z,0x0022DBA0,285,Code/GameEngine/Source/Common/BfmeConv1002.cpp,reloc-derived;call-sites=1;identity=real
?finish@Rva0022BDE0Obj@@QAEXPAVObject@@@Z,0x0022E340,987,Code/GameEngine/Source/Common/Rva0022BDE0Apply.cpp,reloc-derived;call-sites=1;identity=generated
??$__copy_backward@PAUGen_t_00234a50_p128pod@@PAU1@H@_STL@@YAPAUGen_t_00234a50_p128pod@@PAU1@00ABUrandom_access_iterator_tag@0@PAH@Z,0x00233B60,79,Code/gen_small/tgrid_133.cpp,reloc-derived;call-sites=1;identity=generated
??1Gen_dtor_00235d70@@UAE@XZ,0x00234D60,102,Code/gen_small/dtors_002.cpp,reloc-derived;call-sites=1;identity=generated
?bfmeRunFDB@BfmeThingFDB@@QAEXPAX@Z,0x0023BB90,567,Code/GameEngine/Source/Common/BfmeConv893.cpp,reloc-derived;call-sites=1;identity=real
?bfmeReleaseOld@Gen_0023E120@@QAEXXZ,0x0023DD00,64,Code/GameEngine/Source/Common/Bfme5VectorReserves.cpp,reloc-derived;call-sites=1;identity=generated
?_M_insert_overflow@?$vector@UGen_t_00244990_p16cd@@V?$allocator@UGen_t_00244990_p16cd@@@_STL@@@_STL@@IAEXPAUGen_t_00244990_p16cd@@ABU3@ABU__false_type@2@I_N@Z,0x00240070,305,Code/gen_small/tgrid_108.cpp,reloc-derived;call-sites=1;identity=generated
?_M_insert_overflow@?$vector@URva00244A80Element@@V?$allocator@URva00244A80Element@@@_STL@@@_STL@@IAEXPAURva00244A80Element@@ABU3@ABU__false_type@2@I_N@Z,0x00240230,335,Code/Libraries/Source/WWVegas/WWLib/RvaVectorPushBack.cpp,reloc-derived;call-sites=1;identity=real
??1Gen_dtor_00240880@@UAE@XZ,0x00240590,162,Code/gen_small/dtors_002.cpp,reloc-derived;call-sites=1;identity=generated
?handle@Gen002475A0@@QAEXPAVFlagPairTarget@@@Z,0x002475A0,1807,Code/GameEngine/Source/Common/FlagPairThenDirectCallers.cpp,reloc-derived;call-sites=1;identity=generated
?bfmeCall940A@@YGHPAX@Z,0x002493A0,236,Code/GameEngine/Source/Common/BfmeConv940.cpp,reloc-derived;call-sites=1;identity=real
??1Gen_dtor_0024ea90@@UAE@XZ,0x0024E8E0,141,Code/gen_small/dtors_002.cpp,reloc-derived;call-sites=1;identity=generated
??1Gen_dtor_00250710@@UAE@XZ,0x00250640,25,Code/gen_small/dtors_003.cpp,reloc-derived;call-sites=1;identity=generated
??1Gen_dtor_00250850@@UAE@XZ,0x00250660,25,Code/gen_small/dtors_003.cpp,reloc-derived;call-sites=1;identity=generated
??1Gen_dtor_002512f0@@UAE@XZ,0x00251200,116,Code/gen_small/dtors_003.cpp,reloc-derived;call-sites=1;identity=generated
?bfmeTwoFDD@BfmeSubFDD@@QAEXPAXH@Z,0x00251320,203,Code/GameEngine/Source/Common/BfmeConv893.cpp,reloc-derived;call-sites=1;identity=real
??1Gen_dtor_00251800@@UAE@XZ,0x00251690,25,Code/gen_small/dtors_003.cpp,reloc-derived;call-sites=1;identity=generated
?bfmeUseFDE@BfmeThingFDE@@QAEXPAX@Z,0x00251AF0,163,Code/GameEngine/Source/Common/BfmeConv893.cpp,reloc-derived;call-sites=1;identity=real
??0?$pair@$$CBUGen_t_00252ab0_k4@@UGen_t_00252ab0_p12cd@@@_STL@@QAE@ABU01@@Z,0x00252A50,73,Code/gen_small/tgrid_109.cpp,reloc-derived;call-sites=1;identity=generated
??$__copy_backward@PAUGen_t_00252ce0_p128pod@@PAU1@H@_STL@@YAPAUGen_t_00252ce0_p128pod@@PAU1@00ABUrandom_access_iterator_tag@0@PAH@Z,0x00252C30,127,Code/gen_small/tgrid_133.cpp,reloc-derived;call-sites=1;identity=generated
?_M_insert_overflow@?$vector@URva00253630Element@@V?$allocator@URva00253630Element@@@_STL@@@_STL@@IAEXPAURva00253630Element@@ABU3@ABU__false_type@2@I_N@Z,0x00253140,280,Code/Libraries/Source/WWVegas/WWLib/RvaVectorPushBack.cpp,reloc-derived;call-sites=1;identity=real
??1Gen_dtor_00256940@@UAE@XZ,0x00256890,96,Code/gen_small/dtors_003.cpp,reloc-derived;call-sites=1;identity=generated
??1Gen_dtor_001c0e70@@UAE@XZ,0x00256C60,25,Code/gen_small/dtors_002.cpp,reloc-derived;call-sites=1;identity=generated
?sleepUntil@ObjectHelper@@QAEXI@Z,0x00256CD0,63,Code/GameEngine/Source/GameLogic/Object/Object_setStatus_Thunk.cpp,reloc-derived;call-sites=1;identity=real
??1Gen_dtor_001c55f0@@UAE@XZ,0x002570C0,146,Code/gen_small/dtors_002.cpp,reloc-derived;call-sites=1;identity=generated
?bfmeOne940B@BfmeThing940B@@QAEXXZ,0x0025E150,577,Code/GameEngine/Source/Common/BfmeConv940.cpp,reloc-derived;call-sites=1;identity=real
?_M_insert_overflow@?$vector@UGen_t_002619d0_p8pod@@V?$allocator@UGen_t_002619d0_p8pod@@@_STL@@@_STL@@IAEXPAUGen_t_002619d0_p8pod@@ABU3@ABU__false_type@2@I_N@Z,0x00261750,302,Code/gen_small/tgrid_133.cpp,reloc-derived;call-sites=1;identity=generated
?gen00261920@@YAXPAX00H0@Z,0x00261920,123,Code/GameEngine/Source/Common/ConstantZeroForwarders.cpp,reloc-derived;call-sites=1;identity=generated
?Gen00261AE0@@YAXPAUQ3SortElem8@@00HUQ3SortCompare@@@Z,0x00261AE0,229,Code/GameEngine/Source/Common/Q3IntrosortFamilies.cpp,reloc-derived;call-sites=1;identity=generated
?_M_insert_overflow@?$vector@UGen_t_00262280_p16cd@@V?$allocator@UGen_t_00262280_p16cd@@@_STL@@@_STL@@IAEXPAUGen_t_00262280_p16cd@@ABU3@ABU__false_type@2@I_N@Z,0x00262120,267,Code/gen_small/tgrid_109.cpp,reloc-derived;call-sites=1;identity=generated
?buildFieldParse@Gen0002AF8B@@SAXAAVWideMulti@@@Z,0x002683D0,745,Code/GameEngine/Source/Common/WideBuildFieldParse.cpp,reloc-derived;call-sites=17;identity=generated
?bfmeAskEGFa@BfmeSubEGF@@QAE_NXZ,0x0026E5A0,60,Code/GameEngine/Source/Common/BfmeConv811.cpp,reloc-derived;call-sites=1;identity=real
?requestSafePath@AIUpdateInterface@@QAEXW4ObjectID@@@Z,0x002709B0,316,Code/GameEngine/Source/GameLogic/AI/AIMoveAwayFromRepulsorsState_onEnter_Thunk.cpp,reloc-derived;call-sites=1;identity=real
?ignoreObstacle@AIUpdateInterface@@QAEXPBVObject@@@Z,0x002739F0,523,Code/GameEngine/Source/GameLogic/AI/AIDock.cpp,reloc-derived;call-sites=6;identity=real
?bfmeSend975B@BfmeB975@@QAEXHH@Z,0x00278280,218,Code/GameEngine/Source/Common/BfmeConv975.cpp,reloc-derived;call-sites=1;identity=real
?bfmeStateValue@BfmeObjectAI@@QAEHXZ,0x00279670,52,Code/GameEngine/Source/GameLogic/AI/AI_getAdjustedVisionRangeForObject.cpp,reloc-derived;call-sites=1;identity=real
??1GiantBirdMemberA@@QAE@XZ,0x0027AF40,146,Code/GameEngine/Source/Common/GiantBirdAIUpdateDestructorThunk.cpp,reloc-derived;call-sites=1;identity=real
?attackOrdinaryTarget@AIStateTargetDispatch@@QAEXPAVThing@@@Z,0x0027CF60,972,Code/GameEngine/Source/GameLogic/AI/AIUpdateTargetDispatch_Thunk.cpp,reloc-derived;call-sites=1;identity=real
?attackOptimizedTarget@AIStateTargetDispatch@@QAEXPAVThing@@@Z,0x0027E070,194,Code/GameEngine/Source/GameLogic/AI/AIUpdateTargetDispatch_Thunk.cpp,reloc-derived;call-sites=1;identity=real
??1Mem0027E9C0@@QAE@XZ,0x0027E9C0,227,Code/GameEngine/Source/Common/BigTwoMemberDtors.cpp,reloc-derived;call-sites=1;identity=real
??1Gen_dtor_0027fcb0@@UAE@XZ,0x0027FAF0,25,Code/gen_small/dtors_003.cpp,reloc-derived;call-sites=1;identity=generated
??1Gen_dtor_00280eb0@@UAE@XZ,0x00280CD0,25,Code/gen_small/dtors_003.cpp,reloc-derived;call-sites=1;identity=generated
?awardInitialCaptureBonus@AutoDepositUpdate@@QAEXPAVPlayer@@@Z,0x00280EE0,361,Code/GameEngine/Source/GameLogic/Player_becomingTeamMember_Thunk.cpp,reloc-derived;call-sites=1;identity=real
??1Gen_dtor_00281580@@UAE@XZ,0x002813E0,25,Code/gen_small/dtors_003.cpp,reloc-derived;call-sites=1;identity=generated
?scanClosestTarget@AutoFindHealingUpdate@@QAEPAVObject@@XZ,0x00281640,286,Code/GameEngine/Source/GameLogic/Object/Update/AutoFindHealingUpdate.cpp,reloc-derived;call-sites=1;identity=real
?_M_insert_overflow@?$vector@UGen_t_00282af0_p12pod@@V?$allocator@UGen_t_00282af0_p12pod@@@_STL@@@_STL@@IAEXPAUGen_t_00282af0_p12pod@@ABU3@ABU__false_type@2@I_N@Z,0x00282910,246,Code/gen_small/tgrid_109.cpp,reloc-derived;call-sites=1;identity=generated
??1Gen_dtor_00283430@@UAE@XZ,0x00282E70,25,Code/gen_small/dtors_003.cpp,reloc-derived;call-sites=1;identity=generated
??0BannerCarrierUpdate@@QAE@PAVThing@@PBVModuleData@@@Z,0x00283330,76,Code/GameEngine/Source/GameLogic/AI/BannerCarrierUpdateFriendNewModuleInstanceThunk.cpp,reloc-derived;call-sites=1;identity=real
?bfmeDo1037@BfmeG1037@@QAEXHH@Z,0x00284810,362,Code/GameEngine/Source/Common/BfmeConv1037.cpp,reloc-derived;call-sites=1;identity=real
??1Gen_dtor_00287350@@UAE@XZ,0x00287380,96,Code/gen_small/dtors_003.cpp,reloc-derived;call-sites=1;identity=generated
?initTimes@BoneFXUpdate@@IAEXXZ,0x00288540,614,Code/GameEngine/Source/GameLogic/Object/Update/BoneFXUpdate.cpp,reloc-derived;call-sites=1;identity=real
?_M_insert_overflow@?$vector@UGen_t_00288ff0_m4pod@@V?$allocator@UGen_t_00288ff0_m4pod@@@_STL@@@_STL@@IAEXPAUGen_t_00288ff0_m4pod@@ABU3@ABU__false_type@2@I_N@Z,0x00288AF0,282,Code/gen_small/fam_019.cpp,reloc-derived;call-sites=1;identity=generated
??1Gen_dtor_00289550@@UAE@XZ,0x00289030,242,Code/gen_small/dtors_003.cpp,reloc-derived;call-sites=1;identity=generated
??1Gen_dtor_00289bb0@@UAE@XZ,0x00289B00,136,Code/gen_small/dtors_003.cpp,reloc-derived;call-sites=1;identity=generated
??1Gen_dtor_0028a450@@UAE@XZ,0x0028A240,25,Code/gen_small/dtors_003.cpp,reloc-derived;call-sites=1;identity=generated
??1Gen_dtor_0028c6b0@@UAE@XZ,0x0028C490,25,Code/gen_small/dtors_003.cpp,reloc-derived;call-sites=1;identity=generated
??1Gen_dtor_0028c900@@UAE@XZ,0x0028C7B0,25,Code/gen_small/dtors_003.cpp,reloc-derived;call-sites=1;identity=generated
??1Gen_dtor_0028d090@@UAE@XZ,0x0028CFB0,171,Code/gen_small/dtors_003.cpp,reloc-derived;call-sites=1;identity=generated
??1Gen_dtor_0028d6d0@@UAE@XZ,0x0028D3A0,25,Code/gen_small/dtors_003.cpp,reloc-derived;call-sites=1;identity=generated
??1Gen_dtor_00291b80@@UAE@XZ,0x00291890,25,Code/gen_small/dtors_003.cpp,reloc-derived;call-sites=1;identity=generated
??1Gen_dtor_00292380@@UAE@XZ,0x002921D0,25,Code/gen_small/dtors_003.cpp,reloc-derived;call-sites=1;identity=generated
??1Gen_dtor_00292810@@UAE@XZ,0x00292550,25,Code/gen_small/dtors_003.cpp,reloc-derived;call-sites=1;identity=generated
??1Gen_dtor_002950a0@@UAE@XZ,0x00294EA0,25,Code/gen_small/dtors_003.cpp,reloc-derived;call-sites=1;identity=generated
??1Gen_dtor_00295670@@UAE@XZ,0x002954C0,25,Code/gen_small/dtors_003.cpp,reloc-derived;call-sites=1;identity=generated
??1Gen_dtor_00295c40@@UAE@XZ,0x00295AC0,25,Code/gen_small/dtors_003.cpp,reloc-derived;call-sites=1;identity=generated
?handle@Gen0003415D@@QAEXH@Z,0x00297820,89,Code/GameEngine/Source/Common/TinyIndexedForwarders.cpp,reloc-derived;call-sites=1;identity=generated
??1Gen_dtor_002982a0@@UAE@XZ,0x00297DE0,25,Code/gen_small/dtors_003.cpp,reloc-derived;call-sites=1;identity=generated
??1Gen_dtor_00298a70@@UAE@XZ,0x00298870,25,Code/gen_small/dtors_003.cpp,reloc-derived;call-sites=1;identity=generated
??1Gen_dtor_0029ac10@@UAE@XZ,0x0029AA30,172,Code/gen_small/dtors_003.cpp,reloc-derived;call-sites=1;identity=generated
?applyMotiveForce@PhysicsBehavior@@QAEXPBUCoord3D@@@Z,0x0029AC40,990,Code/GameEngine/Source/Common/ApplyRandomForceNuggetCreateThunk.cpp,reloc-derived;call-sites=1;identity=real
?removeEntry@ProductionUpdate@@AAEXPAVProductionEntry@@@Z,0x0029D210,159,Code/GameEngine/Source/GameLogic/Object/Update/ProductionUpdateDestructor.cpp,reloc-derived;call-sites=1;identity=real
??1Gen_dtor_0029ff70@@UAE@XZ,0x0029FDF0,25,Code/gen_small/dtors_003.cpp,reloc-derived;call-sites=1;identity=generated
??1Gen_dtor_002a02f0@@UAE@XZ,0x002A0180,25,Code/gen_small/dtors_003.cpp,reloc-derived;call-sites=1;identity=generated
??1Gen_dtor_002a1170@@UAE@XZ,0x002A0C90,194,Code/gen_small/dtors_003.cpp,reloc-derived;call-sites=1;identity=generated
??1Gen_dtor_002a16c0@@UAE@XZ,0x002A16F0,25,Code/gen_small/dtors_003.cpp,reloc-derived;call-sites=1;identity=generated
?_M_insert@?$_Rb_tree@IU?$pair@$$CBIURva002A1E90Value@@@_STL@@U?$_Select1st@U?$pair@$$CBIURva002A1E90Value@@@_STL@@@2@U?$less@I@2@V?$allocator@U?$pair@$$CBIURva002A1E90Value@@@_STL@@@2@@_STL@@AAE?AU?$_Rb_tree_iterator@U?$pair@$$CBIURva002A1E90Value@@@_STL@@U?$_Nonconst_traits@U?$pair@$$CBIURva002A1E90Value@@@_STL@@@2@@2@PAU_Rb_tree_node_base@2@0ABU?$pair@$$CBIURva002A1E90Value@@@2@0@Z,0x002A1C20,227,Code/Libraries/Source/WWVegas/WWLib/RvaTreeInsertUniqueUnsigned.cpp,reloc-derived;call-sites=1;identity=generated
?bfmeSend1011@BfmeA1011@@QAEXHHHHH@Z,0x002A8260,587,Code/GameEngine/Source/Common/BfmeConv1011.cpp,reloc-derived;call-sites=1;identity=real
?bfmeTwo940B@BfmeThing940B@@QAEXXZ,0x002A9000,833,Code/GameEngine/Source/Common/BfmeConv940.cpp,reloc-derived;call-sites=1;identity=real
??1Gen_dtor_002ab080@@UAE@XZ,0x002AAEF0,25,Code/gen_small/dtors_003.cpp,reloc-derived;call-sites=1;identity=generated
??1Gen_dtor_002ab620@@UAE@XZ,0x002AB3B0,25,Code/gen_small/dtors_003.cpp,reloc-derived;call-sites=1;identity=generated
??1Gen_dtor_002acd50@@UAE@XZ,0x002AC070,25,Code/gen_small/dtors_003.cpp,reloc-derived;call-sites=1;identity=generated
?getCollapseHeight@StructureCollapseRetailLayout@@QAEMXZ,0x002AE680,110,Code/GameEngine/Source/GameLogic/Object/Update/StructureCollapseUpdate.cpp,reloc-derived;call-sites=1;identity=real
?_M_insert_overflow@?$vector@UGen_t_002b0940_p8pod@@V?$allocator@UGen_t_002b0940_p8pod@@@_STL@@@_STL@@IAEXPAUGen_t_002b0940_p8pod@@ABU3@ABU__false_type@2@I_N@Z,0x002B0710,302,Code/gen_small/tgrid_133.cpp,reloc-derived;call-sites=1;identity=generated
??1Gen_dtor_002b0c30@@UAE@XZ,0x002B0A70,25,Code/gen_small/dtors_003.cpp,reloc-derived;call-sites=1;identity=generated
?bfmeTransferDefection@TemporarilyDefectUpdate@@QAEXPAVObject@@I@Z,0x002B0EA0,114,Code/GameEngine/Source/GameLogic/Object/Object_bfmeTransferReplacementState.cpp,reloc-derived;call-sites=1;identity=real
?applyTopplingForce@ToppleUpdate@@QAEXPBUCoord3D@@MI@Z,0x002B1BC0,832,Code/GameEngine/Source/GameLogic/Object/Object.cpp,reloc-derived;call-sites=1;identity=real
??1Gen_dtor_002b55d0@@UAE@XZ,0x002B53E0,113,Code/gen_small/dtors_004.cpp,reloc-derived;call-sites=1;identity=generated
??1GiantBirdNestedTail@@QAE@XZ,0x002C2280,219,Code/GameEngine/Source/Common/GiantBirdAIUpdateDestructorThunk.cpp,reloc-derived;call-sites=2;identity=real
?computeApproachPosition@DockUpdate@@IAE?AUCoord3D@@HPAVObject@@@Z,0x002CB740,453,Code/GameEngine/Source/GameLogic/Object/Update/DockUpdate/DockUpdate.cpp,reloc-derived;call-sites=3;identity=real
??1Gen_dtor_002cd180@@UAE@XZ,0x002CCD10,281,Code/gen_small/dtors_004.cpp,reloc-derived;call-sites=1;identity=generated
?unloadNext@RailedTransportDockUpdate@@IAEXXZ,0x002CE600,277,Code/GameEngine/Source/GameLogic/Object/Update/DockUpdate/RailedTransportDockUpdate.cpp,reloc-derived;call-sites=1;identity=real
??1Gen_dtor_002d18c0@@UAE@XZ,0x002D17A0,133,Code/gen_small/dtors_004.cpp,reloc-derived;call-sites=1;identity=generated
?initializeBonePositions@SpawnPointProductionExitUpdate@@AAEXXZ,0x002D18F0,1457,Code/GameEngine/Source/GameLogic/Object/Update/ProductionExitUpdate/SpawnPointProductionExitUpdate.cpp,reloc-derived;call-sites=2;identity=real
??1Gen_dtor_002d2bb0@@UAE@XZ,0x002D2A60,32,Code/gen_small/dtors_004.cpp,reloc-derived;call-sites=1;identity=generated
??1Gen_dtor_002d2fa0@@UAE@XZ,0x002D2E30,32,Code/gen_small/dtors_004.cpp,reloc-derived;call-sites=1;identity=generated
??1Gen_dtor_002d33b0@@UAE@XZ,0x002D3080,141,Code/gen_small/dtors_004.cpp,reloc-derived;call-sites=1;identity=generated
??0W3DOverlordTankDrawModuleData@@QAE@XZ,0x002D3640,90,Code/GameEngineDevice/Source/W3DDevice/Common/Thing/W3DModuleFactory.cpp,reloc-derived;call-sites=1;identity=real
??1Gen_dtor_002d3740@@UAE@XZ,0x002D36B0,113,Code/gen_small/dtors_004.cpp,reloc-derived;call-sites=1;identity=generated
??1Gen_dtor_002d3900@@UAE@XZ,0x002D3770,32,Code/gen_small/dtors_004.cpp,reloc-derived;call-sites=1;identity=generated
??1Gen_dtor_002d3f20@@UAE@XZ,0x002D3DA0,32,Code/gen_small/dtors_004.cpp,reloc-derived;call-sites=1;identity=generated
??1Gen_dtor_002d42a0@@UAE@XZ,0x002D40E0,32,Code/gen_small/dtors_004.cpp,reloc-derived;call-sites=1;identity=generated
??0GenerateMinefieldBehaviorModuleData@@QAE@XZ,0x002D4B30,123,Code/GameEngine/Source/Common/Thing/ModuleFactory.cpp,reloc-derived;call-sites=1;identity=real
??1Gen_dtor_002d4bd0@@UAE@XZ,0x002D4C00,150,Code/gen_small/dtors_004.cpp,reloc-derived;call-sites=1;identity=generated
??1Gen_dtor_002d4e20@@UAE@XZ,0x002D4CC0,32,Code/gen_small/dtors_004.cpp,reloc-derived;call-sites=1;identity=generated
??1Gen_dtor_002d50d0@@UAE@XZ,0x002D4F50,32,Code/gen_small/dtors_004.cpp,reloc-derived;call-sites=1;identity=generated
??1Gen_dtor_002d5380@@UAE@XZ,0x002D5240,32,Code/gen_small/dtors_004.cpp,reloc-derived;call-sites=1;identity=generated
??1Gen_dtor_002d6020@@UAE@XZ,0x002D5E90,32,Code/gen_small/dtors_004.cpp,reloc-derived;call-sites=1;identity=generated
??1Gen_dtor_002d6260@@UAE@XZ,0x002D6110,32,Code/gen_small/dtors_004.cpp,reloc-derived;call-sites=1;identity=generated
??1Gen_dtor_002d64a0@@UAE@XZ,0x002D6320,32,Code/gen_small/dtors_004.cpp,reloc-derived;call-sites=1;identity=generated
??1Gen_dtor_002d67d0@@UAE@XZ,0x002D6650,32,Code/gen_small/dtors_004.cpp,reloc-derived;call-sites=1;identity=generated
??1Gen_dtor_002d6e30@@UAE@XZ,0x002D6B80,56,Code/gen_small/dtors_004.cpp,reloc-derived;call-sites=1;identity=generated
??1Gen_dtor_002d7860@@UAE@XZ,0x002D76F0,32,Code/gen_small/dtors_004.cpp,reloc-derived;call-sites=1;identity=generated
??1Gen_dtor_002d7ba0@@UAE@XZ,0x002D7A20,32,Code/gen_small/dtors_004.cpp,reloc-derived;call-sites=1;identity=generated
??1Gen_dtor_002d7ed0@@UAE@XZ,0x002D7D50,32,Code/gen_small/dtors_004.cpp,reloc-derived;call-sites=1;identity=generated
??1Gen_dtor_002d8100@@UAE@XZ,0x002D7FC0,32,Code/gen_small/dtors_004.cpp,reloc-derived;call-sites=1;identity=generated
??1Gen_dtor_002d84b0@@UAE@XZ,0x002D81F0,32,Code/gen_small/dtors_004.cpp,reloc-derived;call-sites=1;identity=generated
??1Gen_dtor_002d94e0@@UAE@XZ,0x002D9340,32,Code/gen_small/dtors_004.cpp,reloc-derived;call-sites=1;identity=generated
??1Gen_dtor_002d9860@@UAE@XZ,0x002D96E0,32,Code/gen_small/dtors_004.cpp,reloc-derived;call-sites=1;identity=generated
?bfmeStep1040@BfmeG1040@@QAEXXZ,0x002D9F90,67,Code/GameEngine/Source/Common/BfmeConv1040.cpp,reloc-derived;call-sites=1;identity=real
??1Gen_dtor_002da420@@UAE@XZ,0x002DA2D0,32,Code/gen_small/dtors_004.cpp,reloc-derived;call-sites=1;identity=generated
??1Gen_dtor_002da5e0@@UAE@XZ,0x002DA4A0,32,Code/gen_small/dtors_004.cpp,reloc-derived;call-sites=1;identity=generated
?handleMatch@BfmeBaseA97@@QAEXPAX0@Z,0x002DA770,403,Code/GameEngine/Source/Common/BfmeConv824.cpp,reloc-derived;call-sites=1;identity=real
?_M_insert_overflow@?$vector@UGen_t_002dc5f0_p8pod@@V?$allocator@UGen_t_002dc5f0_p8pod@@@_STL@@@_STL@@IAEXPAUGen_t_002dc5f0_p8pod@@ABU3@ABU__false_type@2@I_N@Z,0x002DC3D0,264,Code/gen_small/tgrid_133.cpp,reloc-derived;call-sites=1;identity=generated
?handleMatch@BfmeBaseDF9@@QAEXPAX0@Z,0x002DDD60,443,Code/GameEngine/Source/Common/BfmeConv825.cpp,reloc-derived;call-sites=1;identity=real
??0Made001E5AF0@@QAE@XZ,0x002DED90,97,Code/GameEngine/Source/Common/Q4MakeNotifyLink.cpp,reloc-derived;call-sites=1;identity=real
?testOne@Rva002DF100@@QAEEPAX@Z,0x002DEFE0,229,Code/GameEngine/Source/Common/Rva002DF100Test.cpp,reloc-derived;call-sites=1;identity=generated
?bfmeInit1061@BfmeB1061@@QAEXXZ,0x002DF360,275,Code/GameEngine/Source/Common/BfmeConv1061.cpp,reloc-derived;call-sites=1;identity=real
?Gen002DFFD0@@YAXPAX0000@Z,0x002DFFD0,80,Code/GameEngine/Source/Common/Q2TrailingZeroForwarders.cpp,reloc-derived;call-sites=1;identity=generated
?gen002E0CD0@@YAXPAX00HH@Z,0x002E0CD0,118,Code/GameEngine/Source/Common/ConstantZeroForwarders.cpp,reloc-derived;call-sites=1;identity=generated
?gen002E0D70@@YAXPAX0H0@Z,0x002E0D70,66,Code/GameEngine/Source/Common/ConstantZeroForwarders.cpp,reloc-derived;call-sites=1;identity=generated
??$__linear_insert@PAUS4SortElem12@@U1@US4Cmp002E1690@@@_STL@@YAXPAUS4SortElem12@@0U1@US4Cmp002E1690@@@Z,0x002E0FE0,177,Code/Libraries/Source/WWVegas/WWLib/stlport_insertion_sort_s4sortelem12.cpp,reloc-derived;call-sites=1;identity=real
?gen002E1710@@YAXPAX00H0@Z,0x002E1710,129,Code/GameEngine/Source/Common/ConstantZeroForwarders.cpp,reloc-derived;call-sites=1;identity=generated
?_M_insert_overflow@?$vector@UGen_t_002e19c0_p12cd@@V?$allocator@UGen_t_002e19c0_p12cd@@@_STL@@@_STL@@IAEXPAUGen_t_002e19c0_p12cd@@ABU3@ABU__false_type@2@I_N@Z,0x002E1820,281,Code/gen_small/tgrid_109.cpp,reloc-derived;call-sites=1;identity=generated
?_M_insert_overflow@?$vector@UGen_t_002e20c0_p12cd@@V?$allocator@UGen_t_002e20c0_p12cd@@@_STL@@@_STL@@IAEXPAUGen_t_002e20c0_p12cd@@ABU3@ABU__false_type@2@I_N@Z,0x002E1DA0,281,Code/gen_small/tgrid_110.cpp,reloc-derived;call-sites=1;identity=generated
?BfmeRva002E7C50TailCopy@_STL@@YAPAVRva002E7C50Element@@PAV2@00ABU__false_type@1@@Z,0x002E3050,48,Code/GameEngine/Source/Common/Rva002E7C50VectorInsertOverflowBody.cpp,reloc-derived;call-sites=1;identity=generated
?bfmeDel1086@BfmeC1086@@QAEXPAVBfmeQ1086@@@Z,0x002E4180,247,Code/GameEngine/Source/Common/BfmeConv1086.cpp,reloc-derived;call-sites=1;identity=real
?bfmeLogMsg574@@YAXPBD@Z,0x002E5090,229,Code/GameEngine/Source/Common/BfmeConv824.cpp,reloc-derived;call-sites=1;identity=real
?bfmeNotify1_574@@YAXPAX0@Z,0x002E51C0,331,Code/GameEngine/Source/Common/BfmeConv824.cpp,reloc-derived;call-sites=1;identity=real
?bfmeNotify2_574@@YAXPAX0@Z,0x002E5390,412,Code/GameEngine/Source/Common/BfmeConv824.cpp,reloc-derived;call-sites=1;identity=real
??0BfmeSortElem20Tail@@QAE@ABV0@@Z,0x002E7320,192,Code/Libraries/Source/WWVegas/WWLib/stlport_insertion_sort_s4sortelem20.cpp,reloc-derived;call-sites=1;identity=real
?_M_insert_overflow@?$vector@UGen_t_002e8eb0_m4pod@@V?$allocator@UGen_t_002e8eb0_m4pod@@@_STL@@@_STL@@IAEXPAUGen_t_002e8eb0_m4pod@@ABU3@ABU__false_type@2@I_N@Z,0x002E7940,282,Code/gen_small/fam_019.cpp,reloc-derived;call-sites=1;identity=generated
??0?$pair@$$CBUGen_t_002ea020_k4@@UGen_t_002ea020_p12cd@@@_STL@@QAE@ABU01@@Z,0x002E8FC0,87,Code/gen_small/tgrid_110.cpp,reloc-derived;call-sites=1;identity=generated
?gen002EACD0@@YAXPAX00HH@Z,0x002EACD0,184,Code/GameEngine/Source/Common/ConstantZeroForwarders.cpp,reloc-derived;call-sites=1;identity=generated
?gen002EADF0@@YAXPAX0H0@Z,0x002EADF0,47,Code/GameEngine/Source/Common/ConstantZeroForwarders.cpp,reloc-derived;call-sites=1;identity=generated
??$__linear_insert@PAUS4SortElem20@@U1@US4Cmp002EB8E0@@@_STL@@YAXPAUS4SortElem20@@0U1@US4Cmp002EB8E0@@@Z,0x002EAF10,197,Code/Libraries/Source/WWVegas/WWLib/stlport_insertion_sort_s4sortelem20.cpp,reloc-derived;call-sites=1;identity=real
?gen002EB330@@YAXPAX00H0@Z,0x002EB330,290,Code/GameEngine/Source/Common/ConstantZeroForwarders.cpp,reloc-derived;call-sites=1;identity=generated
??1Gen_dtor_002eb990@@UAE@XZ,0x002EB5C0,331,Code/gen_small/dtors_004.cpp,reloc-derived;call-sites=1;identity=generated
?bfmeHelper760@@YAXPAXH@Z,0x002ED760,101,Code/GameEngine/Source/Common/BfmeConv831.cpp,reloc-derived;call-sites=1;identity=real
??1ScriptActions@@UAE@XZ,0x002F1B80,108,Code/GameEngine/Source/GameLogic/ScriptEngine/ScriptActions.cpp,reloc-derived;call-sites=1;identity=real
?applyAreaState@Rva002F73B0Owner@@QAEXABVAsciiString@@_N1@Z,0x002F7340,82,Code/GameEngine/Source/Common/Bfme/Rva002F73B0AreaForwarder.cpp,reloc-derived;call-sites=1;identity=generated
??1Gen_dtor_003390a0@@UAE@XZ,0x003367E0,80,Code/gen_small/dtors_004.cpp,reloc-derived;call-sites=1;identity=generated
?setObjectsShouldReceiveDifficultyBonus@ScriptEngine@@QAEX_N@Z,0x00337070,13,Code/GameEngine/Source/GameLogic/System/GameLogic_prepareNewGame_Thunk.cpp,reloc-derived;call-sites=1;identity=real
??1Gen_dtor_00339fa0@@UAE@XZ,0x00339E20,86,Code/gen_small/dtors_004.cpp,reloc-derived;call-sites=1;identity=generated
?bfmeCall939A@@YAXXZ,0x0033AFF0,125,Code/GameEngine/Source/Common/BfmeConv939.cpp,reloc-derived;call-sites=1;identity=real
?gen0033BD70@@YAXPAX0@Z,0x0033BD70,85,Code/GameEngine/Source/Common/AllocateThenInitialise.cpp,reloc-derived;call-sites=1;identity=generated
?addActionTemplate@BfmeScriptEngineTemplates@@QAEXPAVTemplate@@@Z,0x0033D680,208,Code/GameEngine/Source/GameLogic/ScriptEngine/INIScriptTemplates.cpp,reloc-derived;call-sites=1;identity=real
?getAttackInfo@ScriptEngine@@QAEPBVAttackPriorityInfo@@ABVAsciiString@@@Z,0x0033DD70,555,Code/GameEngine/Source/GameLogic/ScriptEngine/ScriptActions.cpp,reloc-derived;call-sites=1;identity=real
?equal_range@?$hashtable@U?$pair@$$CBHUGen_t_00343e20_m12pod@@@_STL@@HU?$hash@H@2@U?$_Select1st@U?$pair@$$CBHUGen_t_00343e20_m12pod@@@_STL@@@2@U?$equal_to@H@2@V?$allocator@U?$pair@$$CBHUGen_t_00343e20_m12pod@@@_STL@@@2@@_STL@@QAE?AU?$pair@U?$_Ht_iterator@U?$pair@$$CBHUGen_t_00343e20_m12pod@@@_STL@@U?$_Nonconst_traits@U?$pair@$$CBHUGen_t_00343e20_m12pod@@@_STL@@@2@HU?$hash@H@2@U?$_Select1st@U?$pair@$$CBHUGen_t_00343e20_m12pod@@@_STL@@@2@U?$equal_to@H@2@V?$allocator@U?$pair@$$CBHUGen_t_00343e20_m12pod@@@_STL@@@2@@_STL@@U12@@2@ABH@Z,0x003419F0,505,Code/gen_small/fam_011.cpp,reloc-derived;call-sites=1;identity=generated
?equal_range@?$hashtable@U?$pair@$$CBHUGen_t_00343eb0_m12pod@@@_STL@@HU?$hash@H@2@U?$_Select1st@U?$pair@$$CBHUGen_t_00343eb0_m12pod@@@_STL@@@2@U?$equal_to@H@2@V?$allocator@U?$pair@$$CBHUGen_t_00343eb0_m12pod@@@_STL@@@2@@_STL@@QAE?AU?$pair@U?$_Ht_iterator@U?$pair@$$CBHUGen_t_00343eb0_m12pod@@@_STL@@U?$_Nonconst_traits@U?$pair@$$CBHUGen_t_00343eb0_m12pod@@@_STL@@@2@HU?$hash@H@2@U?$_Select1st@U?$pair@$$CBHUGen_t_00343eb0_m12pod@@@_STL@@@2@U?$equal_to@H@2@V?$allocator@U?$pair@$$CBHUGen_t_00343eb0_m12pod@@@_STL@@@2@@_STL@@U12@@2@ABH@Z,0x00341C70,505,Code/gen_small/fam_011.cpp,reloc-derived;call-sites=1;identity=generated
?equal_range@?$hashtable@U?$pair@$$CBHUGen_t_00343f40_m12pod@@@_STL@@HU?$hash@H@2@U?$_Select1st@U?$pair@$$CBHUGen_t_00343f40_m12pod@@@_STL@@@2@U?$equal_to@H@2@V?$allocator@U?$pair@$$CBHUGen_t_00343f40_m12pod@@@_STL@@@2@@_STL@@QAE?AU?$pair@U?$_Ht_iterator@U?$pair@$$CBHUGen_t_00343f40_m12pod@@@_STL@@U?$_Nonconst_traits@U?$pair@$$CBHUGen_t_00343f40_m12pod@@@_STL@@@2@HU?$hash@H@2@U?$_Select1st@U?$pair@$$CBHUGen_t_00343f40_m12pod@@@_STL@@@2@U?$equal_to@H@2@V?$allocator@U?$pair@$$CBHUGen_t_00343f40_m12pod@@@_STL@@@2@@_STL@@U12@@2@ABH@Z,0x00341EF0,505,Code/gen_small/fam_011.cpp,reloc-derived;call-sites=1;identity=generated
?equal_range@?$hashtable@U?$pair@$$CBHUGen_t_00343fd0_m12pod@@@_STL@@HU?$hash@H@2@U?$_Select1st@U?$pair@$$CBHUGen_t_00343fd0_m12pod@@@_STL@@@2@U?$equal_to@H@2@V?$allocator@U?$pair@$$CBHUGen_t_00343fd0_m12pod@@@_STL@@@2@@_STL@@QAE?AU?$pair@U?$_Ht_iterator@U?$pair@$$CBHUGen_t_00343fd0_m12pod@@@_STL@@U?$_Nonconst_traits@U?$pair@$$CBHUGen_t_00343fd0_m12pod@@@_STL@@@2@HU?$hash@H@2@U?$_Select1st@U?$pair@$$CBHUGen_t_00343fd0_m12pod@@@_STL@@@2@U?$equal_to@H@2@V?$allocator@U?$pair@$$CBHUGen_t_00343fd0_m12pod@@@_STL@@@2@@_STL@@U12@@2@ABH@Z,0x00342170,505,Code/gen_small/fam_011.cpp,reloc-derived;call-sites=1;identity=generated
?Gen00342D60@@YAXPAPAHHHPAHUQ3HeapCompare@@@Z,0x00342D60,113,Code/GameEngine/Source/Common/Q3HeapAlgorithmFamily.cpp,reloc-derived;call-sites=5;identity=generated
?gen003442B0@@YAPAXXZ,0x003442B0,65,Code/GameEngine/Source/Common/CachedPointerFills.cpp,reloc-derived;call-sites=2;identity=generated
?Gen00344970@@YAXPAUQ3SortElem4@@0UQ3SortCompare@@@Z,0x00344970,109,Code/GameEngine/Source/Common/Q3IntrosortFamilies.cpp,reloc-derived;call-sites=2;identity=generated
??1Gen_dtor_0034b970@@UAE@XZ,0x003492A0,928,Code/gen_small/dtors_004.cpp,reloc-derived;call-sites=1;identity=generated
??1Gen_dtor_0034ecb0@@UAE@XZ,0x0034E2E0,110,Code/gen_small/dtors_004.cpp,reloc-derived;call-sites=1;identity=generated
??1Gen_dtor_00350dd0@@UAE@XZ,0x0034FC90,60,Code/gen_small/dtors_004.cpp,reloc-derived;call-sites=1;identity=generated
??0Rva003525E0Pair@@QAE@ABV0@@Z,0x003525E0,160,Code/GameEngine/Source/Common/Rva003529B0Copy.cpp,reloc-derived;call-sites=3;identity=generated
??1Gen_dtor_00355c60@@UAE@XZ,0x00352C20,156,Code/gen_small/dtors_004.cpp,reloc-derived;call-sites=1;identity=generated
??1Gen_dtor_00355ce0@@UAE@XZ,0x00352D20,106,Code/gen_small/dtors_004.cpp,reloc-derived;call-sites=1;identity=generated
?setActionType@ScriptAction@@QAEXW4ScriptActionType@1@@Z,0x00354220,215,Code/GameEngine/Source/GameLogic/ScriptEngine/ScriptActionTypeCtor.cpp,reloc-derived;call-sites=1;identity=real
??1Gen_dtor_00356010@@UAE@XZ,0x00354330,106,Code/gen_small/dtors_004.cpp,reloc-derived;call-sites=1;identity=generated
??1Gen_dtor_00356b70@@UAE@XZ,0x00354A00,72,Code/gen_small/dtors_004.cpp,reloc-derived;call-sites=1;identity=generated
?findNameIndex@Rva00359330StringRecordTable@@AAEHPAVAsciiString@@@Z,0x003568C0,208,Code/GameEngine/Source/Common/Rva00359330StringRecordRelease.cpp,reloc-derived;call-sites=1;identity=generated
?findNameIndex@Rva00359530StringRecordTable@@AAEHPAVAsciiString@@@Z,0x00356A60,208,Code/GameEngine/Source/Common/Rva00359330StringRecordRelease.cpp,reloc-derived;call-sites=1;identity=generated
?_M_reallocate_map@?$deque@UGen_t_00359760_p12cd@@V?$allocator@UGen_t_00359760_p12cd@@@_STL@@@_STL@@IAEXI_N@Z,0x00356FA0,367,Code/gen_small/tgrid_133.cpp,reloc-derived;call-sites=1;identity=generated
?_M_reallocate_map@?$deque@UGen_t_00359790_p12cd@@V?$allocator@UGen_t_00359790_p12cd@@@_STL@@@_STL@@IAEXI_N@Z,0x00357170,367,Code/gen_small/tgrid_134.cpp,reloc-derived;call-sites=1;identity=generated
?_M_reallocate_map@?$deque@UGen_t_00359c20_p12cd@@V?$allocator@UGen_t_00359c20_p12cd@@@_STL@@@_STL@@IAEXI_N@Z,0x003573A0,367,Code/gen_small/tgrid_134.cpp,reloc-derived;call-sites=1;identity=generated
?_M_reallocate_map@?$deque@UGen_t_00359c50_p12cd@@V?$allocator@UGen_t_00359c50_p12cd@@@_STL@@@_STL@@IAEXI_N@Z,0x00357570,367,Code/gen_small/tgrid_134.cpp,reloc-derived;call-sites=1;identity=generated
?duplicate@Condition@@QBEPAV1@XZ,0x00357D30,514,Code/GameEngine/Source/GameLogic/ScriptEngine/Scripts.cpp,reloc-derived;call-sites=2;identity=real
?ParseAction@ScriptAction@@KAPAV1@AAVDataChunkInput@@PAUDataChunkInfo@@PAX@Z,0x00358370,843,Code/GameEngine/Source/GameLogic/ScriptEngine/ScriptsParseActionDataChunkThunk.cpp,reloc-derived;call-sites=1;identity=real
?bfmeUnregister@@YAXPAVBfmeSecondZ@@@Z,0x0035AC30,92,Code/GameEngine/Source/Common/Bfme5TwoMemberVectorDtors.cpp,reloc-derived;call-sites=1;identity=real
?bfmeUnregisterY@@YAXPAVBfmeSecondY@@@Z,0x0035ADC0,92,Code/GameEngine/Source/Common/Bfme5TwoMemberVectorDtors.cpp,reloc-derived;call-sites=1;identity=real
?bfmeStepFFF@BfmeThingFFF@@QAEXPAUBfmeSubFFF@@PAX@Z,0x0035B3D0,118,Code/GameEngine/Source/Common/BfmeConv895.cpp,reloc-derived;call-sites=1;identity=real
??1Gen_dtor_0035c990@@UAE@XZ,0x0035BC20,153,Code/gen_small/dtors_004.cpp,reloc-derived;call-sites=1;identity=generated
?bfmeOneGE@BfmeThingGE@@QAEXPAUBfmeSubGE@@PAH1@Z,0x0035C9C0,518,Code/GameEngine/Source/Common/BfmeConv898.cpp,reloc-derived;call-sites=1;identity=real
?bfmeTwoGE@BfmeThingGE@@QAEXPAUBfmeSubGE@@PAH1@Z,0x0035D9B0,662,Code/GameEngine/Source/Common/BfmeConv898.cpp,reloc-derived;call-sites=1;identity=real
??0Gen0035E3B0@@QAE@PAVHost0035E450@@@Z,0x0035E3B0,123,Code/GameEngine/Source/Common/Q4NewOwnerFactories.cpp,reloc-derived;call-sites=1;identity=generated
??1Gen_dtor_0035f8f0@@UAE@XZ,0x0035F880,85,Code/gen_small/dtors_004.cpp,reloc-derived;call-sites=1;identity=generated
?bfmeTwoDVB@BfmeSubDVB@@QAEXPAX0@Z,0x00361E80,98,Code/GameEngine/Source/Common/BfmeConv787.cpp,reloc-derived;call-sites=1;identity=real
?bfmeThreeDVB@BfmeSubDVB@@QAEXPAX0@Z,0x00361F00,98,Code/GameEngine/Source/Common/BfmeConv787.cpp,reloc-derived;call-sites=1;identity=real
?rva00362360UnguardedLinearInsert@@YAXPAURva00364980HeapElement@@U1@URva00364980HeapCompare@@@Z,0x00362360,119,Code/GameEngine/Source/Common/Rva00363B80UnguardedInsertionSort.cpp,reloc-derived;call-sites=2;identity=generated
?rva00362400PushHeap@@YAXPAURva00364980HeapElement@@HHU1@URva00364980HeapCompare@@@Z,0x00362400,173,Code/GameEngine/Source/Common/Rva00363C80AdjustHeap.cpp,reloc-derived;call-sites=1;identity=generated
?bfmeFind1034@@YGPAUBfmeX1034@@HH@Z,0x00362BE0,334,Code/GameEngine/Source/Common/BfmeConv1034.cpp,reloc-derived;call-sites=1;identity=real
?bfmeCallDPH@BfmeSubDPH@@QAEXPAVBfmeOtherDPH@@@Z,0x00364E70,333,Code/GameEngine/Source/Common/BfmeConv755.cpp,reloc-derived;call-sites=1;identity=real
??4Rva00365070Blk@@QAEAAV0@ABV0@@Z,0x00365070,287,Code/GameEngine/Source/Common/Rva00366060Assign.cpp,reloc-derived;call-sites=1;identity=real
??0?$pair@$$CBUGen_t_003661e0_k4@@UGen_t_003661e0_p12cd@@@_STL@@QAE@ABU01@@Z,0x003651E0,244,Code/gen_small/tgrid_111.cpp,reloc-derived;call-sites=1;identity=generated
?replenish@LivingWorldArmy@@QAEXPAVLivingWorldPlayerArmy@@@Z,0x00365570,149,Code/GameEngine/Source/Common/LivingWorldPlayerArmyLoadPostProcess.cpp,reloc-derived;call-sites=1;identity=real
?bfmeOneBZF@BfmeSubBZF@@QAEXXZ,0x00366130,133,Code/GameEngine/Source/Common/BfmeConv561.cpp,reloc-derived;call-sites=1;identity=real
?finish@Rva003677B0Entry@@QAEXPAX_N@Z,0x00367010,613,Code/GameEngine/Source/Common/Rva003677B0IndexedEntryFinish.cpp,reloc-derived;call-sites=1;identity=real
?update@Rva00367810Entry@@QAEXXZ,0x00367330,249,Code/GameEngine/Source/Common/Rva00367810EntryUpdate.cpp,reloc-derived;call-sites=1;identity=real
?_M_insert_overflow@?$vector@UGen_t_00369920_p8pod@@V?$allocator@UGen_t_00369920_p8pod@@@_STL@@@_STL@@IAEXPAUGen_t_00369920_p8pod@@ABU3@ABU__false_type@2@I_N@Z,0x00369590,302,Code/gen_small/tgrid_134.cpp,reloc-derived;call-sites=1;identity=generated
?_M_insert_overflow@?$vector@UGen_t_0036a520_p16cd@@V?$allocator@UGen_t_0036a520_p16cd@@@_STL@@@_STL@@IAEXPAUGen_t_0036a520_p16cd@@ABU3@ABU__false_type@2@I_N@Z,0x00369E60,267,Code/gen_small/tgrid_111.cpp,reloc-derived;call-sites=1;identity=generated
?bfmeApplyAttributeModifier@AttributeModifierPoolUpdate@@QAE_NABVAsciiString@@H@Z,0x0036A570,1037,Code/GameEngine/Source/GameLogic/Object/Object_bfmeApplyAttributeModifier.cpp,reloc-derived;call-sites=1;identity=real
?bfmeOne934G@BfmeThing934G@@QAEHXZ,0x0036F910,157,Code/GameEngine/Source/Common/BfmeConv934.cpp,reloc-derived;call-sites=1;identity=real
?bfmeTwo934G@BfmeThing934G@@QAEHXZ,0x0036F9E0,157,Code/GameEngine/Source/Common/BfmeConv934.cpp,reloc-derived;call-sites=1;identity=real
?checkValid@BfmeItemE63@@QAE_NXZ,0x00372090,77,Code/GameEngine/Source/Common/BfmeConv815.cpp,reloc-derived;call-sites=1;identity=real
??1SpyVisionUpdateModuleDataMemberG@@QAE@XZ,0x00374990,197,Code/GameEngine/Source/GameLogic/Object/Update/SpyVisionUpdateModuleDataDtorThunk.cpp,reloc-derived;call-sites=1;identity=real
?_M_insert_overflow@?$vector@UGen_t_00375ea0_p12cd@@V?$allocator@UGen_t_00375ea0_p12cd@@@_STL@@@_STL@@IAEXPAUGen_t_00375ea0_p12cd@@ABU3@ABU__false_type@2@I_N@Z,0x003752F0,281,Code/gen_small/tgrid_112.cpp,reloc-derived;call-sites=1;identity=generated
?getName@CrateTemplate@@QBE?AVAsciiString@@XZ,0x00379070,32,Code/GameEngine/Source/GameLogic/System/CrateSystem_friend_findCrateTemplate.cpp,reloc-derived;call-sites=1;identity=real
??$_M_insert_dispatch@U?$_List_iterator@UcrateCreationEntry@@U?$_Const_traits@UcrateCreationEntry@@@_STL@@@_STL@@@?$list@UcrateCreationEntry@@V?$allocator@UcrateCreationEntry@@@_STL@@@_STL@@QAEXU?$_List_iterator@UcrateCreationEntry@@U?$_Nonconst_traits@UcrateCreationEntry@@@_STL@@@1@U?$_List_iterator@UcrateCreationEntry@@U?$_Const_traits@UcrateCreationEntry@@@_STL@@@1@1ABU__false_type@1@@Z,0x00379C60,75,Code/GameEngine/Source/GameLogic/System/CrateSystem.cpp,reloc-derived;call-sites=2;identity=real
??0EmotionNugget@@QAE@XZ,0x0037B7A0,194,Code/GameEngine/Source/Common/INI/INIEmotion.cpp,reloc-derived;call-sites=1;identity=real
?bfmeStop@BfmeStopF@@QAEXXZ,0x0037C600,508,Code/GameEngine/Source/Common/Bfme5ClearsWithTails.cpp,reloc-derived;call-sites=1;identity=real
?createEmotion@EmotionSystem@@QAEPAVEmotion@@PAVEmotionTrackerUpdateEntry@@PAVObject@@@Z,0x0037CAD0,114,Code/GameEngine/Source/GameLogic/Object/Update/EmotionTrackerUpdateCtor.cpp,reloc-derived;call-sites=1;identity=real
?addNugget@EmotionSystem@@QAEXPAVEmotionNugget@@@Z,0x0037CF10,173,Code/GameEngine/Source/Common/INI/INIEmotion.cpp,reloc-derived;call-sites=1;identity=real
?erase@?$list@UGen_t_00381e80_p12cd@@V?$allocator@UGen_t_00381e80_p12cd@@@_STL@@@_STL@@QAE?AU?$_List_iterator@UGen_t_00381e80_p12cd@@U?$_Nonconst_traits@UGen_t_00381e80_p12cd@@@_STL@@@2@U32@0@Z,0x0037E680,65,Code/gen_small/tgrid_112.cpp,reloc-derived;call-sites=1;identity=generated
?bfmeFind1081@BfmeJ1081@@QAEPAVBfmeF1081@@H@Z,0x0037FF80,315,Code/GameEngine/Source/Common/BfmeConv1081.cpp,reloc-derived;call-sites=1;identity=real
?bfmeAdd1081@BfmeJ1081@@QAEXPAVBfmeF1081@@PAVBfmeE1081@@HH@Z,0x00380110,115,Code/GameEngine/Source/Common/BfmeConv1081.cpp,reloc-derived;call-sites=1;identity=real
??1Gen_dtor_00381450@@UAE@XZ,0x00380C00,221,Code/gen_small/dtors_004.cpp,reloc-derived;call-sites=1;identity=generated
??1Gen_dtor_00381610@@UAE@XZ,0x00380D30,340,Code/gen_small/dtors_004.cpp,reloc-derived;call-sites=1;identity=generated
?bfmeCount932D@BfmeGlob932D@@QAEHPAXH@Z,0x00381100,201,Code/GameEngine/Source/Common/BfmeConv932.cpp,reloc-derived;call-sites=2;identity=real
??4Gen_t_00381e80_p12cd@@QAEAAU0@ABU0@@Z,0x00381690,689,Code/gen_small/tgrid_112.cpp,reloc-derived;call-sites=1;identity=generated
??0?$pair@$$CBUGen_t_00381c30_k4@@UGen_t_00381c30_p12cd@@@_STL@@QAE@ABU01@@Z,0x00381B60,166,Code/gen_small/tgrid_112.cpp,reloc-derived;call-sites=1;identity=generated
?deselectObject@GameLogic@@QAEXPAVObject@@G_N@Z,0x00382F50,178,Code/GameEngine/Source/GameLogic/Object/Object_maskObject.cpp,reloc-derived;call-sites=1;identity=real
?setGamePaused@BfmeGameLogicPause@@QAEX_NH0@Z,0x00383490,300,Code/GameEngine/Source/GameClient/GUI/GUICallbacks/Menus/PopupSaveLoad.cpp,reloc-derived;call-sites=4;identity=real
?Gen003859B0@@YAHHH@Z,0x003859B0,216,Code/GameEngine/Source/Common/BigObfHookWrappers.cpp,reloc-derived;call-sites=1;identity=generated
?Gen00385AE0@@YAHHH@Z,0x00385AE0,216,Code/GameEngine/Source/Common/BigObfHookWrappers.cpp,reloc-derived;call-sites=1;identity=generated
?_M_bkt_num_key@?$hashtable@URva0038ED80Value@@VAsciiString@@U?$hash@VAsciiString@@@rts@@URva0038ED80ExtractKey@@U?$equal_to@VAsciiString@@@_STL@@V?$allocator@URva0038ED80Value@@@7@@_STL@@ABEIABVAsciiString@@I@Z,0x00388520,41,Code/Libraries/Source/WWVegas/WWLib/RvaHashInsertAsciiString.cpp,reloc-derived;call-sites=1;identity=generated
?_M_bkt_num_key@?$hashtable@URva0038EE10Value@@VAsciiString@@U?$hash@VAsciiString@@@rts@@URva0038EE10ExtractKey@@U?$equal_to@VAsciiString@@@_STL@@V?$allocator@URva0038EE10Value@@@7@@_STL@@ABEIABVAsciiString@@I@Z,0x00388560,41,Code/Libraries/Source/WWVegas/WWLib/RvaHashInsertAsciiString.cpp,reloc-derived;call-sites=1;identity=generated
?resize@?$hashtable@URva0038ED80Value@@VAsciiString@@U?$hash@VAsciiString@@@rts@@URva0038ED80ExtractKey@@U?$equal_to@VAsciiString@@@_STL@@V?$allocator@URva0038ED80Value@@@7@@_STL@@QAEXI@Z,0x00389C00,415,Code/Libraries/Source/WWVegas/WWLib/RvaHashInsertAsciiString.cpp,reloc-derived;call-sites=1;identity=generated
?resize@?$hashtable@URva0038EE10Value@@VAsciiString@@U?$hash@VAsciiString@@@rts@@URva0038EE10ExtractKey@@U?$equal_to@VAsciiString@@@_STL@@V?$allocator@URva0038EE10Value@@@7@@_STL@@QAEXI@Z,0x00389E10,415,Code/Libraries/Source/WWVegas/WWLib/RvaHashInsertAsciiString.cpp,reloc-derived;call-sites=1;identity=generated
?bfmeFinish@Gen_0038D000@@AAEXXZ,0x0038AE90,430,Code/GameEngine/Source/Common/Bfme5ClearThenWalk.cpp,reloc-derived;call-sites=1;identity=generated
?friend_awakenUpdateModule@GameLogic@@QAEXPAVObject@@PAVUpdateModule@@I@Z,0x0038D870,329,Code/GameEngine/Source/GameLogic/Object/Update/UpdateModule.cpp,reloc-derived;call-sites=1;identity=real
?gen0038EEA0@@YAPAXXZ,0x0038EEA0,65,Code/GameEngine/Source/Common/CachedPointerFills.cpp,reloc-derived;call-sites=1;identity=generated
?gen0038EF00@@YAPAXXZ,0x0038EF00,65,Code/GameEngine/Source/Common/CachedPointerFills.cpp,reloc-derived;call-sites=1;identity=generated
?findControlBarOverride@GameLogic@@QBE_NABVAsciiString@@HAAPBVCommandButton@@@Z,0x00391B30,206,Code/GameEngine/Source/GameClient/GUI/ControlBar/ControlBar.cpp,reloc-derived;call-sites=1;identity=real
?bfmeCallDSP@BfmeOwnerDSP@@QAEXPAX@Z,0x0039B090,157,Code/GameEngine/Source/Common/BfmeConv775.cpp,reloc-derived;call-sites=1;identity=real
??1Gen_dtor_0039b530@@UAE@XZ,0x0039B560,134,Code/gen_small/dtors_004.cpp,reloc-derived;call-sites=1;identity=generated
?bfmeIndexOf@BfmeSpecialPowerAllowanceStore@@AAEHPBVSpecialPowerTemplate@@@Z,0x0039BBD0,195,Code/GameEngine/Source/GameLogic/Object/SpecialPower/BfmeSpecialPowerAllowanceStore_allows.cpp,reloc-derived;call-sites=1;identity=real
?compare@Rva0039C7D0Owner@@ABE_NPBURva0039C7D0Payload@@0@Z,0x0039C1A0,153,Code/GameEngine/Source/Common/Rva0039C7D0Equals.cpp,reloc-derived;call-sites=1;identity=generated
??4Rva0039C830Mid@@QAEAAV0@ABV0@@Z,0x0039C590,250,Code/GameEngine/Source/Common/LargeGroupAudioKeyMapAssignment.cpp,reloc-derived;call-sites=2;identity=generated
?bfmeDoBRB@BfmeSinkBRB@@QAEXPAUBfmeSubBRB@@PAX@Z,0x0039CB60,314,Code/GameEngine/Source/Common/BfmeConv516.cpp,reloc-derived;call-sites=1;identity=real
??0?$pair@$$CBUGen_t_0039e0a0_k4@@UGen_t_0039e0a0_p12cd@@@_STL@@QAE@ABU01@@Z,0x0039DE20,511,Code/gen_small/tgrid_112.cpp,reloc-derived;call-sites=1;identity=generated
?setPolicies@RespawnPolicyMember@@QAEXURespawnPolicy@@0@Z,0x0039FBA0,421,Code/GameEngine/Source/GameLogic/Object/Behavior/RespawnBodyModuleDataCtorThunk.cpp,reloc-derived;call-sites=1;identity=real
?bfmeOneCGF@BfmeOwnerCGF@@QAEXPAX@Z,0x003A01E0,437,Code/GameEngine/Source/Common/BfmeConv599.cpp,reloc-derived;call-sites=1;identity=real
?getSkillPointsNeeded@RankInfo@@QBEHABVAsciiString@@@Z,0x003A0860,144,Code/GameEngine/Source/Common/RTS/Player_resetRank_Thunk.cpp,reloc-derived;call-sites=1;identity=real
??$__copy_backward@PAUGen_t_003a24c0_p128pod@@PAU1@H@_STL@@YAPAUGen_t_003a24c0_p128pod@@PAU1@00ABUrandom_access_iterator_tag@0@PAH@Z,0x003A13E0,84,Code/gen_small/tgrid_134.cpp,reloc-derived;call-sites=1;identity=generated
??0?$pair@$$CBUGen_t_003a2460_k4@@UGen_t_003a2460_p12cd@@@_STL@@QAE@ABU01@@Z,0x003A2360,130,Code/gen_small/tgrid_112.cpp,reloc-derived;call-sites=1;identity=generated
?_M_insert_overflow@?$vector@URva003A35A0Element@@V?$allocator@URva003A35A0Element@@@_STL@@@_STL@@IAEXPAURva003A35A0Element@@ABU3@ABU__false_type@2@I_N@Z,0x003A3410,289,Code/Libraries/Source/WWVegas/WWLib/RvaVectorPushBack.cpp,reloc-derived;call-sites=1;identity=real
?build@Gen003BD7D0Node@@QAEPAVGen003BD8D0Built@@PAVGen003BD8D0Arg@@HH@Z,0x003A3E90,46,Code/GameEngine/Source/Common/V4MirroredFlagUpdate.cpp,reloc-derived;call-sites=1;identity=generated
?enter@Gen003BD7D0Node@@QAEXXZ,0x003A4A40,105,Code/GameEngine/Source/Common/V4MirroredFlagUpdate.cpp,reloc-derived;call-sites=1;identity=generated
?leave@Gen003BD7D0Node@@QAEXXZ,0x003A4AD0,84,Code/GameEngine/Source/Common/V4MirroredFlagUpdate.cpp,reloc-derived;call-sites=1;identity=generated
??1Gen_dtor_003a58b0@@UAE@XZ,0x003A5670,388,Code/gen_small/dtors_004.cpp,reloc-derived;call-sites=1;identity=generated
?apply@Gen003C0110Result@@QAEXHHHHH@Z,0x003A58E0,240,Code/GameEngine/Source/Common/V4StdcallLookupForwarder.cpp,reloc-derived;call-sites=1;identity=generated
??0?$pair@$$CBUGen_t_003a91e0_k4@@UGen_t_003a91e0_p12cd@@@_STL@@QAE@ABU01@@Z,0x003A87D0,208,Code/gen_small/tgrid_113.cpp,reloc-derived;call-sites=1;identity=generated
??0?$pair@$$CBUGen_t_003a9240_k4@@UGen_t_003a9240_p12cd@@@_STL@@QAE@ABU01@@Z,0x003A8910,134,Code/gen_small/tgrid_113.cpp,reloc-derived;call-sites=1;identity=generated
??0?$pair@$$CBUGen_t_003a9310_k4@@UGen_t_003a9310_p12cd@@@_STL@@QAE@ABU01@@Z,0x003A8A70,116,Code/gen_small/tgrid_113.cpp,reloc-derived;call-sites=1;identity=generated
??0?$pair@$$CBUGen_t_003a94d0_k4@@UGen_t_003a94d0_p12cd@@@_STL@@QAE@ABU01@@Z,0x003A8BE0,98,Code/gen_small/tgrid_113.cpp,reloc-derived;call-sites=1;identity=generated
??0?$pair@$$CBUGen_t_003ab7e0_k4@@UGen_t_003ab7e0_p12cd@@@_STL@@QAE@ABU01@@Z,0x003AB690,129,Code/gen_small/tgrid_113.cpp,reloc-derived;call-sites=1;identity=generated
??0?$pair@$$CBUGen_t_003abf20_k4@@UGen_t_003abf20_p12cd@@@_STL@@QAE@ABU01@@Z,0x003ABC80,490,Code/gen_small/tgrid_113.cpp,reloc-derived;call-sites=1;identity=generated
??$__copy_backward@PAUGen_t_003aea50_p128pod@@PAU1@H@_STL@@YAPAUGen_t_003aea50_p128pod@@PAU1@00ABUrandom_access_iterator_tag@0@PAH@Z,0x003ACD80,353,Code/gen_small/tgrid_134.cpp,reloc-derived;call-sites=1;identity=generated
?j_0003152a@Glo012F1024Item@@QAEXXZ,0x003AD4A0,146,Code/GameEngine/Source/Common/Glo012F1024Entry_bfmeStep.cpp,reloc-derived;call-sites=1;identity=real
?j_000250d6@Glo012F1024Item@@QAEXXZ,0x003AD560,548,Code/GameEngine/Source/Common/Glo012F1024Entry_bfmeStep.cpp,reloc-derived;call-sites=1;identity=real
?j_0001eb9b@Glo012F1024Item@@QAEXXZ,0x003AD8B0,524,Code/GameEngine/Source/Common/Glo012F1024Entry_bfmeStep.cpp,reloc-derived;call-sites=1;identity=real
?j_0000d1d4@Glo012F1024Item@@QAEXXZ,0x003ADB40,182,Code/GameEngine/Source/Common/Glo012F1024Entry_bfmeStep.cpp,reloc-derived;call-sites=1;identity=real
?j_0002d3e4@Glo012F1024Item@@QAEXXZ,0x003ADC30,108,Code/GameEngine/Source/Common/Glo012F1024Entry_bfmeStep.cpp,reloc-derived;call-sites=1;identity=real
?j_00021f26@Glo012F1024Item@@QAEXXZ,0x003ADCC0,183,Code/GameEngine/Source/Common/Glo012F1024Entry_bfmeStep.cpp,reloc-derived;call-sites=1;identity=real
?j_0002eeec@Glo012F1024Item@@QAEXXZ,0x003ADDB0,217,Code/GameEngine/Source/Common/Glo012F1024Entry_bfmeStep.cpp,reloc-derived;call-sites=1;identity=real
?j_00040c32@Glo012F1024Item@@QAEXXZ,0x003ADFC0,83,Code/GameEngine/Source/Common/Glo012F1024Entry_bfmeStep.cpp,reloc-derived;call-sites=1;identity=real
?j_0002a969@Glo012F1024Item@@QAEXXZ,0x003AE030,313,Code/GameEngine/Source/Common/Glo012F1024Entry_bfmeStep.cpp,reloc-derived;call-sites=1;identity=real
?j_0000ca59@Glo012F1024Item@@QAE_NXZ,0x003AE1C0,294,Code/GameEngine/Source/Common/Glo012F1024Entry_bfmeStep.cpp,reloc-derived;call-sites=1;identity=real
?j_00036124@Glo012F1024Item@@QAEXXZ,0x003AE370,226,Code/GameEngine/Source/Common/Glo012F1024Entry_bfmeStep.cpp,reloc-derived;call-sites=1;identity=real
?j_0000df76@Glo012F1024Item@@QAEXXZ,0x003AE490,288,Code/GameEngine/Source/Common/Glo012F1024Entry_bfmeStep.cpp,reloc-derived;call-sites=1;identity=real
?j_00008053@Glo012F1024Item@@QAEXXZ,0x003AE600,54,Code/GameEngine/Source/Common/Glo012F1024Entry_bfmeStep.cpp,reloc-derived;call-sites=1;identity=real
?j_00010712@Glo012F1024Item@@QAEXXZ,0x003AE650,243,Code/GameEngine/Source/Common/Glo012F1024Entry_bfmeStep.cpp,reloc-derived;call-sites=1;identity=real
??$__copy_backward@PAUGen_t_003af250_p128pod@@PAU1@H@_STL@@YAPAUGen_t_003af250_p128pod@@PAU1@00ABUrandom_access_iterator_tag@0@PAH@Z,0x003AEB00,61,Code/gen_small/tgrid_134.cpp,reloc-derived;call-sites=1;identity=generated
??$__copy_backward@PAUGen_t_003af430_p128pod@@PAU1@H@_STL@@YAPAUGen_t_003af430_p128pod@@PAU1@00ABUrandom_access_iterator_tag@0@PAH@Z,0x003AEBB0,117,Code/gen_small/tgrid_134.cpp,reloc-derived;call-sites=1;identity=generated
??$__copy_backward@PAUGen_t_003af4e0_p128pod@@PAU1@H@_STL@@YAPAUGen_t_003af4e0_p128pod@@PAU1@00ABUrandom_access_iterator_tag@0@PAH@Z,0x003AEC50,86,Code/gen_small/tgrid_134.cpp,reloc-derived;call-sites=1;identity=generated
??$__copy_backward@PAUGen_t_003af610_p128pod@@PAU1@H@_STL@@YAPAUGen_t_003af610_p128pod@@PAU1@00ABUrandom_access_iterator_tag@0@PAH@Z,0x003AECC0,95,Code/gen_small/tgrid_134.cpp,reloc-derived;call-sites=1;identity=generated
??$__copy_backward@PAUGen_t_003af640_p128pod@@PAU1@H@_STL@@YAPAUGen_t_003af640_p128pod@@PAU1@00ABUrandom_access_iterator_tag@0@PAH@Z,0x003AED40,134,Code/gen_small/tgrid_134.cpp,reloc-derived;call-sites=1;identity=generated
?j_00019eca@Glo012F1024Item@@QAEXXZ,0x003AEF20,160,Code/GameEngine/Source/Common/Glo012F1024Entry_bfmeStep.cpp,reloc-derived;call-sites=1;identity=real
?handle@Gen003AF7A0@@QAEXPAX0@Z,0x003AF7A0,77,Code/GameEngine/Source/Common/FieldForwarders.cpp,reloc-derived;call-sites=1;identity=generated
??1Gen_dtor_003abef0@@UAE@XZ,0x003B16B0,325,Code/gen_small/dtors_005.cpp,reloc-derived;call-sites=1;identity=generated
??$__copy_backward@PAUGen_t_003b22b0_p128pod@@PAU1@H@_STL@@YAPAUGen_t_003b22b0_p128pod@@PAU1@00ABUrandom_access_iterator_tag@0@PAH@Z,0x003B1F80,89,Code/gen_small/tgrid_134.cpp,reloc-derived;call-sites=1;identity=generated
??$__copy_backward@PAUGen_t_003b25a0_p128pod@@PAU1@H@_STL@@YAPAUGen_t_003b25a0_p128pod@@PAU1@00ABUrandom_access_iterator_tag@0@PAH@Z,0x003B22E0,123,Code/gen_small/tgrid_134.cpp,reloc-derived;call-sites=1;identity=generated
?handle@Gen003B2540@@QAEXPAX0@Z,0x003B2540,77,Code/GameEngine/Source/Common/FieldForwarders.cpp,reloc-derived;call-sites=1;identity=generated
?handle@Gen003B2830@@QAEXPAX0@Z,0x003B2830,77,Code/GameEngine/Source/Common/FieldForwarders.cpp,reloc-derived;call-sites=1;identity=generated
?findArmy@BfmeLivingWorldCampaignManager@@QAEPAVLivingWorldArmy@@ABVAsciiString@@@Z,0x003B43D0,256,Code/GameEngine/Source/Common/LivingWorldPlayerArmyLoadPostProcess.cpp,reloc-derived;call-sites=1;identity=real
??1Gen_dtor_003b5dd0@@UAE@XZ,0x003B5170,111,Code/gen_small/dtors_005.cpp,reloc-derived;call-sites=1;identity=generated
??$__copy_backward@PAUGen_t_003b60a0_p128pod@@PAU1@H@_STL@@YAPAUGen_t_003b60a0_p128pod@@PAU1@00ABUrandom_access_iterator_tag@0@PAH@Z,0x003B5EA0,123,Code/gen_small/tgrid_134.cpp,reloc-derived;call-sites=1;identity=generated
??$__copy_backward@PAUGen_t_003b6920_p128pod@@PAU1@H@_STL@@YAPAUGen_t_003b6920_p128pod@@PAU1@00ABUrandom_access_iterator_tag@0@PAH@Z,0x003B6800,75,Code/gen_small/tgrid_134.cpp,reloc-derived;call-sites=1;identity=generated
??4Rva003B6C40Mid@@QAEAAV0@ABV0@@Z,0x003B6A40,271,Code/GameEngine/Source/Common/Rva003B6C40Assign.cpp,reloc-derived;call-sites=1;identity=generated
??0?$pair@$$CBUGen_t_003b6c90_k4@@UGen_t_003b6c90_p12cd@@@_STL@@QAE@ABU01@@Z,0x003B6BA0,116,Code/gen_small/tgrid_113.cpp,reloc-derived;call-sites=1;identity=generated
??$__copy_backward@PAUGen_t_003b6f50_p128pod@@PAU1@H@_STL@@YAPAUGen_t_003b6f50_p128pod@@PAU1@00ABUrandom_access_iterator_tag@0@PAH@Z,0x003B6D70,93,Code/gen_small/tgrid_134.cpp,reloc-derived;call-sites=1;identity=generated
??1Gen_dtor_003a7040@@UAE@XZ,0x003B7740,42,Code/gen_small/dtors_004.cpp,reloc-derived;call-sites=1;identity=generated
??1Gen_dtor_003a88e0@@UAE@XZ,0x003B7ED0,148,Code/gen_small/dtors_005.cpp,reloc-derived;call-sites=1;identity=generated
??1Gen_dtor_003a89c0@@UAE@XZ,0x003B8110,96,Code/gen_small/dtors_005.cpp,reloc-derived;call-sites=1;identity=generated
?_M_copy@?$_Rb_tree@UGen_t_003b8f80_k4@@U1@U?$_Identity@UGen_t_003b8f80_k4@@@_STL@@U?$less@UGen_t_003b8f80_k4@@@3@V?$allocator@UGen_t_003b8f80_k4@@@3@@_STL@@AAEPAU?$_Rb_tree_node@UGen_t_003b8f80_k4@@@2@PAU32@0@Z,0x003B8B80,169,Code/gen_small/tgrid_124.cpp,reloc-derived;call-sites=1;identity=generated
?bfmeDrop1106@BfmeK1106@@QAEXXZ,0x003B98A0,120,Code/GameEngine/Source/Common/BfmeConv1106.cpp,reloc-derived;call-sites=1;identity=real
??0?$pair@$$CBUGen_t_003ba380_k4@@UGen_t_003ba380_p12cd@@@_STL@@QAE@ABU01@@Z,0x003B9AD0,87,Code/gen_small/tgrid_114.cpp,reloc-derived;call-sites=1;identity=generated
??0GenBase003BB1E0@@QAE@XZ,0x003BB1E0,81,Code/GameEngine/Source/Common/MidVptrOnlyDerivedCtors.cpp,reloc-derived;call-sites=2;identity=real
??1Gen_dtor_003bc060@@UAE@XZ,0x003BBC20,145,Code/gen_small/dtors_005.cpp,reloc-derived;call-sites=1;identity=generated
??$__uninitialized_copy@PBUGen_t_003be710_m12cd@@PAU1@@_STL@@YAPAUGen_t_003be710_m12cd@@PBU1@0PAU1@ABU__false_type@0@@Z,0x003BD480,120,Code/gen_small/fam_012.cpp,reloc-derived;call-sites=1;identity=generated
?find@Rva003BF540@@QAEPAVGen003BD7D0Node@@H@Z,0x003BD7D0,74,Code/GameEngine/Source/Common/V4MirroredFlagUpdate.cpp,reloc-derived;call-sites=4;identity=generated
?apply@Rva003BF540@@QAEX_N@Z,0x003BD960,65,Code/GameEngine/Source/Common/V4MirroredFlagUpdate.cpp,reloc-derived;call-sites=2;identity=generated
??$_M_allocate_and_copy@PAUGen_t_003c0ce0_p2pod@@@?$vector@UGen_t_003c0ce0_p2pod@@V?$allocator@UGen_t_003c0ce0_p2pod@@@_STL@@@_STL@@IAEPAUGen_t_003c0ce0_p2pod@@IPAU2@0@Z,0x003BE980,87,Code/gen_small/tgrid_114.cpp,reloc-derived;call-sites=1;identity=generated
?test@Rva003BF540@@QAE_NXZ,0x003BEAF0,77,Code/GameEngine/Source/Common/V4MirroredFlagUpdate.cpp,reloc-derived;call-sites=2;identity=generated
?bfmeVal1025@BfmeH1025@@QAEHXZ,0x003BED60,81,Code/GameEngine/Source/Common/BfmeConv1025.cpp,reloc-derived;call-sites=1;identity=real
?bfmeThreeBZF@BfmeGlobalBZF@@QAEXH@Z,0x003BFAB0,87,Code/GameEngine/Source/Common/BfmeConv561.cpp,reloc-derived;call-sites=1;identity=real
?_M_fill_insert@?$list@UGen_t_003c0c40_m12cd@@V?$allocator@UGen_t_003c0c40_m12cd@@@_STL@@@_STL@@QAEXU?$_List_iterator@UGen_t_003c0c40_m12cd@@U?$_Nonconst_traits@UGen_t_003c0c40_m12cd@@@_STL@@@2@IABUGen_t_003c0c40_m12cd@@@Z,0x003C0000,65,Code/gen_small/fam_012.cpp,reloc-derived;call-sites=1;identity=generated
?first@Rva003C0E40@@QAEHH@Z,0x003C0500,218,Code/GameEngine/Source/Common/V4TwoCallForwarders.cpp,reloc-derived;call-sites=1;identity=generated
?bfmeSendAQA@BfmeTwoAQA@@QAEXPAX@Z,0x003C1AD0,306,Code/GameEngine/Source/Common/BfmeConv414.cpp,reloc-derived;call-sites=1;identity=real
??1Gen_dtor_003c3730@@UAE@XZ,0x003C31D0,544,Code/gen_small/dtors_005.cpp,reloc-derived;call-sites=1;identity=generated
??1Gen_dtor_003c60a0@@UAE@XZ,0x003C5160,217,Code/gen_small/dtors_005.cpp,reloc-derived;call-sites=1;identity=generated
?bfmeDoHC@BfmeObjHC@@QAE_NPAX00H@Z,0x003C5C40,368,Code/GameEngine/Source/Common/BfmeConv899.cpp,reloc-derived;call-sites=1;identity=real
?bfmeBegin@Glo012F1028Sub@@AAEXPAVGlo012F1028Item@@@Z,0x003C7010,220,Code/GameEngine/Source/Common/Glo012F1028Sub_bfmeNotify.cpp,reloc-derived;call-sites=1;identity=real
?bfmeFree923F@@YGXPAXH@Z,0x003C7420,262,Code/GameEngine/Source/Common/BfmeConv923.cpp,reloc-derived;call-sites=1;identity=real
?step@Gen003C75A0Owner@@QAEXXZ,0x003C75A0,58,Code/GameEngine/Source/Common/V4TwoCallForwarders.cpp,reloc-derived;call-sites=1;identity=generated
?Gen003C7780@@YAHHH@Z,0x003C7780,216,Code/GameEngine/Source/Common/BigObfHookWrappers.cpp,reloc-derived;call-sites=1;identity=generated
?Gen003C78B0@@YAHHH@Z,0x003C78B0,216,Code/GameEngine/Source/Common/BigObfHookWrappers.cpp,reloc-derived;call-sites=1;identity=generated
?bfmeUse1052@BfmeJ1052@@QAEXPAH@Z,0x003C8160,332,Code/GameEngine/Source/Common/BfmeConv1052.cpp,reloc-derived;call-sites=1;identity=real
?bfmeStopTwoAQA@BfmeSubAQA@@QAEXXZ,0x003C9320,257,Code/GameEngine/Source/Common/BfmeConv414.cpp,reloc-derived;call-sites=1;identity=real
??1Gen_dtor_003c9b30@@UAE@XZ,0x003C97B0,366,Code/gen_small/dtors_005.cpp,reloc-derived;call-sites=1;identity=generated
??1Gen_dtor_003ca640@@UAE@XZ,0x003CA480,265,Code/gen_small/dtors_005.cpp,reloc-derived;call-sites=1;identity=generated
?bfmeFinish@Glo012F1028Sub@@AAEXPAVGlo012F1028Item@@H@Z,0x003CA7C0,423,Code/GameEngine/Source/Common/Glo012F1028Sub_bfmeNotify.cpp,reloc-derived;call-sites=1;identity=real
?drop@Gen003C8A50@@QAEXPAVGen003C8A50Result@@@Z,0x003CA9D0,662,Code/GameEngine/Source/Common/V4GuardedLookupFieldReads.cpp,reloc-derived;call-sites=1;identity=generated
?consume@Gen003BF540Owner@@QAE_NPAVGen003BD8D0Built@@@Z,0x003CAE40,89,Code/GameEngine/Source/Common/V4MirroredFlagUpdate.cpp,reloc-derived;call-sites=1;identity=generated
??0?$pair@$$CBUGen_t_003cd920_k4@@UGen_t_003cd920_p12cd@@@_STL@@QAE@ABU01@@Z,0x003CC780,212,Code/gen_small/tgrid_114.cpp,reloc-derived;call-sites=1;identity=generated
?call@Gen000135B1@@QAEXPAVY1ForEachArg@@0@Z,0x003CCE80,227,Code/GameEngine/Source/Common/Y1MemberVectorForEach.cpp,reloc-derived;call-sites=1;identity=generated
?Gen003CDD00@@YAXPAPAHHHPAHUQ3HeapCompare@@@Z,0x003CDD00,131,Code/GameEngine/Source/Common/Q3HeapAlgorithmFamily.cpp,reloc-derived;call-sites=5;identity=generated
?Gen003CEC30@@YAXPAUQ3SortElem4@@0UQ3SortCompare@@@Z,0x003CEC30,123,Code/GameEngine/Source/Common/Q3IntrosortFamilies.cpp,reloc-derived;call-sites=2;identity=generated
??0LargeGroupAudio@@QAE@XZ,0x003CEF00,176,Code/GameEngine/Source/Common/INI/INILargeGroupAudioUnusedKnownKeys.cpp,reloc-derived;call-sites=1;identity=real
?bfmeTake@BfmeSinkAB@@QAEXPAVBfmeVecAB@@@Z,0x003CF650,250,Code/GameEngine/Source/Common/Bfme5DropAndHandOver.cpp,reloc-derived;call-sites=1;identity=real
?_M_insert_overflow@?$vector@UGen_t_003d12a0_p8pod@@V?$allocator@UGen_t_003d12a0_p8pod@@@_STL@@@_STL@@IAEXPAUGen_t_003d12a0_p8pod@@ABU3@ABU__false_type@2@I_N@Z,0x003CFF30,302,Code/gen_small/tgrid_134.cpp,reloc-derived;call-sites=1;identity=generated
?apply@Gen00006D20@@QAEXPAVY1RangeWrapper@@@Z,0x003D0320,227,Code/GameEngine/Source/Common/Y1GatedRangeDispatch.cpp,reloc-derived;call-sites=1;identity=generated
?apply@Gen00025C75@@QAEXPAVY1RangeContext@@@Z,0x003D0440,224,Code/GameEngine/Source/Common/Y1GatedRangeDispatch.cpp,reloc-derived;call-sites=1;identity=generated
?call@Gen0001C184@@QAEXPAVY1ForEachArg@@@Z,0x003D07D0,227,Code/GameEngine/Source/Common/Y1MemberVectorForEach.cpp,reloc-derived;call-sites=1;identity=generated
??1Gen_dtor_003d1350@@UAE@XZ,0x003D0D70,295,Code/gen_small/dtors_005.cpp,reloc-derived;call-sites=1;identity=generated
??1Gen_dtor_003d2190@@UAE@XZ,0x003D18E0,298,Code/gen_small/dtors_005.cpp,reloc-derived;call-sites=1;identity=generated
?call@Gen00025603@@QAEXXZ,0x003D1A60,1450,Code/GameEngine/Source/Common/Y1MemberVectorForEach.cpp,reloc-derived;call-sites=1;identity=generated
??1Gen_dtor_003d2f10@@UAE@XZ,0x003D2D00,203,Code/gen_small/dtors_005.cpp,reloc-derived;call-sites=1;identity=generated
?call@Gen00018BF1@@QAEXXZ,0x003D2E00,175,Code/GameEngine/Source/Common/Y1MemberVectorForEach.cpp,reloc-derived;call-sites=1;identity=generated
?bfmeFlush@Rva003D8530Owner@@QAEXXZ,0x003D55C0,68,Code/GameEngine/Source/Common/MemoryPoolDestructor.cpp,reloc-derived;call-sites=1;identity=generated
?removeObjectFromPathfindMap@Pathfinder@@QAEXPAVObject@@@Z,0x003D5810,17,Code/GameEngine/Source/Common/Player_onStructureConstructionComplete_Thunk.cpp,reloc-derived;call-sites=2;identity=real
?iterateCellsAlongLine@Pathfinder@@QAEHABUICoord2D@@0W4PathfindLayerEnum@@PAURva003D7440Struct@@@Z,0x003D7440,433,Code/GameEngine/Source/GameLogic/AI/pathfind_iterateCellsAlongLine_world.cpp,reloc-derived;call-sites=1;identity=generated
?iterateCellsAlongLine@Pathfinder@@QAEHABUICoord2D@@0W4PathfindLayerEnum@@PAURva003D7680Struct@@@Z,0x003D7680,666,Code/GameEngine/Source/GameLogic/AI/pathfind_iterateCellsAlongLine_world.cpp,reloc-derived;call-sites=1;identity=generated
?iterateCellsAlongLine@Pathfinder@@QAEHABUICoord2D@@0W4PathfindLayerEnum@@PAURva003D79C0Struct@@@Z,0x003D79C0,557,Code/GameEngine/Source/GameLogic/AI/pathfind_iterateCellsAlongLine_world.cpp,reloc-derived;call-sites=1;identity=generated
?bfmeDrop@Rva003D8530Owner@@QAEXPAX@Z,0x003D8530,112,Code/GameEngine/Source/Common/MemoryPoolDestructor.cpp,reloc-derived;call-sites=1;identity=generated
?validMovementTerrain@Pathfinder@@QAE_NHPBVLocomotor@@PBUCoord3D@@@Z,0x003D85C0,219,Code/GameEngine/Source/Common/TransportContain_isSpecificRiderFreeToExit_Thunk.cpp,reloc-derived;call-sites=1;identity=real
?validMovementPosition@BFMEPathfinderMove@@QAE_NPBUCoord3D@@W4PathfindLayerEnum@@IPAVObject@@@Z,0x003DB520,226,Code/GameEngine/Source/GameLogic/Object/Update/AIUpdate.cpp,reloc-derived;call-sites=1;identity=real
??1Gen_dtor_003de910@@UAE@XZ,0x003DC040,229,Code/gen_small/dtors_005.cpp,reloc-derived;call-sites=1;identity=generated
?bfmeOneDSV@BfmeSubDSV@@QAEXXZ,0x003DC190,716,Code/GameEngine/Source/Common/BfmeConv777.cpp,reloc-derived;call-sites=1;identity=real
?iterateCellsAlongLine@Pathfinder@@QAEHABUICoord2D@@0W4PathfindLayerEnum@@PAURva003DE480Struct@@@Z,0x003DE480,475,Code/GameEngine/Source/GameLogic/AI/pathfind_iterateCellsAlongLine_world.cpp,reloc-derived;call-sites=1;identity=generated
??0TightenPathStruct@@QAE@PAVPathfinder@@PAVObject@@PBVLocomotorSet@@W4PathfindLayerEnum@@PBUCoord3D@@@Z,0x003E1720,92,Code/GameEngine/Source/GameLogic/AI/pathfind_tightenPath.cpp,reloc-derived;call-sites=1;identity=real
?iterateCellsAlongLine@Pathfinder@@QAEHABUICoord2D@@0W4PathfindLayerEnum@@PAUViewAttackBlockedStruct@@@Z,0x003E3190,475,Code/GameEngine/Source/GameLogic/AI/pathfind_iterateCellsAlongLine_world.cpp,reloc-derived;call-sites=1;identity=real
?iterateCellsAlongLine@Pathfinder@@QAEHABUICoord2D@@0W4PathfindLayerEnum@@PAURva003E3650Struct@@@Z,0x003E3650,538,Code/GameEngine/Source/GameLogic/AI/pathfind_iterateCellsAlongLine_world.cpp,reloc-derived;call-sites=1;identity=generated
?removeGoal@Pathfinder@@QAEXPAVObject@@@Z,0x003E3D20,466,Code/GameEngine/Source/GameLogic/AI/AIMoveAwayFromRepulsorsState_onEnter_Thunk.cpp,reloc-derived;call-sites=2;identity=real
?removePos@Pathfinder@@QAEXPAVObject@@@Z,0x003E3F70,424,Code/GameEngine/Source/GameLogic/Object/Object.cpp,reloc-derived;call-sites=1;identity=real
?bfmeLayerForPosition@Pathfinder@@QAEHPAVObject@@UCoord3D@@@Z,0x003E5CA0,330,Code/GameEngine/Source/GameLogic/Object/Object_bfmeExpireForcedGroundLayer.cpp,reloc-derived;call-sites=1;identity=real
?iterateCellsAlongLine@Pathfinder@@QAEHABUICoord2D@@0W4PathfindLayerEnum@@PAURva003E7F80Struct@@@Z,0x003E7F80,475,Code/GameEngine/Source/GameLogic/AI/pathfind_iterateCellsAlongLine_world.cpp,reloc-derived;call-sites=1;identity=generated
?iterateCellsAlongLine@Pathfinder@@QAEHABUICoord2D@@0W4PathfindLayerEnum@@PAURva003E81E0Struct@@@Z,0x003E81E0,475,Code/GameEngine/Source/GameLogic/AI/pathfind_iterateCellsAlongLine_world.cpp,reloc-derived;call-sites=1;identity=generated
?iterateCellsAlongLine@Pathfinder@@QAEHABUICoord2D@@0W4PathfindLayerEnum@@PAURva003E8440Struct@@@Z,0x003E8440,475,Code/GameEngine/Source/GameLogic/AI/pathfind_iterateCellsAlongLine_world.cpp,reloc-derived;call-sites=1;identity=generated
?updatePos@Pathfinder@@QAEXPAVObject@@PBUCoord3D@@@Z,0x003E9D80,1206,Code/GameEngine/Source/GameLogic/Object/Object.cpp,reloc-derived;call-sites=1;identity=real
?iterateCellsAlongLine@Pathfinder@@AAEXPBUICoord2D@@0W4PathfindLayerEnum@@PAUMADStruct@@@Z,0x003ED9F0,475,Code/GameEngine/Source/Common/Pathfinder_moveAlliesAwayFromDestination_Thunk.cpp,reloc-derived;call-sites=2;identity=real
?iterateCellsAlongLine@Pathfinder@@QAEHABUICoord2D@@0W4PathfindLayerEnum@@PAURva003F1CA0Struct@@@Z,0x003F1CA0,475,Code/GameEngine/Source/GameLogic/AI/pathfind_iterateCellsAlongLine_world.cpp,reloc-derived;call-sites=1;identity=generated
?iterateCellsAlongLine@Pathfinder@@IAEHABUICoord2D@@0W4PathfindLayerEnum@@PAX@Z,0x003F1F00,475,Code/GameEngine/Source/GameLogic/AI/pathfind_iterateCellsAlongLine_world.cpp,reloc-derived;call-sites=2;identity=real
?bfmeDoBRE@BfmeSubBRE@@QAEXPAX@Z,0x003F6B70,108,Code/GameEngine/Source/Common/BfmeConv519.cpp,reloc-derived;call-sites=1;identity=real
?_M_insert_overflow@?$vector@UGen_t_003f90f0_p8pod@@V?$allocator@UGen_t_003f90f0_p8pod@@@_STL@@@_STL@@IAEXPAUGen_t_003f90f0_p8pod@@ABU3@ABU__false_type@2@I_N@Z,0x003F8EF0,302,Code/gen_small/tgrid_134.cpp,reloc-derived;call-sites=1;identity=generated
?bfmeNotifyPlain@BFMEPathfindLayerFields@@QAEXXZ,0x003FC380,430,Code/GameEngine/Source/GameLogic/AI/AIPathfind.cpp,reloc-derived;call-sites=1;identity=real
?_M_insert_overflow@?$vector@UGen_t_004019b0_m4pod@@V?$allocator@UGen_t_004019b0_m4pod@@@_STL@@@_STL@@IAEXPAUGen_t_004019b0_m4pod@@ABU3@ABU__false_type@2@I_N@Z,0x004014A0,282,Code/gen_small/fam_019.cpp,reloc-derived;call-sites=1;identity=generated
?flattenZones@@YAXPAG0H@Z,0x004027B0,171,Code/GameEngine/Source/GameLogic/AI/PathfindZoneFlatten.cpp,reloc-derived;call-sites=1;identity=real
??1Rva004029F0@@QAE@XZ,0x004029F0,89,Code/GameEngine/Source/GameLogic/AI/PathfindZoneManager_freeBlocks.cpp,reloc-derived;call-sites=1;identity=generated
??1Gen_dtor_00409420@@UAE@XZ,0x00409250,60,Code/gen_small/dtors_005.cpp,reloc-derived;call-sites=1;identity=generated
??1Gen_dtor_0040b080@@UAE@XZ,0x0040ADF0,70,Code/gen_small/dtors_005.cpp,reloc-derived;call-sites=1;identity=generated
??1Gen_dtor_0040b0b0@@UAE@XZ,0x0040AEB0,121,Code/gen_small/dtors_005.cpp,reloc-derived;call-sites=1;identity=generated
??1Gen_dtor_0040b0e0@@UAE@XZ,0x0040AFF0,104,Code/gen_small/dtors_005.cpp,reloc-derived;call-sites=1;identity=generated
??0Rva006E1700Base@@QAE@XZ,0x0040B190,25,Code/GameEngine/Source/Common/Rva006E1700Ctor.cpp,reloc-derived;call-sites=1;identity=real
??1Gen_dtor_0040b1d0@@UAE@XZ,0x0040B200,82,Code/gen_small/dtors_005.cpp,reloc-derived;call-sites=1;identity=generated
??1Gen_dtor_0040ba10@@UAE@XZ,0x0040BA40,137,Code/gen_small/dtors_005.cpp,reloc-derived;call-sites=1;identity=generated
?bfmeDoBOE@BfmeSinkBOE@@QAEXPAX0@Z,0x0040C660,657,Code/GameEngine/Source/Common/BfmeConv503.cpp,reloc-derived;call-sites=1;identity=real
??1Gen_dtor_0040fe10@@UAE@XZ,0x0040F6D0,134,Code/gen_small/dtors_005.cpp,reloc-derived;call-sites=1;identity=generated
?bfmeStop1019@BfmeA1019@@QAEXH@Z,0x0040FD20,79,Code/GameEngine/Source/Common/BfmeConv1019.cpp,reloc-derived;call-sites=1;identity=real
?unLink@DisplayStringManager@@IAEXPAVDisplayString@@@Z,0x00410370,140,Code/GameEngineDevice/Source/W3DDevice/GameClient/W3DDisplayStringManager.cpp,reloc-derived;call-sites=1;identity=real
?calcPhysicsXformHoverOrWings@Drawable@@IAEXPBVLocomotor@@AAUPhysicsXformInfo@1@@Z,0x00410E10,195,Code/GameEngine/Source/GameClient/Drawable.cpp,reloc-derived;call-sites=1;identity=real
?invoke@S4Sink004135C0@@QAEXABVAsciiString@@HHHH@Z,0x004135C0,81,Code/GameEngine/Source/Common/S4LuaStringCommands.cpp,reloc-derived;call-sites=4;identity=real
?calcPhysicsXformTreads@Drawable@@IAEXPBVLocomotor@@AAUPhysicsXformInfo@1@@Z,0x004143F0,1013,Code/GameEngine/Source/GameClient/Drawable.cpp,reloc-derived;call-sites=1;identity=real
?setEmoticon@Drawable@@QAEXABVAsciiString@@H@Z,0x004149E0,218,Code/GameEngine/Source/GameLogic/AI/AIGroup_groupSetEmoticon.cpp,reloc-derived;call-sites=1;identity=real
?bfmeOnceBXF@BfmeThingBXF@@QAEXXZ,0x00416550,123,Code/GameEngine/Source/Common/BfmeConv553.cpp,reloc-derived;call-sites=1;identity=real
?getPerUnitSound@ThingTemplate@@QBEPBVAudioEventRTS@@ABVAsciiString@@@Z,0x00416FE0,97,Code/GameEngine/Source/GameLogic/AI/TurretAIStartRotOrPitchSoundThunk.cpp,reloc-derived;call-sites=1;identity=real
?bfmeEmit@Gen_00417cb0@@AAEXPAX0@Z,0x00417710,681,Code/GameEngine/Source/Common/Bfme/Gen_00417cb0_tail.cpp,reloc-derived;call-sites=1;identity=generated
?setIndicatorColor@Drawable@@QAEXH@Z,0x004186E0,143,Code/GameEngine/Source/GameClient/Drawable.cpp,reloc-derived;call-sites=2;identity=real
??1Gen_dtor_0041b990@@UAE@XZ,0x00419A10,747,Code/gen_small/dtors_005.cpp,reloc-derived;call-sites=1;identity=generated
?bfmeThenBXF@BfmeThingBXF@@QAEXH@Z,0x0041A2E0,466,Code/GameEngine/Source/Common/BfmeConv553.cpp,reloc-derived;call-sites=1;identity=real
?bfmeUseGI@BfmeSubGI@@QAEXPAX@Z,0x0041B040,114,Code/GameEngine/Source/Common/BfmeConv898.cpp,reloc-derived;call-sites=1;identity=real
?getProjectileLaunchOffset@Drawable@@QBE_NW4WeaponSlotType@@HPAVMatrix3D@@W4WhichTurretType@@PAUCoord3D@@3@Z,0x0041B9C0,196,Code/GameEngine/Source/GameLogic/Object/Weapon.cpp,reloc-derived;call-sites=1;identity=real
?bfmeCalc919G@BfmeCalc919G@@QAEHXZ,0x0041CEC0,364,Code/GameEngine/Source/Common/BfmeConv919.cpp,reloc-derived;call-sites=2;identity=real
?getPosition@BFMERopeDrawable@@QBEPBUCoord3D@@XZ,0x0041D090,147,Code/GameEngineDevice/Source/W3DDevice/GameClient/Drawable/W3DRopeDraw.cpp,reloc-derived;call-sites=1;identity=real
?bfmeTellRB@BfmeNodeRB@@QAEXPAX@Z,0x0041D220,85,Code/GameEngine/Source/Common/BfmeThreeHundredNine.cpp,reloc-derived;call-sites=1;identity=real
?calcPhysicsXformThrust@Drawable@@IAEXPBVLocomotor@@AAUPhysicsXformInfo@1@@Z,0x00420B60,1740,Code/GameEngine/Source/GameClient/Drawable.cpp,reloc-derived;call-sites=1;identity=real
?setShouldPlay@Eva@@QAE_NW4EvaMessage@@PBUCoord3D@@@Z,0x004233A0,146,Code/GameEngine/Source/GameClient/EvaEventFXNugget_doFXObj_Thunk.cpp,reloc-derived;call-sites=3;identity=real
?_bfme_serviceHighestPriorityCheck@Eva@@AAEXXZ,0x004237E0,716,Code/GameEngine/Source/GameClient/EvaUpdate.cpp,reloc-derived;call-sites=1;identity=real
?gen00424E90@@YAPAXXZ,0x00424E90,65,Code/GameEngine/Source/Common/CachedPointerFills.cpp,reloc-derived;call-sites=1;identity=generated
?_M_insert_overflow@?$vector@UGen_t_004258e0_p24cd@@V?$allocator@UGen_t_004258e0_p24cd@@@_STL@@@_STL@@IAEXPAUGen_t_004258e0_p24cd@@ABU3@ABU__false_type@2@I_N@Z,0x00425270,335,Code/gen_small/tgrid_115.cpp,reloc-derived;call-sites=1;identity=generated
??$__copy_backward@PAUGen_t_00425fc0_p128pod@@PAU1@H@_STL@@YAPAUGen_t_00425fc0_p128pod@@PAU1@00ABUrandom_access_iterator_tag@0@PAH@Z,0x004259E0,103,Code/gen_small/tgrid_134.cpp,reloc-derived;call-sites=1;identity=generated
??$__copy_backward@PAUGen_t_00425ff0_p128pod@@PAU1@H@_STL@@YAPAUGen_t_00425ff0_p128pod@@PAU1@00ABUrandom_access_iterator_tag@0@PAH@Z,0x00425A60,103,Code/gen_small/tgrid_134.cpp,reloc-derived;call-sites=1;identity=generated
??$__copy_backward@PAUGen_t_00426060_p128pod@@PAU1@H@_STL@@YAPAUGen_t_00426060_p128pod@@PAU1@00ABUrandom_access_iterator_tag@0@PAH@Z,0x00425AE0,105,Code/gen_small/tgrid_134.cpp,reloc-derived;call-sites=1;identity=generated
?_M_insert_overflow@?$vector@URva00426C00Element@@V?$allocator@URva00426C00Element@@@_STL@@@_STL@@IAEXPAURva00426C00Element@@ABU3@ABU__false_type@2@I_N@Z,0x00426870,286,Code/Libraries/Source/WWVegas/WWLib/RvaVectorPushBack.cpp,reloc-derived;call-sites=1;identity=real
?doFXObj@FXList@@QBEXPBVObject@@0@Z,0x00428180,163,Code/GameEngine/Source/Common/Thing/UpgradeMuxData.cpp,reloc-derived;call-sites=1;identity=real
??1Gen_dtor_0042a170@@UAE@XZ,0x0042A1A0,127,Code/gen_small/dtors_005.cpp,reloc-derived;call-sites=1;identity=generated
?reallyDoFX@ParticleSystemFXNugget@@IBEXPBUCoord3D@@PBVMatrix3D@@PBVObject@@2@Z,0x0042A270,3002,Code/GameEngine/Source/GameClient/FXList.cpp,reloc-derived;call-sites=2;identity=real
??0CursorParticleSystemFXNugget@@QAE@XZ,0x0042B280,171,Code/GameEngine/Source/GameClient/FXListNuggetParse_Thunk.cpp,reloc-derived;call-sites=1;identity=real
?bfmeBaseASA@BfmeThingASA@@QAEXPAX@Z,0x0042B4D0,199,Code/GameEngine/Source/Common/BfmeConv419.cpp,reloc-derived;call-sites=1;identity=real
??0BuffNuggetFXNugget@@QAE@XZ,0x0042D2B0,273,Code/GameEngine/Source/GameClient/FXListNuggetParse_Thunk.cpp,reloc-derived;call-sites=1;identity=real
??1Gen_dtor_0042d7a0@@UAE@XZ,0x0042D7D0,175,Code/gen_small/dtors_005.cpp,reloc-derived;call-sites=1;identity=generated
?doFxAtBones@FXListAtBonePosFXNugget@@IBEXPBVObject@@H@Z,0x0042D8E0,356,Code/GameEngine/Source/GameClient/FXList.cpp,reloc-derived;call-sites=2;identity=real
?clear@?$hashtable@U?$pair@$$CBHUGen_t_0042dd70_p12cd@@@_STL@@HU?$hash@H@2@U?$_Select1st@U?$pair@$$CBHUGen_t_0042dd70_p12cd@@@_STL@@@2@U?$equal_to@H@2@V?$allocator@U?$pair@$$CBHUGen_t_0042dd70_p12cd@@@_STL@@@2@@_STL@@QAEXXZ,0x0042DC10,95,Code/gen_small/tgrid_128.cpp,reloc-derived;call-sites=1;identity=generated
??1Gen_dtor_0042e0a0@@UAE@XZ,0x0042DE50,98,Code/gen_small/dtors_005.cpp,reloc-derived;call-sites=1;identity=generated
??1Gen_dtor_00432750@@UAE@XZ,0x00431380,1040,Code/gen_small/dtors_005.cpp,reloc-derived;call-sites=1;identity=generated
??0Rva006FB500Base@@QAE@XZ,0x00433340,612,Code/GameEngine/Source/Common/Rva006FB500Ctor.cpp,reloc-derived;call-sites=1;identity=real
??1Gen_dtor_00433f90@@UAE@XZ,0x00433AE0,128,Code/gen_small/dtors_005.cpp,reloc-derived;call-sites=1;identity=generated
??$__uninitialized_copy@PBUGen_t_00434540_m12cd@@PAU1@@_STL@@YAPAUGen_t_00434540_m12cd@@PBU1@0PAU1@ABU__false_type@0@@Z,0x00433CF0,120,Code/gen_small/fam_012.cpp,reloc-derived;call-sites=1;identity=generated
?bfmeDoKA@BfmeItemKA@@QAEXXZ,0x00435270,131,Code/GameEngine/Source/Common/BfmeConv902.cpp,reloc-derived;call-sites=1;identity=real
?Gen004371E0@@YAXPAX0000@Z,0x004371E0,99,Code/GameEngine/Source/Common/Q2TrailingZeroForwarders.cpp,reloc-derived;call-sites=1;identity=generated
?Gen00437260@@YAXPAX0000@Z,0x00437260,99,Code/GameEngine/Source/Common/Q2TrailingZeroForwarders.cpp,reloc-derived;call-sites=1;identity=generated
?bfmeDoSixRC@@YAXPAX0000H@Z,0x00437B30,209,Code/GameEngine/Source/Common/BfmeThreeHundredTen.cpp,reloc-derived;call-sites=1;identity=real
?Gen00438270@@YAXPAUQ3SortElem8@@0UQ3SortCompare@@@Z,0x00438270,76,Code/GameEngine/Source/Common/Q3IntrosortFamilies.cpp,reloc-derived;call-sites=1;identity=generated
?gen004384D0@@YAXPAX00H0@Z,0x004384D0,161,Code/GameEngine/Source/Common/ConstantZeroForwarders.cpp,reloc-derived;call-sites=1;identity=generated
?Gen004388C0@@YAXPAUQ3SortElem8@@00HUQ3SortCompare@@@Z,0x004388C0,147,Code/GameEngine/Source/Common/Q3IntrosortFamilies.cpp,reloc-derived;call-sites=1;identity=generated
??1Gen_dtor_0043a4b0@@UAE@XZ,0x0043A130,512,Code/gen_small/dtors_005.cpp,reloc-derived;call-sites=1;identity=generated
?bfmeStep1@Gen_004410A0@@AAEXXZ,0x0043AAF0,210,Code/GameEngine/Source/Common/S3TeardownHelpers.cpp,reloc-derived;call-sites=1;identity=generated
??1Gen_dtor_00440a10@@UAE@XZ,0x0043D9F0,127,Code/gen_small/dtors_005.cpp,reloc-derived;call-sites=1;identity=generated
??1Gen_dtor_00442290@@UAE@XZ,0x0043F550,101,Code/gen_small/dtors_005.cpp,reloc-derived;call-sites=1;identity=generated
?_M_insert@?$_Rb_tree@VUnicodeString@@U?$pair@$$CBVUnicodeString@@_N@_STL@@U?$_Select1st@U?$pair@$$CBVUnicodeString@@_N@_STL@@@3@UUnicodeStringLessThan@@V?$allocator@U?$pair@$$CBVUnicodeString@@_N@_STL@@@3@@_STL@@AAE?AU?$_Rb_tree_iterator@U?$pair@$$CBVUnicodeString@@_N@_STL@@U?$_Nonconst_traits@U?$pair@$$CBVUnicodeString@@_N@_STL@@@2@@2@PAU_Rb_tree_node_base@2@0ABU?$pair@$$CBVUnicodeString@@_N@2@0@Z,0x0044D810,262,Code/GameEngine/Source/GameClient/LanguageFilter.cpp,reloc-derived;call-sites=8;identity=real
?insert_unique@?$_Rb_tree@VUnicodeString@@U?$pair@$$CBVUnicodeString@@_N@_STL@@U?$_Select1st@U?$pair@$$CBVUnicodeString@@_N@_STL@@@3@UUnicodeStringLessThan@@V?$allocator@U?$pair@$$CBVUnicodeString@@_N@_STL@@@3@@_STL@@QAE?AU?$pair@U?$_Rb_tree_iterator@U?$pair@$$CBVUnicodeString@@_N@_STL@@U?$_Nonconst_traits@U?$pair@$$CBVUnicodeString@@_N@_STL@@@2@@_STL@@_N@2@ABU?$pair@$$CBVUnicodeString@@_N@2@@Z,0x0044D960,446,Code/GameEngine/Source/GameClient/LanguageFilter.cpp,reloc-derived;call-sites=2;identity=real
??$__uninitialized_copy@PBUGen_t_00451e60_m12cd@@PAU1@@_STL@@YAPAUGen_t_00451e60_m12cd@@PBU1@0PAU1@ABU__false_type@0@@Z,0x00450B90,208,Code/gen_small/fam_013.cpp,reloc-derived;call-sites=1;identity=generated
?getUserMapDir@MapCache@@QBE?AVAsciiString@@XZ,0x00451460,318,Code/GameEngine/Source/GameClient/MapUtil.cpp,reloc-derived;call-sites=1;identity=real
?Gen00453200@@YAXPAPAHHHPAHUQ3HeapCompare@@@Z,0x00453200,113,Code/GameEngine/Source/Common/Q3HeapAlgorithmFamily.cpp,reloc-derived;call-sites=5;identity=generated
?Gen004539D0@@YAXPAUQ3SortElem4@@0UQ3SortCompare@@@Z,0x004539D0,109,Code/GameEngine/Source/Common/Q3IntrosortFamilies.cpp,reloc-derived;call-sites=2;identity=generated
?Gen00453A80@@YAXPAUQ3SortElem4@@0UQ3SortCompare@@@Z,0x00453A80,109,Code/GameEngine/Source/Common/Q3IntrosortFamilies.cpp,reloc-derived;call-sites=2;identity=generated
?findMap@MapCache@@QAEPBVMapMetaData@@VAsciiString@@@Z,0x00454500,122,Code/GameEngine/Source/GameClient/GUI/Gen00525EE0MapRefresh.cpp,reloc-derived;call-sites=1;identity=real
?writeCacheINI@MapCache@@AAEX_N@Z,0x004550C0,1814,Code/GameEngine/Source/GameClient/MapUtil.cpp,reloc-derived;call-sites=1;identity=real
?bfmeEmit1023@@YAXPAXPAD0H@Z,0x004564A0,167,Code/GameEngine/Source/Common/BfmeConv1023.cpp,reloc-derived;call-sites=1;identity=real
?loadUserMaps@MapCache@@AAE_NXZ,0x004577C0,288,Code/GameEngine/Source/GameClient/MapUtil.cpp,reloc-derived;call-sites=1;identity=real
?createRadiusDecal@RadiusDecalTemplate@@QBEXABUCoord3D@@MPBVPlayer@@AAVRadiusDecal@@@Z,0x00458C80,376,Code/GameEngine/Source/GameLogic/Object/Update/RadiusDecalUpdate.cpp,reloc-derived;call-sites=1;identity=real
??1Gen_dtor_0045afb0@@UAE@XZ,0x0045AFE0,95,Code/gen_small/dtors_005.cpp,reloc-derived;call-sites=1;identity=generated
??1Gen_dtor_0045b2b0@@UAE@XZ,0x0045B060,166,Code/gen_small/dtors_005.cpp,reloc-derived;call-sites=1;identity=generated
?bfmeTwoEBF@@YAXXZ,0x0045C8A0,59,Code/GameEngine/Source/Common/BfmeConv802.cpp,reloc-derived;call-sites=1;identity=real
?resize@?$hashtable@URva00461250Value@@VAsciiString@@U?$hash@VAsciiString@@@rts@@URva00461250ExtractKey@@U?$equal_to@VAsciiString@@@_STL@@V?$allocator@URva00461250Value@@@7@@_STL@@QAEXI@Z,0x0045FDC0,415,Code/Libraries/Source/WWVegas/WWLib/RvaHashInsertAsciiString.cpp,reloc-derived;call-sites=1;identity=generated
?resize@?$hashtable@URva00461360Value@@VAsciiString@@U?$hash@VAsciiString@@@rts@@URva00461360ExtractKey@@U?$equal_to@VAsciiString@@@_STL@@V?$allocator@URva00461360Value@@@7@@_STL@@QAEXI@Z,0x0045FFD0,415,Code/Libraries/Source/WWVegas/WWLib/RvaHashInsertAsciiString.cpp,reloc-derived;call-sites=1;identity=generated
?resize@?$hashtable@URva004613F0Value@@VAsciiString@@U?$hash@VAsciiString@@@rts@@URva004613F0ExtractKey@@U?$equal_to@VAsciiString@@@_STL@@V?$allocator@URva004613F0Value@@@7@@_STL@@QAEXI@Z,0x004601E0,415,Code/Libraries/Source/WWVegas/WWLib/RvaHashInsertAsciiString.cpp,reloc-derived;call-sites=1;identity=generated
?erase@?$hashtable@U?$pair@$$CBHUGen_t_00461570_p12cd@@@_STL@@HU?$hash@H@2@U?$_Select1st@U?$pair@$$CBHUGen_t_00461570_p12cd@@@_STL@@@2@U?$equal_to@H@2@V?$allocator@U?$pair@$$CBHUGen_t_00461570_p12cd@@@_STL@@@2@@_STL@@QAEXABU?$_Ht_iterator@U?$pair@$$CBHUGen_t_00461570_p12cd@@@_STL@@U?$_Const_traits@U?$pair@$$CBHUGen_t_00461570_p12cd@@@_STL@@@2@HU?$hash@H@2@U?$_Select1st@U?$pair@$$CBHUGen_t_00461570_p12cd@@@_STL@@@2@U?$equal_to@H@2@V?$allocator@U?$pair@$$CBHUGen_t_00461570_p12cd@@@_STL@@@2@@2@@Z,0x004609B0,154,Code/gen_small/tgrid_128.cpp,reloc-derived;call-sites=1;identity=generated
?erase@?$hashtable@U?$pair@$$CBHUGen_t_004615a0_p12cd@@@_STL@@HU?$hash@H@2@U?$_Select1st@U?$pair@$$CBHUGen_t_004615a0_p12cd@@@_STL@@@2@U?$equal_to@H@2@V?$allocator@U?$pair@$$CBHUGen_t_004615a0_p12cd@@@_STL@@@2@@_STL@@QAEXABU?$_Ht_iterator@U?$pair@$$CBHUGen_t_004615a0_p12cd@@@_STL@@U?$_Const_traits@U?$pair@$$CBHUGen_t_004615a0_p12cd@@@_STL@@@2@HU?$hash@H@2@U?$_Select1st@U?$pair@$$CBHUGen_t_004615a0_p12cd@@@_STL@@@2@U?$equal_to@H@2@V?$allocator@U?$pair@$$CBHUGen_t_004615a0_p12cd@@@_STL@@@2@@2@@Z,0x00460A70,154,Code/gen_small/tgrid_128.cpp,reloc-derived;call-sites=1;identity=generated
?clear@?$hashtable@U?$pair@$$CBHUGen_t_00461d30_p12cd@@@_STL@@HU?$hash@H@2@U?$_Select1st@U?$pair@$$CBHUGen_t_00461d30_p12cd@@@_STL@@@2@U?$equal_to@H@2@V?$allocator@U?$pair@$$CBHUGen_t_00461d30_p12cd@@@_STL@@@2@@_STL@@QAEXXZ,0x004612E0,95,Code/gen_small/tgrid_128.cpp,reloc-derived;call-sites=1;identity=generated
?_bfme_setAptScreenRef@@YAXABVAsciiString@@VRva0050F840FunctorHolder@@@Z,0x004628E0,144,Code/GameEngine/Source/GameClient/AptScreenFactories.cpp,reloc-derived;call-sites=1;identity=real
?_bfme_closeAptScreen@@YAXABVAsciiString@@@Z,0x004629A0,97,Code/GameEngine/Source/GameClient/AptScreenFactories.cpp,reloc-derived;call-sites=2;identity=real
?bfmeStepA991@@YAXXZ,0x00462AB0,104,Code/GameEngine/Source/Common/BfmeConv991.cpp,reloc-derived;call-sites=1;identity=real
?bfmeStep1_004647E0@@YAXXZ,0x00463340,976,Code/GameEngine/Source/Common/S3GuardedDelegates3.cpp,reloc-derived;call-sites=1;identity=real
??1Gen_dtor_004654c0@@UAE@XZ,0x00464E20,140,Code/gen_small/dtors_005.cpp,reloc-derived;call-sites=1;identity=generated
?_bfme_showAptScreen@_bfme_AptGameWindow@@QAEXABVAsciiString@@VRva0050F8B0FunctorHolder@@@Z,0x00464ED0,207,Code/GameEngine/Source/GameClient/AptScreenFactories.cpp,reloc-derived;call-sites=4;identity=real
?_bfme_showAptScreenWithArg@_bfme_AptGameWindow@@QAEXABVAsciiString@@PAXVRva0050F920FunctorHolder@@@Z,0x00464FE0,212,Code/GameEngine/Source/GameClient/AptScreenFactories.cpp,reloc-derived;call-sites=1;identity=real
?bfmeHide1183@BfmeW1183@@QAEXI@Z,0x00465B90,109,Code/GameEngine/Source/Common/BfmeConv1183.cpp,reloc-derived;call-sites=1;identity=real
??0?$pair@$$CBUGen_t_004697d0_k4@@UGen_t_004697d0_p12cd@@@_STL@@QAE@ABU01@@Z,0x00467D60,87,Code/gen_small/tgrid_116.cpp,reloc-derived;call-sites=1;identity=generated
?resize@?$hashtable@URva0046C000Value@@VAsciiString@@U?$hash@VAsciiString@@@rts@@URva0046C000ExtractKey@@U?$equal_to@VAsciiString@@@_STL@@V?$allocator@URva0046C000Value@@@7@@_STL@@QAEXI@Z,0x00468960,415,Code/Libraries/Source/WWVegas/WWLib/RvaHashInsertAsciiString.cpp,reloc-derived;call-sites=1;identity=generated
?resize@?$hashtable@URva0046C2A0Value@@VAsciiString@@U?$hash@VAsciiString@@@rts@@URva0046C2A0ExtractKey@@U?$equal_to@VAsciiString@@@_STL@@V?$allocator@URva0046C2A0Value@@@7@@_STL@@QAEXI@Z,0x00468B70,415,Code/Libraries/Source/WWVegas/WWLib/RvaHashInsertAsciiString.cpp,reloc-derived;call-sites=1;identity=generated
?resize@?$hashtable@URva0046C540Value@@VAsciiString@@U?$hash@VAsciiString@@@rts@@URva0046C540ExtractKey@@U?$equal_to@VAsciiString@@@_STL@@V?$allocator@URva0046C540Value@@@7@@_STL@@QAEXI@Z,0x00468D80,415,Code/Libraries/Source/WWVegas/WWLib/RvaHashInsertAsciiString.cpp,reloc-derived;call-sites=1;identity=generated
?resize@?$hashtable@URva0046AC80Value@@VAsciiString@@U?$hash@VAsciiString@@@rts@@URva0046AC80ExtractKey@@U?$equal_to@VAsciiString@@@_STL@@V?$allocator@URva0046AC80Value@@@7@@_STL@@QAEXI@Z,0x00468F90,415,Code/Libraries/Source/WWVegas/WWLib/RvaHashInsertAsciiString.cpp,reloc-derived;call-sites=1;identity=generated
?resize@?$hashtable@URva00469D20Value@@VAsciiString@@U?$hash@VAsciiString@@@rts@@URva00469D20ExtractKey@@U?$equal_to@VAsciiString@@@_STL@@V?$allocator@URva00469D20Value@@@7@@_STL@@QAEXI@Z,0x004691A0,415,Code/Libraries/Source/WWVegas/WWLib/RvaHashInsertAsciiString.cpp,reloc-derived;call-sites=1;identity=generated
?resize@?$hashtable@URva00469FC0Value@@VAsciiString@@U?$hash@VAsciiString@@@rts@@URva00469FC0ExtractKey@@U?$equal_to@VAsciiString@@@_STL@@V?$allocator@URva00469FC0Value@@@7@@_STL@@QAEXI@Z,0x004693B0,415,Code/Libraries/Source/WWVegas/WWLib/RvaHashInsertAsciiString.cpp,reloc-derived;call-sites=1;identity=generated
?resize@?$hashtable@URva0046AF20Value@@VAsciiString@@U?$hash@VAsciiString@@@rts@@URva0046AF20ExtractKey@@U?$equal_to@VAsciiString@@@_STL@@V?$allocator@URva0046AF20Value@@@7@@_STL@@QAEXI@Z,0x004695C0,415,Code/Libraries/Source/WWVegas/WWLib/RvaHashInsertAsciiString.cpp,reloc-derived;call-sites=1;identity=generated
?bfmeRemove1183@BfmeList1183@@QAEXPAUBfmeSlot1183@@@Z,0x00469B10,313,Code/GameEngine/Source/Common/BfmeConv1183.cpp,reloc-derived;call-sites=1;identity=real
?findOrInsert@AptTextRecordMap@@QAEPAUAptTextRecord@@ABVAsciiString@@@Z,0x0046B490,193,Code/GameEngine/Source/GameClient/WindowManager_setAptText.cpp,reloc-derived;call-sites=1;identity=real
??1Gen_dtor_0046e820@@UAE@XZ,0x0046D8E0,317,Code/gen_small/dtors_005.cpp,reloc-derived;call-sites=1;identity=generated
??0GenBase0046E5E0@@QAE@XZ,0x0046E5E0,455,Code/GameEngine/Source/Common/MidVptrOnlyDerivedCtors.cpp,reloc-derived;call-sites=1;identity=real
?bfmeDoBSD@@YAXPAUBfmeSubBSD@@PAX@Z,0x0046F800,206,Code/GameEngine/Source/Common/BfmeConv524.cpp,reloc-derived;call-sites=1;identity=real
??1Gen_dtor_004705f0@@UAE@XZ,0x00470360,109,Code/gen_small/dtors_005.cpp,reloc-derived;call-sites=1;identity=generated
??0Locomotor@@IAE@PBVLocomotorTemplate@@@Z,0x00470720,199,Code/GameEngine/Source/GameLogic/Object/LocomotorStore_newLocomotor_dup.cpp,reloc-derived;call-sites=1;identity=real
??1Gen_dtor_00471850@@UAE@XZ,0x00471480,233,Code/gen_small/dtors_005.cpp,reloc-derived;call-sites=1;identity=generated
??1Gen_dtor_004724d0@@UAE@XZ,0x00471F80,98,Code/gen_small/dtors_005.cpp,reloc-derived;call-sites=1;identity=generated
?Gen00473A40@@YAXPAX0000@Z,0x00473A40,72,Code/GameEngine/Source/Common/Q2TrailingZeroForwarders.cpp,reloc-derived;call-sites=1;identity=generated
?gen004749F0@@YAXPAX00HH@Z,0x004749F0,116,Code/GameEngine/Source/Common/ConstantZeroForwarders.cpp,reloc-derived;call-sites=1;identity=generated
?gen00474A90@@YAXPAX0H0@Z,0x00474A90,70,Code/GameEngine/Source/Common/ConstantZeroForwarders.cpp,reloc-derived;call-sites=1;identity=generated
?Gen00020D65@@YAXPAVRva00476880Elem@@0PAX@Z,0x004761D0,89,Code/GameEngine/Source/Common/S3FinalInsertionSortSplits.cpp,reloc-derived;call-sites=2;identity=generated
??1Gen_dtor_00476aa0@@UAE@XZ,0x004762D0,105,Code/gen_small/dtors_005.cpp,reloc-derived;call-sites=1;identity=generated
??1Gen_dtor_00476410@@UAE@XZ,0x00476440,98,Code/gen_small/dtors_005.cpp,reloc-derived;call-sites=1;identity=generated
?gen004768F0@@YAXPAX00H0@Z,0x004768F0,130,Code/GameEngine/Source/Common/ConstantZeroForwarders.cpp,reloc-derived;call-sites=1;identity=generated
??0BFMERetailFontLibrary@@QAE@XZ,0x004769A0,205,Code/GameEngineDevice/Source/W3DDevice/GameClient/W3DGameClient.cpp,reloc-derived;call-sites=1;identity=real
?bfmeBuildFont@FontLibraryBFMERetail@@AAEPAVGameFont@@PAVAsciiString@@MEH@Z,0x00476C50,361,Code/GameEngine/Source/GameClient/FontLibraryBFMERetail_getFont.cpp,reloc-derived;call-sites=1;identity=real
?bfmeFindRecord@FontLibraryBFMERetail@@AAEPAUBfmeFontRecord@@PAVAsciiString@@M@Z,0x00476E20,90,Code/GameEngine/Source/GameClient/FontLibraryBFMERetail_getFont.cpp,reloc-derived;call-sites=1;identity=real
?_M_insert_overflow@?$vector@UGen_t_00477580_p16cd@@V?$allocator@UGen_t_00477580_p16cd@@@_STL@@@_STL@@IAEXPAUGen_t_00477580_p16cd@@ABU3@ABU__false_type@2@I_N@Z,0x00477050,267,Code/gen_small/tgrid_116.cpp,reloc-derived;call-sites=1;identity=generated
?Gen004775D0@@YAXPAUQ3SortElem16@@00HUQ3SortCompare@@@Z,0x004775D0,217,Code/GameEngine/Source/Common/Q3IntrosortFamilies.cpp,reloc-derived;call-sites=1;identity=generated
??0BfmeAptScreenBase@@QAE@PAX@Z,0x00477BC0,210,Code/GameEngine/Source/GameClient/AptScreenFactories.cpp,reloc-derived;call-sites=1;identity=real
?winSetEnabledBorderColor@GameWindow@@QAEHHH@Z,0x00479040,37,Code/GameEngine/Source/GameClient/GUI/Gadget/GadgetComboBox.cpp,reloc-derived;call-sites=13;identity=real
?winSetDisabledBorderColor@GameWindow@@QAEHHH@Z,0x004790E0,40,Code/GameEngine/Source/GameClient/GUI/Gadget/GadgetComboBox.cpp,reloc-derived;call-sites=13;identity=real
?winSetHiliteBorderColor@GameWindow@@QAEHHH@Z,0x00479190,40,Code/GameEngine/Source/GameClient/GUI/Gadget/GadgetComboBox.cpp,reloc-derived;call-sites=14;identity=real
?Gen0047E4F0@@YAXPAPAHHHPAHUQ3HeapCompare@@@Z,0x0047E4F0,111,Code/GameEngine/Source/Common/Q3HeapAlgorithmFamily.cpp,reloc-derived;call-sites=5;identity=generated
?Gen00483B90@@YAXPAUQ3SortElem4@@0UQ3SortCompare@@@Z,0x00483B90,109,Code/GameEngine/Source/Common/Q3IntrosortFamilies.cpp,reloc-derived;call-sites=2;identity=generated
??1Gen_dtor_00489c60@@UAE@XZ,0x00489BE0,95,Code/gen_small/dtors_005.cpp,reloc-derived;call-sites=1;identity=generated
?bfmeRelease964@BfmeItem964@@QAEXXZ,0x0048A200,43,Code/GameEngine/Source/Common/BfmeConv964.cpp,reloc-derived;call-sites=4;identity=real
?bfmeOneBPE@BfmeSubBPE@@QAEXXZ,0x0048A280,43,Code/GameEngine/Source/Common/BfmeConv509.cpp,reloc-derived;call-sites=1;identity=real
?findGroup@BFMETransitionHandler@@QAEPAVBFMETransitionGroup@@VBFMETransitionAsciiString@@@Z,0x0048A520,307,Code/GameEngine/Source/GameClient/GUI/GameWindowTransitions_getNewGroup.cpp,reloc-derived;call-sites=1;identity=real
??1Gen_dtor_0048acc0@@UAE@XZ,0x0048AB20,190,Code/gen_small/dtors_005.cpp,reloc-derived;call-sites=1;identity=generated
?setGroup@TransitionHandler@@QAEXVAsciiString@@H@Z,0x0048AD80,249,Code/GameEngine/Source/Common/ControlBar_onPlayerRankChanged_Thunk.cpp,reloc-derived;call-sites=1;identity=real
?reverse@GameWindowTransitionsHandler@@QAEXVAsciiString@@@Z,0x0048AEC0,230,Code/GameEngine/Source/GameClient/GUI/GUICallbacks/Menus/LanGameOptionsMenu.cpp,reloc-derived;call-sites=6;identity=real
??1Gen_dtor_0048b8a0@@UAE@XZ,0x0048B410,255,Code/gen_small/dtors_005.cpp,reloc-derived;call-sites=1;identity=generated
??0GameWindowTransitionsHandler@@QAE@XZ,0x0048BF40,210,Code/GameEngine/Source/GameClient/GUI/GameWindowManager.cpp,reloc-derived;call-sites=1;identity=real
??0Gen0048D200@@QAE@XZ,0x0048D200,161,Code/GameEngine/Source/Common/Q4NewNiladicFactories.cpp,reloc-derived;call-sites=1;identity=generated
??1Gen_dtor_0048dea0@@UAE@XZ,0x0048D8B0,216,Code/gen_small/dtors_005.cpp,reloc-derived;call-sites=1;identity=generated
??1Gen_dtor_00491030@@UAE@XZ,0x00490350,97,Code/gen_small/dtors_005.cpp,reloc-derived;call-sites=1;identity=generated
??1Gen_dtor_00491060@@UAE@XZ,0x00490470,107,Code/gen_small/dtors_005.cpp,reloc-derived;call-sites=1;identity=generated
??1Gen_dtor_00491260@@UAE@XZ,0x00490890,197,Code/gen_small/dtors_005.cpp,reloc-derived;call-sites=1;identity=generated
??1Gen_dtor_00491290@@UAE@XZ,0x00490AC0,316,Code/gen_small/dtors_005.cpp,reloc-derived;call-sites=1;identity=generated
??1Gen_dtor_004912c0@@UAE@XZ,0x00490E10,184,Code/gen_small/dtors_005.cpp,reloc-derived;call-sites=1;identity=generated
??1Gen_dtor_00492370@@UAE@XZ,0x00491620,134,Code/gen_small/dtors_005.cpp,reloc-derived;call-sites=1;identity=generated
??1Gen_dtor_004923a0@@UAE@XZ,0x00491940,201,Code/gen_small/dtors_005.cpp,reloc-derived;call-sites=1;identity=generated
??1Gen_dtor_004923d0@@UAE@XZ,0x00491DB0,101,Code/gen_small/dtors_005.cpp,reloc-derived;call-sites=1;identity=generated
??1Gen_dtor_00499e00@@UAE@XZ,0x00499BD0,180,Code/gen_small/dtors_005.cpp,reloc-derived;call-sites=1;identity=generated
?bfmeStart@Gen_0049A330@@QAEXPAX0PAPAX@Z,0x0049A260,94,Code/GameEngine/Source/Common/Bfme5SehStarters.cpp,reloc-derived;call-sites=1;identity=generated
??0CommandButton@@QAE@XZ,0x0049BBF0,846,Code/GameEngine/Source/GameClient/GUI/ControlBar/ControlBarNewCommandSet.cpp,reloc-derived;call-sites=1;identity=real
??1Gen_dtor_0049c560@@UAE@XZ,0x0049C020,556,Code/gen_small/dtors_005.cpp,reloc-derived;call-sites=1;identity=generated
?bfmeCall934D@BfmeNode934D@@QAEXXZ,0x0049C3F0,143,Code/GameEngine/Source/Common/BfmeConv934.cpp,reloc-derived;call-sites=1;identity=real
?call@BfmeObj412@@QAEXPAX0@Z,0x0049C5F0,110,Code/GameEngine/Source/Common/BfmeConv821.cpp,reloc-derived;call-sites=1;identity=real
??0CommandSet@@QAE@ABVAsciiString@@@Z,0x0049C680,147,Code/GameEngine/Source/GameClient/ControlBar_newCommandSetOverride.cpp,reloc-derived;call-sites=2;identity=real
??1Gen_dtor_0049c8d0@@UAE@XZ,0x0049C740,101,Code/gen_small/dtors_005.cpp,reloc-derived;call-sites=1;identity=generated
??1Gen_dtor_0049e750@@UAE@XZ,0x0049DA40,464,Code/gen_small/dtors_005.cpp,reloc-derived;call-sites=1;identity=generated
?onPlayerSciencePurchasePointsChanged@BfmeSciencePointsControlBar@@QAEXPAVPlayer@@@Z,0x0049DD20,111,Code/GameEngine/Source/Common/RTS/Player.cpp,reloc-derived;call-sites=1;identity=real
?switchToContext@ControlBar@@IAEXW4ControlBarContext@@PAVDrawable@@@Z,0x0049E780,1251,Code/GameEngine/Source/GameClient/GUI/ControlBar/ControlBarProcessCommandTransitionUIThunk.cpp,reloc-derived;call-sites=1;identity=real
?reset@ControlBarScheme@@QAEXXZ,0x004AD250,357,Code/GameEngine/Source/GameClient/GUI/ControlBar/ControlBarScheme.cpp,reloc-derived;call-sites=1;identity=real
?setControlBarSchemeByPlayerTemplate@ControlBarSchemeManager@@QAEXPBVPlayerTemplate@@_N@Z,0x004ADE40,454,Code/GameEngine/Source/GameClient/GUI/ControlBar/ControlBar.cpp,reloc-derived;call-sites=1;identity=real
??1Gen_dtor_004b05d0@@UAE@XZ,0x004B0350,91,Code/gen_small/dtors_005.cpp,reloc-derived;call-sites=1;identity=generated
?gen004B4010@@YAXPAX000@Z,0x004B4010,539,Code/GameEngine/Source/Common/ExplicitThisForwarders.cpp,reloc-derived;call-sites=1;identity=generated
?gen00032943@@YAXPAX000@Z,0x004B4FF0,86,Code/GameEngine/Source/Common/ExplicitThisForwarders.cpp,reloc-derived;call-sites=1;identity=generated
?gen004B5530@@YAXPAX000@Z,0x004B5530,951,Code/GameEngine/Source/Common/ExplicitThisForwarders.cpp,reloc-derived;call-sites=1;identity=generated
?adjustDisplay@@YAXPAVGameWindow@@_N@Z,0x004B7B20,299,Code/GameEngine/Source/GameClient/GUI/Gadget/GadgetListBox.cpp,reloc-derived;call-sites=1;identity=real
?adjustDisplay@@YAXPAVGameWindow@@H_N@Z,0x004B7CA0,135,Code/GameEngine/Source/GameClient/GUI/Gadget/GadgetListBoxSetBottomVisibleEntry.cpp,reloc-derived;call-sites=2;identity=real
?gen004BC7E0@@YAXPAX000@Z,0x004BC7E0,114,Code/GameEngine/Source/Common/ExplicitThisForwarders.cpp,reloc-derived;call-sites=1;identity=generated
?rva00793de0_inner@@YAXPAX@Z,0x004BCCE0,402,Code/GameEngine/Source/Common/Rva00793DE0Call.cpp,reloc-derived;call-sites=1;identity=generated
?gen004BE340@@YAXPAX000@Z,0x004BE340,744,Code/GameEngine/Source/Common/ExplicitThisForwarders.cpp,reloc-derived;call-sites=1;identity=generated
?bfmeCall928E@@YAXPAVBfmeThing928E@@PAX11@Z,0x004BEBD0,126,Code/GameEngine/Source/Common/BfmeConv928.cpp,reloc-derived;call-sites=1;identity=real
?gen004BFBE0@@YAXPAX000@Z,0x004BFBE0,806,Code/GameEngine/Source/Common/ExplicitThisForwarders.cpp,reloc-derived;call-sites=1;identity=generated
?PopulateInGameDiplomacyPopup@@YAXXZ,0x004C3800,1194,Code/GameEngine/Source/GameClient/GUI/GUICallbacks/Diplomacy.cpp,reloc-derived;call-sites=2;identity=real
??$__find_if@V?$reverse_iterator@PBD@_STL@@U?$_Eq_char_bound@V?$char_traits@D@_STL@@@2@@_STL@@YA?AV?$reverse_iterator@PBD@0@V10@0U?$_Eq_char_bound@V?$char_traits@D@_STL@@@0@ABUrandom_access_iterator_tag@0@@Z,0x004C4530,154,Code/gen_small/tgrid_004.cpp,reloc-derived;call-sites=1;identity=real
??1Gen_dtor_0058fdf0@@UAE@XZ,0x004C56E0,26,Code/gen_small/dtors_006.cpp,reloc-derived;call-sites=1;identity=generated
??1Mem004C5700@@QAE@XZ,0x004C5700,112,Code/GameEngine/Source/Common/BigTwoMemberDtors.cpp,reloc-derived;call-sites=1;identity=real
??1Mem004C57D0@@QAE@XZ,0x004C57D0,112,Code/GameEngine/Source/Common/BigTwoMemberDtors.cpp,reloc-derived;call-sites=1;identity=real
??1Gen_dtor_004c6100@@UAE@XZ,0x004C6130,85,Code/gen_small/dtors_005.cpp,reloc-derived;call-sites=1;identity=generated
?MessageBoxOk@@YAPAVGameWindow@@VUnicodeString@@0P6AXXZ@Z,0x004C6730,259,Code/GameEngine/Source/GameClient/GUI/GUICallbacks/Menus/DownloadMenu.cpp,reloc-derived;call-sites=2;identity=real
?bfmeReg1033@@YAXP6AXXZ0@Z,0x004C6AA0,51,Code/GameEngine/Source/Common/BfmeConv1033.cpp,reloc-derived;call-sites=1;identity=real
??$append@PBG@?$basic_string@GV?$char_traits@G@_STL@@V?$allocator@G@2@@_STL@@AAEAAV01@PBG0ABUforward_iterator_tag@1@@Z,0x004D4FC0,338,Code/GameEngine/Source/GameClient/GUI/GUICallbacks/Menus/PopupHostGame.cpp,reloc-derived;call-sites=2;identity=real
?PopulatePlayerInfoWindows@@YAXVAsciiString@@@Z,0x004DBE80,4126,Code/GameEngine/Source/GameClient/GUI/GUICallbacks/Menus/WOLWelcomeMenu.cpp,reloc-derived;call-sites=2;identity=real
?grabMultiPlayerInfo@@YAXXZ,0x004E8050,568,Code/GameEngine/Source/GameClient/GUI/GUICallbacks/Menus/ScoreScreen.cpp,reloc-derived;call-sites=1;identity=real
?getFilename@WindowLayout@@QAE?AVAsciiString@@XZ,0x004EA450,32,Code/GameEngine/Source/GameClient/GUI/Shell/Shell_findScreenByFilename.cpp,reloc-derived;call-sites=1;identity=real
??1Gen_t_004f9c00_p12cd@@QAE@XZ,0x004F10B0,89,Code/gen_small/tgrid_117.cpp,reloc-derived;call-sites=1;identity=generated
??4GameSpyStagingRoom@@QAEAAV0@ABV0@@Z,0x004F15B0,344,Code/GameEngine/Source/GameNetwork/GameSpy/PeerDefs.cpp,reloc-derived;call-sites=1;identity=real
??$append@PAG@?$basic_string@GV?$char_traits@G@_STL@@V?$allocator@G@2@@_STL@@AAEAAV01@PAG0ABUforward_iterator_tag@1@@Z,0x004F2260,338,Code/gen_small/tgrid_004.cpp,reloc-derived;call-sites=2;identity=real
??4PeerResponse@@QAEAAV0@ABV0@@Z,0x004F68C0,534,Code/GameEngine/Source/GameNetwork/GameSpy/Thread/PeerThread.cpp,reloc-derived;call-sites=1;identity=real
??0GameSpyStagingRoom@@QAE@ABV0@@Z,0x004FA490,395,Code/GameEngine/Source/GameNetwork/GameSpy/PeerDefs.cpp,reloc-derived;call-sites=2;identity=real
?bfmeStart@Gen_00654F20@@QAEXPAX0PAPAX@Z,0x004FA6F0,97,Code/GameEngine/Source/Common/Bfme5SehStarters.cpp,reloc-derived;call-sites=1;identity=generated
??0?$pair@$$CBUGen_t_004fc4b0_k4@@UGen_t_004fc4b0_p12cd@@@_STL@@QAE@ABU01@@Z,0x004FB2E0,426,Code/gen_small/tgrid_117.cpp,reloc-derived;call-sites=1;identity=generated
?PopulateLobbyPlayerListbox@@YAXXZ,0x004FB500,1398,Code/GameEngine/Source/GameClient/GUI/GUICallbacks/Menus/WOLLobbyMenu.cpp,reloc-derived;call-sites=1;identity=real
?DeleteBanner@@YAXH@Z,0x0050D4F0,149,Code/GameEngine/Source/GameClient/GUI/BannerUI.cpp,reloc-derived;call-sites=1;identity=real
?registerBannerAptCallbacks@@YAXXZ,0x0050D7A0,224,Code/GameEngine/Source/GameClient/GUI/BannerUI.cpp,reloc-derived;call-sites=1;identity=real
??1Gen_dtor_0050e1a0@@UAE@XZ,0x0050DBD0,159,Code/gen_small/dtors_006.cpp,reloc-derived;call-sites=1;identity=generated
??0BfmeAptScreenCampaignReview@@QAE@PAX@Z,0x0050E320,495,Code/GameEngine/Source/GameClient/AptScreenFactories.cpp,reloc-derived;call-sites=1;identity=real
?bfmeShowDisconnectScreen@@YAXXZ,0x0050E9A0,89,Code/GameEngine/Source/GameNetwork/DisconnectManager.cpp,reloc-derived;call-sites=1;identity=real
?removePlayer@DisconnectMenu@@QAEXHVUnicodeString@@@Z,0x0050EB00,488,Code/GameEngine/Source/GameClient/AptScreenFactories.cpp,reloc-derived;call-sites=2;identity=real
?setPlayerTimeoutTime@DisconnectMenu@@QAEXHH@Z,0x0050ED70,226,Code/GameEngine/Source/GameClient/AptScreenFactories.cpp,reloc-derived;call-sites=2;identity=real
?sendChat@DisconnectMenu@@QAEXVUnicodeString@@@Z,0x0050EE90,112,Code/GameEngine/Source/GameClient/AptScreenFactories.cpp,reloc-derived;call-sites=2;identity=real
?updateVotes@DisconnectMenu@@QAEXHH@Z,0x0050EFB0,198,Code/GameEngine/Source/GameNetwork/DisconnectManager.cpp,reloc-derived;call-sites=3;identity=real
??1Gen_dtor_0050fee0@@UAE@XZ,0x0050FD90,114,Code/gen_small/dtors_006.cpp,reloc-derived;call-sites=1;identity=generated
?Gen00511C10@@YAXPAPAHHHPAHUQ3HeapCompare@@@Z,0x00511C10,95,Code/GameEngine/Source/Common/Q3HeapAlgorithmFamily.cpp,reloc-derived;call-sites=5;identity=generated
??1Gen_dtor_00512860@@UAE@XZ,0x00511F50,182,Code/gen_small/dtors_006.cpp,reloc-derived;call-sites=1;identity=generated
?Gen005135F0@@YAXPAPAHHHPAHUQ3HeapCompare@@@Z,0x005135F0,259,Code/GameEngine/Source/Common/Q3HeapAlgorithmFamily.cpp,reloc-derived;call-sites=5;identity=generated
?gen00513A70@@YAXPAX00H0@Z,0x00513A70,106,Code/GameEngine/Source/Common/ConstantZeroForwarders.cpp,reloc-derived;call-sites=1;identity=generated
??0BfmeAptScreenInGameChat@@QAE@PAX@Z,0x005160E0,987,Code/GameEngine/Source/GameClient/AptScreenFactories.cpp,reloc-derived;call-sites=1;identity=real
?Rva0051DB00Second@@YAXXZ,0x00516C10,42,Code/GameEngine/Source/Common/Rva0051DB00Call.cpp,reloc-derived;call-sites=1;identity=generated
?first@Rva005187E0@@QAEXXZ,0x00518350,553,Code/GameEngine/Source/Common/Rva005187E0Call.cpp,reloc-derived;call-sites=1;identity=generated
?bfmeInit1078@BfmeQ1078@@QAEXXZ,0x005195B0,805,Code/GameEngine/Source/Common/BfmeConv1078.cpp,reloc-derived;call-sites=1;identity=real
??1Gen_dtor_0051a570@@UAE@XZ,0x005199A0,352,Code/gen_small/dtors_006.cpp,reloc-derived;call-sites=1;identity=generated
??0BfmeAptScreenLanLobby@@QAE@PAX@Z,0x00519F90,1193,Code/GameEngine/Source/GameClient/AptScreenFactories.cpp,reloc-derived;call-sites=1;identity=real
?bfmeSendAZB@@YAXHPAX0@Z,0x0051A990,216,Code/GameEngine/Source/Common/BfmeConv432.cpp,reloc-derived;call-sites=1;identity=real
??1Gen_dtor_0051bcb0@@UAE@XZ,0x0051B720,117,Code/gen_small/dtors_006.cpp,reloc-derived;call-sites=1;identity=generated
??1Gen_dtor_0051be60@@UAE@XZ,0x0051B7E0,546,Code/gen_small/dtors_006.cpp,reloc-derived;call-sites=1;identity=generated
_Rva0051D1E0Forward,0x0051D1E0,149,Code/GameEngine/Source/Common/Rva0051D2A0Forwarders.cpp,reloc-derived;call-sites=2;identity=real
??1Gen_dtor_0051e6b0@@UAE@XZ,0x0051D4A0,145,Code/gen_small/dtors_006.cpp,reloc-derived;call-sites=1;identity=generated
??0BfmeAptScreenMainMenu@@QAE@PAX@Z,0x0051F3A0,3411,Code/GameEngine/Source/GameClient/AptScreenFactories.cpp,reloc-derived;call-sites=1;identity=real
?bfmeReset@Gen005207C0Member@@QAEXXZ,0x005207C0,214,Code/GameEngine/Source/GameClient/GUI/Gen00525EE0MapRefresh.cpp,reloc-derived;call-sites=1;identity=generated
?bfmeCall924G@BfmeOne924G@@QAEXXZ,0x00521C50,320,Code/GameEngine/Source/Common/BfmeConv924.cpp,reloc-derived;call-sites=1;identity=real
??1Gen_dtor_00522960@@UAE@XZ,0x005225F0,141,Code/gen_small/dtors_006.cpp,reloc-derived;call-sites=1;identity=generated
?ReleaseWindowLayout@@YAXPAVWindowLayout@@@Z,0x00522740,187,Code/GameEngine/Source/Common/Rva004C5490Release.cpp,reloc-derived;call-sites=1;identity=real
?Gen00525450@@YAHHH@Z,0x00525450,219,Code/GameEngine/Source/Common/BigObfHookWrappers.cpp,reloc-derived;call-sites=1;identity=generated
?Gen00525590@@YAHHH@Z,0x00525590,220,Code/GameEngine/Source/Common/BigObfHookWrappers.cpp,reloc-derived;call-sites=1;identity=generated
?Gen005256D0@@YAHHH@Z,0x005256D0,219,Code/GameEngine/Source/Common/BigObfHookWrappers.cpp,reloc-derived;call-sites=1;identity=generated
?Gen00525800@@YAHHH@Z,0x00525800,220,Code/GameEngine/Source/Common/BigObfHookWrappers.cpp,reloc-derived;call-sites=1;identity=generated
?handle@Gen00038951@@QAEXH@Z,0x00526040,139,Code/GameEngine/Source/Common/Gen00038951Refresh.cpp,reloc-derived;call-sites=2;identity=generated
?clearAndSetModelConditionState@Drawable@@QAEXW4ModelConditionFlagType@@0@Z,0x00526660,518,Code/GameEngine/Source/GameLogic/Object/Object.cpp,reloc-derived;call-sites=1;identity=real
?bfmeGen00018C1E@Gen_005291F0@@QAEXH@Z,0x00528B60,683,Code/GameEngine/Source/Common/Gen005291F0Refresh.cpp,reloc-derived;call-sites=1;identity=generated
??1Gen_dtor_00529310@@UAE@XZ,0x00529110,176,Code/gen_small/dtors_006.cpp,reloc-derived;call-sites=1;identity=generated
?bfmeStepBFH@BfmeThingBFH@@QAEXXZ,0x0052B2A0,323,Code/GameEngine/Source/Common/BfmeConv456.cpp,reloc-derived;call-sites=1;identity=real
??1Gen_dtor_0052c1b0@@UAE@XZ,0x0052BEC0,302,Code/gen_small/dtors_006.cpp,reloc-derived;call-sites=1;identity=generated
?_M_insert_overflow@?$vector@UGen_t_0052c1e0_p4pod@@V?$allocator@UGen_t_0052c1e0_p4pod@@@_STL@@@_STL@@IAEXPAUGen_t_0052c1e0_p4pod@@ABU3@ABU__false_type@2@I_N@Z,0x0052C050,282,Code/gen_small/tgrid_117.cpp,reloc-derived;call-sites=1;identity=generated
??0BfmeAptScreenObjectives@@QAE@PAX@Z,0x0052C660,1241,Code/GameEngine/Source/GameClient/AptScreenFactories.cpp,reloc-derived;call-sites=1;identity=real
??$__uninitialized_copy@PBUGen_t_0052d610_m12cd@@PAU1@@_STL@@YAPAUGen_t_0052d610_m12cd@@PBU1@0PAU1@ABU__false_type@0@@Z,0x0052D210,120,Code/gen_small/fam_013.cpp,reloc-derived;call-sites=1;identity=generated
??1Gen_dtor_0052e490@@UAE@XZ,0x0052D7C0,232,Code/gen_small/dtors_006.cpp,reloc-derived;call-sites=1;identity=generated
?bfmeApply@Gen_0052F050Owner@@QAEXPAX@Z,0x0052E880,82,Code/GameEngine/Source/Common/S3GuardedDelegates2.cpp,reloc-derived;call-sites=1;identity=generated
??$__linear_insert@PAUS4SortElem12@@U1@US4Cmp00531FA0@@@_STL@@YAXPAUS4SortElem12@@0U1@US4Cmp00531FA0@@@Z,0x0052FE90,114,Code/GameEngine/Source/Common/S4StlSortHelpers.cpp,reloc-derived;call-sites=1;identity=real
?Gen00530200@@YAXPAPAHHHPAHUQ3HeapCompare@@@Z,0x00530200,259,Code/GameEngine/Source/Common/Q3HeapAlgorithmFamily.cpp,reloc-derived;call-sites=5;identity=generated
??$__uninitialized_copy@PBUGen_t_00531f10_m12cd@@PAU1@@_STL@@YAPAUGen_t_00531f10_m12cd@@PBU1@0PAU1@ABU__false_type@0@@Z,0x005313B0,627,Code/gen_small/fam_014.cpp,reloc-derived;call-sites=1;identity=generated
??$__linear_insert@PAUS4SortElem12@@U1@US4Cmp00532740@@@_STL@@YAXPAUS4SortElem12@@0U1@US4Cmp00532740@@@Z,0x00531860,223,Code/Libraries/Source/WWVegas/WWLib/stlport_insertion_sort_s4sortelem12_b.cpp,reloc-derived;call-sites=1;identity=real
?gen00531B20@@YAXPAX00HH@Z,0x00531B20,148,Code/GameEngine/Source/Common/ConstantZeroForwarders.cpp,reloc-derived;call-sites=1;identity=generated
?gen00531C50@@YAXPAX00HH@Z,0x00531C50,118,Code/GameEngine/Source/Common/ConstantZeroForwarders.cpp,reloc-derived;call-sites=1;identity=generated
?gen00531D80@@YAXPAX0H0@Z,0x00531D80,66,Code/GameEngine/Source/Common/ConstantZeroForwarders.cpp,reloc-derived;call-sites=1;identity=generated
?_M_insert_overflow@?$vector@UGen_t_00533100_p12cd@@V?$allocator@UGen_t_00533100_p12cd@@@_STL@@@_STL@@IAEXPAUGen_t_00533100_p12cd@@ABU3@ABU__false_type@2@I_N@Z,0x00532B50,281,Code/gen_small/tgrid_117.cpp,reloc-derived;call-sites=1;identity=generated
?gen00532CC0@@YAXPAX00H0@Z,0x00532CC0,233,Code/GameEngine/Source/Common/ConstantZeroForwarders.cpp,reloc-derived;call-sites=1;identity=generated
?gen00532F40@@YAXPAX00H0@Z,0x00532F40,287,Code/GameEngine/Source/Common/ConstantZeroForwarders.cpp,reloc-derived;call-sites=1;identity=generated
?bfmeStepB1049@BfmeA1049@@QAEXXZ,0x00534380,1355,Code/GameEngine/Source/Common/BfmeConv1049.cpp,reloc-derived;call-sites=1;identity=real
?rva00536870@@YAXXZ,0x00536870,240,Code/GameEngine/Source/Common/Rva00536DB0Call.cpp,reloc-derived;call-sites=1;identity=generated
??0S4Guarded0055BB20@@QAE@H@Z,0x00536DC0,1423,Code/GameEngine/Source/Common/S4GuardedNewWithOneArg.cpp,reloc-derived;call-sites=1;identity=real
??1Gen_dtor_00539720@@UAE@XZ,0x00538CE0,251,Code/gen_small/dtors_006.cpp,reloc-derived;call-sites=1;identity=generated
?handle@Gen0000C955@@QAEX_N@Z,0x00539110,322,Code/GameEngine/Source/Common/S1GuardedForwardedFlagCalls.cpp,reloc-derived;call-sites=2;identity=generated
?bfmeStart1021@BfmeF1021@@QAEXH@Z,0x0053B980,458,Code/GameEngine/Source/Common/BfmeConv1021.cpp,reloc-derived;call-sites=1;identity=real
?bfmeTouch1176@BfmeW1176@@QAEXXZ,0x0053BCF0,95,Code/GameEngine/Source/Common/BfmeConv1176.cpp,reloc-derived;call-sites=1;identity=real
?assign@Open2C800Target@@QAEXPAX@Z,0x0053C710,136,Code/GameEngine/Source/Common/Open2Conv001.cpp,reloc-derived;call-sites=1;identity=real
?bfmeFill1031@@YAXPAVBfmeG1031@@PAH@Z,0x0053CA40,262,Code/GameEngine/Source/Common/BfmeConv1031.cpp,reloc-derived;call-sites=1;identity=real
??0S4Guarded0055BCA0@@QAE@H@Z,0x00545310,1935,Code/GameEngine/Source/Common/S4GuardedNewWithOneArg.cpp,reloc-derived;call-sites=1;identity=real
??1Gen_dtor_00546690@@UAE@XZ,0x00545FF0,293,Code/gen_small/dtors_006.cpp,reloc-derived;call-sites=1;identity=generated
?rva00547730@@YAXXZ,0x00547730,2787,Code/GameEngine/Source/Common/Rva005484D0Call.cpp,reloc-derived;call-sites=1;identity=generated
??0S4Guarded0055BAA0@@QAE@H@Z,0x005484E0,1636,Code/GameEngine/Source/Common/S4GuardedNewWithOneArg.cpp,reloc-derived;call-sites=1;identity=real
?Gen0054BCA0@@YAHHH@Z,0x0054BCA0,219,Code/GameEngine/Source/Common/BigObfHookWrappers.cpp,reloc-derived;call-sites=1;identity=generated
?Gen0054BDD0@@YAHHH@Z,0x0054BDD0,215,Code/GameEngine/Source/Common/BigObfHookWrappers.cpp,reloc-derived;call-sites=1;identity=generated
?Gen0054BF00@@YAHHH@Z,0x0054BF00,215,Code/GameEngine/Source/Common/BigObfHookWrappers.cpp,reloc-derived;call-sites=1;identity=generated
?Gen0054C030@@YAHHH@Z,0x0054C030,219,Code/GameEngine/Source/Common/BigObfHookWrappers.cpp,reloc-derived;call-sites=1;identity=generated
?Gen0054C170@@YAHHH@Z,0x0054C170,220,Code/GameEngine/Source/Common/BigObfHookWrappers.cpp,reloc-derived;call-sites=1;identity=generated
?Gen0054C2B0@@YAHHH@Z,0x0054C2B0,215,Code/GameEngine/Source/Common/BigObfHookWrappers.cpp,reloc-derived;call-sites=1;identity=generated
?Gen0054C3E0@@YAHHH@Z,0x0054C3E0,216,Code/GameEngine/Source/Common/BigObfHookWrappers.cpp,reloc-derived;call-sites=1;identity=generated
?Gen0054C510@@YAHHH@Z,0x0054C510,216,Code/GameEngine/Source/Common/BigObfHookWrappers.cpp,reloc-derived;call-sites=1;identity=generated
?Gen0054C640@@YAHHH@Z,0x0054C640,220,Code/GameEngine/Source/Common/BigObfHookWrappers.cpp,reloc-derived;call-sites=1;identity=generated
?Gen0054C780@@YAHHH@Z,0x0054C780,216,Code/GameEngine/Source/Common/BigObfHookWrappers.cpp,reloc-derived;call-sites=1;identity=generated
??1Gen_dtor_0054d9e0@@UAE@XZ,0x0054CB60,204,Code/gen_small/dtors_006.cpp,reloc-derived;call-sites=1;identity=generated
?insert_unique@?$_Rb_tree@V?$StringBase@G@@U?$pair@$$CBV?$StringBase@G@@URva0054EF10Value@@@_STL@@U?$_Select1st@U?$pair@$$CBV?$StringBase@G@@URva0054EF10Value@@@_STL@@@3@U?$less@V?$StringBase@G@@@3@V?$allocator@U?$pair@$$CBV?$StringBase@G@@URva0054EF10Value@@@_STL@@@3@@_STL@@QAE?AU?$pair@U?$_Rb_tree_iterator@U?$pair@$$CBV?$StringBase@G@@URva0054EF10Value@@@_STL@@U?$_Nonconst_traits@U?$pair@$$CBV?$StringBase@G@@URva0054EF10Value@@@_STL@@@2@@_STL@@_N@2@ABU?$pair@$$CBV?$StringBase@G@@URva0054EF10Value@@@2@@Z,0x0054F000,328,Code/Libraries/Source/WWVegas/WWLib/RvaTreeInsertUniqueWide.cpp,reloc-derived;call-sites=2;identity=generated
??0S4Guarded0055BA20@@QAE@H@Z,0x005538A0,1082,Code/GameEngine/Source/Common/S4GuardedNewWithOneArg.cpp,reloc-derived;call-sites=1;identity=real
??1Gen_dtor_005543a0@@UAE@XZ,0x00553EE0,702,Code/gen_small/dtors_006.cpp,reloc-derived;call-sites=1;identity=generated
??0BfmeOnlineProfileScreen@@QAE@PAX@Z,0x00557C00,1659,Code/GameEngine/Source/GameClient/AptScreenFactories.cpp,reloc-derived;call-sites=1;identity=real
??1Gen_dtor_00558f80@@UAE@XZ,0x005587F0,172,Code/gen_small/dtors_006.cpp,reloc-derived;call-sites=1;identity=generated
??0S4Guarded0055BC20@@QAE@H@Z,0x00559400,755,Code/GameEngine/Source/Common/S4GuardedNewWithOneArg.cpp,reloc-derived;call-sites=1;identity=real
?_bfme_sendStartQuickMatchRequest@BfmeAptScreenOnlineQuickMatch@@QAEXXZ,0x0055B200,1552,Code/GameEngine/Source/GameClient/BfmeAptScreenOnlineQuickMatchUpdate.cpp,reloc-derived;call-sites=1;identity=real
?bfmeCallECE@BfmeSubECE@@QAEXPBD@Z,0x0055C1C0,72,Code/GameEngine/Source/Common/BfmeConv804.cpp,reloc-derived;call-sites=1;identity=real
??1Gen_dtor_0055d000@@UAE@XZ,0x0055CB50,297,Code/gen_small/dtors_006.cpp,reloc-derived;call-sites=1;identity=generated
??0BfmeAptScreenOnlineShell@@QAE@PAX@Z,0x0055D150,1060,Code/GameEngine/Source/GameClient/AptScreenFactories.cpp,reloc-derived;call-sites=1;identity=real
?Rva00519C90Second@@YAXHH@Z,0x0055E290,114,Code/GameEngine/Source/Common/Rva00519C90Call.cpp,reloc-derived;call-sites=4;identity=generated
??1Gen_dtor_0055ef60@@UAE@XZ,0x0055E320,255,Code/gen_small/dtors_006.cpp,reloc-derived;call-sites=1;identity=generated
??0BfmeAptScreenOptions@@QAE@PAX@Z,0x00563370,1073,Code/GameEngine/Source/GameClient/AptScreenFactories.cpp,reloc-derived;call-sites=1;identity=real
?bfmeTest1034@@YADH@Z,0x00565720,255,Code/GameEngine/Source/Common/BfmeConv1034.cpp,reloc-derived;call-sites=1;identity=real
??1Gen_dtor_00566ae0@@UAE@XZ,0x005668C0,300,Code/gen_small/dtors_006.cpp,reloc-derived;call-sites=1;identity=generated
??4Rva005673A0Vec@@QAEAAV0@ABV0@@Z,0x005673A0,127,Code/GameEngine/Source/Common/Rva005674A0Assign.cpp,reloc-derived;call-sites=1;identity=generated
??1Gen_dtor_00569de0@@UAE@XZ,0x00569720,504,Code/gen_small/dtors_006.cpp,reloc-derived;call-sites=1;identity=generated
??0BfmeAptScreenQuitMenu@@QAE@PAX@Z,0x0056A2F0,1024,Code/GameEngine/Source/GameClient/AptScreenFactories.cpp,reloc-derived;call-sites=1;identity=real
?bfmeTestME@BfmeThingME@@QAEHXZ,0x0056AB50,104,Code/GameEngine/Source/Common/BfmeConv904.cpp,reloc-derived;call-sites=1;identity=real
?finishState14@Rva56E070StateOwner@@QAEXXZ,0x0056C210,205,Code/GameEngine/Source/GameClient/Rva56E070StateDispatch.cpp,reloc-derived;call-sites=1;identity=real
?Gen0056C3F0@@YAHHH@Z,0x0056C3F0,219,Code/GameEngine/Source/Common/BigObfHookWrappers.cpp,reloc-derived;call-sites=1;identity=generated
?Gen0056C530@@YAHHH@Z,0x0056C530,220,Code/GameEngine/Source/Common/BigObfHookWrappers.cpp,reloc-derived;call-sites=1;identity=generated
?Gen0056C670@@YAHHH@Z,0x0056C670,219,Code/GameEngine/Source/Common/BigObfHookWrappers.cpp,reloc-derived;call-sites=1;identity=generated
?Gen0056C7A0@@YAHHH@Z,0x0056C7A0,220,Code/GameEngine/Source/Common/BigObfHookWrappers.cpp,reloc-derived;call-sites=1;identity=generated
?finishState16@Rva56E070StateOwner@@QAEXXZ,0x0056D430,255,Code/GameEngine/Source/GameClient/Rva56E070StateDispatch.cpp,reloc-derived;call-sites=1;identity=real
??1Gen_dtor_0056e830@@UAE@XZ,0x0056E230,753,Code/gen_small/dtors_006.cpp,reloc-derived;call-sites=1;identity=generated
??0BfmeAptScreenSaveLoad@@QAE@PAX@Z,0x0056E980,1719,Code/GameEngine/Source/GameClient/AptScreenFactories.cpp,reloc-derived;call-sites=1;identity=real
?rva571c40@@YAXPAVRva572670Record@@HHV1@H@Z,0x00571C40,200,Code/GameEngine/Source/Common/System/Rva572670.cpp,reloc-derived;call-sites=1;identity=real
?gen005726F0@@YAXPAX00HH@Z,0x005726F0,148,Code/GameEngine/Source/Common/ConstantZeroForwarders.cpp,reloc-derived;call-sites=1;identity=generated
?gen005727E0@@YAXPAX00HH@Z,0x005727E0,154,Code/GameEngine/Source/Common/ConstantZeroForwarders.cpp,reloc-derived;call-sites=1;identity=generated
??$__linear_insert@PAUS4SortElem12@@U1@US4Cmp00574DF0@@@_STL@@YAXPAUS4SortElem12@@0U1@US4Cmp00574DF0@@@Z,0x00573900,102,Code/GameEngine/Source/Common/S4StlSortHelpers.cpp,reloc-derived;call-sites=1;identity=real
?_M_insert_overflow@?$vector@UGen_t_00574d30_p8pod@@V?$allocator@UGen_t_00574d30_p8pod@@@_STL@@@_STL@@IAEXPAUGen_t_00574d30_p8pod@@ABU3@ABU__false_type@2@I_N@Z,0x005740A0,302,Code/gen_small/tgrid_134.cpp,reloc-derived;call-sites=1;identity=generated
?Gen0002591E@@YAXPAVRva00574E70Elem@@0PAX@Z,0x005742C0,81,Code/GameEngine/Source/Common/S3FinalInsertionSortSplits.cpp,reloc-derived;call-sites=2;identity=generated
?gen00574330@@YAXPAX00H0@Z,0x00574330,176,Code/GameEngine/Source/Common/ConstantZeroForwarders.cpp,reloc-derived;call-sites=1;identity=generated
?gen00574410@@YAXPAX00H0@Z,0x00574410,192,Code/GameEngine/Source/Common/ConstantZeroForwarders.cpp,reloc-derived;call-sites=1;identity=generated
?bfmeApply@Gen_00574F40Owner@@QAEXPAX@Z,0x00574AA0,224,Code/GameEngine/Source/Common/S3GuardedDelegates2.cpp,reloc-derived;call-sites=1;identity=generated
??1Gen_dtor_00575880@@UAE@XZ,0x00575050,290,Code/gen_small/dtors_006.cpp,reloc-derived;call-sites=1;identity=generated
?Gen00575450@@YAXPAUQ3SortElem16@@00HUQ3SortCompare@@@Z,0x00575450,261,Code/GameEngine/Source/Common/Q3IntrosortFamilies.cpp,reloc-derived;call-sites=1;identity=generated
?Gen0001EE39@@YAXPAVRva00576FF0Elem@@0PAX@Z,0x005759E0,59,Code/GameEngine/Source/Common/S3FinalInsertionSortSplits.cpp,reloc-derived;call-sites=2;identity=generated
?gen00577690@@YAXPAX00H0@Z,0x00577690,124,Code/GameEngine/Source/Common/ConstantZeroForwarders.cpp,reloc-derived;call-sites=1;identity=generated
?bfmeG1076@BfmeQ1076@@QAEXH@Z,0x005780E0,92,Code/GameEngine/Source/Common/BfmeConv1076.cpp,reloc-derived;call-sites=1;identity=real
??0BfmeAptScreenScoreScreen@@QAE@PAX@Z,0x00578160,2865,Code/GameEngine/Source/GameClient/AptScreenFactories.cpp,reloc-derived;call-sites=1;identity=real
?Rva0051DCE0Second@@YAXXZ,0x00579440,42,Code/GameEngine/Source/Common/Rva0051DCE0Call.cpp,reloc-derived;call-sites=1;identity=generated
??1Gen_dtor_0057a1d0@@UAE@XZ,0x00579480,324,Code/gen_small/dtors_006.cpp,reloc-derived;call-sites=1;identity=generated
??0BfmeAptScreenSkirmish@@QAE@PAX@Z,0x0057DA50,3013,Code/GameEngine/Source/GameClient/AptScreenFactories.cpp,reloc-derived;call-sites=1;identity=real
??1Gen_dtor_0057ff00@@UAE@XZ,0x0057F7A0,253,Code/gen_small/dtors_006.cpp,reloc-derived;call-sites=1;identity=generated
??1Gen_dtor_00580840@@UAE@XZ,0x00580830,12,Code/gen_small/dtors_006.cpp,reloc-derived;call-sites=1;identity=generated
??1Gen_dtor_0057f070@@UAE@XZ,0x005813D0,135,Code/gen_small/dtors_006.cpp,reloc-derived;call-sites=1;identity=generated
?BfmeRva00583330TailCopy@_STL@@YAPAVRva00583330Element@@PAV2@00ABU__false_type@1@@Z,0x00581C50,48,Code/GameEngine/Source/Common/Rva00583330VectorInsertOverflowBody.cpp,reloc-derived;call-sites=1;identity=generated
?resize@?$hashtable@URva00583B30Value@@VAsciiString@@U?$hash@VAsciiString@@@rts@@URva00583B30ExtractKey@@U?$equal_to@VAsciiString@@@_STL@@V?$allocator@URva00583B30Value@@@7@@_STL@@QAEXI@Z,0x00582F50,415,Code/Libraries/Source/WWVegas/WWLib/RvaHashInsertAsciiString.cpp,reloc-derived;call-sites=1;identity=generated
?bfmeUseDXI@BfmeGlobDXI@@QAEXH@Z,0x00583190,287,Code/GameEngine/Source/Common/BfmeConv794.cpp,reloc-derived;call-sites=1;identity=real
??1BannerTimerMember@@QAE@XZ,0x00583DD0,210,Code/GameEngine/Source/GameClient/GUI/BannerUI.cpp,reloc-derived;call-sites=1;identity=real
?_M_insert_overflow@?$vector@UPrereqUnitRec@ProductionPrerequisite@@V?$allocator@UPrereqUnitRec@ProductionPrerequisite@@@_STL@@@_STL@@IAEXPAUPrereqUnitRec@ProductionPrerequisite@@ABU34@ABU__false_type@2@I_N@Z,0x00584650,281,Code/GameEngine/Source/Common/RTS/ProductionPrerequisite.cpp,reloc-derived;call-sites=1;identity=real
??$__uninitialized_copy@PBUGen_t_005859c0_m12cd@@PAU1@@_STL@@YAPAUGen_t_005859c0_m12cd@@PBU1@0PAU1@ABU__false_type@0@@Z,0x00585310,120,Code/gen_small/fam_014.cpp,reloc-derived;call-sites=1;identity=generated
??$__uninitialized_copy@PBUGen_t_005859f0_m12cd@@PAU1@@_STL@@YAPAUGen_t_005859f0_m12cd@@PBU1@0PAU1@ABU__false_type@0@@Z,0x005853B0,120,Code/gen_small/fam_014.cpp,reloc-derived;call-sites=1;identity=generated
?_M_insert_overflow@?$vector@UGen_t_00587480_m4pod@@V?$allocator@UGen_t_00587480_m4pod@@@_STL@@@_STL@@IAEXPAUGen_t_00587480_m4pod@@ABU3@ABU__false_type@2@I_N@Z,0x00587230,282,Code/gen_small/fam_019.cpp,reloc-derived;call-sites=1;identity=generated
?apply@Gen00587600@@QAEXHH@Z,0x00587600,88,Code/GameEngine/Source/Common/S2AtoiThenMemberCalls.cpp,reloc-derived;call-sites=6;identity=generated
??$__uninitialized_copy@PBUGen_t_0058cc70_m12cd@@PAU1@@_STL@@YAPAUGen_t_0058cc70_m12cd@@PBU1@0PAU1@ABU__false_type@0@@Z,0x0058B1F0,105,Code/gen_small/fam_014.cpp,reloc-derived;call-sites=1;identity=generated
??1Gen_dtor_0058ec70@@UAE@XZ,0x0058BF70,88,Code/gen_small/dtors_006.cpp,reloc-derived;call-sites=1;identity=generated
?bfmeCallDUL@@YGXPAXPBX@Z,0x0058C2B0,170,Code/GameEngine/Source/Common/BfmeConv785.cpp,reloc-derived;call-sites=5;identity=real
?Gen0058C6C0@@YAHHH@Z,0x0058C6C0,215,Code/GameEngine/Source/Common/BigObfHookWrappers.cpp,reloc-derived;call-sites=1;identity=generated
?Gen0058C7F0@@YAHHH@Z,0x0058C7F0,216,Code/GameEngine/Source/Common/BigObfHookWrappers.cpp,reloc-derived;call-sites=1;identity=generated
?Gen0058C920@@YAHHH@Z,0x0058C920,216,Code/GameEngine/Source/Common/BigObfHookWrappers.cpp,reloc-derived;call-sites=1;identity=generated
?hide@AptPalantir@@QAEX_N@Z,0x00592CD0,112,Code/GameEngine/Source/GameClient/GUI/GUICallbacks/ControlBarVisibility.cpp,reloc-derived;call-sites=1;identity=real
?bfmeCmpEBMb@@YADPAX0@Z,0x005933A0,93,Code/GameEngine/Source/Common/BfmeConv803.cpp,reloc-derived;call-sites=1;identity=real
?_M_push_back_aux_v@?$deque@UGen_t_00595870_p12cd@@V?$allocator@UGen_t_00595870_p12cd@@@_STL@@@_STL@@IAEXABUGen_t_00595870_p12cd@@@Z,0x00594220,188,Code/gen_small/tgrid_125.cpp,reloc-derived;call-sites=1;identity=generated
?rva00595230@@YAXXZ,0x00595230,524,Code/GameEngine/Source/Common/Rva00595A70Call.cpp,reloc-derived;call-sites=1;identity=generated
?bfmeUseDXJ@BfmeSubDXJ@@QAEXH@Z,0x00595A80,44,Code/GameEngine/Source/Common/BfmeConv794.cpp,reloc-derived;call-sites=1;identity=real
??1Gen_dtor_00597680@@UAE@XZ,0x00596500,860,Code/gen_small/dtors_006.cpp,reloc-derived;call-sites=1;identity=generated
??1Gen_dtor_005996c0@@UAE@XZ,0x00599330,264,Code/gen_small/dtors_006.cpp,reloc-derived;call-sites=1;identity=generated
??0BfmeAptScreenSpellStore@@QAE@PAX@Z,0x00599FE0,783,Code/GameEngine/Source/GameClient/AptScreenFactories.cpp,reloc-derived;call-sites=1;identity=real
??1Gen_dtor_0059aad0@@UAE@XZ,0x0059A690,18,Code/gen_small/dtors_006.cpp,reloc-derived;call-sites=1;identity=generated
??0S4Parsed0059F980@@QAE@XZ,0x0059F8F0,69,Code/GameEngine/Source/Common/S4ParseThenRegister.cpp,reloc-derived;call-sites=1;identity=real
??1Gen_dtor_005a3d80@@UAE@XZ,0x005A3B20,120,Code/gen_small/dtors_006.cpp,reloc-derived;call-sites=1;identity=generated
?_M_insert_overflow@?$vector@UGen_t_005a3db0_p8pod@@V?$allocator@UGen_t_005a3db0_p8pod@@@_STL@@@_STL@@IAEXPAUGen_t_005a3db0_p8pod@@ABU3@ABU__false_type@2@I_N@Z,0x005A3C00,302,Code/gen_small/tgrid_134.cpp,reloc-derived;call-sites=1;identity=generated
?bfmeOneCDD@BfmeThingCDD@@QAEXPAX0@Z,0x005A4BF0,80,Code/GameEngine/Source/Common/BfmeConv582.cpp,reloc-derived;call-sites=1;identity=real
?setCursorTooltip@Mouse@@QAEXVUnicodeString@@HPBURGBColor@@M@Z,0x005A56F0,481,Code/GameEngine/Source/GameClient/GUI/GUICallbacks/Menus/PopupPlayerInfo.cpp,reloc-derived;call-sites=3;identity=real
?setMouseText@Mouse@@QAEXVUnicodeString@@PBURGBAColorInt@@1@Z,0x005A5950,178,Code/GameEngine/Source/GameClient/GUI/GUICallbacks/Menus/LanGameOptionsMenu.cpp,reloc-derived;call-sites=1;identity=real
?bfmeBaseAB@BfmeThingAB@@QAEXPAX@Z,0x005A7EF0,115,Code/GameEngine/Source/Common/BfmeThreeHundredEightyTwo.cpp,reloc-derived;call-sites=1;identity=real
?gen005A84D0@@YAXPAX0@Z,0x005A84D0,113,Code/GameEngine/Source/Common/AllocateThenInitialise.cpp,reloc-derived;call-sites=1;identity=generated
?equal_range@?$hashtable@U?$pair@$$CBHUGen_t_005aa370_m12pod@@@_STL@@HU?$hash@H@2@U?$_Select1st@U?$pair@$$CBHUGen_t_005aa370_m12pod@@@_STL@@@2@U?$equal_to@H@2@V?$allocator@U?$pair@$$CBHUGen_t_005aa370_m12pod@@@_STL@@@2@@_STL@@QAE?AU?$pair@U?$_Ht_iterator@U?$pair@$$CBHUGen_t_005aa370_m12pod@@@_STL@@U?$_Nonconst_traits@U?$pair@$$CBHUGen_t_005aa370_m12pod@@@_STL@@@2@HU?$hash@H@2@U?$_Select1st@U?$pair@$$CBHUGen_t_005aa370_m12pod@@@_STL@@@2@U?$equal_to@H@2@V?$allocator@U?$pair@$$CBHUGen_t_005aa370_m12pod@@@_STL@@@2@@_STL@@U12@@2@ABH@Z,0x005AA0F0,434,Code/gen_small/fam_014.cpp,reloc-derived;call-sites=1;identity=generated
??1Gen_dtor_005b5560@@UAE@XZ,0x005B5330,96,Code/gen_small/dtors_006.cpp,reloc-derived;call-sites=1;identity=generated
??1Gen_dtor_005b7320@@UAE@XZ,0x005B7260,144,Code/gen_small/dtors_006.cpp,reloc-derived;call-sites=1;identity=generated
?selectFriends@SelectionTranslator@@AAE_NPAVDrawable@@PAVGameMessage@@_N@Z,0x005B8230,407,Code/GameEngine/Source/GameClient/MessageStream/SelectionXlat.cpp,reloc-derived;call-sites=1;identity=real
??1Gen_dtor_005bbdf0@@UAE@XZ,0x005BBA80,187,Code/gen_small/dtors_006.cpp,reloc-derived;call-sites=1;identity=generated
??1Gen_dtor_005bc790@@UAE@XZ,0x005BC020,186,Code/gen_small/dtors_006.cpp,reloc-derived;call-sites=1;identity=generated
?u1Check_005C2CD0@@YA_NPAX@Z,0x005C2CD0,96,Code/GameEngine/Source/Common/U1ZeroingCtorAndInserters.cpp,reloc-derived;call-sites=1;identity=real
?findParticleSystemByID@ParticleSystemManager@@AAE?AVBfmeParticleSystemHandle@@W4ParticleSystemID@@@Z,0x005C3B30,171,Code/GameEngine/Source/GameClient/ParticleSystemManager_destroyByID.cpp,reloc-derived;call-sites=1;identity=real
?apply@T1Recv_005C47D0@@QAEXPAVT1Arg_005C47D0@@@Z,0x005C47D0,399,Code/GameEngine/Source/Common/T1ReceiverSwappingThunks.cpp,reloc-derived;call-sites=1;identity=real
?u1Call_005C7110@@YAXPAX00PAPAX@Z,0x005C7110,78,Code/GameEngine/Source/Common/U1SmallCallForwards.cpp,reloc-derived;call-sites=1;identity=real
?_M_advance@?$_Deque_iterator_base@UGen_t_005c9f70_p12cd@@@_STL@@QAEXH@Z,0x005C93C0,294,Code/gen_small/tgrid_134.cpp,reloc-derived;call-sites=1;identity=generated
?collect@Y3AdjTail_005C98E0@@QAEXPAVY3AdjOut@@@Z,0x005C98E0,253,Code/GameEngine/Source/Common/Y3AdjustedGetterCollectors.cpp,reloc-derived;call-sites=10;identity=real
?erase@?$hashtable@U?$pair@$$CBHUGen_t_005caa30_p12cd@@@_STL@@HU?$hash@H@2@U?$_Select1st@U?$pair@$$CBHUGen_t_005caa30_p12cd@@@_STL@@@2@U?$equal_to@H@2@V?$allocator@U?$pair@$$CBHUGen_t_005caa30_p12cd@@@_STL@@@2@@_STL@@QAEXABU?$_Ht_iterator@U?$pair@$$CBHUGen_t_005caa30_p12cd@@@_STL@@U?$_Const_traits@U?$pair@$$CBHUGen_t_005caa30_p12cd@@@_STL@@@2@HU?$hash@H@2@U?$_Select1st@U?$pair@$$CBHUGen_t_005caa30_p12cd@@@_STL@@@2@U?$equal_to@H@2@V?$allocator@U?$pair@$$CBHUGen_t_005caa30_p12cd@@@_STL@@@2@@2@@Z,0x005C9B80,154,Code/gen_small/tgrid_130.cpp,reloc-derived;call-sites=1;identity=generated
??1Gen_dtor_005ceab0@@UAE@XZ,0x005CE090,623,Code/gen_small/dtors_006.cpp,reloc-derived;call-sites=1;identity=generated
??1Gen_dtor_005cf050@@UAE@XZ,0x005CE990,216,Code/gen_small/dtors_006.cpp,reloc-derived;call-sites=1;identity=generated
?assign@ParticleSystemTemplateTailAssignShim@FXParticleSystem@@QAEXPBX@Z,0x005CF100,94,Code/GameEngine/Source/GameClient/System/FXParticleSystem/fx_particle_system_bulk.cpp,reloc-derived;call-sites=1;identity=real
?bfmeSendAC@BfmeNextAC@@QAEXPAUBfmeOutAC@@@Z,0x005CF250,90,Code/GameEngine/Source/Common/BfmeThreeHundredEightyThree.cpp,reloc-derived;call-sites=2;identity=real
??1Gen_dtor_005d2bd0@@UAE@XZ,0x005D2840,117,Code/gen_small/dtors_006.cpp,reloc-derived;call-sites=1;identity=generated
??1Gen_dtor_005d37c0@@UAE@XZ,0x005D3650,95,Code/gen_small/dtors_006.cpp,reloc-derived;call-sites=1;identity=generated
??1Gen_dtor_005ebc60@@UAE@XZ,0x005E23D0,100,Code/gen_small/dtors_007.cpp,reloc-derived;call-sites=1;identity=generated
??1Gen_dtor_005ecdf0@@UAE@XZ,0x005E2C70,139,Code/gen_small/dtors_007.cpp,reloc-derived;call-sites=1;identity=generated
??1Gen_dtor_005ed200@@UAE@XZ,0x005E2D20,139,Code/gen_small/dtors_007.cpp,reloc-derived;call-sites=1;identity=generated
??0Rva005EA310@@QAE@ABV0@@Z,0x005EA310,82,Code/GameEngine/Source/Common/V3CopyCtorForwarders.cpp,reloc-derived;call-sites=1;identity=generated
??0Rva005EA590@@QAE@ABV0@@Z,0x005EA590,132,Code/GameEngine/Source/Common/V3CopyCtorForwarders.cpp,reloc-derived;call-sites=1;identity=generated
??0Rva005EAF70@@QAE@ABV0@@Z,0x005EAF70,70,Code/GameEngine/Source/Common/V3CopyCtorForwarders.cpp,reloc-derived;call-sites=1;identity=generated
??0Rva005EB320@@QAE@ABV0@@Z,0x005EB320,70,Code/GameEngine/Source/Common/V3CopyCtorForwarders.cpp,reloc-derived;call-sites=1;identity=generated
??0Rva005EBD40@@QAE@ABV0@@Z,0x005EBD40,310,Code/GameEngine/Source/Common/V3NewInlineCtorFactories.cpp,reloc-derived;call-sites=1;identity=generated
??0Rva005EC1A0@@QAE@ABV0@@Z,0x005EC1A0,101,Code/GameEngine/Source/Common/V3CopyCtorForwarders.cpp,reloc-derived;call-sites=1;identity=generated
??0CompositeRenderObjClass@@QAE@ABV0@@Z,0x005EC3E0,128,Code/Libraries/Source/WWVegas/WW3D2/DistLODClassCopyCtor.cpp,reloc-derived;call-sites=1;identity=real
??0Rva005ECD00@@QAE@ABV0@@Z,0x005ECD00,169,Code/GameEngine/Source/Common/V3CopyCtorForwarders.cpp,reloc-derived;call-sites=1;identity=generated
??0Rva005ED110@@QAE@ABV0@@Z,0x005ED110,169,Code/GameEngine/Source/Common/V3CopyCtorForwarders.cpp,reloc-derived;call-sites=1;identity=generated
??0Rva005EDFA0@@QAE@ABV0@@Z,0x005EDFA0,115,Code/GameEngine/Source/Common/V3CopyCtorForwarders.cpp,reloc-derived;call-sites=1;identity=generated
??0Rva005EE8A0@@QAE@PAXPAVV3HostRva005E7420@@@Z,0x005EE8A0,285,Code/GameEngine/Source/Common/V3NewInlineCtorFactories.cpp,reloc-derived;call-sites=1;identity=generated
??0BaseY005E7360@@QAE@PAVOwnerY005E7360@@@Z,0x005EEA60,207,Code/GameEngine/Source/Common/Q4NewInlineCtorAdjusted.cpp,reloc-derived;call-sites=1;identity=real
??0BfmeRMiddle@@QAE@PAX0@Z,0x005F2CA0,99,Code/GameEngine/Source/Common/Bfme5MultiVptrCtors.cpp,reloc-derived;call-sites=2;identity=real
??0Gen005F3EE0@@QAE@XZ,0x005F3EE0,383,Code/GameEngine/Source/Common/S4Second.cpp,reloc-derived;call-sites=1;identity=generated
?u4Next005F5120@@YAXPAVINI@@PAX1PBX@Z,0x005F50B0,85,Code/GameEngine/Source/Common/U4FloatGuardedForwarders.cpp,reloc-derived;call-sites=1;identity=real
??0BaseY005E6290@@QAE@PAVOwnerY005E6290@@@Z,0x005FCA70,187,Code/GameEngine/Source/Common/Q4NewInlineCtorAdjusted.cpp,reloc-derived;call-sites=1;identity=real
??0BaseY005E4C10@@QAE@PAVOwnerY005E4C10@@@Z,0x005FD6A0,181,Code/GameEngine/Source/Common/Q4NewInlineCtorAdjusted.cpp,reloc-derived;call-sites=1;identity=real
??0BaseY005E6030@@QAE@PAVOwnerY005E6030@@@Z,0x005FDF80,112,Code/GameEngine/Source/Common/Q4NewInlineCtorAdjusted.cpp,reloc-derived;call-sites=1;identity=real
??0BaseY005E6160@@QAE@PAVOwnerY005E6160@@@Z,0x005FEC70,128,Code/GameEngine/Source/Common/Q4NewInlineCtorAdjusted.cpp,reloc-derived;call-sites=1;identity=real
??0Rva005FFAC0@@QAE@PAXPAVV3HostRva005E76E0@@@Z,0x005FFAC0,119,Code/GameEngine/Source/Common/V3NewInlineCtorFactories.cpp,reloc-derived;call-sites=1;identity=generated
??0BaseY005E7620@@QAE@PAVOwnerY005E7620@@@Z,0x005FFBB0,346,Code/GameEngine/Source/Common/Q4NewInlineCtorAdjusted.cpp,reloc-derived;call-sites=1;identity=real
??0Rva006008D0@@QAE@PAXPAVV3HostRva005E7AD0@@@Z,0x006008D0,178,Code/GameEngine/Source/Common/V3NewInlineCtorFactories.cpp,reloc-derived;call-sites=1;identity=generated
??0BaseY005E7940@@QAE@PAVOwnerY005E7940@@@Z,0x006009B0,440,Code/GameEngine/Source/Common/Q4NewInlineCtorAdjusted.cpp,reloc-derived;call-sites=1;identity=real
??1Gen_dtor_00601560@@UAE@XZ,0x00601490,140,Code/gen_small/dtors_007.cpp,reloc-derived;call-sites=1;identity=generated
??1Gen_dtor_00602e50@@UAE@XZ,0x00602D30,98,Code/gen_small/dtors_007.cpp,reloc-derived;call-sites=1;identity=generated
??1Gen_dtor_006039d0@@UAE@XZ,0x00603820,118,Code/gen_small/dtors_007.cpp,reloc-derived;call-sites=1;identity=generated
??0?$pair@$$CBUGen_t_00605630_k4@@UGen_t_00605630_p12cd@@@_STL@@QAE@ABU01@@Z,0x00605200,83,Code/gen_small/tgrid_119.cpp,reloc-derived;call-sites=1;identity=generated
?firstNamed@U4Scan@@QBE_NPAXPBVU4Filter@@@Z,0x00606D60,75,Code/GameEngine/Source/Common/U4EmbeddedProxyForwarders.cpp,reloc-derived;call-sites=1;identity=real
?_M_advance@?$_Deque_iterator_base@UGen_t_00607090_p12cd@@@_STL@@QAEXH@Z,0x00606E60,207,Code/gen_small/tgrid_134.cpp,reloc-derived;call-sites=1;identity=generated
??0?$pair@$$CBUGen_t_00607280_k4@@UGen_t_00607280_p12cd@@@_STL@@QAE@ABU01@@Z,0x006071C0,132,Code/gen_small/tgrid_119.cpp,reloc-derived;call-sites=1;identity=generated
?_M_insert_overflow@?$vector@URva00607770Element@@V?$allocator@URva00607770Element@@@_STL@@@_STL@@IAEXPAURva00607770Element@@ABU3@ABU__false_type@2@I_N@Z,0x00607570,289,Code/Libraries/Source/WWVegas/WWLib/RvaVectorPushBack.cpp,reloc-derived;call-sites=1;identity=real
??0?$pair@$$CBUGen_t_00608af0_k4@@UGen_t_00608af0_p12cd@@@_STL@@QAE@ABU01@@Z,0x006089C0,227,Code/gen_small/tgrid_119.cpp,reloc-derived;call-sites=1;identity=generated
?_M_insert_overflow@?$vector@URva00608FE0Element@@V?$allocator@URva00608FE0Element@@@_STL@@@_STL@@IAEXPAURva00608FE0Element@@ABU3@ABU__false_type@2@I_N@Z,0x00608DE0,287,Code/Libraries/Source/WWVegas/WWLib/RvaVectorPushBack.cpp,reloc-derived;call-sites=1;identity=real
??1Gen_dtor_0060a130@@UAE@XZ,0x00609E30,215,Code/gen_small/dtors_007.cpp,reloc-derived;call-sites=1;identity=generated
?bfmeRunDGE@BfmeSubDGE@@QAEXPAX@Z,0x0060A1D0,82,Code/GameEngine/Source/Common/BfmeConv696.cpp,reloc-derived;call-sites=1;identity=real
??1Gen_dtor_003a3d90@@UAE@XZ,0x0060AB40,149,Code/gen_small/dtors_004.cpp,reloc-derived;call-sites=1;identity=generated
??1Gen_dtor_0060d310@@UAE@XZ,0x0060B6B0,73,Code/gen_small/dtors_007.cpp,reloc-derived;call-sites=1;identity=generated
?gen0060BC50@Gen0060BC50_0061D140@@QAEXXZ,0x0060BC50,174,Code/GameEngine/Source/Common/TailPairForwarders.cpp,reloc-derived;call-sites=1;identity=generated
?gen0060BD30@Gen0060BD30_0061D150@@QAEXXZ,0x0060BD30,182,Code/GameEngine/Source/Common/TailPairForwarders.cpp,reloc-derived;call-sites=1;identity=generated
?gen0060BF50@Gen0060BF50_0061D140@@QAEXXZ,0x0060BF50,174,Code/GameEngine/Source/Common/TailPairForwarders.cpp,reloc-derived;call-sites=1;identity=generated
?gen0060C030@Gen0060C030_0061D150@@QAEXXZ,0x0060C030,182,Code/GameEngine/Source/Common/TailPairForwarders.cpp,reloc-derived;call-sites=1;identity=generated
??1Gen_dtor_0060cf60@@UAE@XZ,0x0060CDD0,266,Code/gen_small/dtors_007.cpp,reloc-derived;call-sites=1;identity=generated
?bfmeStepBLE@BfmeThingBLE@@QAEXXZ,0x0060FFF0,69,Code/GameEngine/Source/Common/BfmeConv486.cpp,reloc-derived;call-sites=1;identity=real
??$__copy@PAVW3DAnimationInfo@@PAV1@H@_STL@@YAPAVW3DAnimationInfo@@PAV1@00ABUrandom_access_iterator_tag@0@PAH@Z,0x00610AF0,167,Code/GameEngineDevice/Source/W3DDevice/GameClient/Drawable/Draw/W3DModelDraw.cpp,reloc-derived;call-sites=2;identity=real
?bfmeFindDGE@@YGPAVBfmeSubDGE@@PAX@Z,0x00612430,232,Code/GameEngine/Source/Common/BfmeConv696.cpp,reloc-derived;call-sites=1;identity=real
?resize@?$hashtable@URva00614BC0Value@@VAsciiString@@U?$hash@VAsciiString@@@rts@@URva00614BC0ExtractKey@@U?$equal_to@VAsciiString@@@_STL@@V?$allocator@URva00614BC0Value@@@7@@_STL@@QAEXI@Z,0x006136C0,415,Code/Libraries/Source/WWVegas/WWLib/RvaHashInsertAsciiString.cpp,reloc-derived;call-sites=1;identity=generated
?resize@?$hashtable@URva00614D10Value@@VAsciiString@@U?$hash@VAsciiString@@@rts@@URva00614D10ExtractKey@@U?$equal_to@VAsciiString@@@_STL@@V?$allocator@URva00614D10Value@@@7@@_STL@@QAEXI@Z,0x006138D0,415,Code/Libraries/Source/WWVegas/WWLib/RvaHashInsertAsciiString.cpp,reloc-derived;call-sites=1;identity=generated
?bfmeFindNC@@YGHPAX@Z,0x00613FF0,125,Code/GameEngine/Source/Common/BfmeConv905.cpp,reloc-derived;call-sites=1;identity=real
?erase@?$hashtable@U?$pair@$$CBHUGen_t_00615270_p12cd@@@_STL@@HU?$hash@H@2@U?$_Select1st@U?$pair@$$CBHUGen_t_00615270_p12cd@@@_STL@@@2@U?$equal_to@H@2@V?$allocator@U?$pair@$$CBHUGen_t_00615270_p12cd@@@_STL@@@2@@_STL@@QAEXABU?$_Ht_iterator@U?$pair@$$CBHUGen_t_00615270_p12cd@@@_STL@@U?$_Const_traits@U?$pair@$$CBHUGen_t_00615270_p12cd@@@_STL@@@2@HU?$hash@H@2@U?$_Select1st@U?$pair@$$CBHUGen_t_00615270_p12cd@@@_STL@@@2@U?$equal_to@H@2@V?$allocator@U?$pair@$$CBHUGen_t_00615270_p12cd@@@_STL@@@2@@2@@Z,0x00614C50,154,Code/gen_small/tgrid_130.cpp,reloc-derived;call-sites=1;identity=generated
?gen00614DA0@@YAPAXXZ,0x00614DA0,65,Code/GameEngine/Source/Common/CachedPointerFills.cpp,reloc-derived;call-sites=1;identity=generated
?_M_insert_overflow@?$vector@UGen_t_00617d60_p16cd@@V?$allocator@UGen_t_00617d60_p16cd@@@_STL@@@_STL@@IAEXPAUGen_t_00617d60_p16cd@@ABU3@ABU__false_type@2@I_N@Z,0x00617070,267,Code/gen_small/tgrid_119.cpp,reloc-derived;call-sites=1;identity=generated
?j_0001d6c4@BfmeSingletonH@@QAEXXZ,0x00617DB0,97,Code/GameEngine/Source/Common/BfmeOneAQAStopBfmeLayout.cpp,reloc-derived;call-sites=1;identity=real
??1Gen_dtor_00618570@@UAE@XZ,0x00617FB0,1168,Code/gen_small/dtors_007.cpp,reloc-derived;call-sites=1;identity=generated
??1Gen_dtor_00618860@@UAE@XZ,0x00618660,31,Code/gen_small/dtors_007.cpp,reloc-derived;call-sites=1;identity=generated
?bfmeRunDGH@BfmeSubDGH@@QAEXPAX@Z,0x00618980,97,Code/GameEngine/Source/Common/BfmeConv694.cpp,reloc-derived;call-sites=1;identity=real
?Gen00619540@@YAHHH@Z,0x00619540,215,Code/GameEngine/Source/Common/BigObfHookWrappers.cpp,reloc-derived;call-sites=1;identity=generated
?bfmeRun@Glo012F1028Item@@QAEXXZ,0x00619900,161,Code/GameEngine/Source/Common/Glo012F1028Sub_bfmeNotify.cpp,reloc-derived;call-sites=1;identity=real
??1Gen_dtor_00619b80@@UAE@XZ,0x00619BB0,106,Code/gen_small/dtors_007.cpp,reloc-derived;call-sites=1;identity=generated
??1Gen_dtor_0061ab30@@UAE@XZ,0x0061A780,164,Code/gen_small/dtors_007.cpp,reloc-derived;call-sites=1;identity=generated
??0?$pair@$$CBUGen_t_0061abc0_k4@@UGen_t_0061abc0_p12cd@@@_STL@@QAE@ABU01@@Z,0x0061A900,128,Code/gen_small/tgrid_119.cpp,reloc-derived;call-sites=1;identity=generated
??1Gen_dtor_0061bfc0@@UAE@XZ,0x0061BD90,179,Code/gen_small/dtors_007.cpp,reloc-derived;call-sites=1;identity=generated
?refresh@Rva0060C120@@QAEXXZ,0x0061CE00,481,Code/GameEngine/Source/Common/Open2Conv002.cpp,reloc-derived;call-sites=1;identity=generated
??1Gen_dtor_0060a1a0@@UAE@XZ,0x0061E3E0,221,Code/gen_small/dtors_007.cpp,reloc-derived;call-sites=1;identity=generated
?bfmeBaseCVE@BfmeThingCVE@@QAEXXZ,0x0061F0C0,82,Code/GameEngine/Source/Common/BfmeConv656.cpp,reloc-derived;call-sites=1;identity=real
??1Gen_dtor_006235b0@@UAE@XZ,0x00623530,45,Code/gen_small/dtors_007.cpp,reloc-derived;call-sites=1;identity=generated
?_M_insert@?$_Rb_tree@PAVGameWindow@@PAV1@U?$_Identity@PAVGameWindow@@@_STL@@U?$less@PAVGameWindow@@@3@V?$allocator@PAVGameWindow@@@3@@_STL@@AAE?AU?$_Rb_tree_iterator@PAVGameWindow@@U?$_Nonconst_traits@PAVGameWindow@@@_STL@@@2@PAU_Rb_tree_node_base@2@0ABQAVGameWindow@@0@Z,0x006257F0,179,Code/GameEngine/Source/GameNetwork/GameSpy/GameWindowTreeInsertUnique.cpp,reloc-derived;call-sites=1;identity=real
?downloadNextQueuedFile@DownloadManager@@QAEJXZ,0x00627370,340,Code/GameEngine/Source/GameClient/GUI/GUICallbacks/Menus/DownloadMenu.cpp,reloc-derived;call-sites=1;identity=real
?GameSpyOpenOverlay@@YAXW4GSOverlayType@@@Z,0x00627FA0,535,Code/GameEngine/Source/GameClient/GUI/GUICallbacks/Menus/WOLBuddyOverlay.cpp,reloc-derived;call-sites=2;identity=real
??1Gen_dtor_00629f60@@UAE@XZ,0x00629F90,217,Code/gen_small/dtors_008.cpp,reloc-derived;call-sites=1;identity=generated
?RefreshGameListBox@@YAXPAVGameWindow@@_N@Z,0x0062E2E0,418,Code/GameEngine/Source/GameNetwork/GameSpy/LobbyUtils.cpp,reloc-derived;call-sites=7;identity=real
?insert_unique@?$_Rb_tree@URva00635520Key@@U?$pair@$$CBURva00635520Key@@URva00635520Value@@@_STL@@U?$_Select1st@U?$pair@$$CBURva00635520Key@@URva00635520Value@@@_STL@@@3@U?$less@URva00635520Key@@@3@V?$allocator@U?$pair@$$CBURva00635520Key@@URva00635520Value@@@_STL@@@3@@_STL@@QAE?AU?$_Rb_tree_iterator@U?$pair@$$CBURva00635520Key@@URva00635520Value@@@_STL@@U?$_Nonconst_traits@U?$pair@$$CBURva00635520Key@@URva00635520Value@@@_STL@@@2@@2@U32@ABU?$pair@$$CBURva00635520Key@@URva00635520Value@@@2@@Z,0x00634650,1122,Code/GameEngine/Source/Common/Rva00635520MapInsertBody.cpp,reloc-derived;call-sites=1;identity=generated
??1Gen_dtor_0063cee0@@UAE@XZ,0x0063CF10,352,Code/gen_small/dtors_008.cpp,reloc-derived;call-sites=1;identity=generated
?connectCallback@BuddyThreadClass@@QAEXPAVGPConnection@@PAUGPConnectResponseArg@@@Z,0x0063E490,1042,Code/GameEngine/Source/GameNetwork/GameSpy/Thread/BuddyThread.cpp,reloc-derived;call-sites=1;identity=real
??1Gen_dtor_00642410@@UAE@XZ,0x00641C60,237,Code/gen_small/dtors_008.cpp,reloc-derived;call-sites=1;identity=generated
??0Gen00642300@@QAE@XZ,0x00642300,213,Code/GameEngine/Source/Common/Q4NewNiladicFactories.cpp,reloc-derived;call-sites=1;identity=generated
?bfmeDoPE@BfmeThingPE@@QAEXPADPAXH@Z,0x006440A0,83,Code/GameEngine/Source/Common/BfmeTwoHundredSixtyFive.cpp,reloc-derived;call-sites=1;identity=real
?_M_reallocate_map@?$deque@UGen_t_00646a70_p12cd@@V?$allocator@UGen_t_00646a70_p12cd@@@_STL@@@_STL@@IAEXI_N@Z,0x00645F80,367,Code/gen_small/tgrid_135.cpp,reloc-derived;call-sites=1;identity=generated
??0?$pair@$$CBUGen_t_00647b20_k4@@UGen_t_00647b20_p12cd@@@_STL@@QAE@ABU01@@Z,0x00647470,370,Code/gen_small/tgrid_120.cpp,reloc-derived;call-sites=1;identity=generated
?bfmeInvoke@Gen_0064C6A0Target@@QAEXPAX0@Z,0x00649790,659,Code/GameEngine/Source/Common/S3GuardedDispatchers.cpp,reloc-derived;call-sites=1;identity=generated
??1Gen_dtor_0064d750@@UAE@XZ,0x0064C710,225,Code/gen_small/dtors_008.cpp,reloc-derived;call-sites=1;identity=generated
??1Gen_dtor_0064d2f0@@UAE@XZ,0x0064D320,646,Code/gen_small/dtors_008.cpp,reloc-derived;call-sites=1;identity=generated
??0GameSpyPeerMessageQueue@@QAE@XZ,0x0064D650,197,Code/GameEngine/Source/GameNetwork/GameSpy/Thread/PeerThread.cpp,reloc-derived;call-sites=1;identity=real
?destroy@BFMENetworkBackendDestructorShim@@QAEXXZ,0x006541B0,216,Code/GameEngine/Source/GameNetwork/native_network.cpp,reloc-derived;call-sites=1;identity=real
?bfmeDoPJ@BfmeThingPJ@@QAEXPADPAXH@Z,0x00654BE0,127,Code/GameEngine/Source/Common/BfmeTwoHundredSeventy.cpp,reloc-derived;call-sites=1;identity=real
?destroy@BFMENetworkDestructorShim@@QAEXXZ,0x00658AF0,397,Code/GameEngine/Source/GameNetwork/native_network.cpp,reloc-derived;call-sites=1;identity=real
??A?$map@HVPSPlayerStats@@U?$less@H@_STL@@V?$allocator@U?$pair@$$CBHVPSPlayerStats@@@_STL@@@3@@_STL@@QAEAAVPSPlayerStats@@ABH@Z,0x0065E220,227,Code/GameEngine/Source/GameNetwork/GameSpy/Thread/PersistentStorageThread.cpp,reloc-derived;call-sites=1;identity=real
?pop@?$queue@VPingRequest@@V?$deque@VPingRequest@@V?$allocator@VPingRequest@@@_STL@@@_STL@@@_STL@@QAEXXZ,0x00660410,75,Code/GameEngine/Source/GameNetwork/GameSpy/Thread/PingThread.cpp,reloc-derived;call-sites=1;identity=real
?pop@?$queue@VPingResponse@@V?$deque@VPingResponse@@V?$allocator@VPingResponse@@@_STL@@@_STL@@@_STL@@QAEXXZ,0x006605B0,75,Code/GameEngine/Source/GameNetwork/GameSpy/Thread/PingThread.cpp,reloc-derived;call-sites=1;identity=real
??1Gen_dtor_00661160@@UAE@XZ,0x006609D0,197,Code/gen_small/dtors_008.cpp,reloc-derived;call-sites=1;identity=generated
?MultiByteToWideCharSingleLine@@YA?AV?$basic_string@GU?$char_traits@G@_STL@@V?$allocator@G@2@@_STL@@PBD@Z,0x006617D0,301,Code/GameEngine/Source/GameNetwork/GameSpy/Thread/BuddyThreadCallbacks.cpp,reloc-derived;call-sites=2;identity=real
?sendNetCommandMsg@Connection@@QAEXPAVNetCommandMsg@@E@Z,0x006624A0,502,Code/GameEngine/Source/GameNetwork/native_connection_timing.cpp,reloc-derived;call-sites=3;identity=real
??1Gen_dtor_00665320@@UAE@XZ,0x006652B0,82,Code/gen_small/dtors_008.cpp,reloc-derived;call-sites=1;identity=generated
?insert_unique@?$_Rb_tree@GU?$pair@$$CBGUGen_t_00668150_m12pod@@@_STL@@U?$_Select1st@U?$pair@$$CBGUGen_t_00668150_m12pod@@@_STL@@@2@U?$less@G@2@V?$allocator@U?$pair@$$CBGUGen_t_00668150_m12pod@@@_STL@@@2@@_STL@@QAE?AU?$pair@U?$_Rb_tree_iterator@U?$pair@$$CBGUGen_t_00668150_m12pod@@@_STL@@U?$_Nonconst_traits@U?$pair@$$CBGUGen_t_00668150_m12pod@@@_STL@@@2@@_STL@@_N@2@ABU?$pair@$$CBGUGen_t_00668150_m12pod@@@2@@Z,0x00667C80,145,Code/gen_small/fam_006.cpp,reloc-derived;call-sites=4;identity=generated
?insert_unique@?$_Rb_tree@GU?$pair@$$CBGUGen_t_00668440_m12pod@@@_STL@@U?$_Select1st@U?$pair@$$CBGUGen_t_00668440_m12pod@@@_STL@@@2@U?$less@G@2@V?$allocator@U?$pair@$$CBGUGen_t_00668440_m12pod@@@_STL@@@2@@_STL@@QAE?AU?$pair@U?$_Rb_tree_iterator@U?$pair@$$CBGUGen_t_00668440_m12pod@@@_STL@@U?$_Nonconst_traits@U?$pair@$$CBGUGen_t_00668440_m12pod@@@_STL@@@2@@_STL@@_N@2@ABU?$pair@$$CBGUGen_t_00668440_m12pod@@@2@@Z,0x00667E20,145,Code/gen_small/fam_006.cpp,reloc-derived;call-sites=4;identity=generated
?insert_unique@?$_Rb_tree@GU?$pair@$$CBGUGen_t_00668a90_m12pod@@@_STL@@U?$_Select1st@U?$pair@$$CBGUGen_t_00668a90_m12pod@@@_STL@@@2@U?$less@G@2@V?$allocator@U?$pair@$$CBGUGen_t_00668a90_m12pod@@@_STL@@@2@@_STL@@QAE?AU?$pair@U?$_Rb_tree_iterator@U?$pair@$$CBGUGen_t_00668a90_m12pod@@@_STL@@U?$_Nonconst_traits@U?$pair@$$CBGUGen_t_00668a90_m12pod@@@_STL@@@2@@_STL@@_N@2@ABU?$pair@$$CBGUGen_t_00668a90_m12pod@@@2@@Z,0x00668810,145,Code/gen_small/fam_006.cpp,reloc-derived;call-sites=4;identity=generated
?notifyTargetOfProbe@NAT@@IAEXPAVGameSlot@@@Z,0x00671100,374,Code/GameEngine/Source/GameNetwork/NAT_gotMangledPort_Thunk.cpp,reloc-derived;call-sites=2;identity=real
?sendMangledPortNumberToTarget@NAT@@IAEXGPAVGameSlot@@@Z,0x006718A0,388,Code/GameEngine/Source/GameNetwork/nat.cpp,reloc-derived;call-sites=4;identity=real
??1Gen_dtor_00674380@@UAE@XZ,0x006736B0,95,Code/gen_small/dtors_008.cpp,reloc-derived;call-sites=1;identity=generated
??1Gen_dtor_00676210@@UAE@XZ,0x00675E60,86,Code/gen_small/dtors_008.cpp,reloc-derived;call-sites=1;identity=generated
?constructGameMessage@NetGameCommandMsg@@QAEPAVGameMessage@@XZ,0x00675ED0,467,Code/GameEngine/Source/GameNetwork/NetPacket_GetBufferSizeNeededForCommand.cpp,reloc-derived;call-sites=2;identity=real
?getPortableFilename@NetFileCommandMsg@@QAE?AV?$StringBase@D@@XZ,0x0067D250,32,Code/GameEngine/Source/GameNetwork/NetPacket_commandSizes.cpp,reloc-derived;call-sites=3;identity=real
?getPortableFilename@NetFileAnnounceCommandMsg@@QAE?AV?$StringBase@D@@XZ,0x0067D2E0,32,Code/GameEngine/Source/GameNetwork/NetPacket_commandSizes.cpp,reloc-derived;call-sites=3;identity=real
?addAckCommand@NetPacket@@IAE_NPAVNetCommandRef@@GEI@Z,0x0067DEC0,642,Code/GameEngine/Source/GameNetwork/NetPacket_ackCommands.cpp,reloc-derived;call-sites=3;identity=real
?ConstructNetCommandMsgFromRawData@NetPacket@@SAPAVNetCommandRef@@PAEG@Z,0x0067EE40,937,Code/GameEngine/Source/GameNetwork/NetCommandWrapperList_getReadyCommands.cpp,reloc-derived;call-sites=1;identity=real
?GetCommandsFromCommandList@Network@@IAEXXZ,0x006828D0,352,Code/GameEngine/Source/GameNetwork/Network_update.cpp,reloc-derived;call-sites=1;identity=real
?RelayCommandsToCommandList@Network@@IAEXXZ,0x00682A90,375,Code/GameEngine/Source/GameNetwork/Network_update.cpp,reloc-derived;call-sites=1;identity=real
?sendMessage@LANAPI@@IAEXPAULANMessage@@I@Z,0x00684CF0,221,Code/GameEngine/Source/GameNetwork/LANAPI_RequestAccept_Thunk.cpp,reloc-derived;call-sites=11;identity=real
??0LANPlayer@@QAE@ABV0@@Z,0x006869C0,122,Code/GameEngine/Source/GameNetwork/LANGameSlot_copy.cpp,reloc-derived;call-sites=1;identity=real
?addPlayer@LANAPI@@IAEXPAVLANPlayer@@@Z,0x00686FD0,185,Code/GameEngine/Source/GameNetwork/LANAPI_RequestSetName.cpp,reloc-derived;call-sites=1;identity=real
?reset@LANAPI@@UAEXXZ,0x00688430,185,Code/GameEngine/Source/GameNetwork/lanapi.cpp,reloc-derived;call-sites=1;identity=real
?writeLANGameInfo@@YAXPBVLANGameInfo@@PADI@Z,0x0068E090,1037,Code/GameEngine/Source/GameNetwork/LANAPI_RequestGameAnnounce.cpp,reloc-derived;call-sites=2;identity=real
?_bfme_fillCurrentLANGameInfo_0068E630@@YAXPADI@Z,0x0068E630,112,Code/GameEngine/Source/GameNetwork/Rva00685000RequestSerializedGameInfo.cpp,reloc-derived;call-sites=1;identity=real
?insert_unique@?$_Rb_tree@V?$StringBase@G@@U?$pair@$$CBV?$StringBase@G@@URva0068FAF0Value@@@_STL@@U?$_Select1st@U?$pair@$$CBV?$StringBase@G@@URva0068FAF0Value@@@_STL@@@3@U?$less@V?$StringBase@G@@@3@V?$allocator@U?$pair@$$CBV?$StringBase@G@@URva0068FAF0Value@@@_STL@@@3@@_STL@@QAE?AU?$pair@U?$_Rb_tree_iterator@U?$pair@$$CBV?$StringBase@G@@URva0068FAF0Value@@@_STL@@U?$_Nonconst_traits@U?$pair@$$CBV?$StringBase@G@@URva0068FAF0Value@@@_STL@@@2@@_STL@@_N@2@ABU?$pair@$$CBV?$StringBase@G@@URva0068FAF0Value@@@2@@Z,0x0068FBE0,328,Code/Libraries/Source/WWVegas/WWLib/RvaTreeInsertUniqueWide.cpp,reloc-derived;call-sites=2;identity=generated
??0BinkVideoPlayer@@QAE@XZ,0x00691230,90,Code/GameEngineDevice/Source/W3DDevice/GameClient/W3DGameClient.cpp,reloc-derived;call-sites=1;identity=real
??1Gen_dtor_00695260@@UAE@XZ,0x006912A0,105,Code/gen_small/dtors_008.cpp,reloc-derived;call-sites=1;identity=generated
?resize@?$hashtable@URva00693020Value@@VAsciiString@@U?$hash@VAsciiString@@@rts@@URva00693020ExtractKey@@U?$equal_to@VAsciiString@@@_STL@@V?$allocator@URva00693020Value@@@7@@_STL@@QAEXI@Z,0x00692960,415,Code/Libraries/Source/WWVegas/WWLib/RvaHashInsertAsciiString.cpp,reloc-derived;call-sites=1;identity=generated
?erase@?$hashtable@U?$pair@$$CBHUGen_t_00693280_p12cd@@@_STL@@HU?$hash@H@2@U?$_Select1st@U?$pair@$$CBHUGen_t_00693280_p12cd@@@_STL@@@2@U?$equal_to@H@2@V?$allocator@U?$pair@$$CBHUGen_t_00693280_p12cd@@@_STL@@@2@@_STL@@QAEXABU?$_Ht_iterator@U?$pair@$$CBHUGen_t_00693280_p12cd@@@_STL@@U?$_Const_traits@U?$pair@$$CBHUGen_t_00693280_p12cd@@@_STL@@@2@HU?$hash@H@2@U?$_Select1st@U?$pair@$$CBHUGen_t_00693280_p12cd@@@_STL@@@2@U?$equal_to@H@2@V?$allocator@U?$pair@$$CBHUGen_t_00693280_p12cd@@@_STL@@@2@@2@@Z,0x00692D50,154,Code/gen_small/tgrid_130.cpp,reloc-derived;call-sites=1;identity=generated
?insert_unique@?$_Rb_tree@PAURva00693990Target@@PAU1@U?$_Identity@PAURva00693990Target@@@_STL@@U?$less@PAURva00693990Target@@@3@V?$allocator@PAURva00693990Target@@@3@@_STL@@QAE?AU?$pair@U?$_Rb_tree_iterator@PAURva00693990Target@@U?$_Nonconst_traits@PAURva00693990Target@@@_STL@@@_STL@@_N@2@ABQAURva00693990Target@@@Z,0x006934C0,326,Code/Libraries/Source/WWVegas/WWLib/RvaSetInsertForwarder.cpp,reloc-derived;call-sites=1;identity=generated
??1Gen_dtor_00695290@@UAE@XZ,0x006936B0,318,Code/gen_small/dtors_008.cpp,reloc-derived;call-sites=1;identity=generated
?run@Rva00694570@@QAEXXZ,0x00694570,315,Code/GameEngine/Source/Common/Rva00694700Call.cpp,reloc-derived;call-sites=1;identity=generated
??1Gen_dtor_00695230@@UAE@XZ,0x00694E30,31,Code/gen_small/dtors_008.cpp,reloc-derived;call-sites=1;identity=generated
??1Gen_dtorv_00699e90@@UAE@XZ,0x00699D60,188,Code/gen_small/dtorsv_000.cpp,reloc-derived;call-sites=1;identity=generated
??$__copy_backward@PAUGen_t_0069ea50_p128pod@@PAU1@H@_STL@@YAPAUGen_t_0069ea50_p128pod@@PAU1@00ABUrandom_access_iterator_tag@0@PAH@Z,0x0069C9D0,89,Code/gen_small/tgrid_135.cpp,reloc-derived;call-sites=1;identity=generated
?evaluate@Gen0069CBC0@@QAEPAXPAX@Z,0x0069CBC0,86,Code/GameEngine/Source/Common/SelfPairReturners.cpp,reloc-derived;call-sites=2;identity=generated
??$__copy@U?$_Deque_iterator@HU?$_Const_traits@H@_STL@@@_STL@@U?$_Deque_iterator@HU?$_Nonconst_traits@H@_STL@@@2@H@_STL@@YA?AU?$_Deque_iterator@HU?$_Nonconst_traits@H@_STL@@@0@U?$_Deque_iterator@HU?$_Const_traits@H@_STL@@@0@0U10@ABUrandom_access_iterator_tag@0@PAH@Z,0x0069CC60,227,Code/gen_small/tgrid_007.cpp,reloc-derived;call-sites=1;identity=real
?Gen000336C2@@YAHPAVGenArgA@@PAVGenArgB@@PA_N@Z,0x0069CE20,62,Code/GameEngine/Source/Common/S2FlagOutForwarders.cpp,reloc-derived;call-sites=2;identity=generated
?clear@?$hashtable@U?$pair@$$CBHUGen_t_006a3830_p12cd@@@_STL@@HU?$hash@H@2@U?$_Select1st@U?$pair@$$CBHUGen_t_006a3830_p12cd@@@_STL@@@2@U?$equal_to@H@2@V?$allocator@U?$pair@$$CBHUGen_t_006a3830_p12cd@@@_STL@@@2@@_STL@@QAEXXZ,0x0069E730,86,Code/gen_small/tgrid_130.cpp,reloc-derived;call-sites=1;identity=generated
??$__copy@U?$_Deque_iterator@UGen_t_006a14b0_p12cd@@U?$_Const_traits@UGen_t_006a14b0_p12cd@@@_STL@@@_STL@@U?$_Deque_iterator@UGen_t_006a14b0_p12cd@@U?$_Nonconst_traits@UGen_t_006a14b0_p12cd@@@_STL@@@2@H@_STL@@YA?AU?$_Deque_iterator@UGen_t_006a14b0_p12cd@@U?$_Nonconst_traits@UGen_t_006a14b0_p12cd@@@_STL@@@0@U?$_Deque_iterator@UGen_t_006a14b0_p12cd@@U?$_Const_traits@UGen_t_006a14b0_p12cd@@@_STL@@@0@0U10@ABUrandom_access_iterator_tag@0@PAH@Z,0x0069F1C0,239,Code/gen_small/tgrid_126.cpp,reloc-derived;call-sites=1;identity=generated
?insert_unique_noresize@?$hashtable@U?$pair@$$CBHUGen_t_006a7260_p12cd@@@_STL@@HU?$hash@H@2@U?$_Select1st@U?$pair@$$CBHUGen_t_006a7260_p12cd@@@_STL@@@2@U?$equal_to@H@2@V?$allocator@U?$pair@$$CBHUGen_t_006a7260_p12cd@@@_STL@@@2@@_STL@@QAE?AU?$pair@U?$_Ht_iterator@U?$pair@$$CBHUGen_t_006a7260_p12cd@@@_STL@@U?$_Nonconst_traits@U?$pair@$$CBHUGen_t_006a7260_p12cd@@@_STL@@@2@HU?$hash@H@2@U?$_Select1st@U?$pair@$$CBHUGen_t_006a7260_p12cd@@@_STL@@@2@U?$equal_to@H@2@V?$allocator@U?$pair@$$CBHUGen_t_006a7260_p12cd@@@_STL@@@2@@_STL@@_N@2@ABU?$pair@$$CBHUGen_t_006a7260_p12cd@@@2@@Z,0x006A0730,169,Code/gen_small/tgrid_130.cpp,reloc-derived;call-sites=1;identity=generated
?rva006a0810@@YGXPAX@Z,0x006A0810,129,Code/GameEngine/Source/Common/Rva006A3820Call.cpp,reloc-derived;call-sites=1;identity=generated
?gen006A0EF0@@YAPAXXZ,0x006A0EF0,65,Code/GameEngine/Source/Common/CachedPointerFills.cpp,reloc-derived;call-sites=1;identity=generated
?handle@Gen006A10A0@@QAEXPAXH@Z,0x006A10A0,41,Code/GameEngine/Source/Common/SpanCountForwarders.cpp,reloc-derived;call-sites=2;identity=generated
?_M_reallocate_map@?$deque@UGen_t_006a4e20_p12cd@@V?$allocator@UGen_t_006a4e20_p12cd@@@_STL@@@_STL@@IAEXI_N@Z,0x006A10E0,367,Code/gen_small/tgrid_135.cpp,reloc-derived;call-sites=1;identity=generated
?_M_insert_overflow@?$vector@UGen_t_006a7170_p8pod@@V?$allocator@UGen_t_006a7170_p8pod@@@_STL@@@_STL@@IAEXPAUGen_t_006a7170_p8pod@@ABU3@ABU__false_type@2@I_N@Z,0x006A3F90,302,Code/gen_small/tgrid_121.cpp,reloc-derived;call-sites=1;identity=generated
?resize@?$hashtable@U?$pair@$$CBHUGen_t_006a7260_p12cd@@@_STL@@HU?$hash@H@2@U?$_Select1st@U?$pair@$$CBHUGen_t_006a7260_p12cd@@@_STL@@@2@U?$equal_to@H@2@V?$allocator@U?$pair@$$CBHUGen_t_006a7260_p12cd@@@_STL@@@2@@_STL@@QAEXI@Z,0x006A43D0,287,Code/gen_small/tgrid_130.cpp,reloc-derived;call-sites=1;identity=generated
?resize@?$hashtable@URva006A7AD0Value@@VAsciiString@@U?$hash@VAsciiString@@@rts@@URva006A7AD0ExtractKey@@U?$equal_to@VAsciiString@@@_STL@@V?$allocator@URva006A7AD0Value@@@7@@_STL@@QAEXI@Z,0x006A4E70,415,Code/Libraries/Source/WWVegas/WWLib/RvaHashInsertAsciiString.cpp,reloc-derived;call-sites=1;identity=generated
?_M_insert_overflow@?$vector@URva006AACB0Element@@V?$allocator@URva006AACB0Element@@@_STL@@@_STL@@IAEXPAURva006AACB0Element@@ABU3@ABU__false_type@2@I_N@Z,0x006A7290,286,Code/Libraries/Source/WWVegas/WWLib/RvaVectorPushBack.cpp,reloc-derived;call-sites=1;identity=real
?_M_insert_overflow@?$vector@UGen_t_006aadf0_p8pod@@V?$allocator@UGen_t_006aadf0_p8pod@@@_STL@@@_STL@@IAEXPAUGen_t_006aadf0_p8pod@@ABU3@ABU__false_type@2@I_N@Z,0x006A7400,302,Code/gen_small/tgrid_135.cpp,reloc-derived;call-sites=1;identity=generated
??1Gen_dtor_006af7b0@@UAE@XZ,0x006ACF50,1256,Code/gen_small/dtors_008.cpp,reloc-derived;call-sites=1;identity=generated
?bfmeSetPG@BfmeThingPG@@QAEXHPAX@Z,0x006ADAE0,458,Code/GameEngine/Source/Common/BfmeConv906.cpp,reloc-derived;call-sites=1;identity=real
?handle@Gen00044A62@@QAEXH@Z,0x006B0210,383,Code/GameEngine/Source/Common/TinyIndexedForwarders.cpp,reloc-derived;call-sites=2;identity=generated
??0Gen006B0E00@@QAE@XZ,0x006B0E00,1550,Code/GameEngine/Source/Common/Q4NewNiladicFactories.cpp,reloc-derived;call-sites=1;identity=generated
?bfmeCall935A@BfmeGlob935A@@QAEXXZ,0x006B61C0,558,Code/GameEngine/Source/Common/BfmeConv935.cpp,reloc-derived;call-sites=1;identity=real
??1Gen_dtor_006ba0e0@@UAE@XZ,0x006BA030,137,Code/gen_small/dtors_008.cpp,reloc-derived;call-sites=1;identity=generated
?handle@Gen0002857E@@QAEXXZ,0x006BA1D0,53,Code/GameEngine/Source/Common/Rva00690FF0Handle.cpp,reloc-derived;call-sites=5;identity=generated
??1Gen_dtor_00691670@@UAE@XZ,0x006BA340,202,Code/gen_small/dtors_008.cpp,reloc-derived;call-sites=1;identity=generated
??1Gen_dtor_006bb650@@UAE@XZ,0x006BB460,138,Code/gen_small/dtors_008.cpp,reloc-derived;call-sites=1;identity=generated
??1Gen_dtor_006bd070@@UAE@XZ,0x006BC6E0,48,Code/gen_small/dtors_008.cpp,reloc-derived;call-sites=1;identity=generated
??1Gen_dtor_006bce10@@UAE@XZ,0x006BCE40,100,Code/gen_small/dtors_008.cpp,reloc-derived;call-sites=1;identity=generated
??1Gen_dtor_006bdbe0@@UAE@XZ,0x006BDB50,108,Code/gen_small/dtors_008.cpp,reloc-derived;call-sites=1;identity=generated
??$__copy_ptrs@PBUGen_t_006bea40_p8pod@@PAU1@@_STL@@YAPAUGen_t_006bea40_p8pod@@PBU1@0PAU1@ABU__false_type@0@@Z,0x006BE5A0,46,Code/gen_small/tgrid_121.cpp,reloc-derived;call-sites=2;identity=generated
??1Gen_dtor_006c1ef0@@UAE@XZ,0x006C1780,212,Code/gen_small/dtors_008.cpp,reloc-derived;call-sites=1;identity=generated
??0Gen006C1D70@@QAE@XZ,0x006C1D70,304,Code/GameEngine/Source/Common/Q4NewNiladicFactories.cpp,reloc-derived;call-sites=1;identity=generated
?bfmeAdd1059@BfmeG1059@@QAEXPAVBfmeA1059@@H@Z,0x006C7630,67,Code/GameEngine/Source/Common/BfmeConv1059.cpp,reloc-derived;call-sites=1;identity=real
?updateScorches@BaseHeightMapScorchUpdater@@QAEXXZ,0x006C7E90,1528,Code/GameEngineDevice/Source/W3DDevice/GameClient/BaseHeightMap.cpp,reloc-derived;call-sites=1;identity=real
?rva006ca4f0@@YAXXZ,0x006CA4F0,284,Code/GameEngine/Source/Common/Rva006D1C70Zero.cpp,reloc-derived;call-sites=1;identity=generated
?updateMacroTexture@BaseHeightMapResetTerrain@@QAEXVBaseHeightMapResetAsciiString@@_N@Z,0x006CB8D0,276,Code/GameEngineDevice/Source/W3DDevice/GameClient/BaseHeightMap.cpp,reloc-derived;call-sites=1;identity=real
?renderTrees@BaseHeightMapRenderObjClass@@QAEXPAVCameraClass@@@Z,0x006CD990,790,Code/GameEngineDevice/Source/W3DDevice/GameClient/BaseHeightMap.cpp,reloc-derived;call-sites=1;identity=real
?bfmeInvoke@Gen_006CDF70Target@@QAEXPAX0@Z,0x006CDD70,374,Code/GameEngine/Source/Common/S3GuardedDispatchers.cpp,reloc-derived;call-sites=1;identity=generated
?bfmeTwoBKE@@YAXPAX@Z,0x006D4690,326,Code/GameEngine/Source/Common/BfmeConv480.cpp,reloc-derived;call-sites=1;identity=real
?loadBibsInVertexAndIndexBuffers@W3DBibBuffer@@IAEXXZ,0x006D6BE0,779,Code/GameEngineDevice/Source/W3DDevice/GameClient/W3DBibBuffer_renderBibs_Thunk.cpp,reloc-derived;call-sites=1;identity=real
??1Gen_dtor_006c5c80@@UAE@XZ,0x006D6FD0,134,Code/gen_small/dtors_008.cpp,reloc-derived;call-sites=1;identity=generated
?getModelVertices@W3DBridge@@IAEHPAUVertexFormatXYZNDUV1@@HMAAVVector3@@111ABVMatrix3D@@PAVMeshClass@@PAV?$RefMultiListIterator@VRenderObjClass@@@@@Z,0x006D7EA0,1272,Code/GameEngineDevice/Source/W3DDevice/GameClient/W3DBridgeBuffer.cpp,reloc-derived;call-sites=4;identity=real
??1Gen_dtor_006c5ce0@@UAE@XZ,0x006D8A80,169,Code/gen_small/dtors_008.cpp,reloc-derived;call-sites=1;identity=generated
?loadBridgesInVertexAndIndexBuffers@W3DBridgeBuffer@@IAEXPAV?$RefMultiListIterator@VRenderObjClass@@@@@Z,0x006D9F50,272,Code/GameEngineDevice/Source/W3DDevice/GameClient/W3DBridgeBuffer.cpp,reloc-derived;call-sites=1;identity=real
??1Gen_dtor_006db540@@UAE@XZ,0x006DABB0,92,Code/gen_small/dtors_008.cpp,reloc-derived;call-sites=1;identity=generated
??1Gen_dtor_006c5c50@@UAE@XZ,0x006DEA80,191,Code/gen_small/dtors_008.cpp,reloc-derived;call-sites=1;identity=generated
?clear30B4@BaseHeightMapResetBuffer@@QAEXXZ,0x006DEB70,181,Code/GameEngineDevice/Source/W3DDevice/GameClient/BaseHeightMap.cpp,reloc-derived;call-sites=1;identity=real
??1Gen_dtor_006e1dd0@@UAE@XZ,0x006E1E00,137,Code/gen_small/dtors_008.cpp,reloc-derived;call-sites=1;identity=generated
??0Gen006E2310@@QAE@XZ,0x006E2310,232,Code/GameEngine/Source/Common/Q4NewNiladicFactories.cpp,reloc-derived;call-sites=1;identity=generated
??1Gen_dtor_006e2510@@UAE@XZ,0x006E2480,112,Code/gen_small/dtors_008.cpp,reloc-derived;call-sites=1;identity=generated
?Add_Quad@Render2DClass@@QAEXABVRectClass@@0KKKK@Z,0x006E7210,335,Code/Libraries/Source/WWVegas/WW3D2/render2d.cpp,reloc-derived;call-sites=1;identity=real
?addRect006e@BfmeRender2D@@QAEXABUBfmeFloatRect@@H@Z,0x006E73C0,294,Code/GameEngineDevice/Source/W3DDevice/GameClient/W3DDisplayDrawFillRect.cpp,reloc-derived;call-sites=1;identity=real
?Add_Line@Render2DClass@@QAEXABVVector2@@0MK@Z,0x006E7530,435,Code/Libraries/Source/WWVegas/WW3D2/Render2DClassAddOutline.cpp,reloc-derived;call-sites=4;identity=real
??$__uninitialized_copy@PBUGen_t_006ed210_m12cd@@PAU1@@_STL@@YAPAUGen_t_006ed210_m12cd@@PBU1@0PAU1@ABU__false_type@0@@Z,0x006EAF00,120,Code/gen_small/fam_015.cpp,reloc-derived;call-sites=1;identity=generated
?bfmeDo1207@BfmeA1207@@QAEXABUBfmeV1207@@00000H@Z,0x006EB070,252,Code/GameEngine/Source/Common/BfmeConv1207.cpp,reloc-derived;call-sites=1;identity=real
??$__copy_backward@PAUGen_t_006ee710_p128pod@@PAU1@H@_STL@@YAPAUGen_t_006ee710_p128pod@@PAU1@00ABUrandom_access_iterator_tag@0@PAH@Z,0x006ED250,158,Code/gen_small/tgrid_135.cpp,reloc-derived;call-sites=1;identity=generated
??0?$pair@$$CBUGen_t_006ef760_k4@@UGen_t_006ef760_p12cd@@@_STL@@QAE@ABU01@@Z,0x006EE740,110,Code/gen_small/tgrid_121.cpp,reloc-derived;call-sites=1;identity=generated
??0Gen006EF850@@QAE@XZ,0x006EF850,753,Code/GameEngine/Source/Common/Q4NewNiladicFactories.cpp,reloc-derived;call-sites=1;identity=generated
??1Gen_dtor_006f02d0@@UAE@XZ,0x006EFC20,566,Code/gen_small/dtors_008.cpp,reloc-derived;call-sites=1;identity=generated
?handle@Gen006F2A10@@QAEXPAX0@Z,0x006F2A10,76,Code/GameEngine/Source/Common/FieldForwarders.cpp,reloc-derived;call-sites=1;identity=generated
?_M_insert_overflow@?$vector@URva006F2C70Element@@V?$allocator@URva006F2C70Element@@@_STL@@@_STL@@IAEXPAURva006F2C70Element@@ABU3@ABU__false_type@2@I_N@Z,0x006F2B00,286,Code/Libraries/Source/WWVegas/WWLib/RvaVectorPushBack.cpp,reloc-derived;call-sites=1;identity=real
??1Gen_dtor_006f5a60@@UAE@XZ,0x006F57B0,176,Code/gen_small/dtors_008.cpp,reloc-derived;call-sites=1;identity=generated
??1Gen_dtor_006f8910@@UAE@XZ,0x006F8290,135,Code/GameEngineDevice/Source/W3DDevice/GameClient/BaseHeightMap.cpp,reloc-derived;call-sites=2;identity=generated
??1Gen_dtor_006f92a0@@UAE@XZ,0x006F91F0,117,Code/gen_small/dtors_008.cpp,reloc-derived;call-sites=1;identity=generated
??0W3DDisplay@@QAE@XZ,0x006FA630,116,Code/GameEngineDevice/Source/W3DDevice/GameClient/W3DGameClient.cpp,reloc-derived;call-sites=1;identity=real
??1Gen_dtor_006fa930@@UAE@XZ,0x006FA6F0,102,Code/gen_small/dtors_008.cpp,reloc-derived;call-sites=1;identity=generated
??1Gen_dtor_006fc3c0@@UAE@XZ,0x006FBED0,190,Code/gen_small/dtors_008.cpp,reloc-derived;call-sites=1;identity=generated
??1Gen_dtor_006fe570@@UAE@XZ,0x006FD550,294,Code/gen_small/dtors_008.cpp,reloc-derived;call-sites=1;identity=generated
??1Gen_dtor_007002d0@@UAE@XZ,0x00700260,79,Code/gen_small/dtors_008.cpp,reloc-derived;call-sites=1;identity=generated
??0W3DMouse@@QAE@XZ,0x007003E0,233,Code/GameEngineDevice/Source/W3DDevice/GameClient/W3DGameClient_createMouse_Thunk.cpp,reloc-derived;call-sites=1;identity=real
?releaseD3DCursorTextures@W3DMouse@@AAE_NW4MouseCursor@Mouse@@@Z,0x00700530,149,Code/GameEngineDevice/Source/W3DDevice/GameClient/W3DMouse.cpp,reloc-derived;call-sites=1;identity=real
??1Gen_dtor_00701e50@@UAE@XZ,0x00701240,188,Code/gen_small/dtors_008.cpp,reloc-derived;call-sites=1;identity=generated
?bfmeDo1015B@BfmeI1015B@@QAEXHH@Z,0x007023C0,223,Code/GameEngine/Source/Common/BfmeConv1015.cpp,reloc-derived;call-sites=1;identity=real
??1Gen_dtor_00702fc0@@UAE@XZ,0x00702E50,268,Code/gen_small/dtors_008.cpp,reloc-derived;call-sites=1;identity=generated
?updateCountsAndFlags@W3DRoadBuffer@@IAEXXZ,0x00705260,573,Code/GameEngineDevice/Source/W3DDevice/GameClient/W3DRoadBuffer.cpp,reloc-derived;call-sites=1;identity=real
??1Gen_dtorv_00707e60@@UAE@XZ,0x007070C0,131,Code/gen_small/dtorsv_000.cpp,reloc-derived;call-sites=1;identity=generated
?loadFloat4PtSection@W3DRoadBuffer@@IAEXPAVRoadSegment@@VVector2@@11PAV3@MMMM@Z,0x00708320,3687,Code/GameEngineDevice/Source/W3DDevice/GameClient/W3DRoadBuffer.cpp,reloc-derived;call-sites=6;identity=real
?insertTee@W3DRoadBuffer@@IAEXVVector2@@HM@Z,0x0070BC00,2625,Code/GameEngineDevice/Source/W3DDevice/GameClient/W3DRoadBuffer.cpp,reloc-derived;call-sites=2;identity=real
??1Gen_dtor_006c5cb0@@UAE@XZ,0x0070FAF0,101,Code/gen_small/dtors_008.cpp,reloc-derived;call-sites=1;identity=generated
?addMapObjects@W3DRoadBuffer@@IAEXXZ,0x007100C0,1016,Code/GameEngineDevice/Source/W3DDevice/GameClient/W3DRoadBuffer.cpp,reloc-derived;call-sites=1;identity=real
??1Gen_dtor_007158c0@@UAE@XZ,0x00713510,497,Code/gen_small/dtors_008.cpp,reloc-derived;call-sites=1;identity=generated
?startRenderToTexture@W3DShaderManager@@SAXXZ,0x007171F0,445,Code/GameEngineDevice/Source/W3DDevice/GameClient/W3DShaderManager.cpp,reloc-derived;call-sites=5;identity=real
?LoadAndCreateD3DShader@BfmeShaderLoader@@SAJPBDPAK@Z,0x00718A10,260,Code/GameEngineDevice/Source/W3DDevice/GameClient/W3DShaderManager.cpp,reloc-derived;call-sites=10;identity=real
??1Gen_dtor_006c5d40@@UAE@XZ,0x0071B3D0,170,Code/gen_small/dtors_008.cpp,reloc-derived;call-sites=1;identity=generated
?setShroudLevel30B8@BaseHeightMapResetShroud@@QAEXHHE_N@Z,0x0071B670,202,Code/GameEngineDevice/Source/W3DDevice/GameClient/W3DDisplaySetBorderShroudLevel.cpp,reloc-derived;call-sites=1;identity=real
?clear3098@BaseHeightMapResetBuffer@@QAEXXZ,0x0071C7E0,278,Code/GameEngineDevice/Source/W3DDevice/GameClient/BaseHeightMap.cpp,reloc-derived;call-sites=1;identity=real
?dispatch@Rva00720BB0Context@@QAEXHPAX@Z,0x007202F0,805,Code/GameEngine/Source/GameLogic/Rva00720BB0LookupDispatch.cpp,reloc-derived;call-sites=1;identity=real
??1Gen_dtor_007207f0@@UAE@XZ,0x007206E0,195,Code/gen_small/dtors_008.cpp,reloc-derived;call-sites=1;identity=generated
?bfmeDo1015A@BfmeI1015A@@QAEXHHH@Z,0x00720C20,183,Code/GameEngine/Source/Common/BfmeConv1015.cpp,reloc-derived;call-sites=1;identity=real
??1Gen_dtor_00722ba0@@UAE@XZ,0x007225D0,79,Code/gen_small/dtors_008.cpp,reloc-derived;call-sites=1;identity=generated
?bfmeSet991@BfmeB991@@QAEXH@Z,0x00722BD0,2822,Code/GameEngine/Source/Common/BfmeConv991.cpp,reloc-derived;call-sites=1;identity=real
??1Gen_dtor_007255d0@@UAE@XZ,0x00723F30,96,Code/gen_small/dtors_008.cpp,reloc-derived;call-sites=1;identity=generated
?extraAfterFmod@W3DSnowManager@@QAEXXZ,0x00725620,189,Code/GameEngineDevice/Source/W3DDevice/GameClient/W3DSnowManagerUpdate.cpp,reloc-derived;call-sites=1;identity=real
??1Gen_dtor_006c5d70@@UAE@XZ,0x00727380,167,Code/gen_small/dtors_008.cpp,reloc-derived;call-sites=1;identity=generated
?reset30BC@BaseHeightMapResetShroud@@QAEXXZ,0x00727450,111,Code/GameEngineDevice/Source/W3DDevice/GameClient/BaseHeightMap.cpp,reloc-derived;call-sites=1;identity=real
?setShroudLevel30BC@BaseHeightMapResetShroud@@QAEXHHE_N@Z,0x00727610,735,Code/GameEngineDevice/Source/W3DDevice/GameClient/W3DDisplaySetBorderShroudLevel.cpp,reloc-derived;call-sites=2;identity=real
??1BfmeMapChunk@@QAE@XZ,0x00728C50,172,Code/GameEngineDevice/Source/W3DDevice/GameClient/HeightMapRenderObjClass_freeMapResources.cpp,reloc-derived;call-sites=1;identity=real
?setFlipRecursive@W3DTerrainBackground@@IAEXHHH@Z,0x00729700,792,Code/GameEngineDevice/Source/W3DDevice/GameClient/W3DTerrainBackground.cpp,reloc-derived;call-sites=1;identity=real
??1Gen_dtor_0072f1a0@@UAE@XZ,0x0072F110,109,Code/gen_small/dtors_008.cpp,reloc-derived;call-sites=1;identity=generated
??1Gen_dtor_00731870@@UAE@XZ,0x00731050,253,Code/gen_small/dtors_008.cpp,reloc-derived;call-sites=1;identity=generated
?bfmeApply@Gen_006C89F0Target@@QAE_NPAX0_N@Z,0x007331F0,444,Code/GameEngine/Source/Common/S3GuardedDelegates.cpp,reloc-derived;call-sites=1;identity=generated
?handle@Rva00734730@@QAEXHH@Z,0x00733F50,100,Code/GameEngine/Source/Common/Bfme/Rva00734730Find.cpp,reloc-derived;call-sites=1;identity=generated
??1Gen_dtor_007366f0@@UAE@XZ,0x00736590,260,Code/gen_small/dtors_008.cpp,reloc-derived;call-sites=1;identity=generated
?Rva00739900Forward@@YAXPAXM@Z,0x00739900,206,Code/GameEngine/Source/Common/Rva006FCBD0ClampForward.cpp,reloc-derived;call-sites=1;identity=real
??1Gen_dtor_0073a570@@UAE@XZ,0x0073A4E0,109,Code/gen_small/dtors_008.cpp,reloc-derived;call-sites=1;identity=generated
??1Gen_dtor_00740c50@@UAE@XZ,0x00740BC0,106,Code/gen_small/dtors_008.cpp,reloc-derived;call-sites=1;identity=generated
?_M_insert_overflow@?$vector@UGen_t_007463a0_p24cd@@V?$allocator@UGen_t_007463a0_p24cd@@@_STL@@@_STL@@IAEXPAUGen_t_007463a0_p24cd@@ABU3@ABU__false_type@2@I_N@Z,0x00745960,335,Code/gen_small/tgrid_121.cpp,reloc-derived;call-sites=1;identity=generated
??0Gen00745B10@@QAE@XZ,0x00745B10,977,Code/GameEngine/Source/Common/Q4NewNiladicFactories.cpp,reloc-derived;call-sites=1;identity=generated
??1Gen_dtor_007463f0@@UAE@XZ,0x007461B0,390,Code/gen_small/dtors_008.cpp,reloc-derived;call-sites=1;identity=generated
??1Gen_dtor_006c5d10@@UAE@XZ,0x00746800,117,Code/gen_small/dtors_008.cpp,reloc-derived;call-sites=1;identity=generated
?bfmeBlendTileEmit@@YAXPAD0HH@Z,0x00747940,180,Code/GameEngineDevice/Source/W3DDevice/GameClient/BFMERetailWorldHeightMapBlendTileData.cpp,reloc-derived;call-sites=1;identity=real
??1Gen_dtor_0074e2e0@@UAE@XZ,0x0074DE60,919,Code/gen_small/dtors_008.cpp,reloc-derived;call-sites=1;identity=generated
??1Gen_dtor_00750c90@@UAE@XZ,0x00750730,246,Code/gen_small/dtors_008.cpp,reloc-derived;call-sites=1;identity=generated
??1Gen_dtor_007512f0@@UAE@XZ,0x007510D0,147,Code/gen_small/dtors_008.cpp,reloc-derived;call-sites=1;identity=generated
??0W3DDefaultDraw@@QAE@PAVThing@@PBVModuleData@@@Z,0x007513C0,568,Code/GameEngineDevice/Source/W3DDevice/GameClient/Drawable/Draw/W3DDefaultDrawFriendNewModuleInstanceThunk.cpp,reloc-derived;call-sites=1;identity=real
??1Gen_dtor_00751a40@@UAE@XZ,0x007518D0,120,Code/gen_small/dtors_008.cpp,reloc-derived;call-sites=1;identity=generated
??0W3DHordeModelDrawModuleData@@QAE@XZ,0x00751C30,145,Code/GameEngine/Source/Common/Thing/W3DHordeModelDrawFriendNewModuleDataThunk.cpp,reloc-derived;call-sites=1;identity=real
?Gen007538A0@@YAXPAPAHHHPAHUQ3HeapCompare@@@Z,0x007538A0,113,Code/GameEngine/Source/Common/Q3HeapAlgorithmFamily.cpp,reloc-derived;call-sites=5;identity=generated
??0?$pair@$$CBUGen_t_007543c0_k4@@UGen_t_007543c0_p12cd@@@_STL@@QAE@ABU01@@Z,0x00753C60,76,Code/gen_small/tgrid_121.cpp,reloc-derived;call-sites=1;identity=generated
?Gen00754430@@YAXPAUQ3SortElem4@@0UQ3SortCompare@@@Z,0x00754430,109,Code/GameEngine/Source/Common/Q3IntrosortFamilies.cpp,reloc-derived;call-sites=2;identity=generated
??0?$pair@$$CBUGen_t_00770a90_k4@@UGen_t_00770a90_p12cd@@@_STL@@QAE@ABU01@@Z,0x00754D00,110,Code/gen_small/tgrid_122.cpp,reloc-derived;call-sites=1;identity=generated
??1BfmeDtorMemberB@@QAE@XZ,0x007556A0,197,Code/GameEngine/Source/Common/Bfme5UnwoundDestructors.cpp,reloc-derived;call-sites=1;identity=real
??0SpectreGunshipUpdateModuleData@@QAE@XZ,0x00757960,115,Code/GameEngine/Source/Common/Thing/ModuleFactory.cpp,reloc-derived;call-sites=1;identity=real
??1Gen_dtor_00757df0@@UAE@XZ,0x00757A50,191,Code/gen_small/dtors_008.cpp,reloc-derived;call-sites=1;identity=generated
??0W3DLaserDraw@@QAE@PAVThing@@PBVModuleData@@@Z,0x00757E70,982,Code/GameEngineDevice/Source/W3DDevice/GameClient/Drawable/Draw/W3DLaserDrawFriendNewModuleInstanceThunk.cpp,reloc-derived;call-sites=1;identity=real
??0WeaponBonusUpdate@@QAE@PAVThing@@PBVModuleData@@@Z,0x007583A0,307,Code/GameEngine/Source/Common/Thing/ModuleFactory.cpp,reloc-derived;call-sites=1;identity=real
??1Gen_dtor_00758860@@UAE@XZ,0x00758580,132,Code/gen_small/dtors_008.cpp,reloc-derived;call-sites=1;identity=generated
??1Gen_dtor_00759290@@UAE@XZ,0x00758E40,136,Code/gen_small/dtors_008.cpp,reloc-derived;call-sites=1;identity=generated
?buildSegments@W3DRopeDraw@@AAEXXZ,0x0075A990,587,Code/GameEngineDevice/Source/W3DDevice/GameClient/Drawable/W3DRopeDraw.cpp,reloc-derived;call-sites=1;identity=real
?updateSubObjectsFromShroud@BfmeW3DModelDrawShroud@@QAEXXZ,0x00762500,244,Code/GameEngineDevice/Source/W3DDevice/GameClient/Drawable/Draw/W3DModelDraw.cpp,reloc-derived;call-sites=1;identity=real
?bfmeStep1035@BfmeA1035@@QAEXD@Z,0x00762640,132,Code/GameEngine/Source/Common/BfmeConv1035.cpp,reloc-derived;call-sites=1;identity=real
??0?$pair@$$CBUGen_t_007720d0_k4@@UGen_t_007720d0_p12cd@@@_STL@@QAE@ABU01@@Z,0x00770CB0,129,Code/gen_small/tgrid_122.cpp,reloc-derived;call-sites=1;identity=generated
?_M_insert_overflow@?$vector@URva00774090Element@@V?$allocator@URva00774090Element@@@_STL@@@_STL@@IAEXPAURva00774090Element@@ABU3@ABU__false_type@2@I_N@Z,0x00771700,286,Code/Libraries/Source/WWVegas/WWLib/RvaVectorPushBack.cpp,reloc-derived;call-sites=1;identity=real
??0?$pair@$$CBUGen_t_0013a700_k4@@UGen_t_0013a700_p12cd@@@_STL@@QAE@ABU01@@Z,0x00772390,992,Code/gen_small/tgrid_105.cpp,reloc-derived;call-sites=1;identity=generated
??0?$pair@$$CBUGen_t_0013a760_k4@@UGen_t_0013a760_p12cd@@@_STL@@QAE@ABU01@@Z,0x00772E10,312,Code/gen_small/tgrid_105.cpp,reloc-derived;call-sites=1;identity=generated
??0W3DScriptedModelDraw@@QAE@PAVThing@@PBVModuleData@@@Z,0x00773360,1185,Code/GameEngineDevice/Source/W3DDevice/GameClient/Drawable/Draw/W3DHordeModelDrawConstructor.cpp,reloc-derived;call-sites=4;identity=real
?_M_insert_overflow@?$vector@UGen_t_00776080_p32cd@@V?$allocator@UGen_t_00776080_p32cd@@@_STL@@@_STL@@IAEXPAUGen_t_00776080_p32cd@@ABU3@ABU__false_type@2@I_N@Z,0x00774580,267,Code/gen_small/tgrid_122.cpp,reloc-derived;call-sites=1;identity=generated
??$__copy_backward@PAUGen_t_00776240_p128pod@@PAU1@H@_STL@@YAPAUGen_t_00776240_p128pod@@PAU1@00ABUrandom_access_iterator_tag@0@PAH@Z,0x00774860,84,Code/gen_small/tgrid_135.cpp,reloc-derived;call-sites=1;identity=generated
??$__copy_backward@PAUGen_t_007762a0_p128pod@@PAU1@H@_STL@@YAPAUGen_t_007762a0_p128pod@@PAU1@00ABUrandom_access_iterator_tag@0@PAH@Z,0x00774970,181,Code/gen_small/tgrid_135.cpp,reloc-derived;call-sites=1;identity=generated
?_M_insert_overflow@?$vector@URva00777E40Element@@V?$allocator@URva00777E40Element@@@_STL@@@_STL@@IAEXPAURva00777E40Element@@ABU3@ABU__false_type@2@I_N@Z,0x007760D0,280,Code/Libraries/Source/WWVegas/WWLib/RvaVectorPushBack.cpp,reloc-derived;call-sites=1;identity=real
?handle@Gen00777EE0@@QAEXPAX0@Z,0x00777EE0,76,Code/GameEngine/Source/Common/FieldForwarders.cpp,reloc-derived;call-sites=1;identity=generated
?_M_insert_overflow@?$vector@URva0077BFB0Element@@V?$allocator@URva0077BFB0Element@@@_STL@@@_STL@@IAEXPAURva0077BFB0Element@@ABU3@ABU__false_type@2@I_N@Z,0x0077BA30,280,Code/Libraries/Source/WWVegas/WWLib/RvaVectorPushBack.cpp,reloc-derived;call-sites=1;identity=real
?_M_insert_overflow@?$vector@URva0077CC10Element@@V?$allocator@URva0077CC10Element@@@_STL@@@_STL@@IAEXPAURva0077CC10Element@@ABU3@ABU__false_type@2@I_N@Z,0x0077C6C0,289,Code/Libraries/Source/WWVegas/WWLib/RvaVectorPushBack.cpp,reloc-derived;call-sites=1;identity=real
??1Gen_dtor_0077daf0@@UAE@XZ,0x0077D510,139,Code/gen_small/dtors_008.cpp,reloc-derived;call-sites=1;identity=generated
?rva0077d6b0@@YAXXZ,0x0077D6B0,463,Code/GameEngine/Source/Common/Rva0077DB20Call.cpp,reloc-derived;call-sites=2;identity=generated
??0W3DStreakDraw@@QAE@PAVThing@@PBVModuleData@@@Z,0x0077D930,354,Code/GameEngineDevice/Source/W3DDevice/GameClient/Drawable/Draw/W3DStreakDrawFriendNewModuleInstanceThunk.cpp,reloc-derived;call-sites=1;identity=real
?bfmeMore1035@BfmeA1035@@QAEXXZ,0x0077E260,70,Code/GameEngine/Source/Common/BfmeConv1035.cpp,reloc-derived;call-sites=1;identity=real
?bfmeStep2@Gen_0077F000@@AAEXXZ,0x0077EBA0,127,Code/GameEngine/Source/Common/S3TeardownHelpers.cpp,reloc-derived;call-sites=1;identity=generated
??1Gen_dtor_0077f190@@UAE@XZ,0x0077EDD0,311,Code/gen_small/dtors_008.cpp,reloc-derived;call-sites=1;identity=generated
??0W3DTankDraw@@QAE@PAVThing@@PBVModuleData@@@Z,0x0077F050,244,Code/GameEngineDevice/Source/W3DDevice/GameClient/Drawable/Draw/W3DTankDrawFriendNewModuleInstanceThunk.cpp,reloc-derived;call-sites=1;identity=real
??0W3DTruckDrawModuleData@@QAE@XZ,0x0077F830,181,Code/GameEngineDevice/Source/W3DDevice/GameClient/Drawable/Draw/W3DTruckDrawFriendNewModuleDataThunk.cpp,reloc-derived;call-sites=1;identity=real
??1Gen_dtor_007814f0@@UAE@XZ,0x0077F920,405,Code/gen_small/dtors_008.cpp,reloc-derived;call-sites=1;identity=generated
??0W3DTruckDraw@@QAE@PAVThing@@PBVModuleData@@@Z,0x0077FB20,359,Code/GameEngineDevice/Source/W3DDevice/GameClient/Drawable/Draw/W3DTruckDrawFriendNewModuleInstanceThunk.cpp,reloc-derived;call-sites=1;identity=real
?tossEmitters@W3DTankTruckDraw@@IAEXXZ,0x0077FD80,186,Code/GameEngineDevice/Source/W3DDevice/GameClient/Drawable/Draw/W3DTankTruckDraw.cpp,reloc-derived;call-sites=1;identity=real
?createEmitters@W3DTankTruckDraw@@IAEXXZ,0x0077FE70,436,Code/GameEngineDevice/Source/W3DDevice/GameClient/Drawable/Draw/W3DTankTruckDraw.cpp,reloc-derived;call-sites=1;identity=real
??1Gen_dtor_00781630@@UAE@XZ,0x00781520,151,Code/gen_small/dtors_008.cpp,reloc-derived;call-sites=1;identity=generated
?gen00783F60@Gen00783F60_00466610@@QAEXXZ,0x00783F60,39,Code/GameEngine/Source/Common/TailPairForwarders.cpp,reloc-derived;call-sites=1;identity=generated
?bfmeTouch982C@BfmeT982@@QAEXXZ,0x007845D0,645,Code/GameEngine/Source/Common/BfmeConv982.cpp,reloc-derived;call-sites=1;identity=real
?bfmeFillRD@BfmeSubRD@@QAEXPAPAX@Z,0x007849F0,57,Code/GameEngine/Source/Common/BfmeConv908.cpp,reloc-derived;call-sites=1;identity=real
??1Gen_dtor_007862f0@@UAE@XZ,0x007859D0,168,Code/gen_small/dtors_008.cpp,reloc-derived;call-sites=1;identity=generated
?gen00785F80@@YAPAXXZ,0x00785F80,59,Code/GameEngine/Source/Common/CachedPointerFills.cpp,reloc-derived;call-sites=1;identity=generated
?bfmeStep982C@@YAXXZ,0x00785FD0,107,Code/GameEngine/Source/Common/BfmeConv982.cpp,reloc-derived;call-sites=1;identity=real
??1Gen_dtor_007881f0@@UAE@XZ,0x007873C0,124,Code/gen_small/dtors_008.cpp,reloc-derived;call-sites=1;identity=generated
??1Gen_dtor_007883a0@@UAE@XZ,0x007883D0,105,Code/gen_small/dtors_008.cpp,reloc-derived;call-sites=1;identity=generated
?bfmeStep2@Gen_007892D0@@AAEXXZ,0x00788460,755,Code/GameEngine/Source/Common/S3TeardownHelpers.cpp,reloc-derived;call-sites=1;identity=generated
??1Gen_dtor_00789950@@UAE@XZ,0x007897D0,184,Code/gen_small/dtors_008.cpp,reloc-derived;call-sites=1;identity=generated
??1Gen_dtor_00782e30@@UAE@XZ,0x0078AFC0,102,Code/gen_small/dtors_008.cpp,reloc-derived;call-sites=1;identity=generated
?bfmeBegin982C@BfmeHub982@@QAEXXZ,0x0078C440,627,Code/GameEngine/Source/Common/BfmeConv982.cpp,reloc-derived;call-sites=1;identity=real
??1Gen_dtor_0078c9d0@@UAE@XZ,0x0078C920,70,Code/gen_small/dtors_008.cpp,reloc-derived;call-sites=1;identity=generated
??1Gen_dtor_006fb6e0@@UAE@XZ,0x0078CD80,159,Code/gen_small/dtors_008.cpp,reloc-derived;call-sites=1;identity=generated
??1Gen_dtor_0078d2e0@@UAE@XZ,0x0078D040,114,Code/gen_small/dtors_008.cpp,reloc-derived;call-sites=1;identity=generated
??0Gen0078D1C0@@QAE@XZ,0x0078D1C0,103,Code/GameEngine/Source/Common/Q4NewNiladicFactories.cpp,reloc-derived;call-sites=1;identity=generated
?bfmeHandle_00790310@@YAXPAVGen_00790310@@PAX@Z,0x0078FF40,546,Code/GameEngineDevice/Source/W3DDevice/GameClient/Shadow/S3ShadowSubmits.cpp,reloc-derived;call-sites=1;identity=generated
?bfmeHandle_00790330@@YAXPAVGen_00790330@@PAX@Z,0x007901F0,223,Code/GameEngineDevice/Source/W3DDevice/GameClient/Shadow/S3ShadowSubmits.cpp,reloc-derived;call-sites=1;identity=generated
?bfmeHandle_00790b60@@YAXPAVGen_00790b60@@PAX@Z,0x00790530,460,Code/GameEngineDevice/Source/W3DDevice/GameClient/Shadow/S3ShadowSubmits.cpp,reloc-derived;call-sites=1;identity=generated
?bfmeHandle_00790b80@@YAXPAVGen_00790b80@@PAX@Z,0x00790770,406,Code/GameEngineDevice/Source/W3DDevice/GameClient/Shadow/S3ShadowSubmits.cpp,reloc-derived;call-sites=1;identity=generated
?bfmeHandle_00791710@@YAXPAVGen_00791710@@PAX@Z,0x00790EA0,690,Code/GameEngineDevice/Source/W3DDevice/GameClient/Shadow/S3ShadowSubmits.cpp,reloc-derived;call-sites=1;identity=generated
?bfmeHandle_00792f60@@YAXPAVGen_00792f60@@PAX@Z,0x00792A20,556,Code/GameEngineDevice/Source/W3DDevice/GameClient/Shadow/S3ShadowSubmits.cpp,reloc-derived;call-sites=1;identity=generated
?bfmeHandle_00792f80@@YAXPAVGen_00792f80@@PAX@Z,0x00792CE0,512,Code/GameEngineDevice/Source/W3DDevice/GameClient/Shadow/S3ShadowSubmits.cpp,reloc-derived;call-sites=1;identity=generated
?bfmeHandle_00793a70@@YAXPAVGen_00793a70@@PAX@Z,0x00793260,553,Code/GameEngineDevice/Source/W3DDevice/GameClient/Shadow/S3ShadowSubmits.cpp,reloc-derived;call-sites=1;identity=generated
?bfmeHandle_00795ec0@@YAXPAVGen_00795ec0@@PAX@Z,0x00794D30,822,Code/GameEngineDevice/Source/W3DDevice/GameClient/Shadow/S3ShadowSubmits.cpp,reloc-derived;call-sites=1;identity=generated
?bfmeHandle_00795fd0@@YAXPAVGen_00795fd0@@PAX@Z,0x00795EE0,181,Code/GameEngineDevice/Source/W3DDevice/GameClient/Shadow/S3ShadowSubmits.cpp,reloc-derived;call-sites=1;identity=generated
?bfmeHandle_007969c0@@YAXPAVGen_007969c0@@PAX@Z,0x00796480,519,Code/GameEngineDevice/Source/W3DDevice/GameClient/Shadow/S3ShadowSubmits.cpp,reloc-derived;call-sites=1;identity=generated
?bfmeHandle_007969e0@@YAXPAVGen_007969e0@@PAX@Z,0x00796710,539,Code/GameEngineDevice/Source/W3DDevice/GameClient/Shadow/S3ShadowSubmits.cpp,reloc-derived;call-sites=1;identity=generated
?drawStaticTextText@@YAXPAVGameWindow@@HH@Z,0x00796BA0,346,Code/GameEngineDevice/Source/W3DDevice/GameClient/GUI/Gadget/W3DStaticTextDraw_Thunk.cpp,reloc-derived;call-sites=2;identity=real
?bfmeHandle_007983b0@@YAXPAVGen_007983b0@@PAX@Z,0x00797600,1824,Code/GameEngineDevice/Source/W3DDevice/GameClient/Shadow/S3ShadowSubmits.cpp,reloc-derived;call-sites=1;identity=generated
?bfmeHandle_007983d0@@YAXPAVGen_007983d0@@PAX@Z,0x00797EF0,969,Code/GameEngineDevice/Source/W3DDevice/GameClient/Shadow/S3ShadowSubmits.cpp,reloc-derived;call-sites=1;identity=generated
?bfmeHandle_007995e0@@YAXPAVGen_007995e0@@PAX@Z,0x00798F30,495,Code/GameEngineDevice/Source/W3DDevice/GameClient/Shadow/S3ShadowSubmits.cpp,reloc-derived;call-sites=1;identity=generated
?bfmeHandle_00799600@@YAXPAVGen_00799600@@PAX@Z,0x007991A0,860,Code/GameEngineDevice/Source/W3DDevice/GameClient/Shadow/S3ShadowSubmits.cpp,reloc-derived;call-sites=1;identity=generated
?bfmeHandle_00799cb0@@YAXPAVGen_00799cb0@@PAX@Z,0x00799900,718,Code/GameEngineDevice/Source/W3DDevice/GameClient/Shadow/S3ShadowSubmits.cpp,reloc-derived;call-sites=1;identity=generated
??1Gen_dtor_0079dbd0@@UAE@XZ,0x0079D1D0,307,Code/gen_small/dtors_009.cpp,reloc-derived;call-sites=1;identity=generated
??1Gen_dtor_007a01e0@@UAE@XZ,0x007A00F0,70,Code/gen_small/dtors_009.cpp,reloc-derived;call-sites=1;identity=generated
??1Gen_dtor_007a2490@@UAE@XZ,0x007A1230,113,Code/gen_small/dtors_009.cpp,reloc-derived;call-sites=1;identity=generated
?enableWaterGrid@WaterRenderObjClass@@QAEX_N@Z,0x007A1410,31,Code/GameEngineDevice/Source/W3DDevice/GameClient/Water/W3DWater.cpp,reloc-derived;call-sites=1;identity=real
?renderMirror@WaterRenderObjClass@@IAEXPAVCameraClass@@@Z,0x007A2B00,1073,Code/GameEngineDevice/Source/W3DDevice/GameClient/Water/W3DWater.cpp,reloc-derived;call-sites=1;identity=real
??1Gen_dtor_007a60f0@@UAE@XZ,0x007A5D10,784,Code/gen_small/dtors_009.cpp,reloc-derived;call-sites=1;identity=generated
?bfmeTwoQE@BfmeSubQE@@QAEXXZ,0x007A7D70,1333,Code/GameEngine/Source/Common/BfmeConv907.cpp,reloc-derived;call-sites=1;identity=real
??0W3DBufferManager@@QAE@XZ,0x007AD830,326,Code/GameEngineDevice/Source/W3DDevice/GameClient/W3DVolumetricShadowManager_ctor_Thunk.cpp,reloc-derived;call-sites=1;identity=real
?bfmeTwo928F@BfmeThing928F@@QAEXXZ,0x007AEB10,75,Code/GameEngine/Source/Common/BfmeConv928.cpp,reloc-derived;call-sites=1;identity=real
??1Gen_dtor_007af4b0@@UAE@XZ,0x007AF4E0,93,Code/gen_small/dtors_009.cpp,reloc-derived;call-sites=1;identity=generated
?getTexture@BFMEShadowManagerLayout@@QAEPAVW3DShadowTexture@@PBD@Z,0x007AFD10,396,Code/GameEngineDevice/Source/W3DDevice/GameClient/Shadow/W3DProjectedShadow.cpp,reloc-derived;call-sites=1;identity=real
??1Gen_dtor_007b3cb0@@UAE@XZ,0x007AFF00,111,Code/gen_small/dtors_009.cpp,reloc-derived;call-sites=1;identity=generated
??1Gen_dtor_007b3ba0@@UAE@XZ,0x007B0380,91,Code/gen_small/dtors_009.cpp,reloc-derived;call-sites=1;identity=generated
??1Gen_dtor_007b3d40@@UAE@XZ,0x007B0400,88,Code/gen_small/dtors_009.cpp,reloc-derived;call-sites=1;identity=generated
?addShadowCore@BFMEShadowManagerLayout@@QAEPAVW3DProjectedShadow@@PAVW3DShadowTexture@@PAVRenderObjClass@@W4ShadowType@@_NMMHMMPAPAV2@3PAVDrawable@@3@Z,0x007B3E70,460,Code/GameEngineDevice/Source/W3DDevice/GameClient/Shadow/W3DProjectedShadow.cpp,reloc-derived;call-sites=1;identity=real
?bfmeOne928F@BfmeThing928F@@QAEXXZ,0x007B4CD0,291,Code/GameEngine/Source/Common/BfmeConv928.cpp,reloc-derived;call-sites=1;identity=real
??1Gen_dtor_007b4fb0@@UAE@XZ,0x007B4E40,251,Code/gen_small/dtors_009.cpp,reloc-derived;call-sites=1;identity=generated
?h00024D2A@GenAlpha@@QAEXXZ,0x007B9760,139,Code/GameEngine/Source/Common/S3GuardedGlobalTriples.cpp,reloc-derived;call-sites=1;identity=real
?ReAcquireResources@Gen_01306F18@@QAE_NXZ,0x007B9810,215,Code/GameEngineDevice/Source/W3DDevice/GameClient/Shadow/W3DShadowManagerReAcquireThunk.cpp,reloc-derived;call-sites=1;identity=generated
?bar@Rva007BAA90G@@QAEXPAX@Z,0x007B9930,63,Code/GameEngine/Source/Common/Rva007BAA90Call.cpp,reloc-derived;call-sites=1;identity=generated
??1Gen_dtor_007bd2f0@@UAE@XZ,0x007BBB20,45,Code/gen_small/dtors_009.cpp,reloc-derived;call-sites=1;identity=generated
??1Gen_dtor_007bbdf0@@UAE@XZ,0x007BBE20,115,Code/gen_small/dtors_009.cpp,reloc-derived;call-sites=1;identity=generated
??1Gen_dtor_007bdad0@@UAE@XZ,0x007BCF50,280,Code/gen_small/dtors_009.cpp,reloc-derived;call-sites=1;identity=generated
?renderShadows@W3DVolumetricShadowManager@@QAEX_N@Z,0x007BFB90,1927,Code/GameEngineDevice/Source/W3DDevice/GameClient/DoShadowsThunk.cpp,reloc-derived;call-sites=1;identity=real
??1Gen_dtor_007c29d0@@UAE@XZ,0x007C1660,191,Code/gen_small/dtors_009.cpp,reloc-derived;call-sites=1;identity=generated
??1Gen_dtor_007cc390@@UAE@XZ,0x007CBCE0,137,Code/gen_small/dtors_009.cpp,reloc-derived;call-sites=1;identity=generated
?bfmeTry996@BfmeB996@@QAEDHHPAD@Z,0x007E2EB0,120,Code/GameEngine/Source/Common/BfmeConv996.cpp,reloc-derived;call-sites=1;identity=real
?bfmeSend991@BfmeC991@@QAEDHH@Z,0x007E32E0,230,Code/GameEngine/Source/Common/BfmeConv991.cpp,reloc-derived;call-sites=1;identity=real
??1Gen_dtor_007e4a70@@UAE@XZ,0x007E3C20,217,Code/gen_small/dtors_009.cpp,reloc-derived;call-sites=1;identity=generated
??1Gen_dtor_007e4d10@@UAE@XZ,0x007E4A00,86,Code/gen_small/dtors_009.cpp,reloc-derived;call-sites=1;identity=generated
?rva007e8530_bar@@YGXPAX0@Z,0x007E78D0,145,Code/GameEngine/Source/Common/Rva007E8530Call.cpp,reloc-derived;call-sites=1;identity=generated
?getInt64@Rva007E8810Message@@QAE_JPBD_J@Z,0x007E8930,70,Code/GameEngine/Source/GameNetwork/V2FeslAriesRecords.cpp,reloc-derived;call-sites=5;identity=generated
?addBool@Rva007E8810Message@@QAEXPBD_N@Z,0x007E8980,51,Code/GameEngine/Source/GameNetwork/V2FeslTxnRequests.cpp,reloc-derived;call-sites=6;identity=generated
?getBool@Rva007E8810Message@@QAE_NPBD_N@Z,0x007E89C0,73,Code/GameEngine/Source/GameNetwork/Y4FeslGameDetailRecords.cpp,reloc-derived;call-sites=2;identity=generated
?addInt64@Rva007E8810Message@@QAEXPBD_J@Z,0x007E8E90,93,Code/GameEngine/Source/GameNetwork/V2FeslFeedbackRequest.cpp,reloc-derived;call-sites=11;identity=generated
?bfmeCmpRE@BfmeOtherRE@@QAEDHH@Z,0x007E8F20,243,Code/GameEngine/Source/Common/BfmeConv908.cpp,reloc-derived;call-sites=1;identity=real
??1Gen007EB140@@UAE@XZ,0x007EA6F0,625,Code/Libraries/Source/DirtySock/Y2ScalarDeleters.cpp,reloc-derived;call-sites=1;identity=generated
?bfmeDoECKa@BfmeHeldECKa@@QAEXXZ,0x007EAA70,163,Code/GameEngine/Source/Common/BfmeConv805.cpp,reloc-derived;call-sites=1;identity=real
?bfmeDoECKb@BfmeHeldECKb@@QAEXXZ,0x007EAB40,163,Code/GameEngine/Source/Common/BfmeConv805.cpp,reloc-derived;call-sites=1;identity=real
?addTargetIds@Rva007F1F60Feedback@@QAEXPAVRva007E8810Message@@PBURva007F2010TargetId@@H@Z,0x007F2010,107,Code/GameEngine/Source/GameNetwork/V2FeslFeedbackRequest.cpp,reloc-derived;call-sites=1;identity=generated
?addChatLog@Rva007F1F60Feedback@@QAEXPAVRva007E8810Message@@PBURva007F2080ChatLog@@H@Z,0x007F2080,150,Code/GameEngine/Source/GameNetwork/V2FeslFeedbackRequest.cpp,reloc-derived;call-sites=1;identity=generated
?bfmeInitDGD@BfmeThingDGD@@QAEPAV1@PAX@Z,0x007F7FA0,228,Code/GameEngine/Source/Common/BfmeConv695.cpp,reloc-derived;call-sites=1;identity=real
??1Gen007F86D0@@UAE@XZ,0x007F8090,363,Code/Libraries/Source/DirtySock/Y2ScalarDeleters.cpp,reloc-derived;call-sites=1;identity=generated
?bfmeInitDGF@BfmeThingDGF@@QAEPAV1@PAX@Z,0x007F8730,95,Code/GameEngine/Source/Common/BfmeConv692.cpp,reloc-derived;call-sites=1;identity=real
??1Gen007FA290@@UAE@XZ,0x007F9C50,171,Code/Libraries/Source/DirtySock/Y2ScalarDeleters.cpp,reloc-derived;call-sites=1;identity=generated
?bfmeInitDGG@BfmeThingDGG@@QAEPAV1@PAX@Z,0x007FA990,117,Code/GameEngine/Source/Common/BfmeConv693.cpp,reloc-derived;call-sites=1;identity=real
?Rva007FDFF0Connect@@YAPAXPBDH@Z,0x007FDFF0,494,Code/Libraries/Source/DirtySock/Y2ProtoMangleHelpers.cpp,reloc-derived;call-sites=3;identity=real
?bfmeDo1052@BfmeH1052@@QAEXHPAVBfmeI1052@@H@Z,0x00800BD0,164,Code/GameEngine/Source/Common/BfmeConv1052.cpp,reloc-derived;call-sites=1;identity=real
??1Gen_dtor_00802020@@UAE@XZ,0x00801C40,104,Code/gen_small/dtors_009.cpp,reloc-derived;call-sites=1;identity=generated
?bfmeStore1173@BfmeSlot1173@@QAEXPAXH@Z,0x00802550,227,Code/GameEngine/Source/Common/BfmeConv1173.cpp,reloc-derived;call-sites=1;identity=real
?set@Rva00802810Element@@QAEXPBVRva007F4EF0Lobby@@PAVRva007F7980Browser@@@Z,0x00802810,82,Code/GameEngine/Source/GameNetwork/V2FeslBrowserRecords.cpp,reloc-derived;call-sites=1;identity=generated
?bfmeSetBZC@BfmeSubBZC@@QAEXH@Z,0x00802C30,78,Code/GameEngine/Source/Common/BfmeConv558.cpp,reloc-derived;call-sites=1;identity=real
??1Gen008030A0@@UAE@XZ,0x00802F50,104,Code/Libraries/Source/DirtySock/Y2ScalarDeleters.cpp,reloc-derived;call-sites=1;identity=generated
?bfmeSend1028@BfmeSink1028@@QAEXHPAH0@Z,0x00803110,332,Code/GameEngine/Source/Common/BfmeConv1028.cpp,reloc-derived;call-sites=1;identity=real
??1Gen00803D10@@UAE@XZ,0x00803890,96,Code/Libraries/Source/DirtySock/Y2ScalarDeleters.cpp,reloc-derived;call-sites=1;identity=generated
?Rva00804920Update@@YAPBDPAURva008042B0Http@@@Z,0x00804920,2668,Code/Libraries/Source/DirtySock/Y2ProtoMangleHelpers.cpp,reloc-derived;call-sites=3;identity=generated
?Rva00806B10@@YAXPAURva00806580Record@@@Z,0x00806B10,2102,Code/Libraries/Source/DirtySock/Y2Rva00806580Module.cpp,reloc-derived;call-sites=3;identity=generated
?accept@Rva00809500Sink@@QAEXPAURva00809500Entry@@@Z,0x00808ED0,127,Code/GameEngine/Source/Common/U2HandleLeaves.cpp,reloc-derived;call-sites=1;identity=generated
?Rva00809010Find@@YGPAURva00809500Sink@@PAURva00809500Entry@@@Z,0x00809010,56,Code/GameEngine/Source/Common/U2HandleLeaves.cpp,reloc-derived;call-sites=1;identity=generated
??1Gen00809750@@UAE@XZ,0x008096F0,91,Code/Libraries/Source/DirtySock/Y2ScalarDeleters.cpp,reloc-derived;call-sites=1;identity=generated
??1Gen0080ACD0@@UAE@XZ,0x0080A830,264,Code/Libraries/Source/DirtySock/Y2ScalarDeleters.cpp,reloc-derived;call-sites=1;identity=generated
_Rva0080ADE0,0x0080ADE0,542,Code/Libraries/Source/DirtySock/Y4CommAlloc.c,reloc-derived;call-sites=3;identity=generated
_Rva0080C390,0x0080C390,811,Code/Libraries/Source/DirtySock/Y4CommAlloc.c,reloc-derived;call-sites=1;identity=generated
_Rva0080C6F0,0x0080C6F0,546,Code/Libraries/Source/DirtySock/Y5SmallHelpers.c,reloc-derived;call-sites=1;identity=generated
_Rva0080F5A0,0x0080F5A0,1359,Code/Libraries/Source/DirtySock/Y5SmallHelpers.c,reloc-derived;call-sites=1;identity=generated
_Rva0080FD30,0x0080FD30,146,Code/Libraries/Source/DirtySock/Y4MultiPrecision.c,reloc-derived;call-sites=2;identity=generated
_Rva0080FDD0,0x0080FDD0,149,Code/Libraries/Source/DirtySock/Y4MultiPrecision.c,reloc-derived;call-sites=2;identity=generated
_Rva008119A0,0x008119A0,827,Code/Libraries/Source/DirtySock/Y5SmallHelpers.c,reloc-derived;call-sites=1;identity=generated
_Rva00812CD0,0x00812CD0,253,Code/Libraries/Source/DirtySock/Y5SmallHelpers.c,reloc-derived;call-sites=3;identity=generated
_Rva00813100@24,0x00813100,1426,Code/Libraries/Source/DirtySock/Y4CommTickIdle.c,reloc-derived;call-sites=2;identity=generated
_Rva00813A50,0x00813A50,595,Code/Libraries/Source/DirtySock/Y4CommTickIdle.c,reloc-derived;call-sites=1;identity=generated
_Rva00814770,0x00814770,1466,Code/Libraries/Source/DirtySock/Y4CommTickIdle.c,reloc-derived;call-sites=1;identity=generated
_Rva00817640,0x00817640,1225,Code/Libraries/Source/DirtySock/Y4CommTransportLife.c,reloc-derived;call-sites=2;identity=generated
_Rva0081A3B0,0x0081A3B0,524,Code/Libraries/Source/DirtySock/Y4CommSequencedRing.c,reloc-derived;call-sites=2;identity=generated
_Rva0081ACD0,0x0081ACD0,316,Code/Libraries/Source/DirtySock/Y4CommTickIdle.c,reloc-derived;call-sites=1;identity=generated
_Rva0081B010,0x0081B010,1692,Code/Libraries/Source/DirtySock/Y4CommSequencedRing.c,reloc-derived;call-sites=2;identity=generated
_Rva0081B830,0x0081B830,224,Code/GameEngine/Source/Common/Rva00813E30Wrap.cpp,reloc-derived;call-sites=2;identity=generated
_Rva0081B9B0,0x0081B9B0,24,Code/Libraries/Source/DirtySock/Y4CommTickIdle.c,reloc-derived;call-sites=1;identity=generated
?bfmeDropUC@BfmeSubUC@@QAEXPAVBfmeThingUC@@@Z,0x0081C3D0,72,Code/GameEngine/Source/Common/BfmeThreeHundredFiftyFour.cpp,reloc-derived;call-sites=1;identity=real
?_M_insert_overflow@?$vector@URva0081D280Element@@V?$allocator@URva0081D280Element@@@_STL@@@_STL@@IAEXPAURva0081D280Element@@ABU3@ABU__false_type@2@I_N@Z,0x0081D160,286,Code/Libraries/Source/WWVegas/WWLib/RvaVectorPushBack.cpp,reloc-derived;call-sites=1;identity=real
?bfmeCallEMD@BfmeObjEMD@@QAEXPAX00@Z,0x00825680,1724,Code/GameEngine/Source/Common/BfmeConv819.cpp,reloc-derived;call-sites=1;identity=real
?decompress@LZHLDecompressor@@QAEHPAEPAIPBE1@Z,0x00826920,807,Code/Libraries/Source/Compression/LZHCompress/NoxCompress.cpp,reloc-derived;call-sites=1;identity=real
_BfmeNodeAllocLockAcquire,0x0082C760,267,Code/GameEngine/Source/Common/NodeAllocMutexAcquireLock.cpp,reloc-derived;call-sites=1;identity=real
?_Rebalance@?$_Rb_global@_N@_STL@@SAXPAU_Rb_tree_node_base@2@AAPAU32@@Z,0x0082C9D0,397,Code/GameEngine/Source/Common/UpgradePairTree.cpp,reloc-derived;call-sites=99;identity=real
_bfmeSwapC1151,0x0082D010,34,Code/GameEngine/Source/Common/BfmeConv1151.cpp,reloc-derived;call-sites=1;identity=real
?bfmeDoOR@@YAXPAX0EPAE@Z,0x0082D2D0,408,Code/GameEngine/Source/Common/BfmeTwoHundredFiftyThree.cpp,reloc-derived;call-sites=1;identity=real
?bfmeDoPA@@YAXPAX000PAE1E@Z,0x0082DFE0,144,Code/GameEngine/Source/Common/BfmeTwoHundredSixtyFour.cpp,reloc-derived;call-sites=1;identity=real
?bfmeSmallAllocPR@@YAPAXI@Z,0x0082E450,152,Code/GameEngine/Source/Common/BfmeTwoHundredSeventySeven.cpp,reloc-derived;call-sites=1;identity=real
?bfmeSmallFreePM@@YAXPAXI@Z,0x0082E4F0,75,Code/GameEngine/Source/Common/BfmeTwoHundredSeventyThree.cpp,reloc-derived;call-sites=1;identity=real
?bfmeDoOV@@YAXPAX000PAE@Z,0x0082E680,534,Code/GameEngine/Source/Common/BfmeTwoHundredFiftySeven.cpp,reloc-derived;call-sites=1;identity=real
?bfmeDoPO@BfmeThingPO@@QAEXPAH@Z,0x0082F580,135,Code/GameEngine/Source/Common/BfmeTwoHundredSeventyFour.cpp,reloc-derived;call-sites=1;identity=real
?bfmeDoOS@BfmeThingOS@@QAEXPAXPAH@Z,0x0082F610,344,Code/GameEngine/Source/Common/BfmeTwoHundredFiftyFour.cpp,reloc-derived;call-sites=1;identity=real
?bfmeDoInsertQX@BfmeThingQX@@QAEXPADIE@Z,0x0082FBB0,660,Code/GameEngine/Source/Common/BfmeThreeHundredSix.cpp,reloc-derived;call-sites=1;identity=real
?bfmeInsertQI@BfmeThingQI@@QAEPADPADE@Z,0x0082FE50,475,Code/GameEngine/Source/Common/BfmeTwoHundredNinetyThree.cpp,reloc-derived;call-sites=1;identity=real
?U2Put00832830_do@@YA?AUU2PutIter@@ABU1@ABUU2PutFlags@@HPAX2H@Z,0x00832830,260,Code/GameEngine/Source/Common/U2PutForwarders.cpp,reloc-derived;call-sites=2;identity=real
?U2Put00832DB0_do@@YA?AUU2PutIter@@ABU1@ABUU2PutFlags@@HPAX2H@Z,0x00832DB0,260,Code/GameEngine/Source/Common/U2PutForwarders.cpp,reloc-derived;call-sites=1;identity=real
?U2Put00833170_do@@YA?AUU2PutIter@@ABU1@ABUU2PutFlags@@HPAX2H@Z,0x00833170,252,Code/GameEngine/Source/Common/U2PutForwarders.cpp,reloc-derived;call-sites=1;identity=real
?U2Put00833430_do@@YA?AUU2PutIter@@ABU1@ABUU2PutFlags@@HPAX2H@Z,0x00833430,252,Code/GameEngine/Source/Common/U2PutForwarders.cpp,reloc-derived;call-sites=1;identity=real
?U2Put008336F0_do@@YA?AUU2PutIter@@ABU1@ABUU2PutFlags@@HPAX2H@Z,0x008336F0,251,Code/GameEngine/Source/Common/U2PutForwarders.cpp,reloc-derived;call-sites=1;identity=real
?U2Put00833C80_do@@YA?AUU2PutIter@@ABU1@ABUU2PutFlags@@HPAX2H@Z,0x00833C80,260,Code/GameEngine/Source/Common/U2PutForwarders.cpp,reloc-derived;call-sites=2;identity=real
?U2Put00834250_do@@YA?AUU2PutIter@@ABU1@ABUU2PutFlags@@HPAX2H@Z,0x00834250,260,Code/GameEngine/Source/Common/U2PutForwarders.cpp,reloc-derived;call-sites=1;identity=real
?U2Put00834610_do@@YA?AUU2PutIter@@ABU1@ABUU2PutFlags@@HPAX2H@Z,0x00834610,252,Code/GameEngine/Source/Common/U2PutForwarders.cpp,reloc-derived;call-sites=1;identity=real
?U2Put008348D0_do@@YA?AUU2PutIter@@ABU1@ABUU2PutFlags@@HPAX2H@Z,0x008348D0,252,Code/GameEngine/Source/Common/U2PutForwarders.cpp,reloc-derived;call-sites=1;identity=real
?U2Put00834B90_do@@YA?AUU2PutIter@@ABU1@ABUU2PutFlags@@HPAX2H@Z,0x00834B90,251,Code/GameEngine/Source/Common/U2PutForwarders.cpp,reloc-derived;call-sites=1;identity=real
??1BfmeDtorMemberA@@QAE@XZ,0x00836300,495,Code/GameEngine/Source/Common/Bfme5UnwoundDestructors.cpp,reloc-derived;call-sites=4;identity=real
??1Gen_dtor_0083b310@@UAE@XZ,0x00836520,83,Code/gen_small/dtors_009.cpp,reloc-derived;call-sites=1;identity=generated
?bfmeCallDSD@@YGDPAX@Z,0x008365B0,257,Code/GameEngine/Source/Common/BfmeConv770.cpp,reloc-derived;call-sites=1;identity=real
?bfmeTwoTB@@YAPAXXZ,0x0083B330,908,Code/GameEngine/Source/Common/BfmeConv909.cpp,reloc-derived;call-sites=1;identity=real
?U2Put0083BB20_do@@YA?AUU2PutIter@@U1@PAX1N@Z,0x0083BB20,270,Code/GameEngine/Source/Common/U2PutForwarders.cpp,reloc-derived;call-sites=1;identity=real
?U2Put0083C100_do@@YA?AUU2PutIter@@U1@PAX1N@Z,0x0083C100,272,Code/GameEngine/Source/Common/U2PutForwarders.cpp,reloc-derived;call-sites=1;identity=real
?U2Put0083C590_do@@YA?AUU2PutIter@@U1@PAX1N@Z,0x0083C590,272,Code/GameEngine/Source/Common/U2PutForwarders.cpp,reloc-derived;call-sites=1;identity=real
?_M_insert_aux@?$basic_string@GV?$char_traits@G@_STL@@V?$allocator@G@2@@_STL@@AAEPAGPAGG@Z,0x0083E4D0,240,Code/gen_small/tgrid_004.cpp,reloc-derived;call-sites=1;identity=real
?handle@Gen0083E8F0@@QAEXXZ,0x0083E8F0,24,Code/GameEngine/Source/Common/Rva00538950Set.cpp,reloc-derived;call-sites=1;identity=generated
??0ios_base@_STL@@IAE@XZ,0x0083F6B0,125,Code/GameEngine/Source/Common/Rva00538260Ctor.cpp,reloc-derived;call-sites=3;identity=real
??1Gen_dtor_0083f860@@UAE@XZ,0x0083F730,210,Code/gen_small/dtors_009.cpp,reloc-derived;call-sites=1;identity=generated
?init@?$basic_ios@GV?$char_traits@G@_STL@@@_STL@@IAEXPAV?$basic_streambuf@GV?$char_traits@G@_STL@@@2@@Z,0x0083F9B0,195,Code/gen_small/X4Streams.cpp,reloc-derived;call-sites=1;identity=real
?bfmeBaseTL@BfmeThingTL@@QAEXPAXH@Z,0x0083FB60,97,Code/GameEngine/Source/Common/BfmeThreeHundredFiftyOne.cpp,reloc-derived;call-sites=1;identity=real
?invoke@Open2381C0Impl@@QAEXHPAX0@Z,0x00840F00,35,Code/GameEngine/Source/Common/Open2Conv001.cpp,reloc-derived;call-sites=1;identity=real
?_M_switch_to_output_mode@?$basic_filebuf@GV?$char_traits@G@_STL@@@_STL@@AAE_NXZ,0x00843590,113,Code/gen_small/X4Filebuf.cpp,reloc-derived;call-sites=1;identity=real
?bfmeInit936G@BfmeThing936G@@QAEXXZ,0x00843990,977,Code/GameEngine/Source/Common/BfmeConv936.cpp,reloc-derived;call-sites=1;identity=real
_bfmeCall1128A,0x008479C0,343,Code/GameEngine/Source/Common/BfmeConv1128.cpp,reloc-derived;call-sites=2;identity=real
_bfmeCall1128B,0x00847B20,360,Code/GameEngine/Source/Common/BfmeConv1128.cpp,reloc-derived;call-sites=1;identity=real
??1Gen_dtor_00848ba0@@UAE@XZ,0x00848A30,95,Code/gen_small/dtors_009.cpp,reloc-derived;call-sites=1;identity=generated
??1Gen_dtor_00848be0@@UAE@XZ,0x00848B20,95,Code/gen_small/dtors_009.cpp,reloc-derived;call-sites=1;identity=generated
??1T2Vb0084A620@@UAE@XZ,0x0084A620,55,Code/GameEngine/Source/Common/T2VirtualBaseDeletingDtors.cpp,reloc-derived;call-sites=1;identity=real
?_M_write@_Filebuf_base@_STL@@QAE_NPADH@Z,0x0084A7B0,521,Code/gen_small/X4Filebuf.cpp,reloc-derived;call-sites=3;identity=real
?Rva0084B210Run@@YAHPAURva00841540Owner@@@Z,0x0084B210,395,Code/GameEngine/Source/Common/U2FlagGuardedMembers.cpp,reloc-derived;call-sites=1;identity=generated
??1U2Vb0084B480@@UAE@XZ,0x0084B480,138,Code/GameEngine/Source/Common/U2VirtualBaseDeletingDtors2.cpp,reloc-derived;call-sites=2;identity=real
??1U2Vb0084B5F0@@UAE@XZ,0x0084B5F0,138,Code/GameEngine/Source/Common/U2VirtualBaseDeletingDtors2.cpp,reloc-derived;call-sites=2;identity=real
?load@INI@@QAEXVAsciiString@@HHPAX@Z,0x00853CB0,345,Code/GameEngine/Source/Common/INI/ini_subsystem.cpp,reloc-derived;call-sites=1;identity=real
_CanReceiveOnSocket,0x00854680,115,Code/GameEngine/Source/GameNetwork/GameSpy/gp/gpiPeer.c,reloc-derived;call-sites=11;identity=real
_qr2_init_socketA,0x00856290,629,Code/GameEngine/Source/GameNetwork/GameSpy/qr2/qr2.c,reloc-derived;call-sites=2;identity=real
??8@YA_NABUGen_t_00642f90_m12cd@@0@Z,0x008574E0,15,Code/gen_small/fam_015.cpp,reloc-derived;call-sites=1;identity=generated
?bfmeReg1053@@YAXHHPADHPAHP6AXXZPAVBfmeE1053@@H@Z,0x00859480,209,Code/GameEngine/Source/Common/BfmeConv1053.cpp,reloc-derived;call-sites=1;identity=real
?bfmeTestSB@@YAHXZ,0x0085B420,578,Code/GameEngine/Source/Common/BfmeConv909.cpp,reloc-derived;call-sites=1;identity=real
?g_00861ed0@@YAXHHHHHHHHHHHHHHHHHHHHH@Z,0x00861ED0,995,Code/GameEngine/Source/Common/Gen_00862460.cpp,reloc-derived;call-sites=1;identity=real
?bfmeStep3_250@@YAXPAX@Z,0x00862820,77,Code/GameEngine/Source/Common/BfmeConv829.cpp,reloc-derived;call-sites=1;identity=real
?bfmeStep2_250@@YAXPAX@Z,0x008632F0,64,Code/GameEngine/Source/Common/BfmeConv829.cpp,reloc-derived;call-sites=1;identity=real
?Rva00863C00@@YAXPAVRva00866770Owner@@@Z,0x00863C00,617,Code/GameEngine/Source/GameNetwork/GameSpy/peerStopGame.cpp,reloc-derived;call-sites=1;identity=generated
?bfmeStep1_250@@YAXPAX@Z,0x00863FF0,127,Code/GameEngine/Source/Common/BfmeConv829.cpp,reloc-derived;call-sites=1;identity=real
?bfmeStep4_250@@YAXPAX@Z,0x00864280,65,Code/GameEngine/Source/Common/BfmeConv829.cpp,reloc-derived;call-sites=1;identity=real
_ciFilterCleanup,0x0086C370,35,Code/GameEngine/Source/GameNetwork/GameSpy/chat/chatDisconnectAll.c,reloc-derived;call-sites=1;identity=real
_ciCleanupCallbacks,0x008702F0,84,Code/GameEngine/Source/GameNetwork/GameSpy/chat/chatDisconnectAll.c,reloc-derived;call-sites=1;identity=real
_ciAddCallback_,0x00870350,3869,Code/GameEngine/Source/GameNetwork/GameSpy/chat/chatDisconnect.c,reloc-derived;call-sites=2;identity=real
_piProcessIncoming,0x00873170,271,Code/GameEngine/Source/GameNetwork/GameSpy/peer/peerPing.c,reloc-derived;call-sites=1;identity=real
?getMaxHeightBelowPosition@GeometryInfo@@QBEMXZ,0x0087E070,84,Code/GameEngine/Source/Common/GeometryInfoCalcPitches.cpp,reloc-derived;call-sites=2;identity=real
?bfmeCalcBWF@BfmeCalcBWF@@QAEXPAVBfmeRetBWF@@H0@Z,0x0087E0D0,120,Code/GameEngine/Source/Common/BfmeConv547.cpp,reloc-derived;call-sites=1;identity=real
?bfmeOneCNG@BfmeSubCNG@@QAEXPAX@Z,0x0087F270,62,Code/GameEngine/Source/Common/BfmeConv627.cpp,reloc-derived;call-sites=1;identity=real
?bfmeIntersects@GeometryInfo@@QBE_NABUCoord3D@@MABV1@0M@Z,0x0087F2F0,480,Code/GameEngine/Source/GameLogic/Object/Object_bfmeGeometryIntersects.cpp,reloc-derived;call-sites=1;identity=real
?bfmeSend1051@BfmeSub1051@@QAEXHHHHHH@Z,0x0087F590,1066,Code/GameEngine/Source/Common/BfmeConv1051.cpp,reloc-derived;call-sites=1;identity=real
?_M_insert_overflow@?$vector@VMoney@@V?$allocator@VMoney@@@_STL@@@_STL@@IAEXPAVMoney@@ABV3@ABU__false_type@2@I_N@Z,0x0087FBE0,237,Code/GameEngine/Source/Common/MoneyVectorPushBack.cpp,reloc-derived;call-sites=1;identity=real
?bfmeAccept@BfmeSinkA@@QAEXPAVBfmeFlagTarget@@@Z,0x008815A0,453,Code/GameEngine/Source/Common/S3InsertAndDescribe.cpp,reloc-derived;call-sites=1;identity=real
?bfmeFlushQO@BfmeThingQO@@QAEXH@Z,0x0088A230,201,Code/GameEngine/Source/Common/BfmeTwoHundredNinetyEight.cpp,reloc-derived;call-sites=1;identity=real
?SimpleMatch@Debug@@SA_NPBD0@Z,0x0088A3A0,132,Code/Libraries/Source/WWVegas/WWDebug/debug_io_flat.cpp,reloc-derived;call-sites=2;identity=real
_d_0088d240,0x0088D240,437,Code/GameEngine/Source/Common/Bfme/Rva00889760.cpp,reloc-derived;call-sites=1;identity=real
?Rva0088EB90@@YAPAXPAXI@Z,0x0088EB90,188,Code/GameEngine/Source/Common/Bfme/Rva00889C90.cpp,reloc-derived;call-sites=1;identity=generated
?bfmeCall929E@@YAXPAXPAPAX@Z,0x00892230,100,Code/GameEngine/Source/Common/BfmeConv929.cpp,reloc-derived;call-sites=1;identity=real
?bfmeCall936F@@YAXH@Z,0x00893820,314,Code/GameEngine/Source/Common/BfmeConv936.cpp,reloc-derived;call-sites=1;identity=real
??1Gen_t_00894a10_p12cd@@QAE@XZ,0x00893E00,97,Code/gen_small/tgrid_122.cpp,reloc-derived;call-sites=1;identity=generated
??1Rva00894350SizedDeleting@@UAE@XZ,0x00893E70,97,Code/GameEngine/Source/Common/SizedDeleteDestructors.cpp,reloc-derived;call-sites=1;identity=generated
??1Gen_t_00894a10_k4@@QAE@XZ,0x00894160,53,Code/gen_small/tgrid_122.cpp,reloc-derived;call-sites=1;identity=generated
??1Rva00891D40SizedDeleting@@UAE@XZ,0x00896060,95,Code/GameEngine/Source/Common/SizedDeleteDestructors.cpp,reloc-derived;call-sites=1;identity=generated
?notify@Q4Base00D35D68@@QAEXHH@Z,0x008975D0,108,Code/GameEngine/Source/Common/Q4VptrPairDtors.cpp,reloc-derived;call-sites=7;identity=real
?bfmeName1233@BfmeE1233@@QAEXPAUBfmeStr1233@@@Z,0x008985C0,1740,Code/GameEngine/Source/Common/BfmeConv1233.cpp,reloc-derived;call-sites=1;identity=real
??1Rva00899500HeaderedDeleting@@UAE@XZ,0x00899380,94,Code/GameEngine/Source/Common/HeaderedDeleteDestructors.cpp,reloc-derived;call-sites=1;identity=generated
?bfmeSub1224@BfmeA1224@@QAEPAVBfmeE1224@@H@Z,0x00899430,40,Code/GameEngine/Source/Common/BfmeConv1224.cpp,reloc-derived;call-sites=1;identity=real
?bfmeAt1238B@BfmeS1238@@QAEPAV1@H@Z,0x0089CC30,51,Code/GameEngine/Source/Common/BfmeConv1238.cpp,reloc-derived;call-sites=1;identity=real
?bfmeAdd1024@BfmeTab1024@@QAEXHH@Z,0x0089D890,811,Code/GameEngine/Source/Common/BfmeConv1024.cpp,reloc-derived;call-sites=1;identity=real
?ChangeBuffer@EAStringC@@AAEXIIIW4CBPushZero@1@I@Z,0x0089E570,260,Code/Libraries/Source/EA/Apt/AptString/EAStringCase.cpp,reloc-derived;call-sites=2;identity=real
?bfmeInit929G@BfmeThing929G@@QAEXXZ,0x0089E700,72,Code/GameEngine/Source/Common/BfmeConv929.cpp,reloc-derived;call-sites=1;identity=real
?bfmeSendY1017@BfmeJ1017@@QAEXHHH@Z,0x008A0770,46,Code/GameEngine/Source/Common/BfmeConv1017.cpp,reloc-derived;call-sites=1;identity=real
?bfmeSendX1017@BfmeJ1017@@QAEXHH@Z,0x008A07A0,40,Code/GameEngine/Source/Common/BfmeConv1017.cpp,reloc-derived;call-sites=1;identity=real
?bfmeLine1226@BfmeR1226@@QAEXPAD@Z,0x008A0F40,170,Code/GameEngine/Source/Common/BfmeConv1226.cpp,reloc-derived;call-sites=1;identity=real
??1Rva008A3030SizedDeleting@@UAE@XZ,0x008A2C80,106,Code/GameEngine/Source/Common/SizedDeleteDestructors.cpp,reloc-derived;call-sites=1;identity=generated
?bfmeDtorUEW@BfmeThingUEW@@QAEXXZ,0x008A2F30,246,Code/GameEngine/Source/Common/BfmeConv910.cpp,reloc-derived;call-sites=1;identity=real
_bfmeHash1229,0x008A3190,1511,Code/GameEngine/Source/Common/BfmeConv1229.cpp,reloc-derived;call-sites=1;identity=real
?bfmeFallback1015@BfmeM1015@@QAEXHH@Z,0x008A48A0,44,Code/GameEngine/Source/Common/BfmeConv1015.cpp,reloc-derived;call-sites=1;identity=real
??1Rva008A6410HeaderedDeleting@@UAE@XZ,0x008A61F0,163,Code/GameEngine/Source/Common/HeaderedDeleteDestructors.cpp,reloc-derived;call-sites=1;identity=generated
??1Rva008A9B60SizedDeleting@@UAE@XZ,0x008A9830,89,Code/GameEngine/Source/Common/SizedDeleteDestructors.cpp,reloc-derived;call-sites=1;identity=generated
?Gen008AB970@@YAHPBDI@Z,0x008AB970,1488,Code/GameEngine/Source/Common/R4PerfectHashWordSets.cpp,reloc-derived;call-sites=1;identity=generated
??0GenBase008AD3F0@@QAE@XZ,0x008AD3F0,284,Code/GameEngine/Source/Common/MidVptrOnlyDerivedCtors.cpp,reloc-derived;call-sites=1;identity=real
?bfmeApply1236@BfmeB1236@@QAEXPAX@Z,0x008AD8F0,603,Code/GameEngine/Source/Common/BfmeConv1236.cpp,reloc-derived;call-sites=1;identity=real
?bfmeEmit1236@BfmeB1236@@QAEXPAXH0@Z,0x008ADBD0,1452,Code/GameEngine/Source/Common/BfmeConv1236.cpp,reloc-derived;call-sites=1;identity=real
?bfmeDo1235@BfmeN1235@@QAEXPAX0@Z,0x008AE180,303,Code/GameEngine/Source/Common/BfmeConv1235.cpp,reloc-derived;call-sites=1;identity=real
?getBounds@Rva8BB1A0BoundsSource@@QAEXPAURva8BB1A0Bounds@@@Z,0x008AE2E0,188,Code/GameEngine/Source/Common/Rva8BB1A0BoundsCheckThunk.cpp,reloc-derived;call-sites=1;identity=real
??1Rva008B01E0HeaderedDeleting@@UAE@XZ,0x008B0210,134,Code/GameEngine/Source/Common/HeaderedDeleteDestructors.cpp,reloc-derived;call-sites=1;identity=generated
??8@YA_NABUGen_t_008c3e50_m12cd@@0@Z,0x008B0EE0,6731,Code/gen_small/fam_016.cpp,reloc-derived;call-sites=1;identity=generated
??1Rva008B2F20HeaderedDeleting@@UAE@XZ,0x008B2DF0,97,Code/GameEngine/Source/Common/HeaderedDeleteDestructors.cpp,reloc-derived;call-sites=1;identity=generated
??1Rva008B46D0HeaderedDeleting@@UAE@XZ,0x008B42F0,122,Code/GameEngine/Source/Common/HeaderedDeleteDestructors.cpp,reloc-derived;call-sites=1;identity=generated
?bfmeApply1243@BfmeA1243@@QAEXPAX00@Z,0x008B65E0,207,Code/GameEngine/Source/Common/BfmeConv1243.cpp,reloc-derived;call-sites=1;identity=real
?bfmePut1242@BfmeN1242@@QAEXHPAVBfmeE1242@@@Z,0x008B84C0,80,Code/GameEngine/Source/Common/BfmeConv1242.cpp,reloc-derived;call-sites=1;identity=real
?bfmeReserve1242@BfmeN1242@@QAEXH@Z,0x008B8D60,168,Code/GameEngine/Source/Common/BfmeConv1242.cpp,reloc-derived;call-sites=2;identity=real
??1Rva008B9C90HeaderedDeleting@@UAE@XZ,0x008B93A0,178,Code/GameEngine/Source/Common/HeaderedDeleteDestructors.cpp,reloc-derived;call-sites=1;identity=generated
?bfmeAdd1038@BfmeSubF1038@@QAEXHH@Z,0x008BDBB0,266,Code/GameEngine/Source/Common/BfmeConv1038.cpp,reloc-derived;call-sites=1;identity=real
??0BfmeThingBE@@QAE@XZ,0x008BE3B0,154,Code/GameEngine/Source/Common/Bfme5NewMember.cpp,reloc-derived;call-sites=1;identity=real
??1Rva008BE450SizedDeleting@@UAE@XZ,0x008BE480,288,Code/GameEngine/Source/Common/SizedDeleteDestructors.cpp,reloc-derived;call-sites=1;identity=generated
??1Rva008BED90SizedDeleting@@UAE@XZ,0x008BEDC0,141,Code/GameEngine/Source/Common/SizedDeleteDestructors.cpp,reloc-derived;call-sites=1;identity=generated
??1Rva00892ED0HeaderedDeleting@@UAE@XZ,0x008C4270,154,Code/GameEngine/Source/Common/HeaderedDeleteDestructors.cpp,reloc-derived;call-sites=1;identity=generated
??1Rva008CB760HeaderedDeleting@@UAE@XZ,0x008CB790,129,Code/GameEngine/Source/Common/HeaderedDeleteDestructors.cpp,reloc-derived;call-sites=1;identity=generated
?gen008CBDF0@@YAXPAX0H0@Z,0x008CBDF0,1757,Code/GameEngine/Source/Common/ConstantZeroForwarders.cpp,reloc-derived;call-sites=1;identity=generated
?bfmeAdd1226@BfmeR1226@@QAEXPAX0H@Z,0x008CCED0,375,Code/GameEngine/Source/Common/BfmeConv1226.cpp,reloc-derived;call-sites=1;identity=real
?bfmeEmit1231@BfmeA1231@@QAEXPAX0PAVBfmeE1231@@10H@Z,0x008CF5A0,408,Code/GameEngine/Source/Common/BfmeConv1231.cpp,reloc-derived;call-sites=1;identity=real
_bfmeHash1228,0x008D3C50,1504,Code/GameEngine/Source/Common/BfmeConv1228.cpp,reloc-derived;call-sites=1;identity=real
?Gen008D42C0@@YAHPBDI@Z,0x008D42C0,1547,Code/GameEngine/Source/Common/R4PerfectHashWordSets.cpp,reloc-derived;call-sites=1;identity=generated
?Gen008D4980@@YAHPBDI@Z,0x008D4980,1514,Code/GameEngine/Source/Common/R4PerfectHashWordSets.cpp,reloc-derived;call-sites=1;identity=generated
??1Rva008D5780HeaderedDeleting@@UAE@XZ,0x008D56E0,101,Code/GameEngine/Source/Common/HeaderedDeleteDestructors.cpp,reloc-derived;call-sites=1;identity=generated
?Gen008D57B0@@YAHPBDI@Z,0x008D57B0,1514,Code/GameEngine/Source/Common/R4PerfectHashWordSets.cpp,reloc-derived;call-sites=1;identity=generated
?bfmeBase1055@BfmeB1055@@QAEXHHH@Z,0x008D60C0,414,Code/GameEngine/Source/Common/BfmeConv1055.cpp,reloc-derived;call-sites=2;identity=real
_gpiCheckSocketConnect,0x008ECB40,181,Code/GameEngine/Source/GameNetwork/GameSpy/gp/gpiConnect.c,reloc-derived;call-sites=3;identity=real
?doShroudReveal@PartitionManager@@QAEXPBUCoord3D@@MI@Z,0x008F7680,161,Code/GameEngine/Source/GameLogic/ScriptEngine/ScriptEngine_doNamedMapReveal.cpp,reloc-derived;call-sites=1;identity=real
?undoShroudReveal@PartitionManager@@QAEXPBUCoord3D@@MI@Z,0x008F7730,161,Code/GameEngine/Source/GameLogic/ScriptEngine/ScriptEngine_undoNamedMapReveal.cpp,reloc-derived;call-sites=1;identity=real
?updateCellsTouched@PartitionData@@AAEXXZ,0x008F8800,959,Code/GameEngine/Source/Common/RTS/ShroudManagerImpl008FBA40.cpp,reloc-derived;call-sites=1;identity=real
?bfmeOneCDE@BfmeOwnerCDE@@QAEXPAX@Z,0x008F8D00,87,Code/GameEngine/Source/Common/BfmeConv583.cpp,reloc-derived;call-sites=1;identity=real
?_M_reallocate_map@?$deque@UGen_t_008fb570_p8pod@@V?$allocator@UGen_t_008fb570_p8pod@@@_STL@@@_STL@@IAEXI_N@Z,0x008FABB0,367,Code/Libraries/Source/WWVegas/WWLib/Rva008FB570DequePushBackAux.cpp,reloc-derived;call-sites=1;identity=generated
?processPending@ShroudManagerImpl008FBA40@@AAEX_N@Z,0x008FADD0,155,Code/GameEngine/Source/Common/RTS/ShroudManagerImpl008FBA40.cpp,reloc-derived;call-sites=3;identity=real
?bfmeAccept@BfmeSinkB@@QAEXPAVBfmeFlagTarget@@@Z,0x008FB0B0,661,Code/GameEngine/Source/Common/S3InsertAndDescribe.cpp,reloc-derived;call-sites=1;identity=real
?configure@ShroudManagerImpl008FBA40@@QAEXURegion3D@@M@Z,0x008FB5F0,876,Code/GameEngine/Source/Common/RTS/ShroudManagerImpl008FBA40.cpp,reloc-derived;call-sites=2;identity=real
?clear@W3DRadarResetSurface@@QAEXI@Z,0x008FC830,508,Code/GameEngineDevice/Source/W3DDevice/Common/System/W3DRadar.cpp,reloc-derived;call-sites=3;identity=real
?bfmeInit@Gen008FF1B0@@AAEXPAX@Z,0x008FEC90,156,Code/GameEngine/Source/Common/P8ZeroingCtors.cpp,reloc-derived;call-sites=1;identity=generated
??1Gen_dtor_009020e0@@UAE@XZ,0x00900FF0,366,Code/gen_small/dtors_009.cpp,reloc-derived;call-sites=1;identity=generated
?Apply_Render_State_Changes@DX8Wrapper@@SAXXZ,0x00904890,774,Code/GameEngineDevice/Source/W3DDevice/GameClient/BaseHeightMap.cpp,reloc-derived;call-sites=1;identity=real
?_Create_DX8_Surface@DX8Wrapper@@SAPAVIDirect3DSurface9@@IIW4WW3DFormat@@W4_D3DPOOL@@@Z,0x00904CE0,61,Code/Libraries/Source/WWVegas/WW3D2/surfaceclass_constructor.cpp,reloc-derived;call-sites=1;identity=real
?bfmeAllocate@Gen_009073d0@@AAE_NHH@Z,0x00905DC0,299,Code/GameEngine/Source/Common/S3ReserveHighWaterMarks.cpp,reloc-derived;call-sites=1;identity=generated
??1Gen_dtor_00907550@@UAE@XZ,0x00906410,45,Code/gen_small/dtors_009.cpp,reloc-derived;call-sites=1;identity=generated
??1Gen_dtor_00907570@@UAE@XZ,0x00906630,45,Code/gen_small/dtors_009.cpp,reloc-derived;call-sites=1;identity=generated
?Create_Device@DX8Wrapper@@KA_NXZ,0x0090AE60,436,Code/Libraries/Source/WWVegas/WW3D2/dx8wrapper.cpp,reloc-derived;call-sites=1;identity=real
??1Gen_dtor_0090bb40@@UAE@XZ,0x0090B5F0,70,Code/gen_small/dtors_009.cpp,reloc-derived;call-sites=1;identity=generated
??1Gen_dtor_0090be00@@UAE@XZ,0x0090BC40,103,Code/gen_small/dtors_009.cpp,reloc-derived;call-sites=1;identity=generated
?bfmeCall937B@BfmeSub937B@@QAEXPAX@Z,0x0090CD00,649,Code/GameEngine/Source/Common/BfmeConv937.cpp,reloc-derived;call-sites=1;identity=real
?getSurfaceLevel@W3DRadarResetTexture@@QAE?AVW3DRadarResetSurface@@I@Z,0x0090DDC0,323,Code/GameEngineDevice/Source/W3DDevice/Common/System/W3DRadar.cpp,reloc-derived;call-sites=1;identity=real
?bfmeOneBKF@BfmePartBKF@@QAEXXZ,0x0090DF10,281,Code/GameEngine/Source/Common/BfmeConv481.cpp,reloc-derived;call-sites=1;identity=real
?bfmePrep911E@BfmeSub911E@@QAEXXZ,0x0090F140,200,Code/GameEngine/Source/Common/BfmeConv911.cpp,reloc-derived;call-sites=1;identity=real
??1Gen_dtor_00913ad0@@UAE@XZ,0x009125E0,193,Code/gen_small/dtors_009.cpp,reloc-derived;call-sites=1;identity=generated
?bfmeAllocate@Gen_0094e310@@AAE_NHH@Z,0x009131E0,550,Code/GameEngine/Source/Common/S3ReserveHighWaterMarks.cpp,reloc-derived;call-sites=1;identity=generated
??1Gen_dtor_00918ab0@@UAE@XZ,0x009183B0,70,Code/gen_small/dtors_009.cpp,reloc-derived;call-sites=1;identity=generated
??1Gen_dtor_00918ad0@@UAE@XZ,0x00918500,70,Code/gen_small/dtors_009.cpp,reloc-derived;call-sites=1;identity=generated
?Resize@?$SimpleVecClass@VVector3i16@@@@UAE_NH@Z,0x00919BC0,211,Code/Libraries/Source/WWVegas/WW3D2/decalmsh.cpp,reloc-derived;call-sites=2;identity=real
??0BfmeCreated_0091A5A0@@QAE@PAVGen_0091A5A0@@@Z,0x00919F40,331,Code/GameEngine/Source/Common/Bfme5MakeAndReturn.cpp,reloc-derived;call-sites=1;identity=generated
??1Gen_dtor_0091a0b0@@UAE@XZ,0x0091A0D0,327,Code/gen_small/dtors_009.cpp,reloc-derived;call-sites=1;identity=generated
??0S4Made0091A730@@QAE@XZ,0x0091A730,207,Code/GameEngine/Source/Common/S4CtorThenPublishNew.cpp,reloc-derived;call-sites=1;identity=real
??1Gen_dtor_0091d7d0@@UAE@XZ,0x0091CE10,51,Code/gen_small/dtors_009.cpp,reloc-derived;call-sites=1;identity=generated
??0AppendLockClass@IndexBufferClass@@QAE@PAV1@II@Z,0x0091CF70,166,Code/GameEngineDevice/Source/W3DDevice/GameClient/Shadow/W3DVolumetricShadow.cpp,reloc-derived;call-sites=1;identity=real
??1Gen_dtor_0091d910@@UAE@XZ,0x0091D1F0,128,Code/gen_small/dtors_009.cpp,reloc-derived;call-sites=1;identity=generated
??0SortingIndexBufferClass@@QAE@G@Z,0x0091D270,130,Code/GameEngine/Source/Common/DynamicIBAccessClass_Allocate_Sorting_Dynamic_BufferMethodThunk.cpp,reloc-derived;call-sites=1;identity=real
??1Gen_dtor_0091d930@@UAE@XZ,0x0091D300,74,Code/gen_small/dtors_009.cpp,reloc-derived;call-sites=1;identity=generated
??1Gen_dtor_0091f2b0@@UAE@XZ,0x0091DD20,78,Code/gen_small/dtors_009.cpp,reloc-derived;call-sites=1;identity=generated
??0AppendLockClass@VertexBufferClass@@QAE@PAV1@IIH@Z,0x0091DE90,179,Code/GameEngineDevice/Source/W3DDevice/GameClient/Shadow/W3DVolumetricShadow.cpp,reloc-derived;call-sites=5;identity=real
??1AppendLockClass@VertexBufferClass@@QAE@XZ,0x0091DF50,121,Code/GameEngineDevice/Source/W3DDevice/GameClient/Shadow/W3DVolumetricShadow.cpp,reloc-derived;call-sites=5;identity=real
??1Gen_dtor_0091f360@@UAE@XZ,0x0091E060,85,Code/gen_small/dtors_009.cpp,reloc-derived;call-sites=1;identity=generated
?Create_Vertex_Buffer@DX8VertexBufferClass@@IAEXW4UsageType@1@@Z,0x0091E0C0,267,Code/Libraries/Source/WWVegas/WW3D2/dx8vertexbuffer.cpp,reloc-derived;call-sites=5;identity=real
?bfmeAllocateDynamic@BoxDynamicVBAccessClass@@AAEXXZ,0x0091F040,274,Code/Libraries/Source/WWVegas/WW3D2/BoxDynamicVBAccessCtor.cpp,reloc-derived;call-sites=1;identity=real
?bfmeAllocateSorting@BoxDynamicVBAccessClass@@AAEXXZ,0x0091F5B0,384,Code/Libraries/Source/WWVegas/WW3D2/BoxDynamicVBAccessCtor.cpp,reloc-derived;call-sites=1;identity=real
??4MeshGeometryClass@@QAEAAV0@ABV0@@Z,0x00924930,760,Code/Libraries/Source/WWVegas/WW3D2/MeshGeometryClass_CopyCtor_Thunk.cpp,reloc-derived;call-sites=1;identity=real
?bfmeSet1016@BfmeDst1016@@QAEXHHH@Z,0x00925D10,1623,Code/GameEngine/Source/Common/BfmeConv1016.cpp,reloc-derived;call-sites=1;identity=real
?bfmeConv998@BfmeC998@@QAEHH@Z,0x00927230,171,Code/GameEngine/Source/Common/BfmeConv998.cpp,reloc-derived;call-sites=2;identity=real
??1Gen_dtor_00927f10@@UAE@XZ,0x00927880,101,Code/gen_small/dtors_009.cpp,reloc-derived;call-sites=1;identity=generated
??1Gen_dtor_0092ba40@@UAE@XZ,0x0092A220,131,Code/gen_small/dtors_009.cpp,reloc-derived;call-sites=1;identity=generated
??1Gen_dtor_0094da20@@UAE@XZ,0x0092A3D0,90,Code/gen_small/dtors_009.cpp,reloc-derived;call-sites=1;identity=generated
??1Gen_dtor_0092ba20@@UAE@XZ,0x0092B6A0,103,Code/gen_small/dtors_009.cpp,reloc-derived;call-sites=1;identity=generated
??4MeshMatDescClass@@QAEAAV0@ABV0@@Z,0x0092BB00,740,Code/Libraries/Source/WWVegas/WW3D2/MeshMatDescClassCopyCtor.cpp,reloc-derived;call-sites=1;identity=real
??0BfmeCreated_0092CEF0@@QAE@PAVGen_0092CEF0@@@Z,0x0092CD00,224,Code/GameEngine/Source/Common/Bfme5MakeAndReturn.cpp,reloc-derived;call-sites=1;identity=generated
??1Gen_dtor_0092e490@@UAE@XZ,0x0092D990,126,Code/gen_small/dtors_009.cpp,reloc-derived;call-sites=1;identity=generated
?Render_Material_Pass@MeshClass@@QAEXPAVMaterialPassClass@@PAVIndexBufferClass@@@Z,0x0092E890,1315,Code/Libraries/Source/WWVegas/WW3D2/dx8renderer.cpp,reloc-derived;call-sites=1;identity=real
??1Gen_dtorv_0092ff30@@UAE@XZ,0x0092F190,84,Code/gen_small/dtorsv_000.cpp,reloc-derived;call-sites=1;identity=generated
?Remap_Mesh@MaterialRemapperClass@@QAEXPBVMeshMatDescClass@@PAV2@@Z,0x0092F2C0,493,Code/Libraries/Source/WWVegas/WW3D2/meshmdlio.cpp,reloc-derived;call-sites=1;identity=real
?bfmeDoBJE@BfmeSubBJE@@QAEXPAX@Z,0x0092F910,103,Code/GameEngine/Source/Common/BfmeConv476.cpp,reloc-derived;call-sites=1;identity=real
?construct@TextureVectorBaseCtorShim@@QAEXHH@Z,0x0092FBA0,191,Code/Libraries/Source/WWVegas/WW3D2/MaterialCollectorClass_ctor_Thunk.cpp,reloc-derived;call-sites=1;identity=real
??1Gen_dtor_009305b0@@UAE@XZ,0x0092FD10,45,Code/gen_small/dtors_009.cpp,reloc-derived;call-sites=1;identity=generated
??0MaterialRemapperClass@@QAE@PAVMaterialInfoClass@@0@Z,0x0092FD60,453,Code/Libraries/Source/WWVegas/WW3D2/meshmdlio.cpp,reloc-derived;call-sites=1;identity=real
??1MaterialRemapperClass@@QAE@XZ,0x0092FF90,171,Code/Libraries/Source/WWVegas/WW3D2/meshmdlio.cpp,reloc-derived;call-sites=1;identity=real
??1Gen_dtor_00930d30@@UAE@XZ,0x00930040,45,Code/gen_small/dtors_009.cpp,reloc-derived;call-sites=1;identity=generated
?bfmeAllocate@Gen_00930d00@@AAE_NHH@Z,0x009304A0,270,Code/GameEngine/Source/Common/S3ReserveHighWaterMarks.cpp,reloc-derived;call-sites=1;identity=generated
??1Gen_dtor_009312b0@@UAE@XZ,0x00930F60,175,Code/gen_small/dtors_009.cpp,reloc-derived;call-sites=1;identity=generated
?Cull_Box@BFMECameraCullBox@@QBE_NABVAABoxClass@@@Z,0x009330C0,193,Code/GameEngineDevice/Source/W3DDevice/GameClient/W3DTerrainBackground.cpp,reloc-derived;call-sites=1;identity=real
??0?$VectorClass@VRender2DBatchClass@@@@QAE@HPBVRender2DBatchClass@@@Z,0x00933D30,192,Code/Libraries/Source/WWVegas/WW3D2/Render2DClassConstructor.cpp,reloc-derived;call-sites=1;identity=real
??1Gen_dtorv_00937400@@UAE@XZ,0x00937390,12,Code/gen_small/dtorsv_000.cpp,reloc-derived;call-sites=1;identity=generated
?Record_Texture_End@@YAXXZ,0x00937900,951,Code/Libraries/Source/WWVegas/WW3D2/statistics.cpp,reloc-derived;call-sites=1;identity=real
??1SortingNodeStruct@@QAE@XZ,0x0093B200,186,Code/Libraries/Source/WWVegas/WW3D2/sortingrenderer.cpp,reloc-derived;call-sites=3;identity=real
??4?$VectorClass@VProxyClass@@@@QAEAAV0@ABV0@@Z,0x0093CEA0,120,Code/Libraries/Source/WWVegas/WW3D2/collect.cpp,reloc-derived;call-sites=1;identity=real
??1Gen_dtor_0093e840@@UAE@XZ,0x0093DF80,45,Code/gen_small/dtors_009.cpp,reloc-derived;call-sites=1;identity=generated
?Resize@?$VectorClass@U_ENUM_VALUE@EnumParameterClass@@@@UAE_NHPBU_ENUM_VALUE@EnumParameterClass@@@Z,0x0093E4D0,392,Code/Libraries/Source/WWVegas/WWSaveLoad/parameter.cpp,reloc-derived;call-sites=1;identity=real
?helper_006f4660@@YGXHHHH@Z,0x0093EB50,1983,Code/GameEngineDevice/Source/W3DDevice/GameClient/Gen_006f4660_Repeat.cpp,reloc-derived;call-sites=1;identity=real
??1Gen_dtor_00940770@@UAE@XZ,0x00940010,348,Code/gen_small/dtors_009.cpp,reloc-derived;call-sites=1;identity=generated
?bfmeAllocate@Gen_009408d0@@AAE_NHH@Z,0x00940450,382,Code/GameEngine/Source/Common/S3ReserveHighWaterMarks.cpp,reloc-derived;call-sites=1;identity=generated
?Get_Char_Data@FontCharsClass@@AAEPBVFontCharsClassCharDataStruct@@G@Z,0x00941290,81,Code/Libraries/Source/WWVegas/WW3D2/render2dsentence.cpp,reloc-derived;call-sites=1;identity=real
?bfmeSet1042@BfmeSub1042@@QAEXPADHH@Z,0x00942BC0,40,Code/GameEngine/Source/Common/BfmeConv1042.cpp,reloc-derived;call-sites=1;identity=real
??0GenBase00944940@@QAE@XZ,0x00944940,473,Code/GameEngine/Source/Common/MidVptrOnlyDerivedCtors.cpp,reloc-derived;call-sites=4;identity=real
??1Gen_dtor_00947d10@@UAE@XZ,0x00946540,171,Code/gen_small/dtors_009.cpp,reloc-derived;call-sites=1;identity=generated
??1Gen_dtor_00902100@@UAE@XZ,0x00949D00,164,Code/gen_small/dtors_009.cpp,reloc-derived;call-sites=1;identity=generated
??$_Construct@U?$pair@$$CBIURva0094CCF0Value@@@_STL@@U12@@_STL@@YAXPAU?$pair@$$CBIURva0094CCF0Value@@@0@ABU10@@Z,0x0094C650,53,Code/Libraries/Source/WWVegas/WWLib/RvaTreeMInsertPair.cpp,reloc-derived;call-sites=2;identity=generated
??1Gen_dtor_0094f0c0@@UAE@XZ,0x0094EA80,45,Code/gen_small/dtors_009.cpp,reloc-derived;call-sites=1;identity=generated
??1Gen_dtor_0094f0e0@@UAE@XZ,0x0094EAB0,45,Code/gen_small/dtors_009.cpp,reloc-derived;call-sites=1;identity=generated
??1Gen_dtor_0094f2e0@@UAE@XZ,0x0094ED60,221,Code/gen_small/dtors_009.cpp,reloc-derived;call-sites=1;identity=generated
??1Gen_dtor_009509b0@@UAE@XZ,0x0094F9C0,180,Code/gen_small/dtors_009.cpp,reloc-derived;call-sites=1;identity=generated
??0BfmeCreated_009513E0@@QAE@PAVGen_009513E0@@@Z,0x009510A0,413,Code/GameEngine/Source/Common/Bfme5MakeAndReturn.cpp,reloc-derived;call-sites=1;identity=generated
??0Bitmap2DObjClass@@QAE@ABV0@@Z,0x00956140,213,Code/Libraries/Source/WWVegas/WW3D2/Bitmap2DObjClone.cpp,reloc-derived;call-sites=1;identity=real
??1Gen_dtor_00956240@@UAE@XZ,0x00956260,235,Code/gen_small/dtors_009.cpp,reloc-derived;call-sites=1;identity=generated
?handle@Gen00958BF0@@QAEXXZ,0x00958BF0,70,Code/GameEngine/Source/Common/R1GuardedReleaseHelpers.cpp,reloc-derived;call-sites=1;identity=generated
?Set_Texture@Rva0095C7A0SegLineRendererClass@@QAEXPAVTextureClass@@@Z,0x0095C7A0,47,Code/Libraries/Source/WWVegas/WW3D2/streak.cpp,reloc-derived;call-sites=1;identity=generated
?RenderStreak@StreakRendererClass@@QAEXAAVRenderInfoClass@@ABVMatrix3D@@IPAVVector3@@PAVVector4@@PAMABVSphereClass@@PAI@Z,0x0095CE80,12206,Code/Libraries/Source/WWVegas/WW3D2/StreakLineRender.cpp,reloc-derived;call-sites=1;identity=real
??1Gen_dtor_0096aca0@@UAE@XZ,0x0096A920,73,Code/gen_small/dtors_009.cpp,reloc-derived;call-sites=1;identity=generated
??1Gen_dtor_0096ea40@@UAE@XZ,0x0096E900,45,Code/gen_small/dtors_009.cpp,reloc-derived;call-sites=1;identity=generated
?read_shaders@MeshModelClass@@IAE_NAAVChunkLoadClass@@PAVMeshLoadContextClass@@@Z,0x0096EB30,272,Code/Libraries/Source/WWVegas/WW3D2/MeshModelClass_read_prelit_material_Thunk.cpp,reloc-derived;call-sites=1;identity=real
?read_textures@MeshModelClass@@IAE_NAAVChunkLoadClass@@PAVMeshLoadContextClass@@@Z,0x0096EC40,283,Code/Libraries/Source/WWVegas/WW3D2/MeshModelClass_read_prelit_material_Thunk.cpp,reloc-derived;call-sites=1;identity=real
??1Gen_dtor_00970920@@UAE@XZ,0x00970770,112,Code/gen_small/dtors_010.cpp,reloc-derived;call-sites=1;identity=generated
??1Gen_dtor_00970f60@@UAE@XZ,0x00970C40,103,Code/gen_small/dtors_010.cpp,reloc-derived;call-sites=1;identity=generated
??1Gen_dtor_00971340@@UAE@XZ,0x00971180,100,Code/gen_small/dtors_010.cpp,reloc-derived;call-sites=1;identity=generated
??1Gen_dtor_00971710@@UAE@XZ,0x00971550,112,Code/gen_small/dtors_010.cpp,reloc-derived;call-sites=1;identity=generated
?Get_HTree@@YAPAVHTreeClass@@PBD@Z,0x00971810,245,Code/Libraries/Source/WWVegas/WW3D2/hcanim.cpp,reloc-derived;call-sites=2;identity=real
??1Gen_dtor_00971d80@@UAE@XZ,0x00971BD0,100,Code/gen_small/dtors_010.cpp,reloc-derived;call-sites=1;identity=generated
??1Gen_dtor_00972460@@UAE@XZ,0x009722B0,94,Code/gen_small/dtors_010.cpp,reloc-derived;call-sites=1;identity=generated
??1Gen_dtor_009746f0@@UAE@XZ,0x00973F10,45,Code/gen_small/dtors_010.cpp,reloc-derived;call-sites=1;identity=generated
??1Gen_dtor_00974710@@UAE@XZ,0x00973F90,45,Code/gen_small/dtors_010.cpp,reloc-derived;call-sites=1;identity=generated
?Get_Vector@TimeCodedMotionChannelClass@@QAEXMPAM@Z,0x009781A0,379,Code/Libraries/Source/WWVegas/WW3D2/hcanim.cpp,reloc-derived;call-sites=3;identity=real
?bfmeAllocate@Gen_0097c8e0@@AAE_NHH@Z,0x0097ADF0,588,Code/GameEngine/Source/Common/S3ReserveHighWaterMarks.cpp,reloc-derived;call-sites=1;identity=generated
??1Gen_dtor_0097c950@@UAE@XZ,0x0097B720,45,Code/gen_small/dtors_010.cpp,reloc-derived;call-sites=1;identity=generated
??1Gen_dtorv_0097bae0@@UAE@XZ,0x0097B750,45,Code/gen_small/dtorsv_000.cpp,reloc-derived;call-sites=1;identity=generated
??1Gen_dtor_0097cdf0@@UAE@XZ,0x0097BB40,152,Code/gen_small/dtors_010.cpp,reloc-derived;call-sites=1;identity=generated
?bfmeMakeCGE@@YAHPAVBfmeSubCGE@@@Z,0x0097F5D0,848,Code/GameEngine/Source/Common/BfmeConv598.cpp,reloc-derived;call-sites=1;identity=real
??1Gen_dtor_009815a0@@UAE@XZ,0x00981120,45,Code/gen_small/dtors_010.cpp,reloc-derived;call-sites=1;identity=generated
??1Gen_dtor_009815c0@@UAE@XZ,0x009812E0,45,Code/gen_small/dtors_010.cpp,reloc-derived;call-sites=1;identity=generated
?Compute_Current_Frame@Animatable3DObjClass@@IBEMPAM@Z,0x00982540,781,Code/Libraries/Source/WWVegas/WW3D2/Animatable3DObjClass_Single_Anim_Progress.cpp,reloc-derived;call-sites=2;identity=real
_io_fromto,0x009933C0,257,Code/Libraries/Source/Lua/liolib.c,reloc-derived;call-sites=2;identity=real
_luaV_execute,0x00997C80,2924,Code/Libraries/Source/Lua/ldo.c,reloc-derived;call-sites=1;identity=real
_codepushbool,0x0099EF70,151,Code/Libraries/Source/Lua/lparser.c,reloc-derived;call-sites=2;identity=real
?_M_insert_overflow@?$vector@U?$pair@PAVSubsystemInterface@@PAX@_STL@@V?$allocator@U?$pair@PAVSubsystemInterface@@PAX@_STL@@@2@@_STL@@IAEXPAU?$pair@PAVSubsystemInterface@@PAX@2@ABU32@ABU__false_type@2@I_N@Z,0x009A1E50,302,Code/GameEngine/Source/Common/System/subsystem_interface.cpp,reloc-derived;call-sites=1;identity=real
??1Gen_dtor_0006b630@@UAE@XZ,0x009A2030,125,Code/gen_small/dtors_000.cpp,reloc-derived;call-sites=1;identity=generated
??1Gen_dtor_009a2920@@UAE@XZ,0x009A2390,133,Code/gen_small/dtors_010.cpp,reloc-derived;call-sites=1;identity=generated
?bfmeAccept@BfmeSinkC@@QAEXPAVBfmeFlagTarget@@@Z,0x009A2FC0,27,Code/GameEngine/Source/Common/S3InsertAndDescribe.cpp,reloc-derived;call-sites=1;identity=real
?bfmeOneCGD@BfmeThingCGD@@QAEXXZ,0x009A2FE0,193,Code/GameEngine/Source/Common/BfmeConv597.cpp,reloc-derived;call-sites=1;identity=real
?bfmeTwoCGD@BfmeThingCGD@@QAEXXZ,0x009A30B0,333,Code/GameEngine/Source/Common/BfmeConv597.cpp,reloc-derived;call-sites=1;identity=real
?bfmeGlobalCGD@@YAXXZ,0x009A3AD0,1244,Code/GameEngine/Source/Common/BfmeConv597.cpp,reloc-derived;call-sites=1;identity=real
?bfmeOneBZB@@YAXPAX@Z,0x009A5B80,182,Code/GameEngine/Source/Common/BfmeConv557.cpp,reloc-derived;call-sites=1;identity=real
?bfmeApply1040@@YAXPAUBfmeS1040@@H@Z,0x009A6630,262,Code/GameEngine/Source/Common/BfmeConv1040.cpp,reloc-derived;call-sites=1;identity=real
?bfmeStep1_009A75E0@@YAXXZ,0x009B3A00,131,Code/GameEngine/Source/Common/S3GuardedDelegates3.cpp,reloc-derived;call-sites=1;identity=real
??$__linear_insert@PAVAsciiString@@V1@U?$less@VAsciiString@@@_STL@@@_STL@@YAXPAVAsciiString@@0V1@U?$less@VAsciiString@@@0@@Z,0x009CD0D0,206,Code/GameEngineDevice/Source/Win32Device/Common/Win32BIGFileSystem_loadBigFiles.cpp,reloc-derived;call-sites=1;identity=real
?Gen009CD1A0@@YAXPAUQ3SortElem4@@00UQ3SortCompare@@@Z,0x009CD1A0,53,Code/GameEngine/Source/Common/Q3IntrosortFamilies.cpp,reloc-derived;call-sites=1;identity=generated
?Gen009CDAA0@@YAXPAUQ3SortElem4@@00HUQ3SortCompare@@@Z,0x009CDAA0,152,Code/GameEngine/Source/Common/Q3IntrosortFamilies.cpp,reloc-derived;call-sites=1;identity=generated
??1BfmeDtorMemberJ@@QAE@XZ,0x009CF1E0,83,Code/GameEngine/Source/Common/Bfme5PlainChainDestructors.cpp,reloc-derived;call-sites=1;identity=real
?getFileListInDirectory@ArchiveFile@@QBEXABVAsciiString@@00AAV?$set@VAsciiString@@U?$less_than_nocase@VAsciiString@@@rts@@V?$allocator@VAsciiString@@@_STL@@@_STL@@_N@Z,0x009D0820,215,Code/GameEngine/Source/Common/System/ArchiveFileSystem.cpp,reloc-derived;call-sites=1;identity=real
?getArchivedFileInfo@ArchiveFile@@IBEPBUArchivedFileInfo@@ABVAsciiString@@@Z,0x009D0900,332,Code/GameEngineDevice/Source/Win32Device/Common/Win32BIGFileGetInfo.cpp,reloc-derived;call-sites=2;identity=real
?bfmeBaseUpdate@Gen009D6330@@QAEXPAXPBXI@Z,0x009D6E50,161,Code/GameEngine/Source/Common/Gen009D6330.cpp,reloc-derived;call-sites=1;identity=generated
?evaluate@Gen009D76F0@@QAEPAXPAX@Z,0x009D76F0,77,Code/GameEngine/Source/Common/SelfPairReturners.cpp,reloc-derived;call-sites=1;identity=generated
_bfmeTryActivate@12,0x009D8460,195,Code/GameEngine/Source/Common/Gen009D6300.cpp,reloc-derived;call-sites=1;identity=real
?bfmeBaseEOA@BfmeThingEOA@@QAEXXZ,0x009D8630,140,Code/GameEngine/Source/Common/BfmeConv881.cpp,reloc-derived;call-sites=1;identity=real
_bfmeAppend,0x009D9180,150,Code/GameEngine/Source/Common/Gen009D9360.cpp,reloc-derived;call-sites=50;identity=real
??1Gen_dtor_009ebe70@@UAE@XZ,0x009EBC70,99,Code/gen_small/dtors_010.cpp,reloc-derived;call-sites=1;identity=generated
?equal_range@?$_Rb_tree@GU?$pair@$$CBGE@_STL@@U?$_Select1st@U?$pair@$$CBGE@_STL@@@2@U?$less@G@2@V?$allocator@U?$pair@$$CBGE@_STL@@@2@@_STL@@QAE?AU?$pair@U?$_Rb_tree_iterator@U?$pair@$$CBGE@_STL@@U?$_Nonconst_traits@U?$pair@$$CBGE@_STL@@@2@@_STL@@U12@@2@ABG@Z,0x009EC410,83,Code/GameEngine/Source/GameNetwork/ConnectionManager.cpp,reloc-derived;call-sites=1;identity=real
?m009EC9A0@Q1Receiver0134FAAC@@QAEXH@Z,0x009EC9A0,81,Code/GameEngine/Source/Common/Q1GlobalGuardedForwarders.cpp,reloc-derived;call-sites=1;identity=real
?clear@?$hashtable@U?$pair@$$CBHUGen_t_009ee630_p12cd@@@_STL@@HU?$hash@H@2@U?$_Select1st@U?$pair@$$CBHUGen_t_009ee630_p12cd@@@_STL@@@2@U?$equal_to@H@2@V?$allocator@U?$pair@$$CBHUGen_t_009ee630_p12cd@@@_STL@@@2@@_STL@@QAEXXZ,0x009EDAC0,86,Code/gen_small/tgrid_131.cpp,reloc-derived;call-sites=1;identity=generated
?gen009EE320@@YAPAXXZ,0x009EE320,59,Code/GameEngine/Source/Common/CachedPointerFills.cpp,reloc-derived;call-sites=2;identity=generated
?bfmeInvoke@Gen_009EBA60Target@@QAEXPAX0@Z,0x009EEAC0,239,Code/GameEngine/Source/Common/S3GuardedDispatchers.cpp,reloc-derived;call-sites=1;identity=generated
?Find_Asset@AssetRegistry@@QAE?AVAssetReference@@PBD@Z,0x009EEC60,185,Code/GameEngineDevice/Source/W3DDevice/GameClient/Rva009EBEC0.cpp,reloc-derived;call-sites=1;identity=real
?bfmeGetEME@BfmeObjEME@@QAEPAXPAX@Z,0x009EED20,200,Code/GameEngine/Source/Common/BfmeConv819.cpp,reloc-derived;call-sites=1;identity=real
?bfmeReg1024@BfmeP1024@@QAEXPAVBfmeE1024@@@Z,0x009EF280,868,Code/GameEngine/Source/Common/BfmeConv1024.cpp,reloc-derived;call-sites=1;identity=real
?m009F0BD0@Q1Receiver0134FAAC@@QAEXH@Z,0x009F0BD0,238,Code/GameEngine/Source/Common/Q1GlobalGuardedForwarders.cpp,reloc-derived;call-sites=1;identity=real
?m009F0D40@Q1Receiver0134FAAC@@QAEXH@Z,0x009F0D40,265,Code/GameEngine/Source/Common/Q1GlobalGuardedForwarders.cpp,reloc-derived;call-sites=1;identity=real
?m009F19E0@Q1Receiver0134FAAC@@QAEXH@Z,0x009F19E0,117,Code/GameEngine/Source/Common/Q1GlobalGuardedForwarders.cpp,reloc-derived;call-sites=1;identity=real
??1Gen_dtor_009eb9e0@@UAE@XZ,0x009F23C0,563,Code/gen_small/dtors_010.cpp,reloc-derived;call-sites=1;identity=generated
?Gen009F3050@@YAXPAVRva009F3CE0Elem@@00PAX@Z,0x009F3050,84,Code/GameEngine/Source/Common/S3FinalInsertionSortSplits.cpp,reloc-derived;call-sites=1;identity=generated
?Gen009F30B0@@YAXPAVRva009F3D30Elem@@00PAX@Z,0x009F30B0,84,Code/GameEngine/Source/Common/S3FinalInsertionSortSplits.cpp,reloc-derived;call-sites=1;identity=generated
?Gen009F3A80@@YAXPAVRva009F3CE0Elem@@0PAX@Z,0x009F3A80,59,Code/GameEngine/Source/Common/S3FinalInsertionSortSplits.cpp,reloc-derived;call-sites=2;identity=generated
?Gen009F3AC0@@YAXPAVRva009F3D30Elem@@0PAX@Z,0x009F3AC0,59,Code/GameEngine/Source/Common/S3FinalInsertionSortSplits.cpp,reloc-derived;call-sites=2;identity=generated
?Gen009F3DC0@@YAXPAUQ3SortElem8@@00HUQ3SortCompare@@@Z,0x009F3DC0,224,Code/GameEngine/Source/Common/Q3IntrosortFamilies.cpp,reloc-derived;call-sites=1;identity=generated
?Gen009F3EA0@@YAXPAUQ3SortElem8@@00HUQ3SortCompare@@@Z,0x009F3EA0,224,Code/GameEngine/Source/Common/Q3IntrosortFamilies.cpp,reloc-derived;call-sites=1;identity=generated
?bfmeAccept@BfmeSinkD@@QAEXPAVBfmeFlagTarget@@@Z,0x009F49F0,27,Code/GameEngine/Source/Common/S3InsertAndDescribe.cpp,reloc-derived;call-sites=1;identity=real
?bfmeDo912C@BfmeThing912C@@QAEXPAUBfmeNode912C@@@Z,0x009F4D80,181,Code/GameEngine/Source/Common/BfmeConv912.cpp,reloc-derived;call-sites=1;identity=real
?bfmeFwd1050@BfmeP1050@@QAEXHHHHH@Z,0x009F5C00,1995,Code/GameEngine/Source/Common/BfmeConv1050.cpp,reloc-derived;call-sites=1;identity=real
__RTC_CheckEsp,0x009F7502,3,Code/GameEngine/Source/Common/Q1FrameCheckedWrappers.cpp,reloc-derived;call-sites=309;identity=real
_D3DXFillTexture@12,0x009FFE86,532,vendor/d3dx9/d3dx9.lib,reloc-derived;call-sites=1;identity=real
?png_set_gray_1_2_4_to_8@D3DX@@YGXPAUpng_struct_def@1@@Z,0x00A64FDE,11,vendor/d3dx9/d3dx9.lib,reloc-derived;call-sites=1;identity=real
?png_set_tRNS_to_alpha@D3DX@@YGXPAUpng_struct_def@1@@Z,0x00A64FE9,11,vendor/d3dx9/d3dx9.lib,reloc-derived;call-sites=1;identity=real
??0CStringStack@D3DXCore@@QAE@XZ,0x00A9AEF9,16,vendor/d3dx9/d3dx9.lib,reloc-derived;call-sites=3;identity=real
__EH_prolog,0x00B028A4,31,vendor/d3dx9/d3dx9.lib,reloc-derived;call-sites=1;identity=real
