name,address,notes
?$S103@?1??getClassMemoryPool@AIUpdateInterface@@CAPAVMemoryPool@@XZ@4IA,0x00EEFE34,pool-glue cascade static (back-solved)
?$S105@?1??getClassMemoryPool@PoisonedBehavior@@CAPAVMemoryPool@@XZ@4IA,0x00EEF830,pool-glue cascade static (back-solved)
?$S107@?1??getClassMemoryPool@SupplyWarehouseCripplingBehavior@@CAPAVMemoryPool@@XZ@4IA,0x00EEF91C,pool-glue cascade static (back-solved)
?$S112@?1??getClassMemoryPool@CreateCrateDie@@CAPAVMemoryPool@@XZ@4IA,0x00EEFBF8,pool-glue cascade static (back-solved)
?$S113@?1??getClassMemoryPool@CreateObjectDie@@CAPAVMemoryPool@@XZ@4IA,0x00EEFC00,pool-glue cascade static (back-solved)
?$S114@?1??getClassMemoryPool@CrushDie@@CAPAVMemoryPool@@XZ@4IA,0x00EEFC08,pool-glue cascade static (back-solved)
?$S116@?1??getClassMemoryPool@DestroyDie@@CAPAVMemoryPool@@XZ@4IA,0x00EEFC10,pool-glue cascade static (back-solved)
?$S118@?1??getClassMemoryPool@FXListDie@@CAPAVMemoryPool@@XZ@4IA,0x00EEFC18,pool-glue cascade static (back-solved)
?$S120@?1??getClassMemoryPool@SpecialPowerCompletionDie@@CAPAVMemoryPool@@XZ@4IA,0x00EEFC38,pool-glue cascade static (back-solved)
?$S121@?1??getClassMemoryPool@UpgradeDie@@CAPAVMemoryPool@@XZ@4IA,0x00EEFC40,pool-glue cascade static (back-solved)
?$S122@?1??getClassMemoryPool@KeepObjectDie@@CAPAVMemoryPool@@XZ@4IA,0x00EEFC28,pool-glue cascade static (back-solved)
?$S124@?1??getClassMemoryPool@AssistedTargetingUpdate@@CAPAVMemoryPool@@XZ@4IA,0x00EEFE3C,pool-glue cascade static (back-solved)
?$S131@?1??getClassMemoryPool@SupplyTruckAIUpdate@@CAPAVMemoryPool@@XZ@4IA,0x00EF0308,pool-glue cascade static (back-solved)
?$S133@?1??getClassMemoryPool@DefaultProductionExitUpdate@@CAPAVMemoryPool@@XZ@4IA,0x00EF04F8,pool-glue cascade static (back-solved)
?$S134@?1??getClassMemoryPool@DeletionUpdate@@CAPAVMemoryPool@@XZ@4IA,0x00EEFF04,pool-glue cascade static (back-solved)
?$S145@?1??getClassMemoryPool@DozerAIUpdate@@CAPAVMemoryPool@@XZ@4IA,0x00EF0258,pool-glue cascade static (back-solved)
?$S147@?1??getClassMemoryPool@DynamicShroudClearingRangeUpdate@@CAPAVMemoryPool@@XZ@4IA,0x00EEFF24,pool-glue cascade static (back-solved)
?$S149@?1??getClassMemoryPool@FireSpreadUpdate@@CAPAVMemoryPool@@XZ@4IA,0x00EEFF4C,pool-glue cascade static (back-solved)
?$S151@?1??getClassMemoryPool@FireWeaponUpdate@@CAPAVMemoryPool@@XZ@4IA,0x00EEFF5C,pool-glue cascade static (back-solved)
?$S152@?1??getClassMemoryPool@FlammableUpdate@@CAPAVMemoryPool@@XZ@4IA,0x00EEFF64,pool-glue cascade static (back-solved)
?$S153@?1??getClassMemoryPool@FloatUpdate@@CAPAVMemoryPool@@XZ@4IA,0x00EEFF84,pool-glue cascade static (back-solved)
?$S160@?1??getClassMemoryPool@DeployStyleAIUpdate@@CAPAVMemoryPool@@XZ@4IA,0x00EF0250,pool-glue cascade static (back-solved)
?$S161@?1??getClassMemoryPool@AssaultTransportAIUpdate@@CAPAVMemoryPool@@XZ@4IA,0x00EF0248,pool-glue cascade static (back-solved)
?$S162@?1??getClassMemoryPool@HeightDieUpdate@@CAPAVMemoryPool@@XZ@4IA,0x00EEFF8C,pool-glue cascade static (back-solved)
?$S165@?1??getClassMemoryPool@LaserUpdate@@CAPAVMemoryPool@@XZ@4IA,0x00EF702C,pool-glue cascade static (back-solved)
?$S168@?1??getClassMemoryPool@AutoFindHealingUpdate@@CAPAVMemoryPool@@XZ@4IA,0x00EEFE5C,pool-glue cascade static (back-solved)
?$S169@?1??getClassMemoryPool@CommandButtonHuntUpdate@@CAPAVMemoryPool@@XZ@4IA,0x00EEFEE4,pool-glue cascade static (back-solved)
?$S171@?1??getClassMemoryPool@DemoTrapUpdate@@CAPAVMemoryPool@@XZ@4IA,0x00EEFF0C,pool-glue cascade static (back-solved)
?$S177@?1??getClassMemoryPool@BattlePlanUpdate@@CAPAVMemoryPool@@XZ@4IA,0x00EEFEA8,pool-glue cascade static (back-solved)
?$S178@?1??getClassMemoryPool@LifetimeUpdate@@CAPAVMemoryPool@@XZ@4IA,0x00EEFFBC,pool-glue cascade static (back-solved)
?$S179@?1??getClassMemoryPool@RadiusDecalUpdate@@CAPAVMemoryPool@@XZ@4IA,0x00EF0024,pool-glue cascade static (back-solved)
?$S17@?1??getClassMemoryPool@AutoHealBehavior@@CAPAVMemoryPool@@XZ@4IA,0x00EEF768,pool-glue cascade static (back-solved)
?$S180@?1??getClassMemoryPool@AutoDepositUpdate@@CAPAVMemoryPool@@XZ@4IA,0x00EEFE54,pool-glue cascade static (back-solved)
?$S186@?1??getClassMemoryPool@ProductionUpdate@@CAPAVMemoryPool@@XZ@4IA,0x00EEFFFC,pool-glue cascade static (back-solved)
?$S188@?1??getClassMemoryPool@ProneUpdate@@CAPAVMemoryPool@@XZ@4IA,0x00EF0014,pool-glue cascade static (back-solved)
?$S189@?1??getClassMemoryPool@QueueProductionExitUpdate@@CAPAVMemoryPool@@XZ@4IA,0x00EF0500,pool-glue cascade static (back-solved)
?$S190@?1??getClassMemoryPool@RadarUpdate@@CAPAVMemoryPool@@XZ@4IA,0x00EF001C,pool-glue cascade static (back-solved)
?$S191@?1??getClassMemoryPool@SupplyCenterDockUpdate@@CAPAVMemoryPool@@XZ@4IA,0x00EF04E8,pool-glue cascade static (back-solved)
?$S192@?1??getClassMemoryPool@RepairDockUpdate@@CAPAVMemoryPool@@XZ@4IA,0x00EF04E0,pool-glue cascade static (back-solved)
?$S193@?1??getClassMemoryPool@RailedTransportDockUpdate@@CAPAVMemoryPool@@XZ@4IA,0x00EF04D8,pool-glue cascade static (back-solved)
?$S196@?1??getClassMemoryPool@SlavedUpdate@@CAPAVMemoryPool@@XZ@4IA,0x00EF004C,pool-glue cascade static (back-solved)
?$S200@?1??getClassMemoryPool@StealthDetectorUpdate@@CAPAVMemoryPool@@XZ@4IA,0x00EF00A0,pool-glue cascade static (back-solved)
?$S201@?1??getClassMemoryPool@StealthUpdate@@CAPAVMemoryPool@@XZ@4IA,0x00EF01CC,pool-glue cascade static (back-solved)
?$S202@?1??getClassMemoryPool@SpawnPointProductionExitUpdate@@CAPAVMemoryPool@@XZ@4IA,0x00EF0508,pool-glue cascade static (back-solved)
?$S203@?1??getClassMemoryPool@SpawnBehavior@@CAPAVMemoryPool@@XZ@4IA,0x00EEF904,pool-glue cascade static (back-solved)
?$S207@?1??getClassMemoryPool@HijackerUpdate@@CAPAVMemoryPool@@XZ@4IA,0x00EEFF94,pool-glue cascade static (back-solved)
?$S210@?1??getClassMemoryPool@SupplyCenterProductionExitUpdate@@CAPAVMemoryPool@@XZ@4IA,0x00EF0510,pool-glue cascade static (back-solved)
?$S211@?1??getClassMemoryPool@SupplyWarehouseDockUpdate@@CAPAVMemoryPool@@XZ@4IA,0x00EF04F0,pool-glue cascade static (back-solved)
?$S213@?1??getClassMemoryPool@TransportAIUpdate@@CAPAVMemoryPool@@XZ@4IA,0x00EF046C,pool-glue cascade static (back-solved)
?$S214@?1??getClassMemoryPool@WanderAIUpdate@@CAPAVMemoryPool@@XZ@4IA,0x00EF0474,pool-glue cascade static (back-solved)
?$S218@?1??getClassMemoryPool@WorkerAIUpdate@@CAPAVMemoryPool@@XZ@4IA,0x00EF0480,pool-glue cascade static (back-solved)
?$S21@?1??getClassMemoryPool@BridgeBehavior@@CAPAVMemoryPool@@XZ@4IA,0x00EEF778,pool-glue cascade static (back-solved)
?$S224@?1??getClassMemoryPool@ArmorUpgrade@@CAPAVMemoryPool@@XZ@4IA,0x00EF0518,pool-glue cascade static (back-solved)
?$S225@?1??getClassMemoryPool@CommandSetUpgrade@@CAPAVMemoryPool@@XZ@4IA,0x00EF054C,pool-glue cascade static (back-solved)
?$S228@?1??getClassMemoryPool@LocomotorSetUpgrade@@CAPAVMemoryPool@@XZ@4IA,0x00EF0584,pool-glue cascade static (back-solved)
?$S229@?1??getClassMemoryPool@ObjectCreationUpgrade@@CAPAVMemoryPool@@XZ@4IA,0x00EF059C,pool-glue cascade static (back-solved)
?$S230@?1??getClassMemoryPool@RadarUpgrade@@CAPAVMemoryPool@@XZ@4IA,0x00EF05BC,pool-glue cascade static (back-solved)
?$S233@?1??getClassMemoryPool@ModelConditionUpgrade@@CAPAVMemoryPool@@XZ@4IA,0x00EF0594,pool-glue cascade static (back-solved)
?$S234@?1??getClassMemoryPool@StatusBitsUpgrade@@CAPAVMemoryPool@@XZ@4IA,0x00EF05C4,pool-glue cascade static (back-solved)
?$S235@?1??getClassMemoryPool@SubObjectsUpgrade@@CAPAVMemoryPool@@XZ@4IA,0x00EF05D4,pool-glue cascade static (back-solved)
?$S236@?1??getClassMemoryPool@StealthUpgrade@@CAPAVMemoryPool@@XZ@4IA,0x00EF05CC,pool-glue cascade static (back-solved)
?$S237@?1??getClassMemoryPool@UnpauseSpecialPowerUpgrade@@CAPAVMemoryPool@@XZ@4IA,0x00EF05E4,pool-glue cascade static (back-solved)
?$S238@?1??getClassMemoryPool@WeaponBonusUpgrade@@CAPAVMemoryPool@@XZ@4IA,0x00EF05EC,pool-glue cascade static (back-solved)
?$S239@?1??getClassMemoryPool@WeaponSetUpgrade@@CAPAVMemoryPool@@XZ@4IA,0x00EF05F4,pool-glue cascade static (back-solved)
?$S23@?1??getClassMemoryPool@BridgeTowerBehavior@@CAPAVMemoryPool@@XZ@4IA,0x00EEF788,pool-glue cascade static (back-solved)
?$S240@?1??getClassMemoryPool@CostModifierUpgrade@@CAPAVMemoryPool@@XZ@4IA,0x00EF0554,pool-glue cascade static (back-solved)
?$S241@?1??getClassMemoryPool@ExperienceScalarUpgrade@@CAPAVMemoryPool@@XZ@4IA,0x00EF0564,pool-glue cascade static (back-solved)
?$S242@?1??getClassMemoryPool@MaxHealthUpgrade@@CAPAVMemoryPool@@XZ@4IA,0x00EF058C,pool-glue cascade static (back-solved)
?$S243@?1??getClassMemoryPool@LockWeaponCreate@@CAPAVMemoryPool@@XZ@4IA,0x00EEFB98,pool-glue cascade static (back-solved)
?$S244@?1??getClassMemoryPool@SupplyCenterCreate@@CAPAVMemoryPool@@XZ@4IA,0x00EEFBB0,pool-glue cascade static (back-solved)
?$S245@?1??getClassMemoryPool@SupplyWarehouseCreate@@CAPAVMemoryPool@@XZ@4IA,0x00EEFBB8,pool-glue cascade static (back-solved)
?$S247@?1??getClassMemoryPool@GrantUpgradeCreate@@CAPAVMemoryPool@@XZ@4IA,0x00EEFB90,pool-glue cascade static (back-solved)
?$S248@?1??getClassMemoryPool@PreorderCreate@@CAPAVMemoryPool@@XZ@4IA,0x00EEFBA0,pool-glue cascade static (back-solved)
?$S249@?1??getClassMemoryPool@SpecialPowerCreate@@CAPAVMemoryPool@@XZ@4IA,0x00EEFBA8,pool-glue cascade static (back-solved)
?$S252@?1??getClassMemoryPool@TransitionDamageFX@@CAPAVMemoryPool@@XZ@4IA,0x00EEFBF0,pool-glue cascade static (back-solved)
?$S253@?1??getClassMemoryPool@FireWeaponCollide@@CAPAVMemoryPool@@XZ@4IA,0x00EEF9CC,pool-glue cascade static (back-solved)
?$S254@?1??getClassMemoryPool@SquishCollide@@CAPAVMemoryPool@@XZ@4IA,0x00EEF9DC,pool-glue cascade static (back-solved)
?$S257@?1??getClassMemoryPool@HealCrateCollide@@CAPAVMemoryPool@@XZ@4IA,0x00EEFA0C,pool-glue cascade static (back-solved)
?$S258@?1??getClassMemoryPool@MoneyCrateCollide@@CAPAVMemoryPool@@XZ@4IA,0x00EEFA14,pool-glue cascade static (back-solved)
?$S267@?1??getClassMemoryPool@SalvageCrateCollide@@CAPAVMemoryPool@@XZ@4IA,0x00EEFA1C,pool-glue cascade static (back-solved)
?$S268@?1??getClassMemoryPool@ShroudCrateCollide@@CAPAVMemoryPool@@XZ@4IA,0x00EEFA24,pool-glue cascade static (back-solved)
?$S269@?1??getClassMemoryPool@UnitCrateCollide@@CAPAVMemoryPool@@XZ@4IA,0x00EEFA2C,pool-glue cascade static (back-solved)
?$S26@?1??getClassMemoryPool@InstantDeathBehavior@@CAPAVMemoryPool@@XZ@4IA,0x00EEF818,pool-glue cascade static (back-solved)
?$S270@?1??getClassMemoryPool@VeterancyCrateCollide@@CAPAVMemoryPool@@XZ@4IA,0x00EEFA34,pool-glue cascade static (back-solved)
?$S271@?1??getClassMemoryPool@InactiveBody@@CAPAVMemoryPool@@XZ@4IA,0x00EEF98C,pool-glue cascade static (back-solved)
?$S272@?1??getClassMemoryPool@ActiveBody@@CAPAVMemoryPool@@XZ@4IA,0x00EEF92C,pool-glue cascade static (back-solved)
?$S273@?1??getClassMemoryPool@HighlanderBody@@CAPAVMemoryPool@@XZ@4IA,0x00EEF97C,pool-glue cascade static (back-solved)
?$S274@?1??getClassMemoryPool@ImmortalBody@@CAPAVMemoryPool@@XZ@4IA,0x00EEF984,pool-glue cascade static (back-solved)
?$S275@?1??getClassMemoryPool@StructureBody@@CAPAVMemoryPool@@XZ@4IA,0x00EEF9B4,pool-glue cascade static (back-solved)
?$S278@?1??getClassMemoryPool@CashHackSpecialPower@@CAPAVMemoryPool@@XZ@4IA,0x00EEFC58,pool-glue cascade static (back-solved)
?$S279@?1??getClassMemoryPool@DefectorSpecialPower@@CAPAVMemoryPool@@XZ@4IA,0x00EEFC78,pool-glue cascade static (back-solved)
?$S280@?1??getClassMemoryPool@OCLSpecialPower@@CAPAVMemoryPool@@XZ@4IA,0x00EEFCE8,pool-glue cascade static (back-solved)
?$S281@?1??getClassMemoryPool@SpecialAbility@@CAPAVMemoryPool@@XZ@4IA,0x00EF0054,pool-glue cascade static (back-solved)
?$S286@?1??getClassMemoryPool@AnimatedParticleSysBoneClientUpdate@@CAPAVMemoryPool@@XZ@4IA,0x00EF701C,pool-glue cascade static (back-solved)
?$S30@?1??getClassMemoryPool@OpenContain@@CAPAVMemoryPool@@XZ@4IA,0x00EEFA64,pool-glue cascade static (back-solved)
?$S31@?1??getClassMemoryPool@CaveContain@@CAPAVMemoryPool@@XZ@4IA,0x00EEFA3C,pool-glue cascade static (back-solved)
?$S33@?1??getClassMemoryPool@HealContain@@CAPAVMemoryPool@@XZ@4IA,0x00EEFA5C,pool-glue cascade static (back-solved)
?$S34@?1??getClassMemoryPool@GarrisonContain@@CAPAVMemoryPool@@XZ@4IA,0x00EEFA54,pool-glue cascade static (back-solved)
?$S35@?1??getClassMemoryPool@TransportContain@@CAPAVMemoryPool@@XZ@4IA,0x00EEFAA8,pool-glue cascade static (back-solved)
?$S40@?1??getClassMemoryPool@TunnelContain@@CAPAVMemoryPool@@XZ@4IA,0x00EEFAB0,pool-glue cascade static (back-solved)
?$S46@?1??getClassMemoryPool@PropagandaTowerBehavior@@CAPAVMemoryPool@@XZ@4IA,0x00EEF838,pool-glue cascade static (back-solved)
?$S51@?1??getClassMemoryPool@FireWeaponWhenDamagedBehavior@@CAPAVMemoryPool@@XZ@4IA,0x00EEF7C8,pool-glue cascade static (back-solved)
?$S52@?1??getClassMemoryPool@FireWeaponWhenDeadBehavior@@CAPAVMemoryPool@@XZ@4IA,0x00EEF7D0,pool-glue cascade static (back-solved)
??$_Construct@U?$pair@UICoord2D@@UCoord3D@@@_STL@@U12@@_STL@@YAXPAU?$pair@UICoord2D@@UCoord3D@@@0@ABU10@@Z,0x0001BE23,pinharvest x1 (thunk)
??$_Construct@U?$pair@UICoord2D@@UCoord3D@@@_STL@@U12@@_STL@@YAXPAU?$pair@UICoord2D@@UCoord3D@@@0@ABU10@@Z,0x0002A400,pinharvest x1 (thunk)
??$_Construct@U?$pair@UICoord2D@@UCoord3D@@@_STL@@U12@@_STL@@YAXPAU?$pair@UICoord2D@@UCoord3D@@@0@ABU10@@Z,0x0002DE52,pinharvest x1 (thunk)
??$_Construct@U?$pair@UICoord2D@@UCoord3D@@@_STL@@U12@@_STL@@YAXPAU?$pair@UICoord2D@@UCoord3D@@@0@ABU10@@Z,0x00036C2D,pinharvest x1 (thunk)
??$_Construct@U?$pair@UICoord2D@@UCoord3D@@@_STL@@U12@@_STL@@YAXPAU?$pair@UICoord2D@@UCoord3D@@@0@ABU10@@Z,0x00037574,pinharvest x1 (thunk)
??$_Construct@U?$pair@UICoord2D@@UCoord3D@@@_STL@@U12@@_STL@@YAXPAU?$pair@UICoord2D@@UCoord3D@@@0@ABU10@@Z,0x0003D843,pinharvest x1 (thunk)
??$_Construct@U?$pair@W4ObjectID@@I@_STL@@U12@@_STL@@YAXPAU?$pair@W4ObjectID@@I@0@ABU10@@Z,0x00039F18,retail REL32 pin for ScriptActions ObjectID pair vector push_back
??$_Construct@U?$pair@W4ObjectID@@W41@@_STL@@U12@@_STL@@YAXPAU?$pair@W4ObjectID@@W41@@0@ABU10@@Z,0x0001FA1E,rel32 pin for exact-ambiguous landing
??$_Construct@UAnimSet@GenericObjectCreationNugget@@U12@@_STL@@YAXPAUAnimSet@GenericObjectCreationNugget@@ABU12@@Z,0x0000DDAF,resweep callee back-solved
??$_Construct@UEvaSideSounds@@U1@@_STL@@YAXPAUEvaSideSounds@@ABU1@@Z,0x0000E3BD,pinharvest x1 (thunk)
??$_Construct@UEvaSideSounds@@U1@@_STL@@YAXPAUEvaSideSounds@@ABU1@@Z,0x00012BED,pinharvest x1 (thunk)
??$_Construct@UEvaSideSounds@@U1@@_STL@@YAXPAUEvaSideSounds@@ABU1@@Z,0x0001476D,pinharvest x1 (thunk)
??$_Construct@UEvaSideSounds@@U1@@_STL@@YAXPAUEvaSideSounds@@ABU1@@Z,0x0001B275,pinharvest x1 (thunk)
??$_Construct@UEvaSideSounds@@U1@@_STL@@YAXPAUEvaSideSounds@@ABU1@@Z,0x000350A3,pinharvest x1 (thunk)
??$_Construct@UEvaSideSounds@@U1@@_STL@@YAXPAUEvaSideSounds@@ABU1@@Z,0x0004ACFA,pinharvest x1 (thunk)
??$_Construct@UHideShowSubObjInfo@ModelConditionInfo@@U12@@_STL@@YAXPAUHideShowSubObjInfo@ModelConditionInfo@@ABU12@@Z,0x0004A818,rel32 pin for exact-ambiguous landing
??$_Construct@UNugget@ModuleInfo@@U12@@_STL@@YAXPAUNugget@ModuleInfo@@ABU12@@Z,0x00006FD2,resweep callee back-solved
??$_Construct@UParticleSysBoneInfo@@U1@@_STL@@YAXPAUParticleSysBoneInfo@@ABU1@@Z,0x00039F18,retail REL32 pin for W3DModelDraw particle-system-bone vector push_back
??$_Construct@UPayload@DeliverPayloadNugget@@U12@@_STL@@YAXPAUPayload@DeliverPayloadNugget@@ABU12@@Z,0x00039F18,resweep callee back-solved
??$_Construct@UPrereqUnitRec@ProductionPrerequisite@@U12@@_STL@@YAXPAUPrereqUnitRec@ProductionPrerequisite@@ABU12@@Z,0x00028957,rel32 pin for exact-ambiguous landing
??$_Construct@UVideo@@U1@@_STL@@YAXPAUVideo@@ABU1@@Z,0x00030549,rel32 pin for exact-ambiguous landing
??$_Construct@UWeaponBarrelInfo@ModelConditionInfo@@U12@@_STL@@YAXPAUWeaponBarrelInfo@ModelConditionInfo@@ABU12@@Z,0x0003B7E6,ILT thunk used by call site
??$_Construct@VAsciiString@@V1@@_STL@@YAXPAVAsciiString@@ABV1@@Z,0x0004725D,resweep callee back-solved
??$_Construct@VGameResultsResponse@@V1@@_STL@@YAXPAVGameResultsResponse@@ABV1@@Z,0x0000DCE7
??$_Construct@VPingRequest@@V1@@_STL@@YAXPAVPingRequest@@ABV1@@Z,0x00049828
??$_Construct@VPingResponse@@V1@@_STL@@YAXPAVPingResponse@@ABV1@@Z,0x0003C9E8
??$_Construct@VProductionPrerequisite@@V1@@_STL@@YAXPAVProductionPrerequisite@@ABV1@@Z,0x0003AA26,resweep callee back-solved
??$_Construct@VW3DAnimationInfo@@V1@@_STL@@YAXPAVW3DAnimationInfo@@ABV1@@Z,0x00033AAA,ILT thunk used by call site
??$_Destroy@PAUHideShowSubObjInfo@ModelConditionInfo@@@_STL@@YAXPAUHideShowSubObjInfo@ModelConditionInfo@@0@Z,0x000413AD,ILT thunk used by call site
??$_Destroy@PAUNugget@ModuleInfo@@@_STL@@YAXPAUNugget@ModuleInfo@@0@Z,0x0004883D,resweep callee back-solved
??$_Destroy@PAUParticleSysBoneInfo@@@_STL@@YAXPAUParticleSysBoneInfo@@0@Z,0x0001C19D,pinharvest x1 (thunk)
??$_Destroy@PAUParticleSysBoneInfo@@@_STL@@YAXPAUParticleSysBoneInfo@@0@Z,0x0003C38A,pinharvest x1 (thunk)
??$_Destroy@PAUParticleSysBoneInfo@@@_STL@@YAXPAUParticleSysBoneInfo@@0@Z,0x000413AD,pinharvest x1 (thunk)
??$_Destroy@PAUPrereqUnitRec@ProductionPrerequisite@@@_STL@@YAXPAUPrereqUnitRec@ProductionPrerequisite@@0@Z,0x0000CBE4,resweep callee back-solved
??$_Destroy@PAVProductionPrerequisite@@@_STL@@YAXPAVProductionPrerequisite@@0@Z,0x00011D47
??$_Destroy@PAVW3DAnimationInfo@@@_STL@@YAXPAVW3DAnimationInfo@@0@Z,0x00001663,ILT thunk used by call site
??$_M_allocate_and_copy@PBQAVObject@@@?$vector@PAVObject@@V?$allocator@PAVObject@@@_STL@@@_STL@@IAEPAPAVObject@@IPBQAV2@0@Z,0x0004547B,ILT thunk -> 0x4a0140 (vector<Object*>::operator= callee)
??$_M_allocate_and_copy@PBUHideShowSubObjInfo@ModelConditionInfo@@@?$vector@UHideShowSubObjInfo@ModelConditionInfo@@V?$allocator@UHideShowSubObjInfo@ModelConditionInfo@@@_STL@@@_STL@@IAEPAUHideShowSubObjInfo@ModelConditionInfo@@IPBU23@0@Z,0x00030D69,ILT thunk used by call site
??$_M_allocate_and_copy@PBUICoord2D@@@?$vector@UICoord2D@@V?$allocator@UICoord2D@@@_STL@@@_STL@@IAEPAUICoord2D@@IPBU2@0@Z,0x009F5370,decoded from vector assign call site
??$_M_allocate_and_copy@PBUNugget@ModuleInfo@@@?$vector@UNugget@ModuleInfo@@V?$allocator@UNugget@ModuleInfo@@@_STL@@@_STL@@IAEPAUNugget@ModuleInfo@@IPBU23@0@Z,0x000313AE,resweep callee back-solved
??$_M_allocate_and_copy@PBUParticleSysBoneInfo@@@?$vector@UParticleSysBoneInfo@@V?$allocator@UParticleSysBoneInfo@@@_STL@@@_STL@@IAEPAUParticleSysBoneInfo@@IPBU2@0@Z,0x000286AA,pinharvest x1 (thunk)
??$_M_allocate_and_copy@PBUParticleSysBoneInfo@@@?$vector@UParticleSysBoneInfo@@V?$allocator@UParticleSysBoneInfo@@@_STL@@@_STL@@IAEPAUParticleSysBoneInfo@@IPBU2@0@Z,0x00030D69,pinharvest x1 (thunk)
??$_M_allocate_and_copy@PBUParticleSysBoneInfo@@@?$vector@UParticleSysBoneInfo@@V?$allocator@UParticleSysBoneInfo@@@_STL@@@_STL@@IAEPAUParticleSysBoneInfo@@IPBU2@0@Z,0x00033FB9,pinharvest x1 (thunk)
??$_M_allocate_and_copy@PBUPrereqUnitRec@ProductionPrerequisite@@@?$vector@UPrereqUnitRec@ProductionPrerequisite@@V?$allocator@UPrereqUnitRec@ProductionPrerequisite@@@_STL@@@_STL@@IAEPAUPrereqUnitRec@ProductionPrerequisite@@IPBU23@0@Z,0x00014470,resweep callee back-solved
??$_M_allocate_and_copy@PBVProductionPrerequisite@@@?$vector@VProductionPrerequisite@@V?$allocator@VProductionPrerequisite@@@_STL@@@_STL@@IAEPAVProductionPrerequisite@@IPBV2@0@Z,0x00014961
??$_M_allocate_and_copy@PBVW3DAnimationInfo@@@?$vector@VW3DAnimationInfo@@V?$allocator@VW3DAnimationInfo@@@_STL@@@_STL@@IAEPAVW3DAnimationInfo@@IPBV2@0@Z,0x0003D3C5,ILT thunk used by call site
??$_M_find@G@?$_Rb_tree@GU?$pair@$$CBGE@_STL@@U?$_Select1st@U?$pair@$$CBGE@_STL@@@2@U?$less@G@2@V?$allocator@U?$pair@$$CBGE@_STL@@@2@@_STL@@ABEPAU?$_Rb_tree_node@U?$pair@$$CBGE@_STL@@@1@ABG@Z,0x00003071
??$_M_find@U?$pair@W4NameKeyType@@W41@@_STL@@@?$_Rb_tree@U?$pair@W4NameKeyType@@W41@@_STL@@U?$pair@$$CBU?$pair@W4NameKeyType@@W41@@_STL@@PAVTeamPrototype@@@2@U?$_Select1st@U?$pair@$$CBU?$pair@W4NameKeyType@@W41@@_STL@@PAVTeamPrototype@@@_STL@@@2@U?$less@U?$pair@W4NameKeyType@@W41@@_STL@@@2@V?$allocator@U?$pair@$$CBU?$pair@W4NameKeyType@@W41@@_STL@@PAVTeamPrototype@@@_STL@@@2@@_STL@@ABEPAU?$_Rb_tree_node@U?$pair@$$CBU?$pair@W4NameKeyType@@W41@@_STL@@PAVTeamPrototype@@@_STL@@@1@ABU?$pair@W4NameKeyType@@W41@@1@@Z,0x000EE500,removeTeamPrototypeFromList pair-key find body
??$_M_find@V?$BitFlags@$0BB@@@@?$_Rb_tree@$$CBV?$BitFlags@$0BB@@@U?$pair@$$CBV?$BitFlags@$0BB@@@PBVWeaponTemplateSet@@@_STL@@U?$_Select1st@U?$pair@$$CBV?$BitFlags@$0BB@@@PBVWeaponTemplateSet@@@_STL@@@3@UMapHelper@?$SparseMatchFinder@VWeaponTemplateSet@@V?$BitFlags@$0BB@@@@@V?$allocator@U?$pair@$$CBV?$BitFlags@$0BB@@@PBVWeaponTemplateSet@@@_STL@@@3@@_STL@@ABEPAU?$_Rb_tree_node@U?$pair@$$CBV?$BitFlags@$0BB@@@PBVWeaponTemplateSet@@@_STL@@@1@ABV?$BitFlags@$0BB@@@@Z,0x00042D1B,resweep callee back-solved
??$_M_find@V?$BitFlags@$0L@@@@?$_Rb_tree@$$CBV?$BitFlags@$0L@@@U?$pair@$$CBV?$BitFlags@$0L@@@PBVArmorTemplateSet@@@_STL@@U?$_Select1st@U?$pair@$$CBV?$BitFlags@$0L@@@PBVArmorTemplateSet@@@_STL@@@3@UMapHelper@?$SparseMatchFinder@VArmorTemplateSet@@V?$BitFlags@$0L@@@@@V?$allocator@U?$pair@$$CBV?$BitFlags@$0L@@@PBVArmorTemplateSet@@@_STL@@@3@@_STL@@ABEPAU?$_Rb_tree_node@U?$pair@$$CBV?$BitFlags@$0L@@@PBVArmorTemplateSet@@@_STL@@@1@ABV?$BitFlags@$0L@@@@Z,0x0000AE20,pinharvest x1 (thunk)
??$_M_find@V?$BitFlags@$0L@@@@?$_Rb_tree@$$CBV?$BitFlags@$0L@@@U?$pair@$$CBV?$BitFlags@$0L@@@PBVArmorTemplateSet@@@_STL@@U?$_Select1st@U?$pair@$$CBV?$BitFlags@$0L@@@PBVArmorTemplateSet@@@_STL@@@3@UMapHelper@?$SparseMatchFinder@VArmorTemplateSet@@V?$BitFlags@$0L@@@@@V?$allocator@U?$pair@$$CBV?$BitFlags@$0L@@@PBVArmorTemplateSet@@@_STL@@@3@@_STL@@ABEPAU?$_Rb_tree_node@U?$pair@$$CBV?$BitFlags@$0L@@@PBVArmorTemplateSet@@@_STL@@@1@ABV?$BitFlags@$0L@@@@Z,0x00042D1B,pinharvest x1 (thunk)
??$_M_find@VAsciiString@@@?$_Rb_tree@VAsciiString@@U?$pair@$$CBVAsciiString@@PAVArchiveFile@@@_STL@@U?$_Select1st@U?$pair@$$CBVAsciiString@@PAVArchiveFile@@@_STL@@@3@U?$less@VAsciiString@@@3@V?$allocator@U?$pair@$$CBVAsciiString@@PAVArchiveFile@@@_STL@@@3@@_STL@@ABEPAU?$_Rb_tree_node@U?$pair@$$CBVAsciiString@@PAVArchiveFile@@@_STL@@@1@ABVAsciiString@@@Z,0x009C9B70,the m_archiveFileMap.find in ArchiveFileSystem::getFileInfo at 0x009CA831; REL32 so a wrong address fails rather than masks
??$_M_find@VAsciiString@@@?$_Rb_tree@VAsciiString@@U?$pair@$$CBVAsciiString@@UCoord3D@@@_STL@@U?$_Select1st@U?$pair@$$CBVAsciiString@@UCoord3D@@@_STL@@@3@U?$less@VAsciiString@@@3@V?$allocator@U?$pair@$$CBVAsciiString@@UCoord3D@@@_STL@@@3@@_STL@@ABEPAU?$_Rb_tree_node@U?$pair@$$CBVAsciiString@@UCoord3D@@@_STL@@@1@ABVAsciiString@@@Z,0x00010AAF
??$_M_find@VAsciiString@@@?$_Rb_tree@VAsciiString@@U?$pair@$$CBVAsciiString@@V1@@_STL@@U?$_Select1st@U?$pair@$$CBVAsciiString@@V1@@_STL@@@3@U?$less@VAsciiString@@@3@V?$allocator@U?$pair@$$CBVAsciiString@@V1@@_STL@@@3@@_STL@@ABEPAU?$_Rb_tree_node@U?$pair@$$CBVAsciiString@@V1@@_STL@@@1@ABVAsciiString@@@Z,0x0000AEAC,getDateForEmail map find thunk (ILT->0x80600)
??$_M_find@VAsciiString@@@?$_Rb_tree@VAsciiString@@U?$pair@$$CBVAsciiString@@VArchivedDirectoryInfo@@@_STL@@U?$_Select1st@U?$pair@$$CBVAsciiString@@VArchivedDirectoryInfo@@@_STL@@@3@U?$less@VAsciiString@@@3@V?$allocator@U?$pair@$$CBVAsciiString@@VArchivedDirectoryInfo@@@_STL@@@3@@_STL@@ABEPAU?$_Rb_tree_node@U?$pair@$$CBVAsciiString@@VArchivedDirectoryInfo@@@_STL@@@1@ABVAsciiString@@@Z,0x009C9AA0,directory-tree lookup ArchiveFileSystem::doesFileExist calls at 0x009CA1D8
??$_M_find@VAsciiString@@@?$hashtable@U?$pair@$$CBVAsciiString@@PAVParticleSystemTemplate@@@_STL@@VAsciiString@@U?$hash@VAsciiString@@@rts@@U?$_Select1st@U?$pair@$$CBVAsciiString@@PAVParticleSystemTemplate@@@_STL@@@2@U?$equal_to@VAsciiString@@@5@V?$allocator@U?$pair@$$CBVAsciiString@@PAVParticleSystemTemplate@@@_STL@@@2@@_STL@@ABEPAU?$_Hashtable_node@U?$pair@$$CBVAsciiString@@PAVParticleSystemTemplate@@@_STL@@@1@ABVAsciiString@@@Z,0x0000F727
??$_M_find@VAsciiString@@@?$hashtable@U?$pair@$$CBVAsciiString@@W4BuildableStatus@@@_STL@@VAsciiString@@U?$hash@VAsciiString@@@rts@@U?$_Select1st@U?$pair@$$CBVAsciiString@@W4BuildableStatus@@@_STL@@@2@U?$equal_to@VAsciiString@@@5@V?$allocator@U?$pair@$$CBVAsciiString@@W4BuildableStatus@@@_STL@@@2@@_STL@@ABEPAU?$_Hashtable_node@U?$pair@$$CBVAsciiString@@W4BuildableStatus@@@_STL@@@1@ABVAsciiString@@@Z,0x00018C73,GameLogic::findBuildableStatusOverride retail REL32 target
??$_M_insert_dispatch@U?$_List_iterator@PAVDrawable@@U?$_Const_traits@PAVDrawable@@@_STL@@@_STL@@@?$list@PAVDrawable@@V?$allocator@PAVDrawable@@@_STL@@@_STL@@QAEXU?$_List_iterator@PAVDrawable@@U?$_Nonconst_traits@PAVDrawable@@@_STL@@@1@U?$_List_iterator@PAVDrawable@@U?$_Const_traits@PAVDrawable@@@_STL@@@1@1ABU__false_type@1@@Z,0x00004FFC,ILT thunk -> 0x1c53b0 (BFME list<Drawable*> insert callee)
??$_M_insert_dispatch@U?$_List_iterator@PAVGameWindow@@U?$_Const_traits@PAVGameWindow@@@_STL@@@_STL@@@?$list@PAVGameWindow@@V?$allocator@PAVGameWindow@@@_STL@@@_STL@@QAEXU?$_List_iterator@PAVGameWindow@@U?$_Nonconst_traits@PAVGameWindow@@@_STL@@@1@U?$_List_iterator@PAVGameWindow@@U?$_Const_traits@PAVGameWindow@@@_STL@@@1@1ABU__false_type@1@@Z,0x0003F68E,ILT thunk for list<GameWindow*>::_M_insert_dispatch
??$_M_insert_dispatch@U?$_List_iterator@PAVGameWindow@@U?$_Const_traits@PAVGameWindow@@@_STL@@@_STL@@@?$list@PAVGameWindow@@V?$allocator@PAVGameWindow@@@_STL@@@_STL@@QAEXU?$_List_iterator@PAVGameWindow@@U?$_Nonconst_traits@PAVGameWindow@@@_STL@@@1@U?$_List_iterator@PAVGameWindow@@U?$_Const_traits@PAVGameWindow@@@_STL@@@1@1ABU__false_type@1@@Z,0x00483620,body
??$_M_insert_dispatch@U?$_List_iterator@PAVParticleSystem@@U?$_Const_traits@PAVParticleSystem@@@_STL@@@_STL@@@?$list@PAVParticleSystem@@V?$allocator@PAVParticleSystem@@@_STL@@@_STL@@QAEXU?$_List_iterator@PAVParticleSystem@@U?$_Nonconst_traits@PAVParticleSystem@@@_STL@@@1@U?$_List_iterator@PAVParticleSystem@@U?$_Const_traits@PAVParticleSystem@@@_STL@@@1@1ABU__false_type@1@@Z,0x0000A7D1,retail list insert-dispatch body shared by pointer-list copy constructors
??$_M_insert_dispatch@U?$_List_iterator@PAVSuperweaponInfo@@U?$_Const_traits@PAVSuperweaponInfo@@@_STL@@@_STL@@@?$list@PAVSuperweaponInfo@@V?$allocator@PAVSuperweaponInfo@@@_STL@@@_STL@@QAEXU?$_List_iterator@PAVSuperweaponInfo@@U?$_Nonconst_traits@PAVSuperweaponInfo@@@_STL@@@1@U?$_List_iterator@PAVSuperweaponInfo@@U?$_Const_traits@PAVSuperweaponInfo@@@_STL@@@1@1ABU__false_type@1@@Z,0x0000A7D1,retail list insert-dispatch body shared by pointer-list copy constructors
??$_M_insert_dispatch@U?$_List_iterator@UCoord3D@@U?$_Const_traits@UCoord3D@@@_STL@@@_STL@@@?$list@UCoord3D@@V?$allocator@UCoord3D@@@_STL@@@_STL@@QAEXU?$_List_iterator@UCoord3D@@U?$_Nonconst_traits@UCoord3D@@@_STL@@@1@U?$_List_iterator@UCoord3D@@U?$_Const_traits@UCoord3D@@@_STL@@@1@1ABU__false_type@1@@Z,0x00011E87
??$_M_insert_dispatch@U?$_List_iterator@VAsciiString@@U?$_Const_traits@VAsciiString@@@_STL@@@_STL@@@?$list@VAsciiString@@V?$allocator@VAsciiString@@@_STL@@@_STL@@QAEXU?$_List_iterator@VAsciiString@@U?$_Nonconst_traits@VAsciiString@@@_STL@@@1@U?$_List_iterator@VAsciiString@@U?$_Const_traits@VAsciiString@@@_STL@@@1@1ABU__false_type@1@@Z,0x00009F61,STLport internal callee harvested from retail rel32; resolves repointed STL template thunk-dump
??$_M_range_initialize@PBD@?$basic_string@DV?$char_traits@D@_STL@@V?$allocator@D@2@@_STL@@AAEXPBD0ABUforward_iterator_tag@1@@Z,0x0002A531
??$_S_sort@V?$basic_string@DV?$char_traits@D@_STL@@V?$allocator@D@2@@_STL@@V?$allocator@V?$basic_string@DV?$char_traits@D@_STL@@V?$allocator@D@2@@_STL@@@2@U?$less@V?$basic_string@DV?$char_traits@D@_STL@@V?$allocator@D@2@@_STL@@@2@@_STL@@YAXAAV?$list@V?$basic_string@DV?$char_traits@D@_STL@@V?$allocator@D@2@@_STL@@V?$allocator@V?$basic_string@DV?$char_traits@D@_STL@@V?$allocator@D@2@@_STL@@@2@@0@U?$less@V?$basic_string@DV?$char_traits@D@_STL@@V?$allocator@D@2@@_STL@@@0@@Z,0x0000F8B7,derived-ICF
??$_S_unique@V?$basic_string@DV?$char_traits@D@_STL@@V?$allocator@D@2@@_STL@@V?$allocator@V?$basic_string@DV?$char_traits@D@_STL@@V?$allocator@D@2@@_STL@@@2@U?$equal_to@V?$basic_string@DV?$char_traits@D@_STL@@V?$allocator@D@2@@_STL@@@2@@_STL@@YAXAAV?$list@V?$basic_string@DV?$char_traits@D@_STL@@V?$allocator@D@2@@_STL@@V?$allocator@V?$basic_string@DV?$char_traits@D@_STL@@V?$allocator@D@2@@_STL@@@2@@0@U?$equal_to@V?$basic_string@DV?$char_traits@D@_STL@@V?$allocator@D@2@@_STL@@@0@@Z,0x0000F8B7,ILT thunk; real body 0x77F960
??$__copy@PAUFXBoneInfo@@PAU1@H@_STL@@YAPAUFXBoneInfo@@PAU1@00ABUrandom_access_iterator_tag@0@PAH@Z,0x00003378,resweep callee back-solved
??$__copy@PAUHideShowSubObjInfo@ModelConditionInfo@@PAU12@H@_STL@@YAPAUHideShowSubObjInfo@ModelConditionInfo@@PAU12@00ABUrandom_access_iterator_tag@0@PAH@Z,0x00018674,rel32 pin for exact-ambiguous landing
??$__copy@PAUHorzLine@@PAU1@H@_STL@@YAPAUHorzLine@@PAU1@00ABUrandom_access_iterator_tag@0@PAH@Z,0x0001B91E
??$__copy@PAUNugget@ModuleInfo@@PAU12@H@_STL@@YAPAUNugget@ModuleInfo@@PAU12@00ABUrandom_access_iterator_tag@0@PAH@Z,0x00006F37,site-decoded x1 (thunk)
??$__copy@PAUNugget@ModuleInfo@@PAU12@H@_STL@@YAPAUNugget@ModuleInfo@@PAU12@00ABUrandom_access_iterator_tag@0@PAH@Z,0x0000EE03,site-decoded x1 (thunk)
??$__copy@PAUNugget@ModuleInfo@@PAU12@H@_STL@@YAPAUNugget@ModuleInfo@@PAU12@00ABUrandom_access_iterator_tag@0@PAH@Z,0x0001F735,resweep callee back-solved
??$__copy@PAUParticleSysBoneInfo@@PAU1@H@_STL@@YAPAUParticleSysBoneInfo@@PAU1@00ABUrandom_access_iterator_tag@0@PAH@Z,0x00003378,pinharvest x1 (thunk)
??$__copy@PAUParticleSysBoneInfo@@PAU1@H@_STL@@YAPAUParticleSysBoneInfo@@PAU1@00ABUrandom_access_iterator_tag@0@PAH@Z,0x000097CD,pinharvest x1 (thunk)
??$__copy@PAUParticleSysBoneInfo@@PAU1@H@_STL@@YAPAUParticleSysBoneInfo@@PAU1@00ABUrandom_access_iterator_tag@0@PAH@Z,0x00018674,pinharvest x1 (thunk)
??$__copy@PAUParticleSysBoneInfo@@PAU1@H@_STL@@YAPAUParticleSysBoneInfo@@PAU1@00ABUrandom_access_iterator_tag@0@PAH@Z,0x00021DEB,pinharvest x1 (thunk)
??$__copy@PAUParticleSysBoneInfo@@PAU1@H@_STL@@YAPAUParticleSysBoneInfo@@PAU1@00ABUrandom_access_iterator_tag@0@PAH@Z,0x0002C49E,pinharvest x1 (thunk)
??$__copy@PAUParticleSysBoneInfo@@PAU1@H@_STL@@YAPAUParticleSysBoneInfo@@PAU1@00ABUrandom_access_iterator_tag@0@PAH@Z,0x00032ED4,pinharvest x1 (thunk)
??$__copy@PAUPayload@DeliverPayloadNugget@@PAU12@H@_STL@@YAPAUPayload@DeliverPayloadNugget@@PAU12@00ABUrandom_access_iterator_tag@0@PAH@Z,0x000097CD,rel32 pin for exact-ambiguous landing
??$__copy@PAUPrereqUnitRec@ProductionPrerequisite@@PAU12@H@_STL@@YAPAUPrereqUnitRec@ProductionPrerequisite@@PAU12@00ABUrandom_access_iterator_tag@0@PAH@Z,0x00027598,retail target of vector<PrereqUnitRec>::erase call to __copy over pointer-to-PrereqUnitRec
??$__copy@PAUQuantityModifier@@PAU1@H@_STL@@YAPAUQuantityModifier@@PAU1@00ABUrandom_access_iterator_tag@0@PAH@Z,0x00003378,pinharvest x1 (thunk)
??$__copy@PAUQuantityModifier@@PAU1@H@_STL@@YAPAUQuantityModifier@@PAU1@00ABUrandom_access_iterator_tag@0@PAH@Z,0x000097CD,pinharvest x1 (thunk)
??$__copy@PAUQuantityModifier@@PAU1@H@_STL@@YAPAUQuantityModifier@@PAU1@00ABUrandom_access_iterator_tag@0@PAH@Z,0x00018674,pinharvest x1 (thunk)
??$__copy@PAUQuantityModifier@@PAU1@H@_STL@@YAPAUQuantityModifier@@PAU1@00ABUrandom_access_iterator_tag@0@PAH@Z,0x00021DEB,pinharvest x1 (thunk)
??$__copy@PAUQuantityModifier@@PAU1@H@_STL@@YAPAUQuantityModifier@@PAU1@00ABUrandom_access_iterator_tag@0@PAH@Z,0x0002C49E,pinharvest x1 (thunk)
??$__copy@PAUQuantityModifier@@PAU1@H@_STL@@YAPAUQuantityModifier@@PAU1@00ABUrandom_access_iterator_tag@0@PAH@Z,0x00032ED4,pinharvest x1 (thunk)
??$__copy@PAUVideo@@PAU1@H@_STL@@YAPAUVideo@@PAU1@00ABUrandom_access_iterator_tag@0@PAH@Z,0x000112FC
??$__copy@PAV?$vector@UICoord2D@@V?$allocator@UICoord2D@@@_STL@@@_STL@@PAV12@H@_STL@@YAPAV?$vector@UICoord2D@@V?$allocator@UICoord2D@@@_STL@@@0@PAV10@00ABUrandom_access_iterator_tag@0@PAH@Z,0x000112FC,resweep callee back-solved
??$__copy@PAVAsciiString@@PAV1@H@_STL@@YAPAVAsciiString@@PAV1@00ABUrandom_access_iterator_tag@0@PAH@Z,0x00042EA6
??$__copy@PAVProductionPrerequisite@@PAV1@H@_STL@@YAPAVProductionPrerequisite@@PAV1@00ABUrandom_access_iterator_tag@0@PAH@Z,0x000181A1,resweep callee back-solved
??$__copy@PAVW3DAnimationInfo@@PAV1@H@_STL@@YAPAVW3DAnimationInfo@@PAV1@00ABUrandom_access_iterator_tag@0@PAH@Z,0x00024023,ILT thunk used by call site
??$__copy@PBUHideShowSubObjInfo@ModelConditionInfo@@PAU12@H@_STL@@YAPAUHideShowSubObjInfo@ModelConditionInfo@@PBU12@0PAU12@ABUrandom_access_iterator_tag@0@PAH@Z,0x0003DB1D,ILT thunk used by call site
??$__copy@PBUNugget@ModuleInfo@@PAU12@H@_STL@@YAPAUNugget@ModuleInfo@@PBU12@0PAU12@ABUrandom_access_iterator_tag@0@PAH@Z,0x0003B688,resweep callee back-solved
??$__copy@PBUParticleSysBoneInfo@@PAU1@H@_STL@@YAPAUParticleSysBoneInfo@@PBU1@0PAU1@ABUrandom_access_iterator_tag@0@PAH@Z,0x00030F26,hit-decoded x2 (thunk)
??$__copy@PBUParticleSysBoneInfo@@PAU1@H@_STL@@YAPAUParticleSysBoneInfo@@PBU1@0PAU1@ABUrandom_access_iterator_tag@0@PAH@Z,0x00039577,hit-decoded x2 (thunk)
??$__copy@PBUParticleSysBoneInfo@@PAU1@H@_STL@@YAPAUParticleSysBoneInfo@@PBU1@0PAU1@ABUrandom_access_iterator_tag@0@PAH@Z,0x0003DB1D,hit-decoded x2 (thunk)
??$__copy@PBUPrereqUnitRec@ProductionPrerequisite@@PAU12@H@_STL@@YAPAUPrereqUnitRec@ProductionPrerequisite@@PBU12@0PAU12@ABUrandom_access_iterator_tag@0@PAH@Z,0x00008391,resweep callee back-solved
??$__copy@PBVProductionPrerequisite@@PAV1@H@_STL@@YAPAVProductionPrerequisite@@PBV1@0PAV1@ABUrandom_access_iterator_tag@0@PAH@Z,0x000078E7
??$__copy@PBVW3DAnimationInfo@@PAV1@H@_STL@@YAPAVW3DAnimationInfo@@PBV1@0PAV1@ABUrandom_access_iterator_tag@0@PAH@Z,0x000417EF,ILT thunk used by call site
??$__copy@U?$_Bit_iter@U_Bit_reference@_STL@@PAU12@@_STL@@U12@H@_STL@@YA?AU?$_Bit_iter@U_Bit_reference@_STL@@PAU12@@0@U10@00ABUrandom_access_iterator_tag@0@PAH@Z,0x0000F682
??$__copy@U?$_Bit_iter@_NPB_N@_STL@@U?$_Bit_iter@U_Bit_reference@_STL@@PAU12@@2@H@_STL@@YA?AU?$_Bit_iter@U_Bit_reference@_STL@@PAU12@@0@U?$_Bit_iter@_NPB_N@0@0U10@ABUrandom_access_iterator_tag@0@PAH@Z,0x00042A9B
??$__destroy_aux@PAVAsciiString@@@_STL@@YAXPAVAsciiString@@0ABU__false_type@0@@Z,0x00014AA1
??$__find@U?$_List_iterator@VAsciiString@@U?$_Const_traits@VAsciiString@@@_STL@@@_STL@@VAsciiString@@@_STL@@YA?AU?$_List_iterator@VAsciiString@@U?$_Const_traits@VAsciiString@@@_STL@@@0@U10@0ABVAsciiString@@ABUinput_iterator_tag@0@@Z,0x0004093A,derived-ICF
??$__find@U?$_List_iterator@VAsciiString@@U?$_Nonconst_traits@VAsciiString@@@_STL@@@_STL@@VAsciiString@@@_STL@@YA?AU?$_List_iterator@VAsciiString@@U?$_Nonconst_traits@VAsciiString@@@_STL@@@0@U10@0ABVAsciiString@@ABUinput_iterator_tag@0@@Z,0x00027BAB,pinharvest x1 (thunk)
??$__find@U?$_List_iterator@VAsciiString@@U?$_Nonconst_traits@VAsciiString@@@_STL@@@_STL@@VAsciiString@@@_STL@@YA?AU?$_List_iterator@VAsciiString@@U?$_Nonconst_traits@VAsciiString@@@_STL@@@0@U10@0ABVAsciiString@@ABUinput_iterator_tag@0@@Z,0x0002D66E,pinharvest x1 (thunk)
??$__find@U?$_Rb_tree_iterator@HU?$_Const_traits@H@_STL@@@_STL@@H@_STL@@YA?AU?$_Rb_tree_iterator@HU?$_Const_traits@H@_STL@@@0@U10@0ABHABUinput_iterator_tag@0@@Z,0x0004093A
??$__linear_insert@PAVAsciiString@@V1@U?$less@VAsciiString@@@_STL@@@_STL@@YAXPAVAsciiString@@0V1@U?$less@VAsciiString@@@0@@Z,0x009CD0D0
??$__uninitialized_copy@PBUHideShowSubObjInfo@ModelConditionInfo@@PAU12@@_STL@@YAPAUHideShowSubObjInfo@ModelConditionInfo@@PBU12@0PAU12@ABU__false_type@0@@Z,0x000032A6,ILT thunk used by call site
??$__uninitialized_copy@PBUNugget@ModuleInfo@@PAU12@@_STL@@YAPAUNugget@ModuleInfo@@PBU12@0PAU12@ABU__false_type@0@@Z,0x0001819C,resweep callee back-solved
??$__uninitialized_copy@PBUParticleSysBoneInfo@@PAU1@@_STL@@YAPAUParticleSysBoneInfo@@PBU1@0PAU1@ABU__false_type@0@@Z,0x000032A6,pinharvest x1 (thunk)
??$__uninitialized_copy@PBUParticleSysBoneInfo@@PAU1@@_STL@@YAPAUParticleSysBoneInfo@@PBU1@0PAU1@ABU__false_type@0@@Z,0x0002AF86,pinharvest x1 (thunk)
??$__uninitialized_copy@PBUParticleSysBoneInfo@@PAU1@@_STL@@YAPAUParticleSysBoneInfo@@PBU1@0PAU1@ABU__false_type@0@@Z,0x0002F0E5,pinharvest x1 (thunk)
??$__uninitialized_copy@PBUPrereqUnitRec@ProductionPrerequisite@@PAU12@@_STL@@YAPAUPrereqUnitRec@ProductionPrerequisite@@PBU12@0PAU12@ABU__false_type@0@@Z,0x000178B4,resweep callee back-solved
??$__uninitialized_copy@PBVProductionPrerequisite@@PAV1@@_STL@@YAPAVProductionPrerequisite@@PBV1@0PAV1@ABU__false_type@0@@Z,0x0001FFEB
??$__uninitialized_copy@PBVW3DAnimationInfo@@PAV1@@_STL@@YAPAVW3DAnimationInfo@@PBV1@0PAV1@ABU__false_type@0@@Z,0x0001D5F7,ILT thunk used by call site
??$append@PAD@?$basic_string@DV?$char_traits@D@_STL@@V?$allocator@D@2@@_STL@@AAEAAV01@PAD0ABUforward_iterator_tag@1@@Z,0x00011522,PeerDefs basic_string assign dispatch retail call target
??$append@PBD@?$basic_string@DV?$char_traits@D@_STL@@V?$allocator@D@2@@_STL@@AAEAAV01@PBD0ABUforward_iterator_tag@1@@Z,0x00036DE0,PeerDefs basic_string assign retail call target
??$append@PBG@?$basic_string@GV?$char_traits@G@_STL@@V?$allocator@G@2@@_STL@@AAEAAV01@PBG0ABUforward_iterator_tag@1@@Z,0x00030085
??$fill@PAPAVObject@@PAV1@@_STL@@YAXPAPAVObject@@0ABQAV1@@Z,0x0003C7F9,ILT thunk used by call site
??$find@H@?$_Rb_tree@HU?$pair@$$CBHPAVGameSpyStagingRoom@@@_STL@@U?$_Select1st@U?$pair@$$CBHPAVGameSpyStagingRoom@@@_STL@@@2@U?$less@H@2@V?$allocator@U?$pair@$$CBHPAVGameSpyStagingRoom@@@_STL@@@2@@_STL@@QAE?AU?$_Rb_tree_iterator@U?$pair@$$CBHPAVGameSpyStagingRoom@@@_STL@@U?$_Nonconst_traits@U?$pair@$$CBHPAVGameSpyStagingRoom@@@_STL@@@2@@1@ABH@Z,0x0001990C
??$find@H@?$_Rb_tree@HU?$pair@$$CBHVBuddyInfo@@@_STL@@U?$_Select1st@U?$pair@$$CBHVBuddyInfo@@@_STL@@@2@U?$less@H@2@V?$allocator@U?$pair@$$CBHVBuddyInfo@@@_STL@@@2@@_STL@@QAE?AU?$_Rb_tree_iterator@U?$pair@$$CBHVBuddyInfo@@@_STL@@U?$_Nonconst_traits@U?$pair@$$CBHVBuddyInfo@@@_STL@@@2@@1@ABH@Z,0x0002BAC6
??$find@I@?$_Rb_tree@IU?$pair@$$CBIPAVImage@@@_STL@@U?$_Select1st@U?$pair@$$CBIPAVImage@@@_STL@@@2@U?$less@I@2@V?$allocator@U?$pair@$$CBIPAVImage@@@_STL@@@2@@_STL@@QAE?AU?$_Rb_tree_iterator@U?$pair@$$CBIPAVImage@@@_STL@@U?$_Nonconst_traits@U?$pair@$$CBIPAVImage@@@_STL@@@2@@1@ABI@Z,0x00032C1D,findImageByName STL find call target (incremental-link thunk)
??$find@W4NameKeyType@@@?$_Rb_tree@W4NameKeyType@@U?$pair@$$CBW4NameKeyType@@PAVLocomotorTemplate@@@_STL@@U?$_Select1st@U?$pair@$$CBW4NameKeyType@@PAVLocomotorTemplate@@@_STL@@@3@U?$less@W4NameKeyType@@@3@V?$allocator@U?$pair@$$CBW4NameKeyType@@PAVLocomotorTemplate@@@_STL@@@3@@_STL@@QAE?AU?$_Rb_tree_iterator@U?$pair@$$CBW4NameKeyType@@PAVLocomotorTemplate@@@_STL@@U?$_Nonconst_traits@U?$pair@$$CBW4NameKeyType@@PAVLocomotorTemplate@@@_STL@@@2@@1@ABW4NameKeyType@@@Z,0x0003AD0F,pinharvest x1 (thunk)
??$find@W4NameKeyType@@@?$_Rb_tree@W4NameKeyType@@U?$pair@$$CBW4NameKeyType@@PAVLocomotorTemplate@@@_STL@@U?$_Select1st@U?$pair@$$CBW4NameKeyType@@PAVLocomotorTemplate@@@_STL@@@3@U?$less@W4NameKeyType@@@3@V?$allocator@U?$pair@$$CBW4NameKeyType@@PAVLocomotorTemplate@@@_STL@@@3@@_STL@@QAE?AU?$_Rb_tree_iterator@U?$pair@$$CBW4NameKeyType@@PAVLocomotorTemplate@@@_STL@@U?$_Nonconst_traits@U?$pair@$$CBW4NameKeyType@@PAVLocomotorTemplate@@@_STL@@@2@@1@ABW4NameKeyType@@@Z,0x0003DB09,pinharvest x1 (thunk)
??$find@W4NameKeyType@@@?$_Rb_tree@W4NameKeyType@@U?$pair@$$CBW4NameKeyType@@PAVLocomotorTemplate@@@_STL@@U?$_Select1st@U?$pair@$$CBW4NameKeyType@@PAVLocomotorTemplate@@@_STL@@@3@U?$less@W4NameKeyType@@@3@V?$allocator@U?$pair@$$CBW4NameKeyType@@PAVLocomotorTemplate@@@_STL@@@3@@_STL@@QBE?AU?$_Rb_tree_iterator@U?$pair@$$CBW4NameKeyType@@PAVLocomotorTemplate@@@_STL@@U?$_Const_traits@U?$pair@$$CBW4NameKeyType@@PAVLocomotorTemplate@@@_STL@@@2@@1@ABW4NameKeyType@@@Z,0x0003AD0F,pinharvest x1 (thunk)
??$find@W4NameKeyType@@@?$_Rb_tree@W4NameKeyType@@U?$pair@$$CBW4NameKeyType@@PAVLocomotorTemplate@@@_STL@@U?$_Select1st@U?$pair@$$CBW4NameKeyType@@PAVLocomotorTemplate@@@_STL@@@3@U?$less@W4NameKeyType@@@3@V?$allocator@U?$pair@$$CBW4NameKeyType@@PAVLocomotorTemplate@@@_STL@@@3@@_STL@@QBE?AU?$_Rb_tree_iterator@U?$pair@$$CBW4NameKeyType@@PAVLocomotorTemplate@@@_STL@@U?$_Const_traits@U?$pair@$$CBW4NameKeyType@@PAVLocomotorTemplate@@@_STL@@@2@@1@ABW4NameKeyType@@@Z,0x0003DB09,pinharvest x1 (thunk)
??$find@W4NameKeyType@@@?$_Rb_tree@W4NameKeyType@@U?$pair@$$CBW4NameKeyType@@VModuleTemplate@ModuleFactory@@@_STL@@U?$_Select1st@U?$pair@$$CBW4NameKeyType@@VModuleTemplate@ModuleFactory@@@_STL@@@3@U?$less@W4NameKeyType@@@3@V?$allocator@U?$pair@$$CBW4NameKeyType@@VModuleTemplate@ModuleFactory@@@_STL@@@3@@_STL@@QAE?AU?$_Rb_tree_iterator@U?$pair@$$CBW4NameKeyType@@VModuleTemplate@ModuleFactory@@@_STL@@U?$_Nonconst_traits@U?$pair@$$CBW4NameKeyType@@VModuleTemplate@ModuleFactory@@@_STL@@@2@@1@ABW4NameKeyType@@@Z,0x0000C054
??$find@W4NameKeyType@@@?$_Rb_tree@W4NameKeyType@@U?$pair@$$CBW4NameKeyType@@VObjectCreationList@@@_STL@@U?$_Select1st@U?$pair@$$CBW4NameKeyType@@VObjectCreationList@@@_STL@@@3@U?$less@W4NameKeyType@@@3@V?$allocator@U?$pair@$$CBW4NameKeyType@@VObjectCreationList@@@_STL@@@3@@_STL@@QBE?AU?$_Rb_tree_iterator@U?$pair@$$CBW4NameKeyType@@VObjectCreationList@@@_STL@@U?$_Const_traits@U?$pair@$$CBW4NameKeyType@@VObjectCreationList@@@_STL@@@2@@1@ABW4NameKeyType@@@Z,0x0001CDEB
??$swap@V?$_STLP_alloc_proxy@PAU?$_List_node@V?$basic_string@DV?$char_traits@D@_STL@@V?$allocator@D@2@@_STL@@@_STL@@U12@V?$allocator@U?$_List_node@V?$basic_string@DV?$char_traits@D@_STL@@V?$allocator@D@2@@_STL@@@_STL@@@2@@_STL@@@_STL@@YAXAAV?$_STLP_alloc_proxy@PAU?$_List_node@V?$basic_string@DV?$char_traits@D@_STL@@V?$allocator@D@2@@_STL@@@_STL@@U12@V?$allocator@U?$_List_node@V?$basic_string@DV?$char_traits@D@_STL@@V?$allocator@D@2@@_STL@@@_STL@@@2@@0@0@Z,0x00021927,pinharvest x1 (thunk)
??$swap@V?$_STLP_alloc_proxy@PAU?$_List_node@V?$basic_string@DV?$char_traits@D@_STL@@V?$allocator@D@2@@_STL@@@_STL@@U12@V?$allocator@U?$_List_node@V?$basic_string@DV?$char_traits@D@_STL@@V?$allocator@D@2@@_STL@@@_STL@@@2@@_STL@@@_STL@@YAXAAV?$_STLP_alloc_proxy@PAU?$_List_node@V?$basic_string@DV?$char_traits@D@_STL@@V?$allocator@D@2@@_STL@@@_STL@@U12@V?$allocator@U?$_List_node@V?$basic_string@DV?$char_traits@D@_STL@@V?$allocator@D@2@@_STL@@@_STL@@@2@@0@0@Z,0x0002CE5D,pinharvest x1 (thunk)
??$swap@V?$_STLP_alloc_proxy@PAU?$_List_node@V?$basic_string@DV?$char_traits@D@_STL@@V?$allocator@D@2@@_STL@@@_STL@@U12@V?$allocator@U?$_List_node@V?$basic_string@DV?$char_traits@D@_STL@@V?$allocator@D@2@@_STL@@@_STL@@@2@@_STL@@@_STL@@YAXAAV?$_STLP_alloc_proxy@PAU?$_List_node@V?$basic_string@DV?$char_traits@D@_STL@@V?$allocator@D@2@@_STL@@@_STL@@U12@V?$allocator@U?$_List_node@V?$basic_string@DV?$char_traits@D@_STL@@V?$allocator@D@2@@_STL@@@_STL@@@2@@0@0@Z,0x00036E0D,pinharvest x1 (thunk)
??$swap@V?$_STLP_alloc_proxy@PAU?$_List_node@V?$basic_string@DV?$char_traits@D@_STL@@V?$allocator@D@2@@_STL@@@_STL@@U12@V?$allocator@U?$_List_node@V?$basic_string@DV?$char_traits@D@_STL@@V?$allocator@D@2@@_STL@@@_STL@@@2@@_STL@@@_STL@@YAXAAV?$_STLP_alloc_proxy@PAU?$_List_node@V?$basic_string@DV?$char_traits@D@_STL@@V?$allocator@D@2@@_STL@@@_STL@@U12@V?$allocator@U?$_List_node@V?$basic_string@DV?$char_traits@D@_STL@@V?$allocator@D@2@@_STL@@@_STL@@@2@@0@0@Z,0x000475AF,pinharvest x1 (thunk)
??$swap@V?$_STLP_alloc_proxy@PAU?$_Rb_tree_node@U?$pair@$$CBGE@_STL@@@_STL@@U12@V?$allocator@U?$_Rb_tree_node@U?$pair@$$CBGE@_STL@@@_STL@@@2@@_STL@@@_STL@@YAXAAV?$_STLP_alloc_proxy@PAU?$_Rb_tree_node@U?$pair@$$CBGE@_STL@@@_STL@@U12@V?$allocator@U?$_Rb_tree_node@U?$pair@$$CBGE@_STL@@@_STL@@@2@@0@0@Z,0x00013BB0,pinharvest x4 (thunk)
??$swap@V?$_STLP_alloc_proxy@PAU?$_Rb_tree_node@U?$pair@$$CBGE@_STL@@@_STL@@U12@V?$allocator@U?$_Rb_tree_node@U?$pair@$$CBGE@_STL@@@_STL@@@2@@_STL@@@_STL@@YAXAAV?$_STLP_alloc_proxy@PAU?$_Rb_tree_node@U?$pair@$$CBGE@_STL@@@_STL@@U12@V?$allocator@U?$_Rb_tree_node@U?$pair@$$CBGE@_STL@@@_STL@@@2@@0@0@Z,0x00028056,pinharvest x4 (thunk)
??$uninitialized_fill_n@PAEIE@_STL@@YAPAEPAEIABE@Z,0x0003932E
??0?$BFMEFactoryModuleData@VActiveBodyModuleData@@$0FM@@@QAE@XZ,0x00036818,ModuleFactory retail data facade
??0?$BFMEFactoryModuleData@VAutoDepositUpdateModuleData@@$0CA@@@QAE@XZ,0x0002EB04,ModuleFactory retail data facade
??0?$BFMEFactoryModuleData@VBattlePlanUpdateModuleData@@$0KA@@@QAE@XZ,0x000287C7,ModuleFactory retail data facade
??0?$BFMEFactoryModuleData@VBoneFXUpdateModuleData@@$0NJE@@@QAE@XZ,0x0004007A,ModuleFactory retail data facade
??0?$BFMEFactoryModuleData@VCashHackSpecialPowerModuleData@@$0CCA@@@QAE@XZ,0x00026FF3,ModuleFactory retail data facade
??0?$BFMEFactoryModuleData@VCommandSetUpgradeModuleData@@$0HE@@@QAE@XZ,0x00016C39,ModuleFactory retail data facade
??0?$BFMEFactoryModuleData@VCreateCrateDieModuleData@@$0DI@@@QAE@XZ,0x0002A923,ModuleFactory retail data facade
??0?$BFMEFactoryModuleData@VCreateObjectDieModuleData@@$0DM@@@QAE@XZ,0x0003B6AB,ModuleFactory retail data facade
??0?$BFMEFactoryModuleData@VCrushDieModuleData@@$0CAE@@@QAE@XZ,0x0002124C,ModuleFactory retail data facade
??0?$BFMEFactoryModuleData@VDemoTrapUpdateModuleData@@$0DM@@@QAE@XZ,0x0001BEF5,ModuleFactory retail data facade
??0?$BFMEFactoryModuleData@VDynamicShroudClearingRangeUpdateModuleData@@$0FI@@@QAE@XZ,0x00045318,ModuleFactory retail data facade
??0?$BFMEFactoryModuleData@VFireWeaponUpdateModuleData@@$0BA@@@QAE@XZ,0x0002DAA1,ModuleFactory retail data facade
??0?$BFMEFactoryModuleData@VFireWeaponWhenDeadBehaviorModuleData@@$0LE@@@QAE@XZ,0x0000C063,ModuleFactory retail data facade
??0?$BFMEFactoryModuleData@VGarrisonContainModuleData@@$0DDM@@@QAE@XZ,0x0001B9F5,ModuleFactory retail data facade
??0?$BFMEFactoryModuleData@VLaserUpdateModuleData@@$0BM@@@QAE@XZ,0x0002E069,ModuleFactory retail data facade
??0?$BFMEFactoryModuleData@VMaxHealthUpgradeModuleData@@$0HI@@@QAE@XZ,0x00044FA8,ModuleFactory retail data facade
??0?$BFMEFactoryModuleData@VOCLSpecialPowerModuleData@@$0CDA@@@QAE@XZ,0x0003EFB8,ModuleFactory retail data facade
??0?$BFMEFactoryModuleData@VOCLUpdateModuleData@@$0BI@@@QAE@XZ,0x0003B282,ModuleFactory retail data facade
??0?$BFMEFactoryModuleData@VOpenContainModuleData@@$0BGI@@@QAE@XZ,0x00044030,ModuleFactory retail data facade
??0?$BFMEFactoryModuleData@VPhysicsBehaviorModuleData@@$0FM@@@QAE@XZ,0x00041D0D,ModuleFactory retail data facade
??0?$BFMEFactoryModuleData@VProductionUpdateModuleData@@$0EI@@@QAE@XZ,0x0002D22C,ModuleFactory retail data facade
??0?$BFMEFactoryModuleData@VSlowDeathBehaviorModuleData@@$0BKI@@@QAE@XZ,0x000076DA,ModuleFactory retail data facade
??0?$BFMEFactoryModuleData@VSpecialAbilityUpdateModuleData@@$0CFE@@@QAE@XZ,0x0003F503,ModuleFactory retail data facade
??0?$BFMEFactoryModuleData@VStealthDetectorUpdateModuleData@@$0BDM@@@QAE@XZ,0x00032C13,ModuleFactory retail data facade
??0?$BFMEFactoryModuleData@VStructureCollapseUpdateModuleData@@$0PI@@@QAE@XZ,0x000378B7,ModuleFactory retail data facade
??0?$BFMEFactoryModuleData@VStructureToppleUpdateModuleData@@$0LI@@@QAE@XZ,0x00008693,ModuleFactory retail data facade
??0?$BFMEFactoryModuleData@VSupplyCenterDockUpdateModuleData@@$0BM@@@QAE@XZ,0x00001780,ModuleFactory retail data facade
??0?$BFMEFactoryModuleData@VSupplyTruckAIUpdateModuleData@@$0PE@@@QAE@XZ,0x00015488,ModuleFactory retail data facade
??0?$BFMEFactoryModuleData@VToppleUpdateModuleData@@$0CM@@@QAE@XZ,0x00022B15,ModuleFactory retail data facade
??0?$BFMEFactoryModuleData@VTransitionDamageFXModuleData@@$0BAEA@@@QAE@XZ,0x00020A95,ModuleFactory retail data facade
??0?$BFMEFactoryModuleData@VTransportContainModuleData@@$0BHM@@@QAE@XZ,0x00014565,ModuleFactory retail data facade
??0?$BFMEFactoryModuleData@VTunnelContainModuleData@@$0CEI@@@QAE@XZ,0x00002315,ModuleFactory retail data facade
??0?$BFMEFactoryModuleData@VUnitCrateCollideModuleData@@$0FM@@@QAE@XZ,0x0000DA4E,ModuleFactory retail data facade
??0?$BFMEFactoryModuleData@VUpgradeDieModuleData@@$0DI@@@QAE@XZ,0x0001B905,ModuleFactory retail data facade
??0?$BFMEFactoryModuleData@VWorkerAIUpdateModuleData@@$0BAA@@@QAE@XZ,0x00036232,ModuleFactory retail data facade
??0?$BFMEW3DFactoryModuleData@VW3DTreeDrawModuleData@@$0GE@@@QAE@XZ,0x00046B5A,W3DModuleFactory retail data facade
??0?$ConcreteModuleTemplate@UButterflyDrawModuleTag@FXParticleSystem@@@FXParticleSystem@@QAE@ABV01@@Z,0x0003C29F,ButterflyDraw ConcreteModuleTemplate copy ctor ILT
??0?$ConcreteModuleTemplate@UCylindricalEmissionVelocityModuleTag@FXParticleSystem@@@FXParticleSystem@@QAE@ABV01@@Z,0x00018CC3,CylindricalEmissionVelocity clone copy-ctor
??0?$ConcreteModuleTemplate@UHemisphericalEmissionVelocityModuleTag@FXParticleSystem@@@FXParticleSystem@@QAE@ABV01@@Z,0x0003FFA3,HemisphericalEmissionVelocity clone copy-ctor
??0?$ConcreteModuleTemplate@UOutwardEmissionVelocityModuleTag@FXParticleSystem@@@FXParticleSystem@@QAE@ABV01@@Z,0x0000E584,OutwardEmissionVelocity clone copy-ctor
??0?$ConcreteModuleTemplate@URenderObjectUpdateModuleTag@FXParticleSystem@@@FXParticleSystem@@QAE@ABV01@@Z,0x0001104F,RenderObjectUpdate ConcreteModuleTemplate copy ctor
??0?$ShareBufferClass@E@@QAE@HPBDH@Z,0x0004B4A7,derived from part_buf matched-caller call sites
??0?$ShareBufferClass@I@@QAE@ABV0@@Z,0x0092A090
??0?$ShareBufferClass@VShaderClass@@@@QAE@HPBDH@Z,0x0092B940,Get_Shader_Array ShareBuffer 3-arg ctor
??0?$ShareBufferClass@VVector2@@@@QAE@ABV0@@Z,0x0092B710
??0?$ShareBufferClass@VVector3@@@@QAE@HPBDH@Z,0x00049832,ILT thunk; body 0x5F3BE0
??0?$ShareBufferClass@VVector3@@@@QAE@HPBDH@Z,0x005F3BE0,3-arg aligned-buffer ctor
??0?$ShareBufferClass@VVector4@@@@QAE@HPBDH@Z,0x000281EB
??0?$SimpleParameterClass@H$0A@@@QAE@PAXPBD@Z,0x00002874,pinharvest x3 (thunk)
??0?$SimpleParameterClass@M$00@@QAE@PAXPBD@Z,0x00002874,pinharvest x3 (thunk)
??0?$SimpleParameterClass@M$0N@@@QAE@PAXPBD@Z,0x00002874,pinharvest x3 (thunk)
??0?$VectorClass@UAcceleratorTracker@@@@QAE@HPBUAcceleratorTracker@@@Z,0x000187AF,pinharvest x1 (thunk)
??0?$VectorClass@UAcceleratorTracker@@@@QAE@HPBUAcceleratorTracker@@@Z,0x0001D16F,pinharvest x1 (thunk)
??0?$VectorClass@UAcceleratorTracker@@@@QAE@HPBUAcceleratorTracker@@@Z,0x00906240,pinharvest x1 (body)
??0?$VectorClass@UAcceleratorTracker@@@@QAE@HPBUAcceleratorTracker@@@Z,0x009080A0,pinharvest x1 (body)
??0?$VectorClass@UAcceleratorTracker@@@@QAE@HPBUAcceleratorTracker@@@Z,0x0092FBA0,pinharvest x1 (body)
??0?$VectorClass@UAcceleratorTracker@@@@QAE@HPBUAcceleratorTracker@@@Z,0x009305D0,pinharvest x1 (body)
??0?$VectorClass@UAddInfoStruct@MixFileFactoryClass@@@@QAE@HPBUAddInfoStruct@MixFileFactoryClass@@@Z,0x0093DBB0,call-target pin: row deleted (ZH drift: element-ctor ptr), callers verify against this rva
??0?$VectorClass@UFileInfoStruct@MixFileCreator@@@@QAE@HPBUFileInfoStruct@MixFileCreator@@@Z,0x000187AF,pinharvest x1 (thunk)
??0?$VectorClass@UFileInfoStruct@MixFileCreator@@@@QAE@HPBUFileInfoStruct@MixFileCreator@@@Z,0x0001D16F,pinharvest x1 (thunk)
??0?$VectorClass@UFileInfoStruct@MixFileCreator@@@@QAE@HPBUFileInfoStruct@MixFileCreator@@@Z,0x00906240,pinharvest x1 (body)
??0?$VectorClass@UFileInfoStruct@MixFileCreator@@@@QAE@HPBUFileInfoStruct@MixFileCreator@@@Z,0x009080A0,pinharvest x1 (body)
??0?$VectorClass@UFileInfoStruct@MixFileCreator@@@@QAE@HPBUFileInfoStruct@MixFileCreator@@@Z,0x0092FBA0,pinharvest x1 (body)
??0?$VectorClass@UFileInfoStruct@MixFileCreator@@@@QAE@HPBUFileInfoStruct@MixFileCreator@@@Z,0x009305D0,pinharvest x1 (body)
??0?$VectorClass@UFileOffsetStruct@@@@QAE@HPBUFileOffsetStruct@@@Z,0x000187AF,pinharvest x1 (thunk)
??0?$VectorClass@UFileOffsetStruct@@@@QAE@HPBUFileOffsetStruct@@@Z,0x0001D16F,pinharvest x1 (thunk)
??0?$VectorClass@UFileOffsetStruct@@@@QAE@HPBUFileOffsetStruct@@@Z,0x00906240,pinharvest x1 (body)
??0?$VectorClass@UFileOffsetStruct@@@@QAE@HPBUFileOffsetStruct@@@Z,0x009080A0,pinharvest x1 (body)
??0?$VectorClass@UFileOffsetStruct@@@@QAE@HPBUFileOffsetStruct@@@Z,0x0092FBA0,pinharvest x1 (body)
??0?$VectorClass@UFileOffsetStruct@@@@QAE@HPBUFileOffsetStruct@@@Z,0x009305D0,pinharvest x1 (body)
??0?$VectorClass@UPtrPairStruct@PointerRemapClass@@@@QAE@HPBUPtrPairStruct@PointerRemapClass@@@Z,0x000187AF,pinharvest x1 (thunk)
??0?$VectorClass@UPtrPairStruct@PointerRemapClass@@@@QAE@HPBUPtrPairStruct@PointerRemapClass@@@Z,0x0001D16F,pinharvest x1 (thunk)
??0?$VectorClass@UPtrPairStruct@PointerRemapClass@@@@QAE@HPBUPtrPairStruct@PointerRemapClass@@@Z,0x00906240,pinharvest x1 (body)
??0?$VectorClass@UPtrPairStruct@PointerRemapClass@@@@QAE@HPBUPtrPairStruct@PointerRemapClass@@@Z,0x009080A0,pinharvest x1 (body)
??0?$VectorClass@UPtrPairStruct@PointerRemapClass@@@@QAE@HPBUPtrPairStruct@PointerRemapClass@@@Z,0x0092FBA0,pinharvest x1 (body)
??0?$VectorClass@UPtrPairStruct@PointerRemapClass@@@@QAE@HPBUPtrPairStruct@PointerRemapClass@@@Z,0x009305D0,pinharvest x1 (body)
??0?$VectorClass@USentenceDataStruct@Render2DSentenceClass@@@@QAE@HPBUSentenceDataStruct@Render2DSentenceClass@@@Z,0x000187AF,pinharvest x1 (thunk)
??0?$VectorClass@USentenceDataStruct@Render2DSentenceClass@@@@QAE@HPBUSentenceDataStruct@Render2DSentenceClass@@@Z,0x0001D16F,pinharvest x1 (thunk)
??0?$VectorClass@USentenceDataStruct@Render2DSentenceClass@@@@QAE@HPBUSentenceDataStruct@Render2DSentenceClass@@@Z,0x00906240,pinharvest x1 (body)
??0?$VectorClass@USentenceDataStruct@Render2DSentenceClass@@@@QAE@HPBUSentenceDataStruct@Render2DSentenceClass@@@Z,0x009080A0,pinharvest x1 (body)
??0?$VectorClass@USentenceDataStruct@Render2DSentenceClass@@@@QAE@HPBUSentenceDataStruct@Render2DSentenceClass@@@Z,0x0092FBA0,pinharvest x1 (body)
??0?$VectorClass@USentenceDataStruct@Render2DSentenceClass@@@@QAE@HPBUSentenceDataStruct@Render2DSentenceClass@@@Z,0x009305D0,pinharvest x1 (body)
??0?$VectorClass@U_ENUM_VALUE@EnumParameterClass@@@@QAE@HPBU_ENUM_VALUE@EnumParameterClass@@@Z,0x000187AF,pinharvest x1 (thunk)
??0?$VectorClass@U_ENUM_VALUE@EnumParameterClass@@@@QAE@HPBU_ENUM_VALUE@EnumParameterClass@@@Z,0x0001D16F,pinharvest x1 (thunk)
??0?$VectorClass@U_ENUM_VALUE@EnumParameterClass@@@@QAE@HPBU_ENUM_VALUE@EnumParameterClass@@@Z,0x00906240,pinharvest x1 (body)
??0?$VectorClass@U_ENUM_VALUE@EnumParameterClass@@@@QAE@HPBU_ENUM_VALUE@EnumParameterClass@@@Z,0x009080A0,pinharvest x1 (body)
??0?$VectorClass@U_ENUM_VALUE@EnumParameterClass@@@@QAE@HPBU_ENUM_VALUE@EnumParameterClass@@@Z,0x0092FBA0,pinharvest x1 (body)
??0?$VectorClass@U_ENUM_VALUE@EnumParameterClass@@@@QAE@HPBU_ENUM_VALUE@EnumParameterClass@@@Z,0x009305D0,pinharvest x1 (body)
??0?$VectorClass@VHashItem@?$UniqueArrayClass@VFaceClass@MeshBuilderClass@@@@@@QAE@HPBVHashItem@?$UniqueArrayClass@VFaceClass@MeshBuilderClass@@@@@Z,0x000187AF,pinharvest x1 (thunk)
??0?$VectorClass@VHashItem@?$UniqueArrayClass@VFaceClass@MeshBuilderClass@@@@@@QAE@HPBVHashItem@?$UniqueArrayClass@VFaceClass@MeshBuilderClass@@@@@Z,0x0001D16F,pinharvest x1 (thunk)
??0?$VectorClass@VHashItem@?$UniqueArrayClass@VFaceClass@MeshBuilderClass@@@@@@QAE@HPBVHashItem@?$UniqueArrayClass@VFaceClass@MeshBuilderClass@@@@@Z,0x00906240,pinharvest x1 (body)
??0?$VectorClass@VHashItem@?$UniqueArrayClass@VFaceClass@MeshBuilderClass@@@@@@QAE@HPBVHashItem@?$UniqueArrayClass@VFaceClass@MeshBuilderClass@@@@@Z,0x009080A0,pinharvest x1 (body)
??0?$VectorClass@VHashItem@?$UniqueArrayClass@VFaceClass@MeshBuilderClass@@@@@@QAE@HPBVHashItem@?$UniqueArrayClass@VFaceClass@MeshBuilderClass@@@@@Z,0x0092FBA0,pinharvest x1 (body)
??0?$VectorClass@VHashItem@?$UniqueArrayClass@VFaceClass@MeshBuilderClass@@@@@@QAE@HPBVHashItem@?$UniqueArrayClass@VFaceClass@MeshBuilderClass@@@@@Z,0x009305D0,pinharvest x1 (body)
??0?$VectorClass@VKeyClass@Curve3DClass@@@@QAE@HPBVKeyClass@Curve3DClass@@@Z,0x000187AF,pinharvest x1 (thunk)
??0?$VectorClass@VKeyClass@Curve3DClass@@@@QAE@HPBVKeyClass@Curve3DClass@@@Z,0x0001D16F,pinharvest x1 (thunk)
??0?$VectorClass@VKeyClass@Curve3DClass@@@@QAE@HPBVKeyClass@Curve3DClass@@@Z,0x009080A0,pinharvest x1 (body)
??0?$VectorClass@VKeyClass@Curve3DClass@@@@QAE@HPBVKeyClass@Curve3DClass@@@Z,0x0092FBA0,pinharvest x1 (body)
??0?$VectorClass@VKeyClass@Curve3DClass@@@@QAE@HPBVKeyClass@Curve3DClass@@@Z,0x009305D0,pinharvest x1 (body)
??0?$VectorClass@VKeyClass@Curve3DClass@@@@QAE@HPBVKeyClass@Curve3DClass@@@Z,0x00933D30,pinharvest x1 (body)
??0?$VectorClass@VProxyClass@@@@QAE@HPBVProxyClass@@@Z,0x000187AF,pinharvest x1 (thunk)
??0?$VectorClass@VProxyClass@@@@QAE@HPBVProxyClass@@@Z,0x0001D16F,pinharvest x1 (thunk)
??0?$VectorClass@VProxyClass@@@@QAE@HPBVProxyClass@@@Z,0x00906240,pinharvest x1 (body)
??0?$VectorClass@VProxyClass@@@@QAE@HPBVProxyClass@@@Z,0x009080A0,pinharvest x1 (body)
??0?$VectorClass@VProxyClass@@@@QAE@HPBVProxyClass@@@Z,0x0092FBA0,pinharvest x1 (body)
??0?$VectorClass@VProxyClass@@@@QAE@HPBVProxyClass@@@Z,0x009305D0,pinharvest x1 (body)
??0?$VectorClass@VRenderDeviceDescClass@@@@QAE@HPBVRenderDeviceDescClass@@@Z,0x000187AF,pinharvest x1 (thunk)
??0?$VectorClass@VRenderDeviceDescClass@@@@QAE@HPBVRenderDeviceDescClass@@@Z,0x0001D16F,pinharvest x1 (thunk)
??0?$VectorClass@VRenderDeviceDescClass@@@@QAE@HPBVRenderDeviceDescClass@@@Z,0x00906240,pinharvest x1 (body)
??0?$VectorClass@VRenderDeviceDescClass@@@@QAE@HPBVRenderDeviceDescClass@@@Z,0x009080A0,pinharvest x1 (body)
??0?$VectorClass@VRenderDeviceDescClass@@@@QAE@HPBVRenderDeviceDescClass@@@Z,0x0092FBA0,pinharvest x1 (body)
??0?$VectorClass@VRenderDeviceDescClass@@@@QAE@HPBVRenderDeviceDescClass@@@Z,0x009305D0,pinharvest x1 (body)
??0?$VectorClass@VResolutionDescClass@@@@QAE@HPBVResolutionDescClass@@@Z,0x000187AF,pinharvest x1 (thunk)
??0?$VectorClass@VResolutionDescClass@@@@QAE@HPBVResolutionDescClass@@@Z,0x0001D16F,pinharvest x1 (thunk)
??0?$VectorClass@VResolutionDescClass@@@@QAE@HPBVResolutionDescClass@@@Z,0x009080A0,pinharvest x1 (body)
??0?$VectorClass@VResolutionDescClass@@@@QAE@HPBVResolutionDescClass@@@Z,0x0092FBA0,pinharvest x1 (body)
??0?$VectorClass@VResolutionDescClass@@@@QAE@HPBVResolutionDescClass@@@Z,0x009305D0,pinharvest x1 (body)
??0?$VectorClass@VResolutionDescClass@@@@QAE@HPBVResolutionDescClass@@@Z,0x00933D30,pinharvest x1 (body)
??0?$VectorClass@VShaderClass@@@@QAE@HPBVShaderClass@@@Z,0x000187AF,pinharvest x1 (thunk)
??0?$VectorClass@VShaderClass@@@@QAE@HPBVShaderClass@@@Z,0x0001D16F,pinharvest x1 (thunk)
??0?$VectorClass@VShaderClass@@@@QAE@HPBVShaderClass@@@Z,0x00906240,pinharvest x1 (body)
??0?$VectorClass@VShaderClass@@@@QAE@HPBVShaderClass@@@Z,0x009080A0,pinharvest x1 (body)
??0?$VectorClass@VShaderClass@@@@QAE@HPBVShaderClass@@@Z,0x0092FBA0,pinharvest x1 (body)
??0?$VectorClass@VShaderClass@@@@QAE@HPBVShaderClass@@@Z,0x009305D0,pinharvest x1 (body)
??0?$VectorClass@VVector2@@@@QAE@HPBVVector2@@@Z,0x000187AF,site-decoded x1 (thunk)
??0?$VectorClass@VVector2@@@@QAE@HPBVVector2@@@Z,0x0001D16F,site-decoded x1 (thunk)
??0?$VectorClass@VVector2@@@@QAE@HPBVVector2@@@Z,0x00906240,site-decoded x1 (body)
??0?$VectorClass@VVector4@@@@QAE@HPBVVector4@@@Z,0x00906240,call-target pin: row deleted (ZH drift: element-ctor ptr), callers verify against this rva
??0?$_STLP_alloc_proxy@IPAVMapObject@@V?$allocator@PAVMapObject@@@_STL@@@_STL@@QAE@ABV?$allocator@PAVMapObject@@@1@I@Z,0x008F9A30,rel32 pin for exact-ambiguous landing
??0?$_STLP_alloc_proxy@IPAVPartitionCell@@V?$allocator@PAVPartitionCell@@@_STL@@@_STL@@QAE@ABV?$allocator@PAVPartitionCell@@@1@I@Z,0x008F9A60,rel32 pin for exact-ambiguous landing
??0?$_STLP_alloc_proxy@IPAVSightingInfo@@V?$allocator@PAVSightingInfo@@@_STL@@@_STL@@QAE@ABV?$allocator@PAVSightingInfo@@@1@I@Z,0x009ED3F0,resweep callee back-solved
??0?$_STLP_alloc_proxy@IVBuddyRequest@@V?$allocator@VBuddyRequest@@@_STL@@@_STL@@QAE@ABV?$allocator@VBuddyRequest@@@1@I@Z,0x008F9A30,shared alloc_proxy int-ctor body (4 template instances)
??0?$_STLP_alloc_proxy@IVBuddyResponse@@V?$allocator@VBuddyResponse@@@_STL@@@_STL@@QAE@ABV?$allocator@VBuddyResponse@@@1@I@Z,0x008F9A30,shared alloc_proxy int-ctor body (4 template instances)
??0?$_STLP_alloc_proxy@IVGameResultsRequest@@V?$allocator@VGameResultsRequest@@@_STL@@@_STL@@QAE@ABV?$allocator@VGameResultsRequest@@@1@I@Z,0x008F9A30,shared alloc_proxy int-ctor body (4 template instances)
??0?$_STLP_alloc_proxy@IVGameResultsResponse@@V?$allocator@VGameResultsResponse@@@_STL@@@_STL@@QAE@ABV?$allocator@VGameResultsResponse@@@1@I@Z,0x008F9A30,shared alloc_proxy int-ctor body (4 template instances)
??0?$_STLP_alloc_proxy@PAIIV?$allocator@I@_STL@@@_STL@@QAE@ABV?$allocator@I@1@PAI@Z,0x00031039
??0?$_STLP_alloc_proxy@PAPAPAVMapObject@@PAPAV1@V?$allocator@PAPAVMapObject@@@_STL@@@_STL@@QAE@ABV?$allocator@PAPAVMapObject@@@1@PAPAPAVMapObject@@@Z,0x008F9A20,rel32 pin for exact-ambiguous landing
??0?$_STLP_alloc_proxy@PAPAPAVPartitionCell@@PAPAV1@V?$allocator@PAPAVPartitionCell@@@_STL@@@_STL@@QAE@ABV?$allocator@PAPAVPartitionCell@@@1@PAPAPAVPartitionCell@@@Z,0x008F9A50,rel32 pin for exact-ambiguous landing
??0?$_STLP_alloc_proxy@PAPAPAVSightingInfo@@PAPAV1@V?$allocator@PAPAVSightingInfo@@@_STL@@@_STL@@QAE@ABV?$allocator@PAPAVSightingInfo@@@1@PAPAPAVSightingInfo@@@Z,0x009ED3E0,resweep callee back-solved
??0?$_STLP_alloc_proxy@PAPAVBuddyRequest@@PAV1@V?$allocator@PAVBuddyRequest@@@_STL@@@_STL@@QAE@ABV?$allocator@PAVBuddyRequest@@@1@PAPAVBuddyRequest@@@Z,0x008F9A20,shared alloc_proxy ctor body (4 template instances)
??0?$_STLP_alloc_proxy@PAPAVBuddyResponse@@PAV1@V?$allocator@PAVBuddyResponse@@@_STL@@@_STL@@QAE@ABV?$allocator@PAVBuddyResponse@@@1@PAPAVBuddyResponse@@@Z,0x008F9A20,shared alloc_proxy ctor body (4 template instances)
??0?$_STLP_alloc_proxy@PAPAVGameResultsRequest@@PAV1@V?$allocator@PAVGameResultsRequest@@@_STL@@@_STL@@QAE@ABV?$allocator@PAVGameResultsRequest@@@1@PAPAVGameResultsRequest@@@Z,0x008F9A20,shared alloc_proxy ctor body (4 template instances)
??0?$_STLP_alloc_proxy@PAPAVGameResultsResponse@@PAV1@V?$allocator@PAVGameResultsResponse@@@_STL@@@_STL@@QAE@ABV?$allocator@PAVGameResultsResponse@@@1@PAPAVGameResultsResponse@@@Z,0x008F9A20,shared alloc_proxy ctor body (4 template instances)
??0?$_STLP_alloc_proxy@PAU?$_List_node@PAVParticleSystem@@@_STL@@U12@V?$allocator@U?$_List_node@PAVParticleSystem@@@_STL@@@2@@_STL@@QAE@ABV?$allocator@U?$_List_node@PAVParticleSystem@@@_STL@@@1@PAU?$_List_node@PAVParticleSystem@@@1@@Z,0x00024091
??0?$_STLP_alloc_proxy@PAU?$_Rb_tree_node@U?$pair@$$CBW4NameKeyType@@VObjectCreationList@@@_STL@@@_STL@@U12@V?$allocator@U?$_Rb_tree_node@U?$pair@$$CBW4NameKeyType@@VObjectCreationList@@@_STL@@@_STL@@@2@@_STL@@QAE@ABV?$allocator@U?$_Rb_tree_node@U?$pair@$$CBW4NameKeyType@@VObjectCreationList@@@_STL@@@_STL@@@1@PAU?$_Rb_tree_node@U?$pair@$$CBW4NameKeyType@@VObjectCreationList@@@_STL@@@1@@Z,0x0000F461,pinharvest x1 (thunk)
??0?$_STLP_alloc_proxy@PAU?$_Rb_tree_node@U?$pair@$$CBW4NameKeyType@@VObjectCreationList@@@_STL@@@_STL@@U12@V?$allocator@U?$_Rb_tree_node@U?$pair@$$CBW4NameKeyType@@VObjectCreationList@@@_STL@@@_STL@@@2@@_STL@@QAE@ABV?$allocator@U?$_Rb_tree_node@U?$pair@$$CBW4NameKeyType@@VObjectCreationList@@@_STL@@@_STL@@@1@PAU?$_Rb_tree_node@U?$pair@$$CBW4NameKeyType@@VObjectCreationList@@@_STL@@@1@@Z,0x0001CF26,pinharvest x1 (thunk)
??0?$_STLP_alloc_proxy@PAU?$_Rb_tree_node@U?$pair@$$CBW4NameKeyType@@VObjectCreationList@@@_STL@@@_STL@@U12@V?$allocator@U?$_Rb_tree_node@U?$pair@$$CBW4NameKeyType@@VObjectCreationList@@@_STL@@@_STL@@@2@@_STL@@QAE@ABV?$allocator@U?$_Rb_tree_node@U?$pair@$$CBW4NameKeyType@@VObjectCreationList@@@_STL@@@_STL@@@1@PAU?$_Rb_tree_node@U?$pair@$$CBW4NameKeyType@@VObjectCreationList@@@_STL@@@1@@Z,0x0002AFE0,pinharvest x1 (thunk)
??0?$_STLP_alloc_proxy@PAU?$_Rb_tree_node@U?$pair@$$CBW4NameKeyType@@VObjectCreationList@@@_STL@@@_STL@@U12@V?$allocator@U?$_Rb_tree_node@U?$pair@$$CBW4NameKeyType@@VObjectCreationList@@@_STL@@@_STL@@@2@@_STL@@QAE@ABV?$allocator@U?$_Rb_tree_node@U?$pair@$$CBW4NameKeyType@@VObjectCreationList@@@_STL@@@_STL@@@1@PAU?$_Rb_tree_node@U?$pair@$$CBW4NameKeyType@@VObjectCreationList@@@_STL@@@1@@Z,0x000306C5,pinharvest x1 (thunk)
??0?$_STLP_alloc_proxy@PAU?$_Rb_tree_node@U?$pair@$$CBW4NameKeyType@@VObjectCreationList@@@_STL@@@_STL@@U12@V?$allocator@U?$_Rb_tree_node@U?$pair@$$CBW4NameKeyType@@VObjectCreationList@@@_STL@@@_STL@@@2@@_STL@@QAE@ABV?$allocator@U?$_Rb_tree_node@U?$pair@$$CBW4NameKeyType@@VObjectCreationList@@@_STL@@@_STL@@@1@PAU?$_Rb_tree_node@U?$pair@$$CBW4NameKeyType@@VObjectCreationList@@@_STL@@@1@@Z,0x0003D884,pinharvest x1 (thunk)
??0?$_STLP_alloc_proxy@PAU?$_Rb_tree_node@U?$pair@$$CBW4NameKeyType@@VObjectCreationList@@@_STL@@@_STL@@U12@V?$allocator@U?$_Rb_tree_node@U?$pair@$$CBW4NameKeyType@@VObjectCreationList@@@_STL@@@_STL@@@2@@_STL@@QAE@ABV?$allocator@U?$_Rb_tree_node@U?$pair@$$CBW4NameKeyType@@VObjectCreationList@@@_STL@@@_STL@@@1@PAU?$_Rb_tree_node@U?$pair@$$CBW4NameKeyType@@VObjectCreationList@@@_STL@@@1@@Z,0x000403CC,pinharvest x1 (thunk)
??0?$_Vector_base@PAVObject@@V?$allocator@PAVObject@@@_STL@@@_STL@@QAE@IABV?$allocator@PAVObject@@@1@@Z,0x00001DA7,pinharvest x1 (thunk)
??0?$_Vector_base@PAVObject@@V?$allocator@PAVObject@@@_STL@@@_STL@@QAE@IABV?$allocator@PAVObject@@@1@@Z,0x00020EA0,pinharvest x1 (thunk)
??0?$_Vector_base@PAVObject@@V?$allocator@PAVObject@@@_STL@@@_STL@@QAE@IABV?$allocator@PAVObject@@@1@@Z,0x000212D3,pinharvest x1 (thunk)
??0?$_Vector_base@PAVObject@@V?$allocator@PAVObject@@@_STL@@@_STL@@QAE@IABV?$allocator@PAVObject@@@1@@Z,0x0002D178,pinharvest x1 (thunk)
??0?$_Vector_base@PAVObject@@V?$allocator@PAVObject@@@_STL@@@_STL@@QAE@IABV?$allocator@PAVObject@@@1@@Z,0x0003F418,pinharvest x2 (thunk)
??0?$_Vector_base@PAVObject@@V?$allocator@PAVObject@@@_STL@@@_STL@@QAE@IABV?$allocator@PAVObject@@@1@@Z,0x0004485F,pinharvest x1 (thunk)
??0?$_Vector_base@PAVObjectCreationNugget@@V?$allocator@PAVObjectCreationNugget@@@_STL@@@_STL@@QAE@IABV?$allocator@PAVObjectCreationNugget@@@1@@Z,0x0001D949,resweep callee back-solved
??0?$_Vector_base@PAVObjectCreationNugget@@V?$allocator@PAVObjectCreationNugget@@@_STL@@@_STL@@QAE@IABV?$allocator@PAVObjectCreationNugget@@@1@@Z,0x0003F418,resweep callee back-solved
??0?$_Vector_base@PBVLocomotorTemplate@@V?$allocator@PBVLocomotorTemplate@@@_STL@@@_STL@@QAE@IABV?$allocator@PBVLocomotorTemplate@@@1@@Z,0x00001DA7,pinharvest x1 (thunk)
??0?$_Vector_base@PBVLocomotorTemplate@@V?$allocator@PBVLocomotorTemplate@@@_STL@@@_STL@@QAE@IABV?$allocator@PBVLocomotorTemplate@@@1@@Z,0x0001D949,pinharvest x1 (thunk)
??0?$_Vector_base@PBVLocomotorTemplate@@V?$allocator@PBVLocomotorTemplate@@@_STL@@@_STL@@QAE@IABV?$allocator@PBVLocomotorTemplate@@@1@@Z,0x00020EA0,pinharvest x3 (thunk)
??0?$_Vector_base@PBVLocomotorTemplate@@V?$allocator@PBVLocomotorTemplate@@@_STL@@@_STL@@QAE@IABV?$allocator@PBVLocomotorTemplate@@@1@@Z,0x000212D3,pinharvest x1 (thunk)
??0?$_Vector_base@PBVLocomotorTemplate@@V?$allocator@PBVLocomotorTemplate@@@_STL@@@_STL@@QAE@IABV?$allocator@PBVLocomotorTemplate@@@1@@Z,0x0003F418,pinharvest x4 (thunk)
??0?$_Vector_base@PBVLocomotorTemplate@@V?$allocator@PBVLocomotorTemplate@@@_STL@@@_STL@@QAE@IABV?$allocator@PBVLocomotorTemplate@@@1@@Z,0x0004485F,pinharvest x1 (thunk)
??0?$basic_string@DV?$char_traits@D@_STL@@V?$allocator@D@2@@_STL@@QAE@ABV01@@Z,0x0001CB11
??0?$list@PAVFXNugget@@V?$allocator@PAVFXNugget@@@_STL@@@_STL@@QAE@ABV01@@Z,0x0002F333,pinharvest x1 (thunk)
??0?$list@PAVFXNugget@@V?$allocator@PAVFXNugget@@@_STL@@@_STL@@QAE@ABV01@@Z,0x00047B27,pinharvest x1 (thunk)
??0?$list@PAVFXNugget@@V?$allocator@PAVFXNugget@@@_STL@@@_STL@@QAE@ABV01@@Z,0x00887B60,pinharvest x1 (body)
??0?$list@VAsciiString@@V?$allocator@VAsciiString@@@_STL@@@_STL@@QAE@ABV01@@Z,0x00011ADB,pinharvest x1 (thunk)
??0?$list@VAsciiString@@V?$allocator@VAsciiString@@@_STL@@@_STL@@QAE@ABV01@@Z,0x00887B60,pinharvest x2 (body)
??0?$list@VAsciiString@@V?$allocator@VAsciiString@@@_STL@@@_STL@@QAE@ABV?$allocator@VAsciiString@@@1@@Z,0x00008DCD,pinharvest x1 (thunk)
??0?$list@VAsciiString@@V?$allocator@VAsciiString@@@_STL@@@_STL@@QAE@ABV?$allocator@VAsciiString@@@1@@Z,0x0001F5D2,pinharvest x1 (thunk)
??0?$list@VAsciiString@@V?$allocator@VAsciiString@@@_STL@@@_STL@@QAE@ABV?$allocator@VAsciiString@@@1@@Z,0x00039022,pinharvest x1 (thunk)
??0?$list@VAsciiString@@V?$allocator@VAsciiString@@@_STL@@@_STL@@QAE@ABV?$allocator@VAsciiString@@@1@@Z,0x0004314E,pinharvest x2 (thunk)
??0?$list@VAsciiString@@V?$allocator@VAsciiString@@@_STL@@@_STL@@QAE@ABV?$allocator@VAsciiString@@@1@@Z,0x00046ADD,pinharvest x1 (thunk)
??0?$list@VAsciiString@@V?$allocator@VAsciiString@@@_STL@@@_STL@@QAE@ABV?$allocator@VAsciiString@@@1@@Z,0x00048667,pinharvest x1 (thunk)
??0?$list@VPeerResponse@@V?$allocator@VPeerResponse@@@_STL@@@_STL@@QAE@ABV?$allocator@VPeerResponse@@@1@@Z,0x00008DCD,pinharvest x1 (thunk)
??0?$list@VPeerResponse@@V?$allocator@VPeerResponse@@@_STL@@@_STL@@QAE@ABV?$allocator@VPeerResponse@@@1@@Z,0x0001F5D2,pinharvest x1 (thunk)
??0?$list@VPeerResponse@@V?$allocator@VPeerResponse@@@_STL@@@_STL@@QAE@ABV?$allocator@VPeerResponse@@@1@@Z,0x00039022,pinharvest x1 (thunk)
??0?$list@VPeerResponse@@V?$allocator@VPeerResponse@@@_STL@@@_STL@@QAE@ABV?$allocator@VPeerResponse@@@1@@Z,0x0004314E,pinharvest x2 (thunk)
??0?$list@VPeerResponse@@V?$allocator@VPeerResponse@@@_STL@@@_STL@@QAE@ABV?$allocator@VPeerResponse@@@1@@Z,0x00046ADD,pinharvest x1 (thunk)
??0?$list@VPeerResponse@@V?$allocator@VPeerResponse@@@_STL@@@_STL@@QAE@ABV?$allocator@VPeerResponse@@@1@@Z,0x00048667,pinharvest x1 (thunk)
??0?$list@VQueuedDownload@@V?$allocator@VQueuedDownload@@@_STL@@@_STL@@QAE@ABV?$allocator@VQueuedDownload@@@1@@Z,0x00008DCD,pinharvest x1 (thunk)
??0?$list@VQueuedDownload@@V?$allocator@VQueuedDownload@@@_STL@@@_STL@@QAE@ABV?$allocator@VQueuedDownload@@@1@@Z,0x0001F5D2,pinharvest x1 (thunk)
??0?$list@VQueuedDownload@@V?$allocator@VQueuedDownload@@@_STL@@@_STL@@QAE@ABV?$allocator@VQueuedDownload@@@1@@Z,0x00039022,pinharvest x1 (thunk)
??0?$list@VQueuedDownload@@V?$allocator@VQueuedDownload@@@_STL@@@_STL@@QAE@ABV?$allocator@VQueuedDownload@@@1@@Z,0x0004314E,pinharvest x2 (thunk)
??0?$list@VQueuedDownload@@V?$allocator@VQueuedDownload@@@_STL@@@_STL@@QAE@ABV?$allocator@VQueuedDownload@@@1@@Z,0x00046ADD,pinharvest x1 (thunk)
??0?$list@VQueuedDownload@@V?$allocator@VQueuedDownload@@@_STL@@@_STL@@QAE@ABV?$allocator@VQueuedDownload@@@1@@Z,0x00048667,pinharvest x1 (thunk)
??0?$pair@$$CBVAsciiString@@VArchivedFileInfo@@@_STL@@QAE@ABU01@@Z,0x0001005F,pinharvest x1 (thunk)
??0?$pair@$$CBVAsciiString@@VArchivedFileInfo@@@_STL@@QAE@ABU01@@Z,0x00018ACA,pinharvest x1 (thunk)
??0?$pair@$$CBVAsciiString@@VArchivedFileInfo@@@_STL@@QAE@ABU01@@Z,0x00024BC7,pinharvest x1 (thunk)
??0?$pair@$$CBVAsciiString@@VArchivedFileInfo@@@_STL@@QAE@ABU01@@Z,0x00038550,pinharvest x1 (thunk)
??0?$pair@$$CBVAsciiString@@VArchivedFileInfo@@@_STL@@QAE@ABU01@@Z,0x0003F170,pinharvest x1 (thunk)
??0?$pair@$$CBVAsciiString@@VArchivedFileInfo@@@_STL@@QAE@ABU01@@Z,0x000451D3,pinharvest x1 (thunk)
??0?$vector@UICoord2D@@V?$allocator@UICoord2D@@@_STL@@@_STL@@QAE@ABV?$allocator@UICoord2D@@@1@@Z,0x00008DCD,pinharvest x1 (thunk)
??0?$vector@UICoord2D@@V?$allocator@UICoord2D@@@_STL@@@_STL@@QAE@ABV?$allocator@UICoord2D@@@1@@Z,0x0001F5D2,pinharvest x1 (thunk)
??0?$vector@UICoord2D@@V?$allocator@UICoord2D@@@_STL@@@_STL@@QAE@ABV?$allocator@UICoord2D@@@1@@Z,0x00039022,pinharvest x1 (thunk)
??0?$vector@UICoord2D@@V?$allocator@UICoord2D@@@_STL@@@_STL@@QAE@ABV?$allocator@UICoord2D@@@1@@Z,0x0004314E,pinharvest x2 (thunk)
??0?$vector@UICoord2D@@V?$allocator@UICoord2D@@@_STL@@@_STL@@QAE@ABV?$allocator@UICoord2D@@@1@@Z,0x00046ADD,pinharvest x1 (thunk)
??0?$vector@UICoord2D@@V?$allocator@UICoord2D@@@_STL@@@_STL@@QAE@ABV?$allocator@UICoord2D@@@1@@Z,0x00048667,pinharvest x1 (thunk)
??0?$vector@VAsciiString@@V?$allocator@VAsciiString@@@_STL@@@_STL@@QAE@ABV01@@Z,0x000D2E70,SubsystemLegend.cpp TU copy of vector<AsciiString> copy ctor
??0?$vector@VAsciiString@@V?$allocator@VAsciiString@@@_STL@@@_STL@@QAE@ABV?$allocator@VAsciiString@@@1@@Z,0x00008DCD,pinharvest x1 (thunk)
??0?$vector@VAsciiString@@V?$allocator@VAsciiString@@@_STL@@@_STL@@QAE@ABV?$allocator@VAsciiString@@@1@@Z,0x0001F5D2,pinharvest x1 (thunk)
??0?$vector@VAsciiString@@V?$allocator@VAsciiString@@@_STL@@@_STL@@QAE@ABV?$allocator@VAsciiString@@@1@@Z,0x00039022,pinharvest x1 (thunk)
??0?$vector@VAsciiString@@V?$allocator@VAsciiString@@@_STL@@@_STL@@QAE@ABV?$allocator@VAsciiString@@@1@@Z,0x0004314E,pinharvest x2 (thunk)
??0?$vector@VAsciiString@@V?$allocator@VAsciiString@@@_STL@@@_STL@@QAE@ABV?$allocator@VAsciiString@@@1@@Z,0x00046ADD,pinharvest x1 (thunk)
??0?$vector@VAsciiString@@V?$allocator@VAsciiString@@@_STL@@@_STL@@QAE@ABV?$allocator@VAsciiString@@@1@@Z,0x00048667,pinharvest x1 (thunk)
??0?@V?@@@FXParticleSystem@@@FXParticleSystem@@QAE@ABV01@@Z,0x0002D06A,DefaultModuleTag clone copy-ctor pin
??0?@V?@@FXParticleSystem@@3QBDB@2@3QBDBVSphericalEmissionVelocityModule@2@VSphericalEmissionVelocityModuleTemplate@2@V?@@2@V?@@2@@FXParticleSystem@@@FXParticleSystem@@QAE@ABV01@@Z,0x00020DD3,SphericalEmissionVelocity clone copy-ctor pin
??0?@V?@@FXParticleSystem@@@FXParticleSystem@@QAE@ABV01@@Z,0x0001ADFC,DefaultModuleTag clone copy-ctor pin
??0?\@UOrthoEmissionVelocityModuleTag@FXParticleSystem@@@FXParticleSystem@@QAE@ABV01@@Z,0x00021CB0,OrthoEmissionVelocity clone copy-ctor pin
??0?\@UPointEmissionVolumeModuleTag@FXParticleSystem@@@FXParticleSystem@@QAE@ABV01@@Z,0x000391A3,Concrete PointEmissionVolume copy ctor pin
??0AIMoveToState@@QAE@PAVStateMachine@@@Z,0x0000C6E9,pinharvest x1 (thunk)
??0AIMoveToState@@QAE@PAVStateMachine@@@Z,0x000192A4,pinharvest x1 (thunk)
??0AIMoveToState@@QAE@PAVStateMachine@@@Z,0x0001D8AE,pinharvest x1 (thunk)
??0AIMoveToState@@QAE@PAVStateMachine@@@Z,0x0002AA4A,pinharvest x1 (thunk)
??0AIMoveToState@@QAE@PAVStateMachine@@@Z,0x0003FB61,pinharvest x1 (thunk)
??0AIMoveToState@@QAE@PAVStateMachine@@@Z,0x00046DE9,pinharvest x1 (thunk)
??0AIUpdateModuleData@@QAE@XZ,0x00010B2C,derived-ICF
??0ActiveBody@@QAE@PAVThing@@PBVModuleData@@@Z,0x00211A50,BFME ActiveBody constructor body
??0ActiveBodyModuleData@@QAE@XZ,0x00001780,pinharvest x1 (thunk)
??0ActiveBodyModuleData@@QAE@XZ,0x0001ECBD,pinharvest x1 (thunk)
??0ActiveBodyModuleData@@QAE@XZ,0x0002C9D0,pinharvest x1 (thunk)
??0ActiveBodyModuleData@@QAE@XZ,0x0002E069,pinharvest x1 (thunk)
??0ActiveShroudUpgrade@@QAE@PAVThing@@PBVModuleData@@@Z,0x0004709B
??0ActiveShroudUpgradeModuleData@@QAE@XZ,0x00010C80,pinharvest x1 (thunk)
??0ActiveShroudUpgradeModuleData@@QAE@XZ,0x00022877,pinharvest x1 (thunk)
??0ActiveShroudUpgradeModuleData@@QAE@XZ,0x00023DCB,pinharvest x1 (thunk)
??0ActiveShroudUpgradeModuleData@@QAE@XZ,0x0003C556,pinharvest x1 (thunk)
??0ActiveShroudUpgradeModuleData@@QAE@XZ,0x00046B5A,pinharvest x1 (thunk)
??0ActiveShroudUpgradeModuleData@@QAE@XZ,0x00048A3B,pinharvest x1 (thunk)
??0AdaptiveDeltaMotionChannelClass@@QAE@XZ,0x00978340
??0Animatable3DObjClass@@QAE@ABV0@@Z,0x00982D10
??0Animatable3DObjClass@@QAE@PBD@Z,0x00981EF0
??0AnimateWindow@@QAE@XZ,0x0002DD44,ILT thunk -> 0x45CEE0; retail call sites use the thunk
??0AnimationSteeringUpdateModuleData@@QAE@XZ,0x0001FABE,pinharvest x1 (thunk)
??0AnimationSteeringUpdateModuleData@@QAE@XZ,0x0001FEB0,pinharvest x1 (thunk)
??0AnimationSteeringUpdateModuleData@@QAE@XZ,0x000283F3,pinharvest x1 (thunk)
??0AnimationSteeringUpdateModuleData@@QAE@XZ,0x0002DABA,pinharvest x1 (thunk)
??0AnimationSteeringUpdateModuleData@@QAE@XZ,0x00043969,pinharvest x1 (thunk)
??0AnimationSteeringUpdateModuleData@@QAE@XZ,0x0004601A,pinharvest x1 (thunk)
??0ArchiveFile@@QAE@XZ,0x009D10B0
??0ArchivedDirectoryInfo@@QAE@ABV0@@Z,0x009CA8F0,pinharvest x1 (body)
??0ArchivedDirectoryInfo@@QAE@ABV0@@Z,0x009D0DB0,pinharvest x1 (body)
??0ArchivedDirectoryInfo@@QAE@XZ,0x009CA460,the only non-allocator call in ArchiveFileSystem::ArchiveFileSystem at 0x009CAA34; m_rootDirectory is the only member needing a constructor
??0ArchivedFileInfo@@QAE@XZ,0x009CC650,archive directory entry ctor
??0ArmorUpgrade@@QAE@PAVThing@@PBVModuleData@@@Z,0x0003582D,module ctor (friend_newModuleInstance retail call target)
??0ArrowStormUpdateModuleDataBase@@QAE@XZ,0x0003F503,ArrowStormUpdateModuleData ctor base
??0AsciiString@@AAE@PBD@Z,0x00888BC0,probe: plain-class variant of the StringBase<char> const char* constructor
??0AsciiString@@QAE@ABV0@@Z,0x00887B60,pinharvest x4 (body)
??0AsciiString@@QAE@PBD@Z,0x00888BC0,pinharvest x4 (body)
??0AssistedTargetingUpdateModuleData@@QAE@XZ,0x000104B5,pinharvest x1 (thunk)
??0AssistedTargetingUpdateModuleData@@QAE@XZ,0x0001790E,pinharvest x1 (thunk)
??0AssistedTargetingUpdateModuleData@@QAE@XZ,0x0001D4EE,pinharvest x1 (thunk)
??0AssistedTargetingUpdateModuleData@@QAE@XZ,0x0001E254,pinharvest x1 (thunk)
??0AssistedTargetingUpdateModuleData@@QAE@XZ,0x0001F7F3,pinharvest x1 (thunk)
??0AssistedTargetingUpdateModuleData@@QAE@XZ,0x00038F5A,pinharvest x1 (thunk)
??0AttributeModifierAuraUpdateModuleData@@QAE@XZ,0x00015C21,retail ModuleFactory registration ordinal 0x79
??0AutoDepositUpdate@@QAE@PAVThing@@PBVModuleData@@@Z,0x00C15D,module ctor (friend_newModuleInstance retail call target)
??0AutoDepositUpdateModuleData@@QAE@XZ,0x00001780,pinharvest x1 (thunk)
??0AutoDepositUpdateModuleData@@QAE@XZ,0x0001ECBD,pinharvest x1 (thunk)
??0AutoDepositUpdateModuleData@@QAE@XZ,0x0002C9D0,pinharvest x1 (thunk)
??0AutoDepositUpdateModuleData@@QAE@XZ,0x0002E069,pinharvest x1 (thunk)
??0AutoFindHealingUpdate@@QAE@PAVThing@@PBVModuleData@@@Z,0x02E12C,module ctor (friend_newModuleInstance retail call target)
??0AutoFindHealingUpdateModuleData@@QAE@XZ,0x0001D4EE,module-glue cascade callee (from retail call site)
??0AutoHealBehaviorModuleData@@QAE@XZ,0x1528a,AutoHealBehavior friend_newModuleData ctor
??0BFMEAutoLockRef@@QAE@PAVBFMENetworkLock@@I@Z,0x009DB3B0,native BFME lock-ref acquire helper
??0BFMENetRequestPlayerLeaveCommandMsg@@QAE@XZ,0x006741F0,the constructor; the ledger row at that address carries native_netcommandmsg.cpp's ?construct@ name for the same body
??0BFMENetworkLock@@QAE@PBD@Z,0x009DB320,native BFME network mutex constructor
??0BFMENetworkState@@QAE@XZ,0x0004048A,native BFME network state constructor ILT
??0BFMENetworkThreadBase@@QAE@PBD@Z,0x009DB4E0,native BFME network-thread base constructor
??0BFMEPlayerTemplateAsciiString@@QAE@PBD@Z,0x00888BC0,PlayerTemplate time-change retail AsciiString constructor owner
??0BFMERetailAsciiString@@QAE@PBD@Z,0x00888BC0
??0BFMERetailFontLibrary@@QAE@XZ,0x0000FDF3
??0BFME_ModuleInfoNuggetCopyLayout@@QAE@ABU0@@Z,0x0004ABEC,retail ILT target for isolated ModuleInfo Nugget copy helper
??0BaikonurLaunchPowerModuleData@@QAE@XZ,0x0001ABF9,pinharvest x1 (thunk)
??0BaikonurLaunchPowerModuleData@@QAE@XZ,0x00037A51,pinharvest x1 (thunk)
??0BaikonurLaunchPowerModuleData@@QAE@XZ,0x0003BDE5,pinharvest x1 (thunk)
??0BaikonurLaunchPowerModuleData@@QAE@XZ,0x00044FA8,pinharvest x1 (thunk)
??0BannerCarrierUpdate@@QAE@PAVThing@@PBVModuleData@@@Z,0x0003DB36,BannerCarrierUpdate ctor for friend_new
??0BaseModuleData@@QAE@XZ,0x00048A3B,TensileFormationUpdateModuleData base ctor
??0BaseRegenerateUpdateModuleData@@QAE@XZ,0x0001066D,pinharvest x1 (thunk)
??0BaseRegenerateUpdateModuleData@@QAE@XZ,0x00014E20,pinharvest x1 (thunk)
??0BaseRegenerateUpdateModuleData@@QAE@XZ,0x000317C8,pinharvest x1 (thunk)
??0BaseRegenerateUpdateModuleData@@QAE@XZ,0x00045737,pinharvest x1 (thunk)
??0BattlePlanUpdateModuleData@@QAE@XZ,0x0003025B
??0BeaconClientUpdate@@QAE@PAVThing@@PBVModuleData@@@Z,0x0001D3AE,pinharvest x1 (thunk)
??0BeaconClientUpdate@@QAE@PAVThing@@PBVModuleData@@@Z,0x0001F5C3,pinharvest x1 (thunk)
??0BeaconClientUpdate@@QAE@PAVThing@@PBVModuleData@@@Z,0x0002070C,pinharvest x1 (thunk)
??0BeaconClientUpdate@@QAE@PAVThing@@PBVModuleData@@@Z,0x0002DED4,pinharvest x1 (thunk)
??0BeaconClientUpdate@@QAE@PAVThing@@PBVModuleData@@@Z,0x0003CF56,pinharvest x1 (thunk)
??0BeaconClientUpdate@@QAE@PAVThing@@PBVModuleData@@@Z,0x0003ECA7,pinharvest x1 (thunk)
??0BeaconClientUpdateModuleData@@QAE@XZ,0x000286C3,module-glue cascade callee (from retail call site)
??0BezierSegment@@QAE@XZ,0x00043A9A
??0BfmeLegendString@@QAE@ABU0@@Z,0x00887B60,SubsystemLegend.cpp AsciiString stand-in copy ctor (StringBase<char> copy ctor body)
??0BfmeLegendString@@QAE@PBD@Z,0x00888BC0,SubsystemLegend.cpp AsciiString stand-in ctor from const char*
??0BfmeLegendStringVec@@QAE@ABU0@@Z,0x000D2E70,SubsystemLegend.cpp vector<AsciiString> stand-in copy ctor
??0BinkVideoPlayer@@QAE@XZ,0x0000B0A5,pinharvest x1 (thunk)
??0BinkVideoPlayer@@QAE@XZ,0x00045AF7,pinharvest x1 (thunk)
??0BoneFXDamage@@QAE@PAVThing@@PBVModuleData@@@Z,0x0001D3AE,pinharvest x1 (thunk)
??0BoneFXDamage@@QAE@PAVThing@@PBVModuleData@@@Z,0x0001F5C3,pinharvest x1 (thunk)
??0BoneFXDamage@@QAE@PAVThing@@PBVModuleData@@@Z,0x0002070C,pinharvest x1 (thunk)
??0BoneFXDamage@@QAE@PAVThing@@PBVModuleData@@@Z,0x0002DED4,pinharvest x1 (thunk)
??0BoneFXDamage@@QAE@PAVThing@@PBVModuleData@@@Z,0x0003CF56,pinharvest x1 (thunk)
??0BoneFXDamage@@QAE@PAVThing@@PBVModuleData@@@Z,0x0003ECA7,pinharvest x1 (thunk)
??0BoneFXUpdate@@QAE@PAVThing@@PBVModuleData@@@Z,0x0000264E,module ctor (friend_newModuleInstance retail call target)
??0BoxRenderObjClass@@QAE@ABUW3dBoxStruct@@@Z,0x00956D30
??0BridgeBehaviorModuleData@@QAE@XZ,0x0001F7F3,module-glue cascade callee (from retail call site)
??0BridgeScaffoldBehavior@@QAE@PAVThing@@PBVModuleData@@@Z,0x01002D,module ctor (friend_newModuleInstance retail call target)
??0BroadcastStealthUpdateModuleData@@QAE@XZ,0x1e907,BroadcastStealth friend_newModuleData ctor
??0BuddyInfo@@QAE@ABV0@@Z,0x0000C815,pinharvest x1 (thunk)
??0BuddyInfo@@QAE@ABV0@@Z,0x000242D5,pinharvest x1 (thunk)
??0BuddyInfo@@QAE@ABV0@@Z,0x0003B647,pinharvest x1 (thunk)
??0BuddyInfo@@QAE@ABV0@@Z,0x0003F382,pinharvest x1 (thunk)
??0BuddyInfo@@QAE@ABV0@@Z,0x00048329,pinharvest x1 (thunk)
??0BuddyInfo@@QAE@ABV0@@Z,0x00887B60,pinharvest x4 (body)
??0Buffer@@QAE@J@Z,0x009E1DA0
??0Buffer@@QAE@PAXJ@Z,0x009E1CE0,Buffer::Buffer(void*, long)
??0BufferPipe@@QAE@PAXH@Z,0x009E2010
??0BufferStraw@@QAE@PBXH@Z,0x00921730
??0BunkerBusterBehavior@@QAE@PAVThing@@PBVModuleData@@@Z,0x00037619,derived-ICF
??0BunkerBusterBehaviorModuleData@@QAE@XZ,0x00010B2C,derived-ICF
??0CDDrive@@QAE@XZ,0x0002E997
??0CameraClass@@QAE@ABV0@@Z,0x00932690,CameraClass copy ctor (located from binary via Clone)
??0CashBountyPowerModuleData@@QAE@XZ,0x0001ABF9,pinharvest x1 (thunk)
??0CashBountyPowerModuleData@@QAE@XZ,0x00037A51,pinharvest x1 (thunk)
??0CashBountyPowerModuleData@@QAE@XZ,0x0003BDE5,pinharvest x1 (thunk)
??0CashBountyPowerModuleData@@QAE@XZ,0x00044FA8,pinharvest x1 (thunk)
??0CashHackSpecialPower@@QAE@PAVThing@@PBVModuleData@@@Z,0x00014245,ModuleFactory retail instance constructor
??0CashHackSpecialPowerModuleData@@QAE@XZ,0x0001235A,derived-ICF
??0CastleMemberBehavior@@QAE@PAVThing@@PBVModuleData@@@Z,0x000060F5,CastleMemberBehavior ctor for friend_new
??0Cftp@@QAE@XZ,0x00885AD0
??0CheckpointUpdate@@QAE@PAVThing@@PBVModuleData@@@Z,0x00037619,derived-ICF
??0CivilianSpawnCollideBase@@QAE@PAVThing@@PBVModuleData@@@Z,0x000170E4,CivilianSpawnCollide ctor base
??0CleanupAreaPowerModuleData@@QAE@XZ,0x0001ABF9,pinharvest x1 (thunk)
??0CleanupAreaPowerModuleData@@QAE@XZ,0x00037A51,pinharvest x1 (thunk)
??0CleanupAreaPowerModuleData@@QAE@XZ,0x0003BDE5,pinharvest x1 (thunk)
??0CleanupAreaPowerModuleData@@QAE@XZ,0x00044FA8,pinharvest x1 (thunk)
??0CleanupHazardUpdate@@QAE@PAVThing@@PBVModuleData@@@Z,0x00004C9B,pinharvest x1 (thunk)
??0CleanupHazardUpdate@@QAE@PAVThing@@PBVModuleData@@@Z,0x0000AD26,pinharvest x1 (thunk)
??0CleanupHazardUpdate@@QAE@PAVThing@@PBVModuleData@@@Z,0x0000FA38,pinharvest x1 (thunk)
??0CleanupHazardUpdate@@QAE@PAVThing@@PBVModuleData@@@Z,0x0001B73E,pinharvest x1 (thunk)
??0CleanupHazardUpdate@@QAE@PAVThing@@PBVModuleData@@@Z,0x0004A345,pinharvest x1 (thunk)
??0CleanupHazardUpdateModuleData@@QAE@XZ,0x000118E7,pinharvest x1 (thunk)
??0CleanupHazardUpdateModuleData@@QAE@XZ,0x000261CA,pinharvest x1 (thunk)
??0CleanupHazardUpdateModuleData@@QAE@XZ,0x0003035A,pinharvest x1 (thunk)
??0CleanupHazardUpdateModuleData@@QAE@XZ,0x00030BC0,pinharvest x1 (thunk)
??0CleanupHazardUpdateModuleData@@QAE@XZ,0x00038E97,pinharvest x1 (thunk)
??0CleanupHazardUpdateModuleData@@QAE@XZ,0x0003E4A5,pinharvest x1 (thunk)
??0ClearanceTestingSlowDeathBehaviorBase@@QAE@PAVThing@@PBVModuleData@@@Z,0x000447FB,ClearanceTestingSlowDeathBehavior ctor base (ICF74 shared)
??0ClientUpdateModule@@QAE@PAVThing@@PBVModuleData@@@Z,0x00002874,Open-BFME5 SwayClientUpdate base ctor pin
??0CommandButtonHuntUpdate@@QAE@PAVThing@@PBVModuleData@@@Z,0x020DCE,module ctor (friend_newModuleInstance retail call target)
??0CommandButtonHuntUpdateModuleData@@QAE@XZ,0x0002E500,module-glue cascade callee (from retail call site)
??0CommandSetUpgrade@@QAE@PAVThing@@PBVModuleData@@@Z,0x0003BB65,module ctor (friend_newModuleInstance retail call target)
??0ContestableContainModuleDataBase@@QAE@XZ,0x00014565,ContestableContainModuleData ctor base
??0ControlBarSchemeImage@@QAE@XZ,0x00028489,parseAnimatingPartImage callee ILT thunk to 0x4ACD00
??0ConvertToCarBombCrateCollide@@QAE@PAVThing@@PBVModuleData@@@Z,0x0001D3AE,pinharvest x1 (thunk)
??0ConvertToCarBombCrateCollide@@QAE@PAVThing@@PBVModuleData@@@Z,0x0001F5C3,pinharvest x1 (thunk)
??0ConvertToCarBombCrateCollide@@QAE@PAVThing@@PBVModuleData@@@Z,0x0002070C,pinharvest x1 (thunk)
??0ConvertToCarBombCrateCollide@@QAE@PAVThing@@PBVModuleData@@@Z,0x0002DED4,pinharvest x1 (thunk)
??0ConvertToCarBombCrateCollide@@QAE@PAVThing@@PBVModuleData@@@Z,0x0003CF56,pinharvest x1 (thunk)
??0ConvertToCarBombCrateCollide@@QAE@PAVThing@@PBVModuleData@@@Z,0x0003ECA7,pinharvest x1 (thunk)
??0ConvertToHijackedVehicleCrateCollide@@QAE@PAVThing@@PBVModuleData@@@Z,0x0001D3AE,pinharvest x1 (thunk)
??0ConvertToHijackedVehicleCrateCollide@@QAE@PAVThing@@PBVModuleData@@@Z,0x0001F5C3,pinharvest x1 (thunk)
??0ConvertToHijackedVehicleCrateCollide@@QAE@PAVThing@@PBVModuleData@@@Z,0x0002070C,pinharvest x1 (thunk)
??0ConvertToHijackedVehicleCrateCollide@@QAE@PAVThing@@PBVModuleData@@@Z,0x0002DED4,pinharvest x1 (thunk)
??0ConvertToHijackedVehicleCrateCollide@@QAE@PAVThing@@PBVModuleData@@@Z,0x0003CF56,pinharvest x1 (thunk)
??0ConvertToHijackedVehicleCrateCollide@@QAE@PAVThing@@PBVModuleData@@@Z,0x0003ECA7,pinharvest x1 (thunk)
??0CostModifierUpgradeModuleData@@QAE@XZ,0x0000B997,pinharvest x1 (thunk)
??0CostModifierUpgradeModuleData@@QAE@XZ,0x00016C39,pinharvest x1 (thunk)
??0CostModifierUpgradeModuleData@@QAE@XZ,0x00025D47,pinharvest x1 (thunk)
??0CountermeasuresBehavior@@QAE@PAVThing@@PBVModuleData@@@Z,0x00006780,pinharvest x1 (thunk)
??0CountermeasuresBehavior@@QAE@PAVThing@@PBVModuleData@@@Z,0x0002CD4F,pinharvest x1 (thunk)
??0CountermeasuresBehavior@@QAE@PAVThing@@PBVModuleData@@@Z,0x00048167,pinharvest x1 (thunk)
??0CountermeasuresBehaviorBase@@QAE@PAVThing@@PBVModuleData@@@Z,0x000447FB,CountermeasuresBehavior ctor base (ICF74 shared)
??0CountermeasuresBehaviorModuleData@@QAE@XZ,0x0003025B,derived-ICF
??0CrateCollide@@QAE@PAVThing@@PBVModuleData@@@Z,0x00217660,BFME CrateCollide ctor body; ILT 0x0002AC43 used by legacy crate constructors
??0CrateCollide@@QAE@PAVThing@@PBVModuleData@@@Z,0x0024F450,late-layout CrateCollide ctor body; ILT 0x00026CAB used by constructor group at 0x0024FC20
??0CreateCrateDie@@QAE@PAVThing@@PBVModuleData@@@Z,0x0001D3AE,pinharvest x1 (thunk)
??0CreateCrateDie@@QAE@PAVThing@@PBVModuleData@@@Z,0x0001F5C3,pinharvest x1 (thunk)
??0CreateCrateDie@@QAE@PAVThing@@PBVModuleData@@@Z,0x0002070C,pinharvest x1 (thunk)
??0CreateCrateDie@@QAE@PAVThing@@PBVModuleData@@@Z,0x0002DED4,pinharvest x1 (thunk)
??0CreateCrateDie@@QAE@PAVThing@@PBVModuleData@@@Z,0x0003CF56,pinharvest x1 (thunk)
??0CreateCrateDie@@QAE@PAVThing@@PBVModuleData@@@Z,0x0003ECA7,pinharvest x1 (thunk)
??0CreateCrateDieModuleData@@QAE@XZ,0x0000497B,pinharvest x1 (thunk)
??0CreateCrateDieModuleData@@QAE@XZ,0x00009AC0,pinharvest x1 (thunk)
??0CreateCrateDieModuleData@@QAE@XZ,0x0000E5A7,pinharvest x1 (thunk)
??0CreateCrateDieModuleData@@QAE@XZ,0x0000F6BE,pinharvest x1 (thunk)
??0CreateCrateDieModuleData@@QAE@XZ,0x000246CC,pinharvest x1 (thunk)
??0CreateCrateDieModuleData@@QAE@XZ,0x0004A250,pinharvest x1 (thunk)
??0CreateObjectDie@@QAE@PAVThing@@PBVModuleData@@@Z,0x0001D3AE,pinharvest x1 (thunk)
??0CreateObjectDie@@QAE@PAVThing@@PBVModuleData@@@Z,0x0001F5C3,pinharvest x1 (thunk)
??0CreateObjectDie@@QAE@PAVThing@@PBVModuleData@@@Z,0x0002070C,pinharvest x1 (thunk)
??0CreateObjectDie@@QAE@PAVThing@@PBVModuleData@@@Z,0x0002DED4,pinharvest x1 (thunk)
??0CreateObjectDie@@QAE@PAVThing@@PBVModuleData@@@Z,0x0003CF56,pinharvest x1 (thunk)
??0CreateObjectDie@@QAE@PAVThing@@PBVModuleData@@@Z,0x0003ECA7,pinharvest x1 (thunk)
??0CreateObjectDieModuleData@@QAE@XZ,0x00010B2C,derived-ICF
??0CriticalSectionClass@@QAE@XZ,0x009DB420
??0CrushDie@@QAE@PAVThing@@PBVModuleData@@@Z,0x0001D3AE,pinharvest x1 (thunk)
??0CrushDie@@QAE@PAVThing@@PBVModuleData@@@Z,0x0001F5C3,pinharvest x1 (thunk)
??0CrushDie@@QAE@PAVThing@@PBVModuleData@@@Z,0x0002070C,pinharvest x1 (thunk)
??0CrushDie@@QAE@PAVThing@@PBVModuleData@@@Z,0x0002DED4,pinharvest x1 (thunk)
??0CrushDie@@QAE@PAVThing@@PBVModuleData@@@Z,0x0003CF56,pinharvest x1 (thunk)
??0CrushDie@@QAE@PAVThing@@PBVModuleData@@@Z,0x0003ECA7,pinharvest x1 (thunk)
??0CullNodeStruct@AABTreeBuilderClass@@QAE@XZ,0x0096B500
??0CullSystemClass@@QAE@XZ,0x008E2140
??0CustomMatchPreferences@@QAE@XZ,0x0000B0F5
??0DamDie@@QAE@PAVThing@@PBVModuleData@@@Z,0x0001D3AE,pinharvest x1 (thunk)
??0DamDie@@QAE@PAVThing@@PBVModuleData@@@Z,0x0001F5C3,pinharvest x1 (thunk)
??0DamDie@@QAE@PAVThing@@PBVModuleData@@@Z,0x0002070C,pinharvest x1 (thunk)
??0DamDie@@QAE@PAVThing@@PBVModuleData@@@Z,0x0002DED4,pinharvest x1 (thunk)
??0DamDie@@QAE@PAVThing@@PBVModuleData@@@Z,0x0003CF56,pinharvest x1 (thunk)
??0DamDie@@QAE@PAVThing@@PBVModuleData@@@Z,0x0003ECA7,pinharvest x1 (thunk)
??0DamDieModuleData@@QAE@XZ,0x000015FA,pinharvest x1 (thunk)
??0DamDieModuleData@@QAE@XZ,0x0001A98D,pinharvest x1 (thunk)
??0DamDieModuleData@@QAE@XZ,0x0002EB04,pinharvest x1 (thunk)
??0DamDieModuleData@@QAE@XZ,0x0002EF55,pinharvest x1 (thunk)
??0DamDieModuleData@@QAE@XZ,0x0004A426,pinharvest x1 (thunk)
??0DarknessSpecialPowerModuleDataBase@@QAE@XZ,0x00015C44,DarknessSpecialPowerModuleData base ctor
??0DefaultProductionExitUpdate@@QAE@PAVThing@@PBVModuleData@@@Z,0x00025581,module ctor (friend_newModuleInstance retail call target)
??0DefectorSpecialPowerModuleData@@QAE@XZ,0x0001ABF9,pinharvest x1 (thunk)
??0DefectorSpecialPowerModuleData@@QAE@XZ,0x00037A51,pinharvest x1 (thunk)
??0DefectorSpecialPowerModuleData@@QAE@XZ,0x0003BDE5,pinharvest x1 (thunk)
??0DefectorSpecialPowerModuleData@@QAE@XZ,0x00044FA8,pinharvest x1 (thunk)
??0DeflectSpecialPowerModuleData@@QAE@XZ,0x00046259,DeflectSpecialPower ModuleData ctor
??0DelayedLuaEventUpdateModuleData@@QAE@XZ,0x00014E20,DelayedLuaEventUpdate ModuleData ctor
??0DeletionUpdate@@QAE@PAVThing@@PBVModuleData@@@Z,0x016C52,module ctor (friend_newModuleInstance retail call target)
??0DeliverPayloadAIUpdateModuleData@@QAE@XZ,0x0000B997,pinharvest x1 (thunk)
??0DeliverPayloadAIUpdateModuleData@@QAE@XZ,0x00016C39,pinharvest x1 (thunk)
??0DeliverPayloadAIUpdateModuleData@@QAE@XZ,0x00025D47,pinharvest x1 (thunk)
??0DemoTrapUpdate@@QAE@PAVThing@@PBVModuleData@@@Z,0x02BF4E,module ctor (friend_newModuleInstance retail call target)
??0DemoTrapUpdateModuleData@@QAE@XZ,0x0002BFF8,derived-ICF
??0DestroyDie@@QAE@PAVThing@@PBVModuleData@@@Z,0x0001D3AE,pinharvest x1 (thunk)
??0DestroyDie@@QAE@PAVThing@@PBVModuleData@@@Z,0x0001F5C3,pinharvest x1 (thunk)
??0DestroyDie@@QAE@PAVThing@@PBVModuleData@@@Z,0x0002070C,pinharvest x1 (thunk)
??0DestroyDie@@QAE@PAVThing@@PBVModuleData@@@Z,0x0002DED4,pinharvest x1 (thunk)
??0DestroyDie@@QAE@PAVThing@@PBVModuleData@@@Z,0x0003CF56,pinharvest x1 (thunk)
??0DestroyDie@@QAE@PAVThing@@PBVModuleData@@@Z,0x0003ECA7,pinharvest x1 (thunk)
??0DetailedArchivedDirectoryInfo@@QAE@ABV0@@Z,0x009CA8F0,pinharvest x1 (body)
??0DetailedArchivedDirectoryInfo@@QAE@ABV0@@Z,0x009D0DB0,pinharvest x1 (body)
??0DevastateSpecialPowerModuleDataBase@@QAE@XZ,0x00015C44,DevastateSpecialPowerModuleData base ctor
??0DieModuleData@@QAE@XZ,0x000015FA,pinharvest x1 (thunk)
??0DieModuleData@@QAE@XZ,0x0001A98D,pinharvest x1 (thunk)
??0DieModuleData@@QAE@XZ,0x0002EB04,pinharvest x1 (thunk)
??0DieModuleData@@QAE@XZ,0x0002EF55,pinharvest x1 (thunk)
??0DieModuleData@@QAE@XZ,0x0004A426,pinharvest x1 (thunk)
??0DieMuxData@@QAE@XZ,0x000057B8,pinharvest x1 (thunk)
??0DirectInputKeyboard@@QAE@XZ,0x000120D0,DirectInputKeyboard ctor thunk; createKeyboard@W3DGameClient factory REL32
??0DisplayStringManager@@QAE@XZ,0x0000F7A9
??0DockUpdateModuleData@@QAE@XZ,0x0002C54D
??0DownloadManager@@QAE@XZ,0x0001958D,ILT thunk used by call site
??0DozerAIUpdateModuleData@@QAE@XZ,0x0002BFF8
??0DrawableModule@@QAE@PAVThing@@PBVModuleData@@@Z,0x00002874,SwayClientUpdate base ctor from retail call site
??0DynamicGeometryInfoUpdate@@QAE@PAVThing@@PBVModuleData@@@Z,0x00048338
??0DynamicGeometryInfoUpdateModuleData@@QAE@XZ,0x00022B15,pinharvest x1 (thunk)
??0DynamicGeometryInfoUpdateModuleData@@QAE@XZ,0x0002AE6E,pinharvest x1 (thunk)
??0DynamicGeometryInfoUpdateModuleData@@QAE@XZ,0x000331A9,pinharvest x1 (thunk)
??0EMPUpdate@@QAE@PAVThing@@PBVModuleData@@@Z,0x00004D36,pinharvest x1 (thunk)
??0EMPUpdate@@QAE@PAVThing@@PBVModuleData@@@Z,0x0000C199,pinharvest x1 (thunk)
??0EMPUpdate@@QAE@PAVThing@@PBVModuleData@@@Z,0x00025581,pinharvest x1 (thunk)
??0EMPUpdate@@QAE@PAVThing@@PBVModuleData@@@Z,0x00041547,pinharvest x1 (thunk)
??0EMPUpdate@@QAE@PAVThing@@PBVModuleData@@@Z,0x00048B9E,pinharvest x1 (thunk)
??0EjectPilotDie@@QAE@PAVThing@@PBVModuleData@@@Z,0x0001D3AE,pinharvest x1 (thunk)
??0EjectPilotDie@@QAE@PAVThing@@PBVModuleData@@@Z,0x0001F5C3,pinharvest x1 (thunk)
??0EjectPilotDie@@QAE@PAVThing@@PBVModuleData@@@Z,0x0002070C,pinharvest x1 (thunk)
??0EjectPilotDie@@QAE@PAVThing@@PBVModuleData@@@Z,0x0002DED4,pinharvest x1 (thunk)
??0EjectPilotDie@@QAE@PAVThing@@PBVModuleData@@@Z,0x0003CF56,pinharvest x1 (thunk)
??0EjectPilotDie@@QAE@PAVThing@@PBVModuleData@@@Z,0x0003ECA7,pinharvest x1 (thunk)
??0EjectPilotDieModuleData@@QAE@XZ,0x00022B15,pinharvest x1 (thunk)
??0EjectPilotDieModuleData@@QAE@XZ,0x0002AE6E,pinharvest x1 (thunk)
??0EjectPilotDieModuleData@@QAE@XZ,0x000331A9,pinharvest x1 (thunk)
??0ElvenWoodSpecialPowerModuleDataBase@@QAE@XZ,0x00015C44,ElvenWood SpecialPower base (shared 0x15c44)
??0ExperienceLevelCreateBase@@QAE@PAVThing@@PBVModuleData@@@Z,0x00026CAB,ExperienceLevelCreate ctor base
??0ExperienceScalarUpgrade@@QAE@PAVThing@@PBVModuleData@@@Z,0x000380D2,module ctor (friend_newModuleInstance retail call target)
??0ExperienceScalarUpgradeModuleData@@QAE@XZ,0x00010C80,pinharvest x1 (thunk)
??0ExperienceScalarUpgradeModuleData@@QAE@XZ,0x00022877,pinharvest x1 (thunk)
??0ExperienceScalarUpgradeModuleData@@QAE@XZ,0x00023DCB,pinharvest x1 (thunk)
??0ExperienceScalarUpgradeModuleData@@QAE@XZ,0x0003C556,pinharvest x1 (thunk)
??0ExperienceScalarUpgradeModuleData@@QAE@XZ,0x00046B5A,pinharvest x1 (thunk)
??0ExperienceScalarUpgradeModuleData@@QAE@XZ,0x00048A3B,pinharvest x1 (thunk)
??0FXListDie@@QAE@PAVThing@@PBVModuleData@@@Z,0x00008878,pinharvest x1 (thunk)
??0FXListDie@@QAE@PAVThing@@PBVModuleData@@@Z,0x0000BAF0,pinharvest x1 (thunk)
??0FXListDie@@QAE@PAVThing@@PBVModuleData@@@Z,0x00034EDC,pinharvest x1 (thunk)
??0FXListDie@@QAE@PAVThing@@PBVModuleData@@@Z,0x00038C35,pinharvest x1 (thunk)
??0FXListDie@@QAE@PAVThing@@PBVModuleData@@@Z,0x0003DB36,pinharvest x1 (thunk)
??0FXListDie@@QAE@PAVThing@@PBVModuleData@@@Z,0x0004B510,pinharvest x1 (thunk)
??0FXListDieModuleData@@QAE@XZ,0x00025EBE,derived-ICF
??0FastAllocatorGeneral@@QAE@XZ,0x00B027B0
??0FellBeastSwoopPowerBase@@QAE@PAVThing@@PBVModuleData@@@Z,0x00013462,FellBeastSwoopPower ctor base
??0FileSystem@@QAE@XZ,0x00022CA5
??0FireOCLAfterWeaponCooldownUpdate@@QAE@PAVThing@@PBVModuleData@@@Z,0x00004D36,pinharvest x1 (thunk)
??0FireOCLAfterWeaponCooldownUpdate@@QAE@PAVThing@@PBVModuleData@@@Z,0x0000C199,pinharvest x1 (thunk)
??0FireOCLAfterWeaponCooldownUpdate@@QAE@PAVThing@@PBVModuleData@@@Z,0x00025581,pinharvest x1 (thunk)
??0FireOCLAfterWeaponCooldownUpdate@@QAE@PAVThing@@PBVModuleData@@@Z,0x00041547,pinharvest x1 (thunk)
??0FireOCLAfterWeaponCooldownUpdate@@QAE@PAVThing@@PBVModuleData@@@Z,0x00048B9E,pinharvest x1 (thunk)
??0FireOCLAfterWeaponCooldownUpdateModuleData@@QAE@XZ,0x0000B997,pinharvest x1 (thunk)
??0FireOCLAfterWeaponCooldownUpdateModuleData@@QAE@XZ,0x00016C39,pinharvest x1 (thunk)
??0FireOCLAfterWeaponCooldownUpdateModuleData@@QAE@XZ,0x00025D47,pinharvest x1 (thunk)
??0FireSpreadUpdate@@QAE@PAVThing@@PBVModuleData@@@Z,0x04B510,module ctor (friend_newModuleInstance retail call target)
??0FireSpreadUpdateModuleData@@QAE@XZ,0x000104B5,module-glue cascade callee (from retail call site)
??0FireWeaponCollide@@QAE@PAVThing@@PBVModuleData@@@Z,0x00008878,pinharvest x1 (thunk)
??0FireWeaponCollide@@QAE@PAVThing@@PBVModuleData@@@Z,0x0000BAF0,pinharvest x1 (thunk)
??0FireWeaponCollide@@QAE@PAVThing@@PBVModuleData@@@Z,0x00034EDC,pinharvest x1 (thunk)
??0FireWeaponCollide@@QAE@PAVThing@@PBVModuleData@@@Z,0x00038C35,pinharvest x1 (thunk)
??0FireWeaponCollide@@QAE@PAVThing@@PBVModuleData@@@Z,0x0003DB36,pinharvest x1 (thunk)
??0FireWeaponCollide@@QAE@PAVThing@@PBVModuleData@@@Z,0x0004B510,pinharvest x1 (thunk)
??0FireWeaponPowerModuleData@@QAE@XZ,0x0001ABF9,pinharvest x1 (thunk)
??0FireWeaponPowerModuleData@@QAE@XZ,0x00037A51,pinharvest x1 (thunk)
??0FireWeaponPowerModuleData@@QAE@XZ,0x0003BDE5,pinharvest x1 (thunk)
??0FireWeaponPowerModuleData@@QAE@XZ,0x00044FA8,pinharvest x1 (thunk)
??0FireWeaponUpdateModuleData@@QAE@XZ,0x000118E7,pinharvest x1 (thunk)
??0FireWeaponUpdateModuleData@@QAE@XZ,0x000261CA,pinharvest x1 (thunk)
??0FireWeaponUpdateModuleData@@QAE@XZ,0x0003035A,pinharvest x1 (thunk)
??0FireWeaponUpdateModuleData@@QAE@XZ,0x00030BC0,pinharvest x1 (thunk)
??0FireWeaponUpdateModuleData@@QAE@XZ,0x00038E97,pinharvest x1 (thunk)
??0FireWeaponUpdateModuleData@@QAE@XZ,0x0003E4A5,pinharvest x1 (thunk)
??0FireWeaponWhenDamagedBehavior@@QAE@PAVThing@@PBVModuleData@@@Z,0x02A379,module ctor (friend_newModuleInstance retail call target)
??0FireWeaponWhenDamagedBehaviorModuleData@@QAE@XZ,0x0003025B,derived-ICF
??0FireWeaponWhenDeadBehavior@@QAE@PAVThing@@PBVModuleData@@@Z,0x00008878,pinharvest x1 (thunk)
??0FireWeaponWhenDeadBehavior@@QAE@PAVThing@@PBVModuleData@@@Z,0x0000BAF0,pinharvest x1 (thunk)
??0FireWeaponWhenDeadBehavior@@QAE@PAVThing@@PBVModuleData@@@Z,0x00034EDC,pinharvest x1 (thunk)
??0FireWeaponWhenDeadBehavior@@QAE@PAVThing@@PBVModuleData@@@Z,0x00038C35,pinharvest x1 (thunk)
??0FireWeaponWhenDeadBehavior@@QAE@PAVThing@@PBVModuleData@@@Z,0x0003DB36,pinharvest x1 (thunk)
??0FireWeaponWhenDeadBehavior@@QAE@PAVThing@@PBVModuleData@@@Z,0x0004B510,pinharvest x1 (thunk)
??0FireWeaponWhenDeadBehaviorModuleData@@QAE@XZ,0x00025EBE,derived-ICF
??0FirestormDynamicGeometryInfoUpdateModuleData@@QAE@XZ,0x0001235A
??0FirestormDynamicGeometryInfoUpdateModuleDataBase@@QAE@XZ,0x00048A3B,FirestormDynamicGeometryInfoUpdateModuleData base ctor
??0FirewallHelperClass@@QAE@XZ,0x00003AD5
??0FlammableUpdate@@QAE@PAVThing@@PBVModuleData@@@Z,0x00011ACC,Ghidra-owned constructor thunk
??0FlammableUpdateModuleData@@QAE@XZ,0x0000497B,pinharvest x1 (thunk)
??0FlammableUpdateModuleData@@QAE@XZ,0x00009AC0,pinharvest x1 (thunk)
??0FlammableUpdateModuleData@@QAE@XZ,0x0000E5A7,pinharvest x1 (thunk)
??0FlammableUpdateModuleData@@QAE@XZ,0x0000F6BE,pinharvest x1 (thunk)
??0FlammableUpdateModuleData@@QAE@XZ,0x000246CC,pinharvest x1 (thunk)
??0FlammableUpdateModuleData@@QAE@XZ,0x0004A250,pinharvest x1 (thunk)
??0FlightDeckBehaviorModuleData@@QAE@XZ,0x0000CC3E
??0FloatUpdate@@QAE@PAVThing@@PBVModuleData@@@Z,0x01DF84,module ctor (friend_newModuleInstance retail call target)
??0FloatUpdateModuleData@@QAE@XZ,0x0004601A,module-glue cascade callee (from retail call site)
??0FreezingRainSpecialPowerModuleDataBase@@QAE@XZ,0x00015C44,FreezingRainSpecialPowerModuleData base ctor
??0GameMessage@@QAE@W4Type@0@@Z,0x000359E5,GameMessage::GameMessage(Type) thunk
??0GameMessageParser@@QAE@XZ,0x00013FCA,GameMessageParser::GameMessageParser() thunk
??0GameResultsQueue@@QAE@XZ,0x0000DAFD
??0GameResultsRequest@@QAE@ABV0@@Z,0x0004355E
??0GameSpyGroupRoom@@QAE@ABV0@@Z,0x0000C815,pinharvest x1 (thunk)
??0GameSpyGroupRoom@@QAE@ABV0@@Z,0x000242D5,pinharvest x1 (thunk)
??0GameSpyGroupRoom@@QAE@ABV0@@Z,0x0003B647,pinharvest x1 (thunk)
??0GameSpyGroupRoom@@QAE@ABV0@@Z,0x0003F382,pinharvest x1 (thunk)
??0GameSpyGroupRoom@@QAE@ABV0@@Z,0x00048329,pinharvest x1 (thunk)
??0GameSpyGroupRoom@@QAE@ABV0@@Z,0x00887B60,pinharvest x4 (body)
??0GameSpyPSMessageQueue@@QAE@XZ,0x000216C0
??0GameSpyPeerMessageQueueInterface@@QAE@XZ,0x0000A1B9,createNewMessageQueue ctor call; ILT thunk for body 0x0064D650
??0GameWindowManager@@QAE@XZ,0x00041489,W3DGameWindowManager base constructor retail thunk
??0GameWindowTransitionsHandler@@QAE@XZ,0x000029A5,ILT thunk -> body 0x48BF40; retail GameWindowTransitionsHandler ctor called by GameWindowManager::init on TheTransitionHandler (0x012F3330)
??0GateOpenAndCloseBehavior@@QAE@PAVThing@@PBVModuleData@@@Z,0x0000ACE0,GateOpenAndCloseBehavior ctor for friend_new
??0GenerateMinefieldBehavior@@QAE@PAVThing@@PBVModuleData@@@Z,0x00001CDA,pinharvest x1 (thunk)
??0GenerateMinefieldBehavior@@QAE@PAVThing@@PBVModuleData@@@Z,0x0002D40C,pinharvest x1 (thunk)
??0GenerateMinefieldBehaviorModuleData@@QAE@XZ,0x0002B062
??0GhostObjectManager@@QAE@XZ,0x00008652
??0GhostObjectManager@@QAE@XZ,0x006BC530,real body via thunk 0x2ba49
??0GiveUpgradeUpdateBase@@QAE@PAVThing@@PBVModuleData@@@Z,0x00013462,GiveUpgradeUpdate ctor base call; ILT thunk for SpecialAbilityUpdate ctor (body 0x002A6360)
??0GiveUpgradeUpdateModuleDataBase@@QAE@XZ,0x0003F503,GiveUpgradeUpdateModuleData ctor base
??0GrabPassengerSpecialPowerModuleDataBase@@QAE@XZ,0x00015C44,GrabPassengerSpecialPowerModuleData base ctor
??0GrantScienceUpgrade@@QAE@PAVThing@@PBVModuleData@@@Z,0x00008878,pinharvest x1 (thunk)
??0GrantScienceUpgrade@@QAE@PAVThing@@PBVModuleData@@@Z,0x0000BAF0,pinharvest x1 (thunk)
??0GrantScienceUpgrade@@QAE@PAVThing@@PBVModuleData@@@Z,0x00034EDC,pinharvest x1 (thunk)
??0GrantScienceUpgrade@@QAE@PAVThing@@PBVModuleData@@@Z,0x00038C35,pinharvest x1 (thunk)
??0GrantScienceUpgrade@@QAE@PAVThing@@PBVModuleData@@@Z,0x0003DB36,pinharvest x1 (thunk)
??0GrantScienceUpgrade@@QAE@PAVThing@@PBVModuleData@@@Z,0x0004B510,pinharvest x1 (thunk)
??0GrantScienceUpgradeModuleData@@QAE@XZ,0x00010C80,pinharvest x1 (thunk)
??0GrantScienceUpgradeModuleData@@QAE@XZ,0x00022877,pinharvest x1 (thunk)
??0GrantScienceUpgradeModuleData@@QAE@XZ,0x00023DCB,pinharvest x1 (thunk)
??0GrantScienceUpgradeModuleData@@QAE@XZ,0x0003C556,pinharvest x1 (thunk)
??0GrantScienceUpgradeModuleData@@QAE@XZ,0x00046B5A,pinharvest x1 (thunk)
??0GrantScienceUpgradeModuleData@@QAE@XZ,0x00048A3B,pinharvest x1 (thunk)
??0GrantStealthBehaviorModuleData@@QAE@XZ,0x0000E9F8,pinharvest x1 (thunk)
??0GrantStealthBehaviorModuleData@@QAE@XZ,0x0000ECFF,pinharvest x1 (thunk)
??0GrantStealthBehaviorModuleData@@QAE@XZ,0x0003FD5A,pinharvest x1 (thunk)
??0GrantUpgradeCreateModuleData@@QAE@XZ,0x000118E7,pinharvest x1 (thunk)
??0GrantUpgradeCreateModuleData@@QAE@XZ,0x000261CA,pinharvest x1 (thunk)
??0GrantUpgradeCreateModuleData@@QAE@XZ,0x0003035A,pinharvest x1 (thunk)
??0GrantUpgradeCreateModuleData@@QAE@XZ,0x00030BC0,pinharvest x1 (thunk)
??0GrantUpgradeCreateModuleData@@QAE@XZ,0x00038E97,pinharvest x1 (thunk)
??0GrantUpgradeCreateModuleData@@QAE@XZ,0x0003E4A5,pinharvest x1 (thunk)
??0HTreeClass@@QAE@ABV0@@Z,0x009527C0,derived from HTreeClass::Alter_Avatar_HTree
??0HealContainBase@@QAE@PAVThing@@PBVModuleData@@@Z,0x00036E49,HealContain ctor base call; ILT thunk for OpenContain ctor (body 0x002277A0)
??0HealCrateCollide@@QAE@PAVThing@@PBVModuleData@@@Z,0x00046407,module ctor (friend_newModuleInstance retail call target)
??0HeightDieUpdate@@QAE@PAVThing@@PBVModuleData@@@Z,0x00C199,module ctor (friend_newModuleInstance retail call target)
??0HeightDieUpdateModuleData@@QAE@XZ,0x0002C9D0,module-glue cascade callee (from retail call site)
??0HeroDieBase@@QAE@PAVThing@@PBVModuleData@@@Z,0x000170E4,HeroDie ctor base
??0HeroModeSpecialAbilityUpdateBase@@QAE@PAVThing@@PBVModuleData@@@Z,0x00013462,Open-BFME5 HeroModeSpecialAbilityUpdate base pin
??0HijackerUpdate@@QAE@PAVThing@@PBVModuleData@@@Z,0x0003A382,module ctor (friend_newModuleInstance retail call target)
??0HiveStructureBodyModuleData@@QAE@XZ,0x00022B15,pinharvest x1 (thunk)
??0HiveStructureBodyModuleData@@QAE@XZ,0x0002AE6E,pinharvest x1 (thunk)
??0HiveStructureBodyModuleData@@QAE@XZ,0x000331A9,pinharvest x1 (thunk)
??0HordeGarrisonContainModuleData@@QAE@XZ,0x0000DF7B,HordeGarrisonContain ModuleData ctor
??0HordeUpdate@@QAE@PAVThing@@PBVModuleData@@@Z,0x00037619,derived-ICF
??0HordeUpdateModuleData@@QAE@XZ,0x00014EA2,pinharvest x1 (thunk)
??0HordeUpdateModuleData@@QAE@XZ,0x0001BE41,pinharvest x1 (thunk)
??0HordeUpdateModuleData@@QAE@XZ,0x00030EBD,pinharvest x1 (thunk)
??0HorseHordeContainBase@@QAE@PAVThing@@PBVModuleData@@@Z,0x0003A8FF,HorseHordeContain out-of-line base MI ctor
??0INIException@@QAA@HPBDZZ,0x00850600,INI retail variadic exception constructor
??0Image@@QAE@XZ,0x0000548E,constructed by the MappedImage block right after operator new(0x34) and handed to the matched ImageCollection::addImage(Image *)
??0InactiveBody@@QAE@PAVThing@@PBVModuleData@@@Z,0x00008878,pinharvest x1 (thunk)
??0InactiveBody@@QAE@PAVThing@@PBVModuleData@@@Z,0x0000BAF0,pinharvest x1 (thunk)
??0InactiveBody@@QAE@PAVThing@@PBVModuleData@@@Z,0x00034EDC,pinharvest x1 (thunk)
??0InactiveBody@@QAE@PAVThing@@PBVModuleData@@@Z,0x00038C35,pinharvest x1 (thunk)
??0InactiveBody@@QAE@PAVThing@@PBVModuleData@@@Z,0x0003DB36,pinharvest x1 (thunk)
??0InactiveBody@@QAE@PAVThing@@PBVModuleData@@@Z,0x0004B510,pinharvest x1 (thunk)
??0InstantDeathBehavior@@QAE@PAVThing@@PBVModuleData@@@Z,0x0001D3AE,pinharvest x1 (thunk)
??0InstantDeathBehavior@@QAE@PAVThing@@PBVModuleData@@@Z,0x0001F5C3,pinharvest x1 (thunk)
??0InstantDeathBehavior@@QAE@PAVThing@@PBVModuleData@@@Z,0x0002070C,pinharvest x1 (thunk)
??0InstantDeathBehavior@@QAE@PAVThing@@PBVModuleData@@@Z,0x0002DED4,pinharvest x1 (thunk)
??0InstantDeathBehavior@@QAE@PAVThing@@PBVModuleData@@@Z,0x0003CF56,pinharvest x1 (thunk)
??0InstantDeathBehavior@@QAE@PAVThing@@PBVModuleData@@@Z,0x0003ECA7,pinharvest x1 (thunk)
??0InstantDeathBehaviorBase@@QAE@PAVThing@@PBVModuleData@@@Z,0x000170E4,InstantDeathBehavior ctor base call
??0JetAIUpdateModuleData@@QAE@XZ,0x000028AB,derived-ICF
??0KeepObjectDie@@QAE@PAVThing@@PBVModuleData@@@Z,0x0001D3AE,pinharvest x1 (thunk)
??0KeepObjectDie@@QAE@PAVThing@@PBVModuleData@@@Z,0x0001F5C3,pinharvest x1 (thunk)
??0KeepObjectDie@@QAE@PAVThing@@PBVModuleData@@@Z,0x0002070C,pinharvest x1 (thunk)
??0KeepObjectDie@@QAE@PAVThing@@PBVModuleData@@@Z,0x0002DED4,pinharvest x1 (thunk)
??0KeepObjectDie@@QAE@PAVThing@@PBVModuleData@@@Z,0x0003CF56,pinharvest x1 (thunk)
??0KeepObjectDie@@QAE@PAVThing@@PBVModuleData@@@Z,0x0003ECA7,pinharvest x1 (thunk)
??0LList@@QAE@XZ,0x000057B8
??0LanguageFilter@@QAE@XZ,0x00022845,pinharvest x1 (thunk)
??0LanguageFilter@@QAE@XZ,0x00024DC0,pinharvest x1 (thunk)
??0LaserUpdate@@QAE@PAVThing@@PBVModuleData@@@Z,0x00006780,ModuleFactory retail instance constructor
??0LaserUpdate@@QAE@PAVThing@@PBVModuleData@@@Z,0x00035D91
??0LaserUpdateModuleData@@QAE@XZ,0x000118E7,pinharvest x1 (thunk)
??0LaserUpdateModuleData@@QAE@XZ,0x000261CA,pinharvest x1 (thunk)
??0LaserUpdateModuleData@@QAE@XZ,0x0003035A,pinharvest x1 (thunk)
??0LaserUpdateModuleData@@QAE@XZ,0x00030BC0,pinharvest x1 (thunk)
??0LaserUpdateModuleData@@QAE@XZ,0x00038E97,pinharvest x1 (thunk)
??0LaserUpdateModuleData@@QAE@XZ,0x0003E4A5,pinharvest x1 (thunk)
??0LeafletDropBehavior@@QAE@PAVThing@@PBVModuleData@@@Z,0x00037619,derived-ICF
??0LevelGrantSpecialPowerBase@@QAE@PAVThing@@PBVModuleData@@@Z,0x00013462,Open-BFME5 LevelGrantSpecialPower base pin
??0LifetimeUpdateModuleData@@QAE@XZ,0x0002E6D1,LifetimeUpdate ModuleData ctor
??0LightningDrawModuleTemplate@FXParticleSystem@@QAE@ABV01@@Z,0x19614,LightningDrawModuleTemplate clone copy-ctor pin
??0LightningEmissionModuleTemplate@FXParticleSystem@@QAE@ABV01@@Z,0x19f88,LightningEmissionModuleTemplate clone copy-ctor pin
??0LineGroupClass@@QAE@XZ,0x0098E9C0,derived from ParticleBufferClass main ctor aligned call sites
??0LockClass@CriticalSectionClass@@QAE@AAV1@@Z,0x009DB4B0
??0LockWeaponCreateModuleData@@QAE@XZ,0x000283F3,module-glue cascade callee (from retail call site)
??0LocomotorSetUpgrade@@QAE@PAVThing@@PBVModuleData@@@Z,0x000078B5,module ctor (friend_newModuleInstance retail call target)
??0ManTheWallsSpecialPowerModuleData@@QAE@XZ,0x0001C580,ManTheWallsSpecialPower ModuleData ctor
??0MaterialCollectorClass@@QAE@XZ,0x00931070
??0MaterialPassClass@@QAE@XZ,0x009333A0
??0MaxHealthUpgrade@@QAE@PAVThing@@PBVModuleData@@@Z,0x0003BEDA,module ctor (friend_newModuleInstance retail call target)
??0MeshMatDescClass@@QAE@XZ,0x0092A2B0
??0MessageStream@@QAE@XZ,0x000132B4,pinharvest x2 (thunk)
??0MessageStream@@QAE@XZ,0x00024F87,pinharvest x1 (thunk)
??0MessageStream@@QAE@XZ,0x0002FAD1,pinharvest x1 (thunk)
??0MessageStream@@QAE@XZ,0x00049F71,pinharvest x1 (thunk)
??0MinefieldBehaviorModuleData@@QAE@XZ,0x00022B15,pinharvest x1 (thunk)
??0MinefieldBehaviorModuleData@@QAE@XZ,0x0002AE6E,pinharvest x1 (thunk)
??0MinefieldBehaviorModuleData@@QAE@XZ,0x000331A9,pinharvest x1 (thunk)
??0MissileAIUpdateModuleData@@QAE@XZ,0x00025EBE
??0MissileAIUpdateModuleDataBase@@QAE@XZ,0x0003C556,MissileAIUpdateModuleData base ctor
??0MissileLauncherBuildingUpdateModuleData@@QAE@XZ,0x0003025B,derived-ICF
??0MissingAnimClass@@QAE@PBD@Z,0x00034559,callers use this thunk (like findMemoryPool 0x3ADD7); real body drift candidate 0x9723BF
??0MissingGeomClass@@QAE@PBD@Z,0x00034559,pinharvest x1 (thunk)
??0MissingGeomClass@@QAE@PBD@Z,0x00042C3A,pinharvest x1 (thunk)
??0MissingTextureClass@@QAE@PBD@Z,0x00034559,pinharvest x1 (thunk)
??0MissingTextureClass@@QAE@PBD@Z,0x00042C3A,pinharvest x1 (thunk)
??0MobMemberSlavedUpdate@@QAE@PAVThing@@PBVModuleData@@@Z,0x0002A379,pinharvest x1 (thunk)
??0MobMemberSlavedUpdate@@QAE@PAVThing@@PBVModuleData@@@Z,0x00048338,pinharvest x1 (thunk)
??0ModelConditionInfo@@QAE@ABU0@@Z,0x000087C4,site-decoded x1 (thunk)
??0ModelConditionInfo@@QAE@ABU0@@Z,0x0000B537,hit-decoded x2 (thunk)
??0ModelConditionInfo@@QAE@ABU0@@Z,0x00887B60,hit-decoded x6 (body)
??0ModelConditionInfo@@QAE@ABU0@@Z,0x00887C90,site-decoded x1 (body)
??0ModelConditionSoundSelectorClientBehavior@@QAE@PAVThing@@PBVModuleData@@@Z,0x00002874,ModelConditionSoundSelectorClientBehavior ctor for friend_new
??0ModelConditionSpecialAbilityUpdateModuleDataBase@@QAE@XZ,0x0003F503,ModelCondition SpecialAbilityUpdate base
??0ModelConditionUpgrade@@QAE@PAVThing@@PBVModuleData@@@Z,0x00025810,module ctor (friend_newModuleInstance retail call target)
??0ModelConditionUpgradeModuleData@@QAE@XZ,0x00010C80,pinharvest x1 (thunk)
??0ModelConditionUpgradeModuleData@@QAE@XZ,0x00022877,pinharvest x1 (thunk)
??0ModelConditionUpgradeModuleData@@QAE@XZ,0x00023DCB,pinharvest x1 (thunk)
??0ModelConditionUpgradeModuleData@@QAE@XZ,0x0003C556,pinharvest x1 (thunk)
??0ModelConditionUpgradeModuleData@@QAE@XZ,0x00046B5A,pinharvest x1 (thunk)
??0ModelConditionUpgradeModuleData@@QAE@XZ,0x00048A3B,pinharvest x1 (thunk)
??0ModuleDataBase@@QAE@XZ,0x00036818,Open-BFME5 Porcupine base pin
??0ModuleDataBase_CombineHordeSpecialPowerModuleData@@QAE@XZ,0x00015C44,Open-BFME5 CombineHordeSpecialPowerModuleData base pin
??0ModuleDataBase_DefectorSpecialPowerModuleData@@QAE@XZ,0x00015C44,Open-BFME5 DefectorSpecialPowerModuleData base pin
??0ModuleDataBase_HordeContainModuleData@@QAE@XZ,0x00044030,Open-BFME5 HordeContainModuleData base pin
??0ModuleDataBase_SiegeDeployHordeSpecialPowerModuleData@@QAE@XZ,0x00023FE7,Open-BFME5 SiegeDeployHordeSpecialPowerModuleData base pin
??0ModuleDataBase_StopSpecialPowerModuleData@@QAE@XZ,0x00015C44,Open-BFME5 StopSpecialPowerModuleData base pin
??0Money@@QAE@ABV0@@Z,0x00018ACA,site-decoded x1 (thunk)
??0Money@@QAE@ABV0@@Z,0x00024BC7,site-decoded x1 (thunk)
??0Money@@QAE@ABV0@@Z,0x000451D3,site-decoded x1 (thunk)
??0MoneyCrateCollide@@QAE@PAVThing@@PBVModuleData@@@Z,0x0003E48C,module ctor (friend_newModuleInstance retail call target)
??0MultiplayerColorDefinition@@QAE@ABV0@@Z,0x0000C815,pinharvest x1 (thunk)
??0MultiplayerColorDefinition@@QAE@ABV0@@Z,0x000242D5,pinharvest x1 (thunk)
??0MultiplayerColorDefinition@@QAE@ABV0@@Z,0x0003B647,pinharvest x1 (thunk)
??0MultiplayerColorDefinition@@QAE@ABV0@@Z,0x0003F382,pinharvest x1 (thunk)
??0MultiplayerColorDefinition@@QAE@ABV0@@Z,0x00048329,pinharvest x1 (thunk)
??0MultiplayerColorDefinition@@QAE@ABV0@@Z,0x00887B60,pinharvest x4 (body)
??0MultiplayerSettings@@QAE@XZ,0x0002B0BC,harvested from parseMultiplayerSettingsDefinition (thunk)
??0NetCommandMsg@@QAE@XZ,0x000132B4,hit-decoded x4 (thunk)
??0NetCommandWrapperListNode@@QAE@PAVNetWrapperCommandMsg@@@Z,0x0002D8C1,ILT thunk; real body 0xA76380
??0NetDestroyPlayerCommandMsg@@QAE@XZ,0x0000F8D0,pinharvest x1 (thunk)
??0NetDestroyPlayerCommandMsg@@QAE@XZ,0x000195CE,pinharvest x1 (thunk)
??0NetDestroyPlayerCommandMsg@@QAE@XZ,0x0002B904,pinharvest x1 (thunk)
??0NetDestroyPlayerCommandMsg@@QAE@XZ,0x0002F536,pinharvest x1 (thunk)
??0NetDisconnectFrameCommandMsg@@QAE@XZ,0x0000F8D0,pinharvest x1 (thunk)
??0NetDisconnectFrameCommandMsg@@QAE@XZ,0x000195CE,pinharvest x1 (thunk)
??0NetDisconnectFrameCommandMsg@@QAE@XZ,0x0002B904,pinharvest x1 (thunk)
??0NetDisconnectFrameCommandMsg@@QAE@XZ,0x0002F536,pinharvest x1 (thunk)
??0NetDisconnectKeepAliveCommandMsg@@QAE@XZ,0x000132B4,pinharvest x2 (thunk)
??0NetDisconnectKeepAliveCommandMsg@@QAE@XZ,0x00024F87,pinharvest x1 (thunk)
??0NetDisconnectKeepAliveCommandMsg@@QAE@XZ,0x0002FAD1,pinharvest x1 (thunk)
??0NetDisconnectKeepAliveCommandMsg@@QAE@XZ,0x00049F71,pinharvest x1 (thunk)
??0NetDisconnectPlayerCommandMsg@@QAE@XZ,0x0002173D,ILT thunk; real body 0xA73C20
??0NetDisconnectScreenOffCommandMsg@@QAE@XZ,0x0000F8D0,pinharvest x1 (thunk)
??0NetDisconnectScreenOffCommandMsg@@QAE@XZ,0x000195CE,pinharvest x1 (thunk)
??0NetDisconnectScreenOffCommandMsg@@QAE@XZ,0x0002B904,pinharvest x1 (thunk)
??0NetDisconnectScreenOffCommandMsg@@QAE@XZ,0x0002F536,pinharvest x1 (thunk)
??0NetDisconnectVoteCommandMsg@@QAE@XZ,0x0002B346,ILT thunk; real body 0xA73CD0
??0NetFileProgressCommandMsg@@QAE@XZ,0x000409DA,ILT thunk; real body 0xA74030
??0NetFrameResendRequestCommandMsg@@QAE@XZ,0x0000F8D0,pinharvest x1 (thunk)
??0NetFrameResendRequestCommandMsg@@QAE@XZ,0x000195CE,pinharvest x1 (thunk)
??0NetFrameResendRequestCommandMsg@@QAE@XZ,0x0002B904,pinharvest x1 (thunk)
??0NetFrameResendRequestCommandMsg@@QAE@XZ,0x0002F536,pinharvest x1 (thunk)
??0NetGameCommandMsg@@QAE@XZ,0x00673640,identified from readGameMessage's allocation site
??0NetKeepAliveCommandMsg@@QAE@XZ,0x000132B4,pinharvest x2 (thunk)
??0NetKeepAliveCommandMsg@@QAE@XZ,0x00024F87,pinharvest x1 (thunk)
??0NetKeepAliveCommandMsg@@QAE@XZ,0x0002FAD1,pinharvest x1 (thunk)
??0NetKeepAliveCommandMsg@@QAE@XZ,0x00049F71,pinharvest x1 (thunk)
??0NetPacket@@QAE@XZ,0x00679650,the default constructor; body written in NetPacket_init.cpp but one ordering tie-break short of clean
??0NetPacketRouterAckCommandMsg@@QAE@XZ,0x000132B4,pinharvest x2 (thunk)
??0NetPacketRouterAckCommandMsg@@QAE@XZ,0x00024F87,pinharvest x1 (thunk)
??0NetPacketRouterAckCommandMsg@@QAE@XZ,0x0002FAD1,pinharvest x1 (thunk)
??0NetPacketRouterAckCommandMsg@@QAE@XZ,0x00049F71,pinharvest x1 (thunk)
??0NetPacketRouterQueryCommandMsg@@QAE@XZ,0x000132B4,pinharvest x2 (thunk)
??0NetPacketRouterQueryCommandMsg@@QAE@XZ,0x00024F87,pinharvest x1 (thunk)
??0NetPacketRouterQueryCommandMsg@@QAE@XZ,0x0002FAD1,pinharvest x1 (thunk)
??0NetPacketRouterQueryCommandMsg@@QAE@XZ,0x00049F71,pinharvest x1 (thunk)
??0NetPlayerLeaveCommandMsg@@QAE@XZ,0x000266AC,pinharvest x1 (thunk)
??0NetPlayerLeaveCommandMsg@@QAE@XZ,0x00044C8D,pinharvest x1 (thunk)
??0NetProgressCommandMsg@@QAE@XZ,0x000266AC,pinharvest x1 (thunk)
??0NetProgressCommandMsg@@QAE@XZ,0x00044C8D,pinharvest x1 (thunk)
??0NetWrapperCommandMsg@@QAE@XZ,0x0002A586,ILT thunk; real body 0xA73DD0
??0Network@@QAE@XZ,0x00029C12
??0NeutronMissileSlowDeathBehavior@@QAE@PAVThing@@PBVModuleData@@@Z,0x00006780,pinharvest x1 (thunk)
??0NeutronMissileSlowDeathBehavior@@QAE@PAVThing@@PBVModuleData@@@Z,0x0002CD4F,pinharvest x1 (thunk)
??0NeutronMissileSlowDeathBehavior@@QAE@PAVThing@@PBVModuleData@@@Z,0x00048167,pinharvest x1 (thunk)
??0NeutronMissileSlowDeathBehaviorBase@@QAE@PAVThing@@PBVModuleData@@@Z,0x000447FB,NeutronMissileSlowDeathBehavior ctor base (ICF74 shared)
??0NeutronMissileUpdate@@QAE@PAVThing@@PBVModuleData@@@Z,0x00048F2C
??0NeutronMissileUpdateModuleData@@QAE@XZ,0x0003AE86,pinharvest x1 (thunk)
??0NeutronMissileUpdateModuleData@@QAE@XZ,0x000441CA,pinharvest x1 (thunk)
??0Nugget@ModuleInfo@@QAE@ABU01@@Z,0x0004ABEC,retail ILT target of ModuleInfo Nugget copy-constructor call
??0OBBoxClass@@QAE@ABV0@@Z,0x00931420
??0OCLSpecialPowerModuleData@@QAE@XZ,0x0003025B,derived-ICF
??0OCLUpdate@@QAE@PAVThing@@PBVModuleData@@@Z,0x0000EF5C,pinharvest x1 (thunk)
??0OCLUpdate@@QAE@PAVThing@@PBVModuleData@@@Z,0x0000F7DB,pinharvest x1 (thunk)
??0OCLUpdate@@QAE@PAVThing@@PBVModuleData@@@Z,0x00014966,pinharvest x1 (thunk)
??0OCLUpdate@@QAE@PAVThing@@PBVModuleData@@@Z,0x0002911D,pinharvest x1 (thunk)
??0OCLUpdate@@QAE@PAVThing@@PBVModuleData@@@Z,0x000341A3,pinharvest x1 (thunk)
??0OCLUpdate@@QAE@PAVThing@@PBVModuleData@@@Z,0x00046EA7,pinharvest x1 (thunk)
??0OCLUpdateModuleData@@QAE@XZ,0x00001780,pinharvest x1 (thunk)
??0OCLUpdateModuleData@@QAE@XZ,0x0001ECBD,pinharvest x1 (thunk)
??0OCLUpdateModuleData@@QAE@XZ,0x0002C9D0,pinharvest x1 (thunk)
??0OCLUpdateModuleData@@QAE@XZ,0x0002E069,pinharvest x1 (thunk)
??0OCU_GrandBase@@QAE@XZ,0x0003D24E,ObjectCreationUpgrade ctor grandbase call; ILT thunk for body 0x002D9B80
??0OCU_MidGrand@@QAE@PAVThing@@PBVModuleData@@@Z,0x000170E4,ObjectCreationUpgrade ctor mid-base call; ILT thunk for ObjectModule ctor (body 0x00113C60)
??0ObjectCreationUpgrade@@QAE@PAVThing@@PBVModuleData@@@Z,0x000246B8,ObjectCreationUpgrade ctor for friend_new
??0ObjectCreationUpgradeModuleData@@QAE@XZ,0x00010C80,pinharvest x1 (thunk)
??0ObjectCreationUpgradeModuleData@@QAE@XZ,0x00022877,pinharvest x1 (thunk)
??0ObjectCreationUpgradeModuleData@@QAE@XZ,0x00023DCB,pinharvest x1 (thunk)
??0ObjectCreationUpgradeModuleData@@QAE@XZ,0x0003C556,pinharvest x1 (thunk)
??0ObjectCreationUpgradeModuleData@@QAE@XZ,0x00046B5A,pinharvest x1 (thunk)
??0ObjectCreationUpgradeModuleData@@QAE@XZ,0x00048A3B,pinharvest x1 (thunk)
??0ObjectModule@@QAE@PAVThing@@PBVModuleData@@@Z,0x00002874,hit-decoded x2 (thunk)
??0ObjectModule@@QAE@PAVThing@@PBVModuleData@@@Z,0x000170E4,hit-decoded x2 (thunk)
??0OneRingPenaltyUpdate@@QAE@PAVThing@@PBVModuleData@@@Z,0x00039F9A,Ghidra-owned constructor thunk
??0OpenContainModuleData@@QAE@XZ,0x00044030,CaveContain factory constructor target
??0OptionPreferences@@QAE@XZ,0x0003713C
??0OrthoEmissionVelocityModuleTemplate@FXParticleSystem@@QAE@ABV01@@Z,0x00021CB0,OrthoEmissionVelocity copy ctor pin
??0OverchargeBehavior@@QAE@PAVThing@@PBVModuleData@@@Z,0x00037619,derived-ICF
??0OverchargeBehaviorModuleData@@QAE@XZ,0x0000FA5B,pinharvest x1 (thunk)
??0OverchargeBehaviorModuleData@@QAE@XZ,0x0002DAA1,pinharvest x1 (thunk)
??0OverchargeBehaviorModuleData@@QAE@XZ,0x0002E500,pinharvest x1 (thunk)
??0OverchargeBehaviorModuleData@@QAE@XZ,0x0002EA73,pinharvest x1 (thunk)
??0OverchargeBehaviorModuleData@@QAE@XZ,0x0003EE87,pinharvest x1 (thunk)
??0OverchargeBehaviorModuleData@@QAE@XZ,0x000485B8,pinharvest x1 (thunk)
??0PSPlayerStats@@QAE@ABV0@@Z,0x00887B60
??0PSPlayerStats@@QAE@XZ,0x0003599A,pinharvest x1 (thunk)
??0PSPlayerStats@@QAE@XZ,0x0004048A,pinharvest x1 (thunk)
??0ParkingPlaceBehavior@@QAE@PAVThing@@PBVModuleData@@@Z,0x0000CDD8,pinharvest x1 (thunk)
??0ParkingPlaceBehavior@@QAE@PAVThing@@PBVModuleData@@@Z,0x0001002D,pinharvest x1 (thunk)
??0ParkingPlaceBehavior@@QAE@PAVThing@@PBVModuleData@@@Z,0x0003C3BC,pinharvest x1 (thunk)
??0ParticleBufferClass@@QAE@ABV0@@Z,0x00989A20
??0ParticleUplinkCannonUpdateModuleData@@QAE@XZ,0x0000C063,pinharvest x1 (thunk)
??0ParticleUplinkCannonUpdateModuleData@@QAE@XZ,0x0002DE75,pinharvest x1 (thunk)
??0PhysicsBehavior@@QAE@PAVThing@@PBVModuleData@@@Z,0x0003C3BC
??0PhysicsBehaviorModuleData@@QAE@XZ,0x00007FF4,pinharvest x1 (thunk)
??0PhysicsBehaviorModuleData@@QAE@XZ,0x000103E8,pinharvest x1 (thunk)
??0PhysicsBehaviorModuleData@@QAE@XZ,0x0001659F,pinharvest x1 (thunk)
??0PhysicsBehaviorModuleData@@QAE@XZ,0x00028D9E,pinharvest x1 (thunk)
??0PhysicsBehaviorModuleData@@QAE@XZ,0x0002D22C,pinharvest x1 (thunk)
??0PilotFindVehicleUpdateModuleData@@QAE@XZ,0x000118E7,pinharvest x1 (thunk)
??0PilotFindVehicleUpdateModuleData@@QAE@XZ,0x000261CA,pinharvest x1 (thunk)
??0PilotFindVehicleUpdateModuleData@@QAE@XZ,0x0003035A,pinharvest x1 (thunk)
??0PilotFindVehicleUpdateModuleData@@QAE@XZ,0x00030BC0,pinharvest x1 (thunk)
??0PilotFindVehicleUpdateModuleData@@QAE@XZ,0x00038E97,pinharvest x1 (thunk)
??0PilotFindVehicleUpdateModuleData@@QAE@XZ,0x0003E4A5,pinharvest x1 (thunk)
??0Pinger@@QAE@XZ,0x00029C12,pinharvest x1 (thunk)
??0PivotClass@@QAE@ABU0@@Z,0x00972D70,derived from HTreeClass::Alter_Avatar_HTree
??0PlayerTemplate@@QAE@ABV0@@Z,0x0001449D
??0PlayerTemplate@@QAE@XZ,0x0003E6E4
??0PointDefenseLaserUpdate@@QAE@PAVThing@@PBVModuleData@@@Z,0x0000EF5C,pinharvest x1 (thunk)
??0PointDefenseLaserUpdate@@QAE@PAVThing@@PBVModuleData@@@Z,0x0000F7DB,pinharvest x1 (thunk)
??0PointDefenseLaserUpdate@@QAE@PAVThing@@PBVModuleData@@@Z,0x00014966,pinharvest x1 (thunk)
??0PointDefenseLaserUpdate@@QAE@PAVThing@@PBVModuleData@@@Z,0x0002911D,pinharvest x1 (thunk)
??0PointDefenseLaserUpdate@@QAE@PAVThing@@PBVModuleData@@@Z,0x000341A3,pinharvest x1 (thunk)
??0PointDefenseLaserUpdate@@QAE@PAVThing@@PBVModuleData@@@Z,0x00046EA7,pinharvest x1 (thunk)
??0PointDefenseLaserUpdateModuleData@@QAE@XZ,0x00004D9A,pinharvest x1 (thunk)
??0PointDefenseLaserUpdateModuleData@@QAE@XZ,0x0001B905,pinharvest x1 (thunk)
??0PointDefenseLaserUpdateModuleData@@QAE@XZ,0x0002A923,pinharvest x1 (thunk)
??0PointDefenseLaserUpdateModuleData@@QAE@XZ,0x0002DA24,pinharvest x1 (thunk)
??0PointDefenseLaserUpdateModuleData@@QAE@XZ,0x0003CA01,pinharvest x1 (thunk)
??0PointEmissionVolumeModuleTemplate@FXParticleSystem@@QAE@ABV01@@Z,0x000391A3,PointEmissionVolume clone copy-ctor pin
??0PointGroupClass@@QAE@XZ,0x00912580,derived from ParticleBufferClass main ctor aligned call sites
??0PoisonedBehavior@@QAE@PAVThing@@PBVModuleData@@@Z,0x041547,module ctor (friend_newModuleInstance retail call target)
??0PoisonedBehaviorModuleData@@QAE@XZ,0x0002EA73,module-glue cascade callee (from retail call site)
??0PowerPlantUpdateModuleData@@QAE@XZ,0x0001FABE,pinharvest x1 (thunk)
??0PowerPlantUpdateModuleData@@QAE@XZ,0x0001FEB0,pinharvest x1 (thunk)
??0PowerPlantUpdateModuleData@@QAE@XZ,0x000283F3,pinharvest x1 (thunk)
??0PowerPlantUpdateModuleData@@QAE@XZ,0x0002DABA,pinharvest x1 (thunk)
??0PowerPlantUpdateModuleData@@QAE@XZ,0x00043969,pinharvest x1 (thunk)
??0PowerPlantUpdateModuleData@@QAE@XZ,0x0004601A,pinharvest x1 (thunk)
??0ProcessAnimateWindowSpiral@@QAE@XZ,0x00495590,ILT 0x43815->body; AnimateWindowManager ctor callee
??0ProductionUpdateModuleData@@QAE@XZ,0x0000E9F8,pinharvest x1 (thunk)
??0ProductionUpdateModuleData@@QAE@XZ,0x0000ECFF,pinharvest x1 (thunk)
??0ProductionUpdateModuleData@@QAE@XZ,0x0003FD5A,pinharvest x1 (thunk)
??0ProjectileStreamUpdate@@QAE@PAVThing@@PBVModuleData@@@Z,0x0001E902,pinharvest x1 (thunk)
??0ProjectileStreamUpdate@@QAE@PAVThing@@PBVModuleData@@@Z,0x000328C6,pinharvest x1 (thunk)
??0ProneUpdate@@QAE@PAVThing@@PBVModuleData@@@Z,0x000425DC,module ctor (friend_newModuleInstance retail call target)
??0ProneUpdateModuleData@@QAE@XZ,0x0002DABA,module-glue cascade callee (from retail call site)
??0PropagandaTowerBehavior@@QAE@PAVThing@@PBVModuleData@@@Z,0x00EF5C,module ctor (friend_newModuleInstance retail call target)
??0PropagandaTowerBehaviorModuleData@@QAE@XZ,0x00010B2C
??0QuadDrawModuleTemplate@FXParticleSystem@@QAE@ABV01@@Z,0x0002218D,QuadDrawModuleTemplate clone copy-ctor pin
??0QueueProductionExitUpdate@@QAE@PAVThing@@PBVModuleData@@@Z,0x00001CDA,pinharvest x1 (thunk)
??0QueueProductionExitUpdate@@QAE@PAVThing@@PBVModuleData@@@Z,0x0002D40C,pinharvest x1 (thunk)
??0QueuedDownload@@QAE@ABV0@@Z,0x0001005F,pinharvest x1 (thunk)
??0QueuedDownload@@QAE@ABV0@@Z,0x00018ACA,pinharvest x1 (thunk)
??0QueuedDownload@@QAE@ABV0@@Z,0x00024BC7,pinharvest x1 (thunk)
??0QueuedDownload@@QAE@ABV0@@Z,0x00038550,pinharvest x1 (thunk)
??0QueuedDownload@@QAE@ABV0@@Z,0x0003F170,pinharvest x1 (thunk)
??0QueuedDownload@@QAE@ABV0@@Z,0x000451D3,pinharvest x1 (thunk)
??0QuickMatchPreferences@@QAE@XZ,0x0002E802
??0RAMFile@@QAE@XZ,0x009E6990,pinharvest x1 (body)
??0ROUMT_CopyBase@@QAE@ABV0@@Z,0x0001D435,RenderObjectUpdateModuleTemplate copy-ctor primary-base call; ILT thunk for CategoryModuleTemplate<2> copy ctor (body 0x005BF4A0)
??0ROUMT_OffsetBase@@QAE@ABV0@@Z,0x000310FC,RenderObjectUpdateModuleTemplate copy-ctor offset-base call; ILT thunk for RenderObjectUpdateModuleInfo copy ctor (body 0x005D92C0)
??0RadarUpdate@@QAE@PAVThing@@PBVModuleData@@@Z,0x0002A013,module ctor (friend_newModuleInstance retail call target)
??0RadarUpdateModuleData@@QAE@XZ,0x0001670C,module-glue cascade callee (from retail call site)
??0RadarUpgrade@@QAE@PAVThing@@PBVModuleData@@@Z,0x00020306,module ctor (friend_newModuleInstance retail call target)
??0RadarUpgradeModuleData@@QAE@XZ,0x00010C80,pinharvest x1 (thunk)
??0RadarUpgradeModuleData@@QAE@XZ,0x00022877,pinharvest x1 (thunk)
??0RadarUpgradeModuleData@@QAE@XZ,0x00023DCB,pinharvest x1 (thunk)
??0RadarUpgradeModuleData@@QAE@XZ,0x0003C556,pinharvest x1 (thunk)
??0RadarUpgradeModuleData@@QAE@XZ,0x00046B5A,pinharvest x1 (thunk)
??0RadarUpgradeModuleData@@QAE@XZ,0x00048A3B,pinharvest x1 (thunk)
??0RadiusDecalUpdate@@QAE@PAVThing@@PBVModuleData@@@Z,0x0000EF5C,pinharvest x1 (thunk)
??0RadiusDecalUpdate@@QAE@PAVThing@@PBVModuleData@@@Z,0x0000F7DB,pinharvest x1 (thunk)
??0RadiusDecalUpdate@@QAE@PAVThing@@PBVModuleData@@@Z,0x00014966,pinharvest x1 (thunk)
??0RadiusDecalUpdate@@QAE@PAVThing@@PBVModuleData@@@Z,0x0002911D,pinharvest x1 (thunk)
??0RadiusDecalUpdate@@QAE@PAVThing@@PBVModuleData@@@Z,0x000341A3,pinharvest x1 (thunk)
??0RadiusDecalUpdate@@QAE@PAVThing@@PBVModuleData@@@Z,0x00046EA7,pinharvest x1 (thunk)
??0RailedTransportAIUpdateModuleData@@QAE@XZ,0x00022B15,pinharvest x1 (thunk)
??0RailedTransportAIUpdateModuleData@@QAE@XZ,0x0002AE6E,pinharvest x1 (thunk)
??0RailedTransportAIUpdateModuleData@@QAE@XZ,0x000331A9,pinharvest x1 (thunk)
??0RailedTransportDockUpdateModuleData@@QAE@XZ,0x00001780,pinharvest x1 (thunk)
??0RailedTransportDockUpdateModuleData@@QAE@XZ,0x0001ECBD,pinharvest x1 (thunk)
??0RailedTransportDockUpdateModuleData@@QAE@XZ,0x0002C9D0,pinharvest x1 (thunk)
??0RailedTransportDockUpdateModuleData@@QAE@XZ,0x0002E069,pinharvest x1 (thunk)
??0RainOfFireUpdate@@QAE@PAVThing@@PBVModuleData@@@Z,0x0000A0E2,retail ModuleFactory cp081 constructor thunk
??0RankInfo@@QAE@XZ,0x00026FDA,harvested from friend_parseRankDefinition (thunk)
??0RebuildHoleBehavior@@QAE@PAVThing@@PBVModuleData@@@Z,0x00001CDA,pinharvest x1 (thunk)
??0RebuildHoleBehavior@@QAE@PAVThing@@PBVModuleData@@@Z,0x0002D40C,pinharvest x1 (thunk)
??0RebuildHoleBehaviorModuleData@@QAE@XZ,0x000118E7,pinharvest x1 (thunk)
??0RebuildHoleBehaviorModuleData@@QAE@XZ,0x000261CA,pinharvest x1 (thunk)
??0RebuildHoleBehaviorModuleData@@QAE@XZ,0x0003035A,pinharvest x1 (thunk)
??0RebuildHoleBehaviorModuleData@@QAE@XZ,0x00030BC0,pinharvest x1 (thunk)
??0RebuildHoleBehaviorModuleData@@QAE@XZ,0x00038E97,pinharvest x1 (thunk)
??0RebuildHoleBehaviorModuleData@@QAE@XZ,0x0003E4A5,pinharvest x1 (thunk)
??0RebuildHoleExposeDie@@QAE@PAVThing@@PBVModuleData@@@Z,0x0001D3AE,pinharvest x1 (thunk)
??0RebuildHoleExposeDie@@QAE@PAVThing@@PBVModuleData@@@Z,0x0001F5C3,pinharvest x1 (thunk)
??0RebuildHoleExposeDie@@QAE@PAVThing@@PBVModuleData@@@Z,0x0002070C,pinharvest x1 (thunk)
??0RebuildHoleExposeDie@@QAE@PAVThing@@PBVModuleData@@@Z,0x0002DED4,pinharvest x1 (thunk)
??0RebuildHoleExposeDie@@QAE@PAVThing@@PBVModuleData@@@Z,0x0003CF56,pinharvest x1 (thunk)
??0RebuildHoleExposeDie@@QAE@PAVThing@@PBVModuleData@@@Z,0x0003ECA7,pinharvest x1 (thunk)
??0RebuildHoleExposeDieModuleData@@QAE@XZ,0x00022B15,pinharvest x1 (thunk)
??0RebuildHoleExposeDieModuleData@@QAE@XZ,0x0002AE6E,pinharvest x1 (thunk)
??0RebuildHoleExposeDieModuleData@@QAE@XZ,0x000331A9,pinharvest x1 (thunk)
??0RegistryClass@@QAE@PBD_N@Z,0x009DC200,pinharvest x2 (body)
??0RenderObjClass@@QAE@ABV0@@Z,0x0091FFE0,base copy ctor; derived from ParticleBufferClass copy ctor site
??0RenderObjClass@@QAE@XZ,0x009204B0,derived from ParticleBufferClass main ctor aligned call sites
??0RepairDockUpdate@@QAE@PAVThing@@PBVModuleData@@@Z,0x0001E8D0,module ctor (friend_newModuleInstance retail call target)
??0RepairSpecialPowerModuleData@@QAE@XZ,0x0001C486,RepairSpecialPower ModuleData ctor
??0ReplaceObjectUpgradeModuleData@@QAE@XZ,0x00010C80,pinharvest x1 (thunk)
??0ReplaceObjectUpgradeModuleData@@QAE@XZ,0x00022877,pinharvest x1 (thunk)
??0ReplaceObjectUpgradeModuleData@@QAE@XZ,0x00023DCB,pinharvest x1 (thunk)
??0ReplaceObjectUpgradeModuleData@@QAE@XZ,0x0003C556,pinharvest x1 (thunk)
??0ReplaceObjectUpgradeModuleData@@QAE@XZ,0x00046B5A,pinharvest x1 (thunk)
??0ReplaceObjectUpgradeModuleData@@QAE@XZ,0x00048A3B,pinharvest x1 (thunk)
??0RespawnBodyBase@@QAE@PAVThing@@PBVModuleData@@@Z,0x00025509,RespawnBody ctor base
??0RetailCollideModuleDataBase@@QAE@XZ,0x00048A3B,CollideModule factory base constructor target
??0RetailDamageModuleDataBase@@QAE@XZ,0x00048A3B,DamageModule factory base constructor target
??0RetailUpdateModuleDataBase@@QAE@XZ,0x00048A3B,UpdateModule factory base constructor target
??0RiderChangeContainModuleData@@QAE@XZ,0x00014619,pinharvest x1 (thunk)
??0RiderChangeContainModuleData@@QAE@XZ,0x00015C44,pinharvest x1 (thunk)
??0RiderChangeContainModuleData@@QAE@XZ,0x0001C486,pinharvest x1 (thunk)
??0RiderChangeContainModuleData@@QAE@XZ,0x0001C580,pinharvest x1 (thunk)
??0RubbleRiseUpdate@@QAE@PAVThing@@PBVModuleData@@@Z,0x0002B0E9,retail ModuleFactory ordinal 0x88 ctor thunk
??0RubbleRiseUpdateModuleData@@QAE@XZ,0x00014DAD,retail ModuleFactory ordinal 0x88 data ctor thunk
??0RunOffMapBehaviorBase@@QAE@PAVThing@@PBVModuleData@@@Z,0x000170E4,RunOffMapBehavior ctor base call (shared ILT)
??0SabotageCommandCenterCrateCollide@@QAE@PAVThing@@PBVModuleData@@@Z,0x0001D3AE,pinharvest x1 (thunk)
??0SabotageCommandCenterCrateCollide@@QAE@PAVThing@@PBVModuleData@@@Z,0x0001F5C3,pinharvest x1 (thunk)
??0SabotageCommandCenterCrateCollide@@QAE@PAVThing@@PBVModuleData@@@Z,0x0002070C,pinharvest x1 (thunk)
??0SabotageCommandCenterCrateCollide@@QAE@PAVThing@@PBVModuleData@@@Z,0x0002DED4,pinharvest x1 (thunk)
??0SabotageCommandCenterCrateCollide@@QAE@PAVThing@@PBVModuleData@@@Z,0x0003CF56,pinharvest x1 (thunk)
??0SabotageCommandCenterCrateCollide@@QAE@PAVThing@@PBVModuleData@@@Z,0x0003ECA7,pinharvest x1 (thunk)
??0SabotageFakeBuildingCrateCollide@@QAE@PAVThing@@PBVModuleData@@@Z,0x0001D3AE,pinharvest x1 (thunk)
??0SabotageFakeBuildingCrateCollide@@QAE@PAVThing@@PBVModuleData@@@Z,0x0001F5C3,pinharvest x1 (thunk)
??0SabotageFakeBuildingCrateCollide@@QAE@PAVThing@@PBVModuleData@@@Z,0x0002070C,pinharvest x1 (thunk)
??0SabotageFakeBuildingCrateCollide@@QAE@PAVThing@@PBVModuleData@@@Z,0x0002DED4,pinharvest x1 (thunk)
??0SabotageFakeBuildingCrateCollide@@QAE@PAVThing@@PBVModuleData@@@Z,0x0003CF56,pinharvest x1 (thunk)
??0SabotageFakeBuildingCrateCollide@@QAE@PAVThing@@PBVModuleData@@@Z,0x0003ECA7,pinharvest x1 (thunk)
??0SabotageInternetCenterCrateCollide@@QAE@PAVThing@@PBVModuleData@@@Z,0x0001D3AE,pinharvest x1 (thunk)
??0SabotageInternetCenterCrateCollide@@QAE@PAVThing@@PBVModuleData@@@Z,0x0001F5C3,pinharvest x1 (thunk)
??0SabotageInternetCenterCrateCollide@@QAE@PAVThing@@PBVModuleData@@@Z,0x0002070C,pinharvest x1 (thunk)
??0SabotageInternetCenterCrateCollide@@QAE@PAVThing@@PBVModuleData@@@Z,0x0002DED4,pinharvest x1 (thunk)
??0SabotageInternetCenterCrateCollide@@QAE@PAVThing@@PBVModuleData@@@Z,0x0003CF56,pinharvest x1 (thunk)
??0SabotageInternetCenterCrateCollide@@QAE@PAVThing@@PBVModuleData@@@Z,0x0003ECA7,pinharvest x1 (thunk)
??0SabotageMilitaryFactoryCrateCollide@@QAE@PAVThing@@PBVModuleData@@@Z,0x0001D3AE,pinharvest x1 (thunk)
??0SabotageMilitaryFactoryCrateCollide@@QAE@PAVThing@@PBVModuleData@@@Z,0x0001F5C3,pinharvest x1 (thunk)
??0SabotageMilitaryFactoryCrateCollide@@QAE@PAVThing@@PBVModuleData@@@Z,0x0002070C,pinharvest x1 (thunk)
??0SabotageMilitaryFactoryCrateCollide@@QAE@PAVThing@@PBVModuleData@@@Z,0x0002DED4,pinharvest x1 (thunk)
??0SabotageMilitaryFactoryCrateCollide@@QAE@PAVThing@@PBVModuleData@@@Z,0x0003CF56,pinharvest x1 (thunk)
??0SabotageMilitaryFactoryCrateCollide@@QAE@PAVThing@@PBVModuleData@@@Z,0x0003ECA7,pinharvest x1 (thunk)
??0SabotagePowerPlantCrateCollide@@QAE@PAVThing@@PBVModuleData@@@Z,0x0001D3AE,pinharvest x1 (thunk)
??0SabotagePowerPlantCrateCollide@@QAE@PAVThing@@PBVModuleData@@@Z,0x0001F5C3,pinharvest x1 (thunk)
??0SabotagePowerPlantCrateCollide@@QAE@PAVThing@@PBVModuleData@@@Z,0x0002070C,pinharvest x1 (thunk)
??0SabotagePowerPlantCrateCollide@@QAE@PAVThing@@PBVModuleData@@@Z,0x0002DED4,pinharvest x1 (thunk)
??0SabotagePowerPlantCrateCollide@@QAE@PAVThing@@PBVModuleData@@@Z,0x0003CF56,pinharvest x1 (thunk)
??0SabotagePowerPlantCrateCollide@@QAE@PAVThing@@PBVModuleData@@@Z,0x0003ECA7,pinharvest x1 (thunk)
??0SabotageSuperweaponCrateCollide@@QAE@PAVThing@@PBVModuleData@@@Z,0x0001D3AE,pinharvest x1 (thunk)
??0SabotageSuperweaponCrateCollide@@QAE@PAVThing@@PBVModuleData@@@Z,0x0001F5C3,pinharvest x1 (thunk)
??0SabotageSuperweaponCrateCollide@@QAE@PAVThing@@PBVModuleData@@@Z,0x0002070C,pinharvest x1 (thunk)
??0SabotageSuperweaponCrateCollide@@QAE@PAVThing@@PBVModuleData@@@Z,0x0002DED4,pinharvest x1 (thunk)
??0SabotageSuperweaponCrateCollide@@QAE@PAVThing@@PBVModuleData@@@Z,0x0003CF56,pinharvest x1 (thunk)
??0SabotageSuperweaponCrateCollide@@QAE@PAVThing@@PBVModuleData@@@Z,0x0003ECA7,pinharvest x1 (thunk)
??0SabotageSupplyCenterCrateCollide@@QAE@PAVThing@@PBVModuleData@@@Z,0x0001D3AE,pinharvest x1 (thunk)
??0SabotageSupplyCenterCrateCollide@@QAE@PAVThing@@PBVModuleData@@@Z,0x0001F5C3,pinharvest x1 (thunk)
??0SabotageSupplyCenterCrateCollide@@QAE@PAVThing@@PBVModuleData@@@Z,0x0002070C,pinharvest x1 (thunk)
??0SabotageSupplyCenterCrateCollide@@QAE@PAVThing@@PBVModuleData@@@Z,0x0002DED4,pinharvest x1 (thunk)
??0SabotageSupplyCenterCrateCollide@@QAE@PAVThing@@PBVModuleData@@@Z,0x0003CF56,pinharvest x1 (thunk)
??0SabotageSupplyCenterCrateCollide@@QAE@PAVThing@@PBVModuleData@@@Z,0x0003ECA7,pinharvest x1 (thunk)
??0SabotageSupplyDropzoneCrateCollide@@QAE@PAVThing@@PBVModuleData@@@Z,0x0001D3AE,pinharvest x1 (thunk)
??0SabotageSupplyDropzoneCrateCollide@@QAE@PAVThing@@PBVModuleData@@@Z,0x0001F5C3,pinharvest x1 (thunk)
??0SabotageSupplyDropzoneCrateCollide@@QAE@PAVThing@@PBVModuleData@@@Z,0x0002070C,pinharvest x1 (thunk)
??0SabotageSupplyDropzoneCrateCollide@@QAE@PAVThing@@PBVModuleData@@@Z,0x0002DED4,pinharvest x1 (thunk)
??0SabotageSupplyDropzoneCrateCollide@@QAE@PAVThing@@PBVModuleData@@@Z,0x0003CF56,pinharvest x1 (thunk)
??0SabotageSupplyDropzoneCrateCollide@@QAE@PAVThing@@PBVModuleData@@@Z,0x0003ECA7,pinharvest x1 (thunk)
??0SalvageCrateCollide@@QAE@PAVThing@@PBVModuleData@@@Z,0x00038668,module ctor (friend_newModuleInstance retail call target)
??0SegLineRendererClass@@QAE@ABV0@@Z,0x00960990
??0SegLineRendererClass@@QAE@XZ,0x0095FFD0,derived from ParticleBufferClass main ctor aligned call sites
??0ShareBufferClassBase@@QAE@HPBDH@Z,0x00929FC0,TexBufferClass base ShareBuffer-like ctor
??0ShroudCrateCollide@@QAE@PAVThing@@PBVModuleData@@@Z,0x00026F1C,module ctor (friend_newModuleInstance retail call target)
??0SidesInfoSub@@QAE@H@Z,0x00002ECD,SidesInfo subobject ctor with int arg
??0SiegeAIUpdateBase@@QAE@PAVThing@@PBVModuleData@@@Z,0x000292A3,SiegeAIUpdate ctor base
??0SiegeAIUpdateModuleData@@QAE@XZ,0x00010C80,SiegeAIUpdate friend_newModuleData ModuleData ctor ILT
??0SiegeDeploySpecialPowerModuleDataBase@@QAE@XZ,0x00023FE7,SiegeDeploySpecialPowerModuleData base ctor from retail call site
??0SiegeEngineContainModuleData@@QAE@XZ,0x0003D055,SiegeEngineContain ModuleData ctor
??0SlavedUpdate@@QAE@PAVThing@@PBVModuleData@@@Z,0x00001CDA,pinharvest x1 (thunk)
??0SlavedUpdate@@QAE@PAVThing@@PBVModuleData@@@Z,0x0002D40C,pinharvest x1 (thunk)
??0SlavedUpdateModuleData@@QAE@XZ,0x0003AE86,pinharvest x1 (thunk)
??0SlavedUpdateModuleData@@QAE@XZ,0x000441CA,pinharvest x1 (thunk)
??0SlowDeathBehavior@@QAE@PAVThing@@PBVModuleData@@@Z,0x000447FB,matched factory constructor thunk -> 0x00207B60
??0SlowDeathBehaviorModuleData@@QAE@XZ,0x000186FB,pinharvest x1 (thunk)
??0SlowDeathBehaviorModuleData@@QAE@XZ,0x0002FDA6,pinharvest x1 (thunk)
??0SmartBombTargetHomingUpdate@@QAE@PAVThing@@PBVModuleData@@@Z,0x0000EF5C,pinharvest x1 (thunk)
??0SmartBombTargetHomingUpdate@@QAE@PAVThing@@PBVModuleData@@@Z,0x0000F7DB,pinharvest x1 (thunk)
??0SmartBombTargetHomingUpdate@@QAE@PAVThing@@PBVModuleData@@@Z,0x00014966,pinharvest x1 (thunk)
??0SmartBombTargetHomingUpdate@@QAE@PAVThing@@PBVModuleData@@@Z,0x0002911D,pinharvest x1 (thunk)
??0SmartBombTargetHomingUpdate@@QAE@PAVThing@@PBVModuleData@@@Z,0x000341A3,pinharvest x1 (thunk)
??0SmartBombTargetHomingUpdate@@QAE@PAVThing@@PBVModuleData@@@Z,0x00046EA7,pinharvest x1 (thunk)
??0Snapshot@@QAE@XZ,0x00044030,ILT thunk; real body 0x627200
??0Snapshot@@QAE@XZ,0x009A1A30,per-TU copy (ModuleFactory TU)
??0Snapshot@@QAE@XZ,0x009A3A30,per-TU copy (ModuleFactory TU)
??0SpawnBehavior@@QAE@PAVThing@@PBVModuleData@@@Z,0x00034711,pinharvest x1 (thunk)
??0SpawnBehavior@@QAE@PAVThing@@PBVModuleData@@@Z,0x00035D91,pinharvest x1 (thunk)
??0SpawnPointProductionExitUpdate@@QAE@PAVThing@@PBVModuleData@@@Z,0x00023858,module ctor (friend_newModuleInstance retail call target)
??0SpawnUnitBehaviorGrandBase@@QAE@PAVThing@@PBVModuleData@@@Z,0x000170E4,SpawnUnitBehavior ctor grandbase call; ILT thunk for ObjectModule ctor
??0SpecialAbilityUpdate@@QAE@PAVThing@@PBVModuleData@@@Z,0x002A6360,BFME SpecialAbilityUpdate constructor body
??0SpecialDisguiseUpdateModuleDataBase@@QAE@XZ,0x0003F503,SpecialDisguiseUpdateModuleData ctor base
??0SpecialPowerCompletionDie@@QAE@PAVThing@@PBVModuleData@@@Z,0x00008878,pinharvest x1 (thunk)
??0SpecialPowerCompletionDie@@QAE@PAVThing@@PBVModuleData@@@Z,0x0000BAF0,pinharvest x1 (thunk)
??0SpecialPowerCompletionDie@@QAE@PAVThing@@PBVModuleData@@@Z,0x00034EDC,pinharvest x1 (thunk)
??0SpecialPowerCompletionDie@@QAE@PAVThing@@PBVModuleData@@@Z,0x00038C35,pinharvest x1 (thunk)
??0SpecialPowerCompletionDie@@QAE@PAVThing@@PBVModuleData@@@Z,0x0003DB36,pinharvest x1 (thunk)
??0SpecialPowerCompletionDie@@QAE@PAVThing@@PBVModuleData@@@Z,0x0004B510,pinharvest x1 (thunk)
??0SpecialPowerCompletionDieModuleData@@QAE@XZ,0x0000497B,pinharvest x1 (thunk)
??0SpecialPowerCompletionDieModuleData@@QAE@XZ,0x00009AC0,pinharvest x1 (thunk)
??0SpecialPowerCompletionDieModuleData@@QAE@XZ,0x0000E5A7,pinharvest x1 (thunk)
??0SpecialPowerCompletionDieModuleData@@QAE@XZ,0x0000F6BE,pinharvest x1 (thunk)
??0SpecialPowerCompletionDieModuleData@@QAE@XZ,0x000246CC,pinharvest x1 (thunk)
??0SpecialPowerCompletionDieModuleData@@QAE@XZ,0x0004A250,pinharvest x1 (thunk)
??0SpecialPowerModule@@QAE@PAVThing@@PBVModuleData@@@Z,0x00011E50,BFME constructor body called by special-power module constructors
??0SpecialPowerModuleData@@QAE@XZ,0x3f503,FellBeastSwoopPowerModuleData base ctor
??0SpectreGunshipUpdateModuleData@@QAE@XZ,0x0000B997,pinharvest x1 (thunk)
??0SpectreGunshipUpdateModuleData@@QAE@XZ,0x00016C39,pinharvest x1 (thunk)
??0SpectreGunshipUpdateModuleData@@QAE@XZ,0x00025D47,pinharvest x1 (thunk)
??0SphereEmissionVolumeModuleTemplate@FXParticleSystem@@QAE@ABV01@@Z,0x0001EDA3,SphereEmissionVolumeModuleTemplate clone copy-ctor pin
??0SplitHordeSpecialPowerModuleData@@QAE@XZ,0x00014619,SplitHordeSpecialPower ModuleData ctor
??0SpyVisionSpecialPowerModuleData@@QAE@XZ,0x00025EBE,derived-ICF
??0SpyVisionUpdate@@QAE@PAVThing@@PBVModuleData@@@Z,0x00004D36,pinharvest x1 (thunk)
??0SpyVisionUpdate@@QAE@PAVThing@@PBVModuleData@@@Z,0x0000C199,pinharvest x1 (thunk)
??0SpyVisionUpdate@@QAE@PAVThing@@PBVModuleData@@@Z,0x00025581,pinharvest x1 (thunk)
??0SpyVisionUpdate@@QAE@PAVThing@@PBVModuleData@@@Z,0x00041547,pinharvest x1 (thunk)
??0SpyVisionUpdate@@QAE@PAVThing@@PBVModuleData@@@Z,0x00048B9E,pinharvest x1 (thunk)
??0SpyVisionUpdateModuleData@@QAE@XZ,0x00009804,pinharvest x1 (thunk)
??0SpyVisionUpdateModuleData@@QAE@XZ,0x00035E22,pinharvest x1 (thunk)
??0SquishCollide@@QAE@PAVThing@@PBVModuleData@@@Z,0x0001D3AE,pinharvest x1 (thunk)
??0SquishCollide@@QAE@PAVThing@@PBVModuleData@@@Z,0x0001F5C3,pinharvest x1 (thunk)
??0SquishCollide@@QAE@PAVThing@@PBVModuleData@@@Z,0x0002070C,pinharvest x1 (thunk)
??0SquishCollide@@QAE@PAVThing@@PBVModuleData@@@Z,0x0002DED4,pinharvest x1 (thunk)
??0SquishCollide@@QAE@PAVThing@@PBVModuleData@@@Z,0x0003CF56,pinharvest x1 (thunk)
??0SquishCollide@@QAE@PAVThing@@PBVModuleData@@@Z,0x0003ECA7,pinharvest x1 (thunk)
??0SquishCollideModuleData@@QAE@XZ,0x00045737,SquishCollide ModuleData ctor
??0State@@QAE@PAVStateMachine@@VAsciiString@@@Z,0x000A19E0,hand-decoded from DozerPrimaryStateMachine ctor @0x2B7870 (DozerPrimaryIdleState/DozerPrimaryGoingHomeState sub-ctor calls, both overwrite [obj]=derived vtable right after); call site encodes thunk 0x35B2 (thunk_FUN_004a19e0) -- pinned to the real body
??0StateMachine@@QAE@PAVObject@@VAsciiString@@@Z,0x000A1BD0,hand-decoded from DozerPrimaryStateMachine ctor @0x2B7870+0x3C (base-class-init call, immediately followed by [esi]=derived vtable store); call site encodes thunk 0xF123 (thunk_FUN_004a1bd0) -- pinned to the real body
??0StatusBitsUpgrade@@QAE@PAVThing@@PBVModuleData@@@Z,0x0000DFBC,module ctor (friend_newModuleInstance retail call target)
??0StatusBitsUpgradeModuleData@@QAE@XZ,0x000028AB,derived-ICF
??0StealthDetectorUpdate@@QAE@PAVThing@@PBVModuleData@@@Z,0x036A0C,module ctor (friend_newModuleInstance retail call target)
??0StealthUpdate@@QAE@PAVThing@@PBVModuleData@@@Z,0x00006780,pinharvest x1 (thunk)
??0StealthUpdate@@QAE@PAVThing@@PBVModuleData@@@Z,0x0002CD4F,pinharvest x1 (thunk)
??0StealthUpdate@@QAE@PAVThing@@PBVModuleData@@@Z,0x00048167,pinharvest x1 (thunk)
??0StealthUpdateModuleData@@QAE@XZ,0x00020B58
??0StealthUpgrade@@QAE@PAVThing@@PBVModuleData@@@Z,0x00019939,module ctor (friend_newModuleInstance retail call target)
??0StickyBombUpdate@@QAE@PAVThing@@PBVModuleData@@@Z,0x00037619,derived-ICF
??0StreakDrawModuleTemplate@FXParticleSystem@@QAE@ABV01@@Z,0x0000F56A,StreakDrawModuleTemplate clone copy-ctor pin
??0StructureToppleUpdate@@QAE@PAVThing@@PBVModuleData@@@Z,0x00034711,module ctor (friend_newModuleInstance retail call target)
??0StructureToppleUpdateModuleData@@QAE@XZ,0x000287C7,derived-ICF
??0SubObjectsUpgradeModuleData@@QAE@XZ,0x0001ABF9,pinharvest x1 (thunk)
??0SubObjectsUpgradeModuleData@@QAE@XZ,0x00037A51,pinharvest x1 (thunk)
??0SubObjectsUpgradeModuleData@@QAE@XZ,0x0003BDE5,pinharvest x1 (thunk)
??0SubObjectsUpgradeModuleData@@QAE@XZ,0x00044FA8,pinharvest x1 (thunk)
??0SubsystemInterface@@QAE@XZ,0x009A1A30
??0SupplyCenterDockUpdate@@QAE@PAVThing@@PBVModuleData@@@Z,0x00021CE2,module ctor (friend_newModuleInstance retail call target)
??0SupplyCenterDockUpdateBase@@QAE@PAVThing@@PBVModuleData@@@Z,0x00048EA5,SupplyCenterDockUpdate ctor base
??0SupplyCenterDockUpdateModuleData@@QAE@XZ,0x000118E7,pinharvest x1 (thunk)
??0SupplyCenterDockUpdateModuleData@@QAE@XZ,0x000261CA,pinharvest x1 (thunk)
??0SupplyCenterDockUpdateModuleData@@QAE@XZ,0x0003035A,pinharvest x1 (thunk)
??0SupplyCenterDockUpdateModuleData@@QAE@XZ,0x00030BC0,pinharvest x1 (thunk)
??0SupplyCenterDockUpdateModuleData@@QAE@XZ,0x00038E97,pinharvest x1 (thunk)
??0SupplyCenterDockUpdateModuleData@@QAE@XZ,0x0003E4A5,pinharvest x1 (thunk)
??0SupplyCenterProductionExitUpdate@@QAE@PAVThing@@PBVModuleData@@@Z,0x00027B06,module ctor (friend_newModuleInstance retail call target)
??0SupplyWarehouseCripplingBehavior@@QAE@PAVThing@@PBVModuleData@@@Z,0x037619,module ctor (friend_newModuleInstance retail call target)
??0SupplyWarehouseCripplingBehaviorModuleData@@QAE@XZ,0x000261CA,module-glue cascade callee (from retail call site)
??0SupplyWarehouseDockUpdate@@QAE@PAVThing@@PBVModuleData@@@Z,0x0001E902,module ctor (friend_newModuleInstance retail call target)
??0TC_Base@@QAE@PAVThing@@PBVModuleData@@@Z,0x00036E49,TunnelContain ctor base call; ILT thunk for OpenContain ctor (body 0x002277A0)
??0TechBuildingBehaviorModuleData@@QAE@XZ,0x0000FA5B,pinharvest x1 (thunk)
??0TechBuildingBehaviorModuleData@@QAE@XZ,0x0002DAA1,pinharvest x1 (thunk)
??0TechBuildingBehaviorModuleData@@QAE@XZ,0x0002E500,pinharvest x1 (thunk)
??0TechBuildingBehaviorModuleData@@QAE@XZ,0x0002EA73,pinharvest x1 (thunk)
??0TechBuildingBehaviorModuleData@@QAE@XZ,0x0003EE87,pinharvest x1 (thunk)
??0TechBuildingBehaviorModuleData@@QAE@XZ,0x000485B8,pinharvest x1 (thunk)
??0TensileFormationUpdate@@QAE@PAVThing@@PBVModuleData@@@Z,0x00013750,pinharvest x1 (thunk)
??0TensileFormationUpdate@@QAE@PAVThing@@PBVModuleData@@@Z,0x0001BE3C,pinharvest x1 (thunk)
??0TensileFormationUpdate@@QAE@PAVThing@@PBVModuleData@@@Z,0x0001EF97,pinharvest x1 (thunk)
??0TensileFormationUpdate@@QAE@PAVThing@@PBVModuleData@@@Z,0x00022CF0,pinharvest x1 (thunk)
??0TensileFormationUpdate@@QAE@PAVThing@@PBVModuleData@@@Z,0x00025509,pinharvest x1 (thunk)
??0TensileFormationUpdate@@QAE@PAVThing@@PBVModuleData@@@Z,0x0003F526,pinharvest x1 (thunk)
??0TensileFormationUpdateModuleData@@QAE@XZ,0x000028AB
??0TerrainLogic@@QAE@XZ,0x00011C75,createTerrainLogic REL32 pin (thunk); body 0x6BE070 inits [esi+0xC] and [esi+0x18FC], sizeof 0x1904
??0TerrainLogic@@QAE@XZ,0x006BE070,createTerrainLogic REL32 pin (body)
??0TexBufferClass@@QAE@HPBD@Z,0x0092BA60
??0TightenPathStruct@@QAE@PAVPathfinder@@PAVObject@@PBVLocomotorSet@@W4PathfindLayerEnum@@PBUCoord3D@@@Z,0x0002D7F9,tightenPath info init (thunk->0x003E1720)
??0TileData@@QAE@XZ,0x0003B6B5
??0TimeCodedBitChannelClass@@QAE@XZ,0x00977AF0
??0ToggleHiddenSpecialAbilityUpdateModuleData@@QAE@XZ,0x00039F6D,ToggleHiddenSpecialAbilityUpdate ModuleData ctor
??0ToppleUpdate@@QAE@PAVThing@@PBVModuleData@@@Z,0x00006780,pinharvest x1 (thunk)
??0ToppleUpdate@@QAE@PAVThing@@PBVModuleData@@@Z,0x0002CD4F,pinharvest x1 (thunk)
??0ToppleUpdate@@QAE@PAVThing@@PBVModuleData@@@Z,0x00048167,pinharvest x1 (thunk)
??0ToppleUpdateModuleData@@QAE@XZ,0x00010B2C,derived-ICF
??0TransitionDamageFX@@QAE@PAVThing@@PBVModuleData@@@Z,0x00002450,pinharvest x1 (thunk)
??0TransitionDamageFX@@QAE@PAVThing@@PBVModuleData@@@Z,0x0002B166,pinharvest x1 (thunk)
??0TransportAIUpdateBase@@QAE@PAVThing@@PBVModuleData@@@Z,0x000292A3,TransportAIUpdate ctor base
??0TwiddlerClass@@QAE@XZ,0x000063A2,pinharvest x1 (thunk)
??0TwiddlerClass@@QAE@XZ,0x0000CDC9,pinharvest x1 (thunk)
??0UDP@@QAE@XZ,0x0001FFFA
??0UndeadBodyModuleData@@QAE@XZ,0x000015FA,pinharvest x1 (thunk)
??0UndeadBodyModuleData@@QAE@XZ,0x0001A98D,pinharvest x1 (thunk)
??0UndeadBodyModuleData@@QAE@XZ,0x0002EB04,pinharvest x1 (thunk)
??0UndeadBodyModuleData@@QAE@XZ,0x0002EF55,pinharvest x1 (thunk)
??0UndeadBodyModuleData@@QAE@XZ,0x0004A426,pinharvest x1 (thunk)
??0UnicodeString@@QAE@ABV0@@Z,0x00887B60,site-decoded x3 (body)
??0UnicodeString@@QAE@ABV0@@Z,0x00888400
??0UnitCrateCollide@@QAE@PAVThing@@PBVModuleData@@@Z,0x00009AED,module ctor (friend_newModuleInstance retail call target)
??0UnpauseSpecialPowerUpgrade@@QAE@PAVThing@@PBVModuleData@@@Z,0x00048635,module ctor (friend_newModuleInstance retail call target)
??0UnpauseSpecialPowerUpgradeModuleData@@QAE@XZ,0x00010C80,pinharvest x1 (thunk)
??0UnpauseSpecialPowerUpgradeModuleData@@QAE@XZ,0x00022877,pinharvest x1 (thunk)
??0UnpauseSpecialPowerUpgradeModuleData@@QAE@XZ,0x00023DCB,pinharvest x1 (thunk)
??0UnpauseSpecialPowerUpgradeModuleData@@QAE@XZ,0x0003C556,pinharvest x1 (thunk)
??0UnpauseSpecialPowerUpgradeModuleData@@QAE@XZ,0x00046B5A,pinharvest x1 (thunk)
??0UnpauseSpecialPowerUpgradeModuleData@@QAE@XZ,0x00048A3B,pinharvest x1 (thunk)
??0UpgradeDie@@QAE@PAVThing@@PBVModuleData@@@Z,0x0001D3AE,pinharvest x1 (thunk)
??0UpgradeDie@@QAE@PAVThing@@PBVModuleData@@@Z,0x0001F5C3,pinharvest x1 (thunk)
??0UpgradeDie@@QAE@PAVThing@@PBVModuleData@@@Z,0x0002070C,pinharvest x1 (thunk)
??0UpgradeDie@@QAE@PAVThing@@PBVModuleData@@@Z,0x0002DED4,pinharvest x1 (thunk)
??0UpgradeDie@@QAE@PAVThing@@PBVModuleData@@@Z,0x0003CF56,pinharvest x1 (thunk)
??0UpgradeDie@@QAE@PAVThing@@PBVModuleData@@@Z,0x0003ECA7,pinharvest x1 (thunk)
??0UpgradeDieModuleData@@QAE@XZ,0x0000497B,pinharvest x1 (thunk)
??0UpgradeDieModuleData@@QAE@XZ,0x00009AC0,pinharvest x1 (thunk)
??0UpgradeDieModuleData@@QAE@XZ,0x0000E5A7,pinharvest x1 (thunk)
??0UpgradeDieModuleData@@QAE@XZ,0x0000F6BE,pinharvest x1 (thunk)
??0UpgradeDieModuleData@@QAE@XZ,0x000246CC,pinharvest x1 (thunk)
??0UpgradeDieModuleData@@QAE@XZ,0x0004A250,pinharvest x1 (thunk)
??0UpgradeModule@@QAE@PAVThing@@PBVModuleData@@@Z,0x0000C315,Open-BFME5 Upgrade module base call pin (ILT shared)
??0UpgradeModule@@QAE@PAVThing@@PBVModuleData@@@Z,0x001F8970,BFME UpgradeModule constructor body
??0UpgradeModuleData@@QAE@XZ,0x00049AA3,pinharvest x1 (thunk)
??0UpgradeModuleDataSub@@QAE@XZ,0x0000F0A6,UpgradeModuleData subobject ctor ILT used by upgrade factories
??0UpgradeMuxData@@QAE@XZ,0x000057B8,pinharvest x1 (thunk)
??0UpgradeSoundSelectorClientBehavior@@QAE@PAVThing@@PBVModuleData@@@Z,0x00002874,UpgradeSoundSelectorClientBehavior ctor for friend_new
??0Vector3HollowSphereRandomizer@@QAE@M@Z,0x00B02350
??0Vector3SolidSphereRandomizer@@QAE@M@Z,0x00B02250
??0VertexBufferClass@@IAE@IIGI@Z,0x0091DC50,DX8VertexBufferClass ctor base call
??0VeterancyCrateCollide@@QAE@PAVThing@@PBVModuleData@@@Z,0x0003C37B,module ctor (friend_newModuleInstance retail call target)
??0VeterancyGainCreateModuleData@@QAE@XZ,0x0000FA5B,pinharvest x1 (thunk)
??0VeterancyGainCreateModuleData@@QAE@XZ,0x0002DAA1,pinharvest x1 (thunk)
??0VeterancyGainCreateModuleData@@QAE@XZ,0x0002E500,pinharvest x1 (thunk)
??0VeterancyGainCreateModuleData@@QAE@XZ,0x0002EA73,pinharvest x1 (thunk)
??0VeterancyGainCreateModuleData@@QAE@XZ,0x0003EE87,pinharvest x1 (thunk)
??0VeterancyGainCreateModuleData@@QAE@XZ,0x000485B8,pinharvest x1 (thunk)
??0W3DAnimationInfo@@QAE@ABV0@@Z,0x0003F170,REL32 pin for W3DAnimationInfo copy helper
??0W3DDebrisDraw@@QAE@PAVThing@@PBVModuleData@@@Z,0x0002E98D,retail W3DModuleFactory ordinal 1 ctor thunk
??0W3DDefaultDraw@@QAE@PAVThing@@PBVModuleData@@@Z,0x0001D3AE,pinharvest x1 (thunk)
??0W3DDefaultDraw@@QAE@PAVThing@@PBVModuleData@@@Z,0x0001F5C3,pinharvest x1 (thunk)
??0W3DDefaultDraw@@QAE@PAVThing@@PBVModuleData@@@Z,0x0002070C,pinharvest x1 (thunk)
??0W3DDefaultDraw@@QAE@PAVThing@@PBVModuleData@@@Z,0x0002DED4,pinharvest x1 (thunk)
??0W3DDefaultDraw@@QAE@PAVThing@@PBVModuleData@@@Z,0x0003CF56,pinharvest x1 (thunk)
??0W3DDefaultDraw@@QAE@PAVThing@@PBVModuleData@@@Z,0x0003ECA7,pinharvest x1 (thunk)
??0W3DDependencyModelDrawModuleData@@QAE@XZ,0x0001235A,pinharvest x1 (thunk)
??0W3DDisplay@@QAE@XZ,0x00002432
??0W3DGameWindowManager@@QAE@XZ,0x00021701
??0W3DInGameUI@@QAE@XZ,0x0003CDB2
??0W3DLaserDrawModuleData@@QAE@XZ,0x00014EA2,pinharvest x1 (thunk)
??0W3DLaserDrawModuleData@@QAE@XZ,0x0001BE41,pinharvest x1 (thunk)
??0W3DLaserDrawModuleData@@QAE@XZ,0x00030EBD,pinharvest x1 (thunk)
??0W3DModelDrawModuleData@@QAE@XZ,0x00025EBE,pinharvest x1 (thunk)
??0W3DOverlordAircraftDrawModuleData@@QAE@XZ,0x00025EBE,pinharvest x1 (thunk)
??0W3DOverlordTankDrawModuleData@@QAE@XZ,0x0000260D
??0W3DProjectileStreamDraw@@QAE@PAVThing@@PBVModuleData@@@Z,0x00002B67,pinharvest x1 (thunk)
??0W3DProjectileStreamDraw@@QAE@PAVThing@@PBVModuleData@@@Z,0x000483E2,pinharvest x1 (thunk)
??0W3DProjectileStreamDrawModuleData@@QAE@XZ,0x00001780,pinharvest x1 (thunk)
??0W3DProjectileStreamDrawModuleData@@QAE@XZ,0x0001ECBD,pinharvest x1 (thunk)
??0W3DProjectileStreamDrawModuleData@@QAE@XZ,0x0002C9D0,pinharvest x1 (thunk)
??0W3DProjectileStreamDrawModuleData@@QAE@XZ,0x0002E069,pinharvest x1 (thunk)
??0W3DPropDrawModuleData@@QAE@XZ,0x0001FABE,pinharvest x1 (thunk)
??0W3DPropDrawModuleData@@QAE@XZ,0x0001FEB0,pinharvest x1 (thunk)
??0W3DPropDrawModuleData@@QAE@XZ,0x000283F3,pinharvest x1 (thunk)
??0W3DPropDrawModuleData@@QAE@XZ,0x0002DABA,pinharvest x1 (thunk)
??0W3DPropDrawModuleData@@QAE@XZ,0x00043969,pinharvest x1 (thunk)
??0W3DPropDrawModuleData@@QAE@XZ,0x0004601A,pinharvest x1 (thunk)
??0W3DRopeDraw@@QAE@PAVThing@@PBVModuleData@@@Z,0x00048167,retail W3D factory registration
??0W3DScienceModelDrawModuleData@@QAE@XZ,0x0001235A,pinharvest x1 (thunk)
??0W3DSnowManager@@QAE@XZ,0x000216C0
??0W3DSupplyDraw@@QAE@PAVThing@@PBVModuleData@@@Z,0x0001F659,pinharvest x1 (thunk)
??0W3DSupplyDraw@@QAE@PAVThing@@PBVModuleData@@@Z,0x00021CE2,pinharvest x1 (thunk)
??0W3DSupplyDrawModuleData@@QAE@XZ,0x0001235A,pinharvest x1 (thunk)
??0W3DTankDraw@@QAE@PAVThing@@PBVModuleData@@@Z,0x00006C85,pinharvest x1 (thunk)
??0W3DTankDraw@@QAE@PAVThing@@PBVModuleData@@@Z,0x000138C2,pinharvest x1 (thunk)
??0W3DTankDraw@@QAE@PAVThing@@PBVModuleData@@@Z,0x0001FE7E,pinharvest x1 (thunk)
??0W3DTankDraw@@QAE@PAVThing@@PBVModuleData@@@Z,0x0002CD86,pinharvest x1 (thunk)
??0W3DTankDraw@@QAE@PAVThing@@PBVModuleData@@@Z,0x00042618,pinharvest x1 (thunk)
??0W3DTankDraw@@QAE@PAVThing@@PBVModuleData@@@Z,0x0004549E,pinharvest x1 (thunk)
??0W3DTankDrawModuleData@@QAE@XZ,0x00018322,pinharvest x1 (thunk)
??0W3DTankDrawModuleData@@QAE@XZ,0x0003B14C,pinharvest x1 (thunk)
??0W3DTerrainVisual@@QAE@XZ,0x00024DC0
??0W3DTracerDraw@@QAE@PAVThing@@PBVModuleData@@@Z,0x00004D36,pinharvest x1 (thunk)
??0W3DTracerDraw@@QAE@PAVThing@@PBVModuleData@@@Z,0x0000C199,pinharvest x1 (thunk)
??0W3DTracerDraw@@QAE@PAVThing@@PBVModuleData@@@Z,0x00025581,pinharvest x1 (thunk)
??0W3DTracerDraw@@QAE@PAVThing@@PBVModuleData@@@Z,0x00041547,pinharvest x1 (thunk)
??0W3DTracerDraw@@QAE@PAVThing@@PBVModuleData@@@Z,0x00048B9E,pinharvest x1 (thunk)
??0W3DTruckDrawModuleData@@QAE@XZ,0x0000CC3E,pinharvest x1 (thunk)
??0Weapon@@QAE@PBVWeaponTemplate@@W4WeaponSlotType@@@Z,0x00002B03,Open-BFME5 Weapon ctor pin
??0WeaponBonusUpdate@@QAE@PAVThing@@PBVModuleData@@@Z,0x00008878,pinharvest x1 (thunk)
??0WeaponBonusUpdate@@QAE@PAVThing@@PBVModuleData@@@Z,0x0000BAF0,pinharvest x1 (thunk)
??0WeaponBonusUpdate@@QAE@PAVThing@@PBVModuleData@@@Z,0x00034EDC,pinharvest x1 (thunk)
??0WeaponBonusUpdate@@QAE@PAVThing@@PBVModuleData@@@Z,0x00038C35,pinharvest x1 (thunk)
??0WeaponBonusUpdate@@QAE@PAVThing@@PBVModuleData@@@Z,0x0003DB36,pinharvest x1 (thunk)
??0WeaponBonusUpdate@@QAE@PAVThing@@PBVModuleData@@@Z,0x0004B510,pinharvest x1 (thunk)
??0WeaponBonusUpdateModuleData@@QAE@XZ,0x00004D9A,pinharvest x1 (thunk)
??0WeaponBonusUpdateModuleData@@QAE@XZ,0x0001B905,pinharvest x1 (thunk)
??0WeaponBonusUpdateModuleData@@QAE@XZ,0x0002A923,pinharvest x1 (thunk)
??0WeaponBonusUpdateModuleData@@QAE@XZ,0x0002DA24,pinharvest x1 (thunk)
??0WeaponBonusUpdateModuleData@@QAE@XZ,0x0003CA01,pinharvest x1 (thunk)
??0WeaponBonusUpgrade@@QAE@PAVThing@@PBVModuleData@@@Z,0x000375B5,module ctor (friend_newModuleInstance retail call target)
??0WeaponFireSpecialAbilityUpdateModuleDataBase@@QAE@XZ,0x0003F503,WeaponFireSpecialAbilityUpdateModuleData ctor base
??0WeaponModeSpecialPowerUpdateModuleDataBase@@QAE@XZ,0x00023FE7,WeaponModeSpecialPowerUpdateModuleData ctor base
??0WeaponSetUpgrade@@QAE@PAVThing@@PBVModuleData@@@Z,0x0003406D,module ctor (friend_newModuleInstance retail call target)
??0WeatherSetting@@QAE@XZ,0x000157CB,harvested from parseWeatherDefinition (thunk)
??0WorkerAIUpdateModuleData@@QAE@XZ,0x00024BFE,pinharvest x1 (thunk)
??0WorkerAIUpdateModuleData@@QAE@XZ,0x000386B8,pinharvest x1 (thunk)
??0WriteLockClass@VertexBufferClass@@QAE@PAV1@H@Z,0x0091DD70,REL32 callee pin
??0file_auto_ptr@@QAE@PAVFileFactoryClass@@PBD@Z,0x009DD4F0
??1?$SimpleDynVecClass@VVector3@@@@UAE@XZ,0x00887940
??1?$StringBase@D@@AAE@XZ,0x00887940,NetCommandMsg_text.cpp setters call the destructor body directly; the ledger row at 0x0005E490 is its incremental-link thunk
??1?$StringBase@G@@AAE@XZ,0x008881D0,the wide destructor body, which folds with releaseBuffer; the ledger row at 0x0005E4E0 is its incremental-link thunk
??1?$_List_base@PAVAnimateWindow@@V?$allocator@PAVAnimateWindow@@@_STL@@@_STL@@QAE@XZ,0x0002CFD4,ILT thunk; retail call sites use the thunk
??1?$_List_base@PAVControlBarSchemeAnimation@@V?$allocator@PAVControlBarSchemeAnimation@@@_STL@@@_STL@@QAE@XZ,0x00011EFA
??1?$_List_base@UICoord2D@@V?$allocator@UICoord2D@@@_STL@@@_STL@@QAE@XZ,0x008881D0,derived-ICF
??1?$_Rb_tree@IU?$pair@$$CBIPAVImage@@@_STL@@U?$_Select1st@U?$pair@$$CBIPAVImage@@@_STL@@@2@U?$less@I@2@V?$allocator@U?$pair@$$CBIPAVImage@@@_STL@@@2@@_STL@@QAE@XZ,0x0004AB6A
??1?$_Rb_tree@IU?$pair@$$CBIPAVImage@@@_STL@@U?$_Select1st@U?$pair@$$CBIPAVImage@@@_STL@@@2@U?$less@I@2@V?$allocator@U?$pair@$$CBIPAVImage@@@_STL@@@2@@_STL@@QAE@XZ,0x005D2900
??1?$_Rb_tree@IU?$pair@$$CBI_N@_STL@@U?$_Select1st@U?$pair@$$CBI_N@_STL@@@2@U?$less@I@2@V?$allocator@U?$pair@$$CBI_N@_STL@@@2@@_STL@@QAE@XZ,0x0001481C,pinharvest x1 (thunk)
??1?$_Rb_tree@IU?$pair@$$CBI_N@_STL@@U?$_Select1st@U?$pair@$$CBI_N@_STL@@@2@U?$less@I@2@V?$allocator@U?$pair@$$CBI_N@_STL@@@2@@_STL@@QAE@XZ,0x00887940,pinharvest x1 (body)
??1?$_Rb_tree@JU?$pair@$$CBJVLadderPref@@@_STL@@U?$_Select1st@U?$pair@$$CBJVLadderPref@@@_STL@@@2@U?$less@J@2@V?$allocator@U?$pair@$$CBJVLadderPref@@@_STL@@@2@@_STL@@QAE@XZ,0x000192CC
??1?$_Rb_tree@PAVGameSpyStagingRoom@@PAV1@U?$_Identity@PAVGameSpyStagingRoom@@@_STL@@U?$less@PAVGameSpyStagingRoom@@@3@V?$allocator@PAVGameSpyStagingRoom@@@3@@_STL@@QAE@XZ,0x00018EF3,RefreshGameListBox EH-unwind cleanup dtor for sgl (default less<T*> comparator instantiation)
??1?$_Rb_tree@PAVGameSpyStagingRoom@@PAV1@U?$_Identity@PAVGameSpyStagingRoom@@@_STL@@UGameSortStruct@@V?$allocator@PAVGameSpyStagingRoom@@@3@@_STL@@QAE@XZ,0x000471DB,RefreshGameListBox normal-exit dtor for sgl (GameSortStruct comparator)
??1?$_Rb_tree@PBVThingTemplate@@U?$pair@QBVThingTemplate@@H@_STL@@U?$_Select1st@U?$pair@QBVThingTemplate@@H@_STL@@@3@U?$less@PBVThingTemplate@@@3@V?$allocator@U?$pair@QBVThingTemplate@@H@_STL@@@3@@_STL@@QAE@XZ,0x0003D61D
??1?$_Rb_tree@VAsciiString@@U?$pair@$$CBVAsciiString@@PAVArchiveFile@@@_STL@@U?$_Select1st@U?$pair@$$CBVAsciiString@@PAVArchiveFile@@@_STL@@@3@U?$less@VAsciiString@@@3@V?$allocator@U?$pair@$$CBVAsciiString@@PAVArchiveFile@@@_STL@@@3@@_STL@@QAE@XZ,0x009C9C40,second member destructor in ~ArchiveFileSystem at 0x009CA5C5 -- m_archiveFileMap
??1?$_Rb_tree@VAsciiString@@U?$pair@$$CBVAsciiString@@V1@@_STL@@U?$_Select1st@U?$pair@$$CBVAsciiString@@V1@@_STL@@@3@U?$less@VAsciiString@@@3@V?$allocator@U?$pair@$$CBVAsciiString@@V1@@_STL@@@3@@_STL@@QAE@XZ,0x0000B992
??1?$_Rb_tree@VAsciiString@@U?$pair@$$CBVAsciiString@@V?$list@VAsciiString@@V?$allocator@VAsciiString@@@_STL@@@_STL@@@_STL@@U?$_Select1st@U?$pair@$$CBVAsciiString@@V?$list@VAsciiString@@V?$allocator@VAsciiString@@@_STL@@@_STL@@@_STL@@@3@U?$less@VAsciiString@@@3@V?$allocator@U?$pair@$$CBVAsciiString@@V?$list@VAsciiString@@V?$allocator@VAsciiString@@@_STL@@@_STL@@@_STL@@@3@@_STL@@QAE@XZ,0x00029C58
??1?$_Rb_tree@VAsciiString@@U?$pair@$$CBVAsciiString@@VArchivedDirectoryInfo@@@_STL@@U?$_Select1st@U?$pair@$$CBVAsciiString@@VArchivedDirectoryInfo@@@_STL@@@3@U?$less@VAsciiString@@@3@V?$allocator@U?$pair@$$CBVAsciiString@@VArchivedDirectoryInfo@@@_STL@@@3@@_STL@@QAE@XZ,0x009C9570,CORRECTED from 0x0007D250 (which its own note called the weakest positional guess): ~ArchivedDirectoryInfo at 0x009CA4F0 calls this to destroy m_directories at this+4 and the other 85 of its 89 bytes match exactly. 0x009C9570 also sits with the other archive-tree instantiations -- _M_find 0x009C9AA0, _M_erase 0x009CAAD0 -- where 0x0007D250 does not, so it fails safe
??1?$_Rb_tree@VAsciiString@@U?$pair@$$CBVAsciiString@@VMapMetaData@@@_STL@@U?$_Select1st@U?$pair@$$CBVAsciiString@@VMapMetaData@@@_STL@@@3@U?$less@VAsciiString@@@3@V?$allocator@U?$pair@$$CBVAsciiString@@VMapMetaData@@@_STL@@@3@@_STL@@QAE@XZ,0x00024BB8
??1?$_Rb_tree@VAsciiString@@U?$pair@$$CBVAsciiString@@_N@_STL@@U?$_Select1st@U?$pair@$$CBVAsciiString@@_N@_STL@@@3@U?$less@VAsciiString@@@3@V?$allocator@U?$pair@$$CBVAsciiString@@_N@_STL@@@3@@_STL@@QAE@XZ,0x00014047
??1?$_Rb_tree@VAsciiString@@V1@U?$_Identity@VAsciiString@@@_STL@@U?$less@VAsciiString@@@3@V?$allocator@VAsciiString@@@3@@_STL@@QAE@XZ,0x000235E7
??1?$_Rb_tree@VAsciiString@@V1@U?$_Identity@VAsciiString@@@_STL@@U?$less_than_nocase@VAsciiString@@@rts@@V?$allocator@VAsciiString@@@3@@_STL@@QAE@XZ,0x00197AE0,FilenameList destructor -- the set<AsciiString,less_than_nocase> tree; reached from loadIntoDirectoryTree at 0x009CAD?? through the link thunk at 0x000124DB
??1?$_Rb_tree@VUnicodeString@@U?$pair@$$CBVUnicodeString@@_N@_STL@@U?$_Select1st@U?$pair@$$CBVUnicodeString@@_N@_STL@@@3@UUnicodeStringLessThan@@V?$allocator@U?$pair@$$CBVUnicodeString@@_N@_STL@@@3@@_STL@@QAE@XZ,0x0003BD2C
??1?$_Rb_tree@W4NameKeyType@@U?$pair@$$CBW4NameKeyType@@PAVLocomotorTemplate@@@_STL@@U?$_Select1st@U?$pair@$$CBW4NameKeyType@@PAVLocomotorTemplate@@@_STL@@@3@U?$less@W4NameKeyType@@@3@V?$allocator@U?$pair@$$CBW4NameKeyType@@PAVLocomotorTemplate@@@_STL@@@3@@_STL@@QAE@XZ,0x0004AB6A,LocomotorStore dtor map clear ILT thunk
??1?$_Rb_tree@W4NameKeyType@@U?$pair@$$CBW4NameKeyType@@PAVLocomotorTemplate@@@_STL@@U?$_Select1st@U?$pair@$$CBW4NameKeyType@@PAVLocomotorTemplate@@@_STL@@@3@U?$less@W4NameKeyType@@@3@V?$allocator@U?$pair@$$CBW4NameKeyType@@PAVLocomotorTemplate@@@_STL@@@3@@_STL@@QAE@XZ,0x005D2900,LocomotorStore dtor map clear (retail ICF with Image Rb_tree dtor)
??1?$pair@$$CBHVGameSpyGroupRoom@@@_STL@@QAE@XZ,0x00021274
??1?$pair@$$CBJVLadderPref@@@_STL@@QAE@XZ,0x0002517B
??1?$pair@$$CBVAsciiString@@UCoord3D@@@_STL@@QAE@XZ,0x000200FE
??1?$pair@$$CBVAsciiString@@V1@@_STL@@QAE@XZ,0x0002517B
??1?$pair@$$CBVAsciiString@@VHotKey@@@_STL@@QAE@XZ,0x00012D78
??1?$pair@$$CBVAsciiString@@VPlayerInfo@@@_STL@@QAE@XZ,0x00041B91
??1?$pair@$$CBW4NameKeyType@@VObjectCreationList@@@_STL@@QAE@XZ,0x00009525,pinharvest x1 (thunk)
??1?$pair@$$CBW4NameKeyType@@VObjectCreationList@@@_STL@@QAE@XZ,0x0001AF5F,pinharvest x1 (thunk)
??1?$pair@$$CBW4NameKeyType@@VObjectCreationList@@@_STL@@QAE@XZ,0x0002517B,pinharvest x1 (thunk)
??1?$set@PAVGameSpyStagingRoom@@U?$less@PAVGameSpyStagingRoom@@@_STL@@V?$allocator@PAVGameSpyStagingRoom@@@3@@_STL@@QAE@XZ,0x0001F514
??1?$vector@UICoord2D@@V?$allocator@UICoord2D@@@_STL@@@_STL@@QAE@XZ,0x0001642D,resweep callee back-solved
??1?$vector@VAsciiString@@V?$allocator@VAsciiString@@@_STL@@@_STL@@QAE@XZ,0x000658A0,SubsystemLegend.cpp TU copy of vector<AsciiString> dtor (unfolded; GameAudio.cpp has its own at 0x006FA6xx)
??1?$vector@VPlayerTemplate@@V?$allocator@VPlayerTemplate@@@_STL@@@_STL@@QAE@XZ,0x0001481C,pinharvest x1 (thunk)
??1?$vector@VPlayerTemplate@@V?$allocator@VPlayerTemplate@@@_STL@@@_STL@@QAE@XZ,0x00887940,pinharvest x1 (body)
??1AABTreeLinkClass@@UAE@XZ,0x0001E394,pinharvest x1 (thunk)
??1AIUpdateModuleData@@UAE@XZ,0x00887940
??1ASCB_RootBase@@UAE@XZ,0x0002B8C8,AnimationSoundClientBehavior dtor root base call; ILT thunk for body 0x00113E60
??1ActiveCategoryStackClass@@UAE@XZ,0x0002A08B,pinharvest x1 (thunk)
??1ActiveCategoryStackClass@@UAE@XZ,0x0003B8DB,pinharvest x1 (thunk)
??1ActiveCategoryStackClass@@UAE@XZ,0x0003CC2C,pinharvest x1 (thunk)
??1ActiveCategoryStackClass@@UAE@XZ,0x000408EA,pinharvest x1 (thunk)
??1ActiveCategoryStackClass@@UAE@XZ,0x00045CA5,pinharvest x1 (thunk)
??1ActiveCategoryStackClass@@UAE@XZ,0x00AFF130,pinharvest x1 (body)
??1AnimateWindow@@UAE@XZ,0x0002F973,ILT thunk; retail call sites use the thunk
??1AnimationSoundClientBehaviorModuleDataMember@@QAE@XZ,0x000142EA,AnimationSoundClientBehaviorModuleData dtor member +0x8
??1ArchiveFile@@UAE@XZ,0x009D0BD0,base destructor called by ~Win32BIGFile
??1ArchivedDirectoryInfo@@QAE@XZ,0x009CA4F0,first member destructor in ~ArchiveFileSystem at 0x009CA5B6; members destroy in reverse declaration order so m_rootDirectory goes before m_archiveFileMap
??1ArchivedFileInfo@@QAE@XZ,0x009CC600,archive directory entry dtor
??1ArrowStormUpdateModuleDataBase@@UAE@XZ,0x0001980D,Open-BFME5 base dtor pin
??1AsciiString@@QAE@XZ,0x00887940,pinharvest x4 (body)
??1AttributeHandleStandIn@@QAE@XZ,0x0039D550,Open-BFME5 handle-release dtor (global-pool index) from AttributeModifierAuraUpdateModuleData dtor call site
??1AttributeModifierAuraUpdateModuleDataMemberA@@QAE@XZ,0x00887940,Open-BFME5 pin
??1AttributeModifierAuraUpdateModuleDataMemberB@@QAE@XZ,0x00026AB2,Open-BFME5 pin
??1AttributeModifierAuraUpdateModuleDataMemberC@@QAE@XZ,0x0001A401,Open-BFME5 pin
??1AttributeModifierAuraUpdateModuleDataMemberD@@QAE@XZ,0x0001B97D,Open-BFME5 pin
??1AttributeModifierStandIn@@QAE@XZ,0x00129C80,Open-BFME5 nested attribute-modifier struct dtor from AttributeModifierAuraUpdateModuleData dtor call site
??1AudioEventRTS@@UAE@XZ,0x0002671F
??1AudioEventRTS@@UAE@XZ,0x009409F0,pinharvest x1 (body)
??1AutoPickUpUpdateModuleDataMemberA@@QAE@XZ,0x0001A401,Open-BFME5 pin
??1AutoPickUpUpdateModuleDataMemberB@@QAE@XZ,0x00045016,Open-BFME5 pin
??1BFMEPlayerTemplateAsciiString@@QAE@XZ,0x00887940,PlayerTemplate time-change retail AsciiString release owner
??1BaseUpgradeModuleDataBase@@UAE@XZ,0x0001B97D,Open-BFME5 pin
??1BaseUpgradeModuleDataMemberA@@QAE@XZ,0x0001B97D,Open-BFME5 pin
??1BaseUpgradeModuleDataMemberA@@QAE@XZ,0x00887940,Open-BFME5 pin
??1BaseUpgradeModuleDataMemberB@@QAE@XZ,0x00887940,Open-BFME5 pin
??1BattlePlanUpdateModuleDataMemberA@@QAE@XZ,0x00887940,Open-BFME5 pin
??1BfmeLegendString@@QAE@XZ,0x00887940,SubsystemLegend.cpp AsciiString stand-in dtor; folds with StringBase<char>::releaseBuffer
??1BfmeLegendStringVec@@QAE@XZ,0x000658A0,SubsystemLegend.cpp vector<AsciiString> stand-in dtor
??1BroadcastStealthUpdateModuleDataMemberA@@QAE@XZ,0x00887940,Open-BFME5 pin
??1BroadcastStealthUpdateModuleDataMemberB@@QAE@XZ,0x0001B97D,Open-BFME5 pin
??1BuddyMessage@@QAE@XZ,0x00021445
??1Buffer@@QAE@XZ,0x0001A401,pinharvest x1 (thunk)
??1Buffer@@QAE@XZ,0x00887940,pinharvest x1 (body)
??1Buffer@@QAE@XZ,0x009E1E60
??1BufferStraw@@UAE@XZ,0x00921790
??1CDManagerInterface@@UAE@XZ,0x00101BA0,CDManagerInterface dtor body (called by ??_G @ 0x101BB0)
??1CameraShakerClass@CameraShakeSystemClass@@UAE@XZ,0x0001E394,pinharvest x1 (thunk)
??1CivilianSpawnUpdateModuleDataMemberA@@QAE@XZ,0x0001A401,Open-BFME5 pin
??1CivilianSpawnUpdateModuleDataMemberB@@QAE@XZ,0x00026AB2,Open-BFME5 pin
??1ClearanceTestingSlowDeathBehaviorModuleDataBase@@UAE@XZ,0x00015645,Open-BFME5 base pin
??1ClearanceTestingSlowDeathBehaviorModuleDataMember@@QAE@XZ,0x000309F4,Open-BFME5 pin
??1CommandSetUpgradeModuleDataBase@@UAE@XZ,0x0001B97D,Open-BFME5 base dtor pin
??1CommandSetUpgradeModuleDataMemberA@@QAE@XZ,0x0001B97D,Open-BFME5 pin
??1CommandSetUpgradeModuleDataMemberB@@QAE@XZ,0x00887940,Open-BFME5 pin
??1CompositeRenderObjClass@@UAE@XZ,0x0091FC10
??1CountUpBuffer@@QAE@XZ,0x008881D0,Open-BFME5 pin
??1CountUpTransitionBase@@UAE@XZ,0x0001AA9B,Open-BFME5 pin
??1CriticalSectionClass@@QAE@XZ,0x009DB450
??1CullSystemClass@@UAE@XZ,0x008E2150
??1CustomMatchPreferences@@UAE@XZ,0x00041F6A
??1DebugCmdInterfaceDebug@@UAE@XZ,0x00889620,pinharvest x1 (body)
??1DebugCmdInterfaceDebug@@UAE@XZ,0x0088A6E0,pinharvest x1 (body)
??1DebugCmdInterfaceDebug@@UAE@XZ,0x0088FAA0,pinharvest x1 (body)
??1DebugCmdInterfaceDebug@@UAE@XZ,0x0088FB30,pinharvest x1 (body)
??1DebugCmdInterfaceDebug@@UAE@XZ,0x00890780,pinharvest x1 (body)
??1DebugCmdInterfaceDebug@@UAE@XZ,0x00890F10,pinharvest x1 (body)
??1DebugIOCon@@UAE@XZ,0x00889620,pinharvest x1 (body)
??1DebugIOCon@@UAE@XZ,0x0088A6E0,pinharvest x1 (body)
??1DebugIOCon@@UAE@XZ,0x0088FAA0,pinharvest x1 (body)
??1DebugIOCon@@UAE@XZ,0x0088FB30,pinharvest x1 (body)
??1DebugIOCon@@UAE@XZ,0x00890780,pinharvest x1 (body)
??1DebugIOCon@@UAE@XZ,0x00890F10,pinharvest x1 (body)
??1DebugIOFlat@@UAE@XZ,0x00889620,pinharvest x1 (body)
??1DebugIOFlat@@UAE@XZ,0x0088A6E0,pinharvest x1 (body)
??1DebugIOFlat@@UAE@XZ,0x0088FAA0,pinharvest x1 (body)
??1DebugIOFlat@@UAE@XZ,0x0088FB30,pinharvest x1 (body)
??1DebugIOFlat@@UAE@XZ,0x00890780,pinharvest x1 (body)
??1DebugIOFlat@@UAE@XZ,0x00890F10,pinharvest x1 (body)
??1DebugIONet@@UAE@XZ,0x00889620,pinharvest x1 (body)
??1DebugIONet@@UAE@XZ,0x0088A6E0,pinharvest x1 (body)
??1DebugIONet@@UAE@XZ,0x0088FAA0,pinharvest x1 (body)
??1DebugIONet@@UAE@XZ,0x0088FB30,pinharvest x1 (body)
??1DebugIONet@@UAE@XZ,0x00890780,pinharvest x1 (body)
??1DebugIONet@@UAE@XZ,0x00890F10,pinharvest x1 (body)
??1DebugIOOds@@UAE@XZ,0x00889620,pinharvest x1 (body)
??1DebugIOOds@@UAE@XZ,0x0088A6E0,pinharvest x1 (body)
??1DebugIOOds@@UAE@XZ,0x0088FAA0,pinharvest x1 (body)
??1DebugIOOds@@UAE@XZ,0x0088FB30,pinharvest x1 (body)
??1DebugIOOds@@UAE@XZ,0x00890780,pinharvest x1 (body)
??1DebugIOOds@@UAE@XZ,0x00890F10,pinharvest x1 (body)
??1DeletionUpdateModuleDataBase@@UAE@XZ,0x0000E421,Open-BFME5 pin
??1DetailedArchivedDirectoryInfo@@QAE@XZ,0x009D0730,site-decoded from ~ArchiveFile: lea ecx,[esi+8] then call -- m_rootDirectory is the DetailedArchivedDirectoryInfo member at ArchiveFile+8 and the type is already named by its copy ctor
??1DieModuleDataBase@@UAE@XZ,0x00887940,Open-BFME5 base dtor pin
??1ElvenWoodSpecialPowerModuleDataBase@@UAE@XZ,0x0001D7B4,Open-BFME5 pin
??1ElvenWoodSpecialPowerModuleDataMemberA@@QAE@XZ,0x00013C00,Open-BFME5 pin
??1ElvenWoodSpecialPowerModuleDataMemberB@@QAE@XZ,0x00887940,Open-BFME5 pin
??1EnragedBehaviorModuleDataMember@@QAE@XZ,0x00026AB2,EnragedBehaviorModuleData dtor member +0x8
??1Entry@?$HashTemplateClass@VStringClass@@H@@QAE@XZ,0x00013101,pinharvest x1 (thunk)
??1Entry@?$HashTemplateClass@VStringClass@@H@@QAE@XZ,0x000259EB,pinharvest x1 (thunk)
??1Entry@?$HashTemplateClass@VStringClass@@H@@QAE@XZ,0x00028E9D,pinharvest x1 (thunk)
??1Entry@?$HashTemplateClass@VStringClass@@H@@QAE@XZ,0x00038A1E,pinharvest x1 (thunk)
??1Entry@?$HashTemplateClass@VStringClass@@H@@QAE@XZ,0x0003BE8A,pinharvest x1 (thunk)
??1Entry@?$HashTemplateClass@VStringClass@@H@@QAE@XZ,0x000459F8,pinharvest x1 (thunk)
??1Entry@?$HashTemplateClass@VStringClass@@PAV?$DynamicVectorClass@PAVDefinitionClass@@@@@@QAE@XZ,0x00013101,pinharvest x1 (thunk)
??1Entry@?$HashTemplateClass@VStringClass@@PAV?$DynamicVectorClass@PAVDefinitionClass@@@@@@QAE@XZ,0x000259EB,pinharvest x1 (thunk)
??1Entry@?$HashTemplateClass@VStringClass@@PAV?$DynamicVectorClass@PAVDefinitionClass@@@@@@QAE@XZ,0x00028E9D,pinharvest x1 (thunk)
??1Entry@?$HashTemplateClass@VStringClass@@PAV?$DynamicVectorClass@PAVDefinitionClass@@@@@@QAE@XZ,0x00038A1E,pinharvest x1 (thunk)
??1Entry@?$HashTemplateClass@VStringClass@@PAV?$DynamicVectorClass@PAVDefinitionClass@@@@@@QAE@XZ,0x0003BE8A,pinharvest x1 (thunk)
??1Entry@?$HashTemplateClass@VStringClass@@PAV?$DynamicVectorClass@PAVDefinitionClass@@@@@@QAE@XZ,0x000459F8,pinharvest x1 (thunk)
??1Entry@?$HashTemplateClass@VStringClass@@PAVHTreeClass@@@@QAE@XZ,0x00013101,pinharvest x1 (thunk)
??1Entry@?$HashTemplateClass@VStringClass@@PAVHTreeClass@@@@QAE@XZ,0x000259EB,pinharvest x1 (thunk)
??1Entry@?$HashTemplateClass@VStringClass@@PAVHTreeClass@@@@QAE@XZ,0x00028E9D,pinharvest x1 (thunk)
??1Entry@?$HashTemplateClass@VStringClass@@PAVHTreeClass@@@@QAE@XZ,0x00038A1E,pinharvest x1 (thunk)
??1Entry@?$HashTemplateClass@VStringClass@@PAVHTreeClass@@@@QAE@XZ,0x0003BE8A,pinharvest x1 (thunk)
??1Entry@?$HashTemplateClass@VStringClass@@PAVHTreeClass@@@@QAE@XZ,0x000459F8,pinharvest x1 (thunk)
??1Entry@?$HashTemplateClass@VStringClass@@PAVTextureClass@@@@QAE@XZ,0x00013101,pinharvest x1 (thunk)
??1Entry@?$HashTemplateClass@VStringClass@@PAVTextureClass@@@@QAE@XZ,0x000259EB,pinharvest x1 (thunk)
??1Entry@?$HashTemplateClass@VStringClass@@PAVTextureClass@@@@QAE@XZ,0x00028E9D,pinharvest x1 (thunk)
??1Entry@?$HashTemplateClass@VStringClass@@PAVTextureClass@@@@QAE@XZ,0x00038A1E,pinharvest x1 (thunk)
??1Entry@?$HashTemplateClass@VStringClass@@PAVTextureClass@@@@QAE@XZ,0x0003BE8A,pinharvest x1 (thunk)
??1Entry@?$HashTemplateClass@VStringClass@@PAVTextureClass@@@@QAE@XZ,0x000459F8,pinharvest x1 (thunk)
??1Entry@?$HashTemplateClass@VStringClass@@PAVThumbnailClass@@@@QAE@XZ,0x00013101,pinharvest x1 (thunk)
??1Entry@?$HashTemplateClass@VStringClass@@PAVThumbnailClass@@@@QAE@XZ,0x000259EB,pinharvest x1 (thunk)
??1Entry@?$HashTemplateClass@VStringClass@@PAVThumbnailClass@@@@QAE@XZ,0x00028E9D,pinharvest x1 (thunk)
??1Entry@?$HashTemplateClass@VStringClass@@PAVThumbnailClass@@@@QAE@XZ,0x00038A1E,pinharvest x1 (thunk)
??1Entry@?$HashTemplateClass@VStringClass@@PAVThumbnailClass@@@@QAE@XZ,0x0003BE8A,pinharvest x1 (thunk)
??1Entry@?$HashTemplateClass@VStringClass@@PAVThumbnailClass@@@@QAE@XZ,0x000459F8,pinharvest x1 (thunk)
??1FXBoneInfo@@QAE@XZ,0x00007928,resweep callee back-solved
??1File@@UAE@XZ,0x009CB8C0,called by the File scalar deleting destructor
??1FileInfoStruct@MixFileCreator@@QAE@XZ,0x00013D40,pinharvest x1 (thunk)
??1FileInfoStruct@MixFileCreator@@QAE@XZ,0x0001BFDB,pinharvest x1 (thunk)
??1FileInfoStruct@MixFileCreator@@QAE@XZ,0x00036AB1,pinharvest x1 (thunk)
??1FileInfoStruct@MixFileCreator@@QAE@XZ,0x00041F56,pinharvest x1 (thunk)
??1FileInfoStruct@MixFileCreator@@QAE@XZ,0x00978A10,pinharvest x1 (body)
??1FilePipe@@UAE@XZ,0x009E7DC0
??1FileStraw@@UAE@XZ,0x009E1C50
??1FlammableUpdateModuleDataMemberA@@QAE@XZ,0x00887940,Open-BFME5 pin
??1FlammableUpdateModuleDataMemberB@@QAE@XZ,0x0004908A,Open-BFME5 pin
??1FrameData@@QAE@XZ,0x0002A08B,pinharvest x1 (thunk)
??1FrameData@@QAE@XZ,0x0003B8DB,pinharvest x1 (thunk)
??1FrameData@@QAE@XZ,0x0003CC2C,pinharvest x1 (thunk)
??1FrameData@@QAE@XZ,0x000408EA,pinharvest x1 (thunk)
??1FrameData@@QAE@XZ,0x00045CA5,pinharvest x1 (thunk)
??1FrameData@@QAE@XZ,0x00AFF130,pinharvest x1 (body)
??1GameMessageList@@UAE@XZ,0x0000E421
??1GameResultsRequest@@QAE@XZ,0x00049288
??1GameResultsResponse@@QAE@XZ,0x00024352
??1GameTextInterface@@UAE@XZ,0x0000E908
??1GateOpenAndCloseBehaviorModuleDataBase@@UAE@XZ,0x00887940,Open-BFME5 pin
??1GateOpenAndCloseBehaviorModuleDataMemberA@@QAE@XZ,0x00026AB2,Open-BFME5 pin
??1GateOpenAndCloseBehaviorModuleDataMemberB@@QAE@XZ,0x00026AB2,Open-BFME5 pin
??1GateProxyBehaviorModuleDataBase@@UAE@XZ,0x00887940,Open-BFME5 pin
??1GateProxyBehaviorModuleDataMemberA@@QAE@XZ,0x00026AB2,Open-BFME5 pin
??1GateProxyBehaviorModuleDataMemberB@@QAE@XZ,0x00026AB2,Open-BFME5 pin
??1GeometryUpgradeModuleDataMemberA@@QAE@XZ,0x0001B97D,Open-BFME5 pin
??1GeometryUpgradeModuleDataMemberB@@QAE@XZ,0x00026AB2,Open-BFME5 pin
??1GettingBuiltBehaviorModuleDataBase@@UAE@XZ,0x00887940,Open-BFME5 base dtor pin
??1GiantBirdSlowDeathBehaviorModuleDataBase@@UAE@XZ,0x00015645,Open-BFME5 base pin
??1GiantBirdSlowDeathBehaviorModuleDataMember@@QAE@XZ,0x00026F35,Open-BFME5 pin
??1GrantStealthBehaviorModuleDataBase@@UAE@XZ,0x0001A401,Open-BFME5 pin
??1GrantStealthBehaviorModuleDataMemberA@@QAE@XZ,0x0001A401,Open-BFME5 pin
??1GrantStealthBehaviorModuleDataMemberA@@QAE@XZ,0x00026AB2,Open-BFME5 pin
??1GrantStealthBehaviorModuleDataMemberB@@QAE@XZ,0x00026AB2,Open-BFME5 pin
??1GrantStealthBehaviorModuleDataMemberB@@QAE@XZ,0x00887940,Open-BFME5 pin
??1GrantStealthBehaviorModuleDataMemberC@@QAE@XZ,0x00887940,Open-BFME5 pin
??1HTreeClass@@QAE@XZ,0x00952790
??1HeroModeSpecialAbilityUpdateModuleDataBase@@UAE@XZ,0x0001980D,Open-BFME5 base dtor pin
??1HideShowSubObjInfo@ModelConditionInfo@@QAE@XZ,0x0000466F,rel32 pin for exact-ambiguous landing
??1HijackerUpdateModuleDataBase@@UAE@XZ,0x009A1A40,Open-BFME5 base pin
??1HijackerUpdateModuleDataMemberA@@QAE@XZ,0x00887940,Open-BFME5 pin
??1HijackerUpdateModuleDataMemberB@@QAE@XZ,0x00887940,Open-BFME5 pin
??1HordeSiegeEngineContainModuleDataBase@@UAE@XZ,0x000179B8,Open-BFME5 pin
??1HordeSiegeEngineContainModuleDataMemberA@@QAE@XZ,0x0001A401,Open-BFME5 pin
??1HordeSiegeEngineContainModuleDataMemberB@@QAE@XZ,0x00887940,Open-BFME5 pin
??1HordeUpdateModuleDataBase@@UAE@XZ,0x00887940,Open-BFME5 base dtor pin
??1INIMemberA@@QAE@XZ,0x009CBFE0,Open-BFME5 pin
??1LargeGroupBonusUpdateModuleDataBase@@UAE@XZ,0x0001A401,Open-BFME5 pin
??1LargeGroupBonusUpdateModuleDataMemberA@@QAE@XZ,0x0001A401,Open-BFME5 pin
??1LargeGroupBonusUpdateModuleDataMemberA@@QAE@XZ,0x00026AB2,Open-BFME5 pin
??1LargeGroupBonusUpdateModuleDataMemberB@@QAE@XZ,0x00026AB2,Open-BFME5 pin
??1LargeGroupBonusUpdateModuleDataMemberB@@QAE@XZ,0x00887940,Open-BFME5 pin
??1LargeGroupBonusUpdateModuleDataMemberC@@QAE@XZ,0x00887940,Open-BFME5 pin
??1LaserUpdateModuleDataBase@@UAE@XZ,0x00887940,Open-BFME5 pin
??1LaserUpdateModuleDataMember4@@QAE@XZ,0x00887940,Open-BFME5 pin
??1LaserUpdateModuleDataMember8@@QAE@XZ,0x00887940,Open-BFME5 pin
??1LaserUpdateModuleDataMemberA@@QAE@XZ,0x00887940,Open-BFME5 pin
??1LaserUpdateModuleDataMemberB@@QAE@XZ,0x00887940,Open-BFME5 pin
??1LayoutFilename@@QAE@XZ,0x00887940
??1LevelGrantSpecialPowerModuleDataBase@@UAE@XZ,0x0001980D,Open-BFME5 base pin
??1LockClass@CriticalSectionClass@@QAE@XZ,0x009DB4D0
??1LockClass@MutexClass@@QAE@XZ,0x009DB400
??1LogicalDecalClass@MultiFixedPoolDecalSystemClass@@QAE@XZ,0x0002A08B,pinharvest x1 (thunk)
??1LogicalDecalClass@MultiFixedPoolDecalSystemClass@@QAE@XZ,0x0003B8DB,pinharvest x1 (thunk)
??1LogicalDecalClass@MultiFixedPoolDecalSystemClass@@QAE@XZ,0x0003CC2C,pinharvest x1 (thunk)
??1LogicalDecalClass@MultiFixedPoolDecalSystemClass@@QAE@XZ,0x000408EA,pinharvest x1 (thunk)
??1LogicalDecalClass@MultiFixedPoolDecalSystemClass@@QAE@XZ,0x00045CA5,pinharvest x1 (thunk)
??1LogicalDecalClass@MultiFixedPoolDecalSystemClass@@QAE@XZ,0x00AFF130,pinharvest x1 (body)
??1Member4@@QAE@XZ,0x00887940,Open-BFME5 pin Buffer-like
??1Member8@@QAE@XZ,0x00887940,Open-BFME5 pin Buffer-like
??1MemberA@@QAE@XZ,0x00026AB2,Open-BFME5 pin
??1MemberB@@QAE@XZ,0x0001A401,Open-BFME5 pin
??1MemoryReadFile@@UAE@XZ,0x009CB460,folded onto File::~File - MemoryReadFile adds no destructible member
??1MemoryWriteFile@@UAE@XZ,0x009CB590,called by the MemoryWriteFile scalar deleting destructor
??1MissingAnimClass@@UAE@XZ,0x00002C7A,ILT thunk; retail call sites use the thunk
??1ModelArrayClass@HLodClass@@UAE@XZ,0x00009C5A,pinharvest x1 (thunk)
??1ModelArrayClass@HLodClass@@UAE@XZ,0x00013F2F,pinharvest x1 (thunk)
??1ModelArrayClass@HLodClass@@UAE@XZ,0x000271A6,pinharvest x1 (thunk)
??1ModelArrayClass@HLodClass@@UAE@XZ,0x000346BC,pinharvest x1 (thunk)
??1ModelArrayClass@HLodClass@@UAE@XZ,0x00038410,pinharvest x1 (thunk)
??1ModelArrayClass@HLodClass@@UAE@XZ,0x0003C69B,pinharvest x1 (thunk)
??1ModelConditionSoundSelectorClientBehaviorModuleDataMember@@QAE@XZ,0x000241AE,ModelConditionSoundSelectorClientBehaviorModuleData dtor member +0x8
??1ModuleDataListStandIn@@QAE@XZ,0x001468A0,Open-BFME5 list-style sentinel container dtor from AnimalAIUpdate-family ModuleData dtor call sites
??1ModuleTagString@@QAE@XZ,0x00026AB2,ModuleInfo::Nugget m_moduleTag AsciiString-like ILT
??1NamedPivotMapClass@@UAE@XZ,0x00974E20,call-target pin: row deleted (ZH drift: element-ctor ptr), callers verify against this rva
??1NodeCompressedMotionStruct@@QAE@XZ,0x0002A08B,pinharvest x1 (thunk)
??1NodeCompressedMotionStruct@@QAE@XZ,0x0003B8DB,pinharvest x1 (thunk)
??1NodeCompressedMotionStruct@@QAE@XZ,0x0003CC2C,pinharvest x1 (thunk)
??1NodeCompressedMotionStruct@@QAE@XZ,0x000408EA,pinharvest x1 (thunk)
??1NodeCompressedMotionStruct@@QAE@XZ,0x00045CA5,pinharvest x1 (thunk)
??1NodeCompressedMotionStruct@@QAE@XZ,0x00AFF130,pinharvest x1 (body)
??1NodeMotionStruct@@QAE@XZ,0x0002F03B,pinharvest x1 (thunk)
??1NodeMotionStruct@@QAE@XZ,0x00042F28,pinharvest x1 (thunk)
??1Nugget@ModuleInfo@@QAE@XZ,0x000165B3,site-decoded x1 (thunk)
??1Nugget@ModuleInfo@@QAE@XZ,0x0002F487,STLport callee exact retail rel32 target (incremental-link thunk); resolves repointed STL template thunk-dump
??1Nugget@ModuleInfo@@QAE@XZ,0x0003B589,site-decoded x1 (thunk)
??1Nugget@ModuleInfo@@QAE@XZ,0x000454A3,resweep callee back-solved
??1ObjectCreationUpgradeModuleDataMemberA@@QAE@XZ,0x0001B97D,Open-BFME5 pin
??1OptionPreferences@@UAE@XZ,0x00001307
??1ParticleSysBoneInfo@@QAE@XZ,0x000033B9,pinharvest x1 (thunk)
??1ParticleSysBoneInfo@@QAE@XZ,0x0000466F,pinharvest x1 (thunk)
??1ParticleSysBoneInfo@@QAE@XZ,0x00007928,pinharvest x1 (thunk)
??1ParticleSysBoneInfo@@QAE@XZ,0x00016FE0,pinharvest x1 (thunk)
??1ParticleSysBoneInfo@@QAE@XZ,0x00022FE3,pinharvest x1 (thunk)
??1ParticleSysBoneInfo@@QAE@XZ,0x0004A462,STLport callee exact retail rel32 target (incremental-link thunk); resolves repointed STL template thunk-dump
??1ParticleSysBoneInfo@@QAE@XZ,0x0004B10A,pinharvest x1 (thunk)
??1ParticleSystemTemplateBase@FXParticleSystem@@UAE@XZ,0x00002F5E,Open-BFME5 pin
??1ParticleSystemTemplateMemberA@FXParticleSystem@@QAE@XZ,0x000244BF,Open-BFME5 pin
??1ParticleUplinkCannonUpdateModuleDataMemberA@@QAE@XZ,0x0001A401,Open-BFME5 pin
??1ParticleUplinkCannonUpdateModuleDataMemberB@@QAE@XZ,0x0001FD43,Open-BFME5 pin
??1PassiveAreaEffectBehaviorModuleDataMemberA@@QAE@XZ,0x00026AB2,Open-BFME5 pin
??1PassiveAreaEffectBehaviorModuleDataMemberB@@QAE@XZ,0x0001A401,Open-BFME5 pin
??1Payload@DeliverPayloadNugget@@QAE@XZ,0x0004B10A,rel32 pin for exact-ambiguous landing
??1PendingSurfaceStruct@Render2DSentenceClass@@QAE@XZ,0x00001F96,hit-decoded x7 (thunk)
??1PendingSurfaceStruct@Render2DSentenceClass@@QAE@XZ,0x00016018,hit-decoded x7 (thunk)
??1PendingSurfaceStruct@Render2DSentenceClass@@QAE@XZ,0x0001ADB6,hit-decoded x7 (thunk)
??1PendingSurfaceStruct@Render2DSentenceClass@@QAE@XZ,0x0001DCA0,hit-decoded x7 (thunk)
??1PendingSurfaceStruct@Render2DSentenceClass@@QAE@XZ,0x000206CB,hit-decoded x7 (thunk)
??1PendingSurfaceStruct@Render2DSentenceClass@@QAE@XZ,0x00038C94,hit-decoded x7 (thunk)
??1PendingSurfaceStruct@Render2DSentenceClass@@QAE@XZ,0x0004B00B,hit-decoded x7 (thunk)
??1PendingSurfaceStruct@Render2DSentenceClass@@QAE@XZ,0x00943970,hit-decoded x7 (body)
??1PendingSurfaceStruct@Render2DSentenceClass@@QAE@XZ,0x0095B6C0,hit-decoded x7 (body)
??1PingRequest@@QAE@XZ,0x00027C00,pinharvest x1 (thunk)
??1PingRequest@@QAE@XZ,0x00049E2C,pinharvest x1 (thunk)
??1PingResponse@@QAE@XZ,0x00027C00,pinharvest x1 (thunk)
??1PingResponse@@QAE@XZ,0x00049E2C,pinharvest x1 (thunk)
??1Pipe@@UAE@XZ,0x009E78C0
??1PlayerTemplate@@QAE@XZ,0x000181CE
??1PrereqUnitRec@ProductionPrerequisite@@QAE@XZ,0x000195FB,retail target of _Destroy<PrereqUnitRec> call; PrereqUnitRec dtor not yet in ledger
??1PrereqUnitRec@ProductionPrerequisite@@QAE@XZ,0x0002F99B,retail target of vector<PrereqUnitRec>::erase call to PrereqUnitRec dtor (separate weak instance from _Destroy call site)
??1ProductionPrerequisite@@QAE@XZ,0x0003ECC0,resweep callee back-solved
??1ProductionSpeedBonusModuleDataBase@@UAE@XZ,0x0001D7B4,Open-BFME5 base pin
??1ProductionSpeedBonusModuleDataMember@@QAE@XZ,0x00026AB2,Open-BFME5 pin
??1ProductionUpdateModuleDataBase@@UAE@XZ,0x0003BD59,Open-BFME5 base dtor pin
??1PropagandaTowerBehaviorMember@@QAE@XZ,0x00887940,PropagandaTowerBehavior dtor member at this+0x18; ICF-folded AsciiString releaseBuffer/destroy body
??1QuantityModifier@@QAE@XZ,0x000033B9,pinharvest x1 (thunk)
??1QuantityModifier@@QAE@XZ,0x0000466F,pinharvest x1 (thunk)
??1QuantityModifier@@QAE@XZ,0x00007928,pinharvest x1 (thunk)
??1QuantityModifier@@QAE@XZ,0x00016FE0,pinharvest x1 (thunk)
??1QuantityModifier@@QAE@XZ,0x00022FE3,pinharvest x1 (thunk)
??1QuantityModifier@@QAE@XZ,0x0004B10A,pinharvest x1 (thunk)
??1QueuedDownload@@QAE@XZ,0x00044733
??1QuickMatchPreferences@@UAE@XZ,0x00010073
??1RAMFile@@MAE@XZ,0x00029555,pinharvest x1 (thunk)
??1RAMFile@@MAE@XZ,0x0003692B,pinharvest x1 (thunk)
??1RAMFile@@MAE@XZ,0x009D19A0,pinharvest x1 (body)
??1RegistryClass@@QAE@XZ,0x009DC280,pinharvest x4 (body)
??1RenderDeviceDescClass@@QAE@XZ,0x009077B0
??1RenderObjClass@@UAE@XZ,0x0091FC10,base dtor; derived from ~ParticleBufferClass call site
??1RiderChangeContainModuleDataMemberA@@QAE@XZ,0x00026F35,Open-BFME5 pin
??1RiderChangeContainModuleDataMemberB@@QAE@XZ,0x00026F35,Open-BFME5 pin
??1RiderChangeContainModuleDataMemberC@@QAE@XZ,0x00026F35,Open-BFME5 pin
??1RiderChangeContainModuleDataMemberD@@QAE@XZ,0x00026F35,Open-BFME5 pin
??1RiderChangeContainModuleDataMemberE@@QAE@XZ,0x00887940,Open-BFME5 pin
??1RiderChangeContainModuleDataMemberF@@QAE@XZ,0x0001A401,Open-BFME5 pin
??1RoadType@@QAE@XZ,0x00012968,pinharvest x1 (thunk)
??1RoadType@@QAE@XZ,0x00018FCF,pinharvest x1 (thunk)
??1RoadType@@QAE@XZ,0x00033A91,pinharvest x1 (thunk)
??1RoadType@@QAE@XZ,0x0004099E,pinharvest x1 (thunk)
??1RoadType@@QAE@XZ,0x00044E2C,pinharvest x1 (thunk)
??1RoadType@@QAE@XZ,0x000482ED,pinharvest x1 (thunk)
??1RousingSpeechUpdateModuleDataBase@@UAE@XZ,0x0001980D,Open-BFME5 pin
??1RousingSpeechUpdateModuleDataMemberA@@QAE@XZ,0x00026AB2,Open-BFME5 pin
??1RousingSpeechUpdateModuleDataMemberB@@QAE@XZ,0x0001A401,Open-BFME5 pin
??1SaveLoadSubSystemClass@@UAE@XZ,0x00029555,pinharvest x1 (thunk)
??1SaveLoadSubSystemClass@@UAE@XZ,0x0003692B,pinharvest x1 (thunk)
??1SaveLoadSubSystemClass@@UAE@XZ,0x009D19A0,pinharvest x1 (body)
??1SegLineRendererClass@@QAE@XZ,0x00960030,derived from ~ParticleBufferClass call site
??1SiegeDeploySpecialPowerModuleDataMemberA@@QAE@XZ,0x00026F35,Open-BFME5 pin
??1SlaughterHordeContainModuleDataBase@@UAE@XZ,0x000471A4,Open-BFME5 pin
??1Snapshot@@QAE@XZ,0x009A1A40
??1SortingNodeStruct@@QAE@XZ,0x0093B200
??1SpawnBehaviorModuleDataMemberA@@QAE@XZ,0x00026AB2,Open-BFME5 pin
??1SpawnBehaviorModuleDataMemberB@@QAE@XZ,0x0001B97D,Open-BFME5 pin
??1SpecialDisguiseUpdateModuleDataBase@@UAE@XZ,0x0001980D,Open-BFME5 base pin
??1SpecialPowerModuleDataMemberA@@QAE@XZ,0x00026F35,Open-BFME5 pin
??1SpecialPowerModuleDataMemberB@@QAE@XZ,0x00026F35,Open-BFME5 pin
??1SpecialPowerModuleDataMemberC@@QAE@XZ,0x00026F35,Open-BFME5 pin
??1SpecialPowerModuleDataMemberD@@QAE@XZ,0x00026F35,Open-BFME5 pin
??1SpecialPowerModuleDataMemberE@@QAE@XZ,0x00887940,Open-BFME5 pin
??1SpecialPowerModuleDataMemberF@@QAE@XZ,0x0001A401,Open-BFME5 pin
??1SpyVisionUpdateModuleDataMemberA@@QAE@XZ,0x0002E19A,Open-BFME5 pin
??1SpyVisionUpdateModuleDataMemberB@@QAE@XZ,0x00887940,Open-BFME5 pin
??1SpyVisionUpdateModuleDataMemberC@@QAE@XZ,0x00887940,Open-BFME5 pin
??1SpyVisionUpdateModuleDataMemberD@@QAE@XZ,0x0001A401,Open-BFME5 pin
??1SpyVisionUpdateModuleDataMemberE@@QAE@XZ,0x0001A401,Open-BFME5 pin
??1SpyVisionUpdateModuleDataMemberF@@QAE@XZ,0x0001C4DB,Open-BFME5 pin
??1SpyVisionUpdateModuleDataMemberG@@QAE@XZ,0x00007FB8,Open-BFME5 pin
??1SpyVisionUpdateModuleDataMemberH@@QAE@XZ,0x00014DF3,Open-BFME5 pin
??1StealthDetectorUpdateModuleDataBase@@UAE@XZ,0x00026F35,Open-BFME5 pin
??1StealthDetectorUpdateModuleDataMemberA@@QAE@XZ,0x00026F35,Open-BFME5 pin
??1StealthDetectorUpdateModuleDataMemberB@@QAE@XZ,0x00887940,Open-BFME5 pin
??1Straw@@UAE@XZ,0x009E1A90
??1StringInfo@@QAE@XZ,0x00013101,pinharvest x1 (thunk)
??1StringInfo@@QAE@XZ,0x000259EB,pinharvest x1 (thunk)
??1StringInfo@@QAE@XZ,0x00028E9D,pinharvest x1 (thunk)
??1StringInfo@@QAE@XZ,0x00038A1E,pinharvest x1 (thunk)
??1StringInfo@@QAE@XZ,0x0003BE8A,pinharvest x1 (thunk)
??1StringInfo@@QAE@XZ,0x000459F8,pinharvest x1 (thunk)
??1SubsystemInterface@@UAE@XZ,0x00029555,pinharvest x2 (thunk)
??1SubsystemInterface@@UAE@XZ,0x0003692B,pinharvest x2 (thunk)
??1SubsystemInterface@@UAE@XZ,0x009A1A40
??1SubsystemInterface@@UAE@XZ,0x009D19A0,pinharvest x2 (body)
??1SupplyTruckAIUpdateModuleDataBase@@UAE@XZ,0x00029D02,Open-BFME5 base pin
??1SupplyTruckAIUpdateModuleDataMember@@QAE@XZ,0x00026F35,Open-BFME5 pin
??1TeamsInfo@@QAE@XZ,0x00008CBA,pinharvest x1 (thunk)
??1TeamsInfo@@QAE@XZ,0x00030652,pinharvest x1 (thunk)
??1TeamsInfo@@QAE@XZ,0x0003B304,pinharvest x1 (thunk)
??1TeamsInfo@@QAE@XZ,0x0003CF47,pinharvest x1 (thunk)
??1TeamsInfo@@QAE@XZ,0x00049CA1,pinharvest x1 (thunk)
??1TeamsInfo@@QAE@XZ,0x009DB7A0,pinharvest x1 (body)
??1TimeCodedMorphKeysClass@@QAE@XZ,0x00029BEA,pinharvest x1 (thunk)
??1TimeCodedMorphKeysClass@@QAE@XZ,0x0002BFF3,pinharvest x1 (thunk)
??1TimeCodedMorphKeysClass@@QAE@XZ,0x000308D2,pinharvest x1 (thunk)
??1TimeCodedMorphKeysClass@@QAE@XZ,0x00048B53,pinharvest x1 (thunk)
??1TooltipUpgradeModuleDataBase@@UAE@XZ,0x0001B97D,Open-BFME5 pin
??1TooltipUpgradeModuleDataMemberA@@QAE@XZ,0x0001B97D,Open-BFME5 pin
??1TooltipUpgradeModuleDataMemberA@@QAE@XZ,0x00887940,Open-BFME5 pin
??1TooltipUpgradeModuleDataMemberB@@QAE@XZ,0x00887940,Open-BFME5 pin
??1TransportContainModuleDataBase@@UAE@XZ,0x000376E1,Open-BFME5 base dtor pin
??1TunnelContainModuleDataBase@@UAE@XZ,0x000179B8,Open-BFME5 pin
??1TunnelContainModuleDataMemberA@@QAE@XZ,0x0001A401,Open-BFME5 pin
??1TunnelContainModuleDataMemberB@@QAE@XZ,0x00887940,Open-BFME5 pin
??1UDP@@QAE@XZ,0x00006591
??1UnicodeString@@QAE@XZ,0x008881D0,freeMessageResources depth Open-BFME4+Grok
??1UnitCrateCollideModuleDataBase@@UAE@XZ,0x00887940,Open-BFME5 base dtor pin
??1UnitCrateCollideModuleDataMemberA@@QAE@XZ,0x00887940,Open-BFME5 pin
??1UnitCrateCollideModuleDataMemberB@@QAE@XZ,0x00887940,Open-BFME5 pin
??1UnpauseSpecialPowerUpgradeModuleDataMember@@QAE@XZ,0x0001B97D,UnpauseSpecialPowerUpgradeModuleData dtor member at this+8; ILT thunk for body 0x00129C80
??1UpdateModuleData@@UAE@XZ,0x009A1A40,Open-BFME5 ModuleData-family base dtor (ICF-folded with SubsystemInterface dtor) from AnimationSteering/PowerPlant/W3DPropDraw dtor call sites
??1UpgradeModuleDataBase@@UAE@XZ,0x00887940,Open-BFME5 base dtor pin
??1UpgradeSoundSelectorClientBehaviorModuleDataMember@@QAE@XZ,0x0001EA97,UpgradeSoundSelectorClientBehaviorModuleData dtor member +0x8
??1UserPreferences@@UAE@XZ,0x0003F25B
??1Video@@QAE@XZ,0x0001642D
??1W3DAnimationInfo@@QAE@XZ,0x00020018,ILT thunk used by call site
??1W3DAnimationInfo@@QAE@XZ,0x00034AE0,STLport callee exact retail rel32 target (incremental-link thunk); resolves repointed STL template thunk-dump
??1W3DDisplayStringBase@@UAE@XZ,0x0000D823,Open-BFME5 pin
??1W3DDisplayStringMemberB@@QAE@XZ,0x009409F0,Open-BFME5 pin
??1W3DLaserDrawModuleDataBase@@UAE@XZ,0x00887940,Open-BFME5 base dtor pin
??1W3DModelDrawModuleDataBase@@UAE@XZ,0x0000CAB3,Open-BFME5 pin
??1W3DModelDrawModuleDataMember@@QAE@XZ,0x0001A401,Open-BFME5 pin
??1W3DQuadrupedDrawModuleDataBase@@UAE@XZ,0x0002C71E,Open-BFME5 pin
??1W3DShadowHelperManager@@QAE@XZ,0x007C19A0,Open-BFME5 shadow helper manager dtor (two refcounted members) from retail ~W3DShadowManager call site
??1WeaponChangeSpecialPowerModuleModuleDataBase@@UAE@XZ,0x0001D7B4,Open-BFME5 base pin
??1WeaponFireSpecialAbilityUpdateModuleDataBase@@UAE@XZ,0x0001980D,Open-BFME5 base dtor pin
??1WeaponModeSpecialPowerUpdateModuleDataBase@@UAE@XZ,0x0001BBE4,Open-BFME5 base dtor pin for WeaponModeSpecialPowerUpdateModuleData
??1Win32LocalFileSystem@@UAE@XZ,0x009CDE20,what the deleting dtor at 0x009CDE30 calls; the body sets the base vtable 0x01143B78 rather than 0x01143B98 -- Win32LocalFileSystem adds no members so MSVC merged the derived destructor into the base one
??1WindowVideo@@QAE@XZ,0x000253E7
??1WriteLockClass@VertexBufferClass@@QAE@XZ,0x0091DE10,REL32 callee pin
??1file_auto_ptr@@QAE@XZ,0x009DD560
??2@YAPAXI@Z,0x0082E540,0x82E540 is really __new_alloc::allocate (SEH body); stlport static-lib compiles the list-node alloc as operator new
??2@YAPAXI@Z,0x00873940,pool-new callsite target (per-copy allocator)
??2@YAPAXI@Z,0x00881EB0,pool-new callsite target (per-copy allocator)
??2@YAPAXI@Z,0x00881F30,operator new body
??2@YAPAXI@Z,0x009A5920,pool-new callsite target (per-copy allocator)
??2@YAPAXI@Z,0x009F6C34,pool-new callsite target (thunk)
??2@YAPAXI@Z,0x009F6FAC,pool-new callsite target (thunk)
??3@YAXPAX@Z,0x00881EB0
??3@YAXPAX@Z,0x00881EF0,site-decoded x7 (body)
??3@YAXPAX@Z,0x009F6C3A,pool-delete callsite target (thunk)
??4?$PrimitiveAnimationChannelClass@M@@QAEABV0@ABV0@@Z,0x000026AD,pinharvest x2 (thunk)
??4?$PrimitiveAnimationChannelClass@M@@QAEABV0@ABV0@@Z,0x0001642D,pinharvest x5 (thunk)
??4?$PrimitiveAnimationChannelClass@M@@QAEABV0@ABV0@@Z,0x0001DB6F,pinharvest x3 (thunk)
??4?$PrimitiveAnimationChannelClass@UAlphaVectorStruct@@@@QAEABV0@ABV0@@Z,0x0001F90B,pinharvest x1 (thunk)
??4?$PrimitiveAnimationChannelClass@UAlphaVectorStruct@@@@QAEABV0@ABV0@@Z,0x00021468,pinharvest x1 (thunk)
??4?$PrimitiveAnimationChannelClass@UAlphaVectorStruct@@@@QAEABV0@ABV0@@Z,0x00042E51,pinharvest x2 (thunk)
??4?$PrimitiveAnimationChannelClass@VVector2@@@@QAEABV0@ABV0@@Z,0x0000D828,pinharvest x3 (thunk)
??4?$PrimitiveAnimationChannelClass@VVector2@@@@QAEABV0@ABV0@@Z,0x00011D42,pinharvest x2 (thunk)
??4?$PrimitiveAnimationChannelClass@VVector2@@@@QAEABV0@ABV0@@Z,0x00035F85,pinharvest x2 (thunk)
??4?$PrimitiveAnimationChannelClass@VVector3@@@@QAEABV0@ABV0@@Z,0x000026AD,pinharvest x2 (thunk)
??4?$PrimitiveAnimationChannelClass@VVector3@@@@QAEABV0@ABV0@@Z,0x0000B109,pinharvest x2 (thunk)
??4?$PrimitiveAnimationChannelClass@VVector3@@@@QAEABV0@ABV0@@Z,0x0000D828,pinharvest x3 (thunk)
??4?$PrimitiveAnimationChannelClass@VVector3@@@@QAEABV0@ABV0@@Z,0x00011987,pinharvest x2 (thunk)
??4?$PrimitiveAnimationChannelClass@VVector3@@@@QAEABV0@ABV0@@Z,0x00018DC2,pinharvest x1 (thunk)
??4?$PrimitiveAnimationChannelClass@VVector3@@@@QAEABV0@ABV0@@Z,0x0001DB6F,pinharvest x6 (thunk)
??4?$PrimitiveAnimationChannelClass@VVector3@@@@QAEABV0@ABV0@@Z,0x0097B750,pinharvest x4 (body)
??4?$VectorClass@H@@QAEAAV0@ABV0@@Z,0x00905C80,pinharvest x1 (body)
??4?$VectorClass@H@@QAEAAV0@ABV0@@Z,0x0092F810,pinharvest x1 (body)
??4?$VectorClass@H@@QAEAAV0@ABV0@@Z,0x0093CEA0,pinharvest x1 (body)
??4?$VectorClass@H@@QAEAAV0@ABV0@@Z,0x0097ACA0,pinharvest x1 (body)
??4?$VectorClass@PAVRender2DClass@@@@QAEAAV0@ABV0@@Z,0x00905C80,pinharvest x1 (body)
??4?$VectorClass@PAVRender2DClass@@@@QAEAAV0@ABV0@@Z,0x0092F810,pinharvest x1 (body)
??4?$VectorClass@PAVRender2DClass@@@@QAEAAV0@ABV0@@Z,0x0093CEA0,pinharvest x1 (body)
??4?$VectorClass@PAVRender2DClass@@@@QAEAAV0@ABV0@@Z,0x0097ACA0,pinharvest x1 (body)
??4?$VectorClass@U_ENUM_VALUE@EnumParameterClass@@@@QAEAAV0@ABV0@@Z,0x00905C80,pinharvest x1 (body)
??4?$VectorClass@U_ENUM_VALUE@EnumParameterClass@@@@QAEAAV0@ABV0@@Z,0x0092F810,pinharvest x1 (body)
??4?$VectorClass@U_ENUM_VALUE@EnumParameterClass@@@@QAEAAV0@ABV0@@Z,0x0093CEA0,pinharvest x1 (body)
??4?$VectorClass@U_ENUM_VALUE@EnumParameterClass@@@@QAEAAV0@ABV0@@Z,0x0097ACA0,pinharvest x1 (body)
??4?$VectorClass@VKeyClass@Curve1DClass@@@@QAEAAV0@ABV0@@Z,0x00905C80,pinharvest x1 (body)
??4?$VectorClass@VKeyClass@Curve1DClass@@@@QAEAAV0@ABV0@@Z,0x0092F810,pinharvest x1 (body)
??4?$VectorClass@VKeyClass@Curve1DClass@@@@QAEAAV0@ABV0@@Z,0x0093CEA0,pinharvest x1 (body)
??4?$VectorClass@VKeyClass@Curve1DClass@@@@QAEAAV0@ABV0@@Z,0x0097ACA0,pinharvest x1 (body)
??4?$VectorClass@VKeyClass@Curve3DClass@@@@QAEAAV0@ABV0@@Z,0x00905C80,pinharvest x1 (body)
??4?$VectorClass@VKeyClass@Curve3DClass@@@@QAEAAV0@ABV0@@Z,0x0092F810,pinharvest x1 (body)
??4?$VectorClass@VKeyClass@Curve3DClass@@@@QAEAAV0@ABV0@@Z,0x0093CEA0,pinharvest x1 (body)
??4?$VectorClass@VKeyClass@Curve3DClass@@@@QAEAAV0@ABV0@@Z,0x0097ACA0,pinharvest x1 (body)
??4?$VectorClass@VModelNodeClass@HLodClass@@@@QAEAAV0@ABV0@@Z,0x0097ACA0
??4?$VectorClass@VProxyClass@@@@QAEAAV0@ABV0@@Z,0x00905C80,pinharvest x1 (body)
??4?$VectorClass@VProxyClass@@@@QAEAAV0@ABV0@@Z,0x0092F810,pinharvest x1 (body)
??4?$VectorClass@VProxyClass@@@@QAEAAV0@ABV0@@Z,0x0093CEA0,pinharvest x1 (body)
??4?$VectorClass@VProxyClass@@@@QAEAAV0@ABV0@@Z,0x0097ACA0,pinharvest x1 (body)
??4?$VectorClass@VResolutionDescClass@@@@QAEAAV0@ABV0@@Z,0x00905C80,pinharvest x1 (body)
??4?$VectorClass@VResolutionDescClass@@@@QAEAAV0@ABV0@@Z,0x0092F810,pinharvest x1 (body)
??4?$VectorClass@VResolutionDescClass@@@@QAEAAV0@ABV0@@Z,0x0093CEA0,pinharvest x1 (body)
??4?$VectorClass@VResolutionDescClass@@@@QAEAAV0@ABV0@@Z,0x0097ACA0,pinharvest x1 (body)
??4?$VectorClass@VStringClass@@@@QAEAAV0@ABV0@@Z,0x00905C80,pinharvest x1 (body)
??4?$VectorClass@VStringClass@@@@QAEAAV0@ABV0@@Z,0x0092F810,pinharvest x1 (body)
??4?$VectorClass@VStringClass@@@@QAEAAV0@ABV0@@Z,0x0093CEA0,pinharvest x1 (body)
??4?$VectorClass@VStringClass@@@@QAEAAV0@ABV0@@Z,0x0097ACA0,pinharvest x1 (body)
??4?$VectorClass@VTangentsClass@HermiteSpline3DClass@@@@QAEAAV0@ABV0@@Z,0x00905C80,pinharvest x1 (body)
??4?$VectorClass@VTangentsClass@HermiteSpline3DClass@@@@QAEAAV0@ABV0@@Z,0x0092F810,pinharvest x1 (body)
??4?$VectorClass@VTangentsClass@HermiteSpline3DClass@@@@QAEAAV0@ABV0@@Z,0x0093CEA0,pinharvest x1 (body)
??4?$VectorClass@VTangentsClass@HermiteSpline3DClass@@@@QAEAAV0@ABV0@@Z,0x0097ACA0,pinharvest x1 (body)
??4?$_Rb_tree@HU?$pair@$$CBHI@_STL@@U?$_Select1st@U?$pair@$$CBHI@_STL@@@2@U?$less@H@2@V?$allocator@U?$pair@$$CBHI@_STL@@@2@@_STL@@QAEAAV01@ABV01@@Z,0x00013B33,ILT thunk; real body 0x4A4BB0
??4?$vector@U?$pair@W4ObjectID@@I@_STL@@V?$allocator@U?$pair@W4ObjectID@@I@_STL@@@2@@_STL@@QAEAAV01@ABV01@@Z,0x0002DC9F
??4?$vector@UICoord2D@@V?$allocator@UICoord2D@@@_STL@@@_STL@@QAEAAV01@ABV01@@Z,0x00018A70
??4?$vector@UICoord2D@@V?$allocator@UICoord2D@@@_STL@@@_STL@@QAEAAV01@ABV01@@Z,0x00026C6A,ILT thunk used by __copy call site
??4AsciiString@@QAEAAV0@ABV0@@Z,0x00887C90,folded with UnicodeString::set per-TU copy
??4AudioEventRTS@@QAEAAV0@ABV0@@Z,0x0001F753,pinharvest x1 (thunk)
??4AudioEventRTS@@QAEAAV0@ABV0@@Z,0x00887C90,pinharvest x1 (body)
??4BfmeLegendString@@QAEAAU0@ABU0@@Z,0x00887C90,SubsystemLegend.cpp AsciiString stand-in operator=; retail AsciiString::operator= body
??4BoxRenderObjClass@@QAEAAV0@ABV0@@Z,0x00956E40,rel32 pin for exact-ambiguous landing
??4HLodClass@@QAEAAV0@ABV0@@Z,0x0097D3B0
??4Matrix3@@QAEAAV0@ABVMatrix3D@@@Z,0x008D9150
??4OBBoxClass@@QAEAAV0@ABV0@@Z,0x009316A0
??4PSRequest@@QAEAAV0@ABV0@@Z,0x000336A4,derived-ICF
??4PeerRequest@@QAEAAV0@ABV0@@Z,0x000336A4
??4PeerResponse@@QAEAAV0@ABV0@@Z,0x00003E86
??4PlayerTemplate@@QAEAAV0@ABV0@@Z,0x000050F6
??4RankInfo@@QAEAAV0@ABV0@@Z,0x0002E53C,harvested from friend_parseRankDefinition (thunk)
??4RenderObjClass@@QAEAAV0@ABV0@@Z,0x0091F790
??4SegLineRendererClass@@QAEAAV0@ABV0@@Z,0x009600F0
??4SplitChoiceStruct@AABTreeBuilderClass@@QAEAAU01@ABU01@@Z,0x0096B6B0
??4StringClass@@QAEABV0@ABV0@@Z,0x00007A63,site-decoded x1 (thunk)
??4StringClass@@QAEABV0@ABV0@@Z,0x00035FDF
??4StringClass@@QAEABV0@ABV0@@Z,0x00887B60,site-decoded x3 (body)
??4StringClass@@QAEABV0@ABV0@@Z,0x00887C90,site-decoded x3 (body)
??4TRoadSegInfo@@QAEAAU0@ABU0@@Z,0x000015EB
??4TintEnvelope@@QAEAAV0@ABV0@@Z,0x00019187,pinharvest x1 (thunk)
??4WaterTransparencySetting@@QAEAAV0@ABV0@@Z,0x00026729,harvested from parseWaterTransparencyDefinition (thunk)
??4WeatherSetting@@QAEAAV0@ABV0@@Z,0x00046C04,harvested from parseWeatherDefinition (thunk)
??8?$VectorClass@H@@UBE_NABV0@@Z,0x00AFEDF0
??8@YA_NABVAsciiString@@0@Z,0x00015898,pinharvest x1 (thunk)
??8@YA_NABVAsciiString@@0@Z,0x00046803,pinharvest x1 (thunk)
??8@YA_NABVAsciiString@@0@Z,0x008574E0,pinharvest x1 (body)
??8@YA_NABVAsciiString@@0@Z,0x008B0EE0,pinharvest x1 (body)
??A?$hash_map@W4NameKeyType@@VArmorTemplate@@U?$hash@W4NameKeyType@@@rts@@U?$equal_to@W4NameKeyType@@@4@V?$allocator@U?$pair@$$CBW4NameKeyType@@VArmorTemplate@@@_STL@@@_STL@@@_STL@@QAEAAVArmorTemplate@@ABW4NameKeyType@@@Z,0x0003F5EE,per-site ILT thunk used by ArmorStore::parseArmorDefinition
??A?$hash_map@W4NameKeyType@@VDamageFX@@U?$hash@W4NameKeyType@@@rts@@U?$equal_to@W4NameKeyType@@@4@V?$allocator@U?$pair@$$CBW4NameKeyType@@VDamageFX@@@_STL@@@_STL@@@_STL@@QAEAAVDamageFX@@ABW4NameKeyType@@@Z,0x00032506
??A?$hash_map@W4NameKeyType@@VFXList@@U?$hash@W4NameKeyType@@@rts@@U?$equal_to@W4NameKeyType@@@4@V?$allocator@U?$pair@$$CBW4NameKeyType@@VFXList@@@_STL@@@_STL@@@_STL@@QAEAAVFXList@@ABW4NameKeyType@@@Z,0x00032506,derived-ICF
??A?$map@$$CBV?$BitFlags@$0BB@@@PBVWeaponTemplateSet@@UMapHelper@?$SparseMatchFinder@VWeaponTemplateSet@@V?$BitFlags@$0BB@@@@@V?$allocator@U?$pair@$$CBV?$BitFlags@$0BB@@@PBVWeaponTemplateSet@@@_STL@@@_STL@@@_STL@@QAEAAPBVWeaponTemplateSet@@ABV?$BitFlags@$0BB@@@@Z,0x00019155,resweep callee back-solved
??A?$map@$$CBV?$BitFlags@$0L@@@PBVArmorTemplateSet@@UMapHelper@?$SparseMatchFinder@VArmorTemplateSet@@V?$BitFlags@$0L@@@@@V?$allocator@U?$pair@$$CBV?$BitFlags@$0L@@@PBVArmorTemplateSet@@@_STL@@@_STL@@@_STL@@QAEAAPBVArmorTemplateSet@@ABV?$BitFlags@$0L@@@@Z,0x00036C0A,pinharvest x1 (thunk)
??A?$map@HVMultiplayerColorDefinition@@U?$less@H@_STL@@V?$allocator@U?$pair@$$CBHVMultiplayerColorDefinition@@@_STL@@@3@@_STL@@QAEAAVMultiplayerColorDefinition@@ABH@Z,0x00036403,REL32 pin for MultiplayerSettings::getColor map lookup
??A?$map@V?$basic_string@DV?$char_traits@D@_STL@@V?$allocator@D@2@@_STL@@HU?$less@V?$basic_string@DV?$char_traits@D@_STL@@V?$allocator@D@2@@_STL@@@2@V?$allocator@U?$pair@$$CBV?$basic_string@DV?$char_traits@D@_STL@@V?$allocator@D@2@@_STL@@H@_STL@@@2@@_STL@@QAEAAHABV?$basic_string@DV?$char_traits@D@_STL@@V?$allocator@D@2@@1@@Z,0x00017ADF
??A?$map@VAsciiString@@MU?$less@VAsciiString@@@_STL@@V?$allocator@U?$pair@$$CBVAsciiString@@M@_STL@@@3@@_STL@@QAEAAMABVAsciiString@@@Z,0x000D97B0,PlayerTemplate time-change local map operator owner
??A?$map@VAsciiString@@PAVArchiveFile@@U?$less@VAsciiString@@@_STL@@V?$allocator@U?$pair@$$CBVAsciiString@@PAVArchiveFile@@@_STL@@@4@@_STL@@QAEAAPAVArchiveFile@@ABVAsciiString@@@Z,0x00063960,ArchiveFileSystem::openFile reaches it through the ILT thunk at 0x00038B22; folded with the map<AsciiString bool> operator[] the ledger already claims there
??A?$map@VAsciiString@@V1@U?$less@VAsciiString@@@_STL@@V?$allocator@U?$pair@$$CBVAsciiString@@V1@@_STL@@@3@@_STL@@QAEAAVAsciiString@@ABV2@@Z,0x0003E6DA,FirewallHelper flagNeedToRefresh site-decoded map operator[] thunk
??A?$map@VAsciiString@@VArchivedDirectoryInfo@@U?$less@VAsciiString@@@_STL@@V?$allocator@U?$pair@$$CBVAsciiString@@VArchivedDirectoryInfo@@@_STL@@@4@@_STL@@QAEAAVArchivedDirectoryInfo@@ABVAsciiString@@@Z,0x009CAB10,positional and NOT yet confirmed by a byte match: reached three times matching loadIntoDirectoryTree three m_directories[token] subscripts
??A?$map@W4NameKeyType@@MU?$less@W4NameKeyType@@@_STL@@V?$allocator@U?$pair@$$CBW4NameKeyType@@M@_STL@@@3@@_STL@@QAEAAMABW4NameKeyType@@@Z,0x000E24D0,PlayerTemplate cost-change local map operator owner
??A?$map@W4NameKeyType@@VObjectCreationList@@U?$less@W4NameKeyType@@@_STL@@V?$allocator@U?$pair@$$CBW4NameKeyType@@VObjectCreationList@@@_STL@@@4@@_STL@@QAEAAVObjectCreationList@@ABW4NameKeyType@@@Z,0x00049968
??AModuleTemplateMap@ModuleFactory@@QAEAAVModuleTemplate@1@ABH@Z,0x0002047D,ModuleFactory::ModuleTemplateMap::operator[] thunk (body 0x001296E0)
??M@YA_NABVAsciiString@@0@Z,0x00015898
??RGameSortStruct@@QAE_NPAVGameSpyStagingRoom@@0@Z,0x000317D7
??RHotKeyAsciiStringLess@@QBE_NABVAsciiString@@0@Z,0x00043D42,HotKey retail AsciiString comparator thunk
??RMapHelper@?$SparseMatchFinder@UModelConditionInfo@@V?$BitFlags@$0HF@@@@@QBE_NABV?$BitFlags@$0HF@@@0@Z,0x0000A9A2,pinharvest x1 (thunk)
??RMapHelper@?$SparseMatchFinder@UModelConditionInfo@@V?$BitFlags@$0HF@@@@@QBE_NABV?$BitFlags@$0HF@@@0@Z,0x00010B1D,pinharvest x1 (thunk)
??RMapHelper@?$SparseMatchFinder@VArmorTemplateSet@@V?$BitFlags@$0L@@@@@QBE_NABV?$BitFlags@$0L@@@0@Z,0x0000A9A2
??RMapHelper@?$SparseMatchFinder@VWeaponTemplateSet@@V?$BitFlags@$0BB@@@@@QBE_NABV?$BitFlags@$0BB@@@0@Z,0x00010B1D,resweep callee back-solved
??RUnicodeStringLessThan@@QBE_NVUnicodeString@@0@Z,0x000482B1,LanguageFilter map operator[] callee (ILT thunk -> body 0x0044D2A0)
??RWOLLoginAsciiStringLess@@QBE_NABVAsciiString@@0@Z,0x00043D42,WOLLogin retail AsciiString comparator thunk
??_7AODHordeContainModuleDataVtbl@@6B@,0x01089960,AODHordeContain ModuleData vtbl
??_7AnimalAIUpdateModuleDataVtbl@@6B@,0x010899F0,AnimalAIUpdate vtbl
??_7AssaultTransportAIUpdateModuleDataVtbl@@6B@,0x01089CC0,AssaultTransportAIUpdate vtbl
??_7CategoryModuleTemplate8Sub@FXParticleSystem@@6B@,0x0107375C,CategoryModuleTemplate8 interim sub vtbl
??_7ConvertToCarBombCrateCollideModuleDataVtbl@@6B@,0x0108E940,ConvertToCarBombCrateCollide vtbl
??_7DeployStyleAIUpdateModuleDataVtbl@@6B@,0x01089B68,DeployStyleAIUpdate vtbl
??_7GateProxyBehaviorModuleDataVtbl@@6B@,0x0108A2A0,GateProxyBehavior ModuleData vtbl
??_7MoneyCrateCollideModuleDataVtbl@@6B@,0x0108EAA0,MoneyCrateCollide vtbl
??_7RAMFile@@6B@,0x01143C58,installed by RAMFile ctor at 0x009D1980 and by the matched ??1RAMFile@@MAE@XZ
??_7RawFileClass@@6B@,0x01145548,14 of 17 slots are matched @RawFileClass@@ methods
??_7RetailCollideModuleData@@6B@,0x0108A350,CollideModule factory vtable target
??_7RetailDamageModuleData@@6B@,0x0108A350,DamageModule factory vtable target
??_7RetailUpdateModuleData@@6B@,0x0108A350,UpdateModule factory vtable target
??_7WanderAIUpdateModuleDataVtbl@@6B@,0x0108A5A8,WanderAIUpdate vtbl
??_C@_08MBMCFODG@CrushDie?$AA@,0x00C908A8,pool-glue cascade static (back-solved)
??_C@_09OMFJEEND@FXListDie?$AA@,0x00C908B4,pool-glue cascade static (back-solved)
??_C@_0BA@CLLFEOBD@CreateObjectDie?$AA@,0x00C90868,pool-glue cascade static (back-solved)
??_C@_0BA@CPDBFKDB@HeightDieUpdate?$AA@,0x00C905AC,pool-glue cascade static (back-solved)
??_C@_0BA@DPBBOKKE@FlammableUpdate?$AA@,0x00C905D0,pool-glue cascade static (back-solved)
??_C@_0BA@FHHLAKGO@GarrisonContain?$AA@,0x00C90AC0,pool-glue cascade static (back-solved)
??_C@_0BA@JKMFNOEK@OCLSpecialPower?$AA@,0x00C8FA28,pool-glue cascade static (back-solved)
??_C@_0BB@COJJGIFG@WeaponSetUpgrade?$AA@,0x00C8FED0,pool-glue cascade static (back-solved)
??_C@_0BB@EILKNGJ@MaxHealthUpgrade?$AA@,0x00C8FEA0,pool-glue cascade static (back-solved)
??_C@_0BB@EOFKMFCB@FireSpreadUpdate?$AA@,0x00C905F8,pool-glue cascade static (back-solved)
??_C@_0BB@FCBJDMF@PoisonedBehavior?$AA@,0x00C90970,pool-glue cascade static (back-solved)
??_C@_0BB@GPPINPJO@AutoHealBehavior?$AA@,0x00C90DC4,pool-glue cascade static (back-solved)
??_C@_0BB@IPEDMECH@TransportContain?$AA@,0x00C90AAC,pool-glue cascade static (back-solved)
??_C@_0BB@JAJBNHKL@BattlePlanUpdate?$AA@,0x00C90490,pool-glue cascade static (back-solved)
??_C@_0BB@JGNAJMLC@LockWeaponCreate?$AA@,0x00C8FD94,pool-glue cascade static (back-solved)
??_C@_0BB@KEDGLEPB@ProductionUpdate?$AA@,0x00C901C4,pool-glue cascade static (back-solved)
??_C@_0BB@LFMJBKGH@FireWeaponUpdate?$AA@,0x00C905E4,pool-glue cascade static (back-solved)
??_C@_0BB@MLOLFGLB@HealCrateCollide?$AA@,0x00C8FC4C,pool-glue cascade static (back-solved)
??_C@_0BB@MNDNKIPL@RepairDockUpdate?$AA@,0x00C9045C,pool-glue cascade static (back-solved)
??_C@_0BB@OLNKJLO@UnitCrateCollide?$AA@,0x00C8FC08,pool-glue cascade static (back-solved)
??_C@_0BC@BALOIFKE@MoneyCrateCollide?$AA@,0x00C8FC34,pool-glue cascade static (back-solved)
??_C@_0BC@FHNJNFCB@FireWeaponCollide?$AA@,0x00C8FC9C,pool-glue cascade static (back-solved)
??_C@_0BC@HHGMEJCL@RadiusDecalUpdate?$AA@,0x00C9065C,pool-glue cascade static (back-solved)
??_C@_0BC@IBPABIJN@TransportAIUpdate?$AA@,0x00C900FC,pool-glue cascade static (back-solved)
??_C@_0BC@IDMPIFHC@AIUpdateInterface?$AA@,0x00C90584,pool-glue cascade static (back-solved)
??_C@_0BC@PBMFNADD@StatusBitsUpgrade?$AA@,0x00C8FF8C,pool-glue cascade static (back-solved)
??_C@_0BC@PDBDPIMA@SubObjectsUpgrade?$AA@,0x00C8FF74,pool-glue cascade static (back-solved)
??_C@_0BC@PFHOMFOI@CommandSetUpgrade?$AA@,0x00C8FFCC,pool-glue cascade static (back-solved)
??_C@_0BC@PHFOBMNL@AutoDepositUpdate?$AA@,0x00C84024,pool-glue cascade static (back-solved)
??_C@_0BD@BCFNJHGA@SupplyCenterCreate?$AA@,0x00C8FD68,pool-glue cascade static (back-solved)
??_C@_0BD@GBJHKEHF@GrantUpgradeCreate?$AA@,0x00C8FD1C,pool-glue cascade static (back-solved)
??_C@_0BD@IOOGCONM@SpecialPowerCreate?$AA@,0x00C8FD34,pool-glue cascade static (back-solved)
??_C@_0BD@KHBPKGBK@WeaponBonusUpgrade?$AA@,0x00C8FEE4,pool-glue cascade static (back-solved)
??_C@_0BD@NCJOKLEG@TransitionDamageFX?$AA@,0x00C8FCD8,pool-glue cascade static (back-solved)
??_C@_0BD@NHKAHDFM@ShroudCrateCollide?$AA@,0x00C8FC1C,pool-glue cascade static (back-solved)
??_C@_0BE@BAFBOFGC@SalvageCrateCollide?$AA@,0x00C8FBD4,pool-glue cascade static (back-solved)
??_C@_0BE@BGBBKIHF@SupplyTruckAIUpdate?$AA@,0x00C90544,pool-glue cascade static (back-solved)
??_C@_0BE@EACLBGCM@BridgeTowerBehavior?$AA@,0x00C90D30,pool-glue cascade static (back-solved)
??_C@_0BE@HKAPMKBO@LocomotorSetUpgrade?$AA@,0x00C8FF38,pool-glue cascade static (back-solved)
??_C@_0BE@OCEDCHPO@DeployStyleAIUpdate?$AA@,0x00C90740,pool-glue cascade static (back-solved)
??_C@_0BE@ONEBEPBN@CostModifierUpgrade?$AA@,0x00C90004,pool-glue cascade static (back-solved)
??_C@_0BF@GEMOFNO@DefectorSpecialPower?$AA@,0x00C8FA74,pool-glue cascade static (back-solved)
??_C@_0BF@HFGDFOCE@CashHackSpecialPower?$AA@,0x00C8FA90,pool-glue cascade static (back-solved)
??_C@_0BF@LHGDEPPB@InstantDeathBehavior?$AA@,0x00C90C0C,pool-glue cascade static (back-solved)
??_C@_0BG@BCKDOMMA@VeterancyCrateCollide?$AA@,0x00C8FBEC,pool-glue cascade static (back-solved)
??_C@_0BG@COPEKOKI@StealthDetectorUpdate?$AA@,0x00C907D4,pool-glue cascade static (back-solved)
??_C@_0BG@DBHJFFHM@SupplyWarehouseCreate?$AA@,0x00C8FD4C,pool-glue cascade static (back-solved)
??_C@_0BG@IIGFLGAM@ObjectCreationUpgrade?$AA@,0x00C8FF1C,pool-glue cascade static (back-solved)
??_C@_0BG@IOIFGFBJ@ModelConditionUpgrade?$AA@,0x00C8FE84,pool-glue cascade static (back-solved)
??_C@_0BG@MEKMKBJJ@AutoFindHealingUpdate?$AA@,0x00C907F0,pool-glue cascade static (back-solved)
??_C@_0BH@LIOMMODL@SupplyCenterDockUpdate?$AA@,0x00C83BC0,pool-glue cascade static (back-solved)
??_C@_0BI@CDJDCLBB@ExperienceScalarUpgrade?$AA@,0x00C8FEB4,pool-glue cascade static (back-solved)
??_C@_0BI@KOPPFFBF@AssistedTargetingUpdate?$AA@,0x00C9080C,pool-glue cascade static (back-solved)
??_C@_0BI@NEECHINF@CommandButtonHuntUpdate?$AA@,0x00C90518,pool-glue cascade static (back-solved)
??_C@_0BI@PGJBFKDA@PropagandaTowerBehavior?$AA@,0x00C909C8,pool-glue cascade static (back-solved)
??_C@_0BJ@DMGODKN@AssaultTransportAIUpdate?$AA@,0x00C90720,pool-glue cascade static (back-solved)
??_C@_0BK@GDIHPEOG@SupplyWarehouseDockUpdate?$AA@,0x00C83BDC,pool-glue cascade static (back-solved)
??_C@_0BK@HLBABBNP@RailedTransportDockUpdate?$AA@,0x00CCADB0,pool-glue cascade static (back-solved)
??_C@_0BK@IMMIJKDD@QueueProductionExitUpdate?$AA@,0x00C90470,pool-glue cascade static (back-solved)
??_C@_0BK@PHJPNGJF@SpecialPowerCompletionDie?$AA@,0x00C90848,pool-glue cascade static (back-solved)
??_C@_0BL@IAJJNEIE@FireWeaponWhenDeadBehavior?$AA@,0x00C90984,pool-glue cascade static (back-solved)
??_C@_0BL@NKPHCDJJ@UnpauseSpecialPowerUpgrade?$AA@,0x00C8FEFC,pool-glue cascade static (back-solved)
??_C@_0BM@NMJJOOBP@DefaultProductionExitUpdate?$AA@,0x00C902E0,pool-glue cascade static (back-solved)
??_C@_0BO@JFKKPIFG@FireWeaponWhenDamagedBehavior?$AA@,0x00C909A4,pool-glue cascade static (back-solved)
??_C@_0BP@KHFKLJFC@SpawnPointProductionExitUpdate?$AA@,0x00C902B8,pool-glue cascade static (back-solved)
??_C@_0CB@IDCCCMML@SupplyWarehouseCripplingBehavior@,0x00C90948,pool-glue cascade static (back-solved)
??_C@_0CB@LIPKINCO@DynamicShroudClearingRangeUpdate@,0x00C90758,pool-glue cascade static (back-solved)
??_C@_0CB@MOCKBGLE@SupplyCenterProductionExitUpdate@,0x00C90234,pool-glue cascade static (back-solved)
??_C@_0CE@MMFOENO@AnimatedParticleSysBoneClientUpd@,0x00C8F7CC,pool-glue cascade static (back-solved)
??_C@_0L@BJCDJCGK@UpgradeDie?$AA@,0x00C90838,pool-glue cascade static (back-solved)
??_C@_0L@BJHONFCE@DestroyDie?$AA@,0x00C908C0,pool-glue cascade static (back-solved)
??_C@_0L@PMFBCIMB@ActiveBody?$AA@,0x00C8FB98,pool-glue cascade static (back-solved)
??_C@_0M@BLHDDDNA@LaserUpdate?$AA@,0x00C90534,pool-glue cascade static (back-solved)
??_C@_0M@EADCCBCH@OpenContain?$AA@,0x00C90BA4,pool-glue cascade static (back-solved)
??_C@_0M@GEIMNDJL@CaveContain?$AA@,0x00C90BB4,pool-glue cascade static (back-solved)
??_C@_0M@GGMEMGKP@RadarUpdate?$AA@,0x00C90114,pool-glue cascade static (back-solved)
??_C@_0M@JMMBKPFL@FloatUpdate?$AA@,0x00C905C0,pool-glue cascade static (back-solved)
??_C@_0M@MMBGCINN@HealContain?$AA@,0x00C90B10,pool-glue cascade static (back-solved)
??_C@_0M@OMMMPGOO@ProneUpdate?$AA@,0x00C901B4,pool-glue cascade static (back-solved)
??_C@_0N@IOJLEMBF@ArmorUpgrade?$AA@,0x00C8FFF4,pool-glue cascade static (back-solved)
??_C@_0N@JDCPHKGM@ImmortalBody?$AA@,0x00C8FB74,pool-glue cascade static (back-solved)
??_C@_0N@JJFELHDL@RadarUpgrade?$AA@,0x00C8FF50,pool-glue cascade static (back-solved)
??_C@_0N@JPFOMAJC@SlavedUpdate?$AA@,0x00C902A8,pool-glue cascade static (back-solved)
??_C@_0N@OFEFHECN@InactiveBody?$AA@,0x00C8FBA8,pool-glue cascade static (back-solved)
??_C@_0O@BJLKCGIC@SpawnBehavior?$AA@,0x00C90BE4,pool-glue cascade static (back-solved)
??_C@_0O@CCMCEFEC@TunnelContain?$AA@,0x00C90A68,pool-glue cascade static (back-solved)
??_C@_0O@DBIDNLGA@KeepObjectDie?$AA@,0x00C90828,pool-glue cascade static (back-solved)
??_C@_0O@GDDOOMCF@DozerAIUpdate?$AA@,0x00C9020C,pool-glue cascade static (back-solved)
??_C@_0O@JFMHDEPB@StealthUpdate?$AA@,0x00C8403C,pool-glue cascade static (back-solved)
??_C@_0O@JHJLGGPJ@SquishCollide?$AA@,0x00C8FC8C,pool-glue cascade static (back-solved)
??_C@_0O@OINDDPDM@StructureBody?$AA@,0x00C8FB64,pool-glue cascade static (back-solved)
??_C@_0P@BDPFFDMA@LifetimeUpdate?$AA@,0x00C906AC,pool-glue cascade static (back-solved)
??_C@_0P@BFHEMIDK@StealthUpgrade?$AA@,0x00C8FF60,pool-glue cascade static (back-solved)
??_C@_0P@BLGIMPP@WanderAIUpdate?$AA@,0x00C900E8,pool-glue cascade static (back-solved)
??_C@_0P@EOKLCPHI@HijackerUpdate?$AA@,0x00C901A0,pool-glue cascade static (back-solved)
??_C@_0P@HAMKGADL@DemoTrapUpdate?$AA@,0x00C90504,pool-glue cascade static (back-solved)
??_C@_0P@IPIFMECI@CreateCrateDie?$AA@,0x00C90888,pool-glue cascade static (back-solved)
??_C@_0P@JGAEFJCP@WorkerAIUpdate?$AA@,0x00C900A8,pool-glue cascade static (back-solved)
??_C@_0P@JJNBOAAK@HighlanderBody?$AA@,0x00C8FB84,pool-glue cascade static (back-solved)
??_C@_0P@LPEKFMJM@DeletionUpdate?$AA@,0x00C90780,pool-glue cascade static (back-solved)
??_C@_0P@MIFOBMND@PreorderCreate?$AA@,0x00C8FD80,pool-glue cascade static (back-solved)
??_C@_0P@NAODOLPO@BridgeBehavior?$AA@,0x00C90D64,pool-glue cascade static (back-solved)
??_C@_0P@NPFAECDL@SpecialAbility?$AA@,0x00C9025C,pool-glue cascade static (back-solved)
??_ERTS2DScene@@UAEPAXI@Z,0x0000B9DD,pinharvest x1 (thunk)
??_ERTS2DScene@@UAEPAXI@Z,0x00015DC0,pinharvest x1 (thunk)
??_ERTS2DScene@@UAEPAXI@Z,0x000302DD,pinharvest x1 (thunk)
??_ERTS2DScene@@UAEPAXI@Z,0x00038BEA,pinharvest x1 (thunk)
??_ERTS2DScene@@UAEPAXI@Z,0x00043635,pinharvest x1 (thunk)
??_ERTS3DScene@@UAEPAXI@Z,0x0000B9DD,pinharvest x1 (thunk)
??_ERTS3DScene@@UAEPAXI@Z,0x00015DC0,pinharvest x1 (thunk)
??_ERTS3DScene@@UAEPAXI@Z,0x000302DD,pinharvest x1 (thunk)
??_ERTS3DScene@@UAEPAXI@Z,0x00038BEA,pinharvest x1 (thunk)
??_ERTS3DScene@@UAEPAXI@Z,0x00043635,pinharvest x1 (thunk)
??_ETexProjectClass@@UAEPAXI@Z,0x00007D88,pinharvest x1 (thunk)
??_ETexProjectClass@@UAEPAXI@Z,0x0004822F,pinharvest x1 (thunk)
??_L@YGXPAXIHP6EX0@Z1@Z,0x009F6EE4
??_M@YGXPAXIHP6EX0@Z@Z,0x009F6D76
??_U@YAPAXI@Z,0x00881F30
??_U@YAPAXI@Z,0x00881F70,array operator new flag-2 variant (W3D containers); flag-1 at 0x881F30
??_V@YAXPAX@Z,0x00881EB0
??_V@YAXPAX@Z,0x00881EF0,array operator delete flag-2 variant (W3D containers); flag-1 at 0x881EB0
?Add@?$DynamicVectorClass@PAVVertexMaterialClass@@@@QAE_NABQAVVertexMaterialClass@@@Z,0x0092F7C0,rel32 pin for exact-ambiguous landing
?Add@?$DynamicVectorClass@UPtrPairStruct@PointerRemapClass@@@@QAE_NABUPtrPairStruct@PointerRemapClass@@@Z,0x00002A36,pinharvest x1 (thunk)
?Add@?$DynamicVectorClass@UPtrPairStruct@PointerRemapClass@@@@QAE_NABUPtrPairStruct@PointerRemapClass@@@Z,0x000114F0,pinharvest x1 (thunk)
?Add@?$DynamicVectorClass@UPtrPairStruct@PointerRemapClass@@@@QAE_NABUPtrPairStruct@PointerRemapClass@@@Z,0x0001A5BE,pinharvest x1 (thunk)
?Add@?$DynamicVectorClass@UPtrPairStruct@PointerRemapClass@@@@QAE_NABUPtrPairStruct@PointerRemapClass@@@Z,0x0002EE0B,pinharvest x1 (thunk)
?Add@?$DynamicVectorClass@UPtrPairStruct@PointerRemapClass@@@@QAE_NABUPtrPairStruct@PointerRemapClass@@@Z,0x00035F71,pinharvest x1 (thunk)
?Add@?$DynamicVectorClass@UPtrPairStruct@PointerRemapClass@@@@QAE_NABUPtrPairStruct@PointerRemapClass@@@Z,0x000457CD,pinharvest x1 (thunk)
?Add@?$DynamicVectorClass@VModelNodeClass@HLodClass@@@@QAE_NABVModelNodeClass@HLodClass@@@Z,0x0097B080,pin for HLod Add_Sub_Object_To_Bone (rel32)
?Add@?$DynamicVectorClass@VShaderClass@@@@QAE_NABVShaderClass@@@Z,0x0092FA60
?AddOutput@Debug@@AAEXPBDI@Z,0x0088A8F0
?Add_Engine_Ref@IndexBufferClass@@QBEXXZ,0x0091CD30,pinharvest x2 (body)
?Add_Engine_Ref@VertexBufferClass@@QBEXXZ,0x0091D9C0,pinharvest x1 (body)
?Add_Head@?$DLListClass@USmudgeSet@@@@QAEXPAV?$DLNodeClass@USmudgeSet@@@@@Z,0x000362D2
?Add_Prototype_Impl@AssetRegistry@@QAEXPAX@Z,0x009EF1A0,Add_Prototype thiscall impl body
?Add_To_Collection@CullSystemClass@@IAEXPAVCullableClass@@@Z,0x008E21D0
?Add_To_Static_Sort_List@WW3D@@SAXPAVRenderObjClass@@I@Z,0x008FD4C0
?Alloc@FastAllocatorGeneral@@QAEPAXI@Z,0x00AFEE40,decoded from Allocate_Memory call site
?Allocate_DX8_Dynamic_Buffer@DynamicIBAccessClass@@QAEXXZ,0x0091D560
?Allocate_Object_Memory@?$ObjectPoolClass@VCameraShakerClass@CameraShakeSystemClass@@$0BAA@@@QAEPAVCameraShakerClass@CameraShakeSystemClass@@XZ,0x00002603,pinharvest x1 (thunk)
?Allocate_Object_Memory@?$ObjectPoolClass@VGridLinkClass@@$0BAA@@@QAEPAVGridLinkClass@@XZ,0x008DD970
?Allocate_Object_Memory@?$ObjectPoolClass@VHAnimComboDataClass@@$0BAA@@@QAEPAVHAnimComboDataClass@@XZ,0x00973DB0
?Allocate_Object_Memory@?$ObjectPoolClass@VMultiListNodeClass@@$0BAA@@@QAEPAVMultiListNodeClass@@XZ,0x009DBDD0
?Allocate_Object_Memory@?$ObjectPoolClass@VPolyRenderTaskClass@@$0BAA@@@QAEPAVPolyRenderTaskClass@@XZ,0x009451C0
?Allocate_Sorting_Dynamic_Buffer@DynamicIBAccessClass@@QAEXXZ,0x0091D6B0
?Anim_Update@HTreeClass@@QAEXABVMatrix3D@@PAVHAnimClass@@M@Z,0x00953AD0,generic per-pivot evaluator
?Anim_Update@HTreeClass@@QAEXABVMatrix3D@@PAVHRawAnimClass@@M@Z,0x00953EB0,uncompressed-animation evaluator
?BFMEComputeCRC@@YAIPBEII@Z,0x00065250,the packet CRC; body written in native_packet_crc.cpp, one reassociation short of clean
?BFMEGetWaterTrackTexture@@YA?AVBFMEWaterTrackTextureHandle@@PADHH@Z,0x0090E910,retail 4-byte texture handle return used by WaterTracksObj::init
?BFMENetworkAllocate@@YAPAXI@Z,0x00881F30,native BFME wrapper-list allocation call target
?BTREE_decompress@@YAHPAE0@Z,0x00822FF0,additive; direct body / per-TU copy
?BTREE_treepack@@YAXPAUBTreeEncodeContext@@PAUBTREEMemStruct@@IIIH@Z,0x00821200
?Base_Update@HTreeClass@@QAEXABVMatrix3D@@@Z,0x009528D0
?Begin_Chunk@ChunkSaveClass@@QAE_NK@Z,0x009E16F0
?Bind@UDP@@QAEHIG@Z,0x00047FA0
?Blend_Update@HTreeClass@@QAEXABVMatrix3D@@PAVHAnimClass@@M1MM@Z,0x009546B0
?Build_Quaternion@@YA?AVQuaternion@@ABVMatrix3D@@@Z,0x008DBA40,rel32 pin for exact-ambiguous landing
?Build_Sentence_Not_Centered@Render2DSentenceClass@@AAE?AVVector2@@PBGPAH1_N@Z,0x00942430
?Build_Textures@Render2DSentenceClass@@AAEXXZ,0x0093DD60
?CRC_Memory@@YAKPBEKK@Z,0x0000A984,FirewallHelper getManglerResponse CRC helper thunk; body 0x00465250
?CRC_Memory@@YAKPBEKK@Z,0x009E19C0,second realcrc link (Install_UV / Update_CRC)
?Cast_AABox_To_Polys@AABTreeClass@@AAE_NPAUCullNodeStruct@1@AAVAABoxCollisionTestClass@@@Z,0x0096AEE0
?Cast_OBBox_Recursive@AABTreeClass@@AAE_NPAUCullNodeStruct@1@AAVOBBoxCollisionTestClass@@@Z,0x0096B100,derived-ICF
?Cast_OBBox_To_Polys@AABTreeClass@@AAE_NPAUCullNodeStruct@1@AAVOBBoxCollisionTestClass@@@Z,0x0096AEE0,derived-ICF
?Cast_Ray_To_Polys@AABTreeClass@@AAE_NPAUCullNodeStruct@1@AAVRayCollisionTestClass@@@Z,0x0096ADC0
?Clear@?$VectorClass@M@@UAEXXZ,0x0000B9CE,pinharvest x1 (thunk)
?Clear@?$VectorClass@M@@UAEXXZ,0x0000DBA7,pinharvest x1 (thunk)
?Clear@?$VectorClass@M@@UAEXXZ,0x009EDD30,pinharvest x1 (body)
?Clear@?$VectorClass@U_ArcInfoStruct@VehicleCurveClass@@@@UAEXXZ,0x0000B9CE,pinharvest x1 (thunk)
?Clear@?$VectorClass@U_ArcInfoStruct@VehicleCurveClass@@@@UAEXXZ,0x0000DBA7,pinharvest x1 (thunk)
?Clear@?$VectorClass@U_ArcInfoStruct@VehicleCurveClass@@@@UAEXXZ,0x009EDD30,pinharvest x1 (body)
?Clear@?$VectorClass@VTCBClass@TCBSpline3DClass@@@@UAEXXZ,0x0000B9CE,pinharvest x1 (thunk)
?Clear@?$VectorClass@VTCBClass@TCBSpline3DClass@@@@UAEXXZ,0x0000DBA7,pinharvest x1 (thunk)
?Clear@?$VectorClass@VTCBClass@TCBSpline3DClass@@@@UAEXXZ,0x009EDD30,pinharvest x1 (body)
?Clear@?$VectorClass@VTangentsClass@HermiteSpline1DClass@@@@UAEXXZ,0x0000B9CE,pinharvest x1 (thunk)
?Clear@?$VectorClass@VTangentsClass@HermiteSpline1DClass@@@@UAEXXZ,0x0000DBA7,pinharvest x1 (thunk)
?Clear@?$VectorClass@VTangentsClass@HermiteSpline1DClass@@@@UAEXXZ,0x009EDD30,pinharvest x1 (body)
?Clear@?$VectorClass@VTangentsClass@HermiteSpline3DClass@@@@UAEXXZ,0x0000B9CE,pinharvest x1 (thunk)
?Clear@?$VectorClass@VTangentsClass@HermiteSpline3DClass@@@@UAEXXZ,0x0000DBA7,pinharvest x1 (thunk)
?Clear@?$VectorClass@VTangentsClass@HermiteSpline3DClass@@@@UAEXXZ,0x009EDD30,pinharvest x1 (body)
?Close_Chunk@ChunkLoadClass@@QAE_NXZ,0x009E13E0
?Close_Micro_Chunk@ChunkLoadClass@@QAE_NXZ,0x009E1480
?Collide@CollisionMath@@SA_NABVAABoxClass@@ABVVector3@@ABVTriClass@@PAUCastResultStruct@@@Z,0x008E0C30
?Collide@CollisionMath@@SA_NABVLineSegClass@@ABVAABoxClass@@PAUCastResultStruct@@@Z,0x008DAC30
?Collide@CollisionMath@@SA_NABVLineSegClass@@ABVAABoxClass@@PAUCastResultStruct@@@Z,0x008DAD70,rel32 pin for exact-ambiguous landing
?Collide@CollisionMath@@SA_NABVLineSegClass@@ABVOBBoxClass@@PAUCastResultStruct@@@Z,0x008DAD70
?Collide@CollisionMath@@SA_NABVOBBoxClass@@ABVVector3@@ABVTriClass@@1PAUCastResultStruct@@@Z,0x008E7180
?Combine_Color_And_Alpha@ParticleBufferClass@@IAEXXZ,0x00984CB0,derived from Render_Particles call sites
?Combo_Update@HTreeClass@@QAEXABVMatrix3D@@PAVHAnimComboClass@@@Z,0x00954D90
?CommandRequiresAck@@YA_NPAVNetCommandMsg@@@Z,0x00682DB0,same body as the Int-returning ledger row; callers declare it Bool and test al, the definition widens to the whole register
?Compute_Current_Frame@Animatable3DObjClass@@IBEMPAM@Z,0x00982540,called by Simple_Evaluate_Bone
?Compute_Texture_Coordinate@MatrixMapperClass@@QAEXABVVector3@@PAV2@@Z,0x00924C30,pinharvest x1 (body)
?Compute_Texture_Coordinate@MatrixMapperClass@@QAEXABVVector3@@PAV2@@Z,0x00924C40,pinharvest x1 (body)
?Compute_Texture_Coordinate@MatrixMapperClass@@QAEXABVVector3@@PAV2@@Z,0x00924D00,pinharvest x1 (body)
?Compute_Texture_Coordinate@MatrixMapperClass@@QAEXABVVector3@@PAV2@@Z,0x00925060,pinharvest x1 (body)
?Compute_Texture_Coordinate@MatrixMapperClass@@QAEXABVVector3@@PAV2@@Z,0x0094F300,pinharvest x1 (body)
?Compute_Texture_Coordinate@MatrixMapperClass@@QAEXABVVector3@@PAV2@@Z,0x0094F450,pinharvest x1 (body)
?ConstructNetCommandMsgFromRawData@NetPacket@@SAPAVNetCommandRef@@PAEG@Z,0x0067EE40,the real tag-parsing body; the ledger row for this name is a MASM-dump claim at 0x00682FF0 whose body parses no tags
?Contains_Point@TriClass@@QBE_NABVVector3@@@Z,0x008E1900
?Control_Bone@HTreeClass@@QAEXHABVMatrix3D@@_N@Z,0x00952A60
?Convert_Shader@W3dUtilityClass@@SAXABUW3dShaderStruct@@PAVShaderClass@@@Z,0x00978760
?Convert_Shader@W3dUtilityClass@@SAXABVShaderClass@@PAUW3dShaderStruct@@@Z,0x00978820
?Copy@DX8VertexBufferClass@@QAEXPBVVector3@@0PBVVector2@@II@Z,0x0091E1D0,DX8VertexBufferClass ctor copy helper
?Copy@DX8VertexBufferClass@@QAEXPBVVector3@@0PBVVector2@@PBVVector4@@II@Z,0x0091EB40,DX8VertexBufferClass ctor copy helper
?Copy@DX8VertexBufferClass@@QAEXPBVVector3@@PBVVector2@@II@Z,0x0091E690,DX8VertexBufferClass ctor copy helper
?Copy@DX8VertexBufferClass@@QAEXPBVVector3@@PBVVector2@@PBVVector4@@II@Z,0x0091EDE0,DX8VertexBufferClass ctor copy helper
?Create_New_Particles@ParticleEmitterClass@@AAEXABVQuaternion@@ABVVector3@@@Z,0x0097F930,rel32 pin for exact-ambiguous landing
?Create_Vertex_Buffer@DX8VertexBufferClass@@IAEXW4UsageType@1@@Z,0x0091E0C0,DX8VertexBufferClass ctor helper
?Cull@AABoxCollisionTestClass@@QAE_NABVVector3@@0@Z,0x0096A700
?Cull@OBBoxCollisionTestClass@@QAE_NABVVector3@@0@Z,0x0096A700,derived-ICF
?Cull_Box@BFMECameraCullBox@@QBE_NABVAABoxClass@@@Z,0x009330C0,BFME 183B Cull_Box body used by W3DTerrainBackground::updateCenter (not 38B ICF twin)
?Cur_Chunk_ID@ChunkLoadClass@@QAEKXZ,0x009E1440
?Cur_Chunk_Length@ChunkLoadClass@@QAEKXZ,0x009E1450
?Cur_Micro_Chunk_ID@ChunkLoadClass@@QAEKXZ,0x009E14E0
?DebugAllocMemory@@YAPAXI@Z,0x0088EB30
?DebugFreeMemory@@YAXPAX@Z,0x0088EAD0
?Delete@?$DynamicVectorClass@VModelNodeClass@HLodClass@@@@QAE_NH@Z,0x0097B0F0,DynamicVectorClass<HLodClass::ModelNodeClass>::Delete pin for HLod Remove_Sub_Object
?Delete@?$List@PAUINISection@@@@QAEXXZ,0x009E2630
?Determine_Tail_Diffuse@ParticleBufferClass@@IAE?AW4TailDiffuseTypeEnum@1@XZ,0x0098B750
?Do_Mappers_Need_Normals@MeshMatDescClass@@QAE_NXZ,0x00929AD0
?DoesCommandRequireACommandID@@YA_NW4NetCommandType@@@Z,0x00015B72
?DoesCommandRequireACommandID@@YA_NW4NetCommandType@@@Z,0x00682D20,identified from getCommandList's call site
?Enable_Fog@ShaderClass@@QAEXPBD@Z,0x00910F90,derived from ParticleBufferClass main ctor aligned call sites
?End_Chunk@ChunkSaveClass@@QAE_NXZ,0x009E17F0
?End_Scene@DX8Wrapper@@SAX_N@Z,0x00908FE0,End_Render depth Open-BFME4+Grok
?End_Statistics@Debug_Statistics@@YAXXZ,0x00937EF0,End_Render depth Open-BFME4+Grok
?ExceptionFilter@DebugExceptionhandler@@SGJPAU_EXCEPTION_POINTERS@@@Z,0x0088E5F0
?Fast_Slerp@@YAXAAVQuaternion@@ABV1@1M@Z,0x008DC4C0
?Find_Color_Mode@DX8Wrapper@@KA_NW4_D3DFORMAT@@HHPAI@Z,0x009021C0,pinharvest x1 (body)
?Find_POT@@YAHH@Z,0x00AFFAB0
?Find_Z_Mode@DX8Wrapper@@KA_NW4_D3DFORMAT@@0PAW42@@Z,0x00904120,pinharvest x1 (body)
?Flush@SortingRendererClass@@SAXXZ,0x0093A810,End_Render depth Open-BFME4+Grok
?Free@DistLODClass@@AAEXXZ,0x00014BC3
?Free@FastAllocatorGeneral@@QAEXPAX@Z,0x00AFEBC0
?Free_All_Geoms@W3DShadowGeometryManager@@QAEXXZ,0x00002365,site-decoded x2 (thunk)
?Free_Definitions@DefinitionMgrClass@@SAXXZ,0x000309CC,pinharvest x1 (thunk)
?Free_Definitions@DefinitionMgrClass@@SAXXZ,0x00033D9D,pinharvest x1 (thunk)
?Free_Definitions@DefinitionMgrClass@@SAXXZ,0x009CB880,pinharvest x1 (body)
?Free_Definitions@DefinitionMgrClass@@SAXXZ,0x009DB5A0,pinharvest x1 (body)
?Free_Object_Memory@?$ObjectPoolClass@VAABTreeLinkClass@@$0BAA@@@QAEXPAVAABTreeLinkClass@@@Z,0x00011103,pinharvest x2 (thunk)
?Free_Object_Memory@?$ObjectPoolClass@VAABTreeLinkClass@@$0BAA@@@QAEXPAVAABTreeLinkClass@@@Z,0x008DDA50,pinharvest x2 (body)
?Free_Object_Memory@?$ObjectPoolClass@VAABTreeLinkClass@@$0BAA@@@QAEXPAVAABTreeLinkClass@@@Z,0x009452A0,pinharvest x1 (body)
?Free_Object_Memory@?$ObjectPoolClass@VAABTreeLinkClass@@$0BAA@@@QAEXPAVAABTreeLinkClass@@@Z,0x009453B0,pinharvest x1 (body)
?Free_Object_Memory@?$ObjectPoolClass@VAABTreeLinkClass@@$0BAA@@@QAEXPAVAABTreeLinkClass@@@Z,0x00973E90,pinharvest x1 (body)
?Free_Object_Memory@?$ObjectPoolClass@VAABTreeLinkClass@@$0BAA@@@QAEXPAVAABTreeLinkClass@@@Z,0x009DBEB0,pinharvest x1 (body)
?Free_Object_Memory@?$ObjectPoolClass@VAABTreeNodeClass@@$0BAA@@@QAEXPAVAABTreeNodeClass@@@Z,0x00011103,pinharvest x1 (thunk)
?Free_Object_Memory@?$ObjectPoolClass@VAABTreeNodeClass@@$0BAA@@@QAEXPAVAABTreeNodeClass@@@Z,0x008DDA50,pinharvest x1 (body)
?Free_Object_Memory@?$ObjectPoolClass@VAABTreeNodeClass@@$0BAA@@@QAEXPAVAABTreeNodeClass@@@Z,0x009452A0,pinharvest x1 (body)
?Free_Object_Memory@?$ObjectPoolClass@VAABTreeNodeClass@@$0BAA@@@QAEXPAVAABTreeNodeClass@@@Z,0x009453B0,pinharvest x1 (body)
?Free_Object_Memory@?$ObjectPoolClass@VAABTreeNodeClass@@$0BAA@@@QAEXPAVAABTreeNodeClass@@@Z,0x00973E90,pinharvest x1 (body)
?Free_Object_Memory@?$ObjectPoolClass@VAABTreeNodeClass@@$0BAA@@@QAEXPAVAABTreeNodeClass@@@Z,0x009DBEB0,pinharvest x1 (body)
?Free_Object_Memory@?$ObjectPoolClass@VCameraShakerClass@CameraShakeSystemClass@@$0BAA@@@QAEXPAVCameraShakerClass@CameraShakeSystemClass@@@Z,0x00011103,pinharvest x2 (thunk)
?Free_Object_Memory@?$ObjectPoolClass@VCameraShakerClass@CameraShakeSystemClass@@$0BAA@@@QAEXPAVCameraShakerClass@CameraShakeSystemClass@@@Z,0x008DDA50,pinharvest x2 (body)
?Free_Object_Memory@?$ObjectPoolClass@VCameraShakerClass@CameraShakeSystemClass@@$0BAA@@@QAEXPAVCameraShakerClass@CameraShakeSystemClass@@@Z,0x009452A0,pinharvest x1 (body)
?Free_Object_Memory@?$ObjectPoolClass@VCameraShakerClass@CameraShakeSystemClass@@$0BAA@@@QAEXPAVCameraShakerClass@CameraShakeSystemClass@@@Z,0x009453B0,pinharvest x1 (body)
?Free_Object_Memory@?$ObjectPoolClass@VCameraShakerClass@CameraShakeSystemClass@@$0BAA@@@QAEXPAVCameraShakerClass@CameraShakeSystemClass@@@Z,0x00973E90,pinharvest x1 (body)
?Free_Object_Memory@?$ObjectPoolClass@VCameraShakerClass@CameraShakeSystemClass@@$0BAA@@@QAEXPAVCameraShakerClass@CameraShakeSystemClass@@@Z,0x009DBEB0,pinharvest x1 (body)
?Free_Object_Memory@?$ObjectPoolClass@VGenericSLNode@@$0BAA@@@QAEXPAVGenericSLNode@@@Z,0x00011103,pinharvest x1 (thunk)
?Free_Object_Memory@?$ObjectPoolClass@VGenericSLNode@@$0BAA@@@QAEXPAVGenericSLNode@@@Z,0x008DDA50,pinharvest x1 (body)
?Free_Object_Memory@?$ObjectPoolClass@VGenericSLNode@@$0BAA@@@QAEXPAVGenericSLNode@@@Z,0x009452A0,pinharvest x1 (body)
?Free_Object_Memory@?$ObjectPoolClass@VGenericSLNode@@$0BAA@@@QAEXPAVGenericSLNode@@@Z,0x009453B0,pinharvest x1 (body)
?Free_Object_Memory@?$ObjectPoolClass@VGenericSLNode@@$0BAA@@@QAEXPAVGenericSLNode@@@Z,0x00973E90,pinharvest x1 (body)
?Free_Object_Memory@?$ObjectPoolClass@VGenericSLNode@@$0BAA@@@QAEXPAVGenericSLNode@@@Z,0x009DBEB0,pinharvest x1 (body)
?Free_Object_Memory@?$ObjectPoolClass@VMatPassTaskClass@@$0BAA@@@QAEXPAVMatPassTaskClass@@@Z,0x009453B0
?Free_Object_Memory@?$ObjectPoolClass@VPolyRenderTaskClass@@$0BAA@@@QAEXPAVPolyRenderTaskClass@@@Z,0x009452A0
?Free_String@StringClass@@AAEXXZ,0x009DB7A0
?Free_String@WideStringClass@@AAEXXZ,0x009E71B0
?GadgetListBoxAddEntryImage@@YAHPAVGameWindow@@PBVImage@@HHHH_NH@Z,0x0001712A
?GadgetListBoxGetItemData@@YAPAXPAVGameWindow@@HH@Z,0x00009084,pinharvest x1 (thunk)
?GadgetListBoxGetSelected@@YAXPAVGameWindow@@PAH@Z,0x00008945,pinharvest x2 (thunk)
?GadgetListBoxGetTextAndColor@@YA?AVUnicodeString@@PAVGameWindow@@PAHHH@Z,0x00044C0B
?GadgetListBoxReset@@YAXPAVGameWindow@@@Z,0x0000A3DF
?GadgetListBoxSetBottomVisibleEntry@@YAXPAVGameWindow@@H@Z,0x004B8550
?GadgetListBoxSetColors@@YAXPAVGameWindow@@HHHHHHHHHHHH@Z,0x000410AB,ILT thunk used by GadgetComboBoxSetColors
?GadgetRadioSetSelection@@YAXPAVGameWindow@@_N@Z,0x00034536
?GadgetStaticTextSetText@@YAXPAVGameWindow@@VUnicodeString@@@Z,0x0002C16F
?GadgetTabControlShowSubPane@@YAXPAVGameWindow@@H@Z,0x00008936
?GameSpyCloseOverlay@@YAXW4GSOverlayType@@@Z,0x00040E94
?GameSpyCloseOverlayShim@@YAXW4GSOverlayType@@@Z,0x00627AD0,GameSpyCloseOverlay incremental-link thunk target through a free forwarding shim
?GameSpyOpenOverlay@@YAXW4GSOverlayType@@@Z,0x0002BA21
?GameSpyOpenOverlayShim@@YAXW4GSOverlayType@@@Z,0x00627FA0,GameSpyOpenOverlay incremental-link thunk target through a free forwarding shim
?GenerateNextCommandID@@YAGXZ,0x00030558,ILT thunk; real body 0xA82D10
?Generate_Culling_Tree@MeshGeometryClass@@IAEXXZ,0x00924C30,pinharvest x1 (body)
?Generate_Culling_Tree@MeshGeometryClass@@IAEXXZ,0x00924C40,pinharvest x1 (body)
?Generate_Culling_Tree@MeshGeometryClass@@IAEXXZ,0x00924D00,pinharvest x1 (body)
?Generate_Culling_Tree@MeshGeometryClass@@IAEXXZ,0x00925060,pinharvest x1 (body)
?Generate_Culling_Tree@MeshGeometryClass@@IAEXXZ,0x0094F300,pinharvest x1 (body)
?Generate_Culling_Tree@MeshGeometryClass@@IAEXXZ,0x0094F450,pinharvest x1 (body)
?Get@Base64Straw@@UAEHPAXH@Z,0x009E7B80
?GetGameClientRandomValue@@YAHHHPADH@Z,0x00027AAC,ILT thunk; real body 0x96D70
?GetGameLogicRandomValue@@YAHHHPADH@Z,0x00096CF0,LifetimeUpdate calcSleepDelay retail debug owner
?GetGameLogicRandomValueReal@@YAMMMPADH@Z,0x0002CCA5
?Get_Bone_Index@HTreeClass@@QBEHPBD@Z,0x00952260
?Get_Bone_Name@HTreeClass@@QBEPBDH@Z,0x009522B0
?Get_Bounding_Box@MeshGeometryClass@@QAEXPAVAABoxClass@@@Z,0x00924DD0
?Get_Bounding_Sphere@MeshGeometryClass@@QAEXPAVSphereClass@@@Z,0x00924E70
?Get_Char_Spacing@FontCharsClass@@QAEHG@Z,0x009414D0,body
?Get_Color_Array@MeshMatDescClass@@QAEPAIH_N@Z,0x0002F8E2,
?Get_DX8_Render_State_Value_Name@DX8Wrapper@@SAXAAVStringClass@@KI@Z,0x00907BE0
?Get_First_Collected_Object_Internal@CullSystemClass@@IAEPAVCullableClass@@XZ,0x008E2160
?Get_HTree@@YAPAVHTreeClass@@PBD@Z,0x00971810
?Get_Hash_Value@?$HashTemplateKeyClass@VStringClass@@@@SAIABVStringClass@@@Z,0x0094DB70,pinharvest x1 (body)
?Get_Hash_Value@?$HashTemplateKeyClass@VStringClass@@@@SAIABVStringClass@@@Z,0x0094DBC0,pinharvest x1 (body)
?Get_Int@RegistryClass@@QAEHPBDH@Z,0x009DC2A0,pinharvest x5 (body)
?Get_Material@MeshMatDescClass@@QBEPAVVertexMaterialClass@@HH@Z,0x0002F8E2,pinharvest x1 (thunk)
?Get_Material@MeshMatDescClass@@QBEPAVVertexMaterialClass@@HH@Z,0x00928F50,pinharvest x1 (body)
?Get_Material@MeshMatDescClass@@QBEPAVVertexMaterialClass@@HH@Z,0x009298C0,pinharvest x1 (body)
?Get_Material@MeshMatDescClass@@QBEPAVVertexMaterialClass@@HH@Z,0x00929900,pinharvest x1 (body)
?Get_Material@MeshMatDescClass@@QBEPAVVertexMaterialClass@@HH@Z,0x0092A4D0,pinharvest x1 (body)
?Get_Material@MeshMatDescClass@@QBEPAVVertexMaterialClass@@HH@Z,0x0092C010,pinharvest x1 (body)
?Get_Name@MeshGeometryClass@@QBEPBDXZ,0x00924C30
?Get_New_Particles@ParticleBufferClass@@IAEXXZ,0x00987C60
?Get_Next_Collected_Object_Internal@CullSystemClass@@IAEPAVCullableClass@@PAV2@@Z,0x008E2170
?Get_Noise_Amplitude@ParticleBufferClass@@QBEMXZ,0x00983B00,pinharvest x1 (body)
?Get_Noise_Amplitude@ParticleBufferClass@@QBEMXZ,0x00983D60,pinharvest x1 (body)
?Get_Noise_Amplitude@ParticleBufferClass@@QBEMXZ,0x00983EA0,pinharvest x1 (body)
?Get_Noise_Amplitude@ParticleBufferClass@@QBEMXZ,0x00983FE0,pinharvest x1 (body)
?Get_Noise_Amplitude@ParticleBufferClass@@QBEMXZ,0x00984150,pinharvest x1 (body)
?Get_Noise_Amplitude@ParticleBufferClass@@QBEMXZ,0x00984290,pinharvest x1 (body)
?Get_Position@RenderObjClass@@QBE?AVVector3@@XZ,0x009202C0,derived from part_buf matched-caller call sites
?Get_Render_Target_Resolution@WW3D@@SAXAAH00AA_N@Z,0x008FD1F0,located from binary (camera callee)
?Get_SS_Category@ShaderClass@@QBE?AW4StaticSortCategoryType@1@XZ,0x00910E10
?Get_Shader@LineGroupClass@@QAE?AVShaderClass@@XZ,0x0098ED00
?Get_Shader@MeshMatDescClass@@QBE?AVShaderClass@@HH@Z,0x00929990
?Get_Shader@PointGroupClass@@QAE?AVShaderClass@@XZ,0x00912870
?Get_Shader_Array@MeshMatDescClass@@QAEPAVShaderClass@@H_N@Z,0x0092BF50
?Get_String@INIClass@@QBEHPBD00PADH@Z,0x009E3DA0
?Get_String@RegistryClass@@QAEPADPBDPADH0@Z,0x009DC4E0,pinharvest x1 (body)
?Get_String@StringClass@@AAEXH_N@Z,0x009DB890
?Get_Texture@MeshMatDescClass@@QBEPAVTextureClass@@HHH@Z,0x0002F8E2,pinharvest x1 (thunk)
?Get_Texture@MeshMatDescClass@@QBEPAVTextureClass@@HHH@Z,0x00928F50,pinharvest x1 (body)
?Get_Texture@MeshMatDescClass@@QBEPAVTextureClass@@HHH@Z,0x009298C0,pinharvest x1 (body)
?Get_Texture@MeshMatDescClass@@QBEPAVTextureClass@@HHH@Z,0x00929900,pinharvest x1 (body)
?Get_Texture@MeshMatDescClass@@QBEPAVTextureClass@@HHH@Z,0x0092A4D0,pinharvest x1 (body)
?Get_Texture@MeshMatDescClass@@QBEPAVTextureClass@@HHH@Z,0x0092C010,pinharvest x1 (body)
?Get_Texture@ParticleBufferClass@@QBE?AVTextureHandleClass@1@XZ,0x00988F60,sret holder-returning getter
?Get_UV_Array_By_Index@MeshMatDescClass@@QAEPAVVector2@@H_N@Z,0x0001D179
?Get_User_Text@MeshGeometryClass@@QAEPBDXZ,0x00924C30,pinharvest x1 (body)
?Get_User_Text@MeshGeometryClass@@QAEPBDXZ,0x00924C40,pinharvest x1 (body)
?Get_User_Text@MeshGeometryClass@@QAEPBDXZ,0x00924D00,pinharvest x1 (body)
?Get_User_Text@MeshGeometryClass@@QAEPBDXZ,0x00925060,pinharvest x1 (body)
?Get_User_Text@MeshGeometryClass@@QAEPBDXZ,0x0094F300,pinharvest x1 (body)
?Get_User_Text@MeshGeometryClass@@QAEPBDXZ,0x0094F450,pinharvest x1 (body)
?Get_Vector@TimeCodedMotionChannelClass@@QAEXMPAM@Z,0x009781A0
?Get_View_Plane@CameraClass@@QBEXAAVVector2@@0@Z,0x00931DC0,derived from part_buf matched-caller call sites
?Guess_Sort_Level@ShaderClass@@QBEHXZ,0x00910E90
?HideControlBar@@YAXH@Z,0x00002847,HideControlBar int
?HideControlBar@@YAX_N@Z,0x00002847,ILT/body HideControlBar for letterbox
?HideDiplomacy@@YAXXZ,0x000067BC
?HideDisconnectWindow@@YAXXZ,0x00024D6B,ILT thunk; real body 0x50E5A0 - descriptive name, retail's is unknown
?HideInGameChat@@YAXXZ,0x00019583
?HideQuitMenu@@YAXXZ,0x0001BF36
?HideSaveLoadMenu@@YAXXZ,0x0000A416
?Init@SegLineRendererClass@@QAEXABUW3dEmitterLinePropertiesStruct@@@Z,0x00960190,derived from ParticleBufferClass main ctor aligned call sites
?Init_Alternate@MeshMatDescClass@@QAEXAAV1@0@Z,0x00929410
?Init_From_Directional_Light@InputLightStruct@LightEnvironmentClass@@QAEXABVLightClass@@ABVVector3@@@Z,0x0094A970
?Init_From_Point_Or_Spot_Light@InputLightStruct@LightEnvironmentClass@@QAEXABVLightClass@@ABVVector3@@@Z,0x0094AE10
?Initialize@AggregateDefClass@@QAEXAAVRenderObjClass@@@Z,0x00980A60
?Initialize@HLodDefClass@@QAEXAAVHLodClass@@@Z,0x0097CA80
?Insert_Triangles@SortingRendererClass@@SAXABVSphereClass@@GGGG@Z,0x0093B340
?Internal_Remove@GenericMultiListClass@@IAE_NPAVMultiListObjectClass@@@Z,0x009DC100
?Intersect_OBBox@MeshGeometryClass@@QAE_NAAVOBBoxIntersectionTestClass@@@Z,0x00927920
?Intersect_OBBox_Recursive@AABTreeClass@@AAE_NPAUCullNodeStruct@1@AAVOBBoxIntersectionTestClass@@@Z,0x0096B100,derived-ICF
?Intersect_OBBox_With_Polys@AABTreeClass@@AAE_NPAUCullNodeStruct@1@AAVOBBoxIntersectionTestClass@@@Z,0x0096AEE0,derived-ICF
?Intersection_Test@CollisionMath@@SA_NABVSphereClass@@ABVAABoxClass@@@Z,0x008E3600
?Intersection_Test@CollisionMath@@SA_NABVSphereClass@@ABVOBBoxClass@@@Z,0x008E3600,derived-ICF
?Inv_Sqrt@WWMath@@SIMM@Z,0x00027A43,WWMath::Inv_Sqrt (naked __fastcall) incremental-link thunk (body 0x00131C90); called by Quaternion::Normalize and Axis_To_Quat, owned by wwmath.cpp
?Invalidate_Cached_Render_States@DX8Wrapper@@SAXXZ,0x00903C50,End_Render depth Open-BFME4+Grok
?Is_Bone_Captured@HTreeClass@@QBE_NH@Z,0x00952A40
?Is_Running@ThreadClass@@QAE_NXZ,0x009DB590
?Load@INIClass@@QAEHAAVStraw@@@Z,0x009E4680
?Load_W3D@AdaptiveDeltaMotionChannelClass@@QAE_NAAVChunkLoadClass@@@Z,0x00977CC0
?Load_W3D@TimeCodedMotionChannelClass@@QAE_NAAVChunkLoadClass@@@Z,0x00977A00
?Log_DX8_ErrorCode@@YAXI@Z,0x0087CAC0,hit-decoded x5 (body)
?Log_DX8_ErrorCode@@YAXI@Z,0x0087CD60,hit-decoded x5 (body)
?MD5Update@@YAXPAUMD5_CTX@@PAEI@Z,0x0086AE20
?Make_Geometry_Unique@MeshModelClass@@QAEXXZ,0x0094EE80
?Make_Unique@MeshClass@@QAEX_N@Z,0x0092C400
?MessageBoxOk@@YAPAVGameWindow@@VUnicodeString@@0P6AXXZ@Z,0x0004A340,ILT thunk used by call site
?Multiply@Matrix3D@@SAXABV1@0PAV1@@Z,0x008D80C0,rel32 pin for exact-ambiguous landing
?Needs_Vertex_Normals@MeshModelClass@@QAE_NXZ,0x0094E0B0,
?Notify_Added@RenderObjClass@@UAEXPAVSceneClass@@@Z,0x0091FBF0
?Notify_Removed@RenderObjClass@@UAEXPAVSceneClass@@@Z,0x0091FC00
?OnEnd@DownloadManager@@UAEJXZ,0x000044E4,ILT thunk used by call site
?OnError@DownloadManager@@UAEJH@Z,0x00031EC1,ILT thunk used by call site
?OnError@DownloadManagerOnErrorShim@@QAEJH@Z,0x00626DA0,DownloadManager::OnError incremental-link thunk target through a TU-local forwarding shim
?OnStatusUpdate@DownloadManager@@UAEJH@Z,0x00008283
?OnStatusUpdate@DownloadManagerOnStatusUpdateShim@@QAEJH@Z,0x00626EE0,DownloadManager::OnStatusUpdate incremental-link thunk target through a TU-local forwarding shim
?Open_Chunk@ChunkLoadClass@@QAE_NXZ,0x009E1380
?Open_Micro_Chunk@ChunkLoadClass@@QAE_NXZ,0x009E17C0
?Overlap_Test@CollisionMath@@SA?AW4OverlapType@1@ABVFrustumClass@@ABVAABoxClass@@@Z,0x008DB060,pinharvest x1 (body)
?Overlap_Test@CollisionMath@@SA?AW4OverlapType@1@ABVFrustumClass@@ABVAABoxClass@@@Z,0x008DB380
?Overlap_Test@CollisionMath@@SA?AW4OverlapType@1@ABVOBBoxClass@@ABVAABoxClass@@@Z,0x008E2310
?ParseBlendTileData@WorldHeightMap@@IAE_NAAVDataChunkInput@@PAUDataChunkInfo@@PAX@Z,0x00040AAC
?ParseHeightMapData@WorldHeightMap@@IAE_NAAVDataChunkInput@@PAUDataChunkInfo@@PAX@Z,0x00040AAC,derived-ICF
?ParseSizeOnly@WorldHeightMap@@IAE_NAAVDataChunkInput@@PAUDataChunkInfo@@PAX@Z,0x00040AAC,derived-ICF
?Peek_D3D_Base_Texture@TextureBaseClass@@QBEPAUIDirect3DBaseTexture8@@XZ,0x0090DC60
?Peek_Material@MeshMatDescClass@@QBEPAVVertexMaterialClass@@HH@Z,0x0002F8E2,pinharvest x1 (thunk)
?Peek_Material@MeshMatDescClass@@QBEPAVVertexMaterialClass@@HH@Z,0x00928F50,pinharvest x1 (body)
?Peek_Material@MeshMatDescClass@@QBEPAVVertexMaterialClass@@HH@Z,0x009298C0,pinharvest x1 (body)
?Peek_Material@MeshMatDescClass@@QBEPAVVertexMaterialClass@@HH@Z,0x00929900,pinharvest x1 (body)
?Peek_Material@MeshMatDescClass@@QBEPAVVertexMaterialClass@@HH@Z,0x0092A4D0,pinharvest x1 (body)
?Peek_Material@MeshMatDescClass@@QBEPAVVertexMaterialClass@@HH@Z,0x0092C010,pinharvest x1 (body)
?Peek_Texture@MeshMatDescClass@@QBEPAVTextureClass@@HHH@Z,0x0002F8E2,pinharvest x1 (thunk)
?Peek_Texture@MeshMatDescClass@@QBEPAVTextureClass@@HHH@Z,0x00928F50,pinharvest x1 (body)
?Peek_Texture@MeshMatDescClass@@QBEPAVTextureClass@@HHH@Z,0x009298C0,pinharvest x1 (body)
?Peek_Texture@MeshMatDescClass@@QBEPAVTextureClass@@HHH@Z,0x00929900,pinharvest x1 (body)
?Peek_Texture@MeshMatDescClass@@QBEPAVTextureClass@@HHH@Z,0x0092A4D0,pinharvest x1 (body)
?Peek_Texture@MeshMatDescClass@@QBEPAVTextureClass@@HHH@Z,0x0092C010,pinharvest x1 (body)
?Poly_Count@AABTreeBuilderClass@@QAEHXZ,0x0096B3B0
?PopulateCustomLadderComboBox@@YAXXZ,0x000380B4,pinharvest x1 (thunk)
?PopulateLobbyPlayerListbox@@YAXXZ,0x000070B3
?PopulatePlayerInfoWindows@@YAXVAsciiString@@@Z,0x000084C7
?PopulateQMLadderComboBox@@YAXXZ,0x0002C1FB,pinharvest x1 (thunk)
?PopulateQMLadderListBox@@YAXPAVGameWindow@@@Z,0x00028317,proven by the populateLadderListBox call site
?PopulateReplayFileListbox@@YAXPAVGameWindow@@@Z,0x000394AA
?Put@Base64Pipe@@UAEHPBXH@Z,0x009E7990
?Put_String@INIClass@@QAE_NPBD00@Z,0x009E3BD0
?Put_To@Pipe@@UAEXPAV1@@Z,0x009E7900
?Random_Float@WWMath@@SAMXZ,0x008D8E00
?Raw_Seek@RawFileClass@@IAEHHH@Z,0x009E6910
?ReAcquireResources@W3DProjectedShadowManager@@QAE_NXZ,0x00026D1E,pinharvest x1 (thunk)
?ReAcquireResources@W3DVolumetricShadowManager@@QAE_NXZ,0x0000F9B6,pinharvest x1 (thunk)
?Read@ChunkLoadClass@@QAEKPAXK@Z,0x009E15C0
?Read@UDP@@QAEHPAEIPAUsockaddr_in@@@Z,0x00039EBE,ILT thunk; real body 0x684630 (recvfrom; identity confirmed, register allocation still differs)
?RefreshGameListBox@@YAXPAVGameWindow@@_N@Z,0x0000FD1C
?Registry_Load_Render_Device@DX8Wrapper@@KA_NPBDPADHAAH2222@Z,0x00903FE0,pinharvest x1 (body)
?Registry_Save_Render_Device@DX8Wrapper@@KA_NPBDHHHH_NH@Z,0x00903ED0,pinharvest x1 (body)
?Release@Animatable3DObjClass@@IAEXXZ,0x00982090
?Release@Animatable3DObjClass@@QAEXXZ,0x00982090,called by every Set_Animation overload
?ReleaseWindowLayout@@YAXPAVWindowLayout@@@Z,0x00049AD0
?Release_Engine_Ref@IndexBufferClass@@QBEXXZ,0x0091CD40,pinharvest x2 (body)
?Release_Engine_Ref@VertexBufferClass@@QBEXXZ,0x0091D9D0,pinharvest x1 (body)
?Release_Ref@BFMETextureRelease@@QAEXXZ,0x009EB7A0,BFME TextureBaseClass::Release_Ref for updateCenter
?Release_Ref@BFMEWaterTrackTexture@@QAEXXZ,0x009EB7A0,WaterTracks local texture release surrogate
?Release_Ref@TextureBaseClass@@QAEXXZ,0x009EB7A0,hider decl in texture.h; WORD refcount+flags release
?Release_Ref@TextureClass@@QAEXXZ,0x009EB7A0,BFME texture release: WORD refcount+flag bits at [this+4]; auto-delete via vtbl slot 8 when bit24 set ??? TextureClass does NOT derive RefCountClass
?Remove@?$DLNodeClass@VThumbnailManagerClass@@@@QAEXXZ,0x00041763,pinharvest x4 (thunk)
?Remove@?$DLNodeClass@VThumbnailManagerClass@@@@QAEXXZ,0x00939430,pinharvest x4 (body)
?Remove_All@?$SList@VTagBlockIndex@@@@UAEXXZ,0x0000B9CE,pinharvest x1 (thunk)
?Remove_All@?$SList@VTagBlockIndex@@@@UAEXXZ,0x0000DBA7,pinharvest x1 (thunk)
?Remove_All@?$SList@VTagBlockIndex@@@@UAEXXZ,0x009EDD30,pinharvest x1 (body)
?Remove_Index@?$IndexClass@HPAUINIEntry@@@@QAE_NABH@Z,0x009E26A0
?Remove_Index@?$IndexClass@HPAUINISection@@@@QAE_NABH@Z,0x009E2730
?Remove_Polygon_Renderer@DX8TextureCategoryClass@@QAEXPAVDX8PolygonRendererClass@@@Z,0x00947D30
?Remove_Tail@?$DLListClass@VThumbnailManagerClass@@@@QAEXXZ,0x00047852,pinharvest x1 (thunk)
?Remove_Tail@?$DLListClass@VThumbnailManagerClass@@@@QAEXXZ,0x009394F0,pinharvest x1 (body)
?Remove_Texture_Category@DX8FVFCategoryContainer@@QAEXPAVDX8TextureCategoryClass@@@Z,0x00946650,REL32 pin for DX8TextureCategoryClass::Remove_Polygon_Renderer
?Render@LineGroupClass@@QAEXAAVRenderInfoClass@@@Z,0x0098ED30
?Render@PointGroupClass@@QAEXAAVRenderInfoClass@@H@Z,0x00917B70,derived from Render_Particles call sites; BFME added the int param
?Render@Render2DClass@@QAEXXZ,0x00933E50
?Render_Line@ParticleBufferClass@@IAEXAAVRenderInfoClass@@@Z,0x0098AD00
?Render_Line_Group@ParticleBufferClass@@IAEXAAVRenderInfoClass@@@Z,0x0098B950
?Render_Obj_Exists_Impl@AssetRegistry@@QAE_NPBD@Z,0x009EEBB0,Render_Obj_Exists thiscall impl body
?Render_Particles@ParticleBufferClass@@IAEXAAVRenderInfoClass@@@Z,0x0098B800
?Render_Seg_Line@SegmentedLineClass@@IAEXAAVRenderInfoClass@@@Z,0x00950960
?Replace_Texture@MeshModelClass@@QAEXPAVTextureClass@@0@Z,0x00924C30,pinharvest x1 (body)
?Replace_Texture@MeshModelClass@@QAEXPAVTextureClass@@0@Z,0x00924C40,pinharvest x1 (body)
?Replace_Texture@MeshModelClass@@QAEXPAVTextureClass@@0@Z,0x00924D00,pinharvest x1 (body)
?Replace_Texture@MeshModelClass@@QAEXPAVTextureClass@@0@Z,0x00925060,pinharvest x1 (body)
?Replace_Texture@MeshModelClass@@QAEXPAVTextureClass@@0@Z,0x0094F300,pinharvest x1 (body)
?Replace_Texture@MeshModelClass@@QAEXPAVTextureClass@@0@Z,0x0094F450,pinharvest x1 (body)
?Replace_VertexMaterial@MeshModelClass@@QAEXPAVVertexMaterialClass@@0@Z,0x00924C30,pinharvest x1 (body)
?Replace_VertexMaterial@MeshModelClass@@QAEXPAVVertexMaterialClass@@0@Z,0x00924C40,pinharvest x1 (body)
?Replace_VertexMaterial@MeshModelClass@@QAEXPAVVertexMaterialClass@@0@Z,0x00924D00,pinharvest x1 (body)
?Replace_VertexMaterial@MeshModelClass@@QAEXPAVVertexMaterialClass@@0@Z,0x00925060,pinharvest x1 (body)
?Replace_VertexMaterial@MeshModelClass@@QAEXPAVVertexMaterialClass@@0@Z,0x0094F300,pinharvest x1 (body)
?Replace_VertexMaterial@MeshModelClass@@QAEXPAVVertexMaterialClass@@0@Z,0x0094F450,pinharvest x1 (body)
?Reset@HAnimComboClass@@QAEXXZ,0x00974DC0
?ResetInGameChat@@YAXXZ,0x00033A6E
?Reset_Collection@CullSystemClass@@QAEXXZ,0x008E21C0
?Reset_Device@DX8Wrapper@@SA_N_N@Z,0x009082B0,pinharvest x1 (body)
?Resize@?$SimpleVecClass@M@@UAE_NH@Z,0x00038ECE,site-decoded x1 (thunk)
?Resize@?$SimpleVecClass@M@@UAE_NH@Z,0x00918430,site-decoded x1 (body)
?Resize@?$SimpleVecClass@M@@UAE_NH@Z,0x00919BC0,site-decoded x1 (body)
?Resize@?$SimpleVecClass@PAV?$MultiListClass@VDX8FVFCategoryContainer@@@@@@UAE_NH@Z,0x00038ECE,site-decoded x3 (thunk)
?Resize@?$SimpleVecClass@PAV?$MultiListClass@VDX8FVFCategoryContainer@@@@@@UAE_NH@Z,0x00918430,site-decoded x3 (body)
?Resize@?$SimpleVecClass@PAV?$MultiListClass@VDX8FVFCategoryContainer@@@@@@UAE_NH@Z,0x00919BC0,site-decoded x3 (body)
?Resize@?$SimpleVecClass@PAVBSPClass@@@@UAE_NH@Z,0x00038ECE,site-decoded x3 (thunk)
?Resize@?$SimpleVecClass@PAVBSPClass@@@@UAE_NH@Z,0x00918430,site-decoded x3 (body)
?Resize@?$SimpleVecClass@PAVBSPClass@@@@UAE_NH@Z,0x00919BC0,site-decoded x3 (body)
?Resize@?$SimpleVecClass@PAVDynamicMeshClass@@@@UAE_NH@Z,0x00038ECE,site-decoded x3 (thunk)
?Resize@?$SimpleVecClass@PAVDynamicMeshClass@@@@UAE_NH@Z,0x00918430,site-decoded x3 (body)
?Resize@?$SimpleVecClass@PAVDynamicMeshClass@@@@UAE_NH@Z,0x00919BC0,site-decoded x3 (body)
?Resize@?$SimpleVecClass@UDecalStruct@RigidDecalMeshClass@@@@UAE_NH@Z,0x00031593,pinharvest x3 (thunk)
?Resize@?$SimpleVecClass@UDecalStruct@RigidDecalMeshClass@@@@UAE_NH@Z,0x00038ECE,pinharvest x3 (thunk)
?Resize@?$SimpleVecClass@UDecalStruct@RigidDecalMeshClass@@@@UAE_NH@Z,0x00918430,pinharvest x3 (body)
?Resize@?$SimpleVecClass@UDecalStruct@RigidDecalMeshClass@@@@UAE_NH@Z,0x00919BC0,pinharvest x3 (body)
?Resize@?$SimpleVecClass@UDecalStruct@RigidDecalMeshClass@@@@UAE_NH@Z,0x0092C510,pinharvest x3 (body)
?Resize@?$SimpleVecClass@UDecalStruct@RigidDecalMeshClass@@@@UAE_NH@Z,0x00944EF0,pinharvest x3 (body)
?Resize@?$SimpleVecClass@UDecalStruct@SkinDecalMeshClass@@@@UAE_NH@Z,0x00031593,pinharvest x3 (thunk)
?Resize@?$SimpleVecClass@UDecalStruct@SkinDecalMeshClass@@@@UAE_NH@Z,0x00038ECE,pinharvest x3 (thunk)
?Resize@?$SimpleVecClass@UDecalStruct@SkinDecalMeshClass@@@@UAE_NH@Z,0x00918430,pinharvest x3 (body)
?Resize@?$SimpleVecClass@UDecalStruct@SkinDecalMeshClass@@@@UAE_NH@Z,0x00919BC0,pinharvest x3 (body)
?Resize@?$SimpleVecClass@UDecalStruct@SkinDecalMeshClass@@@@UAE_NH@Z,0x0092C510,pinharvest x3 (body)
?Resize@?$SimpleVecClass@UDecalStruct@SkinDecalMeshClass@@@@UAE_NH@Z,0x00944EF0,pinharvest x3 (body)
?Resize@?$SimpleVecClass@UMorphKeyStruct@TimeCodedMorphKeysClass@@@@UAE_NH@Z,0x00031593,pinharvest x3 (thunk)
?Resize@?$SimpleVecClass@UMorphKeyStruct@TimeCodedMorphKeysClass@@@@UAE_NH@Z,0x00038ECE,pinharvest x3 (thunk)
?Resize@?$SimpleVecClass@UMorphKeyStruct@TimeCodedMorphKeysClass@@@@UAE_NH@Z,0x00918430,pinharvest x3 (body)
?Resize@?$SimpleVecClass@UMorphKeyStruct@TimeCodedMorphKeysClass@@@@UAE_NH@Z,0x00919BC0,pinharvest x3 (body)
?Resize@?$SimpleVecClass@UMorphKeyStruct@TimeCodedMorphKeysClass@@@@UAE_NH@Z,0x0092C510,pinharvest x3 (body)
?Resize@?$SimpleVecClass@UMorphKeyStruct@TimeCodedMorphKeysClass@@@@UAE_NH@Z,0x00944EF0,pinharvest x3 (body)
?Resize@?$SimpleVecClass@UShdSubMeshStruct@@@@UAE_NH@Z,0x00031593,pinharvest x1 (thunk)
?Resize@?$SimpleVecClass@UShdSubMeshStruct@@@@UAE_NH@Z,0x00038ECE,pinharvest x1 (thunk)
?Resize@?$SimpleVecClass@UShdSubMeshStruct@@@@UAE_NH@Z,0x00918430,pinharvest x1 (body)
?Resize@?$SimpleVecClass@UShdSubMeshStruct@@@@UAE_NH@Z,0x00919BC0,pinharvest x1 (body)
?Resize@?$SimpleVecClass@UShdSubMeshStruct@@@@UAE_NH@Z,0x0092C510,pinharvest x1 (body)
?Resize@?$SimpleVecClass@UShdSubMeshStruct@@@@UAE_NH@Z,0x00944EF0,pinharvest x1 (body)
?Resize@?$SimpleVecClass@VAABoxClass@@@@UAE_NH@Z,0x00031593,pinharvest x3 (thunk)
?Resize@?$SimpleVecClass@VAABoxClass@@@@UAE_NH@Z,0x00038ECE,pinharvest x3 (thunk)
?Resize@?$SimpleVecClass@VAABoxClass@@@@UAE_NH@Z,0x00918430,pinharvest x3 (body)
?Resize@?$SimpleVecClass@VAABoxClass@@@@UAE_NH@Z,0x00919BC0,pinharvest x3 (body)
?Resize@?$SimpleVecClass@VAABoxClass@@@@UAE_NH@Z,0x0092C510,pinharvest x3 (body)
?Resize@?$SimpleVecClass@VAABoxClass@@@@UAE_NH@Z,0x00944EF0,pinharvest x3 (body)
?Resize@?$SimpleVecClass@VKeyClass@?$PrimitiveAnimationChannelClass@M@@@@UAE_NH@Z,0x00031593,pinharvest x3 (thunk)
?Resize@?$SimpleVecClass@VKeyClass@?$PrimitiveAnimationChannelClass@M@@@@UAE_NH@Z,0x00038ECE,pinharvest x3 (thunk)
?Resize@?$SimpleVecClass@VKeyClass@?$PrimitiveAnimationChannelClass@M@@@@UAE_NH@Z,0x00918430,pinharvest x3 (body)
?Resize@?$SimpleVecClass@VKeyClass@?$PrimitiveAnimationChannelClass@M@@@@UAE_NH@Z,0x00919BC0,pinharvest x3 (body)
?Resize@?$SimpleVecClass@VKeyClass@?$PrimitiveAnimationChannelClass@M@@@@UAE_NH@Z,0x0092C510,pinharvest x3 (body)
?Resize@?$SimpleVecClass@VKeyClass@?$PrimitiveAnimationChannelClass@M@@@@UAE_NH@Z,0x00944EF0,pinharvest x3 (body)
?Resize@?$SimpleVecClass@VKeyClass@?$PrimitiveAnimationChannelClass@UAlphaVectorStruct@@@@@@UAE_NH@Z,0x00031593,pinharvest x3 (thunk)
?Resize@?$SimpleVecClass@VKeyClass@?$PrimitiveAnimationChannelClass@UAlphaVectorStruct@@@@@@UAE_NH@Z,0x00038ECE,pinharvest x3 (thunk)
?Resize@?$SimpleVecClass@VKeyClass@?$PrimitiveAnimationChannelClass@UAlphaVectorStruct@@@@@@UAE_NH@Z,0x00918430,pinharvest x3 (body)
?Resize@?$SimpleVecClass@VKeyClass@?$PrimitiveAnimationChannelClass@UAlphaVectorStruct@@@@@@UAE_NH@Z,0x00919BC0,pinharvest x3 (body)
?Resize@?$SimpleVecClass@VKeyClass@?$PrimitiveAnimationChannelClass@UAlphaVectorStruct@@@@@@UAE_NH@Z,0x0092C510,pinharvest x3 (body)
?Resize@?$SimpleVecClass@VKeyClass@?$PrimitiveAnimationChannelClass@UAlphaVectorStruct@@@@@@UAE_NH@Z,0x00944EF0,pinharvest x3 (body)
?Resize@?$SimpleVecClass@VKeyClass@?$PrimitiveAnimationChannelClass@VVector2@@@@@@UAE_NH@Z,0x00031593,pinharvest x3 (thunk)
?Resize@?$SimpleVecClass@VKeyClass@?$PrimitiveAnimationChannelClass@VVector2@@@@@@UAE_NH@Z,0x00038ECE,pinharvest x3 (thunk)
?Resize@?$SimpleVecClass@VKeyClass@?$PrimitiveAnimationChannelClass@VVector2@@@@@@UAE_NH@Z,0x00918430,pinharvest x3 (body)
?Resize@?$SimpleVecClass@VKeyClass@?$PrimitiveAnimationChannelClass@VVector2@@@@@@UAE_NH@Z,0x00919BC0,pinharvest x3 (body)
?Resize@?$SimpleVecClass@VKeyClass@?$PrimitiveAnimationChannelClass@VVector2@@@@@@UAE_NH@Z,0x0092C510,pinharvest x3 (body)
?Resize@?$SimpleVecClass@VKeyClass@?$PrimitiveAnimationChannelClass@VVector2@@@@@@UAE_NH@Z,0x00944EF0,pinharvest x3 (body)
?Resize@?$SimpleVecClass@VKeyClass@?$PrimitiveAnimationChannelClass@VVector3@@@@@@UAE_NH@Z,0x00031593,pinharvest x3 (thunk)
?Resize@?$SimpleVecClass@VKeyClass@?$PrimitiveAnimationChannelClass@VVector3@@@@@@UAE_NH@Z,0x00038ECE,pinharvest x3 (thunk)
?Resize@?$SimpleVecClass@VKeyClass@?$PrimitiveAnimationChannelClass@VVector3@@@@@@UAE_NH@Z,0x00918430,pinharvest x3 (body)
?Resize@?$SimpleVecClass@VKeyClass@?$PrimitiveAnimationChannelClass@VVector3@@@@@@UAE_NH@Z,0x00919BC0,pinharvest x3 (body)
?Resize@?$SimpleVecClass@VKeyClass@?$PrimitiveAnimationChannelClass@VVector3@@@@@@UAE_NH@Z,0x0092C510,pinharvest x3 (body)
?Resize@?$SimpleVecClass@VKeyClass@?$PrimitiveAnimationChannelClass@VVector3@@@@@@UAE_NH@Z,0x00944EF0,pinharvest x3 (body)
?Resize@?$SimpleVecClass@VPolygonClass@@@@UAE_NH@Z,0x00031593,pinharvest x3 (thunk)
?Resize@?$SimpleVecClass@VPolygonClass@@@@UAE_NH@Z,0x00038ECE,pinharvest x3 (thunk)
?Resize@?$SimpleVecClass@VPolygonClass@@@@UAE_NH@Z,0x00918430,pinharvest x3 (body)
?Resize@?$SimpleVecClass@VPolygonClass@@@@UAE_NH@Z,0x00919BC0,pinharvest x3 (body)
?Resize@?$SimpleVecClass@VPolygonClass@@@@UAE_NH@Z,0x0092C510,pinharvest x3 (body)
?Resize@?$SimpleVecClass@VPolygonClass@@@@UAE_NH@Z,0x00944EF0,pinharvest x3 (body)
?Resize@?$SimpleVecClass@VShaderClass@@@@UAE_NH@Z,0x00031593,pinharvest x3 (thunk)
?Resize@?$SimpleVecClass@VShaderClass@@@@UAE_NH@Z,0x00038ECE,pinharvest x3 (thunk)
?Resize@?$SimpleVecClass@VShaderClass@@@@UAE_NH@Z,0x00918430,pinharvest x3 (body)
?Resize@?$SimpleVecClass@VShaderClass@@@@UAE_NH@Z,0x00919BC0,pinharvest x3 (body)
?Resize@?$SimpleVecClass@VShaderClass@@@@UAE_NH@Z,0x0092C510,pinharvest x3 (body)
?Resize@?$SimpleVecClass@VShaderClass@@@@UAE_NH@Z,0x00944EF0,pinharvest x3 (body)
?Resize@?$SimpleVecClass@VVector2@@@@UAE_NH@Z,0x00031593,hit-decoded x4 (thunk)
?Resize@?$SimpleVecClass@VVector2@@@@UAE_NH@Z,0x00038ECE,hit-decoded x4 (thunk)
?Resize@?$SimpleVecClass@VVector2@@@@UAE_NH@Z,0x00918430,hit-decoded x4 (body)
?Resize@?$SimpleVecClass@VVector2@@@@UAE_NH@Z,0x00919BC0,hit-decoded x4 (body)
?Resize@?$SimpleVecClass@VVector2@@@@UAE_NH@Z,0x0092C510,hit-decoded x4 (body)
?Resize@?$SimpleVecClass@VVector2@@@@UAE_NH@Z,0x00944EF0,hit-decoded x4 (body)
?Resize@?$SimpleVecClass@VVector2@@@@UAE_NH@Z,0x0096E1B0,hit-decoded x2 (body)
?Resize@?$SimpleVecClass@VVector2@@@@UAE_NH@Z,0x009844D0,hit-decoded x4 (body)
?Resize@?$SimpleVecClass@VVector3@@@@UAE_NH@Z,0x00031593,hit-decoded x13 (thunk)
?Resize@?$SimpleVecClass@VVector3@@@@UAE_NH@Z,0x00038ECE,hit-decoded x13 (thunk)
?Resize@?$SimpleVecClass@VVector3@@@@UAE_NH@Z,0x00918430,hit-decoded x13 (body)
?Resize@?$SimpleVecClass@VVector3@@@@UAE_NH@Z,0x00919BC0,hit-decoded x13 (body)
?Resize@?$SimpleVecClass@VVector3@@@@UAE_NH@Z,0x0092C510,hit-decoded x13 (body)
?Resize@?$SimpleVecClass@VVector3@@@@UAE_NH@Z,0x00944EF0,hit-decoded x13 (body)
?Resize@?$SimpleVecClass@VVector3@@@@UAE_NH@Z,0x0096E1B0,hit-decoded x5 (body)
?Resize@?$SimpleVecClass@VVector3@@@@UAE_NH@Z,0x009844D0,hit-decoded x13 (body)
?Resize@?$SimpleVecClass@VVector3i16@@@@UAE_NH@Z,0x00031593,pinharvest x3 (thunk)
?Resize@?$SimpleVecClass@VVector3i16@@@@UAE_NH@Z,0x00038ECE,pinharvest x3 (thunk)
?Resize@?$SimpleVecClass@VVector3i16@@@@UAE_NH@Z,0x00918430,pinharvest x3 (body)
?Resize@?$SimpleVecClass@VVector3i16@@@@UAE_NH@Z,0x00919BC0,pinharvest x3 (body)
?Resize@?$SimpleVecClass@VVector3i16@@@@UAE_NH@Z,0x0092C510,pinharvest x3 (body)
?Resize@?$SimpleVecClass@VVector3i16@@@@UAE_NH@Z,0x00944EF0,pinharvest x3 (body)
?Resize@?$SimpleVecClass@VVector4@@@@UAE_NH@Z,0x00031593,site-decoded x3 (thunk)
?Resize@?$SimpleVecClass@VVector4@@@@UAE_NH@Z,0x00038ECE,site-decoded x3 (thunk)
?Resize@?$SimpleVecClass@VVector4@@@@UAE_NH@Z,0x00918430,site-decoded x3 (body)
?Resize@?$SimpleVecClass@VVector4@@@@UAE_NH@Z,0x009E5FD0,caller-derived (2 matched callers agree)
?Scale@MeshGeometryClass@@QAEXABVVector3@@@Z,0x00925610
?Scale@SegLineRendererClass@@QAEXM@Z,0x0095FF30
?Search_For_Node@?$IndexClass@HPAUINIEntry@@@@ABEPBUNodeElement@1@ABH@Z,0x009E2E60
?Search_For_Node@?$IndexClass@HPAUINISection@@@@ABEPBUNodeElement@1@ABH@Z,0x009E2FD0
?Set@Matrix3D@@QAEXABVMatrix3x3@@ABVVector3@@@Z,0x00964150
?Set@Matrix3x3@@QAEXABVMatrix3D@@@Z,0x008D9000,Update_Frustum callee
?SetLobbyAttemptHostJoin@@YAX_N@Z,0x0000362A
?Set_Animation@Animatable3DObjClass@@UAEXPAVHAnimClass@@M0MM@Z,0x009822C0
?Set_Animation@Animatable3DObjClass@@UAEXPAVHAnimClass@@MH@Z,0x00982190
?Set_Animation@Animatable3DObjClass@@UAEXPAVHAnimComboClass@@@Z,0x00982330
?Set_Any_Render_Device@DX8Wrapper@@KA_NXZ,0x0090B7E0,pinharvest x2 (body)
?Set_Arrays@LineGroupClass@@QAEXPAV?$ShareBufferClass@VVector3@@@@0PAV?$ShareBufferClass@VVector4@@@@1PAV?$ShareBufferClass@I@@PAV?$ShareBufferClass@M@@3H@Z,0x0098EB00
?Set_Arrays@PointGroupClass@@QAEXPAV?$ShareBufferClass@VVector3@@@@PAV?$ShareBufferClass@VVector4@@@@PAV?$ShareBufferClass@I@@PAV?$ShareBufferClass@M@@PAV?$ShareBufferClass@E@@4HMMMM@Z,0x009126B0,derived from Render_Particles call sites
?Set_DX8_Render_State@DX8Wrapper@@SAXKI@Z,0x0001321E
?Set_DX8_Texture_Stage_State@DX8Wrapper@@SAXIKI@Z,0x000261E3
?Set_Flag@LineGroupClass@@QAEXW4FlagsType@1@_N@Z,0x0098E900,derived from ParticleBufferClass main ctor aligned call sites
?Set_Flag@PointGroupClass@@QAEXW4FlagsType@1@_N@Z,0x009120A0,derived from ParticleBufferClass main ctor aligned call sites
?Set_Force_Visible@RenderObjClass@@UAEXH@Z,0x0091F890,out-of-line in retail; GeneralsMD inlines the Bits OR
?Set_Frame_Row_Column_Count_Log2@PointGroupClass@@QAEXE@Z,0x00912130,derived from ParticleBufferClass main ctor aligned call sites
?Set_Gamma@DX8Wrapper@@SAXMMM_N0@Z,0x00905750
?Set_Int@RegistryClass@@QAEXPBDH@Z,0x009DC2F0
?Set_Line_Alpha@LineGroupClass@@QAEXM@Z,0x0098E8C0
?Set_Line_Color@LineGroupClass@@QAEXABVVector3@@@Z,0x0098EC00
?Set_Line_Mode@LineGroupClass@@QAEXW4LineModeType@1@@Z,0x0098E950,derived from ParticleBufferClass main ctor aligned call sites
?Set_Line_Size@LineGroupClass@@QAEXM@Z,0x0098E8A0
?Set_Line_UCoord@LineGroupClass@@QAEXM@Z,0x0098E8E0
?Set_Material@MeshMatDescClass@@QAEXHPAVVertexMaterialClass@@H@Z,0x0002F8E2,pinharvest x1 (thunk)
?Set_Material@MeshMatDescClass@@QAEXHPAVVertexMaterialClass@@H@Z,0x00928F50,pinharvest x1 (body)
?Set_Material@MeshMatDescClass@@QAEXHPAVVertexMaterialClass@@H@Z,0x009298C0,pinharvest x1 (body)
?Set_Material@MeshMatDescClass@@QAEXHPAVVertexMaterialClass@@H@Z,0x00929900,pinharvest x1 (body)
?Set_Material@MeshMatDescClass@@QAEXHPAVVertexMaterialClass@@H@Z,0x0092A4D0,pinharvest x1 (body)
?Set_Material@MeshMatDescClass@@QAEXHPAVVertexMaterialClass@@H@Z,0x0092C010,pinharvest x1 (body)
?Set_Name@GameFileClass@@UAEPBDPBD@Z,0x00006F05
?Set_Name@MeshGeometryClass@@QAEXPBD@Z,0x00924C30,site-decoded x1 (body)
?Set_Name@MeshGeometryClass@@QAEXPBD@Z,0x00924C40,site-decoded x1 (body)
?Set_Name@MeshGeometryClass@@QAEXPBD@Z,0x00924D00,site-decoded x1 (body)
?Set_Point_Alpha@PointGroupClass@@QAEXM@Z,0x00912020,derived from Render_Particles call sites
?Set_Point_Color@PointGroupClass@@QAEXVVector3@@@Z,0x009127B0,derived from Render_Particles call sites
?Set_Point_Frame@PointGroupClass@@QAEXE@Z,0x00912060,derived from Render_Particles call sites
?Set_Point_Mode@PointGroupClass@@QAEXW4PointModeEnum@1@@Z,0x00912080,derived from ParticleBufferClass main ctor aligned call sites
?Set_Point_Orientation@PointGroupClass@@QAEXE@Z,0x00912040,derived from Render_Particles call sites
?Set_Point_Size@PointGroupClass@@QAEXM@Z,0x00912000,derived from Render_Particles call sites
?Set_Position@RenderObjClass@@UAEXABVVector3@@@Z,0x00920220
?Set_Position@RenderObjClass@@UAEXABVVector3@@@Z,0x00982110,pinharvest x1 (body)
?Set_Position@RenderObjClass@@UAEXABVVector3@@@Z,0x00982130,pinharvest x1 (body)
?Set_Position@RenderObjClass@@UAEXABVVector3@@@Z,0x00982330,pinharvest x1 (body)
?Set_Render_Device@DX8Wrapper@@KA_NHHHHH_N00@Z,0x0090B020,pinharvest x5 (body)
?Set_Render_Device@DX8Wrapper@@KA_NPBDHHHH_N@Z,0x0090B850,pinharvest x3 (body)
?Set_Shader@LineGroupClass@@QAEXABVShaderClass@@@Z,0x0098E940,derived from ParticleBufferClass main ctor aligned call sites
?Set_Shader@PointGroupClass@@QAEXVShaderClass@@@Z,0x009120E0,derived from ParticleBufferClass main ctor aligned call sites
?Set_Single_Texture@MeshMatDescClass@@QAEXPAVTextureClass@@HH@Z,0x0002F8E2,pinharvest x2 (thunk)
?Set_Single_Texture@MeshMatDescClass@@QAEXPAVTextureClass@@HH@Z,0x00928F50,pinharvest x2 (body)
?Set_Single_Texture@MeshMatDescClass@@QAEXPAVTextureClass@@HH@Z,0x009298C0,pinharvest x2 (body)
?Set_Single_Texture@MeshMatDescClass@@QAEXPAVTextureClass@@HH@Z,0x00929900,pinharvest x2 (body)
?Set_Single_Texture@MeshMatDescClass@@QAEXPAVTextureClass@@HH@Z,0x0092A4D0,pinharvest x2 (body)
?Set_Single_Texture@MeshMatDescClass@@QAEXPAVTextureClass@@HH@Z,0x0092C010,pinharvest x2 (body)
?Set_String@RegistryClass@@QAEXPBD0@Z,0x009DC550,pinharvest x1 (body)
?Set_Tail_Diffuse@LineGroupClass@@QAEXABVVector4@@@Z,0x0098EC40
?Set_Texture@LineGroupClass@@QAEXPAVTextureClass@@@Z,0x0098EC80
?Set_Texture@MeshMatDescClass@@QAEXHPAVTextureClass@@HH@Z,0x0002F8E2,pinharvest x1 (thunk)
?Set_Texture@MeshMatDescClass@@QAEXHPAVTextureClass@@HH@Z,0x00928F50,pinharvest x1 (body)
?Set_Texture@MeshMatDescClass@@QAEXHPAVTextureClass@@HH@Z,0x009298C0,pinharvest x1 (body)
?Set_Texture@MeshMatDescClass@@QAEXHPAVTextureClass@@HH@Z,0x00929900,pinharvest x1 (body)
?Set_Texture@MeshMatDescClass@@QAEXHPAVTextureClass@@HH@Z,0x0092A4D0,pinharvest x1 (body)
?Set_Texture@MeshMatDescClass@@QAEXHPAVTextureClass@@HH@Z,0x0092C010,pinharvest x1 (body)
?Set_Texture@PointGroupClass@@QAEXPAVTextureClass@@@Z,0x009127F0
?Set_Texture@SegLineRendererClass@@QAEXPAVTextureClass@@@Z,0x00960050
?Set_Transform@RenderObjClass@@UAEXABVMatrix3D@@@Z,0x009201A0
?Set_Transform@RenderObjClass@@UAEXABVMatrix3D@@@Z,0x00982110,pinharvest x1 (body)
?Set_Transform@RenderObjClass@@UAEXABVMatrix3D@@@Z,0x00982130,pinharvest x1 (body)
?Set_Transform@RenderObjClass@@UAEXABVMatrix3D@@@Z,0x00982330,pinharvest x1 (body)
?ShowControlBar@@YAXH@Z,0x00024848,ShowControlBar int
?ShowControlBar@@YAX_N@Z,0x00024848,ILT/body ShowControlBar for letterbox
?ShowUnderlyingGUIElements@@YAX_NPBD1PAPBD2@Z,0x00047D52,pinharvest x2 (thunk)
?SignalUIInteraction@@YAXH@Z,0x000348DD
?Simple_Evaluate_Pivot@HTreeClass@@QBE_NHABVMatrix3D@@PAV2@@Z,0x009539C0,rel32 pin for layout-fixed landing
?Simple_Evaluate_Pivot@HTreeClass@@QBE_NPAVHAnimClass@@HMABVMatrix3D@@PAV3@@Z,0x00953620,rel32 pin for layout-fixed landing
?Single_Anim_Progress@Animatable3DObjClass@@IAEXXZ,0x00982870,called by Animatable3DObjClass::Render
?Start@ParticleEmitterClass@@QAEXXZ,0x0097F090
?Start_Movie_Capture@WW3D@@SAXPBDM@Z,0x009E7FD0,pinharvest x1 (body)
?String@CRC@@SAKPBDK@Z,0x009E7FD0
?TEST_KINDOFMASK_ANY@@YA_NABV?$BitFlags@$0HE@@@0@Z,0x000497D3,REL32 pin for retail ThingTemplate kindof test
?TheAIUpdateInterfacePool@?1??getClassMemoryPool@AIUpdateInterface@@CAPAVMemoryPool@@XZ@4PAV3@A,0x00EEFE30,pool-glue cascade static (back-solved)
?TheActiveBodyPool@?1??getClassMemoryPool@ActiveBody@@CAPAVMemoryPool@@XZ@4PAV3@A,0x00EEF928,pool-glue cascade static (back-solved)
?TheAnimatedParticleSysBoneClientUpdatePool@?1??getClassMemoryPool@AnimatedParticleSysBoneClientUpdate@@CAPAVMemoryPool@@XZ@4PAV3@A,0x00EF7018,pool-glue cascade static (back-solved)
?TheArchiveFileSystem@@3PAVArchiveFileSystem@@A,0x0134CC50,the second global in FileSystem::openFile: 0x0134D060 is called through vtable slot 2 and this one through slot 5 so they are different interfaces, and ZH openFile uses exactly TheLocalFileSystem and TheArchiveFileSystem
?TheArmorUpgradePool@?1??getClassMemoryPool@ArmorUpgrade@@CAPAVMemoryPool@@XZ@4PAV3@A,0x00EF0514,pool-glue cascade static (back-solved)
?TheAssaultTransportAIUpdatePool@?1??getClassMemoryPool@AssaultTransportAIUpdate@@CAPAVMemoryPool@@XZ@4PAV3@A,0x00EF0244,pool-glue cascade static (back-solved)
?TheAssistedTargetingUpdatePool@?1??getClassMemoryPool@AssistedTargetingUpdate@@CAPAVMemoryPool@@XZ@4PAV3@A,0x00EEFE38,pool-glue cascade static (back-solved)
?TheAutoDepositUpdatePool@?1??getClassMemoryPool@AutoDepositUpdate@@CAPAVMemoryPool@@XZ@4PAV3@A,0x00EEFE50,pool-glue cascade static (back-solved)
?TheAutoFindHealingUpdatePool@?1??getClassMemoryPool@AutoFindHealingUpdate@@CAPAVMemoryPool@@XZ@4PAV3@A,0x00EEFE58,pool-glue cascade static (back-solved)
?TheAutoHealBehaviorPool@?1??getClassMemoryPool@AutoHealBehavior@@CAPAVMemoryPool@@XZ@4PAV3@A,0x00EEF764,pool-glue cascade static (back-solved)
?TheBattlePlanUpdatePool@?1??getClassMemoryPool@BattlePlanUpdate@@CAPAVMemoryPool@@XZ@4PAV3@A,0x00EEFEA4,pool-glue cascade static (back-solved)
?TheBridgeBehaviorPool@?1??getClassMemoryPool@BridgeBehavior@@CAPAVMemoryPool@@XZ@4PAV3@A,0x00EEF774,pool-glue cascade static (back-solved)
?TheBridgeTowerBehaviorPool@?1??getClassMemoryPool@BridgeTowerBehavior@@CAPAVMemoryPool@@XZ@4PAV3@A,0x00EEF784,pool-glue cascade static (back-solved)
?TheCashHackSpecialPowerPool@?1??getClassMemoryPool@CashHackSpecialPower@@CAPAVMemoryPool@@XZ@4PAV3@A,0x00EEFC54,pool-glue cascade static (back-solved)
?TheCaveContainPool@?1??getClassMemoryPool@CaveContain@@CAPAVMemoryPool@@XZ@4PAV3@A,0x00EEFA38,pool-glue cascade static (back-solved)
?TheCommandButtonHuntUpdatePool@?1??getClassMemoryPool@CommandButtonHuntUpdate@@CAPAVMemoryPool@@XZ@4PAV3@A,0x00EEFEE0,pool-glue cascade static (back-solved)
?TheCommandSetUpgradePool@?1??getClassMemoryPool@CommandSetUpgrade@@CAPAVMemoryPool@@XZ@4PAV3@A,0x00EF0548,pool-glue cascade static (back-solved)
?TheCostModifierUpgradePool@?1??getClassMemoryPool@CostModifierUpgrade@@CAPAVMemoryPool@@XZ@4PAV3@A,0x00EF0550,pool-glue cascade static (back-solved)
?TheCreateCrateDiePool@?1??getClassMemoryPool@CreateCrateDie@@CAPAVMemoryPool@@XZ@4PAV3@A,0x00EEFBF4,pool-glue cascade static (back-solved)
?TheCreateObjectDiePool@?1??getClassMemoryPool@CreateObjectDie@@CAPAVMemoryPool@@XZ@4PAV3@A,0x00EEFBFC,pool-glue cascade static (back-solved)
?TheCrushDiePool@?1??getClassMemoryPool@CrushDie@@CAPAVMemoryPool@@XZ@4PAV3@A,0x00EEFC04,pool-glue cascade static (back-solved)
?TheDefaultProductionExitUpdatePool@?1??getClassMemoryPool@DefaultProductionExitUpdate@@CAPAVMemoryPool@@XZ@4PAV3@A,0x00EF04F4,pool-glue cascade static (back-solved)
?TheDefectorSpecialPowerPool@?1??getClassMemoryPool@DefectorSpecialPower@@CAPAVMemoryPool@@XZ@4PAV3@A,0x00EEFC74,pool-glue cascade static (back-solved)
?TheDeletionUpdatePool@?1??getClassMemoryPool@DeletionUpdate@@CAPAVMemoryPool@@XZ@4PAV3@A,0x00EEFF00,pool-glue cascade static (back-solved)
?TheDemoTrapUpdatePool@?1??getClassMemoryPool@DemoTrapUpdate@@CAPAVMemoryPool@@XZ@4PAV3@A,0x00EEFF08,pool-glue cascade static (back-solved)
?TheDeployStyleAIUpdatePool@?1??getClassMemoryPool@DeployStyleAIUpdate@@CAPAVMemoryPool@@XZ@4PAV3@A,0x00EF024C,pool-glue cascade static (back-solved)
?TheDestroyDiePool@?1??getClassMemoryPool@DestroyDie@@CAPAVMemoryPool@@XZ@4PAV3@A,0x00EEFC0C,pool-glue cascade static (back-solved)
?TheDisplay@@3PAVDisplay@@A,0x012F1270,Display* global
?TheDozerAIUpdatePool@?1??getClassMemoryPool@DozerAIUpdate@@CAPAVMemoryPool@@XZ@4PAV3@A,0x00EF0254,pool-glue cascade static (back-solved)
?TheDynamicShroudClearingRangeUpdatePool@?1??getClassMemoryPool@DynamicShroudClearingRangeUpdate@@CAPAVMemoryPool@@XZ@4PAV3@A,0x00EEFF20,pool-glue cascade static (back-solved)
?TheExperienceScalarUpgradePool@?1??getClassMemoryPool@ExperienceScalarUpgrade@@CAPAVMemoryPool@@XZ@4PAV3@A,0x00EF0560,pool-glue cascade static (back-solved)
?TheFXListDiePool@?1??getClassMemoryPool@FXListDie@@CAPAVMemoryPool@@XZ@4PAV3@A,0x00EEFC14,pool-glue cascade static (back-solved)
?TheFireSpreadUpdatePool@?1??getClassMemoryPool@FireSpreadUpdate@@CAPAVMemoryPool@@XZ@4PAV3@A,0x00EEFF48,pool-glue cascade static (back-solved)
?TheFireWeaponCollidePool@?1??getClassMemoryPool@FireWeaponCollide@@CAPAVMemoryPool@@XZ@4PAV3@A,0x00EEF9C8,pool-glue cascade static (back-solved)
?TheFireWeaponUpdatePool@?1??getClassMemoryPool@FireWeaponUpdate@@CAPAVMemoryPool@@XZ@4PAV3@A,0x00EEFF58,pool-glue cascade static (back-solved)
?TheFireWeaponWhenDamagedBehaviorPool@?1??getClassMemoryPool@FireWeaponWhenDamagedBehavior@@CAPAVMemoryPool@@XZ@4PAV3@A,0x00EEF7C4,pool-glue cascade static (back-solved)
?TheFireWeaponWhenDeadBehaviorPool@?1??getClassMemoryPool@FireWeaponWhenDeadBehavior@@CAPAVMemoryPool@@XZ@4PAV3@A,0x00EEF7CC,pool-glue cascade static (back-solved)
?TheFlammableUpdatePool@?1??getClassMemoryPool@FlammableUpdate@@CAPAVMemoryPool@@XZ@4PAV3@A,0x00EEFF60,pool-glue cascade static (back-solved)
?TheFloatUpdatePool@?1??getClassMemoryPool@FloatUpdate@@CAPAVMemoryPool@@XZ@4PAV3@A,0x00EEFF80,pool-glue cascade static (back-solved)
?TheGameEngine@@3PAVGameEngine@@A,0x012ED524,BFME TheGameEngine*; DataChunk Sleep(0)+serviceWindowsOS yield sites
?TheGameLODManager@@3PAVGameLODManager@@A,0x012ED5AC,GameLODManager* global
?TheGarrisonContainPool@?1??getClassMemoryPool@GarrisonContain@@CAPAVMemoryPool@@XZ@4PAV3@A,0x00EEFA50,pool-glue cascade static (back-solved)
?TheGrantUpgradeCreatePool@?1??getClassMemoryPool@GrantUpgradeCreate@@CAPAVMemoryPool@@XZ@4PAV3@A,0x00EEFB8C,pool-glue cascade static (back-solved)
?TheHealContainPool@?1??getClassMemoryPool@HealContain@@CAPAVMemoryPool@@XZ@4PAV3@A,0x00EEFA58,pool-glue cascade static (back-solved)
?TheHealCrateCollidePool@?1??getClassMemoryPool@HealCrateCollide@@CAPAVMemoryPool@@XZ@4PAV3@A,0x00EEFA08,pool-glue cascade static (back-solved)
?TheHeightDieUpdatePool@?1??getClassMemoryPool@HeightDieUpdate@@CAPAVMemoryPool@@XZ@4PAV3@A,0x00EEFF88,pool-glue cascade static (back-solved)
?TheHighlanderBodyPool@?1??getClassMemoryPool@HighlanderBody@@CAPAVMemoryPool@@XZ@4PAV3@A,0x00EEF978,pool-glue cascade static (back-solved)
?TheHijackerUpdatePool@?1??getClassMemoryPool@HijackerUpdate@@CAPAVMemoryPool@@XZ@4PAV3@A,0x00EEFF90,pool-glue cascade static (back-solved)
?TheImmortalBodyPool@?1??getClassMemoryPool@ImmortalBody@@CAPAVMemoryPool@@XZ@4PAV3@A,0x00EEF980,pool-glue cascade static (back-solved)
?TheInactiveBodyPool@?1??getClassMemoryPool@InactiveBody@@CAPAVMemoryPool@@XZ@4PAV3@A,0x00EEF988,pool-glue cascade static (back-solved)
?TheInstantDeathBehaviorPool@?1??getClassMemoryPool@InstantDeathBehavior@@CAPAVMemoryPool@@XZ@4PAV3@A,0x00EEF814,pool-glue cascade static (back-solved)
?TheKeepObjectDiePool@?1??getClassMemoryPool@KeepObjectDie@@CAPAVMemoryPool@@XZ@4PAV3@A,0x00EEFC24,pool-glue cascade static (back-solved)
?TheLaserUpdatePool@?1??getClassMemoryPool@LaserUpdate@@CAPAVMemoryPool@@XZ@4PAV3@A,0x00EF7028,pool-glue cascade static (back-solved)
?TheLifetimeUpdatePool@?1??getClassMemoryPool@LifetimeUpdate@@CAPAVMemoryPool@@XZ@4PAV3@A,0x00EEFFB8,pool-glue cascade static (back-solved)
?TheLocalFileSystem@@3PAVLocalFileSystem@@A,0x0134D060,LocalFileSystem* global
?TheLockWeaponCreatePool@?1??getClassMemoryPool@LockWeaponCreate@@CAPAVMemoryPool@@XZ@4PAV3@A,0x00EEFB94,pool-glue cascade static (back-solved)
?TheLocomotorSetUpgradePool@?1??getClassMemoryPool@LocomotorSetUpgrade@@CAPAVMemoryPool@@XZ@4PAV3@A,0x00EF0580,pool-glue cascade static (back-solved)
?TheMaxHealthUpgradePool@?1??getClassMemoryPool@MaxHealthUpgrade@@CAPAVMemoryPool@@XZ@4PAV3@A,0x00EF0588,pool-glue cascade static (back-solved)
?TheMemoryPoolFactory@@3PAVMemoryPoolFactory@@A,0x00EED600,pool-glue cascade static (back-solved)
?TheModelConditionUpgradePool@?1??getClassMemoryPool@ModelConditionUpgrade@@CAPAVMemoryPool@@XZ@4PAV3@A,0x00EF0590,pool-glue cascade static (back-solved)
?TheMoneyCrateCollidePool@?1??getClassMemoryPool@MoneyCrateCollide@@CAPAVMemoryPool@@XZ@4PAV3@A,0x00EEFA10,pool-glue cascade static (back-solved)
?TheOCLSpecialPowerPool@?1??getClassMemoryPool@OCLSpecialPower@@CAPAVMemoryPool@@XZ@4PAV3@A,0x00EEFCE4,pool-glue cascade static (back-solved)
?TheObjectCreationUpgradePool@?1??getClassMemoryPool@ObjectCreationUpgrade@@CAPAVMemoryPool@@XZ@4PAV3@A,0x00EF0598,pool-glue cascade static (back-solved)
?TheOpenContainPool@?1??getClassMemoryPool@OpenContain@@CAPAVMemoryPool@@XZ@4PAV3@A,0x00EEFA60,pool-glue cascade static (back-solved)
?ThePoisonedBehaviorPool@?1??getClassMemoryPool@PoisonedBehavior@@CAPAVMemoryPool@@XZ@4PAV3@A,0x00EEF82C,pool-glue cascade static (back-solved)
?ThePreorderCreatePool@?1??getClassMemoryPool@PreorderCreate@@CAPAVMemoryPool@@XZ@4PAV3@A,0x00EEFB9C,pool-glue cascade static (back-solved)
?TheProductionUpdatePool@?1??getClassMemoryPool@ProductionUpdate@@CAPAVMemoryPool@@XZ@4PAV3@A,0x00EEFFF8,pool-glue cascade static (back-solved)
?TheProneUpdatePool@?1??getClassMemoryPool@ProneUpdate@@CAPAVMemoryPool@@XZ@4PAV3@A,0x00EF0010,pool-glue cascade static (back-solved)
?ThePropagandaTowerBehaviorPool@?1??getClassMemoryPool@PropagandaTowerBehavior@@CAPAVMemoryPool@@XZ@4PAV3@A,0x00EEF834,pool-glue cascade static (back-solved)
?TheQueueProductionExitUpdatePool@?1??getClassMemoryPool@QueueProductionExitUpdate@@CAPAVMemoryPool@@XZ@4PAV3@A,0x00EF04FC,pool-glue cascade static (back-solved)
?TheRadarUpdatePool@?1??getClassMemoryPool@RadarUpdate@@CAPAVMemoryPool@@XZ@4PAV3@A,0x00EF0018,pool-glue cascade static (back-solved)
?TheRadarUpgradePool@?1??getClassMemoryPool@RadarUpgrade@@CAPAVMemoryPool@@XZ@4PAV3@A,0x00EF05B8,pool-glue cascade static (back-solved)
?TheRadiusDecalUpdatePool@?1??getClassMemoryPool@RadiusDecalUpdate@@CAPAVMemoryPool@@XZ@4PAV3@A,0x00EF0020,pool-glue cascade static (back-solved)
?TheRailedTransportDockUpdatePool@?1??getClassMemoryPool@RailedTransportDockUpdate@@CAPAVMemoryPool@@XZ@4PAV3@A,0x00EF04D4,pool-glue cascade static (back-solved)
?TheRepairDockUpdatePool@?1??getClassMemoryPool@RepairDockUpdate@@CAPAVMemoryPool@@XZ@4PAV3@A,0x00EF04DC,pool-glue cascade static (back-solved)
?TheSalvageCrateCollidePool@?1??getClassMemoryPool@SalvageCrateCollide@@CAPAVMemoryPool@@XZ@4PAV3@A,0x00EEFA18,pool-glue cascade static (back-solved)
?TheShroudCrateCollidePool@?1??getClassMemoryPool@ShroudCrateCollide@@CAPAVMemoryPool@@XZ@4PAV3@A,0x00EEFA20,pool-glue cascade static (back-solved)
?TheSlavedUpdatePool@?1??getClassMemoryPool@SlavedUpdate@@CAPAVMemoryPool@@XZ@4PAV3@A,0x00EF0048,pool-glue cascade static (back-solved)
?TheSpawnBehaviorPool@?1??getClassMemoryPool@SpawnBehavior@@CAPAVMemoryPool@@XZ@4PAV3@A,0x00EEF900,pool-glue cascade static (back-solved)
?TheSpawnPointProductionExitUpdatePool@?1??getClassMemoryPool@SpawnPointProductionExitUpdate@@CAPAVMemoryPool@@XZ@4PAV3@A,0x00EF0504,pool-glue cascade static (back-solved)
?TheSpecialAbilityPool@?1??getClassMemoryPool@SpecialAbility@@CAPAVMemoryPool@@XZ@4PAV3@A,0x00EF0050,pool-glue cascade static (back-solved)
?TheSpecialPowerCompletionDiePool@?1??getClassMemoryPool@SpecialPowerCompletionDie@@CAPAVMemoryPool@@XZ@4PAV3@A,0x00EEFC34,pool-glue cascade static (back-solved)
?TheSpecialPowerCreatePool@?1??getClassMemoryPool@SpecialPowerCreate@@CAPAVMemoryPool@@XZ@4PAV3@A,0x00EEFBA4,pool-glue cascade static (back-solved)
?TheSquishCollidePool@?1??getClassMemoryPool@SquishCollide@@CAPAVMemoryPool@@XZ@4PAV3@A,0x00EEF9D8,pool-glue cascade static (back-solved)
?TheStatusBitsUpgradePool@?1??getClassMemoryPool@StatusBitsUpgrade@@CAPAVMemoryPool@@XZ@4PAV3@A,0x00EF05C0,pool-glue cascade static (back-solved)
?TheStealthDetectorUpdatePool@?1??getClassMemoryPool@StealthDetectorUpdate@@CAPAVMemoryPool@@XZ@4PAV3@A,0x00EF009C,pool-glue cascade static (back-solved)
?TheStealthUpdatePool@?1??getClassMemoryPool@StealthUpdate@@CAPAVMemoryPool@@XZ@4PAV3@A,0x00EF01C8,pool-glue cascade static (back-solved)
?TheStealthUpgradePool@?1??getClassMemoryPool@StealthUpgrade@@CAPAVMemoryPool@@XZ@4PAV3@A,0x00EF05C8,pool-glue cascade static (back-solved)
?TheStructureBodyPool@?1??getClassMemoryPool@StructureBody@@CAPAVMemoryPool@@XZ@4PAV3@A,0x00EEF9B0,pool-glue cascade static (back-solved)
?TheSubObjectsUpgradePool@?1??getClassMemoryPool@SubObjectsUpgrade@@CAPAVMemoryPool@@XZ@4PAV3@A,0x00EF05D0,pool-glue cascade static (back-solved)
?TheSupplyCenterCreatePool@?1??getClassMemoryPool@SupplyCenterCreate@@CAPAVMemoryPool@@XZ@4PAV3@A,0x00EEFBAC,pool-glue cascade static (back-solved)
?TheSupplyCenterDockUpdatePool@?1??getClassMemoryPool@SupplyCenterDockUpdate@@CAPAVMemoryPool@@XZ@4PAV3@A,0x00EF04E4,pool-glue cascade static (back-solved)
?TheSupplyCenterProductionExitUpdatePool@?1??getClassMemoryPool@SupplyCenterProductionExitUpdate@@CAPAVMemoryPool@@XZ@4PAV3@A,0x00EF050C,pool-glue cascade static (back-solved)
?TheSupplyTruckAIUpdatePool@?1??getClassMemoryPool@SupplyTruckAIUpdate@@CAPAVMemoryPool@@XZ@4PAV3@A,0x00EF0304,pool-glue cascade static (back-solved)
?TheSupplyWarehouseCreatePool@?1??getClassMemoryPool@SupplyWarehouseCreate@@CAPAVMemoryPool@@XZ@4PAV3@A,0x00EEFBB4,pool-glue cascade static (back-solved)
?TheSupplyWarehouseCripplingBehaviorPool@?1??getClassMemoryPool@SupplyWarehouseCripplingBehavior@@CAPAVMemoryPool@@XZ@4PAV3@A,0x00EEF918,pool-glue cascade static (back-solved)
?TheSupplyWarehouseDockUpdatePool@?1??getClassMemoryPool@SupplyWarehouseDockUpdate@@CAPAVMemoryPool@@XZ@4PAV3@A,0x00EF04EC,pool-glue cascade static (back-solved)
?TheTransitionDamageFXPool@?1??getClassMemoryPool@TransitionDamageFX@@CAPAVMemoryPool@@XZ@4PAV3@A,0x00EEFBEC,pool-glue cascade static (back-solved)
?TheTransportAIUpdatePool@?1??getClassMemoryPool@TransportAIUpdate@@CAPAVMemoryPool@@XZ@4PAV3@A,0x00EF0468,pool-glue cascade static (back-solved)
?TheTransportContainPool@?1??getClassMemoryPool@TransportContain@@CAPAVMemoryPool@@XZ@4PAV3@A,0x00EEFAA4,pool-glue cascade static (back-solved)
?TheTunnelContainPool@?1??getClassMemoryPool@TunnelContain@@CAPAVMemoryPool@@XZ@4PAV3@A,0x00EEFAAC,pool-glue cascade static (back-solved)
?TheUnitCrateCollidePool@?1??getClassMemoryPool@UnitCrateCollide@@CAPAVMemoryPool@@XZ@4PAV3@A,0x00EEFA28,pool-glue cascade static (back-solved)
?TheUnpauseSpecialPowerUpgradePool@?1??getClassMemoryPool@UnpauseSpecialPowerUpgrade@@CAPAVMemoryPool@@XZ@4PAV3@A,0x00EF05E0,pool-glue cascade static (back-solved)
?TheUpgradeDiePool@?1??getClassMemoryPool@UpgradeDie@@CAPAVMemoryPool@@XZ@4PAV3@A,0x00EEFC3C,pool-glue cascade static (back-solved)
?TheVeterancyCrateCollidePool@?1??getClassMemoryPool@VeterancyCrateCollide@@CAPAVMemoryPool@@XZ@4PAV3@A,0x00EEFA30,pool-glue cascade static (back-solved)
?TheVideoPlayer@@3PAVVideoPlayer@@A,0x0130B190,global TheVideoPlayer
?TheWanderAIUpdatePool@?1??getClassMemoryPool@WanderAIUpdate@@CAPAVMemoryPool@@XZ@4PAV3@A,0x00EF0470,pool-glue cascade static (back-solved)
?TheWeaponBonusUpgradePool@?1??getClassMemoryPool@WeaponBonusUpgrade@@CAPAVMemoryPool@@XZ@4PAV3@A,0x00EF05E8,pool-glue cascade static (back-solved)
?TheWeaponSetUpgradePool@?1??getClassMemoryPool@WeaponSetUpgrade@@CAPAVMemoryPool@@XZ@4PAV3@A,0x00EF05F0,pool-glue cascade static (back-solved)
?TheWorkerAIUpdatePool@?1??getClassMemoryPool@WorkerAIUpdate@@CAPAVMemoryPool@@XZ@4PAV3@A,0x00EF047C,pool-glue cascade static (back-solved)
?TheWritableGlobalData@@3PAVGlobalData@@A,0x012ED5C8,GlobalData* global
?Uninitialised_Grow@StringClass@@AAEXH@Z,0x009DBA70
?Update_Bounding_Box@ParticleBufferClass@@IAEXXZ,0x0098B460
?Update_Frustum@CameraClass@@IBEXXZ,0x00931DF0,CameraClass::Update_Frustum - REL32 callee for Project/Project_Camera_Space_Point
?Update_Min_Max@AABTreeClass@@AAEXHAAVVector3@@0@Z,0x0096AFC0
?Update_Non_New_Particles@ParticleBufferClass@@IAEXI@Z,0x00988060
?Update_Sub_Object_Transforms@RenderObjClass@@UAEXXZ,0x0091FB90,empty base implementation the Animatable3DObjClass override chains to
?Update_Visual_Particle_State@ParticleBufferClass@@IAEXXZ,0x00986FC0
?Write@ChunkSaveClass@@QAEKPBXK@Z,0x009E18A0
?WriteConditionDataChunk@Condition@@SAXAAVDataChunkOutput@@PAV1@@Z,0x0003DA91
?ZeroStuff@Cftp@@AAEXXZ,0x008853C0,retail Cftp constructor helper
?_Init_Filters@TextureFilterClass@@SAXW4TextureFilterMode@1@@Z,0x00920D10,pinharvest x2 (body)
?_Invalidate_Textures@WW3D@@SAXXZ,0x008FD790,pinharvest x2 (body)
?_M_acquire_lock@NodeAllocMutex@_STL@@QAEXXZ,0x0082DA10,node_alloc deallocate lock acquire; thunk to real acquire 0x0082C760
?_M_allocate@?$__node_alloc@$00$0A@@_STL@@CAPAXI@Z,0x00082E540,STLport _Node_alloc::_M_allocate called by list<Coord3D> copy ctor
?_M_bkt_num_key@?$hashtable@U?$pair@$$CBVAsciiString@@PAUAudioEventInfo@@@_STL@@VAsciiString@@U?$hash@VAsciiString@@@rts@@U?$_Select1st@U?$pair@$$CBVAsciiString@@PAUAudioEventInfo@@@_STL@@@2@U?$equal_to@VAsciiString@@@5@V?$allocator@U?$pair@$$CBVAsciiString@@PAUAudioEventInfo@@@_STL@@@2@@_STL@@ABEIABVAsciiString@@I@Z,0x000103F7,resweep callee back-solved
?_M_bkt_num_key@?$hashtable@U?$pair@$$CBVAsciiString@@PAVParticleSystemTemplate@@@_STL@@VAsciiString@@U?$hash@VAsciiString@@@rts@@U?$_Select1st@U?$pair@$$CBVAsciiString@@PAVParticleSystemTemplate@@@_STL@@@2@U?$equal_to@VAsciiString@@@5@V?$allocator@U?$pair@$$CBVAsciiString@@PAVParticleSystemTemplate@@@_STL@@@2@@_STL@@ABEIABVAsciiString@@I@Z,0x0001F843,rel32 pin for exact-ambiguous landing
?_M_bkt_num_key@?$hashtable@U?$pair@$$CBVAsciiString@@PBVCommandButton@@@_STL@@VAsciiString@@U?$hash@VAsciiString@@@rts@@U?$_Select1st@U?$pair@$$CBVAsciiString@@PBVCommandButton@@@_STL@@@2@U?$equal_to@VAsciiString@@@5@V?$allocator@U?$pair@$$CBVAsciiString@@PBVCommandButton@@@_STL@@@2@@_STL@@ABEIABVAsciiString@@I@Z,0x0000E8E0,pinharvest x1 (thunk)
?_M_bkt_num_key@?$hashtable@U?$pair@$$CBVAsciiString@@PBVCommandButton@@@_STL@@VAsciiString@@U?$hash@VAsciiString@@@rts@@U?$_Select1st@U?$pair@$$CBVAsciiString@@PBVCommandButton@@@_STL@@@2@U?$equal_to@VAsciiString@@@5@V?$allocator@U?$pair@$$CBVAsciiString@@PBVCommandButton@@@_STL@@@2@@_STL@@ABEIABVAsciiString@@I@Z,0x000160DB,pinharvest x1 (thunk)
?_M_bkt_num_key@?$hashtable@U?$pair@$$CBVAsciiString@@PBVCommandButton@@@_STL@@VAsciiString@@U?$hash@VAsciiString@@@rts@@U?$_Select1st@U?$pair@$$CBVAsciiString@@PBVCommandButton@@@_STL@@@2@U?$equal_to@VAsciiString@@@5@V?$allocator@U?$pair@$$CBVAsciiString@@PBVCommandButton@@@_STL@@@2@@_STL@@ABEIABVAsciiString@@I@Z,0x0001E4E3,pinharvest x1 (thunk)
?_M_bkt_num_key@?$hashtable@U?$pair@$$CBVAsciiString@@PBVCommandButton@@@_STL@@VAsciiString@@U?$hash@VAsciiString@@@rts@@U?$_Select1st@U?$pair@$$CBVAsciiString@@PBVCommandButton@@@_STL@@@2@U?$equal_to@VAsciiString@@@5@V?$allocator@U?$pair@$$CBVAsciiString@@PBVCommandButton@@@_STL@@@2@@_STL@@ABEIABVAsciiString@@I@Z,0x0001ECD6,pinharvest x1 (thunk)
?_M_bkt_num_key@?$hashtable@U?$pair@$$CBVAsciiString@@PBVCommandButton@@@_STL@@VAsciiString@@U?$hash@VAsciiString@@@rts@@U?$_Select1st@U?$pair@$$CBVAsciiString@@PBVCommandButton@@@_STL@@@2@U?$equal_to@VAsciiString@@@5@V?$allocator@U?$pair@$$CBVAsciiString@@PBVCommandButton@@@_STL@@@2@@_STL@@ABEIABVAsciiString@@I@Z,0x00044ADF,pinharvest x1 (thunk)
?_M_bkt_num_key@?$hashtable@U?$pair@$$CBVAsciiString@@PBVCommandButton@@@_STL@@VAsciiString@@U?$hash@VAsciiString@@@rts@@U?$_Select1st@U?$pair@$$CBVAsciiString@@PBVCommandButton@@@_STL@@@2@U?$equal_to@VAsciiString@@@5@V?$allocator@U?$pair@$$CBVAsciiString@@PBVCommandButton@@@_STL@@@2@@_STL@@ABEIABVAsciiString@@I@Z,0x00047B45,pinharvest x1 (thunk)
?_M_bkt_num_key@?$hashtable@U?$pair@$$CBVAsciiString@@W4BuildableStatus@@@_STL@@VAsciiString@@U?$hash@VAsciiString@@@rts@@U?$_Select1st@U?$pair@$$CBVAsciiString@@W4BuildableStatus@@@_STL@@@2@U?$equal_to@VAsciiString@@@5@V?$allocator@U?$pair@$$CBVAsciiString@@W4BuildableStatus@@@_STL@@@2@@_STL@@ABEIABVAsciiString@@I@Z,0x0004004D,rel32 pin for exact-ambiguous landing
?_M_clear@?$vector@UHideShowSubObjInfo@ModelConditionInfo@@V?$allocator@UHideShowSubObjInfo@ModelConditionInfo@@@_STL@@@_STL@@IAEXXZ,0x00015168,ILT thunk used by call site
?_M_clear@?$vector@UNugget@ModuleInfo@@V?$allocator@UNugget@ModuleInfo@@@_STL@@@_STL@@IAEXXZ,0x000481E9,resweep callee back-solved
?_M_clear@?$vector@UParticleSysBoneInfo@@V?$allocator@UParticleSysBoneInfo@@@_STL@@@_STL@@IAEXXZ,0x0000903E,pinharvest x1 (thunk)
?_M_clear@?$vector@UParticleSysBoneInfo@@V?$allocator@UParticleSysBoneInfo@@@_STL@@@_STL@@IAEXXZ,0x00010230,pinharvest x1 (thunk)
?_M_clear@?$vector@UParticleSysBoneInfo@@V?$allocator@UParticleSysBoneInfo@@@_STL@@@_STL@@IAEXXZ,0x00015168,pinharvest x1 (thunk)
?_M_clear@?$vector@UPrereqUnitRec@ProductionPrerequisite@@V?$allocator@UPrereqUnitRec@ProductionPrerequisite@@@_STL@@@_STL@@IAEXXZ,0x0001BEFA,resweep callee back-solved
?_M_clear@?$vector@VProductionPrerequisite@@V?$allocator@VProductionPrerequisite@@@_STL@@@_STL@@IAEXXZ,0x0001FE92
?_M_clear@?$vector@VW3DAnimationInfo@@V?$allocator@VW3DAnimationInfo@@@_STL@@@_STL@@IAEXXZ,0x00008837,ILT thunk used by call site
?_M_copy@?$_Rb_tree@GU?$pair@$$CBGE@_STL@@U?$_Select1st@U?$pair@$$CBGE@_STL@@@2@U?$less@G@2@V?$allocator@U?$pair@$$CBGE@_STL@@@2@@_STL@@AAEPAU?$_Rb_tree_node@U?$pair@$$CBGE@_STL@@@2@PAU32@0@Z,0x0002F095,resweep callee back-solved
?_M_copy@?$_Rb_tree@HU?$pair@$$CBHI@_STL@@U?$_Select1st@U?$pair@$$CBHI@_STL@@@2@U?$less@H@2@V?$allocator@U?$pair@$$CBHI@_STL@@@2@@_STL@@AAEPAU?$_Rb_tree_node@U?$pair@$$CBHI@_STL@@@2@PAU32@0@Z,0x00042BB3,ILT thunk; real body 0x4AAC70
?_M_copy@?$_Rb_tree@VAsciiString@@U?$pair@$$CBVAsciiString@@UCoord3D@@@_STL@@U?$_Select1st@U?$pair@$$CBVAsciiString@@UCoord3D@@@_STL@@@3@U?$less@VAsciiString@@@3@V?$allocator@U?$pair@$$CBVAsciiString@@UCoord3D@@@_STL@@@3@@_STL@@AAEPAU?$_Rb_tree_node@U?$pair@$$CBVAsciiString@@UCoord3D@@@_STL@@@2@PAU32@0@Z,0x0002E15E
?_M_copy@?$_Rb_tree@VAsciiString@@V1@U?$_Identity@VAsciiString@@@_STL@@U?$less@VAsciiString@@@3@V?$allocator@VAsciiString@@@3@@_STL@@AAEPAU?$_Rb_tree_node@VAsciiString@@@2@PAU32@0@Z,0x0000D39B
?_M_copy@?$_Rb_tree@W4NameKeyType@@U?$pair@$$CBW4NameKeyType@@M@_STL@@U?$_Select1st@U?$pair@$$CBW4NameKeyType@@M@_STL@@@3@U?$less@W4NameKeyType@@@3@V?$allocator@U?$pair@$$CBW4NameKeyType@@M@_STL@@@3@@_STL@@AAEPAU?$_Rb_tree_node@U?$pair@$$CBW4NameKeyType@@M@_STL@@@2@PAU32@0@Z,0x0002BD3C,rel32 pin for exact-ambiguous landing
?_M_copy@?$_Rb_tree@W4NameKeyType@@U?$pair@$$CBW4NameKeyType@@UPristineBoneInfo@@@_STL@@U?$_Select1st@U?$pair@$$CBW4NameKeyType@@UPristineBoneInfo@@@_STL@@@3@U?$less@W4NameKeyType@@@3@V?$allocator@U?$pair@$$CBW4NameKeyType@@UPristineBoneInfo@@@_STL@@@3@@_STL@@AAEPAU?$_Rb_tree_node@U?$pair@$$CBW4NameKeyType@@UPristineBoneInfo@@@_STL@@@2@PAU32@0@Z,0x0002F095
?_M_create_node@?$list@PAVAnimateWindow@@V?$allocator@PAVAnimateWindow@@@_STL@@@_STL@@IAEPAU?$_List_node@PAVAnimateWindow@@@2@ABQAVAnimateWindow@@@Z,0x00022D36,ILT thunk; retail call sites use the thunk
?_M_deallocate@?$__node_alloc@$00$0A@@_STL@@CAXPAXI@Z,0x0082E5F0
?_M_decrement@?$_Rb_global@_N@_STL@@SAPAU_Rb_tree_node_base@2@PAU32@@Z,0x0082B8E0
?_M_destroy_nodes@?$_Deque_base@VGameResultsResponse@@V?$allocator@VGameResultsResponse@@@_STL@@@_STL@@IAEXPAPAVGameResultsResponse@@0@Z,0x0003689F
?_M_erase@?$_Rb_tree@GU?$pair@$$CBGE@_STL@@U?$_Select1st@U?$pair@$$CBGE@_STL@@@2@U?$less@G@2@V?$allocator@U?$pair@$$CBGE@_STL@@@2@@_STL@@AAEXPAU?$_Rb_tree_node@U?$pair@$$CBGE@_STL@@@2@@Z,0x00042FDC,resweep callee back-solved
?_M_erase@?$_Rb_tree@HU?$pair@$$CBHI@_STL@@U?$_Select1st@U?$pair@$$CBHI@_STL@@@2@U?$less@H@2@V?$allocator@U?$pair@$$CBHI@_STL@@@2@@_STL@@AAEXPAU?$_Rb_tree_node@U?$pair@$$CBHI@_STL@@@2@@Z,0x0004887E,ILT thunk; real body 0x4AA7B0
?_M_erase@?$_Rb_tree@JU?$pair@$$CBJVLadderPref@@@_STL@@U?$_Select1st@U?$pair@$$CBJVLadderPref@@@_STL@@@2@U?$less@J@2@V?$allocator@U?$pair@$$CBJVLadderPref@@@_STL@@@2@@_STL@@AAEXPAU?$_Rb_tree_node@U?$pair@$$CBJVLadderPref@@@_STL@@@2@@Z,0x00033000,retail ILT target of LadderPref tree destructor thunk 0x000192CC
?_M_erase@?$_Rb_tree@V?$basic_string@DV?$char_traits@D@_STL@@V?$allocator@D@2@@_STL@@U?$pair@$$CBV?$basic_string@DV?$char_traits@D@_STL@@V?$allocator@D@2@@_STL@@H@2@U?$_Select1st@U?$pair@$$CBV?$basic_string@DV?$char_traits@D@_STL@@V?$allocator@D@2@@_STL@@H@_STL@@@2@U?$less@V?$basic_string@DV?$char_traits@D@_STL@@V?$allocator@D@2@@_STL@@@2@V?$allocator@U?$pair@$$CBV?$basic_string@DV?$char_traits@D@_STL@@V?$allocator@D@2@@_STL@@H@_STL@@@2@@_STL@@AAEXPAU?$_Rb_tree_node@U?$pair@$$CBV?$basic_string@DV?$char_traits@D@_STL@@V?$allocator@D@2@@_STL@@H@_STL@@@2@@Z,0x0003120F
?_M_erase@?$_Rb_tree@VAsciiString@@U?$pair@$$CBVAsciiString@@PBVFXList@@@_STL@@U?$_Select1st@U?$pair@$$CBVAsciiString@@PBVFXList@@@_STL@@@3@U?$less@VAsciiString@@@3@V?$allocator@U?$pair@$$CBVAsciiString@@PBVFXList@@@_STL@@@3@@_STL@@AAEXPAU?$_Rb_tree_node@U?$pair@$$CBVAsciiString@@PBVFXList@@@_STL@@@2@@Z,0x0000D4E0,pinharvest x1 (thunk)
?_M_erase@?$_Rb_tree@VAsciiString@@U?$pair@$$CBVAsciiString@@PBVFXList@@@_STL@@U?$_Select1st@U?$pair@$$CBVAsciiString@@PBVFXList@@@_STL@@@3@U?$less@VAsciiString@@@3@V?$allocator@U?$pair@$$CBVAsciiString@@PBVFXList@@@_STL@@@3@@_STL@@AAEXPAU?$_Rb_tree_node@U?$pair@$$CBVAsciiString@@PBVFXList@@@_STL@@@2@@Z,0x0000E363,pinharvest x1 (thunk)
?_M_erase@?$_Rb_tree@VAsciiString@@U?$pair@$$CBVAsciiString@@V1@@_STL@@U?$_Select1st@U?$pair@$$CBVAsciiString@@V1@@_STL@@@3@U?$less@VAsciiString@@@3@V?$allocator@U?$pair@$$CBVAsciiString@@V1@@_STL@@@3@@_STL@@AAEXPAU?$_Rb_tree_node@U?$pair@$$CBVAsciiString@@V1@@_STL@@@2@@Z,0x0001D999
?_M_erase@?$_Rb_tree@VAsciiString@@U?$pair@$$CBVAsciiString@@VArchivedDirectoryInfo@@@_STL@@U?$_Select1st@U?$pair@$$CBVAsciiString@@VArchivedDirectoryInfo@@@_STL@@@3@U?$less@VAsciiString@@@3@V?$allocator@U?$pair@$$CBVAsciiString@@VArchivedDirectoryInfo@@@_STL@@@3@@_STL@@AAEXPAU?$_Rb_tree_node@U?$pair@$$CBVAsciiString@@VArchivedDirectoryInfo@@@_STL@@@2@@Z,0x009CAAD0,recursive red-black-tree node eraser -- it calls itself at 0x009CAAE6; structural rather than positional but still unconfirmed by a match
?_M_erase@?$_Rb_tree@VAsciiString@@U?$pair@$$CBVAsciiString@@VAudioEventRTS@@@_STL@@U?$_Select1st@U?$pair@$$CBVAsciiString@@VAudioEventRTS@@@_STL@@@3@U?$less@VAsciiString@@@3@V?$allocator@U?$pair@$$CBVAsciiString@@VAudioEventRTS@@@_STL@@@3@@_STL@@AAEXPAU?$_Rb_tree_node@U?$pair@$$CBVAsciiString@@VAudioEventRTS@@@_STL@@@2@@Z,0x0000D4E0,pinharvest x1 (thunk)
?_M_erase@?$_Rb_tree@VAsciiString@@U?$pair@$$CBVAsciiString@@VAudioEventRTS@@@_STL@@U?$_Select1st@U?$pair@$$CBVAsciiString@@VAudioEventRTS@@@_STL@@@3@U?$less@VAsciiString@@@3@V?$allocator@U?$pair@$$CBVAsciiString@@VAudioEventRTS@@@_STL@@@3@@_STL@@AAEXPAU?$_Rb_tree_node@U?$pair@$$CBVAsciiString@@VAudioEventRTS@@@_STL@@@2@@Z,0x0000E363,pinharvest x1 (thunk)
?_M_erase@?$_Rb_tree@VAsciiString@@U?$pair@$$CBVAsciiString@@VHotKey@@@_STL@@U?$_Select1st@U?$pair@$$CBVAsciiString@@VHotKey@@@_STL@@@3@U?$less@VAsciiString@@@3@V?$allocator@U?$pair@$$CBVAsciiString@@VHotKey@@@_STL@@@3@@_STL@@AAEXPAU?$_Rb_tree_node@U?$pair@$$CBVAsciiString@@VHotKey@@@_STL@@@2@@Z,0x00020E37
?_M_erase@?$_Rb_tree@VAsciiString@@U?$pair@$$CBVAsciiString@@VPlayerInfo@@@_STL@@U?$_Select1st@U?$pair@$$CBVAsciiString@@VPlayerInfo@@@_STL@@@3@UAsciiComparator@@V?$allocator@U?$pair@$$CBVAsciiString@@VPlayerInfo@@@_STL@@@3@@_STL@@AAEXPAU?$_Rb_tree_node@U?$pair@$$CBVAsciiString@@VPlayerInfo@@@_STL@@@2@@Z,0x00035F12
?_M_erase@?$_Rb_tree@VAsciiString@@V1@U?$_Identity@VAsciiString@@@_STL@@U?$less@VAsciiString@@@3@V?$allocator@VAsciiString@@@3@@_STL@@AAEXPAU?$_Rb_tree_node@VAsciiString@@@2@@Z,0x0002900F,STLport internal callee harvested from retail rel32; resolves repointed STL template thunk-dump
?_M_erase@?$_Rb_tree@VUnicodeString@@U?$pair@$$CBVUnicodeString@@_N@_STL@@U?$_Select1st@U?$pair@$$CBVUnicodeString@@_N@_STL@@@3@UUnicodeStringLessThan@@V?$allocator@U?$pair@$$CBVUnicodeString@@_N@_STL@@@3@@_STL@@AAEXPAU?$_Rb_tree_node@U?$pair@$$CBVUnicodeString@@_N@_STL@@@2@@Z,0x00008B34
?_M_erase@?$_Rb_tree@W4NameKeyType@@U?$pair@$$CBW4NameKeyType@@M@_STL@@U?$_Select1st@U?$pair@$$CBW4NameKeyType@@M@_STL@@@3@U?$less@W4NameKeyType@@@3@V?$allocator@U?$pair@$$CBW4NameKeyType@@M@_STL@@@3@@_STL@@AAEXPAU?$_Rb_tree_node@U?$pair@$$CBW4NameKeyType@@M@_STL@@@2@@Z,0x00049E13,rel32 pin for exact-ambiguous landing
?_M_erase@?$_Rb_tree@W4NameKeyType@@U?$pair@$$CBW4NameKeyType@@PAVLocomotorTemplate@@@_STL@@U?$_Select1st@U?$pair@$$CBW4NameKeyType@@PAVLocomotorTemplate@@@_STL@@@3@U?$less@W4NameKeyType@@@3@V?$allocator@U?$pair@$$CBW4NameKeyType@@PAVLocomotorTemplate@@@_STL@@@3@@_STL@@AAEXPAU?$_Rb_tree_node@U?$pair@$$CBW4NameKeyType@@PAVLocomotorTemplate@@@_STL@@@2@@Z,0x0000E363,pinharvest x1 (thunk)
?_M_erase@?$_Rb_tree@W4NameKeyType@@U?$pair@$$CBW4NameKeyType@@PAVLocomotorTemplate@@@_STL@@U?$_Select1st@U?$pair@$$CBW4NameKeyType@@PAVLocomotorTemplate@@@_STL@@@3@U?$less@W4NameKeyType@@@3@V?$allocator@U?$pair@$$CBW4NameKeyType@@PAVLocomotorTemplate@@@_STL@@@3@@_STL@@AAEXPAU?$_Rb_tree_node@U?$pair@$$CBW4NameKeyType@@PAVLocomotorTemplate@@@_STL@@@2@@Z,0x0001D999,pinharvest x1 (thunk)
?_M_erase@?$_Rb_tree@W4NameKeyType@@U?$pair@$$CBW4NameKeyType@@PAVLocomotorTemplate@@@_STL@@U?$_Select1st@U?$pair@$$CBW4NameKeyType@@PAVLocomotorTemplate@@@_STL@@@3@U?$less@W4NameKeyType@@@3@V?$allocator@U?$pair@$$CBW4NameKeyType@@PAVLocomotorTemplate@@@_STL@@@3@@_STL@@AAEXPAU?$_Rb_tree_node@U?$pair@$$CBW4NameKeyType@@PAVLocomotorTemplate@@@_STL@@@2@@Z,0x0001D9C1,pinharvest x1 (thunk)
?_M_erase@?$_Rb_tree@W4NameKeyType@@U?$pair@$$CBW4NameKeyType@@VObjectCreationList@@@_STL@@U?$_Select1st@U?$pair@$$CBW4NameKeyType@@VObjectCreationList@@@_STL@@@3@U?$less@W4NameKeyType@@@3@V?$allocator@U?$pair@$$CBW4NameKeyType@@VObjectCreationList@@@_STL@@@3@@_STL@@AAEXPAU?$_Rb_tree_node@U?$pair@$$CBW4NameKeyType@@VObjectCreationList@@@_STL@@@2@@Z,0x0000E363,pinharvest x2 (thunk)
?_M_erase@?$_Rb_tree@W4NameKeyType@@U?$pair@$$CBW4NameKeyType@@VObjectCreationList@@@_STL@@U?$_Select1st@U?$pair@$$CBW4NameKeyType@@VObjectCreationList@@@_STL@@@3@U?$less@W4NameKeyType@@@3@V?$allocator@U?$pair@$$CBW4NameKeyType@@VObjectCreationList@@@_STL@@@3@@_STL@@AAEXPAU?$_Rb_tree_node@U?$pair@$$CBW4NameKeyType@@VObjectCreationList@@@_STL@@@2@@Z,0x0001D999,pinharvest x2 (thunk)
?_M_erase@?$_Rb_tree@W4NameKeyType@@U?$pair@$$CBW4NameKeyType@@VObjectCreationList@@@_STL@@U?$_Select1st@U?$pair@$$CBW4NameKeyType@@VObjectCreationList@@@_STL@@@3@U?$less@W4NameKeyType@@@3@V?$allocator@U?$pair@$$CBW4NameKeyType@@VObjectCreationList@@@_STL@@@3@@_STL@@AAEXPAU?$_Rb_tree_node@U?$pair@$$CBW4NameKeyType@@VObjectCreationList@@@_STL@@@2@@Z,0x0001D9C1,pinharvest x2 (thunk)
?_M_fill_insert@?$vector@_NV?$allocator@_N@_STL@@@_STL@@QAEXU?$_Bit_iter@U_Bit_reference@_STL@@PAU12@@2@I_N@Z,0x0000886E
?_M_increment@?$_Rb_global@_N@_STL@@SAPAU_Rb_tree_node_base@2@PAU32@@Z,0x0082B870
?_M_initialize@?$vector@_NV?$allocator@_N@_STL@@@_STL@@IAEXI@Z,0x0003B1A1
?_M_initialize_map@?$_Deque_base@PAVMapObject@@V?$allocator@PAVMapObject@@@_STL@@@_STL@@IAEXI@Z,0x008FA2B0,rel32 pin for exact-ambiguous landing
?_M_initialize_map@?$_Deque_base@PAVPartitionCell@@V?$allocator@PAVPartitionCell@@@_STL@@@_STL@@IAEXI@Z,0x008FA150,rel32 pin for exact-ambiguous landing
?_M_initialize_map@?$_Deque_base@PAVSightingInfo@@V?$allocator@PAVSightingInfo@@@_STL@@@_STL@@IAEXI@Z,0x009ED640,resweep callee back-solved
?_M_initialize_map@?$_Deque_base@VBuddyRequest@@V?$allocator@VBuddyRequest@@@_STL@@@_STL@@IAEXI@Z,0x008FA2B0,shared deque initialize_map body (4 template instances)
?_M_initialize_map@?$_Deque_base@VBuddyResponse@@V?$allocator@VBuddyResponse@@@_STL@@@_STL@@IAEXI@Z,0x008FA2B0,shared deque initialize_map body (4 template instances)
?_M_initialize_map@?$_Deque_base@VGameResultsRequest@@V?$allocator@VGameResultsRequest@@@_STL@@@_STL@@IAEXI@Z,0x008FA2B0,shared deque initialize_map body (4 template instances)
?_M_initialize_map@?$_Deque_base@VGameResultsResponse@@V?$allocator@VGameResultsResponse@@@_STL@@@_STL@@IAEXI@Z,0x008FA2B0,shared deque initialize_map body (4 template instances)
?_M_insert@?$_Rb_tree@GU?$pair@$$CBGE@_STL@@U?$_Select1st@U?$pair@$$CBGE@_STL@@@2@U?$less@G@2@V?$allocator@U?$pair@$$CBGE@_STL@@@2@@_STL@@AAE?AU?$_Rb_tree_iterator@U?$pair@$$CBGE@_STL@@U?$_Nonconst_traits@U?$pair@$$CBGE@_STL@@@2@@2@PAU_Rb_tree_node_base@2@0ABU?$pair@$$CBGE@2@0@Z,0x0093FD80
?_M_insert@?$_Rb_tree@HU?$pair@$$CBHI@_STL@@U?$_Select1st@U?$pair@$$CBHI@_STL@@@2@U?$less@H@2@V?$allocator@U?$pair@$$CBHI@_STL@@@2@@_STL@@AAE?AU?$_Rb_tree_iterator@U?$pair@$$CBHI@_STL@@U?$_Nonconst_traits@U?$pair@$$CBHI@_STL@@@2@@2@PAU_Rb_tree_node_base@2@0ABU?$pair@$$CBHI@2@0@Z,0x00032934,Open-BFME5 ICF pin for GameLogicDispatch
?_M_insert@?$_Rb_tree@HU?$pair@$$CBHI@_STL@@U?$_Select1st@U?$pair@$$CBHI@_STL@@@2@U?$less@H@2@V?$allocator@U?$pair@$$CBHI@_STL@@@2@@_STL@@AAE?AU?$_Rb_tree_iterator@U?$pair@$$CBHI@_STL@@U?$_Nonconst_traits@U?$pair@$$CBHI@_STL@@@2@@2@PAU_Rb_tree_node_base@2@0ABU?$pair@$$CBHI@2@0@Z,0x004A52F
?_M_insert@?$_Rb_tree@HU?$pair@$$CBHPAVGameSpyStagingRoom@@@_STL@@U?$_Select1st@U?$pair@$$CBHPAVGameSpyStagingRoom@@@_STL@@@2@U?$less@H@2@V?$allocator@U?$pair@$$CBHPAVGameSpyStagingRoom@@@_STL@@@2@@_STL@@AAE?AU?$_Rb_tree_iterator@U?$pair@$$CBHPAVGameSpyStagingRoom@@@_STL@@U?$_Nonconst_traits@U?$pair@$$CBHPAVGameSpyStagingRoom@@@_STL@@@2@@2@PAU_Rb_tree_node_base@2@0ABU?$pair@$$CBHPAVGameSpyStagingRoom@@@2@0@Z,0x004A52F
?_M_insert@?$_Rb_tree@HU?$pair@$$CBHVAsciiString@@@_STL@@U?$_Select1st@U?$pair@$$CBHVAsciiString@@@_STL@@@2@U?$less@H@2@V?$allocator@U?$pair@$$CBHVAsciiString@@@_STL@@@2@@_STL@@AAE?AU?$_Rb_tree_iterator@U?$pair@$$CBHVAsciiString@@@_STL@@U?$_Nonconst_traits@U?$pair@$$CBHVAsciiString@@@_STL@@@2@@2@PAU_Rb_tree_node_base@2@0ABU?$pair@$$CBHVAsciiString@@@2@0@Z,0x0004517E
?_M_insert@?$_Rb_tree@HU?$pair@$$CBHVBuddyInfo@@@_STL@@U?$_Select1st@U?$pair@$$CBHVBuddyInfo@@@_STL@@@2@U?$less@H@2@V?$allocator@U?$pair@$$CBHVBuddyInfo@@@_STL@@@2@@_STL@@AAE?AU?$_Rb_tree_iterator@U?$pair@$$CBHVBuddyInfo@@@_STL@@U?$_Nonconst_traits@U?$pair@$$CBHVBuddyInfo@@@_STL@@@2@@2@PAU_Rb_tree_node_base@2@0ABU?$pair@$$CBHVBuddyInfo@@@2@0@Z,0x00036CDC,retail BuddyInfo map _M_insert ILT thunk (body 0x004EBC90)
?_M_insert@?$_Rb_tree@HU?$pair@$$CBHVGameSpyGroupRoom@@@_STL@@U?$_Select1st@U?$pair@$$CBHVGameSpyGroupRoom@@@_STL@@@2@U?$less@H@2@V?$allocator@U?$pair@$$CBHVGameSpyGroupRoom@@@_STL@@@2@@_STL@@AAE?AU?$_Rb_tree_iterator@U?$pair@$$CBHVGameSpyGroupRoom@@@_STL@@U?$_Nonconst_traits@U?$pair@$$CBHVGameSpyGroupRoom@@@_STL@@@2@@2@PAU_Rb_tree_node_base@2@0ABU?$pair@$$CBHVGameSpyGroupRoom@@@2@0@Z,0x0003E7E8
?_M_insert@?$_Rb_tree@IU?$pair@$$CBIPAVImage@@@_STL@@U?$_Select1st@U?$pair@$$CBIPAVImage@@@_STL@@@2@U?$less@I@2@V?$allocator@U?$pair@$$CBIPAVImage@@@_STL@@@2@@_STL@@AAE?AU?$_Rb_tree_iterator@U?$pair@$$CBIPAVImage@@@_STL@@U?$_Nonconst_traits@U?$pair@$$CBIPAVImage@@@_STL@@@2@@2@PAU_Rb_tree_node_base@2@0ABU?$pair@$$CBIPAVImage@@@2@0@Z,0x009A4130,Open-BFME5 Image insert_unique call target
?_M_insert@?$_Rb_tree@IU?$pair@$$CBIPAVState@@@_STL@@U?$_Select1st@U?$pair@$$CBIPAVState@@@_STL@@@2@U?$less@I@2@V?$allocator@U?$pair@$$CBIPAVState@@@_STL@@@2@@_STL@@AAE?AU?$_Rb_tree_iterator@U?$pair@$$CBIPAVState@@@_STL@@U?$_Nonconst_traits@U?$pair@$$CBIPAVState@@@_STL@@@2@@2@PAU_Rb_tree_node_base@2@0ABU?$pair@$$CBIPAVState@@@2@0@Z,0x009A4130
?_M_insert@?$_Rb_tree@JU?$pair@$$CBJVLadderPref@@@_STL@@U?$_Select1st@U?$pair@$$CBJVLadderPref@@@_STL@@@2@U?$less@J@2@V?$allocator@U?$pair@$$CBJVLadderPref@@@_STL@@@2@@_STL@@AAE?AU?$_Rb_tree_iterator@U?$pair@$$CBJVLadderPref@@@_STL@@U?$_Nonconst_traits@U?$pair@$$CBJVLadderPref@@@_STL@@@2@@2@PAU_Rb_tree_node_base@2@0ABU?$pair@$$CBJVLadderPref@@@2@0@Z,0x00029E92
?_M_insert@?$_Rb_tree@PAVGameSpyStagingRoom@@PAV1@U?$_Identity@PAVGameSpyStagingRoom@@@_STL@@U?$less@PAVGameSpyStagingRoom@@@3@V?$allocator@PAVGameSpyStagingRoom@@@3@@_STL@@AAE?AU?$_Rb_tree_iterator@PAVGameSpyStagingRoom@@U?$_Nonconst_traits@PAVGameSpyStagingRoom@@@_STL@@@2@PAU_Rb_tree_node_base@2@0ABQAVGameSpyStagingRoom@@0@Z,0x0001234B
?_M_insert@?$_Rb_tree@PAVGameSpyStagingRoom@@PAV1@U?$_Identity@PAVGameSpyStagingRoom@@@_STL@@UGameSortStruct@@V?$allocator@PAVGameSpyStagingRoom@@@3@@_STL@@AAE?AU?$_Rb_tree_iterator@PAVGameSpyStagingRoom@@U?$_Nonconst_traits@PAVGameSpyStagingRoom@@@_STL@@@2@PAU_Rb_tree_node_base@2@0ABQAVGameSpyStagingRoom@@0@Z,0x0000FF47
?_M_insert@?$_Rb_tree@PBVLadderInfo@@PBV1@U?$_Identity@PBVLadderInfo@@@_STL@@U?$less@PBVLadderInfo@@@3@V?$allocator@PBVLadderInfo@@@3@@_STL@@AAE?AU?$_Rb_tree_iterator@PBVLadderInfo@@U?$_Nonconst_traits@PBVLadderInfo@@@_STL@@@2@PAU_Rb_tree_node_base@2@0ABQBVLadderInfo@@0@Z,0x000224CB
?_M_insert@?$_Rb_tree@PBVThingTemplate@@PBV1@U?$_Identity@PBVThingTemplate@@@_STL@@U?$less@PBVThingTemplate@@@3@V?$allocator@PBVThingTemplate@@@3@@_STL@@AAE?AU?$_Rb_tree_iterator@PBVThingTemplate@@U?$_Nonconst_traits@PBVThingTemplate@@@_STL@@@2@PAU_Rb_tree_node_base@2@0ABQBVThingTemplate@@0@Z,0x009A4130,decoded from insert_unique call site
?_M_insert@?$_Rb_tree@PBVThingTemplate@@U?$pair@QBVThingTemplate@@H@_STL@@U?$_Select1st@U?$pair@QBVThingTemplate@@H@_STL@@@3@U?$less@PBVThingTemplate@@@3@V?$allocator@U?$pair@QBVThingTemplate@@H@_STL@@@3@@_STL@@AAE?AU?$_Rb_tree_iterator@U?$pair@QBVThingTemplate@@H@_STL@@U?$_Nonconst_traits@U?$pair@QBVThingTemplate@@H@_STL@@@2@@2@PAU_Rb_tree_node_base@2@0ABU?$pair@QBVThingTemplate@@H@2@0@Z,0x009A4130,decoded from SelectionXlat insert_unique call site
?_M_insert@?$_Rb_tree@VAsciiString@@U?$pair@$$CBVAsciiString@@UCoord3D@@@_STL@@U?$_Select1st@U?$pair@$$CBVAsciiString@@UCoord3D@@@_STL@@@3@U?$less@VAsciiString@@@3@V?$allocator@U?$pair@$$CBVAsciiString@@UCoord3D@@@_STL@@@3@@_STL@@AAE?AU?$_Rb_tree_iterator@U?$pair@$$CBVAsciiString@@UCoord3D@@@_STL@@U?$_Nonconst_traits@U?$pair@$$CBVAsciiString@@UCoord3D@@@_STL@@@2@@2@PAU_Rb_tree_node_base@2@0ABU?$pair@$$CBVAsciiString@@UCoord3D@@@2@0@Z,0x000086A2
?_M_insert@?$_Rb_tree@VAsciiString@@U?$pair@$$CBVAsciiString@@V?$list@VAsciiString@@V?$allocator@VAsciiString@@@_STL@@@_STL@@@_STL@@U?$_Select1st@U?$pair@$$CBVAsciiString@@V?$list@VAsciiString@@V?$allocator@VAsciiString@@@_STL@@@_STL@@@_STL@@@3@U?$less@VAsciiString@@@3@V?$allocator@U?$pair@$$CBVAsciiString@@V?$list@VAsciiString@@V?$allocator@VAsciiString@@@_STL@@@_STL@@@_STL@@@3@@_STL@@AAE?AU?$_Rb_tree_iterator@U?$pair@$$CBVAsciiString@@V?$list@VAsciiString@@V?$allocator@VAsciiString@@@_STL@@@_STL@@@_STL@@U?$_Nonconst_traits@U?$pair@$$CBVAsciiString@@V?$list@VAsciiString@@V?$allocator@VAsciiString@@@_STL@@@_STL@@@_STL@@@2@@2@PAU_Rb_tree_node_base@2@0ABU?$pair@$$CBVAsciiString@@V?$list@VAsciiString@@V?$allocator@VAsciiString@@@_STL@@@_STL@@@2@0@Z,0x00026283,WOLLogin tree insert thunk
?_M_insert@?$_Rb_tree@VAsciiString@@U?$pair@$$CBVAsciiString@@VHotKey@@@_STL@@U?$_Select1st@U?$pair@$$CBVAsciiString@@VHotKey@@@_STL@@@3@U?$less@VAsciiString@@@3@V?$allocator@U?$pair@$$CBVAsciiString@@VHotKey@@@_STL@@@3@@_STL@@AAE?AU?$_Rb_tree_iterator@U?$pair@$$CBVAsciiString@@VHotKey@@@_STL@@U?$_Nonconst_traits@U?$pair@$$CBVAsciiString@@VHotKey@@@_STL@@@2@@2@PAU_Rb_tree_node_base@2@0ABU?$pair@$$CBVAsciiString@@VHotKey@@@2@0@Z,0x0003D780,HotKey tree insert thunk
?_M_insert@?$_Rb_tree@VAsciiString@@U?$pair@$$CBVAsciiString@@VMapMetaData@@@_STL@@U?$_Select1st@U?$pair@$$CBVAsciiString@@VMapMetaData@@@_STL@@@3@U?$less@VAsciiString@@@3@V?$allocator@U?$pair@$$CBVAsciiString@@VMapMetaData@@@_STL@@@3@@_STL@@AAE?AU?$_Rb_tree_iterator@U?$pair@$$CBVAsciiString@@VMapMetaData@@@_STL@@U?$_Nonconst_traits@U?$pair@$$CBVAsciiString@@VMapMetaData@@@_STL@@@2@@2@PAU_Rb_tree_node_base@2@0ABU?$pair@$$CBVAsciiString@@VMapMetaData@@@2@0@Z,0x000086A2,derived-ICF
?_M_insert@?$_Rb_tree@VAsciiString@@U?$pair@$$CBVAsciiString@@_N@_STL@@U?$_Select1st@U?$pair@$$CBVAsciiString@@_N@_STL@@@3@U?$less@VAsciiString@@@3@V?$allocator@U?$pair@$$CBVAsciiString@@_N@_STL@@@3@@_STL@@AAE?AU?$_Rb_tree_iterator@U?$pair@$$CBVAsciiString@@_N@_STL@@U?$_Nonconst_traits@U?$pair@$$CBVAsciiString@@_N@_STL@@@2@@2@PAU_Rb_tree_node_base@2@0ABU?$pair@$$CBVAsciiString@@_N@2@0@Z,0x000086A2,MapUtil bool tree insert thunk
?_M_insert@?$_Rb_tree@W4NameKeyType@@U?$pair@$$CBW4NameKeyType@@M@_STL@@U?$_Select1st@U?$pair@$$CBW4NameKeyType@@M@_STL@@@3@U?$less@W4NameKeyType@@@3@V?$allocator@U?$pair@$$CBW4NameKeyType@@M@_STL@@@3@@_STL@@AAE?AU?$_Rb_tree_iterator@U?$pair@$$CBW4NameKeyType@@M@_STL@@U?$_Nonconst_traits@U?$pair@$$CBW4NameKeyType@@M@_STL@@@2@@2@PAU_Rb_tree_node_base@2@0ABU?$pair@$$CBW4NameKeyType@@M@2@0@Z,0x004A52F,rel32 pin for PlayerTemplate production-change map
?_M_insert@?$_Rb_tree@W4NameKeyType@@U?$pair@$$CBW4NameKeyType@@UPristineBoneInfo@@@_STL@@U?$_Select1st@U?$pair@$$CBW4NameKeyType@@UPristineBoneInfo@@@_STL@@@3@U?$less@W4NameKeyType@@@3@V?$allocator@U?$pair@$$CBW4NameKeyType@@UPristineBoneInfo@@@_STL@@@3@@_STL@@AAE?AU?$_Rb_tree_iterator@U?$pair@$$CBW4NameKeyType@@UPristineBoneInfo@@@_STL@@U?$_Nonconst_traits@U?$pair@$$CBW4NameKeyType@@UPristineBoneInfo@@@_STL@@@2@@2@PAU_Rb_tree_node_base@2@0ABU?$pair@$$CBW4NameKeyType@@UPristineBoneInfo@@@2@0@Z,0x00032934
?_M_insert@?$_Rb_tree@W4NameKeyType@@U?$pair@$$CBW4NameKeyType@@VObjectCreationList@@@_STL@@U?$_Select1st@U?$pair@$$CBW4NameKeyType@@VObjectCreationList@@@_STL@@@3@U?$less@W4NameKeyType@@@3@V?$allocator@U?$pair@$$CBW4NameKeyType@@VObjectCreationList@@@_STL@@@3@@_STL@@AAE?AU?$_Rb_tree_iterator@U?$pair@$$CBW4NameKeyType@@VObjectCreationList@@@_STL@@U?$_Nonconst_traits@U?$pair@$$CBW4NameKeyType@@VObjectCreationList@@@_STL@@@2@@2@PAU_Rb_tree_node_base@2@0ABU?$pair@$$CBW4NameKeyType@@VObjectCreationList@@@2@0@Z,0x00032934,Open-BFME5 pin
?_M_insert@?$_Rb_tree@W4NameKeyType@@U?$pair@$$CBW4NameKeyType@@W4VeterancyLevel@@@_STL@@U?$_Select1st@U?$pair@$$CBW4NameKeyType@@W4VeterancyLevel@@@_STL@@@3@U?$less@W4NameKeyType@@@3@V?$allocator@U?$pair@$$CBW4NameKeyType@@W4VeterancyLevel@@@_STL@@@3@@_STL@@AAE?AU?$_Rb_tree_iterator@U?$pair@$$CBW4NameKeyType@@W4VeterancyLevel@@@_STL@@U?$_Nonconst_traits@U?$pair@$$CBW4NameKeyType@@W4VeterancyLevel@@@_STL@@@2@@2@PAU_Rb_tree_node_base@2@0ABU?$pair@$$CBW4NameKeyType@@W4VeterancyLevel@@@2@0@Z,0x00032934,Open-BFME5 pin
?_M_insert@?$hashtable@U?$pair@$$CBHW4Relationship@@@_STL@@HU?$hash@H@2@U?$_Select1st@U?$pair@$$CBHW4Relationship@@@_STL@@@2@U?$equal_to@H@2@V?$allocator@U?$pair@$$CBHW4Relationship@@@_STL@@@2@@_STL@@QAEAAU?$pair@$$CBHW4Relationship@@@2@ABU32@@Z,0x000013E8,rel32 pin for exact-ambiguous landing
?_M_insert@?$hashtable@U?$pair@$$CBIW4Relationship@@@_STL@@IU?$hash@I@2@U?$_Select1st@U?$pair@$$CBIW4Relationship@@@_STL@@@2@U?$equal_to@I@2@V?$allocator@U?$pair@$$CBIW4Relationship@@@_STL@@@2@@_STL@@QAEAAU?$pair@$$CBIW4Relationship@@@2@ABU32@@Z,0x009EE9B0,resweep callee back-solved
?_M_insert@?$hashtable@U?$pair@QBVGameWindow@@PAVWindowVideo@@@_STL@@PBVGameWindow@@UhashConstGameWindowPtr@WindowVideoManager@@U?$_Select1st@U?$pair@QBVGameWindow@@PAVWindowVideo@@@_STL@@@2@U?$equal_to@PBVGameWindow@@@2@V?$allocator@U?$pair@QBVGameWindow@@PAVWindowVideo@@@_STL@@@2@@_STL@@QAEAAU?$pair@QBVGameWindow@@PAVWindowVideo@@@2@ABU32@@Z,0x00032407,rel32 pin for exact-ambiguous landing
?_M_insert_aux@?$vector@_NV?$allocator@_N@_STL@@@_STL@@IAEXU?$_Bit_iter@U_Bit_reference@_STL@@PAU12@@2@_N@Z,0x0002CB5B
?_M_insert_overflow@?$vector@EV?$allocator@E@_STL@@@_STL@@IAEXPAEABEABU__true_type@2@I_N@Z,0x0002F20C
?_M_insert_overflow@?$vector@GV?$allocator@G@_STL@@@_STL@@IAEXPAGABGABU__true_type@2@I_N@Z,0x0000791E,pinharvest x1 (thunk)
?_M_insert_overflow@?$vector@GV?$allocator@G@_STL@@@_STL@@IAEXPAGABGABU__true_type@2@I_N@Z,0x0004802C,pinharvest x1 (thunk)
?_M_insert_overflow@?$vector@HV?$allocator@H@_STL@@@_STL@@IAEXPAHABHABU__true_type@2@I_N@Z,0x0001CBFC,pinharvest x1 (thunk)
?_M_insert_overflow@?$vector@HV?$allocator@H@_STL@@@_STL@@IAEXPAHABHABU__true_type@2@I_N@Z,0x0001F4FB,pinharvest x1 (thunk)
?_M_insert_overflow@?$vector@HV?$allocator@H@_STL@@@_STL@@IAEXPAHABHABU__true_type@2@I_N@Z,0x0003B075,pinharvest x1 (thunk)
?_M_insert_overflow@?$vector@HV?$allocator@H@_STL@@@_STL@@IAEXPAHABHABU__true_type@2@I_N@Z,0x000486BC,pinharvest x1 (thunk)
?_M_insert_overflow@?$vector@PAVDrawable@@V?$allocator@PAVDrawable@@@_STL@@@_STL@@IAEXPAPAVDrawable@@ABQAV3@ABU__true_type@2@I_N@Z,0x0001CBFC,pinharvest x1 (thunk)
?_M_insert_overflow@?$vector@PAVDrawable@@V?$allocator@PAVDrawable@@@_STL@@@_STL@@IAEXPAPAVDrawable@@ABQAV3@ABU__true_type@2@I_N@Z,0x0001F4FB,pinharvest x1 (thunk)
?_M_insert_overflow@?$vector@PAVDrawable@@V?$allocator@PAVDrawable@@@_STL@@@_STL@@IAEXPAPAVDrawable@@ABQAV3@ABU__true_type@2@I_N@Z,0x0003B075,pinharvest x1 (thunk)
?_M_insert_overflow@?$vector@PAVDrawable@@V?$allocator@PAVDrawable@@@_STL@@@_STL@@IAEXPAPAVDrawable@@ABQAV3@ABU__true_type@2@I_N@Z,0x000486BC,pinharvest x1 (thunk)
?_M_insert_overflow@?$vector@PAVObject@@V?$allocator@PAVObject@@@_STL@@@_STL@@IAEXPAPAVObject@@ABQAV3@ABU__true_type@2@I_N@Z,0x000486BC,ILT thunk used by call site
?_M_insert_overflow@?$vector@PAVObjectCreationNugget@@V?$allocator@PAVObjectCreationNugget@@@_STL@@@_STL@@IAEXPAPAVObjectCreationNugget@@ABQAV3@ABU__true_type@2@I_N@Z,0x0002B6E8
?_M_insert_overflow@?$vector@PAVScienceInfo@@V?$allocator@PAVScienceInfo@@@_STL@@@_STL@@IAEXPAPAVScienceInfo@@ABQAV3@ABU__true_type@2@I_N@Z,0x0003076F,harvested from friend_parseScienceDefinition (thunk)
?_M_insert_overflow@?$vector@PBVFXList@@V?$allocator@PBVFXList@@@_STL@@@_STL@@IAEXPAPBVFXList@@ABQBV3@ABU__true_type@2@I_N@Z,0x00044FC1
?_M_insert_overflow@?$vector@U?$pair@PAVSubsystemInterface@@PAX@_STL@@V?$allocator@U?$pair@PAVSubsystemInterface@@PAX@_STL@@@2@@_STL@@IAEXPAU?$pair@PAVSubsystemInterface@@PAX@2@ABU32@ABU__false_type@2@I_N@Z,0x009A1E50,vector<pair<SubsystemInterface* void*>> growth path called by SubsystemInterfaceList::initSubsystem
?_M_insert_overflow@?$vector@U?$pair@UICoord2D@@UCoord3D@@@_STL@@V?$allocator@U?$pair@UICoord2D@@UCoord3D@@@_STL@@@2@@_STL@@IAEXPAU?$pair@UICoord2D@@UCoord3D@@@2@ABU32@ABU__false_type@2@I_N@Z,0x00009052,pinharvest x1 (thunk)
?_M_insert_overflow@?$vector@U?$pair@UICoord2D@@UCoord3D@@@_STL@@V?$allocator@U?$pair@UICoord2D@@UCoord3D@@@_STL@@@2@@_STL@@IAEXPAU?$pair@UICoord2D@@UCoord3D@@@2@ABU32@ABU__false_type@2@I_N@Z,0x0000CDEC,pinharvest x1 (thunk)
?_M_insert_overflow@?$vector@U?$pair@UICoord2D@@UCoord3D@@@_STL@@V?$allocator@U?$pair@UICoord2D@@UCoord3D@@@_STL@@@2@@_STL@@IAEXPAU?$pair@UICoord2D@@UCoord3D@@@2@ABU32@ABU__false_type@2@I_N@Z,0x000150D7,pinharvest x1 (thunk)
?_M_insert_overflow@?$vector@U?$pair@UICoord2D@@UCoord3D@@@_STL@@V?$allocator@U?$pair@UICoord2D@@UCoord3D@@@_STL@@@2@@_STL@@IAEXPAU?$pair@UICoord2D@@UCoord3D@@@2@ABU32@ABU__false_type@2@I_N@Z,0x00018421,pinharvest x1 (thunk)
?_M_insert_overflow@?$vector@U?$pair@UICoord2D@@UCoord3D@@@_STL@@V?$allocator@U?$pair@UICoord2D@@UCoord3D@@@_STL@@@2@@_STL@@IAEXPAU?$pair@UICoord2D@@UCoord3D@@@2@ABU32@ABU__false_type@2@I_N@Z,0x0001B0AE,pinharvest x1 (thunk)
?_M_insert_overflow@?$vector@U?$pair@UICoord2D@@UCoord3D@@@_STL@@V?$allocator@U?$pair@UICoord2D@@UCoord3D@@@_STL@@@2@@_STL@@IAEXPAU?$pair@UICoord2D@@UCoord3D@@@2@ABU32@ABU__false_type@2@I_N@Z,0x000396AD,pinharvest x1 (thunk)
?_M_insert_overflow@?$vector@U?$pair@W4ObjectID@@I@_STL@@V?$allocator@U?$pair@W4ObjectID@@I@_STL@@@2@@_STL@@IAEXPAU?$pair@W4ObjectID@@I@2@ABU32@ABU__false_type@2@I_N@Z,0x00004F93,retail REL32 pin for ScriptActions ObjectID pair vector push_back
?_M_insert_overflow@?$vector@U?$pair@W4ObjectID@@W41@@_STL@@V?$allocator@U?$pair@W4ObjectID@@W41@@_STL@@@2@@_STL@@IAEXPAU?$pair@W4ObjectID@@W41@@2@ABU32@ABU__false_type@2@I_N@Z,0x00022AF7,rel32 pin for exact-ambiguous landing
?_M_insert_overflow@?$vector@UAnimSet@GenericObjectCreationNugget@@V?$allocator@UAnimSet@GenericObjectCreationNugget@@@_STL@@@_STL@@IAEXPAUAnimSet@GenericObjectCreationNugget@@ABU34@ABU__false_type@2@I_N@Z,0x0000DB2F,resweep callee back-solved
?_M_insert_overflow@?$vector@UCoord3D@@V?$allocator@UCoord3D@@@_STL@@@_STL@@IAEXPAUCoord3D@@ABU3@ABU__false_type@2@I_N@Z,0x00013E17,site-decoded x1 (thunk)
?_M_insert_overflow@?$vector@UCoord3D@@V?$allocator@UCoord3D@@@_STL@@@_STL@@IAEXPAUCoord3D@@ABU3@ABU__false_type@2@I_N@Z,0x00017FB2,site-decoded x1 (thunk)
?_M_insert_overflow@?$vector@UCoord3D@@V?$allocator@UCoord3D@@@_STL@@@_STL@@IAEXPAUCoord3D@@ABU3@ABU__false_type@2@I_N@Z,0x000405FC,site-decoded x1 (thunk)
?_M_insert_overflow@?$vector@UDetonatorInfo@MinefieldBehavior@@V?$allocator@UDetonatorInfo@MinefieldBehavior@@@_STL@@@_STL@@IAEXPAUDetonatorInfo@MinefieldBehavior@@ABU34@ABU__false_type@2@I_N@Z,0x0000AE93,pinharvest x1 (thunk)
?_M_insert_overflow@?$vector@UDetonatorInfo@MinefieldBehavior@@V?$allocator@UDetonatorInfo@MinefieldBehavior@@@_STL@@@_STL@@IAEXPAUDetonatorInfo@MinefieldBehavior@@ABU34@ABU__false_type@2@I_N@Z,0x0000FCAE,pinharvest x1 (thunk)
?_M_insert_overflow@?$vector@UEvaCheck@@V?$allocator@UEvaCheck@@@_STL@@@_STL@@IAEXPAUEvaCheck@@ABU3@ABU__false_type@2@I_N@Z,0x0000AE93,pinharvest x1 (thunk)
?_M_insert_overflow@?$vector@UEvaCheck@@V?$allocator@UEvaCheck@@@_STL@@@_STL@@IAEXPAUEvaCheck@@ABU3@ABU__false_type@2@I_N@Z,0x0000FCAE,pinharvest x1 (thunk)
?_M_insert_overflow@?$vector@UEvaSideSounds@@V?$allocator@UEvaSideSounds@@@_STL@@@_STL@@IAEXPAUEvaSideSounds@@ABU3@ABU__false_type@2@I_N@Z,0x0000C4A0,pinharvest x1 (thunk)
?_M_insert_overflow@?$vector@UEvaSideSounds@@V?$allocator@UEvaSideSounds@@@_STL@@@_STL@@IAEXPAUEvaSideSounds@@ABU3@ABU__false_type@2@I_N@Z,0x00012332,pinharvest x1 (thunk)
?_M_insert_overflow@?$vector@UEvaSideSounds@@V?$allocator@UEvaSideSounds@@@_STL@@@_STL@@IAEXPAUEvaSideSounds@@ABU3@ABU__false_type@2@I_N@Z,0x0001DE3A,pinharvest x1 (thunk)
?_M_insert_overflow@?$vector@UEvaSideSounds@@V?$allocator@UEvaSideSounds@@@_STL@@@_STL@@IAEXPAUEvaSideSounds@@ABU3@ABU__false_type@2@I_N@Z,0x00020C98,pinharvest x1 (thunk)
?_M_insert_overflow@?$vector@UEvaSideSounds@@V?$allocator@UEvaSideSounds@@@_STL@@@_STL@@IAEXPAUEvaSideSounds@@ABU3@ABU__false_type@2@I_N@Z,0x0002EC58,pinharvest x1 (thunk)
?_M_insert_overflow@?$vector@UEvaSideSounds@@V?$allocator@UEvaSideSounds@@@_STL@@@_STL@@IAEXPAUEvaSideSounds@@ABU3@ABU__false_type@2@I_N@Z,0x00048356,pinharvest x1 (thunk)
?_M_insert_overflow@?$vector@UFlightDeckInfo@FlightDeckBehavior@@V?$allocator@UFlightDeckInfo@FlightDeckBehavior@@@_STL@@@_STL@@IAEXPAUFlightDeckInfo@FlightDeckBehavior@@ABU34@ABU__false_type@2@I_N@Z,0x0000A47A,pinharvest x1 (thunk)
?_M_insert_overflow@?$vector@UFlightDeckInfo@FlightDeckBehavior@@V?$allocator@UFlightDeckInfo@FlightDeckBehavior@@@_STL@@@_STL@@IAEXPAUFlightDeckInfo@FlightDeckBehavior@@ABU34@ABU__false_type@2@I_N@Z,0x009F56C0,pinharvest x1 (body)
?_M_insert_overflow@?$vector@UHideShowSubObjInfo@ModelConditionInfo@@V?$allocator@UHideShowSubObjInfo@ModelConditionInfo@@@_STL@@@_STL@@IAEXPAUHideShowSubObjInfo@ModelConditionInfo@@ABU34@ABU__false_type@2@I_N@Z,0x000251D0,rel32 pin for exact-ambiguous landing
?_M_insert_overflow@?$vector@UHorzLine@@V?$allocator@UHorzLine@@@_STL@@@_STL@@IAEXPAUHorzLine@@ABU3@ABU__false_type@2@I_N@Z,0x00017FB2
?_M_insert_overflow@?$vector@UNugget@ModuleInfo@@V?$allocator@UNugget@ModuleInfo@@@_STL@@@_STL@@IAEXPAUNugget@ModuleInfo@@ABU34@ABU__false_type@2@I_N@Z,0x0001ADBB,resweep callee back-solved
?_M_insert_overflow@?$vector@UParticleSysBoneInfo@@V?$allocator@UParticleSysBoneInfo@@@_STL@@@_STL@@IAEXPAUParticleSysBoneInfo@@ABU3@ABU__false_type@2@I_N@Z,0x00004F93,retail REL32 pin for W3DModelDraw particle-system-bone vector push_back
?_M_insert_overflow@?$vector@UPayload@DeliverPayloadNugget@@V?$allocator@UPayload@DeliverPayloadNugget@@@_STL@@@_STL@@IAEXPAUPayload@DeliverPayloadNugget@@ABU34@ABU__false_type@2@I_N@Z,0x00004F93,resweep callee back-solved
?_M_insert_overflow@?$vector@UPrereqUnitRec@ProductionPrerequisite@@V?$allocator@UPrereqUnitRec@ProductionPrerequisite@@@_STL@@@_STL@@IAEXPAUPrereqUnitRec@ProductionPrerequisite@@ABU34@ABU__false_type@2@I_N@Z,0x0000F277,rel32 pin for exact-ambiguous landing
?_M_insert_overflow@?$vector@USegInfo@W3DRopeDraw@@V?$allocator@USegInfo@W3DRopeDraw@@@_STL@@@_STL@@IAEXPAUSegInfo@W3DRopeDraw@@ABU34@ABU__false_type@2@I_N@Z,0x0000AE93,pinharvest x1 (thunk)
?_M_insert_overflow@?$vector@USegInfo@W3DRopeDraw@@V?$allocator@USegInfo@W3DRopeDraw@@@_STL@@@_STL@@IAEXPAUSegInfo@W3DRopeDraw@@ABU34@ABU__false_type@2@I_N@Z,0x0000FCAE,pinharvest x1 (thunk)
?_M_insert_overflow@?$vector@UStationPointData@GarrisonContain@@V?$allocator@UStationPointData@GarrisonContain@@@_STL@@@_STL@@IAEXPAUStationPointData@GarrisonContain@@ABU34@ABU__false_type@2@I_N@Z,0x0000AE93,pinharvest x1 (thunk)
?_M_insert_overflow@?$vector@UStationPointData@GarrisonContain@@V?$allocator@UStationPointData@GarrisonContain@@@_STL@@@_STL@@IAEXPAUStationPointData@GarrisonContain@@ABU34@ABU__false_type@2@I_N@Z,0x0000FCAE,pinharvest x1 (thunk)
?_M_insert_overflow@?$vector@UTransitionInfo@State@@V?$allocator@UTransitionInfo@State@@@_STL@@@_STL@@IAEXPAUTransitionInfo@State@@ABU34@ABU__false_type@2@I_N@Z,0x0000E868,pinharvest x1 (thunk)
?_M_insert_overflow@?$vector@UTransitionInfo@State@@V?$allocator@UTransitionInfo@State@@@_STL@@@_STL@@IAEXPAUTransitionInfo@State@@ABU34@ABU__false_type@2@I_N@Z,0x00013E17,pinharvest x1 (thunk)
?_M_insert_overflow@?$vector@UTransitionInfo@State@@V?$allocator@UTransitionInfo@State@@@_STL@@@_STL@@IAEXPAUTransitionInfo@State@@ABU34@ABU__false_type@2@I_N@Z,0x00017FB2,pinharvest x1 (thunk)
?_M_insert_overflow@?$vector@UTransitionInfo@State@@V?$allocator@UTransitionInfo@State@@@_STL@@@_STL@@IAEXPAUTransitionInfo@State@@ABU34@ABU__false_type@2@I_N@Z,0x00026AAD,pinharvest x1 (thunk)
?_M_insert_overflow@?$vector@UTransitionInfo@State@@V?$allocator@UTransitionInfo@State@@@_STL@@@_STL@@IAEXPAUTransitionInfo@State@@ABU34@ABU__false_type@2@I_N@Z,0x00033B9A,pinharvest x1 (thunk)
?_M_insert_overflow@?$vector@UTransitionInfo@State@@V?$allocator@UTransitionInfo@State@@@_STL@@@_STL@@IAEXPAUTransitionInfo@State@@ABU34@ABU__false_type@2@I_N@Z,0x000405FC,pinharvest x1 (thunk)
?_M_insert_overflow@?$vector@UUpgrades@CashHackSpecialPowerModuleData@@V?$allocator@UUpgrades@CashHackSpecialPowerModuleData@@@_STL@@@_STL@@IAEXPAUUpgrades@CashHackSpecialPowerModuleData@@ABU34@ABU__false_type@2@I_N@Z,0x0000EF11
?_M_insert_overflow@?$vector@UUpgrades@OCLSpecialPowerModuleData@@V?$allocator@UUpgrades@OCLSpecialPowerModuleData@@@_STL@@@_STL@@IAEXPAUUpgrades@OCLSpecialPowerModuleData@@ABU34@ABU__false_type@2@I_N@Z,0x0003913F
?_M_insert_overflow@?$vector@UVideo@@V?$allocator@UVideo@@@_STL@@@_STL@@IAEXPAUVideo@@ABU3@ABU__false_type@2@I_N@Z,0x000359B3,rel32 pin for exact-ambiguous landing
?_M_insert_overflow@?$vector@UWeaponBarrelInfo@ModelConditionInfo@@V?$allocator@UWeaponBarrelInfo@ModelConditionInfo@@@_STL@@@_STL@@IAEXPAUWeaponBarrelInfo@ModelConditionInfo@@ABU34@ABU__false_type@2@I_N@Z,0x0003D7B2,ILT thunk used by call site
?_M_insert_overflow@?$vector@UWeaponRecoilInfo@W3DModelDraw@@V?$allocator@UWeaponRecoilInfo@W3DModelDraw@@@_STL@@@_STL@@IAEXPAUWeaponRecoilInfo@W3DModelDraw@@ABU34@ABU__false_type@2@I_N@Z,0x0000E868,pinharvest x1 (thunk)
?_M_insert_overflow@?$vector@UWeaponRecoilInfo@W3DModelDraw@@V?$allocator@UWeaponRecoilInfo@W3DModelDraw@@@_STL@@@_STL@@IAEXPAUWeaponRecoilInfo@W3DModelDraw@@ABU34@ABU__false_type@2@I_N@Z,0x00013E17,pinharvest x1 (thunk)
?_M_insert_overflow@?$vector@UWeaponRecoilInfo@W3DModelDraw@@V?$allocator@UWeaponRecoilInfo@W3DModelDraw@@@_STL@@@_STL@@IAEXPAUWeaponRecoilInfo@W3DModelDraw@@ABU34@ABU__false_type@2@I_N@Z,0x00017FB2,pinharvest x1 (thunk)
?_M_insert_overflow@?$vector@UWeaponRecoilInfo@W3DModelDraw@@V?$allocator@UWeaponRecoilInfo@W3DModelDraw@@@_STL@@@_STL@@IAEXPAUWeaponRecoilInfo@W3DModelDraw@@ABU34@ABU__false_type@2@I_N@Z,0x00026AAD,pinharvest x1 (thunk)
?_M_insert_overflow@?$vector@UWeaponRecoilInfo@W3DModelDraw@@V?$allocator@UWeaponRecoilInfo@W3DModelDraw@@@_STL@@@_STL@@IAEXPAUWeaponRecoilInfo@W3DModelDraw@@ABU34@ABU__false_type@2@I_N@Z,0x00033B9A,pinharvest x1 (thunk)
?_M_insert_overflow@?$vector@UWeaponRecoilInfo@W3DModelDraw@@V?$allocator@UWeaponRecoilInfo@W3DModelDraw@@@_STL@@@_STL@@IAEXPAUWeaponRecoilInfo@W3DModelDraw@@ABU34@ABU__false_type@2@I_N@Z,0x000405FC,pinharvest x1 (thunk)
?_M_insert_overflow@?$vector@UtConnInfoStruct@@V?$allocator@UtConnInfoStruct@@@_STL@@@_STL@@IAEXPAUtConnInfoStruct@@ABU3@ABU__false_type@2@I_N@Z,0x0004ABF6
?_M_insert_overflow@?$vector@V?$BitFlags@$0HF@@@V?$allocator@V?$BitFlags@$0HF@@@@_STL@@@_STL@@IAEXPAV?$BitFlags@$0HF@@@ABV3@ABU__false_type@2@I_N@Z,0x0000AE93,pinharvest x1 (thunk)
?_M_insert_overflow@?$vector@V?$BitFlags@$0HF@@@V?$allocator@V?$BitFlags@$0HF@@@@_STL@@@_STL@@IAEXPAV?$BitFlags@$0HF@@@ABV3@ABU__false_type@2@I_N@Z,0x0000FCAE,pinharvest x1 (thunk)
?_M_insert_overflow@?$vector@VArmorTemplateSet@@V?$allocator@VArmorTemplateSet@@@_STL@@@_STL@@IAEXPAVArmorTemplateSet@@ABV3@ABU__false_type@2@I_N@Z,0x0000E868,pinharvest x1 (thunk)
?_M_insert_overflow@?$vector@VArmorTemplateSet@@V?$allocator@VArmorTemplateSet@@@_STL@@@_STL@@IAEXPAVArmorTemplateSet@@ABV3@ABU__false_type@2@I_N@Z,0x00013E17,pinharvest x1 (thunk)
?_M_insert_overflow@?$vector@VArmorTemplateSet@@V?$allocator@VArmorTemplateSet@@@_STL@@@_STL@@IAEXPAVArmorTemplateSet@@ABV3@ABU__false_type@2@I_N@Z,0x00017FB2,pinharvest x1 (thunk)
?_M_insert_overflow@?$vector@VArmorTemplateSet@@V?$allocator@VArmorTemplateSet@@@_STL@@@_STL@@IAEXPAVArmorTemplateSet@@ABV3@ABU__false_type@2@I_N@Z,0x00026AAD,pinharvest x1 (thunk)
?_M_insert_overflow@?$vector@VArmorTemplateSet@@V?$allocator@VArmorTemplateSet@@@_STL@@@_STL@@IAEXPAVArmorTemplateSet@@ABV3@ABU__false_type@2@I_N@Z,0x00033B9A,pinharvest x1 (thunk)
?_M_insert_overflow@?$vector@VArmorTemplateSet@@V?$allocator@VArmorTemplateSet@@@_STL@@@_STL@@IAEXPAVArmorTemplateSet@@ABV3@ABU__false_type@2@I_N@Z,0x000405FC,pinharvest x1 (thunk)
?_M_insert_overflow@?$vector@VAsciiString@@V?$allocator@VAsciiString@@@_STL@@@_STL@@IAEXPAVAsciiString@@ABV3@ABU__false_type@2@I_N@Z,0x000112C0,resweep callee back-solved
?_M_insert_overflow@?$vector@VAsciiString@@V?$allocator@VAsciiString@@@_STL@@@_STL@@IAEXPAVAsciiString@@ABV3@ABU__false_type@2@I_N@Z,0x0003827B,per-site incremental-link thunk used by INI::parseAsciiStringVectorAppend
?_M_insert_overflow@?$vector@VPlayerTemplate@@V?$allocator@VPlayerTemplate@@@_STL@@@_STL@@IAEXPAVPlayerTemplate@@ABV3@ABU__false_type@2@I_N@Z,0x0003059E
?_M_insert_overflow@?$vector@VProductionPrerequisite@@V?$allocator@VProductionPrerequisite@@@_STL@@@_STL@@IAEXPAVProductionPrerequisite@@ABV3@ABU__false_type@2@I_N@Z,0x00041F1F,resweep callee back-solved
?_M_insert_overflow@?$vector@VUnicodeString@@V?$allocator@VUnicodeString@@@_STL@@@_STL@@IAEXPAVUnicodeString@@ABV3@ABU__false_type@2@I_N@Z,0x00016A63
?_M_insert_overflow@?$vector@VW3DAnimationInfo@@V?$allocator@VW3DAnimationInfo@@@_STL@@@_STL@@IAEXPAVW3DAnimationInfo@@ABV3@ABU__false_type@2@I_N@Z,0x00037024,ILT thunk used by call site
?_M_insert_overflow@?$vector@VWeaponTemplateSet@@V?$allocator@VWeaponTemplateSet@@@_STL@@@_STL@@IAEXPAVWeaponTemplateSet@@ABV3@ABU__false_type@2@I_N@Z,0x0001636F
?_M_insert_overflow@?$vector@W4ObjectID@@V?$allocator@W4ObjectID@@@_STL@@@_STL@@IAEXPAW4ObjectID@@ABW43@ABU__false_type@2@I_N@Z,0x00033DAC
?_M_insert_overflow@?$vector@W4ScienceType@@V?$allocator@W4ScienceType@@@_STL@@@_STL@@IAEXPAW4ScienceType@@ABW43@ABU__false_type@2@I_N@Z,0x00023588
?_M_lower_bound@?$_Rb_tree@$$CBV?$BitFlags@$0BB@@@U?$pair@$$CBV?$BitFlags@$0BB@@@PBVWeaponTemplateSet@@@_STL@@U?$_Select1st@U?$pair@$$CBV?$BitFlags@$0BB@@@PBVWeaponTemplateSet@@@_STL@@@3@UMapHelper@?$SparseMatchFinder@VWeaponTemplateSet@@V?$BitFlags@$0BB@@@@@V?$allocator@U?$pair@$$CBV?$BitFlags@$0BB@@@PBVWeaponTemplateSet@@@_STL@@@3@@_STL@@ABEPAU?$_Rb_tree_node@U?$pair@$$CBV?$BitFlags@$0BB@@@PBVWeaponTemplateSet@@@_STL@@@2@ABV?$BitFlags@$0BB@@@@Z,0x00005A60,resweep callee back-solved
?_M_lower_bound@?$_Rb_tree@VAsciiString@@U?$pair@$$CBVAsciiString@@V1@@_STL@@U?$_Select1st@U?$pair@$$CBVAsciiString@@V1@@_STL@@@3@U?$less@VAsciiString@@@3@V?$allocator@U?$pair@$$CBVAsciiString@@V1@@_STL@@@3@@_STL@@ABEPAU?$_Rb_tree_node@U?$pair@$$CBVAsciiString@@V1@@_STL@@@2@ABVAsciiString@@@Z,0x00007D06,pinharvest x1 (thunk)
?_M_lower_bound@?$_Rb_tree@VAsciiString@@U?$pair@$$CBVAsciiString@@V1@@_STL@@U?$_Select1st@U?$pair@$$CBVAsciiString@@V1@@_STL@@@3@U?$less@VAsciiString@@@3@V?$allocator@U?$pair@$$CBVAsciiString@@V1@@_STL@@@3@@_STL@@ABEPAU?$_Rb_tree_node@U?$pair@$$CBVAsciiString@@V1@@_STL@@@2@ABVAsciiString@@@Z,0x0001B60D,pinharvest x1 (thunk)
?_M_lower_bound@?$_Rb_tree@VAsciiString@@U?$pair@$$CBVAsciiString@@V1@@_STL@@U?$_Select1st@U?$pair@$$CBVAsciiString@@V1@@_STL@@@3@U?$less@VAsciiString@@@3@V?$allocator@U?$pair@$$CBVAsciiString@@V1@@_STL@@@3@@_STL@@ABEPAU?$_Rb_tree_node@U?$pair@$$CBVAsciiString@@V1@@_STL@@@2@ABVAsciiString@@@Z,0x0001F2F8,pinharvest x1 (thunk)
?_M_lower_bound@?$_Rb_tree@VAsciiString@@U?$pair@$$CBVAsciiString@@V1@@_STL@@U?$_Select1st@U?$pair@$$CBVAsciiString@@V1@@_STL@@@3@U?$less@VAsciiString@@@3@V?$allocator@U?$pair@$$CBVAsciiString@@V1@@_STL@@@3@@_STL@@ABEPAU?$_Rb_tree_node@U?$pair@$$CBVAsciiString@@V1@@_STL@@@2@ABVAsciiString@@@Z,0x0002D029,pinharvest x1 (thunk)
?_M_lower_bound@?$_Rb_tree@VAsciiString@@U?$pair@$$CBVAsciiString@@V1@@_STL@@U?$_Select1st@U?$pair@$$CBVAsciiString@@V1@@_STL@@@3@U?$less@VAsciiString@@@3@V?$allocator@U?$pair@$$CBVAsciiString@@V1@@_STL@@@3@@_STL@@ABEPAU?$_Rb_tree_node@U?$pair@$$CBVAsciiString@@V1@@_STL@@@2@ABVAsciiString@@@Z,0x0003BF2A,pinharvest x1 (thunk)
?_M_lower_bound@?$_Rb_tree@VAsciiString@@U?$pair@$$CBVAsciiString@@V1@@_STL@@U?$_Select1st@U?$pair@$$CBVAsciiString@@V1@@_STL@@@3@U?$less@VAsciiString@@@3@V?$allocator@U?$pair@$$CBVAsciiString@@V1@@_STL@@@3@@_STL@@ABEPAU?$_Rb_tree_node@U?$pair@$$CBVAsciiString@@V1@@_STL@@@2@ABVAsciiString@@@Z,0x00047F8C,pinharvest x1 (thunk)
?_M_lower_bound@?$_Rb_tree@VAsciiString@@U?$pair@$$CBVAsciiString@@V?$list@VAsciiString@@V?$allocator@VAsciiString@@@_STL@@@_STL@@@_STL@@U?$_Select1st@U?$pair@$$CBVAsciiString@@V?$list@VAsciiString@@V?$allocator@VAsciiString@@@_STL@@@_STL@@@_STL@@@3@U?$less@VAsciiString@@@3@V?$allocator@U?$pair@$$CBVAsciiString@@V?$list@VAsciiString@@V?$allocator@VAsciiString@@@_STL@@@_STL@@@_STL@@@3@@_STL@@ABEPAU?$_Rb_tree_node@U?$pair@$$CBVAsciiString@@V?$list@VAsciiString@@V?$allocator@VAsciiString@@@_STL@@@_STL@@@_STL@@@2@ABVAsciiString@@@Z,0x00007D06,pinharvest x1 (thunk)
?_M_lower_bound@?$_Rb_tree@VAsciiString@@U?$pair@$$CBVAsciiString@@V?$list@VAsciiString@@V?$allocator@VAsciiString@@@_STL@@@_STL@@@_STL@@U?$_Select1st@U?$pair@$$CBVAsciiString@@V?$list@VAsciiString@@V?$allocator@VAsciiString@@@_STL@@@_STL@@@_STL@@@3@U?$less@VAsciiString@@@3@V?$allocator@U?$pair@$$CBVAsciiString@@V?$list@VAsciiString@@V?$allocator@VAsciiString@@@_STL@@@_STL@@@_STL@@@3@@_STL@@ABEPAU?$_Rb_tree_node@U?$pair@$$CBVAsciiString@@V?$list@VAsciiString@@V?$allocator@VAsciiString@@@_STL@@@_STL@@@_STL@@@2@ABVAsciiString@@@Z,0x0001B60D,pinharvest x1 (thunk)
?_M_lower_bound@?$_Rb_tree@VAsciiString@@U?$pair@$$CBVAsciiString@@V?$list@VAsciiString@@V?$allocator@VAsciiString@@@_STL@@@_STL@@@_STL@@U?$_Select1st@U?$pair@$$CBVAsciiString@@V?$list@VAsciiString@@V?$allocator@VAsciiString@@@_STL@@@_STL@@@_STL@@@3@U?$less@VAsciiString@@@3@V?$allocator@U?$pair@$$CBVAsciiString@@V?$list@VAsciiString@@V?$allocator@VAsciiString@@@_STL@@@_STL@@@_STL@@@3@@_STL@@ABEPAU?$_Rb_tree_node@U?$pair@$$CBVAsciiString@@V?$list@VAsciiString@@V?$allocator@VAsciiString@@@_STL@@@_STL@@@_STL@@@2@ABVAsciiString@@@Z,0x0001F2F8,pinharvest x1 (thunk)
?_M_lower_bound@?$_Rb_tree@VAsciiString@@U?$pair@$$CBVAsciiString@@V?$list@VAsciiString@@V?$allocator@VAsciiString@@@_STL@@@_STL@@@_STL@@U?$_Select1st@U?$pair@$$CBVAsciiString@@V?$list@VAsciiString@@V?$allocator@VAsciiString@@@_STL@@@_STL@@@_STL@@@3@U?$less@VAsciiString@@@3@V?$allocator@U?$pair@$$CBVAsciiString@@V?$list@VAsciiString@@V?$allocator@VAsciiString@@@_STL@@@_STL@@@_STL@@@3@@_STL@@ABEPAU?$_Rb_tree_node@U?$pair@$$CBVAsciiString@@V?$list@VAsciiString@@V?$allocator@VAsciiString@@@_STL@@@_STL@@@_STL@@@2@ABVAsciiString@@@Z,0x0002D029,pinharvest x1 (thunk)
?_M_lower_bound@?$_Rb_tree@VAsciiString@@U?$pair@$$CBVAsciiString@@V?$list@VAsciiString@@V?$allocator@VAsciiString@@@_STL@@@_STL@@@_STL@@U?$_Select1st@U?$pair@$$CBVAsciiString@@V?$list@VAsciiString@@V?$allocator@VAsciiString@@@_STL@@@_STL@@@_STL@@@3@U?$less@VAsciiString@@@3@V?$allocator@U?$pair@$$CBVAsciiString@@V?$list@VAsciiString@@V?$allocator@VAsciiString@@@_STL@@@_STL@@@_STL@@@3@@_STL@@ABEPAU?$_Rb_tree_node@U?$pair@$$CBVAsciiString@@V?$list@VAsciiString@@V?$allocator@VAsciiString@@@_STL@@@_STL@@@_STL@@@2@ABVAsciiString@@@Z,0x0003BF2A,pinharvest x1 (thunk)
?_M_lower_bound@?$_Rb_tree@VAsciiString@@U?$pair@$$CBVAsciiString@@V?$list@VAsciiString@@V?$allocator@VAsciiString@@@_STL@@@_STL@@@_STL@@U?$_Select1st@U?$pair@$$CBVAsciiString@@V?$list@VAsciiString@@V?$allocator@VAsciiString@@@_STL@@@_STL@@@_STL@@@3@U?$less@VAsciiString@@@3@V?$allocator@U?$pair@$$CBVAsciiString@@V?$list@VAsciiString@@V?$allocator@VAsciiString@@@_STL@@@_STL@@@_STL@@@3@@_STL@@ABEPAU?$_Rb_tree_node@U?$pair@$$CBVAsciiString@@V?$list@VAsciiString@@V?$allocator@VAsciiString@@@_STL@@@_STL@@@_STL@@@2@ABVAsciiString@@@Z,0x00047F8C,pinharvest x1 (thunk)
?_M_lower_bound@?$_Rb_tree@VAsciiString@@U?$pair@$$CBVAsciiString@@VMapMetaData@@@_STL@@U?$_Select1st@U?$pair@$$CBVAsciiString@@VMapMetaData@@@_STL@@@3@U?$less@VAsciiString@@@3@V?$allocator@U?$pair@$$CBVAsciiString@@VMapMetaData@@@_STL@@@3@@_STL@@ABEPAU?$_Rb_tree_node@U?$pair@$$CBVAsciiString@@VMapMetaData@@@_STL@@@2@ABVAsciiString@@@Z,0x00007D06,pinharvest x1 (thunk)
?_M_lower_bound@?$_Rb_tree@VAsciiString@@U?$pair@$$CBVAsciiString@@VMapMetaData@@@_STL@@U?$_Select1st@U?$pair@$$CBVAsciiString@@VMapMetaData@@@_STL@@@3@U?$less@VAsciiString@@@3@V?$allocator@U?$pair@$$CBVAsciiString@@VMapMetaData@@@_STL@@@3@@_STL@@ABEPAU?$_Rb_tree_node@U?$pair@$$CBVAsciiString@@VMapMetaData@@@_STL@@@2@ABVAsciiString@@@Z,0x0001B60D,pinharvest x1 (thunk)
?_M_lower_bound@?$_Rb_tree@VAsciiString@@U?$pair@$$CBVAsciiString@@VMapMetaData@@@_STL@@U?$_Select1st@U?$pair@$$CBVAsciiString@@VMapMetaData@@@_STL@@@3@U?$less@VAsciiString@@@3@V?$allocator@U?$pair@$$CBVAsciiString@@VMapMetaData@@@_STL@@@3@@_STL@@ABEPAU?$_Rb_tree_node@U?$pair@$$CBVAsciiString@@VMapMetaData@@@_STL@@@2@ABVAsciiString@@@Z,0x0001F2F8,pinharvest x1 (thunk)
?_M_lower_bound@?$_Rb_tree@VAsciiString@@U?$pair@$$CBVAsciiString@@VMapMetaData@@@_STL@@U?$_Select1st@U?$pair@$$CBVAsciiString@@VMapMetaData@@@_STL@@@3@U?$less@VAsciiString@@@3@V?$allocator@U?$pair@$$CBVAsciiString@@VMapMetaData@@@_STL@@@3@@_STL@@ABEPAU?$_Rb_tree_node@U?$pair@$$CBVAsciiString@@VMapMetaData@@@_STL@@@2@ABVAsciiString@@@Z,0x0002D029,pinharvest x1 (thunk)
?_M_lower_bound@?$_Rb_tree@VAsciiString@@U?$pair@$$CBVAsciiString@@VMapMetaData@@@_STL@@U?$_Select1st@U?$pair@$$CBVAsciiString@@VMapMetaData@@@_STL@@@3@U?$less@VAsciiString@@@3@V?$allocator@U?$pair@$$CBVAsciiString@@VMapMetaData@@@_STL@@@3@@_STL@@ABEPAU?$_Rb_tree_node@U?$pair@$$CBVAsciiString@@VMapMetaData@@@_STL@@@2@ABVAsciiString@@@Z,0x0003BF2A,pinharvest x1 (thunk)
?_M_lower_bound@?$_Rb_tree@VAsciiString@@U?$pair@$$CBVAsciiString@@VMapMetaData@@@_STL@@U?$_Select1st@U?$pair@$$CBVAsciiString@@VMapMetaData@@@_STL@@@3@U?$less@VAsciiString@@@3@V?$allocator@U?$pair@$$CBVAsciiString@@VMapMetaData@@@_STL@@@3@@_STL@@ABEPAU?$_Rb_tree_node@U?$pair@$$CBVAsciiString@@VMapMetaData@@@_STL@@@2@ABVAsciiString@@@Z,0x00047F8C,pinharvest x1 (thunk)
?_M_lower_bound@?$_Rb_tree@VAsciiString@@V1@U?$_Identity@VAsciiString@@@_STL@@U?$less@VAsciiString@@@3@V?$allocator@VAsciiString@@@3@@_STL@@ABEPAU?$_Rb_tree_node@VAsciiString@@@2@ABVAsciiString@@@Z,0x00007D06,pinharvest x1 (thunk)
?_M_lower_bound@?$_Rb_tree@VAsciiString@@V1@U?$_Identity@VAsciiString@@@_STL@@U?$less@VAsciiString@@@3@V?$allocator@VAsciiString@@@3@@_STL@@ABEPAU?$_Rb_tree_node@VAsciiString@@@2@ABVAsciiString@@@Z,0x0001B60D,pinharvest x1 (thunk)
?_M_lower_bound@?$_Rb_tree@VAsciiString@@V1@U?$_Identity@VAsciiString@@@_STL@@U?$less@VAsciiString@@@3@V?$allocator@VAsciiString@@@3@@_STL@@ABEPAU?$_Rb_tree_node@VAsciiString@@@2@ABVAsciiString@@@Z,0x0001F2F8,pinharvest x1 (thunk)
?_M_lower_bound@?$_Rb_tree@VAsciiString@@V1@U?$_Identity@VAsciiString@@@_STL@@U?$less@VAsciiString@@@3@V?$allocator@VAsciiString@@@3@@_STL@@ABEPAU?$_Rb_tree_node@VAsciiString@@@2@ABVAsciiString@@@Z,0x0002D029,pinharvest x1 (thunk)
?_M_lower_bound@?$_Rb_tree@VAsciiString@@V1@U?$_Identity@VAsciiString@@@_STL@@U?$less@VAsciiString@@@3@V?$allocator@VAsciiString@@@3@@_STL@@ABEPAU?$_Rb_tree_node@VAsciiString@@@2@ABVAsciiString@@@Z,0x0003BF2A,pinharvest x1 (thunk)
?_M_lower_bound@?$_Rb_tree@VAsciiString@@V1@U?$_Identity@VAsciiString@@@_STL@@U?$less@VAsciiString@@@3@V?$allocator@VAsciiString@@@3@@_STL@@ABEPAU?$_Rb_tree_node@VAsciiString@@@2@ABVAsciiString@@@Z,0x00047F8C,pinharvest x1 (thunk)
?_M_lower_bound@?$_Rb_tree@VUnicodeString@@U?$pair@$$CBVUnicodeString@@_N@_STL@@U?$_Select1st@U?$pair@$$CBVUnicodeString@@_N@_STL@@@3@UUnicodeStringLessThan@@V?$allocator@U?$pair@$$CBVUnicodeString@@_N@_STL@@@3@@_STL@@ABEPAU?$_Rb_tree_node@U?$pair@$$CBVUnicodeString@@_N@_STL@@@2@ABVUnicodeString@@@Z,0x00021B16,LanguageFilter map operator[] callee (ILT thunk -> body 0x0044D370)
?_M_push_back_aux_v@?$deque@PAVMapObject@@V?$allocator@PAVMapObject@@@_STL@@@_STL@@IAEXABQAVMapObject@@@Z,0x00008553,pinharvest x4 (thunk)
?_M_push_back_aux_v@?$deque@PAVMapObject@@V?$allocator@PAVMapObject@@@_STL@@@_STL@@IAEXABQAVMapObject@@@Z,0x000179C7,pinharvest x4 (thunk)
?_M_push_back_aux_v@?$deque@PAVMapObject@@V?$allocator@PAVMapObject@@@_STL@@@_STL@@IAEXABQAVMapObject@@@Z,0x00025284,pinharvest x4 (thunk)
?_M_push_back_aux_v@?$deque@PAVMapObject@@V?$allocator@PAVMapObject@@@_STL@@@_STL@@IAEXABQAVMapObject@@@Z,0x0002FF1D,pinharvest x4 (thunk)
?_M_push_back_aux_v@?$deque@PAVMapObject@@V?$allocator@PAVMapObject@@@_STL@@@_STL@@IAEXABQAVMapObject@@@Z,0x00036C82,pinharvest x4 (thunk)
?_M_push_back_aux_v@?$deque@PAVMapObject@@V?$allocator@PAVMapObject@@@_STL@@@_STL@@IAEXABQAVMapObject@@@Z,0x0003BAD9,pinharvest x4 (thunk)
?_M_push_back_aux_v@?$deque@PAVPartitionCell@@V?$allocator@PAVPartitionCell@@@_STL@@@_STL@@IAEXABQAVPartitionCell@@@Z,0x00008553,pinharvest x4 (thunk)
?_M_push_back_aux_v@?$deque@PAVPartitionCell@@V?$allocator@PAVPartitionCell@@@_STL@@@_STL@@IAEXABQAVPartitionCell@@@Z,0x000179C7,pinharvest x4 (thunk)
?_M_push_back_aux_v@?$deque@PAVPartitionCell@@V?$allocator@PAVPartitionCell@@@_STL@@@_STL@@IAEXABQAVPartitionCell@@@Z,0x00025284,pinharvest x4 (thunk)
?_M_push_back_aux_v@?$deque@PAVPartitionCell@@V?$allocator@PAVPartitionCell@@@_STL@@@_STL@@IAEXABQAVPartitionCell@@@Z,0x0002FF1D,pinharvest x4 (thunk)
?_M_push_back_aux_v@?$deque@PAVPartitionCell@@V?$allocator@PAVPartitionCell@@@_STL@@@_STL@@IAEXABQAVPartitionCell@@@Z,0x00036C82,pinharvest x4 (thunk)
?_M_push_back_aux_v@?$deque@PAVPartitionCell@@V?$allocator@PAVPartitionCell@@@_STL@@@_STL@@IAEXABQAVPartitionCell@@@Z,0x0003BAD9,pinharvest x4 (thunk)
?_M_push_back_aux_v@?$deque@PAVSightingInfo@@V?$allocator@PAVSightingInfo@@@_STL@@@_STL@@IAEXABQAVSightingInfo@@@Z,0x00008553,pinharvest x4 (thunk)
?_M_push_back_aux_v@?$deque@PAVSightingInfo@@V?$allocator@PAVSightingInfo@@@_STL@@@_STL@@IAEXABQAVSightingInfo@@@Z,0x000179C7,pinharvest x4 (thunk)
?_M_push_back_aux_v@?$deque@PAVSightingInfo@@V?$allocator@PAVSightingInfo@@@_STL@@@_STL@@IAEXABQAVSightingInfo@@@Z,0x00025284,pinharvest x4 (thunk)
?_M_push_back_aux_v@?$deque@PAVSightingInfo@@V?$allocator@PAVSightingInfo@@@_STL@@@_STL@@IAEXABQAVSightingInfo@@@Z,0x0002FF1D,pinharvest x4 (thunk)
?_M_push_back_aux_v@?$deque@PAVSightingInfo@@V?$allocator@PAVSightingInfo@@@_STL@@@_STL@@IAEXABQAVSightingInfo@@@Z,0x00036C82,pinharvest x4 (thunk)
?_M_push_back_aux_v@?$deque@PAVSightingInfo@@V?$allocator@PAVSightingInfo@@@_STL@@@_STL@@IAEXABQAVSightingInfo@@@Z,0x0003BAD9,pinharvest x4 (thunk)
?_M_push_back_aux_v@?$deque@VGameResultsRequest@@V?$allocator@VGameResultsRequest@@@_STL@@@_STL@@IAEXABVGameResultsRequest@@@Z,0x0002217E
?_M_push_back_aux_v@?$deque@VGameResultsResponse@@V?$allocator@VGameResultsResponse@@@_STL@@@_STL@@IAEXABVGameResultsResponse@@@Z,0x0004A0B1
?_M_push_back_aux_v@?$deque@VPingRequest@@V?$allocator@VPingRequest@@@_STL@@@_STL@@IAEXABVPingRequest@@@Z,0x0002F6A3
?_M_push_back_aux_v@?$deque@VPingResponse@@V?$allocator@VPingResponse@@@_STL@@@_STL@@IAEXABVPingResponse@@@Z,0x0003C650
?_M_release_lock@NodeAllocMutex@_STL@@QAEXXZ,0x0082AD50,node_alloc deallocate lock release; mov [ecx],0 ret spinlock release
?_M_skip_to_next@?$_Hashtable_iterator@U?$pair@QBVGameWindow@@PAVWindowVideo@@@_STL@@PBVGameWindow@@UhashConstGameWindowPtr@WindowVideoManager@@U?$_Select1st@U?$pair@QBVGameWindow@@PAVWindowVideo@@@_STL@@@2@U?$equal_to@PBVGameWindow@@@2@V?$allocator@U?$pair@QBVGameWindow@@PAVWindowVideo@@@_STL@@@2@@_STL@@QAEPAU?$_Hashtable_node@U?$pair@QBVGameWindow@@PAVWindowVideo@@@_STL@@@2@XZ,0x00013BF6,site-decoded x1 (thunk)
?_M_skip_to_next@?$_Hashtable_iterator@U?$pair@QBVGameWindow@@PAVWindowVideo@@@_STL@@PBVGameWindow@@UhashConstGameWindowPtr@WindowVideoManager@@U?$_Select1st@U?$pair@QBVGameWindow@@PAVWindowVideo@@@_STL@@@2@U?$equal_to@PBVGameWindow@@@2@V?$allocator@U?$pair@QBVGameWindow@@PAVWindowVideo@@@_STL@@@2@@_STL@@QAEPAU?$_Hashtable_node@U?$pair@QBVGameWindow@@PAVWindowVideo@@@_STL@@@2@XZ,0x0004167D,site-decoded x2 (thunk)
?_M_skip_to_next@?$_Hashtable_iterator@U?$pair@QBVGameWindow@@PAVWindowVideo@@@_STL@@PBVGameWindow@@UhashConstGameWindowPtr@WindowVideoManager@@U?$_Select1st@U?$pair@QBVGameWindow@@PAVWindowVideo@@@_STL@@@2@U?$equal_to@PBVGameWindow@@@2@V?$allocator@U?$pair@QBVGameWindow@@PAVWindowVideo@@@_STL@@@2@@_STL@@QAEPAU?$_Hashtable_node@U?$pair@QBVGameWindow@@PAVWindowVideo@@@_STL@@@2@XZ,0x00043B8F,site-decoded x1 (thunk)
?_M_upper_bound@?$_Rb_tree@VAsciiString@@U?$pair@$$CBVAsciiString@@V1@@_STL@@U?$_Select1st@U?$pair@$$CBVAsciiString@@V1@@_STL@@@3@U?$less@VAsciiString@@@3@V?$allocator@U?$pair@$$CBVAsciiString@@V1@@_STL@@@3@@_STL@@ABEPAU?$_Rb_tree_node@U?$pair@$$CBVAsciiString@@V1@@_STL@@@2@ABVAsciiString@@@Z,0x00018ADE,pinharvest x1 (thunk)
?_M_upper_bound@?$_Rb_tree@VAsciiString@@U?$pair@$$CBVAsciiString@@V1@@_STL@@U?$_Select1st@U?$pair@$$CBVAsciiString@@V1@@_STL@@@3@U?$less@VAsciiString@@@3@V?$allocator@U?$pair@$$CBVAsciiString@@V1@@_STL@@@3@@_STL@@ABEPAU?$_Rb_tree_node@U?$pair@$$CBVAsciiString@@V1@@_STL@@@2@ABVAsciiString@@@Z,0x0001FD2A,pinharvest x1 (thunk)
?_M_upper_bound@?$_Rb_tree@VAsciiString@@U?$pair@$$CBVAsciiString@@V1@@_STL@@U?$_Select1st@U?$pair@$$CBVAsciiString@@V1@@_STL@@@3@U?$less@VAsciiString@@@3@V?$allocator@U?$pair@$$CBVAsciiString@@V1@@_STL@@@3@@_STL@@ABEPAU?$_Rb_tree_node@U?$pair@$$CBVAsciiString@@V1@@_STL@@@2@ABVAsciiString@@@Z,0x0002C958,pinharvest x1 (thunk)
?_M_upper_bound@?$_Rb_tree@VAsciiString@@U?$pair@$$CBVAsciiString@@V1@@_STL@@U?$_Select1st@U?$pair@$$CBVAsciiString@@V1@@_STL@@@3@U?$less@VAsciiString@@@3@V?$allocator@U?$pair@$$CBVAsciiString@@V1@@_STL@@@3@@_STL@@ABEPAU?$_Rb_tree_node@U?$pair@$$CBVAsciiString@@V1@@_STL@@@2@ABVAsciiString@@@Z,0x00043621,pinharvest x1 (thunk)
?_M_upper_bound@?$_Rb_tree@VAsciiString@@U?$pair@$$CBVAsciiString@@V1@@_STL@@U?$_Select1st@U?$pair@$$CBVAsciiString@@V1@@_STL@@@3@U?$less@VAsciiString@@@3@V?$allocator@U?$pair@$$CBVAsciiString@@V1@@_STL@@@3@@_STL@@ABEPAU?$_Rb_tree_node@U?$pair@$$CBVAsciiString@@V1@@_STL@@@2@ABVAsciiString@@@Z,0x00044602,pinharvest x1 (thunk)
?_M_upper_bound@?$_Rb_tree@VAsciiString@@U?$pair@$$CBVAsciiString@@V1@@_STL@@U?$_Select1st@U?$pair@$$CBVAsciiString@@V1@@_STL@@@3@U?$less@VAsciiString@@@3@V?$allocator@U?$pair@$$CBVAsciiString@@V1@@_STL@@@3@@_STL@@ABEPAU?$_Rb_tree_node@U?$pair@$$CBVAsciiString@@V1@@_STL@@@2@ABVAsciiString@@@Z,0x0004AC41,pinharvest x1 (thunk)
?_M_upper_bound@?$_Rb_tree@VAsciiString@@U?$pair@$$CBVAsciiString@@V?$list@VAsciiString@@V?$allocator@VAsciiString@@@_STL@@@_STL@@@_STL@@U?$_Select1st@U?$pair@$$CBVAsciiString@@V?$list@VAsciiString@@V?$allocator@VAsciiString@@@_STL@@@_STL@@@_STL@@@3@U?$less@VAsciiString@@@3@V?$allocator@U?$pair@$$CBVAsciiString@@V?$list@VAsciiString@@V?$allocator@VAsciiString@@@_STL@@@_STL@@@_STL@@@3@@_STL@@ABEPAU?$_Rb_tree_node@U?$pair@$$CBVAsciiString@@V?$list@VAsciiString@@V?$allocator@VAsciiString@@@_STL@@@_STL@@@_STL@@@2@ABVAsciiString@@@Z,0x00018ADE,pinharvest x1 (thunk)
?_M_upper_bound@?$_Rb_tree@VAsciiString@@U?$pair@$$CBVAsciiString@@V?$list@VAsciiString@@V?$allocator@VAsciiString@@@_STL@@@_STL@@@_STL@@U?$_Select1st@U?$pair@$$CBVAsciiString@@V?$list@VAsciiString@@V?$allocator@VAsciiString@@@_STL@@@_STL@@@_STL@@@3@U?$less@VAsciiString@@@3@V?$allocator@U?$pair@$$CBVAsciiString@@V?$list@VAsciiString@@V?$allocator@VAsciiString@@@_STL@@@_STL@@@_STL@@@3@@_STL@@ABEPAU?$_Rb_tree_node@U?$pair@$$CBVAsciiString@@V?$list@VAsciiString@@V?$allocator@VAsciiString@@@_STL@@@_STL@@@_STL@@@2@ABVAsciiString@@@Z,0x0001FD2A,pinharvest x1 (thunk)
?_M_upper_bound@?$_Rb_tree@VAsciiString@@U?$pair@$$CBVAsciiString@@V?$list@VAsciiString@@V?$allocator@VAsciiString@@@_STL@@@_STL@@@_STL@@U?$_Select1st@U?$pair@$$CBVAsciiString@@V?$list@VAsciiString@@V?$allocator@VAsciiString@@@_STL@@@_STL@@@_STL@@@3@U?$less@VAsciiString@@@3@V?$allocator@U?$pair@$$CBVAsciiString@@V?$list@VAsciiString@@V?$allocator@VAsciiString@@@_STL@@@_STL@@@_STL@@@3@@_STL@@ABEPAU?$_Rb_tree_node@U?$pair@$$CBVAsciiString@@V?$list@VAsciiString@@V?$allocator@VAsciiString@@@_STL@@@_STL@@@_STL@@@2@ABVAsciiString@@@Z,0x0002C958,pinharvest x1 (thunk)
?_M_upper_bound@?$_Rb_tree@VAsciiString@@U?$pair@$$CBVAsciiString@@V?$list@VAsciiString@@V?$allocator@VAsciiString@@@_STL@@@_STL@@@_STL@@U?$_Select1st@U?$pair@$$CBVAsciiString@@V?$list@VAsciiString@@V?$allocator@VAsciiString@@@_STL@@@_STL@@@_STL@@@3@U?$less@VAsciiString@@@3@V?$allocator@U?$pair@$$CBVAsciiString@@V?$list@VAsciiString@@V?$allocator@VAsciiString@@@_STL@@@_STL@@@_STL@@@3@@_STL@@ABEPAU?$_Rb_tree_node@U?$pair@$$CBVAsciiString@@V?$list@VAsciiString@@V?$allocator@VAsciiString@@@_STL@@@_STL@@@_STL@@@2@ABVAsciiString@@@Z,0x00043621,pinharvest x1 (thunk)
?_M_upper_bound@?$_Rb_tree@VAsciiString@@U?$pair@$$CBVAsciiString@@V?$list@VAsciiString@@V?$allocator@VAsciiString@@@_STL@@@_STL@@@_STL@@U?$_Select1st@U?$pair@$$CBVAsciiString@@V?$list@VAsciiString@@V?$allocator@VAsciiString@@@_STL@@@_STL@@@_STL@@@3@U?$less@VAsciiString@@@3@V?$allocator@U?$pair@$$CBVAsciiString@@V?$list@VAsciiString@@V?$allocator@VAsciiString@@@_STL@@@_STL@@@_STL@@@3@@_STL@@ABEPAU?$_Rb_tree_node@U?$pair@$$CBVAsciiString@@V?$list@VAsciiString@@V?$allocator@VAsciiString@@@_STL@@@_STL@@@_STL@@@2@ABVAsciiString@@@Z,0x00044602,pinharvest x1 (thunk)
?_M_upper_bound@?$_Rb_tree@VAsciiString@@U?$pair@$$CBVAsciiString@@V?$list@VAsciiString@@V?$allocator@VAsciiString@@@_STL@@@_STL@@@_STL@@U?$_Select1st@U?$pair@$$CBVAsciiString@@V?$list@VAsciiString@@V?$allocator@VAsciiString@@@_STL@@@_STL@@@_STL@@@3@U?$less@VAsciiString@@@3@V?$allocator@U?$pair@$$CBVAsciiString@@V?$list@VAsciiString@@V?$allocator@VAsciiString@@@_STL@@@_STL@@@_STL@@@3@@_STL@@ABEPAU?$_Rb_tree_node@U?$pair@$$CBVAsciiString@@V?$list@VAsciiString@@V?$allocator@VAsciiString@@@_STL@@@_STL@@@_STL@@@2@ABVAsciiString@@@Z,0x0004AC41,pinharvest x1 (thunk)
?_M_upper_bound@?$_Rb_tree@VAsciiString@@U?$pair@$$CBVAsciiString@@VMapMetaData@@@_STL@@U?$_Select1st@U?$pair@$$CBVAsciiString@@VMapMetaData@@@_STL@@@3@U?$less@VAsciiString@@@3@V?$allocator@U?$pair@$$CBVAsciiString@@VMapMetaData@@@_STL@@@3@@_STL@@ABEPAU?$_Rb_tree_node@U?$pair@$$CBVAsciiString@@VMapMetaData@@@_STL@@@2@ABVAsciiString@@@Z,0x00018ADE,pinharvest x1 (thunk)
?_M_upper_bound@?$_Rb_tree@VAsciiString@@U?$pair@$$CBVAsciiString@@VMapMetaData@@@_STL@@U?$_Select1st@U?$pair@$$CBVAsciiString@@VMapMetaData@@@_STL@@@3@U?$less@VAsciiString@@@3@V?$allocator@U?$pair@$$CBVAsciiString@@VMapMetaData@@@_STL@@@3@@_STL@@ABEPAU?$_Rb_tree_node@U?$pair@$$CBVAsciiString@@VMapMetaData@@@_STL@@@2@ABVAsciiString@@@Z,0x0001FD2A,pinharvest x1 (thunk)
?_M_upper_bound@?$_Rb_tree@VAsciiString@@U?$pair@$$CBVAsciiString@@VMapMetaData@@@_STL@@U?$_Select1st@U?$pair@$$CBVAsciiString@@VMapMetaData@@@_STL@@@3@U?$less@VAsciiString@@@3@V?$allocator@U?$pair@$$CBVAsciiString@@VMapMetaData@@@_STL@@@3@@_STL@@ABEPAU?$_Rb_tree_node@U?$pair@$$CBVAsciiString@@VMapMetaData@@@_STL@@@2@ABVAsciiString@@@Z,0x0002C958,pinharvest x1 (thunk)
?_M_upper_bound@?$_Rb_tree@VAsciiString@@U?$pair@$$CBVAsciiString@@VMapMetaData@@@_STL@@U?$_Select1st@U?$pair@$$CBVAsciiString@@VMapMetaData@@@_STL@@@3@U?$less@VAsciiString@@@3@V?$allocator@U?$pair@$$CBVAsciiString@@VMapMetaData@@@_STL@@@3@@_STL@@ABEPAU?$_Rb_tree_node@U?$pair@$$CBVAsciiString@@VMapMetaData@@@_STL@@@2@ABVAsciiString@@@Z,0x00043621,pinharvest x1 (thunk)
?_M_upper_bound@?$_Rb_tree@VAsciiString@@U?$pair@$$CBVAsciiString@@VMapMetaData@@@_STL@@U?$_Select1st@U?$pair@$$CBVAsciiString@@VMapMetaData@@@_STL@@@3@U?$less@VAsciiString@@@3@V?$allocator@U?$pair@$$CBVAsciiString@@VMapMetaData@@@_STL@@@3@@_STL@@ABEPAU?$_Rb_tree_node@U?$pair@$$CBVAsciiString@@VMapMetaData@@@_STL@@@2@ABVAsciiString@@@Z,0x00044602,pinharvest x1 (thunk)
?_M_upper_bound@?$_Rb_tree@VAsciiString@@U?$pair@$$CBVAsciiString@@VMapMetaData@@@_STL@@U?$_Select1st@U?$pair@$$CBVAsciiString@@VMapMetaData@@@_STL@@@3@U?$less@VAsciiString@@@3@V?$allocator@U?$pair@$$CBVAsciiString@@VMapMetaData@@@_STL@@@3@@_STL@@ABEPAU?$_Rb_tree_node@U?$pair@$$CBVAsciiString@@VMapMetaData@@@_STL@@@2@ABVAsciiString@@@Z,0x0004AC41,pinharvest x1 (thunk)
?_M_upper_bound@?$_Rb_tree@VAsciiString@@V1@U?$_Identity@VAsciiString@@@_STL@@U?$less@VAsciiString@@@3@V?$allocator@VAsciiString@@@3@@_STL@@ABEPAU?$_Rb_tree_node@VAsciiString@@@2@ABVAsciiString@@@Z,0x00018ADE,pinharvest x1 (thunk)
?_M_upper_bound@?$_Rb_tree@VAsciiString@@V1@U?$_Identity@VAsciiString@@@_STL@@U?$less@VAsciiString@@@3@V?$allocator@VAsciiString@@@3@@_STL@@ABEPAU?$_Rb_tree_node@VAsciiString@@@2@ABVAsciiString@@@Z,0x0001FD2A,pinharvest x1 (thunk)
?_M_upper_bound@?$_Rb_tree@VAsciiString@@V1@U?$_Identity@VAsciiString@@@_STL@@U?$less@VAsciiString@@@3@V?$allocator@VAsciiString@@@3@@_STL@@ABEPAU?$_Rb_tree_node@VAsciiString@@@2@ABVAsciiString@@@Z,0x0002C958,pinharvest x1 (thunk)
?_M_upper_bound@?$_Rb_tree@VAsciiString@@V1@U?$_Identity@VAsciiString@@@_STL@@U?$less@VAsciiString@@@3@V?$allocator@VAsciiString@@@3@@_STL@@ABEPAU?$_Rb_tree_node@VAsciiString@@@2@ABVAsciiString@@@Z,0x00043621,pinharvest x1 (thunk)
?_M_upper_bound@?$_Rb_tree@VAsciiString@@V1@U?$_Identity@VAsciiString@@@_STL@@U?$less@VAsciiString@@@3@V?$allocator@VAsciiString@@@3@@_STL@@ABEPAU?$_Rb_tree_node@VAsciiString@@@2@ABVAsciiString@@@Z,0x00044602,pinharvest x1 (thunk)
?_M_upper_bound@?$_Rb_tree@VAsciiString@@V1@U?$_Identity@VAsciiString@@@_STL@@U?$less@VAsciiString@@@3@V?$allocator@VAsciiString@@@3@@_STL@@ABEPAU?$_Rb_tree_node@VAsciiString@@@2@ABVAsciiString@@@Z,0x0004AC41,pinharvest x1 (thunk)
?_Rebalance_for_erase@?$_Rb_global@_N@_STL@@SAPAU_Rb_tree_node_base@2@PAU32@AAPAU32@11@Z,0x0082CB60
?add@DynamicVectorAddPtrPairShim@@QAE_NABUPtrPairStruct@PointerRemapClass@@@Z,0x000D0AE0,DynamicVectorClass Add PtrPair incremental-link thunk target through a TU-local forwarding shim
?add@MultiIniFieldParse@@QAEXPBUFieldParse@@I@Z,0x00850920,additive; direct body / per-TU copy
?add@PlayerAddScienceShim@@QAE_NW4ScienceType@@@Z,0x000D5380,Player addScience incremental-link thunk target through a TU-local forwarding shim
?add@PlayerAddUpgradeShim@@QAEPAVUpgrade@@PBVUpgradeTemplate@@W4UpgradeStatusType@@@Z,0x000D24C0,Player addUpgrade incremental-link thunk target through a TU-local forwarding shim
?add@TeamsInfoRecAddTeamShim@@QAEXPBVDict@@@Z,0x0005EE90,TeamsInfoRec addTeam incremental-link thunk target through a TU-local forwarding shim
?add@TerrainLogicAddWaypointLinkShim@@QAEXHH@Z,0x001A60F0,TerrainLogic addWaypointLink incremental-link thunk target through a TU-local forwarding shim
?addAckBothCommand@NetPacket@@IAE_NPAVNetCommandRef@@@Z,0x0003DDA7,the address addCommand's arm encodes; the body's own incremental-link thunk is a further hop
?addAckBothCommand@NetPacket@@IAE_NPAVNetCommandRef@@@Z,0x00680290,addCommand's jump-table arm for command type 0
?addAckStage1Command@NetPacket@@IAE_NPAVNetCommandRef@@@Z,0x00011810,the address addCommand's arm encodes; the body's own incremental-link thunk is a further hop
?addAckStage1Command@NetPacket@@IAE_NPAVNetCommandRef@@@Z,0x006802D0,addCommand's jump-table arm for command type 1
?addAckStage2Command@NetPacket@@IAE_NPAVNetCommandRef@@@Z,0x0003A0AD,the address addCommand's arm encodes; the body's own incremental-link thunk is a further hop
?addAckStage2Command@NetPacket@@IAE_NPAVNetCommandRef@@@Z,0x00680310,addCommand's jump-table arm for command type 2
?addArgType@GameMessageParser@@QAEXW4GameMessageArgumentDataType@@H@Z,0x0000B569,GameMessageParser::addArgType thunk
?addAudioEventEx@AudioManager@@QAEIPBVAudioEventRTS@@HHH@Z,0x00020B08,AudioManager::addAudioEvent thiscall impl
?addChatCommand@NetPacket@@IAE_NPAVNetCommandRef@@@Z,0x00031115,the address addCommand's arm encodes; the body's own incremental-link thunk is a further hop
?addChatCommand@NetPacket@@IAE_NPAVNetCommandRef@@@Z,0x0067FF20,addCommand's jump-table arm for command type 14
?addCommand@NetPacket@@QAE_NPAVNetCommandRef@@@Z,0x006811B0,the jump-table dispatcher doSend calls; identified from the call site
?addDestroyPlayerCommand@NetPacket@@IAE_NPAVNetCommandRef@@@Z,0x000365AC,the address addCommand's arm encodes; the body's own incremental-link thunk is a further hop
?addDestroyPlayerCommand@NetPacket@@IAE_NPAVNetCommandRef@@@Z,0x0067BE60,addCommand's jump-table arm for command type 11
?addDisconnectChatCommand@NetPacket@@IAE_NPAVNetCommandRef@@@Z,0x00007EFF,the address addCommand's arm encodes; the body's own incremental-link thunk is a further hop
?addDisconnectChatCommand@NetPacket@@IAE_NPAVNetCommandRef@@@Z,0x0067FC80,addCommand's jump-table arm for command type 13
?addDisconnectFrameCommand@NetPacket@@IAE_NPAVNetCommandRef@@@Z,0x000115C2,the address addCommand's arm encodes; the body's own incremental-link thunk is a further hop
?addDisconnectFrameCommand@NetPacket@@IAE_NPAVNetCommandRef@@@Z,0x0067A410,addCommand's jump-table arm for command type 27
?addDisconnectKeepAliveCommand@NetPacket@@IAE_NPAVNetCommandRef@@@Z,0x0002BAB2,the address addCommand's arm encodes; the body's own incremental-link thunk is a further hop
?addDisconnectKeepAliveCommand@NetPacket@@IAE_NPAVNetCommandRef@@@Z,0x0067BA20,addCommand's jump-table arm for command type 24
?addDisconnectPlayerCommand@NetPacket@@IAE_NPAVNetCommandRef@@@Z,0x00003B98,the address addCommand's arm encodes; the body's own incremental-link thunk is a further hop
?addDisconnectPlayerCommand@NetPacket@@IAE_NPAVNetCommandRef@@@Z,0x0067B750,addCommand's jump-table arm for command type 25
?addDisconnectScreenOffCommand@NetPacket@@IAE_NPAVNetCommandRef@@@Z,0x00023079,the address addCommand's arm encodes; the body's own incremental-link thunk is a further hop
?addDisconnectScreenOffCommand@NetPacket@@IAE_NPAVNetCommandRef@@@Z,0x00679810,addCommand's jump-table arm for command type 28
?addDisconnectVoteCommand@NetPacket@@IAE_NPAVNetCommandRef@@@Z,0x000422F8,the address addCommand's arm encodes; the body's own incremental-link thunk is a further hop
?addDisconnectVoteCommand@NetPacket@@IAE_NPAVNetCommandRef@@@Z,0x0067B480,addCommand's jump-table arm for command type 26
?addFile@ArchiveFile@@QAEXABVAsciiString@@PBUArchivedFileInfo@@@Z,0x009D1110,called once per BIG directory entry
?addFileAnnounceCommand@NetPacket@@IAE_NPAVNetCommandRef@@@Z,0x0003233F,the address addCommand's arm encodes; the body's own incremental-link thunk is a further hop
?addFileAnnounceCommand@NetPacket@@IAE_NPAVNetCommandRef@@@Z,0x0067F950,addCommand's jump-table arm for command type 20
?addFileCommand@NetPacket@@IAE_NPAVNetCommandRef@@@Z,0x000092EB,the address addCommand's arm encodes; the body's own incremental-link thunk is a further hop
?addFileCommand@NetPacket@@IAE_NPAVNetCommandRef@@@Z,0x0067F600,addCommand's jump-table arm for command type 19
?addFileProgressCommand@NetPacket@@IAE_NPAVNetCommandRef@@@Z,0x00002A31,the address addCommand's arm encodes; the body's own incremental-link thunk is a further hop
?addFileProgressCommand@NetPacket@@IAE_NPAVNetCommandRef@@@Z,0x0067A700,addCommand's jump-table arm for command type 21
?addFrameCommand@NetPacket@@IAE_NPAVNetCommandRef@@@Z,0x00016081,the address addCommand's arm encodes; the body's own incremental-link thunk is a further hop
?addFrameCommand@NetPacket@@IAE_NPAVNetCommandRef@@@Z,0x0067C6C0,addCommand's jump-table arm for command type 3
?addGameCommand@NetPacket@@IAE_NPAVNetCommandRef@@@Z,0x0002F9FF,the address addCommand's arm encodes; the body's own incremental-link thunk is a further hop
?addGameCommand@NetPacket@@IAE_NPAVNetCommandRef@@@Z,0x0067CA00,addCommand's jump-table arm for command type 4
?addGameSpyStatsAuthKeyCommand@NetPacket@@IAE_NPAVNetCommandRef@@@Z,0x0001C69D,the address addCommand's arm encodes; the body's own incremental-link thunk is a further hop
?addGameSpyStatsAuthKeyCommand@NetPacket@@IAE_NPAVNetCommandRef@@@Z,0x00680620,addCommand's jump-table arm for command type 6
?addInformPlayerLeaveFrameCommand@NetPacket@@IAE_NPAVNetCommandRef@@@Z,0x0004901C,the address addCommand's arm encodes; the body's own incremental-link thunk is a further hop
?addInformPlayerLeaveFrameCommand@NetPacket@@IAE_NPAVNetCommandRef@@@Z,0x00679B00,addCommand's jump-table arm for command type 8
?addKeepAliveCommand@NetPacket@@IAE_NPAVNetCommandRef@@@Z,0x00022BFB,the address addCommand's arm encodes; the body's own incremental-link thunk is a further hop
?addKeepAliveCommand@NetPacket@@IAE_NPAVNetCommandRef@@@Z,0x0067BC40,addCommand's jump-table arm for command type 12
?addLoadCompleteMessage@NetPacket@@IAE_NPAVNetCommandRef@@@Z,0x0002ED4D,the address addCommand's arm encodes; the body's own incremental-link thunk is a further hop
?addLoadCompleteMessage@NetPacket@@IAE_NPAVNetCommandRef@@@Z,0x0067AFD0,addCommand's jump-table arm for command type 16
?addPlayerFrameRatiosCommand@NetPacket@@IAE_NPAVNetCommandRef@@@Z,0x00017319,the address addCommand's arm encodes; the body's own incremental-link thunk is a further hop
?addPlayerFrameRatiosCommand@NetPacket@@IAE_NPAVNetCommandRef@@@Z,0x0067C150,addCommand's jump-table arm for command type 22
?addPlayerLeaveCommand@NetPacket@@IAE_NPAVNetCommandRef@@@Z,0x00034CB1,the address addCommand's arm encodes; the body's own incremental-link thunk is a further hop
?addPlayerLeaveCommand@NetPacket@@IAE_NPAVNetCommandRef@@@Z,0x0067C410,addCommand's jump-table arm for command type 10
?addProgressMessage@NetPacket@@IAE_NPAVNetCommandRef@@@Z,0x000155FA,the address addCommand's arm encodes; the body's own incremental-link thunk is a further hop
?addProgressMessage@NetPacket@@IAE_NPAVNetCommandRef@@@Z,0x0067B250,addCommand's jump-table arm for command type 15
?addRequestFrameDataCommand@NetPacket@@IAE_NPAVNetCommandRef@@@Z,0x0001E1D7,the address addCommand's arm encodes; the body's own incremental-link thunk is a further hop
?addRequestFrameDataCommand@NetPacket@@IAE_NPAVNetCommandRef@@@Z,0x0067A100,addCommand's jump-table arm for command type 9
?addRequestGameSpyStatsAuthKeyCommand@NetPacket@@IAE_NPAVNetCommandRef@@@Z,0x00026003,the address addCommand's arm encodes; the body's own incremental-link thunk is a further hop
?addRequestGameSpyStatsAuthKeyCommand@NetPacket@@IAE_NPAVNetCommandRef@@@Z,0x00680350,addCommand's jump-table arm for command type 5
?addRequestPlayerLeaveCommand@NetPacket@@IAE_NPAVNetCommandRef@@@Z,0x00024717,the address addCommand's arm encodes; the body's own incremental-link thunk is a further hop
?addRequestPlayerLeaveCommand@NetPacket@@IAE_NPAVNetCommandRef@@@Z,0x00679E10,addCommand's jump-table arm for command type 7
?addScience@Player@@AAE_NW4ScienceType@@@Z,0x00036057
?addSciencePurchasePoints@Player@@QAEXH@Z,0x0000F0F1
?addScorch@BaseHeightMapRenderObjClass@@QAEXVVector3@@MW4Scorches@@@Z,0x00047906
?addShadowCore@BFMEShadowManagerLayout@@QAEPAVW3DProjectedShadow@@PAVW3DShadowTexture@@PAVRenderObjClass@@W4ShadowType@@_NMMHMMPAPAV2@3PAVDrawable@@3@Z,0x000193BC,retail projected-shadow 13-argument core ILT thunk
?addTeam@TeamsInfoRec@@QAEXPBVDict@@@Z,0x0000D828,pinharvest x4 (thunk)
?addTeam@TeamsInfoRec@@QAEXPBVDict@@@Z,0x0003275E,pinharvest x2 (thunk)
?addTimeOutGameStartMessage@NetPacket@@IAE_NPAVNetCommandRef@@@Z,0x00037263,the address addCommand's arm encodes; the body's own incremental-link thunk is a further hop
?addTimeOutGameStartMessage@NetPacket@@IAE_NPAVNetCommandRef@@@Z,0x0067AD50,addCommand's jump-table arm for command type 17
?addToBuildList@SidesInfo@@QAEXPAVBuildListInfo@@H@Z,0x0000DD9B
?addUpgrade@Player@@QAEPAVUpgrade@@PBVUpgradeTemplate@@W4UpgradeStatusType@@@Z,0x00040327
?addVelocity@WaterRenderObjClass@@QAEXMMMM@Z,0x0079F5F0,thunk-resolved body (via 0x4ae8f)
?addWaypointLink@TerrainLogic@@IAEXHH@Z,0x00038B77
?addWrapperCommand@NetPacket@@IAE_NPAVNetCommandRef@@@Z,0x0002FF0E,the address addCommand's arm encodes; the body's own incremental-link thunk is a further hop
?addWrapperCommand@NetPacket@@IAE_NPAVNetCommandRef@@@Z,0x0067A9D0,addCommand's jump-table arm for command type 18
?adjust@ControlBarAdjuster@@QAEXHH@Z,0x000378EE,setSquishedControlBarConfig adjust call; ILT thunk for body 0x004ADE40
?adjust@ObjectAdjustModelConditionShim@@QAEXXZ,0x001CA0F0,Object adjustModelConditionForWeaponStatus incremental-link thunk target through a TU-local forwarding shim
?adjustDisplay@@YAXPAVGameWindow@@_N@Z,0x004B7B20,BFME-only 2-arg overload (no adjustment param); proven from computeTotalHeight's own bytes (0x4B7ED0: 2 pushes + add esp8) distinct from the general 3-arg adjustDisplay@0x4B7CA0 (addEntry's bytes: 3 pushes + add esp0xc)
?adjustModelConditionForWeaponStatus@Object@@QAEXXZ,0x000276D3,ILT thunk; real body 0x5CA0F0
?aiAttackObject@AICommandInterface@@QAEXPAVObject@@HW4CommandSourceType@@@Z,0x0002EDCF,retail AIEnterState::update call target
?allocArg@GameMessage@@AAEPAUArgument@1@XZ,0x0002CC8C,GameMessage::allocArg private helper not yet converted to C++; retail target of the append*Argument leaves' call
?allocate@__new_alloc@_STL@@SAPAXI@Z,0x0082E540,stlport static-lib allocate (SEH body; not operator new @ 0x881F30)
?allocate_and_copy@HideShowSubObjInfoAllocateAndCopyShim@_STL@@QAEPAUHideShowSubObjInfo@ModelConditionInfo@@IPBU34@0@Z,0x003B4C80,_STL vector _M_allocate_and_copy HideShowSubObjInfo incremental-link thunk target through a TU-local forwarding shim
?allocate_and_copy@ModuleInfoNuggetAllocateAndCopyShim@_STL@@QAEPAUNugget@ModuleInfo@@IPBU34@0@Z,0x0076B3B0,_STL vector _M_allocate_and_copy ModuleInfo Nugget incremental-link thunk target through a TU-local forwarding shim
?allocate_and_copy@ObjectPointerAllocateAndCopyShim@_STL@@QAEPAPAVObject@@IPBQAV3@0@Z,0x004A0140,_STL vector _M_allocate_and_copy Object* incremental-link thunk target through a TU-local forwarding shim
?allocate_and_copy@ParticleSysBoneInfoAllocateAndCopyShim@_STL@@QAEPAUParticleSysBoneInfo@@IPBU3@0@Z,0x000A7E00,_STL vector _M_allocate_and_copy ParticleSysBoneInfo incremental-link thunk target through a TU-local forwarding shim
?allocate_and_copy@PrereqUnitRecAllocateAndCopyShim@_STL@@QAEPAUPrereqUnitRec@ProductionPrerequisite@@IPBU34@0@Z,0x003B5E20,_STL vector _M_allocate_and_copy PrereqUnitRec incremental-link thunk target through a TU-local forwarding shim
?allocate_and_copy@ProductionPrerequisiteAllocateAndCopyShim@_STL@@QAEPAVProductionPrerequisite@@IPBV3@0@Z,0x003B6460,_STL vector _M_allocate_and_copy ProductionPrerequisite incremental-link thunk target through a TU-local forwarding shim
?allocate_and_copy@W3DAnimationInfoAllocateAndCopyShim@_STL@@QAEPAVW3DAnimationInfo@@IPBV3@0@Z,0x003B5000,_STL vector _M_allocate_and_copy W3DAnimationInfo incremental-link thunk target through a TU-local forwarding shim
?anyIntersectionWith@?$BitFlags@$0HE@@@QBE_NABV1@@Z,0x00003873,pinharvest x1 (thunk)
?anyIntersectionWith@?$BitFlags@$0HE@@@QBE_NABV1@@Z,0x0003291B,pinharvest x1 (thunk)
?anyIntersectionWith@?$BitFlags@$0HE@@@QBE_NABV1@@Z,0x00041D49,pinharvest x1 (thunk)
?anyIntersectionWith@?$BitFlags@$0HE@@@QBE_NABV1@@Z,0x00046C3B,pinharvest x1 (thunk)
?anyIntersectionWith@?$BitFlags@$0HE@@@QBE_NABV1@@Z,0x000497D3,pinharvest x1 (thunk)
?append@PathAppendNodeShim@@QAEXPBUCoord3D@@W4PathfindLayerEnum@@@Z,0x0016A4B0,Path appendNode incremental-link thunk target through a TU-local forwarding shim
?appendBooleanArgument@GameMessage@@QAEX_N@Z,0x000032AB,GameMessage::appendBooleanArgument thunk
?appendDrawableIDArgument@GameMessage@@QAEXI@Z,0x000154BF,GameMessage::appendDrawableIDArgument thunk
?appendIntegerArgument@GameMessage@@QAEXH@Z,0x00001370,GameMessage::appendIntegerArgument thunk
?appendLocationArgument@GameMessage@@QAEXABUCoord3D@@@Z,0x00037AD8,GameMessage::appendLocationArgument thunk
?appendNode@Path@@QAEXPBUCoord3D@@W4PathfindLayerEnum@@@Z,0x0003833E,retail Path::appendNode ILT thunk (body 0x0016A4B0)
?appendObjectIDArgument@GameMessage@@QAEXI@Z,0x0002BCEC,GameMessage::appendObjectIDArgument thunk
?appendPixelArgument@GameMessage@@QAEXABUICoord2D@@@Z,0x0002EA41,GameMessage::appendPixelArgument thunk
?appendPixelRegionArgument@GameMessage@@QAEXABUIRegion2D@@@Z,0x00011DCE,GameMessage::appendPixelRegionArgument thunk
?appendRealArgument@GameMessage@@QAEXM@Z,0x00002608,GameMessage::appendRealArgument thunk
?appendTeamIDArgument@GameMessage@@QAEXI@Z,0x0000C522,GameMessage::appendTeamIDArgument thunk
?appendTimestampArgument@GameMessage@@QAEXI@Z,0x0000D558,GameMessage::appendTimestampArgument thunk
?appendWideCharArgument@GameMessage@@QAEXABG@Z,0x000028C9,GameMessage::appendWideCharArgument thunk
?apply@ControlBarSetDefaultConfigShim@@QAEXXZ,0x0049E090,ControlBar setDefaultControlBarConfig incremental-link thunk target through a TU-local forwarding shim
?apply@ControlBarSetLowConfigShim@@QAEXXZ,0x0049E120,ControlBar setLowControlBarConfig incremental-link thunk target through a TU-local forwarding shim
?apply@ToppleUpdateApplyTopplingForceShim@@QAEXPBUCoord3D@@MI@Z,0x002B1BC0,ToppleUpdate applyTopplingForce incremental-link thunk target through a TU-local forwarding shim
?applyDefinition@INI@@QAEXPAVInGameUI@@PAX@Z,0x008520A0,INI parseInGameUIDefinition callee thiscall apply
?applyDifficultyBonuses@ScriptActionsDifficultyListNode@@QAEX_N@Z,0x00016F2C,doEnableOrDisableObjectDifficultyBonuses per-node call; ILT thunk for body 0x001BE7D0
?applyTopplingForce@ToppleUpdate@@QAEXPBUCoord3D@@MI@Z,0x0003FC97
?arrange@ControlBarArranger@@QAEXHH@Z,0x0001949D,setSquishedControlBarConfig arrange call; ILT thunk for GameWindow::winSetPosition (body 0x004780D0)
?assign@DefaultModuleTemplate0AssignShim@FXParticleSystem@@QAEXPBX@Z,0x000111C6,DefaultModuleTemplate<0> assignment thunk used through a TU-local layout shim
?assign@DefaultModuleTemplate1AssignShim@FXParticleSystem@@QAEXPBX@Z,0x0001EC36,DefaultModuleTemplate<1> assignment thunk used through a TU-local layout shim
?assign@DefaultModuleTemplate2AssignShim@FXParticleSystem@@QAEXPBX@Z,0x00002A09,DefaultModuleTemplate<2> assignment thunk used through a TU-local layout shim
?assign@DefaultModuleTemplate7AssignShim@FXParticleSystem@@QAEXPBX@Z,0x00017F53,DefaultModuleTemplate<7> assignment thunk used through a TU-local layout shim
?assign@LifeEventAsciiStringAssignShim@FXParticleSystem@@QAEXPBX@Z,0x00887C90,LifeEventModuleInfo AsciiString assignment thunk used through a TU-local layout shim
?assign@LightningDrawTemplateAssignShim@FXParticleSystem@@QAEXPBX@Z,0x0003E108,LightningDrawModuleTemplate assignment thunk used through a TU-local layout shim
?assign@ObjectIDPairVectorAssignShim@_STL@@QAEAAV?$vector@U?$pair@W4ObjectID@@I@_STL@@V?$allocator@U?$pair@W4ObjectID@@I@_STL@@@2@@2@ABV32@@Z,0x00095D30,ObjectID vector incremental-link thunk target through a TU-local forwarding shim
?assign@ParticleSystemTemplateInfoAssignShim@FXParticleSystem@@QAEXPBX@Z,0x000387C6,ParticleSystemTemplate base-info assignment thunk used through a TU-local layout shim
?assign@ParticleSystemTemplateTailAssignShim@FXParticleSystem@@QAEXPBX@Z,0x0004A232,ParticleSystemTemplate tail assignment thunk used through a TU-local layout shim
?assign@PlayerTemplateAssignShim@@QAEAAVPlayerTemplate@@ABV2@@Z,0x000E32D0,PlayerTemplate assignment incremental-link thunk target through a TU-local forwarding shim
?assign@PrimitiveAnimationChannelFloatAssignShim@@QAEABV1@ABV1@@Z,0x000A4B60,PrimitiveAnimationChannelClass float assignment incremental-link thunk target through a TU-local forwarding shim
?assign@PrimitiveAnimationChannelVector3AssignShim@@QAEABV1@ABV1@@Z,0x00439140,PrimitiveAnimationChannelClass Vector3 assignment incremental-link thunk target through a TU-local forwarding shim
?assign@RenderObjectDrawTemplateAssignShim@FXParticleSystem@@QAEXPBX@Z,0x00007E14,RenderObjectDrawModuleTemplate assignment thunk used through a TU-local layout shim
?assign@RenderObjectUpdateTemplateAssignShim@FXParticleSystem@@QAEXPBX@Z,0x0003E2C5,RenderObjectUpdateModuleTemplate assignment thunk used through a TU-local layout shim
?assign@StringClassAssignShim@@QAEABVStringClass@@ABV2@@Z,0x0013B600,StringClass assignment incremental-link thunk target through a TU-local forwarding shim
?at@ModuleTemplateMapOperatorShim@@QAEAAVModuleTemplate@ModuleFactory@@ABH@Z,0x001296E0,ModuleTemplateMap operator[] incremental-link thunk target through a TU-local forwarding shim
?attachFile@ArchiveFile@@QAEXPAVFile@@@Z,0x009CE560,closes any previous file then stores the new one
?attack@AIGroupGroupAttackObjectPrivateShim@@QAEX_NPAVObject@@HW4CommandSourceType@@@Z,0x00155DA0,AIGroup groupAttackObjectPrivate incremental-link thunk target through a TU-local forwarding shim
?audioManagerAddEventHelper@@YGIPBVAudioEventRTS@@HHH@Z,0x00020B08,AudioManager addAudioEvent helper YGI stdcall
?awaken@GameLogicAwakenUpdateModuleShim@@QAEXPAVObject@@PAVUpdateModule@@I@Z,0x0038D870,GameLogic friend_awakenUpdateModule incremental-link thunk target through a TU-local forwarding shim
?begin@?$hashtable@U?$pair@QBVGameWindow@@PAVWindowVideo@@@_STL@@PBVGameWindow@@UhashConstGameWindowPtr@WindowVideoManager@@U?$_Select1st@U?$pair@QBVGameWindow@@PAVWindowVideo@@@_STL@@@2@U?$equal_to@PBVGameWindow@@@2@V?$allocator@U?$pair@QBVGameWindow@@PAVWindowVideo@@@_STL@@@2@@_STL@@QAE?AU?$_Ht_iterator@U?$pair@QBVGameWindow@@PAVWindowVideo@@@_STL@@U?$_Nonconst_traits@U?$pair@QBVGameWindow@@PAVWindowVideo@@@_STL@@@2@PBVGameWindow@@UhashConstGameWindowPtr@WindowVideoManager@@U?$_Select1st@U?$pair@QBVGameWindow@@PAVWindowVideo@@@_STL@@@2@U?$equal_to@PBVGameWindow@@@2@V?$allocator@U?$pair@QBVGameWindow@@PAVWindowVideo@@@_STL@@@2@@2@XZ,0x0003EE14
?begin@FirewallHelperDetectionBeginUpdateShim@@QAE_NXZ,0x0066EFA0,FirewallHelperClass detectionBeginUpdate incremental-link thunk target through a TU-local forwarding shim
?bfmePushBack@BFMEAnimateWindowListPush@@QAEXABQAVAnimateWindow@@@Z,0x00022D36,BFME out-of-line list<AnimateWindow*>::push_back body 0x45DAE0 via ILT thunk
?bind@UDPBindShim@@QAEHIG@Z,0x00684900,UDP Bind incremental-link thunk target through a TU-local forwarding shim
?bkt_num_key@AudioEventHashtableBktNumKeyShim@_STL@@QBEIABVAsciiString@@I@Z,0x000B8670,incremental-link thunk target through a TU-local forwarding shim
?bkt_num_key@AudioEventInfoBktNumKeyShim@_STL@@QBEIABVAsciiString@@I@Z,0x000B8670,incremental-link thunk target through a TU-local forwarding shim
?blendTileData@BFMERetailWorldHeightMap@@QAEXPAUTBlendTileInfo@@H@Z,0x000167F7,retail WorldHeightMap::blendTileData ILT thunk
?blendTileData@BFMERetailWorldHeightMapBlendTileDataShim@@QAEXPAUTBlendTileInfo@@H@Z,0x0074A240,BFME WorldHeightMap incremental-link thunk target through a TU-local forwarding shim
?build@ActiveBodyModuleDataBuildFieldParseShim@@SAXAAVMultiIniFieldParse@@@Z,0x002284A0,ActiveBodyModuleData buildFieldParse incremental-link thunk target through a TU-local forwarding shim
?build@W3DRadarBuildTerrainTextureShim@@QAEXPAVTerrainLogic@@@Z,0x006C39D0,W3DRadar buildTerrainTexture incremental-link thunk target through a TU-local forwarding shim
?buildFieldParse@AIUpdateModuleData@@SAXAAVMultiIniFieldParse@@@Z,0x00019772,pinharvest x1 (thunk)
?buildFieldParse@ActiveBodyModuleData@@SAXAAVMultiIniFieldParse@@@Z,0x00019772,ILT thunk; real body 0x6284A0
?buildSegments@W3DRopeDraw@@AAEXXZ,0x0002354C,retail W3DRopeDraw vtable-bound doDrawModule call
?buildTerrainTexture@W3DRadar@@IAEXPAVTerrainLogic@@@Z,0x0002248F,pinharvest x1 (thunk)
?buildTerrainTexture@W3DRadar@@IAEXPAVTerrainLogic@@@Z,0x00041506,pinharvest x1 (thunk)
?buildTerrainTexture@W3DRadar@@IAEXPAVTerrainLogic@@@Z,0x0089F530,pinharvest x1 (body)
?calcNumPrereqUnitsOwned@ProductionPrerequisite@@ABEHPBVPlayer@@QAH@Z,0x000379B1
?call@ArmorMapHelperShim@@QBE_NABV?$BitFlags@$0L@@@0@Z,0x00140740,incremental-link thunk target through a TU-local forwarding shim
?call@WeaponMapHelperShim@@QBE_NABV?$BitFlags@$0BB@@@0@Z,0x001407A0,incremental-link thunk target through a TU-local forwarding shim
?canEnterObject@BFMEActionManager@@QAE_NPBVObject@@0W4CommandSourceType@@W4CanEnterType@@PA_N@Z,0x0002D588,retail five-argument ActionManager ABI thunk (body 0x000C5440)
?changeGridHeight@WaterRenderObjClass@@QAEXMMM@Z,0x0079F850,thunk-resolved body (via 0x2b256)
?check@AssistedTargetingObjectShim@@QAE_NXZ,0x00001FD7,AssistedTargetingUpdate isFreeToAssist first object predicate shim
?check@AssistedTargetingResultShim@@QAEHXZ,0x0000978C,AssistedTargetingUpdate isFreeToAssist result predicate shim
?classifyObjectFootprint@Pathfinder@@IAEXPAVObject@@_N@Z,0x00004EE9,hit-decoded x3 (thunk)
?classifyObjectFootprint@Pathfinder@@IAEXPAVObject@@_N@Z,0x0002054F,hit-decoded x3 (thunk)
?classifyObjectFootprint@Pathfinder@@IAEXPAVObject@@_N@Z,0x0002237C,hit-decoded x3 (thunk)
?classifyObjectFootprint@Pathfinder@@IAEXPAVObject@@_N@Z,0x0002BF2B,hit-decoded x3 (thunk)
?classifyObjectFootprint@Pathfinder@@IAEXPAVObject@@_N@Z,0x0002C566,hit-decoded x3 (thunk)
?classifyObjectFootprint@Pathfinder@@IAEXPAVObject@@_N@Z,0x000307E7,hit-decoded x3 (thunk)
?classifyObjectFootprint@Pathfinder@@IAEXPAVObject@@_N@Z,0x0003921B,hit-decoded x3 (thunk)
?classifyObjectFootprint@Pathfinder@@IAEXPAVObject@@_N@Z,0x0003CAA1,hit-decoded x3 (thunk)
?classifyObjectFootprint@Pathfinder@@IAEXPAVObject@@_N@Z,0x000422FD,hit-decoded x3 (thunk)
?classifyObjectFootprint@Pathfinder@@IAEXPAVObject@@_N@Z,0x00043E4B,hit-decoded x3 (thunk)
?classifyObjectFootprint@Pathfinder@@IAEXPAVObject@@_N@Z,0x00047807,hit-decoded x13 (thunk)
?classifyObjectFootprint@Pathfinder@@IAEXPAVObject@@_N@Z,0x00047D2A,hit-decoded x13 (thunk)
?classifyObjectFootprint@Pathfinder@@IAEXPAVObject@@_N@Z,0x0004ADE0,hit-decoded x3 (thunk)
?classifyObjectFootprint@Pathfinder@@IAEXPAVObject@@_N@Z,0x0004AEFD,hit-decoded x3 (thunk)
?classifyObjectFootprint@Pathfinder@@IAEXPAVObject@@_N@Z,0x009407B0,hit-decoded x3 (body)
?clear@?$StringBase@D@@QAEXXZ,0x00887940,retail StringBase<char>::clear body (folds with releaseBuffer); SubsystemLegendEntry ctor calls it directly not via the 0x000680C0 thunk
?clear@?$_List_base@VQueuedDownload@@V?$allocator@VQueuedDownload@@@_STL@@@_STL@@QAEXXZ,0x000627270,DownloadManager list_base<QueuedDownload> clear clone; ILT thunk 0x3AA1C
?clear@?$hashtable@U?$pair@$$CBW4NameKeyType@@PAVBucket@@@_STL@@W4NameKeyType@@U?$hash@W4NameKeyType@@@rts@@U?$_Select1st@U?$pair@$$CBW4NameKeyType@@PAVBucket@@@_STL@@@2@U?$equal_to@W4NameKeyType@@@5@V?$allocator@U?$pair@$$CBW4NameKeyType@@PAVBucket@@@_STL@@@2@@_STL@@QAEXXZ,0x0008F880,NameKeyGenerator aux hash_map hashtable<>::clear() proven via freeSockets tail-jmp
?clear@?$hashtable@U?$pair@QBVGameWindow@@PAVWindowVideo@@@_STL@@PBVGameWindow@@UhashConstGameWindowPtr@WindowVideoManager@@U?$_Select1st@U?$pair@QBVGameWindow@@PAVWindowVideo@@@_STL@@@2@U?$equal_to@PBVGameWindow@@@2@V?$allocator@U?$pair@QBVGameWindow@@PAVWindowVideo@@@_STL@@@2@@_STL@@QAEXXZ,0x000458BD
?clear@AsciiString@@QAEXXZ,0x00887940,retail AsciiString::clear body called from DictPair::copyFrom
?clear@BfmeLegendString@@QAEXXZ,0x00887940,SubsystemLegend.cpp AsciiString stand-in clear(); retail AsciiString::clear body
?clear@DamageFX@@QAEXXZ,0x00044297
?clear@Dict@@QAEXXZ,0x00033F46
?clear@DrawableIconInfo@@QAEXXZ,0x00015479,pinharvest x1 (thunk)
?clear@DrawableIconInfo@@QAEXXZ,0x00037565,pinharvest x1 (thunk)
?clear@FXList@@QAEXXZ,0x00044297,derived-ICF
?clear@GameWindowHashtableClearShim@_STL@@QAEXXZ,0x004984F0,_STL hashtable clear GameWindowVideo dual incremental-link thunk target through a TU-local forwarding shim
?clear@INILineBuffer@@QAEXXZ,0x009CBF50,empties INI::m_lines and operator-deletes its storage; called by unPrepFile
?clear@ModelConditionInfoHideShowSubObjInfoInsertOverflowShim@_STL@@QAEXXZ,0x003AFA40,_STL vector _M_clear ModelConditionInfo::HideShowSubObjInfo incremental-link thunk target through a TU-local forwarding shim
?clear@NuggetInsertOverflowShim@_STL@@QAEXXZ,0x00771D00,_STL vector _M_clear ModuleInfo::Nugget incremental-link thunk target through a TU-local forwarding shim
?clear@ParticleSysBoneInfoAllocateAndCopyShim@_STL@@QAEXXZ,0x000A8170,_STL vector _M_clear ParticleSysBoneInfo incremental-link thunk target through a TU-local forwarding shim
?clear@PrereqUnitRecAllocateAndCopyShim@_STL@@QAEXXZ,0x003B0F00,_STL vector _M_clear PrereqUnitRec incremental-link thunk target through a TU-local forwarding shim
?clear@ProductionPrerequisiteAllocateAndCopyShim@_STL@@QAEXXZ,0x003AFE10,_STL vector _M_clear ProductionPrerequisite incremental-link thunk target through a TU-local forwarding shim
?clear@RadarDeleteListResourcesShim@@QAEXXZ,0x00106A90,Radar deleteListResources incremental-link thunk target through a TU-local forwarding shim
?clear@RadiusDecal@@QAEXXZ,0x00026F35,pinharvest x3 (thunk)
?clear@RadiusDecal@@QAEXXZ,0x00046344,pinharvest x2 (thunk)
?clear@TeamFactory@@QAEXXZ,0x000284A7
?clear@UnicodeString@@QAEXXZ,0x008881D0,retail UnicodeString::clear body called from DictPair::clear
?clear@W3DAnimationInfoAllocateAndCopyShim@_STL@@QAEXXZ,0x003B0E90,_STL vector _M_clear W3DAnimationInfo incremental-link thunk target through a TU-local forwarding shim
?clear@WindowVideoHashtableClearShim@_STL@@QAEXXZ,0x004984F0,_STL hashtable clear GameWindow/WindowVideo incremental-link thunk target through a TU-local forwarding shim
?clearAllEvents@Radar@@IAEXXZ,0x00028C27
?clearAllProps@W3DPropBuffer@@QAEXXZ,0x000298BB
?clearAndSetModelConditionState@Drawable@@QAEXW4ModelConditionFlagType@@0@Z,0x0001C8D2
?clearDisabled@Object@@QAE_NW4DisabledType@@@Z,0x0003C06A,ILT thunk used by setScriptStatus call site
?clearWinList@@YAXAAV?$list@PAVAnimateWindow@@V?$allocator@PAVAnimateWindow@@@_STL@@@_STL@@@Z,0x0045D660,file-local static; retail takes list head in edi
?close@File@@UAEXXZ,0x000309CC,pinharvest x1 (thunk)
?close@File@@UAEXXZ,0x00033D9D,pinharvest x1 (thunk)
?close@File@@UAEXXZ,0x009CB880,pinharvest x1 (body)
?close@File@@UAEXXZ,0x009DB5A0,pinharvest x1 (body)
?closeDataChunk@DataChunkOutput@@QAEXXZ,0x00004B42
?compare@AsciiString@@QBEHABV1@@Z,0x000220C5,HotKey retail StringBase compare thunk
?compare@GameSortStructCallOperatorShim@@QAE_NPAVGameSpyStagingRoom@@0@Z,0x0053EDD0,GameSortStruct operator() incremental-link thunk target through a TU-local forwarding shim
?compute@BridgeGetBridgeHeightShim@@QAEMPBUCoord3D@@PAU2@@Z,0x001A7520,Bridge getBridgeHeight incremental-link thunk target through a TU-local forwarding shim
?computeApproachPosition@DockUpdate@@IAE?AUCoord3D@@HPAVObject@@@Z,0x0001D7C8
?concat@AsciiString@@QAEXPBD@Z,0x00006DB6,hit-decoded x2 (thunk)
?concat@AsciiString@@QAEXPBD@Z,0x0003ADD7,hit-decoded x2 (thunk)
?concat@AsciiString@@QAEXPBD@Z,0x00888060,hit-decoded x2 (body)
?concat@AsciiString@@QAEXPBD@Z,0x00888930,hit-decoded x2 (body)
?connectCallback@BuddyThreadClass@@QAEXPAVGPConnection@@PAUGPConnectResponseArg@@@Z,0x000314AD
?construct@AODHordeContainModuleDataBaseShim@@QAEXXZ,0x0000ED77,AODHordeContain ModuleData base
?construct@AnimSetConstructShim@_STL@@SAXPAUAnimSet@GenericObjectCreationNugget@@ABU34@@Z,0x00754B20,_STL _Construct AnimSet incremental-link thunk target through a TU-local forwarding shim
?construct@AnimalAIUpdateModuleDataBaseShim@@QAEXXZ,0x00048A3B,AnimalAIUpdate base
?construct@AssaultTransportAIUpdateModuleDataBaseShim@@QAEXXZ,0x00048A3B,AssaultTransportAIUpdate base
?construct@AutoHealBehaviorModuleData@@AAEXXZ,0x00285F10,AutoHealBehaviorModuleData real ctor body via 5-byte E9
?construct@AutoHealBehaviorModuleData@@QAEXXZ,0x00285F10,AutoHealBehaviorModuleData real ctor body via 5-byte E9
?construct@BoxEmissionVolumeModuleCtorShim@FXParticleSystem@@QAEXAAV?$TrackingPtr@VParticleSystem@FXParticleSystem@@@@PBX@Z,0x0001B33D,BoxEmissionVolumeModule constructor thunk used through a TU-local layout shim
?construct@BoxEmissionVolumeTemplateCopyCtorShim@FXParticleSystem@@QAEXPBX@Z,0x0002D402,BoxEmissionVolumeModuleTemplate copy constructor thunk used through a TU-local layout shim
?construct@ButterflyDrawTemplateCopyCtorShim@FXParticleSystem@@QAEXPBX@Z,0x00019CB3,ButterflyDrawModuleTemplate copy constructor thunk used through a TU-local layout shim
?construct@ButterflyDrawTemplateCtorShim@FXParticleSystem@@QAEXXZ,0x0003E8F1,ButterflyDrawModuleTemplate constructor thunk used through a TU-local layout shim
?construct@ConvertToCarBombCrateCollideModuleDataBaseShim@@QAEXXZ,0x000441CA,ConvertToCarBombCrateCollide base
?construct@Coord3DPairConstructShim@_STL@@SAXPAU?$pair@UICoord2D@@UCoord3D@@@2@ABU32@@Z,0x00134F70,_STL _Construct pair ICoord2D Coord3D incremental-link thunk target through a TU-local forwarding shim
?construct@CylinderEmissionVolumeModuleCtorShim@FXParticleSystem@@QAEXAAV?$TrackingPtr@VParticleSystem@FXParticleSystem@@@@PBX@Z,0x00009AA7,CylinderEmissionVolumeModule constructor thunk used through a TU-local layout shim
?construct@CylinderEmissionVolumeTemplateCopyCtorShim@FXParticleSystem@@QAEXPBX@Z,0x000237EF,CylinderEmissionVolumeModuleTemplate copy constructor thunk used through a TU-local layout shim
?construct@CylindricalEmissionVelocityModuleCtorShim@FXParticleSystem@@QAEXAAV?$TrackingPtr@VParticleSystem@FXParticleSystem@@@@PBX@Z,0x00017215,CylindricalEmissionVelocityModule constructor thunk used through a TU-local layout shim
?construct@CylindricalEmissionVelocityTemplateCopyCtorShim@FXParticleSystem@@QAEXPBX@Z,0x0002B79C,CylindricalEmissionVelocityModuleTemplate copy constructor thunk used through a TU-local layout shim
?construct@CylindricalEmissionVelocityTemplateCtorShim@FXParticleSystem@@QAEXXZ,0x0004AEB7,CylindricalEmissionVelocityModuleTemplate constructor thunk used through a TU-local layout shim
?construct@DefaultModuleTemplate0CopyCtorShim@FXParticleSystem@@QAEXPBX@Z,0x000139AD,DefaultModuleTemplate<0> copy constructor thunk used through a TU-local layout shim
?construct@DefaultModuleTemplate0CtorShim@FXParticleSystem@@QAEXXZ,0x00041AB5,DefaultModuleTemplate<0> constructor thunk used through a TU-local layout shim
?construct@DefaultModuleTemplate1CopyCtorShim@FXParticleSystem@@QAEXPBX@Z,0x000356D4,DefaultModuleTemplate<1> copy constructor thunk used through a TU-local layout shim
?construct@DefaultModuleTemplate1CtorShim@FXParticleSystem@@QAEXXZ,0x00016F95,DefaultModuleTemplate<1> constructor thunk used through a TU-local layout shim
?construct@DefaultModuleTemplate2CopyCtorShim@FXParticleSystem@@QAEXPBX@Z,0x00028BE6,DefaultModuleTemplate<2> copy constructor thunk used through a TU-local layout shim
?construct@DefaultModuleTemplate2CtorShim@FXParticleSystem@@QAEXXZ,0x0003EF45,DefaultModuleTemplate<2> constructor thunk used through a TU-local layout shim
?construct@DefaultModuleTemplate3CopyCtorShim@FXParticleSystem@@QAEXPBX@Z,0x00014B46,DefaultModuleTemplate<3> copy constructor thunk used through a TU-local layout shim
?construct@DefaultModuleTemplate3CtorShim@FXParticleSystem@@QAEXXZ,0x0004B47A,DefaultModuleTemplate<3> constructor thunk used through a TU-local layout shim
?construct@DefaultModuleTemplate6CopyCtorShim@FXParticleSystem@@QAEXPBX@Z,0x000410BA,DefaultModuleTemplate<6> copy constructor thunk used through a TU-local layout shim
?construct@DefaultModuleTemplate6CtorShim@FXParticleSystem@@QAEXXZ,0x0002FC2A,DefaultModuleTemplate<6> constructor thunk used through a TU-local layout shim
?construct@DefaultModuleTemplate7CopyCtorShim@FXParticleSystem@@QAEXPBX@Z,0x00031EFD,DefaultModuleTemplate<7> copy constructor thunk used through a TU-local layout shim
?construct@DefaultModuleTemplate7CtorShim@FXParticleSystem@@QAEXXZ,0x000366EC,DefaultModuleTemplate<7> constructor thunk used through a TU-local layout shim
?construct@DeployStyleAIUpdateModuleDataBaseShim@@QAEXXZ,0x00048A3B,DeployStyleAIUpdate base
?construct@EvaSideSoundsConstructShim@_STL@@SAXPAUEvaSideSounds@@ABU3@@Z,0x003685C0,_STL _Construct EvaSideSounds incremental-link thunk target through a TU-local forwarding shim
?construct@GateProxyBehaviorModuleDataBaseShim@@QAEXXZ,0x0001659F,GateProxyBehavior ModuleData base
?construct@HemisphericalEmissionVelocityModuleCtorShim@FXParticleSystem@@QAEXAAV?$TrackingPtr@VParticleSystem@FXParticleSystem@@@@PBX@Z,0x000178A0,HemisphericalEmissionVelocityModule constructor thunk used through a TU-local layout shim
?construct@HemisphericalEmissionVelocityTemplateCopyCtorShim@FXParticleSystem@@QAEXPBX@Z,0x0002DB50,HemisphericalEmissionVelocityModuleTemplate copy constructor thunk used through a TU-local layout shim
?construct@HemisphericalEmissionVelocityTemplateCtorShim@FXParticleSystem@@QAEXXZ,0x0001BF86,HemisphericalEmissionVelocityModuleTemplate constructor thunk used through a TU-local layout shim
?construct@HordeAIUpdateModuleDataBaseShim@@QAEXXZ,0x00048A3B,HordeAIUpdate factory base construct
?construct@LifeEventTemplateCopyCtorShim@FXParticleSystem@@QAEXPBX@Z,0x00020342,LifeEventModuleTemplate copy constructor thunk used through a TU-local layout shim
?construct@LifeEventTemplateCtorShim@FXParticleSystem@@QAEXXZ,0x0004B024,LifeEventModuleTemplate constructor thunk used through a TU-local layout shim
?construct@LightningDrawTemplateCopyCtorShim@FXParticleSystem@@QAEXPBX@Z,0x0004A89F,LightningDrawModuleTemplate copy constructor thunk used through a TU-local layout shim
?construct@LightningDrawTemplateCtorShim@FXParticleSystem@@QAEXXZ,0x0003B2AA,LightningDrawModuleTemplate constructor thunk used through a TU-local layout shim
?construct@LightningEmissionTemplateCtorShim@FXParticleSystem@@QAEXXZ,0x0000CC39,LightningEmissionModuleTemplate constructor thunk used through a TU-local layout shim
?construct@LineEmissionVolumeModuleCtorShim@FXParticleSystem@@QAEXAAV?$TrackingPtr@VParticleSystem@FXParticleSystem@@@@PBX@Z,0x00031750,LineEmissionVolumeModule constructor thunk used through a TU-local layout shim
?construct@LineEmissionVolumeTemplateCopyCtorShim@FXParticleSystem@@QAEXPBX@Z,0x00004269,LineEmissionVolumeModuleTemplate copy constructor thunk used through a TU-local layout shim
?construct@MoneyCrateCollideModuleDataBaseShim@@QAEXXZ,0x000441CA,MoneyCrateCollide base
?construct@OrthoEmissionVelocityModuleCtorShim@FXParticleSystem@@QAEXAAV?$TrackingPtr@VParticleSystem@FXParticleSystem@@@@PBX@Z,0x00004692,OrthoEmissionVelocityModule constructor thunk used through a TU-local layout shim
?construct@OrthoEmissionVelocityTemplateCopyCtorShim@FXParticleSystem@@QAEXPBX@Z,0x0000ADDA,OrthoEmissionVelocityModuleTemplate copy constructor thunk used through a TU-local layout shim
?construct@OrthoEmissionVelocityTemplateCtorShim@FXParticleSystem@@QAEXXZ,0x0000FAD3,OrthoEmissionVelocityModuleTemplate constructor thunk used through a TU-local layout shim
?construct@OutwardEmissionVelocityModuleCtorShim@FXParticleSystem@@QAEXAAV?$TrackingPtr@VParticleSystem@FXParticleSystem@@@@PBX@Z,0x0003AD96,OutwardEmissionVelocityModule constructor thunk used through a TU-local layout shim
?construct@OutwardEmissionVelocityTemplateCopyCtorShim@FXParticleSystem@@QAEXPBX@Z,0x0003C6DC,OutwardEmissionVelocityModuleTemplate copy constructor thunk used through a TU-local layout shim
?construct@OutwardEmissionVelocityTemplateCtorShim@FXParticleSystem@@QAEXXZ,0x00048DB0,OutwardEmissionVelocityModuleTemplate constructor thunk used through a TU-local layout shim
?construct@PointEmissionVolumeModuleCtorShim@FXParticleSystem@@QAEXAAV?$TrackingPtr@VParticleSystem@FXParticleSystem@@@@PBX@Z,0x0000BB18,PointEmissionVolumeModule constructor thunk used through a TU-local layout shim
?construct@PointEmissionVolumeTemplateCopyCtorShim@FXParticleSystem@@QAEXPBX@Z,0x0000FECA,PointEmissionVolumeModuleTemplate copy constructor thunk used through a TU-local layout shim
?construct@PrereqUnitRecConstructShim@_STL@@SAXPAUPrereqUnitRec@ProductionPrerequisite@@ABU34@@Z,0x00582750,_STL _Construct PrereqUnitRec incremental-link thunk target through a TU-local forwarding shim
?construct@ProductionPrerequisiteConstructShim@_STL@@SAXPAVProductionPrerequisite@@ABV3@@Z,0x00784DB0,_STL _Construct ProductionPrerequisite incremental-link thunk target through a TU-local forwarding shim
?construct@QuadDrawTemplateCopyCtorShim@FXParticleSystem@@QAEXPBX@Z,0x00005222,QuadDrawModuleTemplate copy constructor thunk used through a TU-local layout shim
?construct@QuadDrawTemplateCtorShim@FXParticleSystem@@QAEXXZ,0x0001D278,QuadDrawModuleTemplate constructor thunk used through a TU-local layout shim
?construct@RenderObjectDrawTemplateCopyCtorShim@FXParticleSystem@@QAEXPBX@Z,0x0002AEA5,RenderObjectDrawModuleTemplate copy constructor thunk used through a TU-local layout shim
?construct@RenderObjectDrawTemplateCtorShim@FXParticleSystem@@QAEXXZ,0x00033816,RenderObjectDrawModuleTemplate constructor thunk used through a TU-local layout shim
?construct@RenderObjectUpdateTemplateCopyCtorShim@FXParticleSystem@@QAEXPBX@Z,0x00018101,RenderObjectUpdateModuleTemplate copy constructor thunk used through a TU-local layout shim
?construct@RenderObjectUpdateTemplateCtorShim@FXParticleSystem@@QAEXXZ,0x00035490,RenderObjectUpdateModuleTemplate constructor thunk used through a TU-local layout shim
?construct@SphereEmissionVolumeModuleCtorShim@FXParticleSystem@@QAEXAAV?$TrackingPtr@VParticleSystem@FXParticleSystem@@@@PBX@Z,0x0004018D,SphereEmissionVolumeModule constructor thunk used through a TU-local layout shim
?construct@SphereEmissionVolumeTemplateCopyCtorShim@FXParticleSystem@@QAEXPBX@Z,0x0001598D,SphereEmissionVolumeModuleTemplate copy constructor thunk used through a TU-local layout shim
?construct@SphericalEmissionVelocityModuleCtorShim@FXParticleSystem@@QAEXAAV?$TrackingPtr@VParticleSystem@FXParticleSystem@@@@PBX@Z,0x000178A0,SphericalEmissionVelocityModule constructor thunk used through a TU-local layout shim
?construct@SphericalEmissionVelocityTemplateCopyCtorShim@FXParticleSystem@@QAEXPBX@Z,0x00003DF5,SphericalEmissionVelocityModuleTemplate copy constructor thunk used through a TU-local layout shim
?construct@SphericalEmissionVelocityTemplateCtorShim@FXParticleSystem@@QAEXXZ,0x0001BF86,SphericalEmissionVelocityModuleTemplate constructor thunk used through a TU-local layout shim
?construct@StreakDrawTemplateCopyCtorShim@FXParticleSystem@@QAEXPBX@Z,0x00033B59,StreakDrawModuleTemplate copy constructor thunk used through a TU-local layout shim
?construct@StreakDrawTemplateCtorShim@FXParticleSystem@@QAEXXZ,0x00006FBE,StreakDrawModuleTemplate constructor thunk used through a TU-local layout shim
?construct@TerrainCollisionTemplateCopyCtorShim@FXParticleSystem@@QAEXPBX@Z,0x0002C3C7,TerrainCollisionModuleTemplate copy constructor thunk used through a TU-local layout shim
?construct@TerrainCollisionTemplateCtorShim@FXParticleSystem@@QAEXXZ,0x00012602,TerrainCollisionModuleTemplate constructor thunk used through a TU-local layout shim
?construct@VeterancyCrateCollideModuleDataBaseShim@@QAEXXZ,0x000441CA,VeterancyCrateCollide base
?construct@WanderAIUpdateModuleDataBaseShim@@QAEXXZ,0x00048A3B,WanderAIUpdate base
?constructBuddyMessageAt@@YAXPAXABVBuddyMessage@@@Z,0x00020E69,BuddyMessage list _M_create_node value construct
?construct_from@CategoryModuleTemplate06BaseCopyShim@FXParticleSystem@@QAEXPBX@Z,0x00026CC9,CMT06 copy base
?construct_from@CategoryModuleTemplate06SubCopyShim@FXParticleSystem@@QAEXPBX@Z,0x00047410,CMT06 copy sub
?construct_from@CategoryModuleTemplate07BaseCopyShim@FXParticleSystem@@QAEXPBX@Z,0x0003C84E,CMT07 copy base
?construct_from@DefaultModuleTemplate00BaseCopyShim@FXParticleSystem@@QAEXPBX@Z,0x000428A7,DefaultModuleTemplate00 copy base
?construct_from@DefaultModuleTemplate00SubCopyShim@FXParticleSystem@@QAEXPBX@Z,0x0001E04C,DefaultModuleTemplate00 copy sub
?construct_from@DefaultModuleTemplate01BaseCopyShim@FXParticleSystem@@QAEXPBX@Z,0x0001D435,DMT01 copy base
?construct_from@DefaultModuleTemplate01SubCopyShim@FXParticleSystem@@QAEXPBX@Z,0x000052AE,DMT01 copy sub
?construct_from@DefaultModuleTemplate05BaseCopyShim@FXParticleSystem@@QAEXPBX@Z,0x00029FF0,DMT05 copy base
?construct_from@DefaultModuleTemplate05SubCopyShim@FXParticleSystem@@QAEXPBX@Z,0x0003BB0B,DMT05 copy sub
?construct_from@DefaultModuleTemplate0ABaseCopyShim@FXParticleSystem@@QAEXPBX@Z,0x00025CA7,DMT0A copy base
?construct_from@DefaultModuleTemplate0ASubCopyShim@FXParticleSystem@@QAEXPBX@Z,0x000354F4,DMT0A copy sub
?construct_from@DefaultModuleTemplate7CopyCtorShim@FXParticleSystem@@QAEXPBX@Z,0x0000CC4D,DefaultModuleTemplate6 copy-ctor base shim
?copy@AsciiCoordTreeCopyShim@_STL@@QAEPAU?$_Rb_tree_node@U?$pair@$$CBVAsciiString@@UCoord3D@@@_STL@@@2@PAU32@0@Z,0x000BFF50,incremental-link thunk target through a TU-local forwarding shim
?copy@AsciiStringCopyShim@_STL@@SAPAVAsciiString@@PAV3@00ABUrandom_access_iterator_tag@2@PAH@Z,0x006FA270,_STL __copy AsciiString incremental-link thunk target through a TU-local forwarding shim
?copy@DeliverPayloadCopyShim@_STL@@SAPAXPAX00ABUrandom_access_iterator_tag@2@PAH@Z,0x0036D980,_STL __copy DeliverPayload shared incremental-link thunk target through a TU-local forwarding shim
?copy@IntPairTreeCopyShim@_STL@@QAEPAU?$_Rb_tree_node@U?$pair@$$CBHI@_STL@@@2@PAU32@0@Z,0x000AAC70,_STL int pair tree incremental-link thunk target through a TU-local forwarding shim
?copy@ModelConditionInfoConstCopyShim@_STL@@SAPAXPAX00ABUrandom_access_iterator_tag@2@PAH@Z,0x003B3250,_STL __copy const HideShowSubObjInfo incremental-link thunk target through a TU-local forwarding shim
?copy@ModelConditionInfoCopyShim@_STL@@SAPAXPAX00ABUrandom_access_iterator_tag@2@PAH@Z,0x0033A990,_STL __copy HideShowSubObjInfo incremental-link thunk target through a TU-local forwarding shim
?copy@ModelConditionInfoUninitializedCopyShim@_STL@@SAPAXPAX00ABU__false_type@2@@Z,0x003AA480,_STL __uninitialized_copy const HideShowSubObjInfo incremental-link thunk target through a TU-local forwarding shim
?copy@ModuleInfoNuggetConstCopyShim@_STL@@SAPAXPAX00ABUrandom_access_iterator_tag@2@PAH@Z,0x00761B70,_STL __copy const ModuleInfo Nugget incremental-link thunk target through a TU-local forwarding shim
?copy@ModuleInfoNuggetCopyShim@_STL@@SAPAUNugget@ModuleInfo@@PAU34@00ABUrandom_access_iterator_tag@2@PAH@Z,0x00770E00,_STL __copy ModuleInfo Nugget incremental-link thunk target through a TU-local forwarding shim
?copy@ModuleInfoNuggetUninitializedCopyShim@_STL@@SAPAXPAX00ABU__false_type@2@@Z,0x0076B010,_STL __uninitialized_copy const ModuleInfo Nugget incremental-link thunk target through a TU-local forwarding shim
?copy@ParticleSysBoneInfoConstCopyShim@_STL@@SAPAXPAX00ABUrandom_access_iterator_tag@2@PAH@Z,0x000A78A0,_STL __copy const ParticleSysBoneInfo incremental-link thunk target through a TU-local forwarding shim
?copy@ParticleSysBoneInfoUninitializedCopyShim@_STL@@SAPAXPAX00ABU__false_type@2@@Z,0x000A7AA0,_STL __uninitialized_copy const ParticleSysBoneInfo incremental-link thunk target through a TU-local forwarding shim
?copy@PrereqUnitRecUninitializedCopyShim@_STL@@SAPAXPAX00ABU__false_type@2@@Z,0x003AB7A0,_STL __uninitialized_copy const PrereqUnitRec incremental-link thunk target through a TU-local forwarding shim
?copy@ProductionPrerequisiteConstCopyShim@_STL@@SAPAXPAX00ABUrandom_access_iterator_tag@2@PAH@Z,0x003B6100,_STL __copy const ProductionPrerequisite incremental-link thunk target through a TU-local forwarding shim
?copy@ProductionPrerequisiteCopyShim@_STL@@SAPAVProductionPrerequisite@@PAV3@00ABUrandom_access_iterator_tag@2@PAH@Z,0x00753280,_STL __copy ProductionPrerequisite incremental-link thunk target through a TU-local forwarding shim
?copy@ProductionPrerequisiteUninitializedCopyShim@_STL@@SAPAXPAX00ABU__false_type@2@@Z,0x003ABB40,_STL __uninitialized_copy const ProductionPrerequisite incremental-link thunk target through a TU-local forwarding shim
?copy@UnsignedPairTreeCopyShim@_STL@@QAEPAU?$_Rb_tree_node@U?$pair@$$CBGE@_STL@@@2@PAU32@0@Z,0x0076AB10,_STL unsigned pair tree incremental-link thunk target through a TU-local forwarding shim
?copy@VideoCopyShim@_STL@@SAPAUVideo@@PAU3@00ABUrandom_access_iterator_tag@2@PAH@Z,0x00755100,_STL __copy Video incremental-link thunk target through a TU-local forwarding shim
?copy@W3DAnimationInfoConstCopyShim@_STL@@SAPAXPAX00ABUrandom_access_iterator_tag@2@PAH@Z,0x003B3800,_STL __copy const W3DAnimationInfo incremental-link thunk target through a TU-local forwarding shim
?copy@W3DAnimationInfoCopyShim@_STL@@SAPAVW3DAnimationInfo@@PAV3@00ABUrandom_access_iterator_tag@2@PAH@Z,0x00610AF0,_STL __copy W3DAnimationInfo incremental-link thunk target through a TU-local forwarding shim
?copy@W3DAnimationInfoUninitializedCopyShim@_STL@@SAPAXPAX00ABU__false_type@2@@Z,0x003AA640,_STL __uninitialized_copy const W3DAnimationInfo incremental-link thunk target through a TU-local forwarding shim
?copyFrom@DictPair@Dict@@QAEXPAU12@@Z,0x00013E94
?copyFromQueueNode@BFMENetworkQueueItem1@@QAEXPAX@Z,0x00032F6A,native BFME queue item copy helper for wrapper queue +0x3c
?copyFromQueueNode@BFMENetworkQueueItem1copyFromQueueNodeShim@@QAEXPAX@Z,0x00658340,BFMENetworkQueueItem1::copyFromQueueNode incremental-link thunk target through a TU-local forwarding shim
?copyFromQueueNode@BFMENetworkQueueItem@@QAEXPAX@Z,0x00030C60,native BFME queue item copy helper for wrapper queue +0x14
?copyFromQueueNode@BFMENetworkQueueItemcopyFromQueueNodeShim@@QAEXPAX@Z,0x00658CE0,BFMENetworkQueueItem::copyFromQueueNode incremental-link thunk target through a TU-local forwarding shim
?count@DisconnectManagerCountVotesShim@@QAEHH@Z,0x0066B720,DisconnectManager countVotesForPlayer incremental-link thunk target through a TU-local forwarding shim
?countBuildings@TeamPrototype@@QAEHXZ,0x00022ACF
?countIntersection@?$BitFlags@$0HF@@@QBEHABV1@@Z,0x00003873,pinharvest x1 (thunk)
?countIntersection@?$BitFlags@$0HF@@@QBEHABV1@@Z,0x0003291B,pinharvest x1 (thunk)
?countIntersection@?$BitFlags@$0HF@@@QBEHABV1@@Z,0x00041D49,pinharvest x1 (thunk)
?countIntersection@?$BitFlags@$0HF@@@QBEHABV1@@Z,0x00046C3B,pinharvest x1 (thunk)
?countIntersection@?$BitFlags@$0HF@@@QBEHABV1@@Z,0x000497D3,pinharvest x1 (thunk)
?countInverseIntersection@?$BitFlags@$0BB@@@QBEHABV1@@Z,0x00003873,pinharvest x1 (thunk)
?countInverseIntersection@?$BitFlags@$0BB@@@QBEHABV1@@Z,0x0003291B,pinharvest x1 (thunk)
?countInverseIntersection@?$BitFlags@$0BB@@@QBEHABV1@@Z,0x00041D49,pinharvest x1 (thunk)
?countInverseIntersection@?$BitFlags@$0BB@@@QBEHABV1@@Z,0x00046C3B,pinharvest x1 (thunk)
?countInverseIntersection@?$BitFlags@$0BB@@@QBEHABV1@@Z,0x000497D3,pinharvest x1 (thunk)
?countInverseIntersection@?$BitFlags@$0HF@@@QBEHABV1@@Z,0x00003873,pinharvest x1 (thunk)
?countInverseIntersection@?$BitFlags@$0HF@@@QBEHABV1@@Z,0x0003291B,pinharvest x1 (thunk)
?countInverseIntersection@?$BitFlags@$0HF@@@QBEHABV1@@Z,0x00041D49,pinharvest x1 (thunk)
?countInverseIntersection@?$BitFlags@$0HF@@@QBEHABV1@@Z,0x00046C3B,pinharvest x1 (thunk)
?countInverseIntersection@?$BitFlags@$0HF@@@QBEHABV1@@Z,0x000497D3,pinharvest x1 (thunk)
?countObjectsByThingTemplate@Player@@QBEXHPBQBVThingTemplate@@_NPAH1@Z,0x00048D79,retail target of ProductionPrerequisite::calcNumPrereqUnitsOwned call; Player class not yet converted for this method
?countVotesForPlayer@DisconnectManager@@IAEHH@Z,0x00003751,ILT thunk; real body 0x66B720 (from isPlayerVotedOut)
?create@LocomotorStoreNewLocomotorShim@@QBEPAVLocomotor@@PBVLocomotorTemplate@@@Z,0x001B6920,LocomotorStore newLocomotor incremental-link thunk target through a TU-local forwarding shim
?create@RadarCreateEventShim@@QAEXPBUCoord3D@@W4RadarEventType@@M@Z,0x00108140,Radar createEvent incremental-link thunk target through a TU-local forwarding shim
?create@ScriptEngineCreateNamedMapRevealShim@@QAEXABVAsciiString@@0M0@Z,0x0034EF80,ScriptEngine createNamedMapReveal incremental-link thunk target through a TU-local forwarding shim
?createDirectory@FileSystem@@QAE_NVAsciiString@@@Z,0x009C8DC0
?createEvent@Radar@@QAEXPBUCoord3D@@W4RadarEventType@@M@Z,0x00008B8E
?createMemoryPool@MemoryPoolFactory@@QAEPAVMemoryPool@@PBDHHH@Z,0x0003ADD7,pool-glue cascade callee (ICF-folded with findMemoryPool)
?createNamedMapReveal@ScriptEngine@@QAEXABVAsciiString@@0M0@Z,0x0002C8EA
?create_node@AnimateWindowListCreateNodeShim@_STL@@QAEPAU?$_List_node@PAVAnimateWindow@@@2@ABQAVAnimateWindow@@@Z,0x0045DAE0,incremental-link thunk target through a TU-local forwarding shim
?defineState@StateMachine@@IAEXIPAVState@@IIPBUStateConditionInfo@@@Z,0x000A2030,hand-decoded from DozerPrimaryStateMachine ctor @0x2B7870 (5 call sites, one per defineState() in the reference source, args match: stateID/state-ptr/successID/failureID/conditions-ptr); call site encodes thunk 0x3D1B3 (thunk_FUN_004a2030) -- pinned to the real body
?deleteAllFonts@FontLibrary@@IAEXXZ,0x000309CC,pinharvest x1 (thunk)
?deleteAllFonts@FontLibrary@@IAEXXZ,0x00033D9D,pinharvest x1 (thunk)
?deleteAllFonts@FontLibrary@@IAEXXZ,0x009CB880,pinharvest x1 (body)
?deleteAllFonts@FontLibrary@@IAEXXZ,0x009DB5A0,pinharvest x1 (body)
?deleteAllFonts@FontLibraryDeleteAllFontsShim@@QAEXXZ,0x00722190,FontLibrary incremental-link thunk target through a TU-local forwarding shim
?deleteFromList@Radar@@IAE_NPAVObject@@PAPAVRadarObject@@@Z,0x000419FC,REL32 pin from Radar::removeObject body
?deleteListResources@Radar@@IAEXXZ,0x0002C976
?deleteNotificationBox@@YAXXZ,0x000271DD
?deposit@Money@@QAEXI_N@Z,0x00027D6D
?deposit@MoneyDepositShim@@QAEXI_N@Z,0x000C8730,Money::deposit incremental-link thunk target through a TU-local forwarding shim
?destroy@AsciiStringCoord3DPairDestructorShim@_STL@@QAEXXZ,0x000723E0,destructor incremental-link thunk target through a TU-local forwarding shim
?destroy@AsciiStringDestroyAuxShim@_STL@@SAXPAX0ABU__false_type@2@@Z,0x006FA420,_STL __destroy_aux AsciiString incremental-link thunk target through a TU-local forwarding shim
?destroy@AsciiStringRbTreeDestructorShim@_STL@@QAEXXZ,0x00077FC0,_Rb_tree dtor incremental-link thunk target through a TU-local forwarding shim
?destroy@AudioEventRTSDestructorShim@@QAEXXZ,0x000CFA40,AudioEventRTS destructor incremental-link thunk target through a TU-local forwarding shim
?destroy@BFMENetworkBackendDestructorShim@@QAEXXZ,0x0003242F,BFMENetworkBackend destructor thunk used through a TU-local layout shim
?destroy@BFMENetworkDestructorShim@@QAEXXZ,0x000088C8,BFMENetwork destructor thunk used through a TU-local layout shim
?destroy@CustomAsciiStringShim@@QAEXXZ,0x00887940,CustomMatchPreferences getter key destructor shim
?destroy@DeliverPayloadNuggetPayloadDestructorShim@@QAEXXZ,0x0036CC00,DeliverPayloadNugget::Payload dtor incremental-link thunk target through a TU-local forwarding shim
?destroy@GameMessageListDestructorShim@@QAEXXZ,0x0008A450,GameMessageList dtor incremental-link thunk target through a TU-local forwarding shim
?destroy@HashTemplateEntryDestructorShim@@QAEXXZ,0x005D5760,destructor incremental-link thunk target through a TU-local forwarding shim
?destroy@ICoord2DVectorDestructorShim@_STL@@QAEXXZ,0x000A5120,destructor incremental-link thunk target through a TU-local forwarding shim
?destroy@ModelConditionInfoHideShowSubObjInfoDestructorShim@@QAEXXZ,0x00339930,ModelConditionInfo::HideShowSubObjInfo dtor incremental-link thunk target through a TU-local forwarding shim
?destroy@MultiFixedPoolDecalSystemClassLogicalDecalClassDestructorShim@@QAEXXZ,0x005D7520,MultiFixedPoolDecalSystemClass::LogicalDecalClass dtor incremental-link thunk target through a TU-local forwarding shim
?destroy@NameKeyObjectCreationPairDestructorShim@_STL@@QAEXXZ,0x00654BA0,destructor incremental-link thunk target through a TU-local forwarding shim
?destroy@ParticleSystemManagerDestroyByIDShim@@QAEXW4ParticleSystemID@@@Z,0x005C3C10,ParticleSystemManager destroyParticleSystemByID incremental-link thunk target through a TU-local forwarding shim
?destroy@PlayerTemplateDestructorShim@@QAEXXZ,0x000E27A0,PlayerTemplate destructor incremental-link thunk target through a TU-local forwarding shim
?destroy@PlayerTemplateVectorDestructorShim@_STL@@QAEXXZ,0x000E3D80,destructor incremental-link thunk target through a TU-local forwarding shim
?destroy@ProductionPrerequisiteDestroyShim@_STL@@SAXPAVProductionPrerequisite@@0@Z,0x003A9010,_STL _Destroy ProductionPrerequisite incremental-link thunk target through a TU-local forwarding shim
?destroy@ProductionPrerequisiteDestructorShim@@QAEXXZ,0x00753450,ProductionPrerequisite destructor incremental-link thunk target through a TU-local forwarding shim
?destroy@Render2DSentenceClassPendingSurfaceStructDestructorShim@@QAEXXZ,0x005DC1E0,Render2DSentenceClass::PendingSurfaceStruct dtor incremental-link thunk target through a TU-local forwarding shim
?destroy@ThingTemplateRbTreeDestructorShim@_STL@@QAEXXZ,0x000E9640,_Rb_tree dtor incremental-link thunk target through a TU-local forwarding shim
?destroy@UnicodeStringRbTreeDestructorShim@_STL@@QAEXXZ,0x0044DDD0,_Rb_tree dtor incremental-link thunk target through a TU-local forwarding shim
?destroy@UserPreferencesDestructorShim@@QAEXXZ,0x000AAF30,UserPreferences destructor incremental-link thunk target through a TU-local forwarding shim
?destroy@W3DAnimationInfoDestructorShim@@QAEXXZ,0x00610080,W3DAnimationInfo dtor incremental-link thunk target through a TU-local forwarding shim
?destroy@WindowVideoDestructorShim@@QAEXXZ,0x004981A0,WindowVideo destructor incremental-link thunk target through a TU-local forwarding shim
?destroyObject@GameLogic@@QAEXPAVObject@@@Z,0x0001D0DE,ILT thunk; real body 0x78B0C0
?destroyParticleSystemByID@ParticleSystemManager@@QAEXW4ParticleSystemID@@@Z,0x00005696,BoneFXUpdate::killRunningParticleSystems/stopAllBoneFX call target (ILT thunk -> body 0x5C3C10)
?detach@NetCommandMsg@@QAEXXZ,0x000200A4,additive; ILT thunk for body 0xA73610
?detach@NetCommandMsg@@QAEXXZ,0x009EB7A0
?detectionBeginUpdate@FirewallHelperClass@@QAE_NXZ,0x000205F4
?disableRadar@Player@@QAEXXZ,0x0003C2BD
?disableRadar@PlayerDisableRadarShim@@QAEXXZ,0x000CC1C0,Player::disableRadar incremental-link thunk target through a TU-local forwarding shim
?doFXPos@FXList@@IBEXPBUCoord3D@@PBVMatrix3D@@M0M@Z,0x0003E360
?doFreezeTime@ScriptEngine@@QAEXXZ,0x0001FDAC,ILT freeze
?doFreezeTime@ScriptEngine@@QAEXXZ,0x00336F00,BFME freeze +0x17624
?doFreezeTime@ScriptEngine@@QAEXXZ,0x00465B80,pin ScriptActions doFreezeTime wrapper
?doFxAtBones@FXListAtBonePosFXNugget@@IBEXPBVObject@@H@Z,0x00010CC6
?doNamedMapReveal@ScriptEngine@@QAEXABVAsciiString@@@Z,0x0001FC3F
?doNamedMapReveal@ScriptEnginedoNamedMapRevealShim@@QAEXABVAsciiString@@@Z,0x0034D200,ScriptEngine::doNamedMapReveal incremental-link thunk target through a TU-local forwarding shim
?doSend@Transport@@QAE_NXZ,0x00015D3E,ILT thunk; real body 0x6834B0 (from NAT::sendAProbe)
?doSkyBoxSet@@YAX_N@Z,0x00029AC8
?doUnfreezeTime@ScriptEngine@@QAEXXZ,0x00037524,ILT thunk for doUnfreezeTime body 0x336F10
?doUnfreezeTime@ScriptEngine@@QAEXXZ,0x00336F10,pin ScriptActions doUnfreezeTime wrapper (ScriptEngine+0x17624=0)
?downloadNextQueuedFile@DownloadManager@@QAEJXZ,0x00038F00,ILT thunk used by call site
?downloadNextQueuedFile@DownloadManagerDownloadNextQueuedFileShim@@QAEJXZ,0x00627370,DownloadManager::downloadNextQueuedFile incremental-link thunk target through a TU-local forwarding shim
?draw@Drawable@@QAEXPAVView@@@Z,0x00003873,pinharvest x1 (thunk)
?draw@Drawable@@QAEXPAVView@@@Z,0x0003291B,pinharvest x1 (thunk)
?draw@Drawable@@QAEXPAVView@@@Z,0x00041D49,pinharvest x1 (thunk)
?draw@Drawable@@QAEXPAVView@@@Z,0x00046C3B,pinharvest x1 (thunk)
?draw@Drawable@@QAEXPAVView@@@Z,0x000497D3,pinharvest x1 (thunk)
?draw@ShellMenuScheme@@QAEXXZ,0x00026D64,pinharvest x1 (thunk)
?duplicate@Condition@@QBEPAV1@XZ,0x0001C189,pinharvest x2 (thunk)
?enableRadar@Player@@QAEXXZ,0x00043207
?enableRadar@PlayerEnableRadarShim@@QAEXXZ,0x000CC2C0,Player::enableRadar incremental-link thunk target through a TU-local forwarding shim
?enableWaterGrid@WaterRenderObjClass@@QAEX_N@Z,0x000366E7
?enableWaterGrid@WaterRenderObjClassEnableWaterGridShim@@QAEX_N@Z,0x007A1410,WaterRenderObjClass::enableWaterGrid incremental-link thunk target through a TU-local forwarding shim
?ensureUnique@Dict@@AAEPAUDictPair@1@H_NPAU21@@Z,0x0002BF21
?equal@AsciiStringEqualityShim@@SA_NABVAsciiString@@0@Z,0x005A8140,AsciiString equality incremental-link thunk target through a TU-local forwarding shim
?erase@?$_Rb_tree@HU?$pair@$$CBHVAsciiString@@@_STL@@U?$_Select1st@U?$pair@$$CBHVAsciiString@@@_STL@@@2@U?$less@H@2@V?$allocator@U?$pair@$$CBHVAsciiString@@@_STL@@@2@@_STL@@QAEXU?$_Rb_tree_iterator@U?$pair@$$CBHVAsciiString@@@_STL@@U?$_Nonconst_traits@U?$pair@$$CBHVAsciiString@@@_STL@@@2@@2@0@Z,0x0001799F
?erase@?$_Rb_tree@HU?$pair@$$CBHVBuddyInfo@@@_STL@@U?$_Select1st@U?$pair@$$CBHVBuddyInfo@@@_STL@@@2@U?$less@H@2@V?$allocator@U?$pair@$$CBHVBuddyInfo@@@_STL@@@2@@_STL@@QAEXU?$_Rb_tree_iterator@U?$pair@$$CBHVBuddyInfo@@@_STL@@U?$_Nonconst_traits@U?$pair@$$CBHVBuddyInfo@@@_STL@@@2@@2@0@Z,0x0004762C
?erase@?$hashtable@U?$pair@$$CBHW4Relationship@@@_STL@@HU?$hash@H@2@U?$_Select1st@U?$pair@$$CBHW4Relationship@@@_STL@@@2@U?$equal_to@H@2@V?$allocator@U?$pair@$$CBHW4Relationship@@@_STL@@@2@@_STL@@QAEXABU?$_Ht_iterator@U?$pair@$$CBHW4Relationship@@@_STL@@U?$_Const_traits@U?$pair@$$CBHW4Relationship@@@_STL@@@2@HU?$hash@H@2@U?$_Select1st@U?$pair@$$CBHW4Relationship@@@_STL@@@2@U?$equal_to@H@2@V?$allocator@U?$pair@$$CBHW4Relationship@@@_STL@@@2@@2@@Z,0x00002A36,pinharvest x1 (thunk)
?erase@?$hashtable@U?$pair@$$CBHW4Relationship@@@_STL@@HU?$hash@H@2@U?$_Select1st@U?$pair@$$CBHW4Relationship@@@_STL@@@2@U?$equal_to@H@2@V?$allocator@U?$pair@$$CBHW4Relationship@@@_STL@@@2@@_STL@@QAEXABU?$_Ht_iterator@U?$pair@$$CBHW4Relationship@@@_STL@@U?$_Const_traits@U?$pair@$$CBHW4Relationship@@@_STL@@@2@HU?$hash@H@2@U?$_Select1st@U?$pair@$$CBHW4Relationship@@@_STL@@@2@U?$equal_to@H@2@V?$allocator@U?$pair@$$CBHW4Relationship@@@_STL@@@2@@2@@Z,0x000114F0,pinharvest x1 (thunk)
?erase@?$hashtable@U?$pair@$$CBHW4Relationship@@@_STL@@HU?$hash@H@2@U?$_Select1st@U?$pair@$$CBHW4Relationship@@@_STL@@@2@U?$equal_to@H@2@V?$allocator@U?$pair@$$CBHW4Relationship@@@_STL@@@2@@_STL@@QAEXABU?$_Ht_iterator@U?$pair@$$CBHW4Relationship@@@_STL@@U?$_Const_traits@U?$pair@$$CBHW4Relationship@@@_STL@@@2@HU?$hash@H@2@U?$_Select1st@U?$pair@$$CBHW4Relationship@@@_STL@@@2@U?$equal_to@H@2@V?$allocator@U?$pair@$$CBHW4Relationship@@@_STL@@@2@@2@@Z,0x0001A5BE,pinharvest x1 (thunk)
?erase@?$hashtable@U?$pair@$$CBHW4Relationship@@@_STL@@HU?$hash@H@2@U?$_Select1st@U?$pair@$$CBHW4Relationship@@@_STL@@@2@U?$equal_to@H@2@V?$allocator@U?$pair@$$CBHW4Relationship@@@_STL@@@2@@_STL@@QAEXABU?$_Ht_iterator@U?$pair@$$CBHW4Relationship@@@_STL@@U?$_Const_traits@U?$pair@$$CBHW4Relationship@@@_STL@@@2@HU?$hash@H@2@U?$_Select1st@U?$pair@$$CBHW4Relationship@@@_STL@@@2@U?$equal_to@H@2@V?$allocator@U?$pair@$$CBHW4Relationship@@@_STL@@@2@@2@@Z,0x0002EE0B,pinharvest x1 (thunk)
?erase@?$hashtable@U?$pair@$$CBHW4Relationship@@@_STL@@HU?$hash@H@2@U?$_Select1st@U?$pair@$$CBHW4Relationship@@@_STL@@@2@U?$equal_to@H@2@V?$allocator@U?$pair@$$CBHW4Relationship@@@_STL@@@2@@_STL@@QAEXABU?$_Ht_iterator@U?$pair@$$CBHW4Relationship@@@_STL@@U?$_Const_traits@U?$pair@$$CBHW4Relationship@@@_STL@@@2@HU?$hash@H@2@U?$_Select1st@U?$pair@$$CBHW4Relationship@@@_STL@@@2@U?$equal_to@H@2@V?$allocator@U?$pair@$$CBHW4Relationship@@@_STL@@@2@@2@@Z,0x00035F71,pinharvest x1 (thunk)
?erase@?$hashtable@U?$pair@$$CBHW4Relationship@@@_STL@@HU?$hash@H@2@U?$_Select1st@U?$pair@$$CBHW4Relationship@@@_STL@@@2@U?$equal_to@H@2@V?$allocator@U?$pair@$$CBHW4Relationship@@@_STL@@@2@@_STL@@QAEXABU?$_Ht_iterator@U?$pair@$$CBHW4Relationship@@@_STL@@U?$_Const_traits@U?$pair@$$CBHW4Relationship@@@_STL@@@2@HU?$hash@H@2@U?$_Select1st@U?$pair@$$CBHW4Relationship@@@_STL@@@2@U?$equal_to@H@2@V?$allocator@U?$pair@$$CBHW4Relationship@@@_STL@@@2@@2@@Z,0x000457CD,pinharvest x1 (thunk)
?erase@?$hashtable@U?$pair@$$CBIW4Relationship@@@_STL@@IU?$hash@I@2@U?$_Select1st@U?$pair@$$CBIW4Relationship@@@_STL@@@2@U?$equal_to@I@2@V?$allocator@U?$pair@$$CBIW4Relationship@@@_STL@@@2@@_STL@@QAEXABU?$_Ht_iterator@U?$pair@$$CBIW4Relationship@@@_STL@@U?$_Const_traits@U?$pair@$$CBIW4Relationship@@@_STL@@@2@IU?$hash@I@2@U?$_Select1st@U?$pair@$$CBIW4Relationship@@@_STL@@@2@U?$equal_to@I@2@V?$allocator@U?$pair@$$CBIW4Relationship@@@_STL@@@2@@2@@Z,0x00002A36,pinharvest x1 (thunk)
?erase@?$hashtable@U?$pair@$$CBIW4Relationship@@@_STL@@IU?$hash@I@2@U?$_Select1st@U?$pair@$$CBIW4Relationship@@@_STL@@@2@U?$equal_to@I@2@V?$allocator@U?$pair@$$CBIW4Relationship@@@_STL@@@2@@_STL@@QAEXABU?$_Ht_iterator@U?$pair@$$CBIW4Relationship@@@_STL@@U?$_Const_traits@U?$pair@$$CBIW4Relationship@@@_STL@@@2@IU?$hash@I@2@U?$_Select1st@U?$pair@$$CBIW4Relationship@@@_STL@@@2@U?$equal_to@I@2@V?$allocator@U?$pair@$$CBIW4Relationship@@@_STL@@@2@@2@@Z,0x000114F0,pinharvest x1 (thunk)
?erase@?$hashtable@U?$pair@$$CBIW4Relationship@@@_STL@@IU?$hash@I@2@U?$_Select1st@U?$pair@$$CBIW4Relationship@@@_STL@@@2@U?$equal_to@I@2@V?$allocator@U?$pair@$$CBIW4Relationship@@@_STL@@@2@@_STL@@QAEXABU?$_Ht_iterator@U?$pair@$$CBIW4Relationship@@@_STL@@U?$_Const_traits@U?$pair@$$CBIW4Relationship@@@_STL@@@2@IU?$hash@I@2@U?$_Select1st@U?$pair@$$CBIW4Relationship@@@_STL@@@2@U?$equal_to@I@2@V?$allocator@U?$pair@$$CBIW4Relationship@@@_STL@@@2@@2@@Z,0x0001A5BE,pinharvest x1 (thunk)
?erase@?$hashtable@U?$pair@$$CBIW4Relationship@@@_STL@@IU?$hash@I@2@U?$_Select1st@U?$pair@$$CBIW4Relationship@@@_STL@@@2@U?$equal_to@I@2@V?$allocator@U?$pair@$$CBIW4Relationship@@@_STL@@@2@@_STL@@QAEXABU?$_Ht_iterator@U?$pair@$$CBIW4Relationship@@@_STL@@U?$_Const_traits@U?$pair@$$CBIW4Relationship@@@_STL@@@2@IU?$hash@I@2@U?$_Select1st@U?$pair@$$CBIW4Relationship@@@_STL@@@2@U?$equal_to@I@2@V?$allocator@U?$pair@$$CBIW4Relationship@@@_STL@@@2@@2@@Z,0x0002EE0B,pinharvest x1 (thunk)
?erase@?$hashtable@U?$pair@$$CBIW4Relationship@@@_STL@@IU?$hash@I@2@U?$_Select1st@U?$pair@$$CBIW4Relationship@@@_STL@@@2@U?$equal_to@I@2@V?$allocator@U?$pair@$$CBIW4Relationship@@@_STL@@@2@@_STL@@QAEXABU?$_Ht_iterator@U?$pair@$$CBIW4Relationship@@@_STL@@U?$_Const_traits@U?$pair@$$CBIW4Relationship@@@_STL@@@2@IU?$hash@I@2@U?$_Select1st@U?$pair@$$CBIW4Relationship@@@_STL@@@2@U?$equal_to@I@2@V?$allocator@U?$pair@$$CBIW4Relationship@@@_STL@@@2@@2@@Z,0x00035F71,pinharvest x1 (thunk)
?erase@?$hashtable@U?$pair@$$CBIW4Relationship@@@_STL@@IU?$hash@I@2@U?$_Select1st@U?$pair@$$CBIW4Relationship@@@_STL@@@2@U?$equal_to@I@2@V?$allocator@U?$pair@$$CBIW4Relationship@@@_STL@@@2@@_STL@@QAEXABU?$_Ht_iterator@U?$pair@$$CBIW4Relationship@@@_STL@@U?$_Const_traits@U?$pair@$$CBIW4Relationship@@@_STL@@@2@IU?$hash@I@2@U?$_Select1st@U?$pair@$$CBIW4Relationship@@@_STL@@@2@U?$equal_to@I@2@V?$allocator@U?$pair@$$CBIW4Relationship@@@_STL@@@2@@2@@Z,0x000457CD,pinharvest x1 (thunk)
?erase@?$hashtable@U?$pair@$$CBVAsciiString@@PAUAudioEventInfo@@@_STL@@VAsciiString@@U?$hash@VAsciiString@@@rts@@U?$_Select1st@U?$pair@$$CBVAsciiString@@PAUAudioEventInfo@@@_STL@@@2@U?$equal_to@VAsciiString@@@5@V?$allocator@U?$pair@$$CBVAsciiString@@PAUAudioEventInfo@@@_STL@@@2@@_STL@@QAEXABU?$_Ht_iterator@U?$pair@$$CBVAsciiString@@PAUAudioEventInfo@@@_STL@@U?$_Const_traits@U?$pair@$$CBVAsciiString@@PAUAudioEventInfo@@@_STL@@@2@VAsciiString@@U?$hash@VAsciiString@@@rts@@U?$_Select1st@U?$pair@$$CBVAsciiString@@PAUAudioEventInfo@@@_STL@@@2@U?$equal_to@VAsciiString@@@6@V?$allocator@U?$pair@$$CBVAsciiString@@PAUAudioEventInfo@@@_STL@@@2@@2@@Z,0x00002A36,pinharvest x1 (thunk)
?erase@?$hashtable@U?$pair@$$CBVAsciiString@@PAUAudioEventInfo@@@_STL@@VAsciiString@@U?$hash@VAsciiString@@@rts@@U?$_Select1st@U?$pair@$$CBVAsciiString@@PAUAudioEventInfo@@@_STL@@@2@U?$equal_to@VAsciiString@@@5@V?$allocator@U?$pair@$$CBVAsciiString@@PAUAudioEventInfo@@@_STL@@@2@@_STL@@QAEXABU?$_Ht_iterator@U?$pair@$$CBVAsciiString@@PAUAudioEventInfo@@@_STL@@U?$_Const_traits@U?$pair@$$CBVAsciiString@@PAUAudioEventInfo@@@_STL@@@2@VAsciiString@@U?$hash@VAsciiString@@@rts@@U?$_Select1st@U?$pair@$$CBVAsciiString@@PAUAudioEventInfo@@@_STL@@@2@U?$equal_to@VAsciiString@@@6@V?$allocator@U?$pair@$$CBVAsciiString@@PAUAudioEventInfo@@@_STL@@@2@@2@@Z,0x000114F0,pinharvest x1 (thunk)
?erase@?$hashtable@U?$pair@$$CBVAsciiString@@PAUAudioEventInfo@@@_STL@@VAsciiString@@U?$hash@VAsciiString@@@rts@@U?$_Select1st@U?$pair@$$CBVAsciiString@@PAUAudioEventInfo@@@_STL@@@2@U?$equal_to@VAsciiString@@@5@V?$allocator@U?$pair@$$CBVAsciiString@@PAUAudioEventInfo@@@_STL@@@2@@_STL@@QAEXABU?$_Ht_iterator@U?$pair@$$CBVAsciiString@@PAUAudioEventInfo@@@_STL@@U?$_Const_traits@U?$pair@$$CBVAsciiString@@PAUAudioEventInfo@@@_STL@@@2@VAsciiString@@U?$hash@VAsciiString@@@rts@@U?$_Select1st@U?$pair@$$CBVAsciiString@@PAUAudioEventInfo@@@_STL@@@2@U?$equal_to@VAsciiString@@@6@V?$allocator@U?$pair@$$CBVAsciiString@@PAUAudioEventInfo@@@_STL@@@2@@2@@Z,0x0001A5BE,pinharvest x1 (thunk)
?erase@?$hashtable@U?$pair@$$CBVAsciiString@@PAUAudioEventInfo@@@_STL@@VAsciiString@@U?$hash@VAsciiString@@@rts@@U?$_Select1st@U?$pair@$$CBVAsciiString@@PAUAudioEventInfo@@@_STL@@@2@U?$equal_to@VAsciiString@@@5@V?$allocator@U?$pair@$$CBVAsciiString@@PAUAudioEventInfo@@@_STL@@@2@@_STL@@QAEXABU?$_Ht_iterator@U?$pair@$$CBVAsciiString@@PAUAudioEventInfo@@@_STL@@U?$_Const_traits@U?$pair@$$CBVAsciiString@@PAUAudioEventInfo@@@_STL@@@2@VAsciiString@@U?$hash@VAsciiString@@@rts@@U?$_Select1st@U?$pair@$$CBVAsciiString@@PAUAudioEventInfo@@@_STL@@@2@U?$equal_to@VAsciiString@@@6@V?$allocator@U?$pair@$$CBVAsciiString@@PAUAudioEventInfo@@@_STL@@@2@@2@@Z,0x0002EE0B,pinharvest x1 (thunk)
?erase@?$hashtable@U?$pair@$$CBVAsciiString@@PAUAudioEventInfo@@@_STL@@VAsciiString@@U?$hash@VAsciiString@@@rts@@U?$_Select1st@U?$pair@$$CBVAsciiString@@PAUAudioEventInfo@@@_STL@@@2@U?$equal_to@VAsciiString@@@5@V?$allocator@U?$pair@$$CBVAsciiString@@PAUAudioEventInfo@@@_STL@@@2@@_STL@@QAEXABU?$_Ht_iterator@U?$pair@$$CBVAsciiString@@PAUAudioEventInfo@@@_STL@@U?$_Const_traits@U?$pair@$$CBVAsciiString@@PAUAudioEventInfo@@@_STL@@@2@VAsciiString@@U?$hash@VAsciiString@@@rts@@U?$_Select1st@U?$pair@$$CBVAsciiString@@PAUAudioEventInfo@@@_STL@@@2@U?$equal_to@VAsciiString@@@6@V?$allocator@U?$pair@$$CBVAsciiString@@PAUAudioEventInfo@@@_STL@@@2@@2@@Z,0x00035F71,pinharvest x1 (thunk)
?erase@?$hashtable@U?$pair@$$CBVAsciiString@@PAUAudioEventInfo@@@_STL@@VAsciiString@@U?$hash@VAsciiString@@@rts@@U?$_Select1st@U?$pair@$$CBVAsciiString@@PAUAudioEventInfo@@@_STL@@@2@U?$equal_to@VAsciiString@@@5@V?$allocator@U?$pair@$$CBVAsciiString@@PAUAudioEventInfo@@@_STL@@@2@@_STL@@QAEXABU?$_Ht_iterator@U?$pair@$$CBVAsciiString@@PAUAudioEventInfo@@@_STL@@U?$_Const_traits@U?$pair@$$CBVAsciiString@@PAUAudioEventInfo@@@_STL@@@2@VAsciiString@@U?$hash@VAsciiString@@@rts@@U?$_Select1st@U?$pair@$$CBVAsciiString@@PAUAudioEventInfo@@@_STL@@@2@U?$equal_to@VAsciiString@@@6@V?$allocator@U?$pair@$$CBVAsciiString@@PAUAudioEventInfo@@@_STL@@@2@@2@@Z,0x000457CD,pinharvest x1 (thunk)
?erase@?$hashtable@U?$pair@QBVGameWindow@@PAVWindowVideo@@@_STL@@PBVGameWindow@@UhashConstGameWindowPtr@WindowVideoManager@@U?$_Select1st@U?$pair@QBVGameWindow@@PAVWindowVideo@@@_STL@@@2@U?$equal_to@PBVGameWindow@@@2@V?$allocator@U?$pair@QBVGameWindow@@PAVWindowVideo@@@_STL@@@2@@_STL@@QAEXABU?$_Ht_iterator@U?$pair@QBVGameWindow@@PAVWindowVideo@@@_STL@@U?$_Const_traits@U?$pair@QBVGameWindow@@PAVWindowVideo@@@_STL@@@2@PBVGameWindow@@UhashConstGameWindowPtr@WindowVideoManager@@U?$_Select1st@U?$pair@QBVGameWindow@@PAVWindowVideo@@@_STL@@@2@U?$equal_to@PBVGameWindow@@@2@V?$allocator@U?$pair@QBVGameWindow@@PAVWindowVideo@@@_STL@@@2@@2@@Z,0x0003FB98
?erase@?$list@PAVDrawable@@V?$allocator@PAVDrawable@@@_STL@@@_STL@@QAE?AU?$_List_iterator@PAVDrawable@@U?$_Nonconst_traits@PAVDrawable@@@_STL@@@2@U32@0@Z,0x00015348,ILT thunk to 0x00234C10
?erase@?$list@PAVGameWindow@@V?$allocator@PAVGameWindow@@@_STL@@@_STL@@QAE?AU?$_List_iterator@PAVGameWindow@@U?$_Nonconst_traits@PAVGameWindow@@@_STL@@@2@U32@0@Z,0x00024131,ILT thunk for list<GameWindow*>::erase(range)
?erase@?$list@PAVGameWindow@@V?$allocator@PAVGameWindow@@@_STL@@@_STL@@QAE?AU?$_List_iterator@PAVGameWindow@@U?$_Nonconst_traits@PAVGameWindow@@@_STL@@@2@U32@0@Z,0x00483310,body
?erase@?$list@UCoord3D@@V?$allocator@UCoord3D@@@_STL@@@_STL@@QAE?AU?$_List_iterator@UCoord3D@@U?$_Nonconst_traits@UCoord3D@@@_STL@@@2@U32@0@Z,0x0004169B
?erase@?$map@VAsciiString@@V1@U?$less@VAsciiString@@@_STL@@V?$allocator@U?$pair@$$CBVAsciiString@@V1@@_STL@@@3@@_STL@@QAEIABVAsciiString@@@Z,0x000106FE,forgetLogin depth Open-BFME4+Grok
?erase@?$map@VAsciiString@@V?$list@VAsciiString@@V?$allocator@VAsciiString@@@_STL@@@_STL@@U?$less@VAsciiString@@@3@V?$allocator@U?$pair@$$CBVAsciiString@@V?$list@VAsciiString@@V?$allocator@VAsciiString@@@_STL@@@_STL@@@_STL@@@3@@_STL@@QAEIABVAsciiString@@@Z,0x000488BA,forgetLogin depth Open-BFME4+Grok
?erase@?$vector@UPrereqUnitRec@ProductionPrerequisite@@V?$allocator@UPrereqUnitRec@ProductionPrerequisite@@@_STL@@@_STL@@QAEPAUPrereqUnitRec@ProductionPrerequisite@@PAU34@0@Z,0x0001E632
?erase@?$vector@VAsciiString@@V?$allocator@VAsciiString@@@_STL@@@_STL@@QAEPAVAsciiString@@PAV3@0@Z,0x00065960,SubsystemLegend.cpp TU copy of vector<AsciiString>::erase(first last)
?erase@BfmeLegendStringVec@@QAEXPAX0@Z,0x00065960,SubsystemLegend.cpp vector<AsciiString> stand-in erase(first,last)
?erase@IntPairTreeEraseShim@_STL@@QAEXPAU?$_Rb_tree_node@U?$pair@$$CBHI@_STL@@@2@@Z,0x000AA7B0,_STL int pair tree incremental-link thunk target through a TU-local forwarding shim
?erase@PrereqVector@@QAEPAXPAX0@Z,0x00010BB3,ThingTemplate parsePrerequisites vector range-erase helper (jmp thunk)
?erase@UnicodeStringTreeEraseShim@_STL@@QAEXPAU?$_Rb_tree_node@U?$pair@$$CBVUnicodeString@@_N@_STL@@@2@@Z,0x0044D6F0,_STL _Rb_tree _M_erase UnicodeString incremental-link thunk target through a TU-local forwarding shim
?erase@UnsignedPairTreeEraseShim@_STL@@QAEXPAU?$_Rb_tree_node@U?$pair@$$CBGE@_STL@@@2@@Z,0x007612D0,_STL unsigned pair tree incremental-link thunk target through a TU-local forwarding shim
?erase@WindowVideoHashtableEraseShim@_STL@@QAEXPBX@Z,0x00498A90,_STL hashtable erase GameWindowVideo incremental-link thunk target through a TU-local forwarding shim
?errorCallback@BuddyThreadClass@@QAEXPAVGPConnection@@PAUGPErrorArg@@@Z,0x0000BEE2
?estimateWeaponDamage@Weapon@@IAEMPBVObject@@0PBUCoord3D@@@Z,0x0001366F,pinharvest x1 (thunk)
?estimateWeaponDamage@Weapon@@IAEMPBVObject@@0PBUCoord3D@@@Z,0x000486EE,pinharvest x1 (thunk)
?evaluate@BezierSegmentEvaluateShim@@QBEXMPAUCoord3D@@@Z,0x000B69A0,BezierSegment evaluateBezSegmentAtT incremental-link thunk target through a TU-local forwarding shim
?evaluate@ScriptConditionsEvaluateNamedInsideAreaShim@@QAE_NPAVParameter@@0@Z,0x003247A0,ScriptConditions evaluateNamedInsideArea incremental-link thunk target through a TU-local forwarding shim
?evaluate@ScriptConditionsEvaluateTeamInsideAreaEntirelyShim@@QAE_NPAVParameter@@00@Z,0x00324AC0,ScriptConditions evaluateTeamInsideAreaEntirely incremental-link thunk target through a TU-local forwarding shim
?evaluate@ScriptConditionsEvaluateTeamInsideAreaPartiallyShim@@QAE_NPAVParameter@@00@Z,0x00324670,ScriptConditions evaluateTeamInsideAreaPartially incremental-link thunk target through a TU-local forwarding shim
?evaluateBezSegmentAtT@BezierSegment@@QBEXMPAUCoord3D@@@Z,0x000059ED
?evaluateNamedInsideArea@ScriptConditions@@IAE_NPAVParameter@@0@Z,0x0000696F
?evaluateTeamInsideAreaEntirely@ScriptConditions@@IAE_NPAVParameter@@00@Z,0x00013219
?evaluateTeamInsideAreaPartially@ScriptConditions@@IAE_NPAVParameter@@00@Z,0x0004A8E0
?fill_insert@BitVectorFillInsertShim@_STL@@QAEXU?$_Bit_iter@U_Bit_reference@_STL@@PAU12@@2@I_N@Z,0x002CC290,_STL bit vector _M_fill_insert incremental-link thunk target through a TU-local forwarding shim
?find@AssistedTargetingObjectShim@@QAEPAXH@Z,0x00009C41,AssistedTargetingUpdate isFreeToAssist object query shim
?find@CustomPreferenceMapShim@@QAEPAUCustomMapNodeShim@@PAUCustomAsciiStringShim@@@Z,0x0000AEAC,CustomMatchPreferences getter map lookup shim
?find@DataChunkTableOfContentsFindMappingShim@@QAEPAVMapping@@ABVAsciiString@@@Z,0x00103CA0,DataChunkTableOfContents findMapping incremental-link thunk target through a TU-local forwarding shim
?find@GameLogicFindControlBarOverrideShim@@QBE_NABVAsciiString@@HAAPBVCommandButton@@@Z,0x00391B30,GameLogic findControlBarOverride incremental-link thunk target through a TU-local forwarding shim
?find@ParticleSystemHashtableFindShim@_STL@@QBEPAU?$_Hashtable_node@U?$pair@$$CBVAsciiString@@PAVParticleSystemTemplate@@@_STL@@@2@ABVAsciiString@@@Z,0x005C76A0,incremental-link thunk target through a TU-local forwarding shim
?find@SparseBitFlagsTreeFindShim@_STL@@QBEPAU?$_Rb_tree_node@U?$pair@$$CBV?$BitFlags@$0LL@@@PBVWeaponTemplateSet@@@_STL@@@2@ABV?$BitFlags@$0LL@@@@Z,0x00141220,SparseMatchFinder tree _M_find incremental-link thunk target through a TU-local forwarding shim
?find@UpgradeCenterFindUpgradeShim@@QBEPBVUpgradeTemplate@@ABVAsciiString@@@Z,0x0010B0E0,UpgradeCenter findUpgrade incremental-link thunk target through a TU-local forwarding shim
?find@WeaponTemplateBitFlagsFindShim@_STL@@QBEPAU?$_Rb_tree_node@U?$pair@$$CBV?$BitFlags@$0BB@@@PBVWeaponTemplateSet@@@_STL@@@2@ABV?$BitFlags@$0BB@@@@Z,0x00141220,incremental-link thunk target through a TU-local forwarding shim
?findArmorTemplate@ArmorStore@@QBEPBVArmorTemplate@@VAsciiString@@@Z,0x00022FC5,parseArmorTemplate call target (incremental-link thunk); resolves repointed INI parser thunk-dump
?findBestInfoSlow@?$SparseMatchFinder@VArmorTemplateSet@@V?$BitFlags@$0L@@@@@ABEPBVArmorTemplateSet@@ABV?$vector@VArmorTemplateSet@@V?$allocator@VArmorTemplateSet@@@_STL@@@_STL@@ABV?$BitFlags@$0L@@@@Z,0x00013ACA,pinharvest x1 (thunk)
?findBestInfoSlow@?$SparseMatchFinder@VWeaponTemplateSet@@V?$BitFlags@$0BB@@@@@ABEPBVWeaponTemplateSet@@ABV?$vector@VWeaponTemplateSet@@V?$allocator@VWeaponTemplateSet@@@_STL@@@_STL@@ABV?$BitFlags@$0BB@@@@Z,0x00013ACA,resweep callee back-solved
?findBestInfoSlow@WeaponFindBestInfoSlowShim@@QBEPBVWeaponTemplateSet@@ABV?$vector@VWeaponTemplateSet@@V?$allocator@VWeaponTemplateSet@@@_STL@@@_STL@@ABV?$BitFlags@$0BB@@@@Z,0x00144000,incremental-link thunk target through a TU-local forwarding shim
?findBridge@TerrainRoadCollection@@QAEPAVTerrainRoadType@@VAsciiString@@@Z,0x00034D8D,walks the list at collection+0x0c; identical 246-byte body to findRoad which walks +0x08. Called by the Bridge block
?findControlBarOverride@GameLogic@@QBE_NABVAsciiString@@HAAPBVCommandButton@@@Z,0x00002509
?findFXList@FXListStore@@QBEPBVFXList@@PBD@Z,0x0001EDE9
?findFunction@FunctionLexicon@@IAEPAXW4NameKeyType@@W4TableIndex@1@@Z,0x00025CD4
?findImageByName@ImageCollection@@QAEPBVImage@@ABVAsciiString@@@Z,0x0001D606
?findLadderByIndex@LadderList@@QAEPBVLadderInfo@@H@Z,0x00028E93
?findMap@MapCache@@QAEPBVMapMetaData@@VAsciiString@@@Z,0x00019880
?findMapping@DataChunkTableOfContents@@AAEPAVMapping@@ABVAsciiString@@@Z,0x0001587A
?findMemoryPool@MemoryPoolFactory@@QAEPAVMemoryPool@@PBD@Z,0x0003ADD7,pool-glue cascade callee (from retail call site)
?findModule@Object@@IBEPAVModule@@W4NameKeyType@@@Z,0x0002AE23
?findMultiplayerColorDefinitionByName@MultiplayerSettings@@QAEPAVMultiplayerColorDefinition@@VAsciiString@@@Z,0x0003F436,harvested from parseMultiplayerColorDefinition (thunk)
?findNonConstCommandButton@ControlBar@@IAEPAVCommandButton@@ABVAsciiString@@@Z,0x00036D27,pinharvest x1 (thunk)
?findNonConstCommandButton@ControlBar@@IAEPAVCommandButton@@ABVAsciiString@@@Z,0x00044EEF,pinharvest x1 (thunk)
?findNonConstCommandSet@ControlBar@@AAEPAVCommandSet@@ABVAsciiString@@@Z,0x00036D27,pinharvest x1 (thunk)
?findNonConstCommandSet@ControlBar@@AAEPAVCommandSet@@ABVAsciiString@@@Z,0x00044EEF,pinharvest x1 (thunk)
?findRoad@TerrainRoadCollection@@QAEPAVTerrainRoadType@@VAsciiString@@@Z,0x00019DC6,walks the list at collection+0x08; identical 246-byte body to findBridge which walks +0x0c. Called by the Road block whose create branch is the already-matched newRoad
?findSpecialPowerTemplate@SpecialPowerStore@@QAEPBVSpecialPowerTemplate@@VAsciiString@@@Z,0x00020F04,harvested from parseSpecialPowerTemplate (thunk)
?findSpecialPowerWithOverridableDestinationActive@Object@@QBEPAVSpecialPowerUpdateInterface@@W4SpecialPowerType@@@Z,0x00039766
?findTemplate@BFMEThingFactory@@QAEPBVThingTemplate@@ABVAsciiString@@@Z,0x00028560,INI retail ThingFactory facade
?findTerrain@TerrainTypeCollection@@QAEPAVTerrainType@@VAsciiString@@@Z,0x0000DBD9,first of the find-then-create pair in the Terrain block parser; the second call on the same receiver is the already-matched newTerrain and ZH declares findTerrain immediately above it with the same signature
?findUpgrade@UpgradeCenter@@QBEPBVUpgradeTemplate@@ABVAsciiString@@@Z,0x0002F95A
?finish@SidesInfoSegmentShim@@QAEXPAX0@Z,0x00024C17,SidesInfo clear tail helper shim
?finishConstruct@BFMENetworkQueue1@@QAEXPAX@Z,0x0002E91F,native BFME queue-1 constructor helper ILT
?finishConstruct@BFMENetworkQueue@@QAEXPAX@Z,0x000109D3,native BFME queue-0 constructor helper ILT
?flushQueue@LANAPIMemberObject@@QAEXXZ,0x00001EC4,RequestLobbyLeave flag call; ILT thunk for Transport::update body 0x00684420
?format_va@AsciiString@@QAEXPBDPAD@Z,0x00888060,pinharvest x1 (body)
?format_va@AsciiString@@QAEXPBDPAD@Z,0x00888930,pinharvest x1 (body)
?format_va@UnicodeString@@QAEXPBGPAD@Z,0x00888060,pinharvest x1 (body)
?format_va@UnicodeString@@QAEXPBGPAD@Z,0x00888930,pinharvest x1 (body)
?freeBlock@MemoryPool@@QAEXPAX@Z,0x00003873,pinharvest x1 (thunk)
?freeBlock@MemoryPool@@QAEXPAX@Z,0x0003291B,pinharvest x1 (thunk)
?freeBlock@MemoryPool@@QAEXPAX@Z,0x00041D49,pinharvest x1 (thunk)
?freeBlock@MemoryPool@@QAEXPAX@Z,0x00046C3B,pinharvest x1 (thunk)
?freeBlock@MemoryPool@@QAEXPAX@Z,0x000497D3,pinharvest x1 (thunk)
?freeBlock@MemoryPool@@QAEXPAX@Z,0x00AFE7D0,pinharvest x1 (body)
?freeBlock@MemoryPool@@QAEXPAX@Z,0x00AFE830,pinharvest x1 (body)
?freeBlock@MemoryPool@@QAEXPAX@Z,0x00AFF6B0,pinharvest x1 (body)
?freeBytes@AsciiString@@AAEXXZ,0x0004B439,caller-derived (e9 thunk)
?freeBytes@AsciiString@@AAEXXZ,0x0012C877,caller-derived (prologue)
?freeBytes@AsciiString@@AAEXXZ,0x00887940,caller-derived (4 matched callers agree, body)
?freeMapResources@W3DStatusCircle@@QAEHXZ,0x00014BC3,derived-ICF
?freeSockets@NameKeyGenerator@@AAEXXZ,0x000226E7,pinharvest x4 (thunk)
?freeSockets@NameKeyGenerator@@AAEXXZ,0x000309CC,pinharvest x1 (thunk)
?freeSockets@NameKeyGenerator@@AAEXXZ,0x00033D9D,pinharvest x1 (thunk)
?freeSockets@NameKeyGenerator@@AAEXXZ,0x009CB880,pinharvest x1 (body)
?freeSockets@NameKeyGenerator@@AAEXXZ,0x009DB5A0,pinharvest x1 (body)
?freeTerrainTracksResources@TerrainTracksRenderObjClass@@QAEHXZ,0x00014BC3,derived-ICF
?freeZones@ZoneBlock@@IAEXXZ,0x00012968,pinharvest x1 (thunk)
?freeZones@ZoneBlock@@IAEXXZ,0x00018FCF,pinharvest x1 (thunk)
?freeZones@ZoneBlock@@IAEXXZ,0x00033A91,pinharvest x1 (thunk)
?freeZones@ZoneBlock@@IAEXXZ,0x0004099E,pinharvest x1 (thunk)
?freeZones@ZoneBlock@@IAEXXZ,0x00044E2C,pinharvest x1 (thunk)
?freeZones@ZoneBlock@@IAEXXZ,0x000482ED,pinharvest x1 (thunk)
?friend_awakenUpdateModule@GameLogic@@QAEXPAVObject@@PAVUpdateModule@@I@Z,0x00009944
?friend_findCrateTemplate@CrateSystem@@QAEPAVCrateTemplate@@VAsciiString@@@Z,0x0000D8BE,first of the find-then-create pair in the CrateData block; the second call on the same receiver is the already-matched newCrateTemplate and ZH declares this one beside it
?friend_getFinalOverride@Overridable@@QAEPAV1@XZ,0x00048C61
?friend_lookupScience@ScienceStore@@QBE?AW4ScienceType@@PBD@Z,0x00017503,pinharvest x1 (thunk)
?friend_lookupScience@ScienceStore@@QBE?AW4ScienceType@@PBD@Z,0x0001DF43,pinharvest x1 (thunk)
?friend_lookupScience@ScienceStore@@QBE?AW4ScienceType@@PBD@Z,0x0003ADD7,pinharvest x1 (thunk)
?friend_lookupScience@ScienceStore@@QBE?AW4ScienceType@@PBD@Z,0x0003EBD5,pinharvest x1 (thunk)
?friend_setDamageToFXString@TerrainRoadType@@QAEXW4BodyDamageType@@HVAsciiString@@@Z,0x00024E0B,ILT thunk -> 0x601b50 (parseTransitionToFX callee)
?friend_setGoalObject@AIUpdateInterface@@QAEXPAVObject@@@Z,0x000125E9,retail AIEnterState::update call target
?friend_setRepairedToFXString@TerrainRoadType@@QAEXW4BodyDamageType@@HVAsciiString@@@Z,0x0001C693,ILT thunk -> 0x61cc0 (parseTransitionToFX callee)
?g_quitMenuLayout@@3PAXA,0x012F4AD4,HideQuitMenu layout global
?g_theAssetRegistry@@3PAVAssetRegistry@@A,0x0134FAAC,Add_Prototype AssetRegistry global
?g_theWindowManager@@3PAVWindowManager@@A,0x012F19E8,HideQuitMenu WindowManager global
?get@BFMERopeDrawableGetPositionShim@@QBEPBUCoord3D@@XZ,0x0041D090,BFME RopeDrawable incremental-link thunk target through a TU-local forwarding shim
?get@ObjectGetRelationshipShim@@QBE?AW4Relationship@@PBVObject@@@Z,0x001C7950,Object getRelationship incremental-link thunk target through a TU-local forwarding shim
?get@WW3DGetRenderTargetResolutionShim@@SAXAAH00AA_N@Z,0x00906990,WW3D incremental-link static thunk target through a TU-local forwarding shim
?getAdjustedVisionRangeForObject@AI@@SAMPBVObject@@H@Z,0x0002481B,pinharvest x6 (thunk)
?getAdjustedVisionRangeForObject@AIAdjustedVisionRangeForObjectShim@@SAMPBVObject@@H@Z,0x0014A620,AI incremental-link static thunk target through a TU-local forwarding shim
?getArchiveFilenameForFile@ArchiveFileSystem@@QBE?AVAsciiString@@ABV2@@Z,0x009CA2A0,called by ArchiveFileSystem::openFile at 0x009CA62B; ZH openFile calls exactly this before assigning and length-checking the result
?getArchivedFileInfo@ArchiveFile@@IBEPBUArchivedFileInfo@@ABVAsciiString@@@Z,0x009D0900,archive entry lookup used by getFileInfo and openFile
?getAsciiString@Dict@@QBE?AVAsciiString@@W4NameKeyType@@PA_N@Z,0x0002FF6D
?getAudioLODIndex@GameLODManager@@QAEHABVAsciiString@@@Z,0x00005128,harvested from parseAudioLODDefinition (thunk)
?getBridgeHeight@Bridge@@QAEMPBUCoord3D@@PAU2@@Z,0x0000B802,ILT thunk used by call site
?getBufferForRead@UnicodeString@@QAEPAGH@Z,0x00888480,ICF with StringBase<unsigned short>::getBufferForRead; readUnicodeString callee
?getCampaignDifficulty@OptionPreferences@@QAEHXZ,0x00032B5A
?getCanAttackObject@ActionManager@@QAE?AW4CanAttackResult@@PBVObject@@0W4CommandSourceType@@W4AbleToAttackType@@@Z,0x00045D90,retail AIEnterState::update call target
?getCell@Pathfinder@@QAEPAVPathfindCell@@W4PathfindLayerEnum@@HH@Z,0x00020671
?getChipset@W3DShaderManager@@SA?AW4ChipsetType@@XZ,0x000162A7
?getChunkNumber@NetWrapperCommandMsg@@QAEIXZ,0x0003F814
?getClassMemoryPool@Anim2D@@CAPAVMemoryPool@@XZ,0x00AFF960,pinharvest x3 (body)
?getClassMemoryPool@ObjectDefectionHelper@@SAPAVMemoryPool@@XZ,0x0000B9CE,pinharvest x1 (thunk)
?getClassMemoryPool@ObjectDefectionHelper@@SAPAVMemoryPool@@XZ,0x0000DBA7,pinharvest x1 (thunk)
?getClassMemoryPool@ObjectDefectionHelper@@SAPAVMemoryPool@@XZ,0x009EDD30,pinharvest x1 (body)
?getColor@MultiplayerSettings@@QAEPAVMultiplayerColorDefinition@@H@Z,0x00021EC2
?getCommandID@NetAckBothCommandMsg@@QAEGXZ,0x000074E1
?getCommandID@NetAckStage1CommandMsg@@QAEGXZ,0x0002A482
?getCommandID@NetAckStage2CommandMsg@@QAEGXZ,0x00005975
?getCommandTypeAsAsciiString@GameMessage@@SA?AVAsciiString@@W4Type@1@@Z,0x00040A1B
?getControllingPlayer@Object@@QBEPAVPlayer@@XZ,0x00020824
?getControllingPlayer@Team@@QBEPAVPlayer@@XZ,0x0002369B
?getCursorIndex@Mouse@@QAEHABVAsciiString@@@Z,0x00043A13,harvested from parseMouseCursorDefinition (thunk)
?getData@NetWrapperCommandMsg@@QAEPAEXZ,0x0002D867
?getDataLength@NetWrapperCommandMsg@@QAEIXZ,0x0003D839
?getDataOffset@NetWrapperCommandMsg@@QAEIXZ,0x00027048
?getDifficultyListHead@ScriptActionsDifficultyListManager@@QAEPAVScriptActionsDifficultyListNode@@XZ,0x000358BE,doEnableOrDisableObjectDifficultyBonuses list-head call; ILT thunk for body 0x00383090
?getDisallowAsianText@CustomMatchPreferences@@QAE_NXZ,0x00019C72
?getDisallowNonAsianText@CustomMatchPreferences@@QAE_NXZ,0x00007E6E
?getDisconnectFrame@NetDisconnectFrameCommandMsg@@QAEIXZ,0x0003D5F0,ILT thunk; real body 0x674110
?getDisconnectSlot@NetDisconnectPlayerCommandMsg@@QAEEXZ,0x00028A1F,ILT thunk; real body 0x673C70
?getDisplayName@PlayerTemplate@@QBE?AVUnicodeString@@XZ,0x000300D5,ILT thunk used by call site
?getDynamicGameLODIndex@GameLODManager@@QAEHVAsciiString@@@Z,0x0001703F,harvested from parseDynamicGameLODDefinition (thunk)
?getEachPlayerFromMask@PlayerList@@QAEPAVPlayer@@AAG@Z,0x0002EE60,ILT getEachPlayerFromMask (body 0xDF4A0)
?getEachPlayerFromMask@PlayerList@@QAEPAVPlayer@@AAG@Z,0x000DF4A0,body PlayerList::getEachPlayerFromMask
?getErrorString@DownloadManager@@QAE?AVUnicodeString@@XZ,0x0000ECCD,ILT thunk used by call site
?getFieldParse@DieMuxData@@SAPBUFieldParse@@XZ,0x00019326,ILT thunk; real body 0x655140
?getFileListInDirectory@ArchiveFile@@QBEXABVAsciiString@@00AAV?$set@VAsciiString@@U?$less_than_nocase@VAsciiString@@@rts@@V?$allocator@VAsciiString@@@_STL@@@_STL@@_N@Z,0x009D0820,positional and NOT yet confirmed by a byte match: only call between the three AsciiString ctors and their three releaseBuffers in loadIntoDirectoryTree
?getFinalOverride@Overridable@@QBEPBV1@XZ,0x000022BB
?getGoalObject@StateMachine@@QAEPAVObject@@XZ,0x0000E570,retail AIEnterState::update call target
?getGridResolution@WaterRenderObjClass@@QAEXPAM00@Z,0x0001125C,pinharvest x1 (thunk)
?getGridResolution@WaterRenderObjClass@@QAEXPAM00@Z,0x000255FE,pinharvest x1 (thunk)
?getGridTransform@WaterRenderObjClass@@QAEXPAVMatrix3D@@@Z,0x00019376,ILT thunk; real body 0xB9FB50
?getGroup@Object@@QAEPAVAIGroup@@XZ,0x008F9550,derived-ICF
?getHeightAboveTerrain@Thing@@QBEMXZ,0x00001C30,hit-decoded x8 (thunk)
?getHeightAboveTerrain@Thing@@QBEMXZ,0x00005948,hit-decoded x8 (thunk)
?getHeightAboveTerrainOrWater@Thing@@QBEMXZ,0x00001C30,pinharvest x1 (thunk)
?getHeightAboveTerrainOrWater@Thing@@QBEMXZ,0x00005948,pinharvest x1 (thunk)
?getID@AIGroup@@QAEIXZ,0x000131DD
?getID@Drawable@@QBE?AW4DrawableID@@XZ,0x00009B01
?getLayerForDestination@TerrainLogic@@QAE?AW4PathfindLayerEnum@@PAVObject@@PBUCoord3D@@@Z,0x0001C675,tightenPath 2-arg BFME getLayer (thunk->0x001A7C20)
?getListboxBottomEntry@@YAHPAU_ListboxData@@@Z,0x004B6BA0
?getListboxEntryBasedOnCoord@@YAHPAVGameWindow@@HHAAH1@Z,0x004B69D0
?getListboxTopEntry@@YAHPAU_ListboxData@@@Z,0x004B6B60
?getLocalPlayerID@ConnectionManager@@QAEIXZ,0x0004A291
?getManglerName@FirewallHelperClass@@SAXHPAD@Z,0x0003BD81,ILT thunk; real body 0x66EF00
?getManglerResponse@FirewallHelperClass@@QAEGGH@Z,0x00025A7C
?getMap@GameInfo@@QBE?AVAsciiString@@XZ,0x0002F28E
?getMaxDisconnectFrame@DisconnectManager@@IAEIXZ,0x0002CDCC,ILT thunk; real body 0xA6B620
?getMode@RecorderClass@@QAE?AW4RecorderModeType@@XZ,0x00043EEB
?getModelIndices@W3DBridge@@IAEHPAGHHPAVMeshClass@@@Z,0x0003881B
?getModelVertices@W3DBridge@@IAEHPAUVertexFormatXYZNDUV1@@HMAAVVector3@@111ABVMatrix3D@@PAVMeshClass@@PAV?$RefMultiListIterator@VRenderObjClass@@@@@Z,0x0001B14E
?getModelVertices@W3DBridgeGetModelVerticesShim@@QAEHPAUVertexFormatXYZNDUV1@@HMAAVVector3@@111ABVMatrix3D@@PAVMeshClass@@PAV?$RefMultiListIterator@VRenderObjClass@@@@@Z,0x006D7EA0,W3DBridge incremental-link thunk target through a TU-local forwarding shim
?getNATPortAllocationScheme@FirewallHelperClass@@AAEHHPAG0AA_N1@Z,0x00012F3F
?getNATPortAllocationScheme@FirewallHelperClassGetNATPortAllocationSchemeShim@@QAEHHPAG0AA_N1@Z,0x0066E870,FirewallHelperClass incremental-link thunk target through a TU-local forwarding shim
?getName@SpecialPowerTemplate@@QBE?AVAsciiString@@XZ,0x00005682
?getName@TerrainRoadType@@QBE?AVAsciiString@@XZ,0x000215E9,returns AsciiString by value through a hidden out-param; used for the Redefining road/bridge messages
?getNewFrame@NetDisconnectScreenOffCommandMsg@@QAEIXZ,0x0003A1F2,ILT thunk; real body 0x674360
?getNewGroup@GameWindowTransitionsHandler@@QAEPAVTransitionGroup@@VAsciiString@@@Z,0x000480C7,called on TheTransitionHandler (0x012F3330 - the same singleton the matched GameWindowManager reset and update use) by the WindowTransition block parser; signature is ZH declared
?getNewPushButtonData@@YAPAU_PushButtonData@@XZ,0x00012765
?getNextMission@Campaign@@QAEPAVMission@@PAV2@@Z,0x0003236C
?getNextSubToken@INI@@QAEPBDPBD@Z,0x00850B00,INI parser
?getNextToken@INI@@QAEPBDPBD@Z,0x00850970
?getNextTokenOrNull@INI@@QAEPBDPBD@Z,0x008509C0
?getNumChunks@NetWrapperCommandMsg@@QAEIXZ,0x00018BEC,ILT thunk; real body 0xA73F20 (mov eax,[ecx+0x30];ret)
?getOriginalPlayerID@NetAckBothCommandMsg@@QAEEXZ,0x00046D17
?getOriginalPlayerID@NetAckStage1CommandMsg@@QAEEXZ,0x00020518
?getOriginalPlayerID@NetAckStage2CommandMsg@@QAEEXZ,0x0002714C
?getPath_UserData@GlobalData@@QBE?AVAsciiString@@XZ,0x000106EA,GlobalData::getPath_UserData thunk
?getPercentComplete@NetCommandWrapperListNode@@QAEHXZ,0x0003D497
?getPercentage@NetProgressCommandMsg@@QAEEXZ,0x000157A3
?getPlayerMaskFromAsciiString@BfmeScriptEngine_getPlayerMaskFromAsciiString@@QAEGABVAsciiString@@PA_N@Z,0x0004B290,ILT doSetMoney player-mask resolver (body 0x34CB60)
?getPlayerMaskFromAsciiString@BfmeScriptEngine_getPlayerMaskFromAsciiString@@QAEGABVAsciiString@@PA_N@Z,0x0034CB60,body BFME ScriptEngine multi-player mask from name
?getPosition@BFMERopeDrawable@@QBEPBUCoord3D@@XZ,0x0004B12D,retail Drawable::getPosition ILT thunk
?getPristineBonePositions@BFMEDrawableBoneQuery@@QBEHPBDHPAUCoord3D@@PAVMatrix3D@@HH@Z,0x0002319B,BFME Drawable::getPristineBonePositions 6-arg (ret 0x18); thunk to 0x413850
?getPristineBonePositions@Drawable@@QBEHPBDHPAUCoord3D@@PAVMatrix3D@@HH@Z,0x0002319B,BFME 6-arg getPristineBonePositions (true body 0x413850)
?getProjectileLaunchOffset@Drawable@@QBE_NW4WeaponSlotType@@HPAVMatrix3D@@W4WhichTurretType@@PAUCoord3D@@3@Z,0x0041B9C0
?getRelationship@Object@@QBE?AW4Relationship@@PBV1@@Z,0x0004A719
?getRelationship@Player@@QBE?AW4Relationship@@PBVTeam@@@Z,0x0003E77A
?getSciencePurchaseCost@ScienceStore@@QBEHW4ScienceType@@@Z,0x00002BFD
?getShroudStatusForPlayer@PartitionManager@@QBE?AW4CellShroudStatus@@HPBUCoord3D@@@Z,0x008F7430
?getStaticGameLODIndex@GameLODManager@@QAEHVAsciiString@@@Z,0x000245A0,harvested from parseStaticGameLODDefinition (thunk)
?getStatusString@DownloadManager@@QAE?AVUnicodeString@@XZ,0x0001AEEC
?getTerrainColorAt@WorldHeightMap@@QAEXMMPAURGBColor@@@Z,0x007477E0,thunk-resolved body (via 0x197ae)
?getText@INILineBuffer@@QBEPBDH@Z,0x009CBC60,the INI line array accessor readLine copies from
?getTexture@BFMEShadowManagerLayout@@QAEPAVW3DShadowTexture@@PBD@Z,0x0004088B,retail projected-shadow texture lookup ILT thunk
?getTexture@BFMEShadowManagerLayoutGetTextureShim@@QAEPAVW3DShadowTexture@@PBD@Z,0x007AFD10,BFME ShadowManager incremental-link thunk target through a TU-local forwarding shim
?getTotalDataLength@NetWrapperCommandMsg@@QAEIXZ,0x0000F70E,ILT thunk; real body 0xA73F40 (mov eax,[ecx+0x28];ret)
?getUpgradeActivationMasks@UpgradeMuxData@@QBEXAAV?$BitFlags@$0IA@@@0@Z,0x0002644F,pinharvest x1 (thunk)
?getUserMapDir@MapCache@@QBE?AVAsciiString@@XZ,0x000139E9
?getVel@AnimateWindow@@QAE?AUCoord2D@@XZ,0x0000E548,ILT thunk -> 0x495610; retail call sites use the thunk
?getWrappedCommandID@NetWrapperCommandMsg@@QAEGXZ,0x000057C7,ILT thunk; real body 0xA73F60
?get_allocator@?$vector@PAVObject@@V?$allocator@PAVObject@@@_STL@@@_STL@@QBE?AV?$allocator@PAVObject@@@2@XZ,0x0001D534,pinharvest x1 (thunk)
?get_allocator@?$vector@PAVObject@@V?$allocator@PAVObject@@@_STL@@@_STL@@QBE?AV?$allocator@PAVObject@@@2@XZ,0x00020301,pinharvest x1 (thunk)
?get_allocator@?$vector@PAVObject@@V?$allocator@PAVObject@@@_STL@@@_STL@@QBE?AV?$allocator@PAVObject@@@2@XZ,0x00027DA4,pinharvest x1 (thunk)
?get_allocator@?$vector@PAVObject@@V?$allocator@PAVObject@@@_STL@@@_STL@@QBE?AV?$allocator@PAVObject@@@2@XZ,0x00039789,pinharvest x1 (thunk)
?get_allocator@?$vector@PAVObject@@V?$allocator@PAVObject@@@_STL@@@_STL@@QBE?AV?$allocator@PAVObject@@@2@XZ,0x0003CF51,pinharvest x1 (thunk)
?get_allocator@?$vector@PAVObject@@V?$allocator@PAVObject@@@_STL@@@_STL@@QBE?AV?$allocator@PAVObject@@@2@XZ,0x00042E06,pinharvest x2 (thunk)
?get_allocator@?$vector@PAVObjectCreationNugget@@V?$allocator@PAVObjectCreationNugget@@@_STL@@@_STL@@QBE?AV?$allocator@PAVObjectCreationNugget@@@2@XZ,0x00042E06,resweep callee back-solved
?get_allocator@?$vector@PAVObjectCreationNugget@@V?$allocator@PAVObjectCreationNugget@@@_STL@@@_STL@@QBE?AV?$allocator@PAVObjectCreationNugget@@@2@XZ,0x00044166,resweep callee back-solved
?get_allocator@?$vector@PBVLocomotorTemplate@@V?$allocator@PBVLocomotorTemplate@@@_STL@@@_STL@@QBE?AV?$allocator@PBVLocomotorTemplate@@@2@XZ,0x0001D534,pinharvest x1 (thunk)
?get_allocator@?$vector@PBVLocomotorTemplate@@V?$allocator@PBVLocomotorTemplate@@@_STL@@@_STL@@QBE?AV?$allocator@PBVLocomotorTemplate@@@2@XZ,0x00020301,pinharvest x1 (thunk)
?get_allocator@?$vector@PBVLocomotorTemplate@@V?$allocator@PBVLocomotorTemplate@@@_STL@@@_STL@@QBE?AV?$allocator@PBVLocomotorTemplate@@@2@XZ,0x00039789,pinharvest x3 (thunk)
?get_allocator@?$vector@PBVLocomotorTemplate@@V?$allocator@PBVLocomotorTemplate@@@_STL@@@_STL@@QBE?AV?$allocator@PBVLocomotorTemplate@@@2@XZ,0x0003CF51,pinharvest x1 (thunk)
?get_allocator@?$vector@PBVLocomotorTemplate@@V?$allocator@PBVLocomotorTemplate@@@_STL@@@_STL@@QBE?AV?$allocator@PBVLocomotorTemplate@@@2@XZ,0x00042E06,pinharvest x4 (thunk)
?get_allocator@?$vector@PBVLocomotorTemplate@@V?$allocator@PBVLocomotorTemplate@@@_STL@@@_STL@@QBE?AV?$allocator@PBVLocomotorTemplate@@@2@XZ,0x00044166,pinharvest x1 (thunk)
?getframe@AdaptiveDeltaMotionChannelClass@@AAEMKK@Z,0x00977FF0
?giveUpgrade@Object@@QAEXPBVUpgradeTemplate@@@Z,0x0001A97E
?gotInternalAddress@NAT@@IAEXHI@Z,0x00670D70,processGlobalMessage callee
?gotMangledPort@NAT@@IAEXHG@Z,0x00671EB0,processGlobalMessage callee
?grabMultiPlayerInfo@@YAXXZ,0x00042640,pinharvest x1 (thunk)
?groupAttackObjectPrivate@AIGroup@@AAEX_NPAVObject@@HW4CommandSourceType@@@Z,0x00041CD1
?hasPlayerTimedOut@DisconnectManager@@IAE_NH@Z,0x00014AD8
?hasScience@Player@@QBE_NW4ScienceType@@@Z,0x0000943F,retail target of playerHasPrereqsForScience inner-loop call; thunk-table entry; real body unresolved
?helper@ControlBar@@QAEXXZ,0x00038F4B,setSquishedControlBarConfig helper call; ILT thunk for body 0x004C1920
?helper@PoisonedBehaviorOwnerShim@@QAE?AW4UpdateSleepTime@@HPAXHH@Z,0x000202A7,PoisonedBehavior update sleep-time helper shim
?hidePurchaseScience@ControlBar@@QAEXXZ,0x00020347
?hideQuitMenu@WindowManager@@QAEXXZ,0x000290D2,HideQuitMenu tail-call target
?hideScreen@DisconnectMenu@@QAEXXZ,0x00024D6B,ILT thunk; real body 0x50E5A0 (from DisconnectManager::turnOffScreen)
?hideSpecialPowerShortcut@ControlBar@@QAEXXZ,0x00041367
?init@CustomAsciiStringShim@@QAEXPBD@Z,0x00888BC0,CustomMatchPreferences getter key constructor shim
?init@FrameData@@QAEXXZ,0x0003BB6F,ILT thunk retail's call sites encode; double hop via 0x00670220 to the body at 0x00670170, which build_call_thunks only follows one level of
?init@NetCommandList@@QAEXXZ,0x0000B9CE,ICF-folded onto reset; retail calls both through this thunk
?init@SpawnPointInitializeBonePositionsShim@@QAEXXZ,0x002D18F0,SpawnPointProductionExitUpdate initializeBonePositions incremental-link thunk target through a TU-local forwarding shim
?init@W3DProjectedShadowManager@@QAE_NXZ,0x0003F93B,pinharvest x1 (thunk)
?init@W3DVolumetricShadowManager@@QAE_NXZ,0x0001EAA6,pinharvest x1 (thunk)
?init@WinInstanceData@@QAEXXZ,0x00021EC7
?initFromINI@AIParseDefinitionINIShim@@QAEXPAXPBX@Z,0x008520A0,AI parse definition initFromINI helper shim
?initFromINI@INI@@QAEXPAXPBUFieldParse@@@Z,0x008520A0
?initFromINI@INI@@QAEXPAXPBX@Z,0x008520A0,INI::initFromINI(void*, const void*) body
?initFromINI@INI@@QAEXPAXPBX@Z,0x00852130,BridgeTower friend_newModuleData retail call
?initFromINIMulti@INI@@QAEXPAXABVMultiIniFieldParse@@@Z,0x00851910,called by INI::initFromINI at 0x008520A0
?initFromINIMultiProc@INI@@QAEXPAXP6AXAAVMultiIniFieldParse@@@Z@Z,0x00852130
?initSubsystem@SubsystemInterfaceList@@QAEXPAVSubsystemInterface@@PAXPBD22PAVXfer@@VAsciiString@@@Z,0x009A20B0,SubsystemInterfaceList::initSubsystem body,
?initTimes@BoneFXUpdate@@IAEXXZ,0x0002F775
?initTimes@BoneFXUpdateInitTimesShim@@QAEXXZ,0x00288540,BoneFXUpdate::initTimes incremental-link thunk target through a TU-local forwarding shim
?initialize@BitVectorInitializeShim@_STL@@QAEXI@Z,0x00526BC0,_STL bit vector _M_initialize incremental-link thunk target through a TU-local forwarding shim
?initializeBonePositions@SpawnPointProductionExitUpdate@@AAEXXZ,0x0003B566
?insert4Way@W3DRoadBuffer@@IAEXVVector2@@HM@Z,0x00032B96,ILT thunk to 0x706310
?insert@RelationshipHashtableInsertShim@_STL@@QAEAAU?$pair@$$CBHW4Relationship@@@2@ABU32@@Z,0x00787140,incremental-link thunk target through a TU-local forwarding shim
?insert@W3DRoadBufferInsertTeeShim@@QAEXVVector2@@HM@Z,0x0070BC00,W3DRoadBuffer insertTee incremental-link thunk target through a TU-local forwarding shim
?insertTee@W3DRoadBuffer@@IAEXVVector2@@HM@Z,0x00007522,ILT thunk to 0x70BC00
?insertY@W3DRoadBuffer@@IAE_NVVector2@@HM@Z,0x00017977,ILT thunk -> body 0x7073D0; called by insertTee (decode_calls.py)
?insertY@W3DRoadBufferInsertYShim@@QAE_NVVector2@@HM@Z,0x007073D0,W3DRoadBuffer incremental-link thunk target through a TU-local forwarding shim
?insert_aux@BitVectorInsertAuxShim@_STL@@QAEXU?$_Bit_iter@U_Bit_reference@_STL@@PAU12@@2@_N@Z,0x002CBF30,_STL bit vector _M_insert_aux incremental-link thunk target through a TU-local forwarding shim
?insert_overflow@AsciiStringInsertOverflowShim@_STL@@QAEXPAVAsciiString@@ABV3@ABU__false_type@2@I_N@Z,0x00757C70,_STL vector _M_insert_overflow AsciiString incremental-link thunk target through a TU-local forwarding shim
?insert_overflow@CashHackSpecialPowerModuleDataUpgradesInsertOverflowShim@_STL@@QAEXPAUUpgrades@CashHackSpecialPowerModuleData@@ABU34@ABU__false_type@2@I_N@Z,0x00258BF0,_STL vector _M_insert_overflow CashHackSpecialPowerModuleData::Upgrades incremental-link thunk target through a TU-local forwarding shim
?insert_overflow@Coord2DCoord3DPairInsertOverflowShim@_STL@@QAEXPAU?$pair@UICoord2D@@UCoord3D@@@2@ABU32@ABU__false_type@2@I_N@Z,0x002EB770,_STL vector _M_insert_overflow pair ICoord2D Coord3D incremental-link thunk target through a TU-local forwarding shim
?insert_overflow@DeliverPayloadNuggetPayloadInsertOverflowShim@_STL@@QAEXPAUPayload@DeliverPayloadNugget@@ABU34@ABU__false_type@2@I_N@Z,0x007719C0,_STL vector _M_insert_overflow DeliverPayloadNugget::Payload incremental-link thunk target through a TU-local forwarding shim
?insert_overflow@EvaSideSoundsInsertOverflowShim@_STL@@QAEXPAUEvaSideSounds@@ABU3@ABU__false_type@2@I_N@Z,0x00262120,_STL vector _M_insert_overflow EvaSideSounds incremental-link thunk target through a TU-local forwarding shim
?insert_overflow@FlightDeckBehaviorFlightDeckInfoInsertOverflowShim@_STL@@QAEXPAUFlightDeckInfo@FlightDeckBehavior@@ABU34@ABU__false_type@2@I_N@Z,0x00231A00,_STL vector _M_insert_overflow FlightDeckBehavior::FlightDeckInfo incremental-link thunk target through a TU-local forwarding shim
?insert_overflow@GenericObjectCreationNuggetAnimSetInsertOverflowShim@_STL@@QAEXPAUAnimSet@GenericObjectCreationNugget@@ABU34@ABU__false_type@2@I_N@Z,0x00755CA0,_STL vector _M_insert_overflow GenericObjectCreationNugget::AnimSet incremental-link thunk target through a TU-local forwarding shim
?insert_overflow@HorzLineInsertOverflowShim@_STL@@QAEXPAUHorzLine@@ABU3@ABU__false_type@2@I_N@Z,0x00069070,_STL vector _M_insert_overflow HorzLine incremental-link thunk target through a TU-local forwarding shim
?insert_overflow@IntInsertOverflowShim@_STL@@QAEXPAHABHABU__true_type@2@I_N@Z,0x000BBC80,_STL vector _M_insert_overflow int incremental-link thunk target through a TU-local forwarding shim
?insert_overflow@MinefieldBehaviorDetonatorInfoInsertOverflowShim@_STL@@QAEXPAUDetonatorInfo@MinefieldBehavior@@ABU34@ABU__false_type@2@I_N@Z,0x0075A330,_STL vector _M_insert_overflow MinefieldBehavior::DetonatorInfo incremental-link thunk target through a TU-local forwarding shim
?insert_overflow@ModelConditionInfoHideShowSubObjInfoInsertOverflowShim@_STL@@QAEXPAUHideShowSubObjInfo@ModelConditionInfo@@ABU34@ABU__false_type@2@I_N@Z,0x006A3DB0,_STL vector _M_insert_overflow ModelConditionInfo::HideShowSubObjInfo incremental-link thunk target through a TU-local forwarding shim
?insert_overflow@ModelConditionInfoWeaponBarrelInfoInsertOverflowShim@_STL@@QAEXPAUWeaponBarrelInfo@ModelConditionInfo@@ABU34@ABU__false_type@2@I_N@Z,0x0076D380,_STL vector _M_insert_overflow ModelConditionInfo::WeaponBarrelInfo incremental-link thunk target through a TU-local forwarding shim
?insert_overflow@NuggetInsertOverflowShim@_STL@@QAEXPAUNugget@ModuleInfo@@ABU34@ABU__false_type@2@I_N@Z,0x0077AEA0,_STL vector _M_insert_overflow ModuleInfo::Nugget incremental-link thunk target through a TU-local forwarding shim
?insert_overflow@OCLSpecialPowerModuleDataUpgradesInsertOverflowShim@_STL@@QAEXPAUUpgrades@OCLSpecialPowerModuleData@@ABU34@ABU__false_type@2@I_N@Z,0x00262FE0,_STL vector _M_insert_overflow OCLSpecialPowerModuleData::Upgrades incremental-link thunk target through a TU-local forwarding shim
?insert_overflow@ObjectCreationNuggetPointerInsertOverflowShim@_STL@@QAEXPAPAVObjectCreationNugget@@ABQAV3@ABU__true_type@2@I_N@Z,0x001D74F0,_STL vector _M_insert_overflow ObjectCreationNugget* incremental-link thunk target through a TU-local forwarding shim
?insert_overflow@ObjectIDObjectIDOverflowShim@_STL@@QAEXPAU?$pair@W4ObjectID@@W41@@2@ABU32@ABU__false_type@2@I_N@Z,0x00771870,ObjectID vector incremental-link thunk target through a TU-local forwarding shim
?insert_overflow@ObjectIDOverflowShim@_STL@@QAEXPAW4ObjectID@@ABW43@ABU__false_type@2@I_N@Z,0x0036B490,ObjectID vector incremental-link thunk target through a TU-local forwarding shim
?insert_overflow@ObjectIDPairOverflowShim@_STL@@QAEXPAU?$pair@W4ObjectID@@I@2@ABU32@ABU__false_type@2@I_N@Z,0x000960A0,ObjectID vector incremental-link thunk target through a TU-local forwarding shim
?insert_overflow@ObjectPointerInsertOverflowShim@_STL@@QAEXPAPAVObject@@ABQAV3@ABU__true_type@2@I_N@Z,0x00754110,_STL vector _M_insert_overflow Object* incremental-link thunk target through a TU-local forwarding shim
?insert_overflow@PlayerTemplateInsertOverflowShim@_STL@@QAEXPAVPlayerTemplate@@ABV3@ABU__false_type@2@I_N@Z,0x000E4000,_STL vector _M_insert_overflow PlayerTemplate incremental-link thunk target through a TU-local forwarding shim
?insert_overflow@ProductionPrerequisiteInsertOverflowShim@_STL@@QAEXPAVProductionPrerequisite@@ABV3@ABU__false_type@2@I_N@Z,0x00787E80,_STL vector _M_insert_overflow ProductionPrerequisite incremental-link thunk target through a TU-local forwarding shim
?insert_overflow@ProductionPrerequisitePrereqUnitRecInsertOverflowShim@_STL@@QAEXPAUPrereqUnitRec@ProductionPrerequisite@@ABU34@ABU__false_type@2@I_N@Z,0x00584650,_STL vector _M_insert_overflow ProductionPrerequisite::PrereqUnitRec incremental-link thunk target through a TU-local forwarding shim
?insert_overflow@ScienceTypeInsertOverflowShim@_STL@@QAEXPAW4ScienceType@@ABW43@ABU__false_type@2@I_N@Z,0x000BC600,_STL vector _M_insert_overflow ScienceType incremental-link thunk target through a TU-local forwarding shim
?insert_overflow@StateTransitionInfoInsertOverflowShim@_STL@@QAEXPAUTransitionInfo@State@@ABU34@ABU__false_type@2@I_N@Z,0x002109B0,_STL vector _M_insert_overflow State::TransitionInfo incremental-link thunk target through a TU-local forwarding shim
?insert_overflow@UnicodeStringInsertOverflowShim@_STL@@QAEXPAVUnicodeString@@ABV3@ABU__false_type@2@I_N@Z,0x00532A00,_STL vector _M_insert_overflow UnicodeString incremental-link thunk target through a TU-local forwarding shim
?insert_overflow@UnsignedShortInsertOverflowShim@_STL@@QAEXPAGABGABU__true_type@2@I_N@Z,0x003C16A0,_STL vector _M_insert_overflow unsigned short incremental-link thunk target through a TU-local forwarding shim
?insert_overflow@VideoInsertOverflowShim@_STL@@QAEXPAUVideo@@ABU3@ABU__false_type@2@I_N@Z,0x006FA7C0,_STL vector _M_insert_overflow Video incremental-link thunk target through a TU-local forwarding shim
?insert_overflow@W3DAnimationInfoInsertOverflowShim@_STL@@QAEXPAVW3DAnimationInfo@@ABV3@ABU__false_type@2@I_N@Z,0x00788030,_STL vector _M_insert_overflow W3DAnimationInfo incremental-link thunk target through a TU-local forwarding shim
?insert_overflow@WeaponTemplateSetInsertOverflowShim@_STL@@QAEXPAVWeaponTemplateSet@@ABV3@ABU__false_type@2@I_N@Z,0x002E7AA0,_STL vector _M_insert_overflow WeaponTemplateSet incremental-link thunk target through a TU-local forwarding shim
?insert_overflow@tConnInfoStructInsertOverflowShim@_STL@@QAEXPAUtConnInfoStruct@@ABU3@ABU__false_type@2@I_N@Z,0x00638FF0,_STL vector _M_insert_overflow tConnInfoStruct incremental-link thunk target through a TU-local forwarding shim
?insert_unique@?$_Rb_tree@$$CBV?$BitFlags@$0BB@@@U?$pair@$$CBV?$BitFlags@$0BB@@@PBVWeaponTemplateSet@@@_STL@@U?$_Select1st@U?$pair@$$CBV?$BitFlags@$0BB@@@PBVWeaponTemplateSet@@@_STL@@@3@UMapHelper@?$SparseMatchFinder@VWeaponTemplateSet@@V?$BitFlags@$0BB@@@@@V?$allocator@U?$pair@$$CBV?$BitFlags@$0BB@@@PBVWeaponTemplateSet@@@_STL@@@3@@_STL@@QAE?AU?$_Rb_tree_iterator@U?$pair@$$CBV?$BitFlags@$0BB@@@PBVWeaponTemplateSet@@@_STL@@U?$_Nonconst_traits@U?$pair@$$CBV?$BitFlags@$0BB@@@PBVWeaponTemplateSet@@@_STL@@@2@@2@U32@ABU?$pair@$$CBV?$BitFlags@$0BB@@@PBVWeaponTemplateSet@@@2@@Z,0x00010F1E,resweep callee back-solved
?insert_unique@?$_Rb_tree@$$CBV?$BitFlags@$0L@@@U?$pair@$$CBV?$BitFlags@$0L@@@PBVArmorTemplateSet@@@_STL@@U?$_Select1st@U?$pair@$$CBV?$BitFlags@$0L@@@PBVArmorTemplateSet@@@_STL@@@3@UMapHelper@?$SparseMatchFinder@VArmorTemplateSet@@V?$BitFlags@$0L@@@@@V?$allocator@U?$pair@$$CBV?$BitFlags@$0L@@@PBVArmorTemplateSet@@@_STL@@@3@@_STL@@QAE?AU?$_Rb_tree_iterator@U?$pair@$$CBV?$BitFlags@$0L@@@PBVArmorTemplateSet@@@_STL@@U?$_Nonconst_traits@U?$pair@$$CBV?$BitFlags@$0L@@@PBVArmorTemplateSet@@@_STL@@@2@@2@U32@ABU?$pair@$$CBV?$BitFlags@$0L@@@PBVArmorTemplateSet@@@2@@Z,0x0000F952
?insert_unique@?$_Rb_tree@GU?$pair@$$CBGE@_STL@@U?$_Select1st@U?$pair@$$CBGE@_STL@@@2@U?$less@G@2@V?$allocator@U?$pair@$$CBGE@_STL@@@2@@_STL@@QAE?AU?$_Rb_tree_iterator@U?$pair@$$CBGE@_STL@@U?$_Nonconst_traits@U?$pair@$$CBGE@_STL@@@2@@2@U32@ABU?$pair@$$CBGE@2@@Z,0x0000DE77
?insert_unique@?$_Rb_tree@GU?$pair@$$CBGE@_STL@@U?$_Select1st@U?$pair@$$CBGE@_STL@@@2@U?$less@G@2@V?$allocator@U?$pair@$$CBGE@_STL@@@2@@_STL@@QAE?AU?$pair@U?$_Rb_tree_iterator@U?$pair@$$CBGE@_STL@@U?$_Nonconst_traits@U?$pair@$$CBGE@_STL@@@2@@_STL@@_N@2@ABU?$pair@$$CBGE@2@@Z,0x0093FE40
?insert_unique@?$_Rb_tree@HU?$pair@$$CBHI@_STL@@U?$_Select1st@U?$pair@$$CBHI@_STL@@@2@U?$less@H@2@V?$allocator@U?$pair@$$CBHI@_STL@@@2@@_STL@@QAE?AU?$_Rb_tree_iterator@U?$pair@$$CBHI@_STL@@U?$_Nonconst_traits@U?$pair@$$CBHI@_STL@@@2@@2@U32@ABU?$pair@$$CBHI@2@@Z,0x000079EB,rel32 pin for exact-ambiguous landing
?insert_unique@?$_Rb_tree@HU?$pair@$$CBHI@_STL@@U?$_Select1st@U?$pair@$$CBHI@_STL@@@2@U?$less@H@2@V?$allocator@U?$pair@$$CBHI@_STL@@@2@@_STL@@QAE?AU?$pair@U?$_Rb_tree_iterator@U?$pair@$$CBHI@_STL@@U?$_Nonconst_traits@U?$pair@$$CBHI@_STL@@@2@@_STL@@_N@2@ABU?$pair@$$CBHI@2@@Z,0x0003E090,Open-BFME5 ICF pin for GameLogicDispatch
?insert_unique@?$_Rb_tree@HU?$pair@$$CBHPAU_SBServer@@@_STL@@U?$_Select1st@U?$pair@$$CBHPAU_SBServer@@@_STL@@@2@U?$less@H@2@V?$allocator@U?$pair@$$CBHPAU_SBServer@@@_STL@@@2@@_STL@@QAE?AU?$_Rb_tree_iterator@U?$pair@$$CBHPAU_SBServer@@@_STL@@U?$_Nonconst_traits@U?$pair@$$CBHPAU_SBServer@@@_STL@@@2@@2@U32@ABU?$pair@$$CBHPAU_SBServer@@@2@@Z,0x0000ED2C,pinharvest x1 (thunk)
?insert_unique@?$_Rb_tree@HU?$pair@$$CBHPAU_SBServer@@@_STL@@U?$_Select1st@U?$pair@$$CBHPAU_SBServer@@@_STL@@@2@U?$less@H@2@V?$allocator@U?$pair@$$CBHPAU_SBServer@@@_STL@@@2@@_STL@@QAE?AU?$_Rb_tree_iterator@U?$pair@$$CBHPAU_SBServer@@@_STL@@U?$_Nonconst_traits@U?$pair@$$CBHPAU_SBServer@@@_STL@@@2@@2@U32@ABU?$pair@$$CBHPAU_SBServer@@@2@@Z,0x000254B9,pinharvest x1 (thunk)
?insert_unique@?$_Rb_tree@HU?$pair@$$CBHPAU_SBServer@@@_STL@@U?$_Select1st@U?$pair@$$CBHPAU_SBServer@@@_STL@@@2@U?$less@H@2@V?$allocator@U?$pair@$$CBHPAU_SBServer@@@_STL@@@2@@_STL@@QAE?AU?$_Rb_tree_iterator@U?$pair@$$CBHPAU_SBServer@@@_STL@@U?$_Nonconst_traits@U?$pair@$$CBHPAU_SBServer@@@_STL@@@2@@2@U32@ABU?$pair@$$CBHPAU_SBServer@@@2@@Z,0x000296BD,pinharvest x1 (thunk)
?insert_unique@?$_Rb_tree@HU?$pair@$$CBHPAU_SBServer@@@_STL@@U?$_Select1st@U?$pair@$$CBHPAU_SBServer@@@_STL@@@2@U?$less@H@2@V?$allocator@U?$pair@$$CBHPAU_SBServer@@@_STL@@@2@@_STL@@QAE?AU?$_Rb_tree_iterator@U?$pair@$$CBHPAU_SBServer@@@_STL@@U?$_Nonconst_traits@U?$pair@$$CBHPAU_SBServer@@@_STL@@@2@@2@U32@ABU?$pair@$$CBHPAU_SBServer@@@2@@Z,0x0002C318,pinharvest x1 (thunk)
?insert_unique@?$_Rb_tree@HU?$pair@$$CBHPAU_SBServer@@@_STL@@U?$_Select1st@U?$pair@$$CBHPAU_SBServer@@@_STL@@@2@U?$less@H@2@V?$allocator@U?$pair@$$CBHPAU_SBServer@@@_STL@@@2@@_STL@@QAE?AU?$_Rb_tree_iterator@U?$pair@$$CBHPAU_SBServer@@@_STL@@U?$_Nonconst_traits@U?$pair@$$CBHPAU_SBServer@@@_STL@@@2@@2@U32@ABU?$pair@$$CBHPAU_SBServer@@@2@@Z,0x00038703,pinharvest x1 (thunk)
?insert_unique@?$_Rb_tree@HU?$pair@$$CBHPAU_SBServer@@@_STL@@U?$_Select1st@U?$pair@$$CBHPAU_SBServer@@@_STL@@@2@U?$less@H@2@V?$allocator@U?$pair@$$CBHPAU_SBServer@@@_STL@@@2@@_STL@@QAE?AU?$_Rb_tree_iterator@U?$pair@$$CBHPAU_SBServer@@@_STL@@U?$_Nonconst_traits@U?$pair@$$CBHPAU_SBServer@@@_STL@@@2@@2@U32@ABU?$pair@$$CBHPAU_SBServer@@@2@@Z,0x0003E05E,pinharvest x1 (thunk)
?insert_unique@?$_Rb_tree@HU?$pair@$$CBHPAVGameSpyStagingRoom@@@_STL@@U?$_Select1st@U?$pair@$$CBHPAVGameSpyStagingRoom@@@_STL@@@2@U?$less@H@2@V?$allocator@U?$pair@$$CBHPAVGameSpyStagingRoom@@@_STL@@@2@@_STL@@QAE?AU?$_Rb_tree_iterator@U?$pair@$$CBHPAVGameSpyStagingRoom@@@_STL@@U?$_Nonconst_traits@U?$pair@$$CBHPAVGameSpyStagingRoom@@@_STL@@@2@@2@U32@ABU?$pair@$$CBHPAVGameSpyStagingRoom@@@2@@Z,0x000290B4,ILT thunk; real body 0xA33010
?insert_unique@?$_Rb_tree@HU?$pair@$$CBHPAVPlayer@@@_STL@@U?$_Select1st@U?$pair@$$CBHPAVPlayer@@@_STL@@@2@U?$less@H@2@V?$allocator@U?$pair@$$CBHPAVPlayer@@@_STL@@@2@@_STL@@QAE?AU?$_Rb_tree_iterator@U?$pair@$$CBHPAVPlayer@@@_STL@@U?$_Nonconst_traits@U?$pair@$$CBHPAVPlayer@@@_STL@@@2@@2@U32@ABU?$pair@$$CBHPAVPlayer@@@2@@Z,0x0000ED2C,pinharvest x1 (thunk)
?insert_unique@?$_Rb_tree@HU?$pair@$$CBHPAVPlayer@@@_STL@@U?$_Select1st@U?$pair@$$CBHPAVPlayer@@@_STL@@@2@U?$less@H@2@V?$allocator@U?$pair@$$CBHPAVPlayer@@@_STL@@@2@@_STL@@QAE?AU?$_Rb_tree_iterator@U?$pair@$$CBHPAVPlayer@@@_STL@@U?$_Nonconst_traits@U?$pair@$$CBHPAVPlayer@@@_STL@@@2@@2@U32@ABU?$pair@$$CBHPAVPlayer@@@2@@Z,0x000254B9,pinharvest x1 (thunk)
?insert_unique@?$_Rb_tree@HU?$pair@$$CBHPAVPlayer@@@_STL@@U?$_Select1st@U?$pair@$$CBHPAVPlayer@@@_STL@@@2@U?$less@H@2@V?$allocator@U?$pair@$$CBHPAVPlayer@@@_STL@@@2@@_STL@@QAE?AU?$_Rb_tree_iterator@U?$pair@$$CBHPAVPlayer@@@_STL@@U?$_Nonconst_traits@U?$pair@$$CBHPAVPlayer@@@_STL@@@2@@2@U32@ABU?$pair@$$CBHPAVPlayer@@@2@@Z,0x000296BD,pinharvest x1 (thunk)
?insert_unique@?$_Rb_tree@HU?$pair@$$CBHPAVPlayer@@@_STL@@U?$_Select1st@U?$pair@$$CBHPAVPlayer@@@_STL@@@2@U?$less@H@2@V?$allocator@U?$pair@$$CBHPAVPlayer@@@_STL@@@2@@_STL@@QAE?AU?$_Rb_tree_iterator@U?$pair@$$CBHPAVPlayer@@@_STL@@U?$_Nonconst_traits@U?$pair@$$CBHPAVPlayer@@@_STL@@@2@@2@U32@ABU?$pair@$$CBHPAVPlayer@@@2@@Z,0x0002C318,pinharvest x1 (thunk)
?insert_unique@?$_Rb_tree@HU?$pair@$$CBHPAVPlayer@@@_STL@@U?$_Select1st@U?$pair@$$CBHPAVPlayer@@@_STL@@@2@U?$less@H@2@V?$allocator@U?$pair@$$CBHPAVPlayer@@@_STL@@@2@@_STL@@QAE?AU?$_Rb_tree_iterator@U?$pair@$$CBHPAVPlayer@@@_STL@@U?$_Nonconst_traits@U?$pair@$$CBHPAVPlayer@@@_STL@@@2@@2@U32@ABU?$pair@$$CBHPAVPlayer@@@2@@Z,0x00038703,pinharvest x1 (thunk)
?insert_unique@?$_Rb_tree@HU?$pair@$$CBHPAVPlayer@@@_STL@@U?$_Select1st@U?$pair@$$CBHPAVPlayer@@@_STL@@@2@U?$less@H@2@V?$allocator@U?$pair@$$CBHPAVPlayer@@@_STL@@@2@@_STL@@QAE?AU?$_Rb_tree_iterator@U?$pair@$$CBHPAVPlayer@@@_STL@@U?$_Nonconst_traits@U?$pair@$$CBHPAVPlayer@@@_STL@@@2@@2@U32@ABU?$pair@$$CBHPAVPlayer@@@2@@Z,0x0003E05E,pinharvest x1 (thunk)
?insert_unique@?$_Rb_tree@IU?$pair@$$CBIPAVImage@@@_STL@@U?$_Select1st@U?$pair@$$CBIPAVImage@@@_STL@@@2@U?$less@I@2@V?$allocator@U?$pair@$$CBIPAVImage@@@_STL@@@2@@_STL@@QAE?AU?$_Rb_tree_iterator@U?$pair@$$CBIPAVImage@@@_STL@@U?$_Nonconst_traits@U?$pair@$$CBIPAVImage@@@_STL@@@2@@2@U32@ABU?$pair@$$CBIPAVImage@@@2@@Z,0x009A4350,Open-BFME5 Image map insert_unique call target
?insert_unique@?$_Rb_tree@IU?$pair@$$CBIPAVImage@@@_STL@@U?$_Select1st@U?$pair@$$CBIPAVImage@@@_STL@@@2@U?$less@I@2@V?$allocator@U?$pair@$$CBIPAVImage@@@_STL@@@2@@_STL@@QAE?AU?$pair@U?$_Rb_tree_iterator@U?$pair@$$CBIPAVImage@@@_STL@@U?$_Nonconst_traits@U?$pair@$$CBIPAVImage@@@_STL@@@2@@2@U32@ABU?$pair@$$CBIPAVImage@@@2@@Z,0x009A4350,decoded from map<IPAVImage>::operator[]
?insert_unique@?$_Rb_tree@IU?$pair@$$CBIPAVImage@@@_STL@@U?$_Select1st@U?$pair@$$CBIPAVImage@@@_STL@@@2@U?$less@I@2@V?$allocator@U?$pair@$$CBIPAVImage@@@_STL@@@2@@_STL@@QAE?AU?$pair@U?$_Rb_tree_iterator@U?$pair@$$CBIPAVImage@@@_STL@@U?$_Nonconst_traits@U?$pair@$$CBIPAVImage@@@_STL@@@2@@_STL@@_N@2@ABU?$pair@$$CBIPAVImage@@@2@@Z,0x009A41E0,Open-BFME5 Image insert_unique call target
?insert_unique@?$_Rb_tree@PBVThingTemplate@@U?$pair@QBVThingTemplate@@H@_STL@@U?$_Select1st@U?$pair@QBVThingTemplate@@H@_STL@@@3@U?$less@PBVThingTemplate@@@3@V?$allocator@U?$pair@QBVThingTemplate@@H@_STL@@@3@@_STL@@QAE?AU?$_Rb_tree_iterator@U?$pair@QBVThingTemplate@@H@_STL@@U?$_Nonconst_traits@U?$pair@QBVThingTemplate@@H@_STL@@@2@@2@U32@ABU?$pair@QBVThingTemplate@@H@2@@Z,0x0003E22A,ILT thunk used by call site
?insert_unique@?$_Rb_tree@PBVThingTemplate@@U?$pair@QBVThingTemplate@@H@_STL@@U?$_Select1st@U?$pair@QBVThingTemplate@@H@_STL@@@3@U?$less@PBVThingTemplate@@@3@V?$allocator@U?$pair@QBVThingTemplate@@H@_STL@@@3@@_STL@@QAE?AU?$_Rb_tree_iterator@U?$pair@QBVThingTemplate@@H@_STL@@U?$_Nonconst_traits@U?$pair@QBVThingTemplate@@H@_STL@@@2@@2@U32@ABU?$pair@QBVThingTemplate@@H@2@@Z,0x009A4350,resweep callee back-solved
?insert_unique@?$_Rb_tree@VAsciiString@@U?$pair@$$CBVAsciiString@@UCoord3D@@@_STL@@U?$_Select1st@U?$pair@$$CBVAsciiString@@UCoord3D@@@_STL@@@3@U?$less@VAsciiString@@@3@V?$allocator@U?$pair@$$CBVAsciiString@@UCoord3D@@@_STL@@@3@@_STL@@QAE?AU?$pair@U?$_Rb_tree_iterator@U?$pair@$$CBVAsciiString@@UCoord3D@@@_STL@@U?$_Nonconst_traits@U?$pair@$$CBVAsciiString@@UCoord3D@@@_STL@@@2@@_STL@@_N@2@ABU?$pair@$$CBVAsciiString@@UCoord3D@@@2@@Z,0x0002DA10
?insert_unique@?$_Rb_tree@VAsciiString@@U?$pair@$$CBVAsciiString@@V?$list@VAsciiString@@V?$allocator@VAsciiString@@@_STL@@@_STL@@@_STL@@U?$_Select1st@U?$pair@$$CBVAsciiString@@V?$list@VAsciiString@@V?$allocator@VAsciiString@@@_STL@@@_STL@@@_STL@@@3@U?$less@VAsciiString@@@3@V?$allocator@U?$pair@$$CBVAsciiString@@V?$list@VAsciiString@@V?$allocator@VAsciiString@@@_STL@@@_STL@@@_STL@@@3@@_STL@@QAE?AU?$pair@U?$_Rb_tree_iterator@U?$pair@$$CBVAsciiString@@V?$list@VAsciiString@@V?$allocator@VAsciiString@@@_STL@@@_STL@@@_STL@@U?$_Nonconst_traits@U?$pair@$$CBVAsciiString@@V?$list@VAsciiString@@V?$allocator@VAsciiString@@@_STL@@@_STL@@@_STL@@@2@@_STL@@_N@2@ABU?$pair@$$CBVAsciiString@@V?$list@VAsciiString@@V?$allocator@VAsciiString@@@_STL@@@_STL@@@2@@Z,0x000472C1,WOLLogin tree unique insert thunk
?insert_unique@?$_Rb_tree@VAsciiString@@U?$pair@$$CBVAsciiString@@VHotKey@@@_STL@@U?$_Select1st@U?$pair@$$CBVAsciiString@@VHotKey@@@_STL@@@3@U?$less@VAsciiString@@@3@V?$allocator@U?$pair@$$CBVAsciiString@@VHotKey@@@_STL@@@3@@_STL@@QAE?AU?$pair@U?$_Rb_tree_iterator@U?$pair@$$CBVAsciiString@@VHotKey@@@_STL@@U?$_Nonconst_traits@U?$pair@$$CBVAsciiString@@VHotKey@@@_STL@@@2@@_STL@@_N@2@ABU?$pair@$$CBVAsciiString@@VHotKey@@@2@@Z,0x00039A54,HotKey tree unique insert thunk
?insert_unique@?$_Rb_tree@VAsciiString@@U?$pair@$$CBVAsciiString@@VMapMetaData@@@_STL@@U?$_Select1st@U?$pair@$$CBVAsciiString@@VMapMetaData@@@_STL@@@3@U?$less@VAsciiString@@@3@V?$allocator@U?$pair@$$CBVAsciiString@@VMapMetaData@@@_STL@@@3@@_STL@@QAE?AU?$pair@U?$_Rb_tree_iterator@U?$pair@$$CBVAsciiString@@VMapMetaData@@@_STL@@U?$_Nonconst_traits@U?$pair@$$CBVAsciiString@@VMapMetaData@@@_STL@@@2@@_STL@@_N@2@ABU?$pair@$$CBVAsciiString@@VMapMetaData@@@2@@Z,0x0002DA10,derived-ICF
?insert_unique@?$_Rb_tree@VAsciiString@@U?$pair@$$CBVAsciiString@@_N@_STL@@U?$_Select1st@U?$pair@$$CBVAsciiString@@_N@_STL@@@3@U?$less@VAsciiString@@@3@V?$allocator@U?$pair@$$CBVAsciiString@@_N@_STL@@@3@@_STL@@QAE?AU?$pair@U?$_Rb_tree_iterator@U?$pair@$$CBVAsciiString@@_N@_STL@@U?$_Nonconst_traits@U?$pair@$$CBVAsciiString@@_N@_STL@@@2@@_STL@@_N@2@ABU?$pair@$$CBVAsciiString@@_N@2@@Z,0x0002DA10,MapUtil bool tree unique insert thunk
?insert_unique@?$_Rb_tree@VUnicodeString@@U?$pair@$$CBVUnicodeString@@_N@_STL@@U?$_Select1st@U?$pair@$$CBVUnicodeString@@_N@_STL@@@3@UUnicodeStringLessThan@@V?$allocator@U?$pair@$$CBVUnicodeString@@_N@_STL@@@3@@_STL@@QAE?AU?$_Rb_tree_iterator@U?$pair@$$CBVUnicodeString@@_N@_STL@@U?$_Nonconst_traits@U?$pair@$$CBVUnicodeString@@_N@_STL@@@2@@2@U32@ABU?$pair@$$CBVUnicodeString@@_N@2@@Z,0x00015E1F,LanguageFilter map operator[] callee (ILT thunk -> body 0x0044DE70)
?insert_unique@?$_Rb_tree@W4NameKeyType@@U?$pair@$$CBW4NameKeyType@@M@_STL@@U?$_Select1st@U?$pair@$$CBW4NameKeyType@@M@_STL@@@3@U?$less@W4NameKeyType@@@3@V?$allocator@U?$pair@$$CBW4NameKeyType@@M@_STL@@@3@@_STL@@QAE?AU?$_Rb_tree_iterator@U?$pair@$$CBW4NameKeyType@@M@_STL@@U?$_Nonconst_traits@U?$pair@$$CBW4NameKeyType@@M@_STL@@@2@@2@U32@ABU?$pair@$$CBW4NameKeyType@@M@2@@Z,0x00030512,resweep callee back-solved
?insert_unique@?$_Rb_tree@W4NameKeyType@@U?$pair@$$CBW4NameKeyType@@PAVLocomotorTemplate@@@_STL@@U?$_Select1st@U?$pair@$$CBW4NameKeyType@@PAVLocomotorTemplate@@@_STL@@@3@U?$less@W4NameKeyType@@@3@V?$allocator@U?$pair@$$CBW4NameKeyType@@PAVLocomotorTemplate@@@_STL@@@3@@_STL@@QAE?AU?$_Rb_tree_iterator@U?$pair@$$CBW4NameKeyType@@PAVLocomotorTemplate@@@_STL@@U?$_Nonconst_traits@U?$pair@$$CBW4NameKeyType@@PAVLocomotorTemplate@@@_STL@@@2@@2@U32@ABU?$pair@$$CBW4NameKeyType@@PAVLocomotorTemplate@@@2@@Z,0x000082F6,resweep callee back-solved
?insert_unique@?$_Rb_tree@W4NameKeyType@@U?$pair@$$CBW4NameKeyType@@PAVTeamPrototype@@@_STL@@U?$_Select1st@U?$pair@$$CBW4NameKeyType@@PAVTeamPrototype@@@_STL@@@3@U?$less@W4NameKeyType@@@3@V?$allocator@U?$pair@$$CBW4NameKeyType@@PAVTeamPrototype@@@_STL@@@3@@_STL@@QAE?AU?$_Rb_tree_iterator@U?$pair@$$CBW4NameKeyType@@PAVTeamPrototype@@@_STL@@U?$_Nonconst_traits@U?$pair@$$CBW4NameKeyType@@PAVTeamPrototype@@@_STL@@@2@@2@U32@ABU?$pair@$$CBW4NameKeyType@@PAVTeamPrototype@@@2@@Z,0x0000ED2C,pinharvest x1 (thunk)
?insert_unique@?$_Rb_tree@W4NameKeyType@@U?$pair@$$CBW4NameKeyType@@PAVTeamPrototype@@@_STL@@U?$_Select1st@U?$pair@$$CBW4NameKeyType@@PAVTeamPrototype@@@_STL@@@3@U?$less@W4NameKeyType@@@3@V?$allocator@U?$pair@$$CBW4NameKeyType@@PAVTeamPrototype@@@_STL@@@3@@_STL@@QAE?AU?$_Rb_tree_iterator@U?$pair@$$CBW4NameKeyType@@PAVTeamPrototype@@@_STL@@U?$_Nonconst_traits@U?$pair@$$CBW4NameKeyType@@PAVTeamPrototype@@@_STL@@@2@@2@U32@ABU?$pair@$$CBW4NameKeyType@@PAVTeamPrototype@@@2@@Z,0x000254B9,pinharvest x1 (thunk)
?insert_unique@?$_Rb_tree@W4NameKeyType@@U?$pair@$$CBW4NameKeyType@@PAVTeamPrototype@@@_STL@@U?$_Select1st@U?$pair@$$CBW4NameKeyType@@PAVTeamPrototype@@@_STL@@@3@U?$less@W4NameKeyType@@@3@V?$allocator@U?$pair@$$CBW4NameKeyType@@PAVTeamPrototype@@@_STL@@@3@@_STL@@QAE?AU?$_Rb_tree_iterator@U?$pair@$$CBW4NameKeyType@@PAVTeamPrototype@@@_STL@@U?$_Nonconst_traits@U?$pair@$$CBW4NameKeyType@@PAVTeamPrototype@@@_STL@@@2@@2@U32@ABU?$pair@$$CBW4NameKeyType@@PAVTeamPrototype@@@2@@Z,0x000296BD,pinharvest x1 (thunk)
?insert_unique@?$_Rb_tree@W4NameKeyType@@U?$pair@$$CBW4NameKeyType@@PAVTeamPrototype@@@_STL@@U?$_Select1st@U?$pair@$$CBW4NameKeyType@@PAVTeamPrototype@@@_STL@@@3@U?$less@W4NameKeyType@@@3@V?$allocator@U?$pair@$$CBW4NameKeyType@@PAVTeamPrototype@@@_STL@@@3@@_STL@@QAE?AU?$_Rb_tree_iterator@U?$pair@$$CBW4NameKeyType@@PAVTeamPrototype@@@_STL@@U?$_Nonconst_traits@U?$pair@$$CBW4NameKeyType@@PAVTeamPrototype@@@_STL@@@2@@2@U32@ABU?$pair@$$CBW4NameKeyType@@PAVTeamPrototype@@@2@@Z,0x0002C318,pinharvest x1 (thunk)
?insert_unique@?$_Rb_tree@W4NameKeyType@@U?$pair@$$CBW4NameKeyType@@PAVTeamPrototype@@@_STL@@U?$_Select1st@U?$pair@$$CBW4NameKeyType@@PAVTeamPrototype@@@_STL@@@3@U?$less@W4NameKeyType@@@3@V?$allocator@U?$pair@$$CBW4NameKeyType@@PAVTeamPrototype@@@_STL@@@3@@_STL@@QAE?AU?$_Rb_tree_iterator@U?$pair@$$CBW4NameKeyType@@PAVTeamPrototype@@@_STL@@U?$_Nonconst_traits@U?$pair@$$CBW4NameKeyType@@PAVTeamPrototype@@@_STL@@@2@@2@U32@ABU?$pair@$$CBW4NameKeyType@@PAVTeamPrototype@@@2@@Z,0x00038703,pinharvest x1 (thunk)
?insert_unique@?$_Rb_tree@W4NameKeyType@@U?$pair@$$CBW4NameKeyType@@PAVTeamPrototype@@@_STL@@U?$_Select1st@U?$pair@$$CBW4NameKeyType@@PAVTeamPrototype@@@_STL@@@3@U?$less@W4NameKeyType@@@3@V?$allocator@U?$pair@$$CBW4NameKeyType@@PAVTeamPrototype@@@_STL@@@3@@_STL@@QAE?AU?$_Rb_tree_iterator@U?$pair@$$CBW4NameKeyType@@PAVTeamPrototype@@@_STL@@U?$_Nonconst_traits@U?$pair@$$CBW4NameKeyType@@PAVTeamPrototype@@@_STL@@@2@@2@U32@ABU?$pair@$$CBW4NameKeyType@@PAVTeamPrototype@@@2@@Z,0x0003E05E,pinharvest x1 (thunk)
?insert_unique@?$_Rb_tree@W4NameKeyType@@U?$pair@$$CBW4NameKeyType@@UPristineBoneInfo@@@_STL@@U?$_Select1st@U?$pair@$$CBW4NameKeyType@@UPristineBoneInfo@@@_STL@@@3@U?$less@W4NameKeyType@@@3@V?$allocator@U?$pair@$$CBW4NameKeyType@@UPristineBoneInfo@@@_STL@@@3@@_STL@@QAE?AU?$_Rb_tree_iterator@U?$pair@$$CBW4NameKeyType@@UPristineBoneInfo@@@_STL@@U?$_Nonconst_traits@U?$pair@$$CBW4NameKeyType@@UPristineBoneInfo@@@_STL@@@2@@2@U32@ABU?$pair@$$CBW4NameKeyType@@UPristineBoneInfo@@@2@@Z,0x00024ADC
?insert_unique@?$_Rb_tree@W4NameKeyType@@U?$pair@$$CBW4NameKeyType@@VObjectCreationList@@@_STL@@U?$_Select1st@U?$pair@$$CBW4NameKeyType@@VObjectCreationList@@@_STL@@@3@U?$less@W4NameKeyType@@@3@V?$allocator@U?$pair@$$CBW4NameKeyType@@VObjectCreationList@@@_STL@@@3@@_STL@@QAE?AU?$pair@U?$_Rb_tree_iterator@U?$pair@$$CBW4NameKeyType@@VObjectCreationList@@@_STL@@U?$_Nonconst_traits@U?$pair@$$CBW4NameKeyType@@VObjectCreationList@@@_STL@@@2@@_STL@@_N@2@ABU?$pair@$$CBW4NameKeyType@@VObjectCreationList@@@2@@Z,0x0003E090,Open-BFME5 pin
?insert_unique@?$_Rb_tree@W4NameKeyType@@U?$pair@$$CBW4NameKeyType@@W4VeterancyLevel@@@_STL@@U?$_Select1st@U?$pair@$$CBW4NameKeyType@@W4VeterancyLevel@@@_STL@@@3@U?$less@W4NameKeyType@@@3@V?$allocator@U?$pair@$$CBW4NameKeyType@@W4VeterancyLevel@@@_STL@@@3@@_STL@@QAE?AU?$_Rb_tree_iterator@U?$pair@$$CBW4NameKeyType@@W4VeterancyLevel@@@_STL@@U?$_Nonconst_traits@U?$pair@$$CBW4NameKeyType@@W4VeterancyLevel@@@_STL@@@2@@2@U32@ABU?$pair@$$CBW4NameKeyType@@W4VeterancyLevel@@@2@@Z,0x000290B4,rel32 pin for exact-ambiguous landing
?insert_unique@?$_Rb_tree@W4NameKeyType@@U?$pair@$$CBW4NameKeyType@@W4VeterancyLevel@@@_STL@@U?$_Select1st@U?$pair@$$CBW4NameKeyType@@W4VeterancyLevel@@@_STL@@@3@U?$less@W4NameKeyType@@@3@V?$allocator@U?$pair@$$CBW4NameKeyType@@W4VeterancyLevel@@@_STL@@@3@@_STL@@QAE?AU?$pair@U?$_Rb_tree_iterator@U?$pair@$$CBW4NameKeyType@@W4VeterancyLevel@@@_STL@@U?$_Nonconst_traits@U?$pair@$$CBW4NameKeyType@@W4VeterancyLevel@@@_STL@@@2@@_STL@@_N@2@ABU?$pair@$$CBW4NameKeyType@@W4VeterancyLevel@@@2@@Z,0x0003E090,Open-BFME5 pin
?insert_unique@?$_Rb_tree@W4ObjectID@@U?$pair@$$CBW4ObjectID@@W4ObjectEnterExitType@@@_STL@@U?$_Select1st@U?$pair@$$CBW4ObjectID@@W4ObjectEnterExitType@@@_STL@@@3@U?$less@W4ObjectID@@@3@V?$allocator@U?$pair@$$CBW4ObjectID@@W4ObjectEnterExitType@@@_STL@@@3@@_STL@@QAE?AU?$_Rb_tree_iterator@U?$pair@$$CBW4ObjectID@@W4ObjectEnterExitType@@@_STL@@U?$_Nonconst_traits@U?$pair@$$CBW4ObjectID@@W4ObjectEnterExitType@@@_STL@@@2@@2@U32@ABU?$pair@$$CBW4ObjectID@@W4ObjectEnterExitType@@@2@@Z,0x0000ED2C,pinharvest x1 (thunk)
?insert_unique@?$_Rb_tree@W4ObjectID@@U?$pair@$$CBW4ObjectID@@W4ObjectEnterExitType@@@_STL@@U?$_Select1st@U?$pair@$$CBW4ObjectID@@W4ObjectEnterExitType@@@_STL@@@3@U?$less@W4ObjectID@@@3@V?$allocator@U?$pair@$$CBW4ObjectID@@W4ObjectEnterExitType@@@_STL@@@3@@_STL@@QAE?AU?$_Rb_tree_iterator@U?$pair@$$CBW4ObjectID@@W4ObjectEnterExitType@@@_STL@@U?$_Nonconst_traits@U?$pair@$$CBW4ObjectID@@W4ObjectEnterExitType@@@_STL@@@2@@2@U32@ABU?$pair@$$CBW4ObjectID@@W4ObjectEnterExitType@@@2@@Z,0x000254B9,pinharvest x1 (thunk)
?insert_unique@?$_Rb_tree@W4ObjectID@@U?$pair@$$CBW4ObjectID@@W4ObjectEnterExitType@@@_STL@@U?$_Select1st@U?$pair@$$CBW4ObjectID@@W4ObjectEnterExitType@@@_STL@@@3@U?$less@W4ObjectID@@@3@V?$allocator@U?$pair@$$CBW4ObjectID@@W4ObjectEnterExitType@@@_STL@@@3@@_STL@@QAE?AU?$_Rb_tree_iterator@U?$pair@$$CBW4ObjectID@@W4ObjectEnterExitType@@@_STL@@U?$_Nonconst_traits@U?$pair@$$CBW4ObjectID@@W4ObjectEnterExitType@@@_STL@@@2@@2@U32@ABU?$pair@$$CBW4ObjectID@@W4ObjectEnterExitType@@@2@@Z,0x000296BD,pinharvest x1 (thunk)
?insert_unique@?$_Rb_tree@W4ObjectID@@U?$pair@$$CBW4ObjectID@@W4ObjectEnterExitType@@@_STL@@U?$_Select1st@U?$pair@$$CBW4ObjectID@@W4ObjectEnterExitType@@@_STL@@@3@U?$less@W4ObjectID@@@3@V?$allocator@U?$pair@$$CBW4ObjectID@@W4ObjectEnterExitType@@@_STL@@@3@@_STL@@QAE?AU?$_Rb_tree_iterator@U?$pair@$$CBW4ObjectID@@W4ObjectEnterExitType@@@_STL@@U?$_Nonconst_traits@U?$pair@$$CBW4ObjectID@@W4ObjectEnterExitType@@@_STL@@@2@@2@U32@ABU?$pair@$$CBW4ObjectID@@W4ObjectEnterExitType@@@2@@Z,0x0002C318,pinharvest x1 (thunk)
?insert_unique@?$_Rb_tree@W4ObjectID@@U?$pair@$$CBW4ObjectID@@W4ObjectEnterExitType@@@_STL@@U?$_Select1st@U?$pair@$$CBW4ObjectID@@W4ObjectEnterExitType@@@_STL@@@3@U?$less@W4ObjectID@@@3@V?$allocator@U?$pair@$$CBW4ObjectID@@W4ObjectEnterExitType@@@_STL@@@3@@_STL@@QAE?AU?$_Rb_tree_iterator@U?$pair@$$CBW4ObjectID@@W4ObjectEnterExitType@@@_STL@@U?$_Nonconst_traits@U?$pair@$$CBW4ObjectID@@W4ObjectEnterExitType@@@_STL@@@2@@2@U32@ABU?$pair@$$CBW4ObjectID@@W4ObjectEnterExitType@@@2@@Z,0x00038703,pinharvest x1 (thunk)
?insert_unique@?$_Rb_tree@W4ObjectID@@U?$pair@$$CBW4ObjectID@@W4ObjectEnterExitType@@@_STL@@U?$_Select1st@U?$pair@$$CBW4ObjectID@@W4ObjectEnterExitType@@@_STL@@@3@U?$less@W4ObjectID@@@3@V?$allocator@U?$pair@$$CBW4ObjectID@@W4ObjectEnterExitType@@@_STL@@@3@@_STL@@QAE?AU?$_Rb_tree_iterator@U?$pair@$$CBW4ObjectID@@W4ObjectEnterExitType@@@_STL@@U?$_Nonconst_traits@U?$pair@$$CBW4ObjectID@@W4ObjectEnterExitType@@@_STL@@@2@@2@U32@ABU?$pair@$$CBW4ObjectID@@W4ObjectEnterExitType@@@2@@Z,0x0003E05E,pinharvest x1 (thunk)
?insert_unique_noresize@?$hashtable@U?$pair@$$CBW4NameKeyType@@PAVBucket@@@_STL@@W4NameKeyType@@U?$hash@W4NameKeyType@@@rts@@U?$_Select1st@U?$pair@$$CBW4NameKeyType@@PAVBucket@@@_STL@@@2@U?$equal_to@W4NameKeyType@@@5@V?$allocator@U?$pair@$$CBW4NameKeyType@@PAVBucket@@@_STL@@@2@@_STL@@QAE?AU?$pair@U?$_Ht_iterator@U?$pair@$$CBW4NameKeyType@@PAVBucket@@@_STL@@U?$_Nonconst_traits@U?$pair@$$CBW4NameKeyType@@PAVBucket@@@_STL@@@2@W4NameKeyType@@U?$hash@W4NameKeyType@@@rts@@U?$_Select1st@U?$pair@$$CBW4NameKeyType@@PAVBucket@@@_STL@@@2@U?$equal_to@W4NameKeyType@@@6@V?$allocator@U?$pair@$$CBW4NameKeyType@@PAVBucket@@@_STL@@@2@@_STL@@_N@2@ABU?$pair@$$CBW4NameKeyType@@PAVBucket@@@2@@Z,0x0008FAB0,NameKeyGenerator aux hash_map hashtable<>::insert_unique_noresize() proven via nameToKey(const char*) insert call site
?internal_classifyObjectFootprint@Pathfinder@@IAEXPAVObject@@_N@Z,0x0002BF2B,pinharvest x1 (thunk)
?internal_classifyObjectFootprint@Pathfinder@@IAEXPAVObject@@_N@Z,0x0002C566,pinharvest x1 (thunk)
?internal_classifyObjectFootprint@Pathfinder@@IAEXPAVObject@@_N@Z,0x000307E7,pinharvest x1 (thunk)
?internal_classifyObjectFootprint@Pathfinder@@IAEXPAVObject@@_N@Z,0x00047807,pinharvest x2 (thunk)
?internal_classifyObjectFootprint@Pathfinder@@IAEXPAVObject@@_N@Z,0x00047D2A,pinharvest x2 (thunk)
?internal_classifyObjectFootprint@Pathfinder@@IAEXPAVObject@@_N@Z,0x0004AEFD,pinharvest x1 (thunk)
?isAbleToBeToppled@ToppleUpdate@@QBE_NXZ,0x0000678A
?isCapableOfPurchasingScience@Player@@QBE_NW4ScienceType@@@Z,0x00049E45
?isCellOnEnd@Bridge@@QAE_NPBURegion2D@@@Z,0x0000DAAD,ILT thunk used by call site
?isCliffMappedTexture@WorldHeightMap@@QAE_NHH@Z,0x00022034,retail WorldHeightMap::isCliffMappedTexture ILT thunk
?isCliffMappedTexture@WorldHeightMapIsCliffMappedTextureShim@@QAE_NHH@Z,0x00728250,WorldHeightMap incremental-link thunk target through a TU-local forwarding shim
?isEmpty@UnicodeString@@QBE_NXZ,0x0001F361,PopupReplaySystem GEM_UPDATE_TEXT site thunk to 0x7F7D0
?isEqualCommandMsg@NetCommandListEqualShim@@QAE_NPAVNetCommandMsg@@0@Z,0x00008963,NetCommandList findMessage helper call shim
?isFinished@GameWindowTransitionsHandler@@QAE_NXZ,0x00042E6F,Shell retail transition handler
?isMultiplayer@RecorderClass@@QAE_NXZ,0x0004A7A5,retail target of getSciencePurchaseCost REPLAY-mode check; thunk-table entry (real body FUN_00497800); Bool RecorderClass::isMultiplayer(void) per reference Recorder.h
?isOnSquad@Squad@@QBE_NPBVObject@@@Z,0x000250F4,REL32 pin from Player::getSquadNumberForObject body
?isPacketRouter@ConnectionManager@@QAE_NXZ,0x00044139
?isPlayerConnected@ConnectionManager@@QAE_NH@Z,0x0001514A
?isPlayerVotedOut@DisconnectManager@@IAE_NHPAVConnectionManager@@@Z,0x0001ECE0
?isPlayerVotedOut@DisconnectManagerIsPlayerVotedOutShim@@QAE_NHPAVConnectionManager@@@Z,0x0066BC30,DisconnectManager incremental-link thunk target through a TU-local forwarding shim
?isPointOnBridge@Bridge@@QAE_NPBUCoord3D@@@Z,0x00014637
?isScienceGrantable@ScienceStore@@QBE_NW4ScienceType@@@Z,0x0003882A
?isSlotLocalAlly@@YA_NPBVGameSlot@@@Z,0x0061ED20
?isTurretInNaturalPosition@AIUpdateInterface@@QBE_NW4WhichTurretType@@@Z,0x00043F45,REL32 pin from BattlePlanUpdate::isTurretInNaturalPosition body
?isUsingAirborneLocomotor@Object@@QBE_NXZ,0x0000A001,ILT thunk to 0x001C1770
?iterateCellsAlongLine@Pathfinder@@IAEHABUICoord2D@@0W4PathfindLayerEnum@@PAX@Z,0x000190B0,tightenPath 4-arg iterate (thunk->0x003F1F00)
?iterateObjects@Player@@QBEXP6AXPAVObject@@PAX@Z1@Z,0x0002F1CB
?iterateObjects@PlayerIterateObjectsShim@@QBEXP6AXPAVObject@@PAX@Z1@Z,0x000CDCF0,Player::iterateObjects incremental-link thunk target through a TU-local forwarding shim
?keyToName@NameKeyGenerator@@QAE?AVAsciiString@@W4NameKeyType@@@Z,0x0003EC7A
?killRunningParticleSystems@BoneFXUpdate@@IAEXXZ,0x0000628F
?killThemKillThemAll@SelectionTranslator@@AAE_NPAVDrawable@@PAVGameMessage@@@Z,0x00019F5B
?less@AsciiStringLessShim@@SA_NABVAsciiString@@0@Z,0x006451D0,AsciiString less-than incremental-link thunk target through a TU-local forwarding shim
?linkWindow@GameWindowManager@@QAEXPAVGameWindow@@@Z,0x0002B87D,winSetParent depth Open-BFME4+Grok
?load@GameWindowTransitionsHandler@@QAEXXZ,0x00027921,ILT thunk -> body 0x48B8D0; called by GameWindowManager::init on TheTransitionHandler (0x012F3330)
?load@INI@@QAEXVAsciiString@@HHPAX@Z,0x00853CB0,retail INI::load(file loadType reload xfer); called by the subsystem loader at 0x000BB310
?load@MapCacheLoadStandardMapsShim@@QAEXXZ,0x004507A0,MapCache loadStandardMaps incremental-link thunk target through a TU-local forwarding shim
?load@MapCacheLoadUserMapsShim@@QAE_NXZ,0x004577C0,MapCache loadUserMaps incremental-link thunk target through a TU-local forwarding shim
?loadBridgesInVertexAndIndexBuffers@W3DBridgeBuffer@@IAEXPAV?$RefMultiListIterator@VRenderObjClass@@@@@Z,0x000367EB
?loadBridgesInVertexAndIndexBuffers@W3DBridgeBufferLoadBridgesShim@@QAEXPAV?$RefMultiListIterator@VRenderObjClass@@@@@Z,0x006D9F50,W3DBridgeBuffer incremental-link thunk target through a TU-local forwarding shim
?loadDirectory@INI@@QAEXVAsciiString@@_NW4INILoadType@@PAVXfer@@H@Z,0x00853F10,BFME loadDirectory takes a 5th arg; body shared with the 4-arg ledger row name,
?loadDockPositions@DockUpdate@@IAEXXZ,0x0000C595,ILT thunk to 0x002CB0A0
?loadDockPositions@DockUpdateLoadDockPositionsShim@@QAEXXZ,0x002CB0A0,DockUpdate::loadDockPositions incremental-link thunk target through a TU-local forwarding shim
?loadFile@INI@@QAEXVAsciiString@@W4INILoadType@@PAVXfer@@@Z,0x00853A20,provisional name for the 3-arg INI entry point the legend path calls; distinct from INI::load at 0x00853610
?loadFloat4PtSection@W3DRoadBuffer@@IAEXPAVRoadSegment@@VVector2@@11PAV3@MMMM@Z,0x000346DF
?loadFloat4PtSection@W3DRoadBufferLoadFloat4PtSectionShim@@QAEXPAVRoadSegment@@VVector2@@11PAV3@MMMM@Z,0x00708320,W3DRoadBuffer incremental-link thunk target through a TU-local forwarding shim
?loadRoadsHelper0@W3DRoadBuffer@@QAEXXZ,0x000336F9,W3DRoadBuffer loadRoads guarded helper shim
?loadRoadsHelper1@W3DRoadBuffer@@QAEXXZ,0x0002001D,W3DRoadBuffer loadRoads helper shim
?loadRoadsHelper2@W3DRoadBuffer@@QAEXXZ,0x00010B5E,W3DRoadBuffer loadRoads helper shim
?loadRoadsHelper3@W3DRoadBuffer@@SAXXZ,0x00023DD0,W3DRoadBuffer loadRoads helper shim
?loadRoadsHelper4@W3DRoadBuffer@@QAEXXZ,0x000411DC,W3DRoadBuffer loadRoads helper shim
?loadRoadsHelper5@W3DRoadBuffer@@QAEXXZ,0x0001BA9A,W3DRoadBuffer loadRoads helper shim
?loadRoadsHelper6@W3DRoadBuffer@@QAEXXZ,0x00013552,W3DRoadBuffer loadRoads helper shim
?loadStandardMaps@MapCache@@AAEXXZ,0x000359DB
?loadTracks@WaterTracksRenderSystem@@QAEXXZ,0x0004584F
?loadTracks@WaterTracksRenderSystemLoadTracksShim@@QAEXXZ,0x007AC7E0,WaterTracksRenderSystem incremental-link thunk target through a TU-local forwarding shim
?loadUserMaps@MapCache@@AAE_NXZ,0x00028FF1
?localPixelToRadar@Radar@@QAE_NPBUICoord2D@@PAU2@@Z,0x00004D59
?localPixelToRadar@RadarLocalPixelToRadarShim@@QAE_NPBUICoord2D@@PAU2@@Z,0x00107AB0,Radar incremental-link thunk target through a TU-local forwarding shim
?lookup@TerrainCollisionEventFXLookupShim@FXParticleSystem@@QBEPBVFXList@@PBD@Z,0x0001669E,TerrainCollisionModuleInfo event FX lookup thunk used through a TU-local layout shim
?lower_bound@AsciiStringTreeLowerBoundShim@_STL@@QBEPAU?$_Rb_tree_node@VAsciiString@@@2@ABVAsciiString@@@Z,0x00633900,incremental-link thunk target through a TU-local forwarding shim
?makeDecoratedNameKey@ModuleFactory@@KA?AW4NameKeyType@@ABVAsciiString@@W4ModuleType@@@Z,0x0004B439
?makeDecoratedNameKey@ModuleFactory@@KAHABVAsciiString@@H@Z,0x0004B439,ModuleFactory::makeDecoratedNameKey thunk (body 0x00126260)
?makeDirty@PartitionData@@QAEXXZ,0x008F7B30,BFME PartitionData::makeDirty() takes no argument; pinned from setScriptStatus 0x1D01D0
?makeEmpty@SimpleObjectIterator@@QAEXXZ,0x00015479,pinharvest x1 (thunk)
?makeEmpty@SimpleObjectIterator@@QAEXXZ,0x00037565,pinharvest x1 (thunk)
?makeEmpty@SimpleObjectIteratorMakeEmptyShim@@QAEXXZ,0x0040AD80,SimpleObjectIterator incremental-link thunk target through a TU-local forwarding shim
?messageCallback@BuddyThreadClass@@QAEXPAVGPConnection@@PAUGPRecvBuddyMessageArg@@@Z,0x0000E43A
?moveMouse@Mouse@@IAEXHHH@Z,0x000141A5
?moveRoadSegTo@W3DRoadBuffer@@IAEXHH@Z,0x0003283F,ILT thunk -> 0x70b040 (checkLinkBefore callee)
?muxDataProcessUpgradeRemoval@UpgradeMuxData@@QBEXPAVObject@@@Z,0x0002E320,pinharvest x1 (thunk)
?muxDataProcessUpgradeRemoval@UpgradeMuxData@@QBEXPAVObject@@@Z,0x0002EB4F,pinharvest x1 (thunk)
?nameToKey@NameKeyGenerator@@QAE?AW4NameKeyType@@ABVAsciiString@@@Z,0x0004A1DD,pinharvest x4 (thunk)
?nameToKey@NameKeyGenerator@@QAE?AW4NameKeyType@@PBD@Z,0x0003ADD7,site-decoded x1 (thunk)
?nameToLowercaseKey@NameKeyGenerator@@QAE?AW4NameKeyType@@PBD@Z,0x00006DB6,findImageByName call target (incremental-link thunk)
?newCommandButton@ControlBar@@IAEPAVCommandButton@@ABVAsciiString@@@Z,0x0001B329,create branch of the CommandButton block parser; body 0x0049DDB0 sits between the matched onPlayerRankChanged and showRallyPoint in ControlBar code
?newCommandButtonOverride@ControlBar@@IAEPAVCommandButton@@PAV2@@Z,0x00027CC3,override branch of the CommandButton block parser. The CommandSet block calls 0x00049ADA for its own override so the two creators pair up; the name previously pointed at 0x004A2150 which the INI registry shows is the CommandSet parser
?newCommandSet@ControlBar@@IAEPAVCommandSet@@ABVAsciiString@@@Z,0x00024212,create branch of the CommandSet block parser at 0x004A2150 whose find branch is the matched findNonConstCommandSet
?newCommandSetOverride@ControlBar@@IAEPAVCommandSet@@PAV2@@Z,0x00049ADA,override branch of the same parser; ZH declares it beside newCommandSet
?newCrateTemplateOverride@CrateSystem@@QAEPAVCrateTemplate@@PAV2@@Z,0x00036C28,override branch of the CrateData block; ZH declares it beside newCrateTemplate which is matched at the sibling call
?newDrawable@BFMEThingFactory@@QAEPAVDrawable@@PBVThingTemplate@@W4DrawableStatus@@H@Z,0x0002C336
?newLocomotor@LocomotorStore@@QBEPAVLocomotor@@PBVLocomotorTemplate@@@Z,0x000119E1,ILT thunk; real body 0x5B6920
?newMultiplayerColorDefinition@MultiplayerSettings@@QAEPAVMultiplayerColorDefinition@@VAsciiString@@@Z,0x0002FD6A,harvested from parseMultiplayerColorDefinition (thunk)
?newOverride@AIParseDefinitionAIShim@@QAEXXZ,0x00044404,AI parse definition newOverride helper shim
?newOverride@WeaponStore@@SAPAVWeaponTemplate@@PAV2@@Z,0x0002BE72,harvested from parseWeaponTemplateDefinition (thunk)
?newTerrain@TerrainTypeCollection@@QAEPAVTerrainType@@VAsciiString@@@Z,0x0000FFAB,thunk for the already-matched newTerrain body; reached from the Terrain block parser
?next@CampaignGetNextMissionShim@@QAEPAVMission@@PAV2@@Z,0x005BC270,Campaign getNextMission incremental-link thunk target through a TU-local forwarding shim
?next@GenerateNextCommandIDShim@@SAGXZ,0x00682D10,GenerateNextCommandID incremental-link thunk target through a TU-local forwarding shim
?nextToken@AsciiString@@QAE_NPAV1@PBD@Z,0x008880E0,same body the ledger claims as ?nextToken@?$StringBase@D@@QAE_NPAV1@PBD@Z
?normalizeAngle@@YAMM@Z,0x0000991C
?notifyModelConditionChanged@Object@@QAEXXZ,0x0002191D,Object model-condition notify ILT (body 0x1BE1C0); inlined clearModelConditionState(PANICKING) sites
?nstrdup@@YAPADPBD@Z,0x009E6410
?onEnter@AIInternalMoveToState@@UAE?AW4StateReturnType@@XZ,0x00021E27
?onEnter@AIInternalMoveToStateOnEnterShim@@QAE?AW4StateReturnType@@XZ,0x00172600,AIInternalMoveToState::onEnter incremental-link thunk target through a TU-local forwarding shim
?onExit@AIInternalMoveToState@@UAEXW4StateExitType@@@Z,0x00029311
?onExit@AIInternalMoveToStateOnExitShim@@QAEXW4StateExitType@@@Z,0x00172D80,AIInternalMoveToState::onExit incremental-link thunk target through a TU-local forwarding shim
?open@DataChunkOutputOpenDataChunkShim@@QAEXPADG@Z,0x001041F0,DataChunkOutput openDataChunk incremental-link thunk target through a TU-local forwarding shim
?openDataChunk@DataChunkOutput@@QAEXPADG@Z,0x0003A256
?openFile@FileSystem@@QAEPAVFile@@PBDH@Z,0x009C8860
?operator_delete_sized@@YAXPAX@Z,0x00881EF0,ShareBuffer dtor free/delete helper
?outOfWeaponRangeObject@@YA_NPAVState@@PAX@Z,0x0001745E,pinharvest x1 (thunk)
?parse@BoneFXUpdateModuleDataParseFXListShim@@SAXPAVINI@@PAX1PBX@Z,0x00287BC0,BoneFXUpdateModuleData parseFXList incremental-link thunk target through a TU-local forwarding shim
?parse@BoneFXUpdateModuleDataParseObjectCreationListShim@@SAXPAVINI@@PAX1PBX@Z,0x00287D00,BoneFXUpdateModuleData parseObjectCreationList incremental-link thunk target through a TU-local forwarding shim
?parse@EvaParseMessageFromIniShim@@SAXPAVINI@@PAX1PBX@Z,0x00425B80,Eva parseEvaMessageFromIni incremental-link thunk target through a TU-local forwarding shim
?parse@INIParseAnim2DTemplateShim@@SAXPAVINI@@PAX1PBX@Z,0x000BAB30,INI parseAnim2DTemplate incremental-link thunk target through a TU-local forwarding shim
?parse@INIParseDynamicAudioEventRTSShim@@SAXPAVINI@@PAX1PBX@Z,0x000BB9A0,INI parseDynamicAudioEventRTS incremental-link thunk target through a TU-local forwarding shim
?parse@INIParseScienceVectorShim@@SAXPAVINI@@PAX1PBX@Z,0x000BCD80,INI parseScienceVector incremental-link thunk target through a TU-local forwarding shim
?parse@INIParseSoundsListShim@@SAXPAVINI@@PAX1PBX@Z,0x000B1DF0,INI parseSoundsList incremental-link thunk target through a TU-local forwarding shim
?parse@TransitionDamageFXModuleDataParseFXListShim@@SAXPAVINI@@PAX1PBX@Z,0x00251ED0,TransitionDamageFXModuleData parseFXList incremental-link thunk target through a TU-local forwarding shim
?parse@TransitionDamageFXModuleDataParseObjectCreationListShim@@SAXPAVINI@@PAX1PBX@Z,0x00251F70,TransitionDamageFXModuleData parseObjectCreationList incremental-link thunk target through a TU-local forwarding shim
?parseBitString32@INI@@SAXPAV1@PAX1PBX@Z,0x00850E70
?parseBlock@INI@@QAEXVAsciiString@@@Z,0x00851350,provisional name for the per-block dispatcher loadFile drives
?parseColor@@YA_NPAHPAD@Z,0x00484610,decoded from parseDefaultColor call site
?parseCommonStuff@@YAXPAVINI@@PBQBDAAW4VeterancyLevel@@2AAW4DamageType@@3@Z,0x00065F80
?parseDurationReal@INI@@SAXPAV1@PAX1PBX@Z,0x0003D9B0
?parseDurationUnsignedInt@INI@@SAXPAV1@PAX1PBX@Z,0x000324DE
?parseFXList@INI@@SAXPAV1@PAX1PBX@Z,0x00004B47,INI::parseFXList thunk
?parseFXList@INI@@SAXPAV1@PAX1PBX@Z,0x00851EE0,INI::parseFXList body
?parseFontDesc@GlobalLanguageParseFontDescShim@@SAXPAVINI@@PAX1PBX@Z,0x00439150,GlobalLanguage incremental-link static thunk target through a TU-local forwarding shim
?parseFromINI@BitFlags116ParseFromINIShim@@SAXPAVINI@@PAX1PBX@Z,0x00129810,BitFlags<116>::parseFromINI incremental-link thunk target through a TU-local forwarding shim
?parseFromINI@BitFlags45ParseFromINIShim@@SAXPAVINI@@PAX1PBX@Z,0x00204E70,BitFlags<45>::parseFromINI incremental-link thunk target through a TU-local forwarding shim
?parseInt@INI@@SAXPAV1@PAX1PBX@Z,0x00852A60
?parseLine@INI@@IAEXVAsciiString@@@Z,0x00851350,BFME factors the per-line block dispatch out of load - name is ours
?parseMappedImage@INI@@SAXPAV1@PAX1PBX@Z,0x0000FC3B
?parseObjectCreationList@INI@@SAXPAV1@PAX1PBX@Z,0x0003CBA0
?parseParticleSystem@BoneFXParseParticleSystemShim@@SAXPAVINI@@PAX1PBX@Z,0x00287E40,BoneFXUpdateModuleData::parseParticleSystem incremental-link thunk target through a TU-local forwarding shim
?parseParticleSystem@TransitionDamageFXParseParticleSystemShim@@SAXPAVINI@@PAX1PBX@Z,0x00252010,TransitionDamageFXModuleData::parseParticleSystem incremental-link thunk target through a TU-local forwarding shim
?parseParticleSystemTemplate@INI@@SAXPAV1@PAX1PBX@Z,0x00040C1E
?parsePercentToReal@INI@@SAXPAV1@PAX1PBX@Z,0x00852EE0
?parseRGBColor@INI@@SAXPAV1@PAX1PBX@Z,0x00852F50
?parseReal@INI@@SAXPAV1@PAX1PBX@Z,0x00852B20
?parseScience@INI@@SAXPAV1@PAX1PBX@Z,0x0001393A
?parseUnsignedInt@INI@@SAXPAV1@PAX1PBX@Z,0x00852AC0
?parseWeaponBonusSet@WeaponBonusSet@@QAEXPAVINI@@@Z,0x00019BC8
?parseWeaponTemplate@INI@@SAXPAV1@PAX1PBX@Z,0x0000CBDF
?peerParseQuery@@YAHPAXPADHPAUsockaddr@@@Z,0x00857570
?performUpgradeFX@UpgradeMuxData@@QBEXPAVObject@@@Z,0x0002E320,pinharvest x1 (thunk)
?performUpgradeFX@UpgradeMuxData@@QBEXPAVObject@@@Z,0x0002EB4F,pinharvest x1 (thunk)
?playerHasPrereqsForScience@ScienceStore@@QBE_NPBVPlayer@@W4ScienceType@@@Z,0x0000DCDD
?pointInTrigger@PolygonTrigger@@QBE_NAAUICoord3D@@@Z,0x0004AB6F,decoded target call from PartitionFilterPolygonTrigger::allow
?pop@?$queue@VPingRequest@@V?$deque@VPingRequest@@V?$allocator@VPingRequest@@@_STL@@@_STL@@@_STL@@QAEXXZ,0x0003BFED
?pop@?$queue@VPingResponse@@V?$deque@VPingResponse@@V?$allocator@VPingResponse@@@_STL@@@_STL@@@_STL@@QAEXXZ,0x000412A4
?pop@Shell@@QAEXXZ,0x00006AAA
?popFront@BFMENetworkQueue1@@QAEXXZ,0x00023592,native BFME queue pop helper for wrapper queue +0x3c
?popFront@BFMENetworkQueue1PopFrontShim@@QAEXXZ,0x00656BD0,BFMENetworkQueue1::popFront incremental-link thunk target through a TU-local forwarding shim
?popFront@BFMENetworkQueue@@QAEXXZ,0x0002491A,native BFME queue pop helper for wrapper queue +0x14
?popFront@BFMENetworkQueuePopFrontShim@@QAEXXZ,0x00656B60,BFMENetworkQueue::popFront incremental-link thunk target through a TU-local forwarding shim
?pop_front@?$deque@VPSRequest@@V?$allocator@VPSRequest@@@_STL@@@_STL@@QAEXXZ,0x0002D77C,derived-ICF
?pop_front@?$deque@VPeerRequest@@V?$allocator@VPeerRequest@@@_STL@@@_STL@@QAEXXZ,0x0002D77C
?pop_front@?$deque@VPeerResponse@@V?$allocator@VPeerResponse@@@_STL@@@_STL@@QAEXXZ,0x0002A3C4
?pop_front@DequePopFrontShim@_STL@@QAEXXZ,0x006486F0,_STL deque pop_front PSRequest/PeerRequest incremental-link thunk target through a TU-local forwarding shim
?pop_front@PeerResponseDequePopFrontShim@_STL@@QAEXXZ,0x00648760,_STL deque PeerResponse pop_front incremental-link thunk target through a TU-local forwarding shim
?populate@ControlBarPopulateObserverListShim@@QAEXXZ,0x004A9CD0,ControlBar populateObserverList incremental-link thunk target through a TU-local forwarding shim
?populateLadderListBox@@YAXXZ,0x004D8740,pinharvest x1 (body)
?populateObserverInfoWindow@ControlBar@@QAEXXZ,0x000431C1
?populateObserverList@ControlBar@@QAEXXZ,0x00036BA1
?portableMapPathToRealMapPath@GameState@@QBE?AV?$StringBase@D@@ABV2@@Z,0x0010F550,same body as the AsciiString-typed ledger row; BFME AsciiString is StringBase<char> so the callee mangles with the instantiation
?preprocessMacro@INI@@SAPBDPBD@Z,0x008524B0,provisional name for BFME INI macro substitution; called by scanInt/scanReal
?probed@NAT@@IAEXH@Z,0x00671DE0,processGlobalMessage callee (ILT body)
?processAck@Connection@@QAEPAVNetCommandRef@@GEI@Z,0x00661CC0,the three-argument form; BFME passes the ack's original execution frame as well as the command id and player id
?processContextSensitiveButtonClick@ControlBar@@QAE?AW4CBCommandStatus@@PAVGameWindow@@W4GadgetGameMessage@@@Z,0x00046F88
?processDestroyList@GameWindowManager@@IAEXXZ,0x0002054A,called with ecx=this as the first statement of GameWindowManager::update at 0x0047C320 which is ZH source order; body 0x0047C0E0 sits in GameWindowManager code
?processDisconnectFrame@DisconnectManager@@IAEXPAVNetCommandMsg@@PAVConnectionManager@@@Z,0x0066BD80
?processDisconnectPlayer@DisconnectManager@@IAEXPAVNetCommandMsg@@PAVConnectionManager@@@Z,0x0066C760
?processDisconnectScreenOff@DisconnectManager@@IAEXPAVNetCommandMsg@@PAVConnectionManager@@@Z,0x0066B890
?processProgress@GameLogic@@QAEXHH@Z,0x0002E66D
?push@?$queue@VPeerResponse@@V?$deque@VPeerResponse@@V?$allocator@VPeerResponse@@@_STL@@@_STL@@@_STL@@QAEXABVPeerResponse@@@Z,0x0003CE07
?push@PeerResponseQueuePushShim@_STL@@QAEXPBX@Z,0x0064CB30,_STL queue PeerResponse push incremental-link thunk target through a TU-local forwarding shim
?push_back_aux@DequeGameResultsResponseThunkShim@_STL@@QAEXPBX@Z,0x006421D0,_STL deque _M_push_back_aux_v incremental-link thunk target through a TU-local forwarding shim
?push_back_aux@DequePingRequestThunkShim@_STL@@QAEXPBX@Z,0x00660750,_STL deque _M_push_back_aux_v incremental-link thunk target through a TU-local forwarding shim
?push_back_aux@DequePingResponseThunkShim@_STL@@QAEXPBX@Z,0x00660880,_STL deque _M_push_back_aux_v incremental-link thunk target through a TU-local forwarding shim
?push_back_aux@DequePushBackAuxVThunkShim@_STL@@QAEXPBX@Z,0x00369710,_STL deque _M_push_back_aux_v incremental-link thunk target through a TU-local forwarding shim
?push_back_aux@DequePushBackAuxValueThunksShim@_STL@@QAEXPBX@Z,0x006420E0,_STL deque _M_push_back_aux_v incremental-link thunk target through a TU-local forwarding shim
?queue@TransportQueueSendShim@@QAE_NIGPBEH@Z,0x00683830,Transport queueSend incremental-link thunk target through a TU-local forwarding shim
?queuePacket@LANAPI@@QAEXPAVLANAPIRequestPacket@@H@Z,0x0002B599,RequestLobbyLeave packet call; ILT thunk for LANAPI::sendMessage body 0x00684CF0
?queueSend@Transport@@QAE_NIGPBEH@Z,0x00049F80,ILT thunk; real body 0x683830 (from NAT::sendAProbe)
?queueSend@Transport@@QAE_NPAUNetPacketAddress@@PBEH@Z,0x00683830,BFME takes the address as a struct pointer, so three args where the reference has four; the ledger row for the four-arg name is the incremental-link thunk
?reacquire@W3DVolumetricShadowManagerReAcquireShim@@QAE_NXZ,0x007C1180,W3DVolumetricShadowManager ReAcquireResources incremental-link thunk target through a TU-local forwarding shim
?read@UDPReadShim@@QAEHPAEIPAUsockaddr_in@@@Z,0x00684630,UDP Read incremental-link thunk target through a TU-local forwarding shim
?readChatMessage@NetPacket@@KAPAVNetCommandMsg@@PAEAAH@Z,0x0067E760,identified by the NetChatCommandMsg constructor it calls; source is one instruction pair off
?readDict@DataChunkInput@@QAE?AVDict@@XZ,0x00022683
?readDisconnectChatMessage@NetPacket@@KAPAVNetCommandMsg@@PAEAAH@Z,0x0067E620,identified by the NetDisconnectChatCommandMsg constructor it calls; source is one instruction pair off, see NetPacket_read.cpp
?readGameMessage@NetPacket@@KAPAVNetCommandMsg@@PAEAAH@Z,0x0067E3F0,identified by the GameMessageParser and readGameMessageArgumentFromPacket calls in its body; body not yet owned
?readGameMessageArgumentFromPacket@NetPacket@@KAXW4GameMessageArgumentDataType@@PAVNetGameCommandMsg@@PAEAAHH@Z,0x0067CE30,BFME passes the game message type as a fifth argument; the ledger row carries the reference's four-argument name for the same body
?readGameSpyStatsAuthKeyMessage@NetPacket@@KAPAVNetCommandMsg@@PAEAAH@Z,0x0067EC70,identified by the type-6 constructor and both setters it calls; source is one instruction pair off
?readInt@DataChunkInput@@QAEHXZ,0x0003A805
?readRequestGameSpyStatsAuthKeyMessage@NetPacket@@KAPAVNetCommandMsg@@PAEAAH@Z,0x0067EB80,identified by the type-5 constructor and setText1C it calls; source is one instruction pair off
?readUnicodeString@@YA?AVUnicodeString@@PAU_iobuf@@@Z,0x000322F4,shared replay Unicode string reader thunk
?readUntilSemicolon@@YAXPAVFile@@PADH@Z,0x004843E0,decoded from parseDefaultColor call site
?read_dcg@MeshModelClass@@IAE?AW4WW3DErrorType@@AAVChunkLoadClass@@PAVMeshLoadContextClass@@@Z,0x0096D500,rel32 pin for read_material_pass
?read_dig@MeshModelClass@@IAE?AW4WW3DErrorType@@AAVChunkLoadClass@@PAVMeshLoadContextClass@@@Z,0x0096D810,rel32 pin for read_material_pass
?read_shader_ids@MeshModelClass@@IAE?AW4WW3DErrorType@@AAVChunkLoadClass@@PAVMeshLoadContextClass@@@Z,0x0096D3C0,rel32 pin for read_material_pass
?read_texture_ids@MeshModelClass@@IAE?AW4WW3DErrorType@@AAVChunkLoadClass@@PAVMeshLoadContextClass@@@Z,0x0096DB40,decoded from read_texture_stage call site
?read_texture_stage@MeshModelClass@@IAE?AW4WW3DErrorType@@AAVChunkLoadClass@@PAVMeshLoadContextClass@@@Z,0x0096ED60,rel32 pin for read_material_pass
?read_vertex_material_ids@MeshModelClass@@IAE?AW4WW3DErrorType@@AAVChunkLoadClass@@PAVMeshLoadContextClass@@@Z,0x0096D300,rel32 pin for read_material_pass
?realMapPathToPortableMapPath@GameState@@QBE?AV?$StringBase@D@@ABV2@@Z,0x0010F280,same body as the AsciiString-typed ledger row; BFME AsciiString is StringBase<char> so the callee mangles with the instantiation
?refreshTerrain@Radar@@UAEXPAVTerrainLogic@@@Z,0x0002F8DD,pinharvest x1 (thunk)
?refreshTerrain@Radar@@UAEXPAVTerrainLogic@@@Z,0x0003A21A,pinharvest x1 (thunk)
?refreshTerrain@Radar@@UAEXPAVTerrainLogic@@@Z,0x0089F420,pinharvest x1 (body)
?release@DictReleaseDataShim@@QAEXXZ,0x000681C0,Dict releaseData incremental-link thunk target through a TU-local forwarding shim
?release@DistLODClassFreeShim@@QAEXXZ,0x00725B70,DistLODClass incremental-link Free target through a TU-local layout shim
?release@W3DShadowContainerShim@@QAEXXZ,0x0001E344,W3DProjectedShadowManager ReleaseResources container helper shim
?releaseBuffer@AsciiString@@IAEXXZ,0x00887940,Ghidra GrabWindowInfo direct callee
?releaseBuffer@BFMERetailAsciiString@@AAEXXZ,0x00887940
?releaseBuffer@UnicodeString@@IAEXXZ,0x0000D828,site-decoded x9 (thunk)
?releaseBuffer@UnicodeString@@IAEXXZ,0x00018949,site-decoded x9 (thunk)
?releaseBuffer@UnicodeString@@IAEXXZ,0x0003B304,site-decoded x6 (thunk)
?releaseBuffer@UnicodeString@@IAEXXZ,0x00887940,additive; per-TU copy (static 0x01336E2C)
?releaseBuffer@UnicodeString@@IAEXXZ,0x008881D0,BFME releaseBuffer body (inlined ~UnicodeString call sites encode this)
?releaseBuffer@UnicodeString@@IAEXXZ,0x009409F0
?releaseData@Dict@@AAEXXZ,0x00014475
?releaseTrack@WaterTracksRenderSystem@@IAEXPAVWaterTracksObj@@@Z,0x0000E250
?releaseWindowPointers@@YAXXZ,0x004C3170,pinharvest x1 (body)
?remove@Dict@@QAE_NW4NameKeyType@@@Z,0x000072B6
?removeAllTerrainBibs@BaseHeightMapRenderObjClass@@QAEXXZ,0x0000CC8E,pinharvest x1 (thunk)
?removeFromBuildList@SidesInfo@@QAEHPAVBuildListInfo@@@Z,0x0000A5A6
?removeGoal@Pathfinder@@QAEXPAVObject@@@Z,0x0002248F,pinharvest x1 (thunk)
?removeGoal@Pathfinder@@QAEXPAVObject@@@Z,0x00041506,pinharvest x1 (thunk)
?removeGoal@Pathfinder@@QAEXPAVObject@@@Z,0x0089F530,pinharvest x1 (body)
?removeNamedMapReveal@ScriptEngine@@QAEXABVAsciiString@@@Z,0x00022610,ILT thunk; real body 0x74D440
?removeObjectBuilt@ScoreKeeper@@QAEXPBVObject@@@Z,0x000016CC,pinharvest x2 (thunk)
?removePos@Pathfinder@@QAEXPAVObject@@@Z,0x0002F8DD,pinharvest x1 (thunk)
?removePos@Pathfinder@@QAEXPAVObject@@@Z,0x0003A21A,pinharvest x1 (thunk)
?removePos@Pathfinder@@QAEXPAVObject@@@Z,0x0089F420,pinharvest x1 (body)
?removeProp@W3DPropBuffer@@QAEXH@Z,0x00018F84
?removePropsForConstruction@W3DPropBuffer@@QAEXPBUCoord3D@@ABVGeometryInfo@@M@Z,0x0001B054,removeTreesAndPropsForConstruction tail-call target (incremental-link thunk; body 0x7039E0 sits in the W3DPropBuffer.cpp region)
?removeTeam@TeamsInfoRec@@QAEXH@Z,0x0000D828,pinharvest x3 (thunk)
?removeTeam@TeamsInfoRec@@QAEXH@Z,0x0003275E,pinharvest x2 (thunk)
?removeTerrainBibHighlighting@BaseHeightMapRenderObjClass@@QAEXXZ,0x0000CC8E,pinharvest x1 (thunk)
?removeTree@W3DTreeBuffer@@QAEXW4DrawableID@@@Z,0x0003AC60
?removeTreesAndPropsForConstruction@BaseHeightMapRenderObjClass@@QAEXPBUCoord3D@@ABVGeometryInfo@@M@Z,0x0001A492,pinharvest x1 (thunk)
?removeTreesAndPropsForConstruction@BaseHeightMapRenderObjClass@@QAEXPBUCoord3D@@ABVGeometryInfo@@M@Z,0x00023439,pinharvest x1 (thunk)
?removeTreesAndPropsForConstruction@BaseHeightMapRenderObjClass@@QAEXPBUCoord3D@@ABVGeometryInfo@@M@Z,0x0002A833,pinharvest x1 (thunk)
?render@BaseHeightMapRenderTreesShim@@QAEXPAVCameraClass@@@Z,0x006CD990,BaseHeightMapRenderObjClass renderTrees incremental-link thunk target through a TU-local forwarding shim
?renderMirror@WaterRenderObjClass@@IAEXPAVCameraClass@@@Z,0x00040809,REL32 pin for WaterRenderObjClass::updateRenderTargetTextures
?renderTrees@BaseHeightMapRenderObjClass@@QAEXPAVCameraClass@@@Z,0x0003FE36
?render_box@BoxRenderObjClass@@IAEXAAVRenderInfoClass@@ABVVector3@@1@Z,0x00956F40,rel32 pin for exact-ambiguous landing
?requestCallback@BuddyThreadClass@@QAEXPAVGPConnection@@PAUGPRecvBuddyRequestArg@@@Z,0x00031D9F
?reserve@?$vector@UHorzLine@@V?$allocator@UHorzLine@@@_STL@@@_STL@@QAEXI@Z,0x0000DE95
?reserve@HorzLineVectorReserveShim@_STL@@QAEXI@Z,0x00068FA0,incremental-link thunk target through a TU-local forwarding shim
?reset@ControlBarScheme@@QAEXXZ,0x0002E2D5
?reset@FrameData@@QAEXXZ,0x0003BB6F,ICF-folded onto init; ZH's reset is just a call to init
?reset@NetCommandList@@QAEXXZ,0x0000B9CE,ILT thunk retail call sites use; real body 0x6731A0
?reset@NetCommandList@@QAEXXZ,0x00015479,pinharvest x1 (thunk)
?reset@NetCommandList@@QAEXXZ,0x00037565,pinharvest x1 (thunk)
?reset@SidesInfoSegmentShim@@QAEXXZ,0x00033F46,SidesInfo clear first segment helper shim
?resetShader@W3DShaderManager@@SAXW4ShaderTypes@1@@Z,0x00014367,pinharvest x1 (thunk)
?resetToRestPosition@AnimateWindowManager@@QAEXXZ,0x00038F7D,ILT thunk -> 0x45D520; retail call sites use the thunk
?resize@?$hashtable@U?$pair@$$CBW4NameKeyType@@PAVBucket@@@_STL@@W4NameKeyType@@U?$hash@W4NameKeyType@@@rts@@U?$_Select1st@U?$pair@$$CBW4NameKeyType@@PAVBucket@@@_STL@@@2@U?$equal_to@W4NameKeyType@@@5@V?$allocator@U?$pair@$$CBW4NameKeyType@@PAVBucket@@@_STL@@@2@@_STL@@QAEXI@Z,0x0008FB70,NameKeyGenerator aux hash_map hashtable<>::resize() proven via nameToKey(const char*) insert call site
?resize@?$vector@UICoord2D@@V?$allocator@UICoord2D@@@_STL@@@_STL@@QAEXI@Z,0x0000366B
?resize@ICoord2DVectorResizeShim@_STL@@QAEXI@Z,0x00453DF0,incremental-link thunk target through a TU-local forwarding shim
?revalidateOccupiers@SpawnPointProductionExitUpdate@@AAEXXZ,0x0002374A
?run@BitFlagsCountInverseIntersectionShim@@QBEHABV1@@Z,0x00786BD0,BitFlags countInverseIntersection incremental-link thunk target through a TU-local forwarding shim
?run@BitFlagsHFCountInverseIntersectionShim@@QBEHABV1@@Z,0x00421830,BitFlags@117 countInverseIntersection incremental-link thunk target through a TU-local forwarding shim
?run@BuddyThreadClassConnectCallbackShim@@QAEXPAVGPConnection@@PAUGPConnectResponseArg@@@Z,0x0063E490,BuddyThreadClass connectCallback incremental-link thunk target through a TU-local forwarding shim
?run@BuddyThreadClassErrorCallbackShim@@QAEXPAVGPConnection@@PAUGPErrorArg@@@Z,0x0063D210,BuddyThreadClassErrorCallbackShim incremental-link thunk target through a TU-local forwarding shim
?run@BuddyThreadClassMessageCallbackShim@@QAEXPAVGPConnection@@PAUGPRecvBuddyMessageArg@@@Z,0x0063C910,BuddyThreadClass messageCallback incremental-link thunk target through a TU-local forwarding shim
?run@BuddyThreadClassRequestCallbackShim@@QAEXPAVGPConnection@@PAUGPRecvBuddyRequestArg@@@Z,0x0063CA60,BuddyThreadClass requestCallback incremental-link thunk target through a TU-local forwarding shim
?run@BuddyThreadClassStatusCallbackShim@@QAEXPAVGPConnection@@PAUGPRecvBuddyStatusArg@@@Z,0x0063A9F0,BuddyThreadClass statusCallback incremental-link thunk target through a TU-local forwarding shim
?run@ConditionDuplicateShim@@QBEPAVCondition@@XZ,0x00357D30,Condition duplicate incremental-link thunk target through a TU-local forwarding shim
?run@DictEnsureUniqueShim@@QAEPAUDictPair@1@H_NPAU21@@Z,0x000683D0,Dict ensureUnique incremental-link thunk target through a TU-local forwarding shim
?run@DieMuxDataGetFieldParseShim@@SAPBUFieldParse@@XZ,0x00255140,DieMuxData getFieldParse incremental-link thunk target through a TU-local forwarding shim
?run@DrawableClearAndSetModelConditionStateShim@@QAEXW4ModelConditionFlagType@@0@Z,0x00526660,Drawable clearAndSetModelConditionState incremental-link thunk target through a TU-local forwarding shim
?run@FXListAtBonePosDoFxAtBonesShim@@QBEXPBVObject@@H@Z,0x0042D8E0,FXListAtBonePosFXNugget doFxAtBones incremental-link thunk target through a TU-local forwarding shim
?run@FXListDoFXPosShim@@QBEXPBUCoord3D@@PBVMatrix3D@@M0M@Z,0x001D6770,FXList doFXPos incremental-link thunk target through a TU-local forwarding shim
?run@GadgetListBoxSetColorsShim@@SAXPAVGameWindow@@HHHHHHHHHHHH@Z,0x004B6D40,GadgetListBoxSetColors incremental-link thunk target through a TU-local forwarding shim
?run@GetGameLogicRandomValueRealShim@@SAMMMPADH@Z,0x00096DD0,GetGameLogicRandomValueReal incremental-link thunk target through a TU-local forwarding shim
?run@HideInGameChatShim@@SAXXZ,0x00512670,HideInGameChat incremental-link thunk target through a TU-local forwarding shim
?run@IniParseObjectFilterShim@@SAXPAVINI@@PAX1PBX@Z,0x0039F470,iniParseObjectFilter incremental-link thunk target through a TU-local forwarding shim
?run@MessageBoxOkShim@@SAPAVGameWindow@@VUnicodeString@@0P6AXXZ@Z,0x004C6730,MessageBoxOk incremental-link thunk target through a TU-local forwarding shim
?run@PopulateLobbyPlayerListboxShim@@SAXXZ,0x004FB500,PopulateLobbyPlayerListbox incremental-link thunk target through a TU-local forwarding shim
?run@RadarRefreshTerrainShim@@QAEXPAVTerrainLogic@@@Z,0x0024E990,Radar refreshTerrain incremental-link thunk target through a TU-local forwarding shim
?run@RefreshGameListBoxShim@@SAXPAVGameWindow@@_N@Z,0x0062E2E0,RefreshGameListBox incremental-link thunk target through a TU-local forwarding shim
?run@ReleaseWindowLayoutShim@@SAXPAVWindowLayout@@@Z,0x00522740,ReleaseWindowLayout incremental-link thunk target through a TU-local forwarding shim
?run@TeamFactoryClearShim@@QAEXXZ,0x000F6CA0,TeamFactory clear incremental-link thunk target through a TU-local forwarding shim
?run@VectorClassClearShim@@QAEXXZ,0x00410970,VectorClass Clear incremental-link thunk target through a TU-local forwarding shim
?run@VectorClassClearSplineShim@@QAEXXZ,0x006731A0,VectorClass spline Clear incremental-link thunk target through a TU-local forwarding shim
?run@WinInstanceDataInitShim@@QAEXXZ,0x00499850,WinInstanceData init incremental-link thunk target through a TU-local forwarding shim
?run@XferRandomVariableShim@@SAXAAVXfer@@AAVGameClientRandomVariable@@@Z,0x0010C4D0,xferRandomVariable incremental-link thunk target through a TU-local forwarding shim
?saveReplay@@YAXVUnicodeString@@@Z,0x004DE8E0,PopupReplaySystem callee from decode_calls
?scanIndexList@INI@@SAHPBDPBQBD@Z,0x008509E0
?scanInt@INI@@SAHPBD@Z,0x00852620,INI parser
?scanLookupList@INI@@SAHPBDPBULookupListRec@@@Z,0x00850A70,pinharvest x4 (body)
?scanReal@INI@@SAMPBD@Z,0x008526E0
?scanUnsignedInt@INI@@SAIPBD@Z,0x00852680
?searchListForRadarLocationMatch@Radar@@IAEPAVObject@@PAVRadarObject@@PAUICoord2D@@@Z,0x0000C6DA
?selectFriends@SelectionTranslator@@AAE_NPAVDrawable@@PAVGameMessage@@_N@Z,0x000282B8
?send@ConnectionManagerSendFrameDataShim@@QAEXII@Z,0x00664D20,ConnectionManager sendFrameDataToPlayer incremental-link thunk target through a TU-local forwarding shim
?send@NATSendMangledPortShim@@QAEXGPAVGameSlot@@@Z,0x006718A0,NAT sendMangledPortNumberToTarget incremental-link thunk target through a TU-local forwarding shim
?send@TransportDoSendShim@@QAE_NXZ,0x006834B0,Transport doSend incremental-link thunk target through a TU-local forwarding shim
?sendFrameDataToPlayer@ConnectionManager@@QAEXII@Z,0x0000BE10,ILT thunk; real body 0x664D20 which raises the per-player watermark at +0x12060
?sendLocalCommand@ConnectionManager@@QAEXPAVNetCommandMsg@@E@Z,0x0003F17A,ILT thunk; real body 0xA64740
?sendLocalCommandDirect@ConnectionManager@@QAEXPAVNetCommandMsg@@E@Z,0x000411D7,ILT thunk; real body 0xA63300
?sendMangledPortNumberToTarget@NAT@@IAEXGPAVGameSlot@@@Z,0x0002ACCA,ILT thunk; real body 0x6718A0
?sendMessage@LANAPI@@QAEXPAULANMessage@@I@Z,0x0002B599,LANAPI::sendMessage(msg, ip) for RequestLobbyLeave
?sendToManglerFromPort@FirewallHelperClass@@QAE_NIGG_N@Z,0x00022C00
?sendToManglerFromPort@FirewallHelperClassSendToManglerFromPortShim@@QAE_NIGG_N@Z,0x0066EC50,FirewallHelperClass incremental-link thunk target through a TU-local forwarding shim
?set@?$bitset@$0ED@@_STL@@QAEAAV12@IH@Z,0x00019BCD,pinharvest x1 (thunk)
?set@?$bitset@$0ED@@_STL@@QAEAAV12@IH@Z,0x0003A8D7,pinharvest x1 (thunk)
?set@?$bitset@$0ED@@_STL@@QAEAAV12@IH@Z,0x007E9FC0,pinharvest x1 (body)
?set@?$bitset@$0ED@@_STL@@QAEAAV12@IH@Z,0x007EA320,pinharvest x1 (body)
?set@?$bitset@$0ED@@_STL@@QAEAAV12@IH@Z,0x007EA380,pinharvest x1 (body)
?set@AsciiString@@QAEXABV1@@Z,0x00887C90,same body the ledger claims as ?set@?$StringBase@D@@QAEXABV1@@Z; operator= inlines to a call to it
?set@AsciiStringField@@QAEXPAVAsciiString@@@Z,0x0002AF90,AsciiStringField set used by MapObject::setWaypointName
?set@Bitset67SetShim@_STL@@QAEAAV?$bitset@$0ED@@2@IH@Z,0x000E9910,incremental-link thunk target through a TU-local forwarding shim
?set@DX8TextureStageStateShim@@SAXIKI@Z,0x006C5840,DX8Wrapper incremental-link static thunk target through a TU-local forwarding shim
?set@GameFileSetNameShim@@QAEPBDPBD@Z,0x006F63B0,GameFileClass Set_Name incremental-link thunk target through a TU-local forwarding shim
?set@LayoutFilename@@QAEXPBDH@Z,0x00887D20
?set@NetFileProgressSetFileIDShim@@QAEXG@Z,0x00674090,NetFileProgressCommandMsg setFileID incremental-link thunk target through a TU-local forwarding shim
?set@NetFileProgressSetProgressShim@@QAEXH@Z,0x006740B0,NetFileProgressCommandMsg setProgress incremental-link thunk target through a TU-local forwarding shim
?set@ObjectSetStatusShim@@QAEXV?$BitFlags@$0CN@@@_N@Z,0x0019A470,Object setStatus incremental-link thunk target through a TU-local forwarding shim
?set@QuickMatchPreferencesSetLastLadderShim@@QAEXABVAsciiString@@G@Z,0x000AD140,QuickMatchPreferences setLastLadder incremental-link thunk target through a TU-local forwarding shim
?set@RetailLayoutString@@QAEXPBDH@Z,0x00887D20
?set@TerrainRoadTypeSetDamageToFXStringShim@@QAEXW4BodyDamageType@@HVAsciiString@@@Z,0x00601B50,TerrainRoadType friend_setDamageToFXString incremental-link thunk target through a TU-local forwarding shim
?set@TerrainRoadTypeSetRepairedToFXStringShim@@QAEXW4BodyDamageType@@HVAsciiString@@@Z,0x00601CC0,TerrainRoadType friend_setRepairedToFXString incremental-link thunk target through a TU-local forwarding shim
?set@ThingTemplateSubobjectShim@@QAEXH@Z,0x0004AC69,ThingTemplate setCopiedFromDefault subobject flag helper shim
?set@UnicodeString@@QAEXABV1@@Z,0x00887C90,additive; per-TU copy (static 0x01336E2C)
?set@UnicodeString@@QAEXABV1@@Z,0x00888530
?setAnimData@BFMEAnimateWindowLayout@@QAEXUICoord2D@@000UBFMECoord2D@@II@Z,0x003D5B9,BFME Coord2D ABI layout call to AnimateWindow::setAnimData
?setAsciiString@Dict@@QAEPAVAsciiString@@V2@@Z,0x00009304,Dict setAsciiString used by MapObject::setWaypointName
?setChunkNumber@NetWrapperCommandMsg@@QAEXI@Z,0x0003AE36,ILT thunk; real body 0xA73F10
?setConnectionState@NAT@@IAEXHW4NATConnectionState@@@Z,0x00670DC0,processGlobalMessage callee (ILT body)
?setControlBarScheme@ControlBarSchemeManager@@QAEXVAsciiString@@@Z,0x004AD880,body from setControlBarSchemeByName call @0x4A00AF via ILT 0xA196
?setCursorTooltip@Mouse@@QAEXVUnicodeString@@HPBURGBColor@@M@Z,0x000346E9,pinharvest x4 (thunk)
?setData@NetWrapperCommandMsg@@QAEXPAEI@Z,0x00049ECC,ILT thunk; real body 0xA73E70
?setDataOffset@NetWrapperCommandMsg@@QAEXI@Z,0x00023709,ILT thunk; real body 0xA73EF0
?setDefaultControlBarConfig@ControlBar@@IAEXXZ,0x00043E73
?setDisabledUntil@Object@@QAEXW4DisabledType@@I@Z,0x0003364A
?setDisabledUntil@ObjectSetDisabledUntilShim@@QAEXW4DisabledType@@I@Z,0x001C81C0,Object::setDisabledUntil incremental-link thunk target through a TU-local forwarding shim
?setDisconnectFrame@NetDisconnectFrameCommandMsg@@QAEXI@Z,0x0000930E,pinharvest x1 (thunk)
?setDisconnectFrame@NetDisconnectFrameCommandMsg@@QAEXI@Z,0x00026C33,pinharvest x1 (thunk)
?setDisconnectFrame@NetDisconnectFrameCommandMsg@@QAEXI@Z,0x00029505,pinharvest x1 (thunk)
?setDisconnectFrame@NetDisconnectFrameCommandMsg@@QAEXI@Z,0x000306D9,pinharvest x1 (thunk)
?setDisconnectFrame@NetDisconnectPlayerCommandMsg@@QAEXI@Z,0x000473DE,ILT thunk; real body 0xA73C90
?setDisconnectSlot@NetDisconnectPlayerCommandMsg@@QAEXE@Z,0x00008C74,ILT thunk; real body 0xA73C80
?setEaseTimes@ParabolicEase@@QAEXMM@Z,0x00888B80,pinharvest x1 (body)
?setEaseTimes@ParabolicEase@@QAEXMM@Z,0x00888DA0,pinharvest x1 (body)
?setEaseTimes@ParabolicEase@@QAEXMM@Z,0x008D6710,pinharvest x1 (body)
?setEaseTimes@ParabolicEase@@QAEXMM@Z,0x008D8800,pinharvest x1 (body)
?setEaseTimes@ParabolicEase@@QAEXMM@Z,0x00964150,pinharvest x1 (body)
?setEventName@AudioEventRTS@@QAEXVAsciiString@@@Z,0x00025266,harvested from parseAudioEventRTS (thunk)
?setFPMode@@YAXXZ,0x008FC4C0
?setFileID@NetFileProgressCommandMsg@@QAEXG@Z,0x000247EE,ILT thunk; real body 0xA74090
?setFrameToResend@NetFrameResendRequestCommandMsg@@QAEXI@Z,0x0000930E,pinharvest x1 (thunk)
?setFrameToResend@NetFrameResendRequestCommandMsg@@QAEXI@Z,0x00026C33,pinharvest x1 (thunk)
?setFrameToResend@NetFrameResendRequestCommandMsg@@QAEXI@Z,0x00029505,pinharvest x1 (thunk)
?setFrameToResend@NetFrameResendRequestCommandMsg@@QAEXI@Z,0x000306D9,pinharvest x1 (thunk)
?setGameMessageType@NetGameCommandMsg@@QAEXH@Z,0x00673730,identified from readGameMessage's call site
?setGridChangeAttenuationFactors@WaterRenderObjClass@@QAEXMMMM@Z,0x000088F0,pinharvest x1 (thunk)
?setGridChangeAttenuationFactors@WaterRenderObjClass@@QAEXMMMM@Z,0x00023628,pinharvest x1 (thunk)
?setGridHeightClamps@WaterRenderObjClass@@QAEXMM@Z,0x0003387F
?setGridResolution@WaterRenderObjClass@@QAEXMMM@Z,0x0001125C,pinharvest x1 (thunk)
?setGridResolution@WaterRenderObjClass@@QAEXMMM@Z,0x000255FE,pinharvest x1 (thunk)
?setGridTransform@WaterRenderObjClass@@QAEXMMMM@Z,0x000088F0,pinharvest x1 (thunk)
?setGridTransform@WaterRenderObjClass@@QAEXMMMM@Z,0x00023628,pinharvest x1 (thunk)
?setGridTransform@WaterRenderObjClass@@QAEXPBVMatrix3D@@@Z,0x000151D6,pinharvest x1 (thunk)
?setGridTransform@WaterRenderObjClass@@QAEXPBVMatrix3D@@@Z,0x00017120,pinharvest x1 (thunk)
?setInputEnabled@BfmeInGameUI_setInputEnabled@@QAEX_N@Z,0x0003EBDF,ILT thunk ScriptActions doEnableInput
?setInputEnabled@BfmeInGameUI_setInputEnabled@@QAEX_N@Z,0x0043B280,body setInputEnabled
?setLastLadder@CustomMatchPreferences@@QAEXABVAsciiString@@G@Z,0x00046E43
?setLastLadder@QuickMatchPreferences@@QAEXABVAsciiString@@G@Z,0x00029B36
?setLeavingPlayerID@NetPlayerLeaveCommandMsg@@QAEXE@Z,0x00030C56,pinharvest x1 (thunk)
?setLeavingPlayerID@NetPlayerLeaveCommandMsg@@QAEXE@Z,0x0003C44D,pinharvest x1 (thunk)
?setLowControlBarConfig@ControlBar@@IAEXXZ,0x0002FA6D
?setName@Image@@QAEXVAsciiString@@@Z,0x0003EDBA,thunk to 0x000C2420; the body is byte-identical to three other setName instantiations so the call site is what pins it - the MappedImage parser at 0x000C2480 calls this one
?setNameAndType@DictPair@Dict@@QAEXW4NameKeyType@@W4DataType@2@@Z,0x00038D02,retail DictPair::setNameAndType body (unclaimed, called by setPrep/remove)
?setNewFrame@NetDisconnectScreenOffCommandMsg@@QAEXI@Z,0x0000930E,pinharvest x1 (thunk)
?setNewFrame@NetDisconnectScreenOffCommandMsg@@QAEXI@Z,0x00026C33,pinharvest x1 (thunk)
?setNewFrame@NetDisconnectScreenOffCommandMsg@@QAEXI@Z,0x00029505,pinharvest x1 (thunk)
?setNewFrame@NetDisconnectScreenOffCommandMsg@@QAEXI@Z,0x000306D9,pinharvest x1 (thunk)
?setNumChunks@NetWrapperCommandMsg@@QAEXI@Z,0x00014A42,ILT thunk; real body 0xA73F30
?setOpacity@Shadow@@QAEXH@Z,0x0000DC7E,REL32 pin from W3DModelDraw terrain-decal setter
?setOrRestoreTeam@Object@@IAEXPAVTeam@@_N@Z,0x0002BF2B,pinharvest x1 (thunk)
?setOrRestoreTeam@Object@@IAEXPAVTeam@@_N@Z,0x0002C566,pinharvest x1 (thunk)
?setOrRestoreTeam@Object@@IAEXPAVTeam@@_N@Z,0x000307E7,pinharvest x1 (thunk)
?setOrRestoreTeam@Object@@IAEXPAVTeam@@_N@Z,0x0003921B,pinharvest x1 (thunk)
?setOrRestoreTeam@Object@@IAEXPAVTeam@@_N@Z,0x0004ADE0,pinharvest x1 (thunk)
?setOrRestoreTeam@Object@@IAEXPAVTeam@@_N@Z,0x0004AEFD,pinharvest x1 (thunk)
?setOrientation@Thing@@QAEXM@Z,0x000399A5
?setOrientation@ThingSetOrientationShim@@QAEXM@Z,0x00132E40,Thing::setOrientation incremental-link thunk target through a TU-local forwarding shim
?setPasswordMode@@YAXW4PasswordMode@@@Z,0x004D7AF0,pinharvest x2 (body)
?setPercentage@NetProgressCommandMsg@@QAEXE@Z,0x00030C56,pinharvest x1 (thunk)
?setPercentage@NetProgressCommandMsg@@QAEXE@Z,0x0003C44D,pinharvest x1 (thunk)
?setPlayerIndex@NetDestroyPlayerCommandMsg@@QAEXI@Z,0x0000930E,pinharvest x1 (thunk)
?setPlayerIndex@NetDestroyPlayerCommandMsg@@QAEXI@Z,0x00026C33,pinharvest x1 (thunk)
?setPlayerIndex@NetDestroyPlayerCommandMsg@@QAEXI@Z,0x00029505,pinharvest x1 (thunk)
?setPlayerIndex@NetDestroyPlayerCommandMsg@@QAEXI@Z,0x000306D9,pinharvest x1 (thunk)
?setPosition@Drawable@@QAEXPBUCoord3D@@@Z,0x0001742C
?setPosition@Mouse@@UAEXHH@Z,0x000418EE,pinharvest x2 (thunk)
?setPrep@Dict@@AAEPAUDictPair@1@W4NameKeyType@@W4DataType@1@@Z,0x00042749
?setProgress@NetFileProgressCommandMsg@@QAEXH@Z,0x000153B6,ILT thunk; real body 0xA740B0
?setScriptStatus@Object@@QAEXW4ObjectScriptStatusBit@@_N@Z,0x0002BF2B,pinharvest x1 (thunk)
?setScriptStatus@Object@@QAEXW4ObjectScriptStatusBit@@_N@Z,0x0002C566,pinharvest x1 (thunk)
?setScriptStatus@Object@@QAEXW4ObjectScriptStatusBit@@_N@Z,0x000307E7,pinharvest x1 (thunk)
?setScriptStatus@Object@@QAEXW4ObjectScriptStatusBit@@_N@Z,0x0003921B,pinharvest x1 (thunk)
?setScriptStatus@Object@@QAEXW4ObjectScriptStatusBit@@_N@Z,0x0004ADE0,pinharvest x1 (thunk)
?setScriptStatus@Object@@QAEXW4ObjectScriptStatusBit@@_N@Z,0x0004AEFD,pinharvest x1 (thunk)
?setShellMenuScheme@ShellMenuSchemeManager@@QAEXVAsciiString@@@Z,0x0000FAC9
?setShoreLineDetail@BaseHeightMapRenderObjClass@@QAEXXZ,0x0000CC8E,pinharvest x1 (thunk)
?setSize@Shadow@@QAEXMM@Z,0x0002133C,pinharvest x1 (thunk)
?setSize@Shadow@@QAEXMM@Z,0x00040412,pinharvest x1 (thunk)
?setSize@ShadowSetSizeShim@@QAEXMM@Z,0x001E4250,Shadow::setSize incremental-link thunk target through a TU-local forwarding shim
?setSlot@NetDisconnectVoteCommandMsg@@QAEXE@Z,0x00020739,ILT thunk; real body 0xA73D20
?setSortMode@@YAXW4GameSortType@@@Z,0x00048360
?setStatus@Object@@QAEXV?$BitFlags@$0CN@@@_N@Z,0x0001366F,hit-decoded x8 (thunk)
?setStatus@Object@@QAEXV?$BitFlags@$0CN@@@_N@Z,0x000486EE,hit-decoded x8 (thunk)
?setText1C@BFMENetRequestGameSpyStatsAuthKeyCommandMsg@@QAEXVAsciiString@@@Z,0x00675A20,probe: plain-class variant of the setter
?setTimeOfDay@W3DGameClientShadowShim@@QAEXW4TimeOfDay@@@Z,0x0003E42D,W3DGameClient setTimeOfDay shadow helper shim
?setTimeOfDay@W3DGameClientWaterShim@@QAEXW4TimeOfDay@@@Z,0x00031728,W3DGameClient setTimeOfDay water helper shim
?setTotalDataLength@NetWrapperCommandMsg@@QAEXI@Z,0x0003EC52,ILT thunk; real body 0xA73F50
?setTransformMatrix@Thing@@QAEXPBVMatrix3D@@@Z,0x00023D49
?setTransformMatrix@Thing@@QAEXPBVMatrix3D@@@Z,0x000361CE,BFME Thing::setTransformMatrix thunk
?setTransformMatrix@ThingSetTransformMatrixShim@@QAEXPBVMatrix3D@@@Z,0x001C16A0,Thing::setTransformMatrix incremental-link thunk target through a TU-local forwarding shim
?setTurretEnabled@AIUpdateInterface@@QAEXW4WhichTurretType@@_N@Z,0x0002ABBC,BattlePlanUpdate::enableTurret retail REL32 target
?setVisibility@BfmeMouse_setVisibility@@QAEX_N@Z,0x00016A68,ILT thunk Mouse setVisibility
?setVisibility@BfmeMouse_setVisibility@@QAEX_N@Z,0x005A4BA0,body Mouse setVisibility
?setVoteFrame@NetDisconnectVoteCommandMsg@@QAEXI@Z,0x000436C1,ILT thunk; real body 0xA73D50
?setWrappedCommandID@NetWrapperCommandMsg@@QAEXG@Z,0x00037083,ILT thunk; real body 0xA73F70
?showBuildTooltipLayout@ControlBar@@QAEXPAVGameWindow@@@Z,0x00017503,pinharvest x1 (thunk)
?showBuildTooltipLayout@ControlBar@@QAEXPAVGameWindow@@@Z,0x0001DF43,pinharvest x1 (thunk)
?showBuildTooltipLayout@ControlBar@@QAEXPAVGameWindow@@@Z,0x0003ADD7,pinharvest x1 (thunk)
?showBuildTooltipLayout@ControlBar@@QAEXPAVGameWindow@@@Z,0x0003EBD5,pinharvest x1 (thunk)
?showBuildTooltipLayout@ControlBarshowBuildTooltipLayoutShim@@QAEXPAVGameWindow@@@Z,0x000E7240,ControlBar::showBuildTooltipLayout incremental-link thunk target through a TU-local forwarding shim
?showNamedTimerDisplay@InGameUI@@QAEX_N@Z,0x0001E1A0,ILT thunk for ScriptActions timer display
?showNamedTimerDisplay@InGameUI@@QAEX_N@Z,0x0043AA90,body showNamedTimerDisplay InGameUI+0x7a1
?shutdown@TerrainTracksRenderObjClassSystem@@QAEXXZ,0x0002C6E7
?shutdown@TerrainTracksShutdownShim@@QAEXXZ,0x0072EDF0,TerrainTracksRenderObjClassSystem::shutdown incremental-link thunk target through a TU-local forwarding shim
?shutdown@WaterTracksRenderSystem@@QAEXXZ,0x000319CB
?shutdown@WaterTracksShutdownShim@@QAEXXZ,0x007AC560,WaterTracksRenderSystem::shutdown incremental-link thunk target through a TU-local forwarding shim
?spin@LockClass@FastCriticalSectionClass@@CIXPAI@Z,0x00026FA8,FastCriticalSectionClass::LockClass spin-acquire (shared out-of-line body reached via ILT thunk); StringClass locks resolve here
?start@W3DShaderManagerStartRenderToTextureShim@@SAXXZ,0x007171F0,W3DShaderManager incremental-link static thunk target through a TU-local forwarding shim
?startRenderToTexture@W3DShaderManager@@SAXXZ,0x000154E7
?statusCallback@BuddyThreadClass@@QAEXPAVGPConnection@@PAUGPRecvBuddyStatusArg@@@Z,0x0003BD8B
?stopAllBoneFX@BoneFXUpdate@@QAEXXZ,0x0002728C
?storeImage@Anim2DTemplate@@QAEXPBVImage@@@Z,0x0001CF0D
?strtrim@@YAPADPAD@Z,0x009E7EB0
?test@BridgeCellOnEndShim@@QAE_NPBURegion2D@@@Z,0x001A24B0,Bridge cell-end incremental-link thunk target through a TU-local forwarding shim
?test@BridgePointOnBridgeShim@@QAE_NPBUCoord3D@@@Z,0x001A5F40,Bridge point-on-bridge incremental-link thunk target through a TU-local forwarding shim
?testSetAndClear@?$BitFlags@$0HE@@@QBE_NABV1@0@Z,0x00019BCD,pinharvest x1 (thunk)
?testSetAndClear@?$BitFlags@$0HE@@@QBE_NABV1@0@Z,0x0003A8D7,pinharvest x1 (thunk)
?testSetAndClear@?$BitFlags@$0HE@@@QBE_NABV1@0@Z,0x007E9FC0,pinharvest x1 (body)
?testSetAndClear@?$BitFlags@$0HE@@@QBE_NABV1@0@Z,0x007EA320,pinharvest x1 (body)
?testSetAndClear@?$BitFlags@$0HE@@@QBE_NABV1@0@Z,0x007EA380,pinharvest x1 (body)
?toLower@AsciiString@@QAEXXZ,0x00887DA0,same body the ledger claims as ?toLower@?$StringBase@D@@QAEXXZ
?trim@UnicodeString@@QAEXXZ,0x00888ED0,alias of matched StringBase<unsigned short>::trim (PopupJoinGameSystem callee)
?turnOffScreen@DisconnectManager@@IAEXH@Z,0x00044AD0,ILT thunk; real body 0x66B270
?unPrepFile@INI@@IAEXXZ,0x00850E30,reached inline from load tail - name from ZH
?undoNamedMapReveal@ScriptEngine@@QAEXABVAsciiString@@@Z,0x0001019A,ILT thunk; real body 0x74D320
?undoNamedMapReveal@ScriptEngineundoNamedMapRevealShim@@QAEXABVAsciiString@@@Z,0x0034D320,ScriptEngine::undoNamedMapReveal incremental-link thunk target through a TU-local forwarding shim
?unlinkChildWindow@GameWindowManager@@QAEXPAVGameWindow@@@Z,0x00015A55,winSetParent depth Open-BFME4+Grok
?unlinkWindow@GameWindowManager@@QAEXPAVGameWindow@@@Z,0x00029A05,winSetParent depth Open-BFME4+Grok
?unloadNext@RailedTransportDockUpdate@@IAEXXZ,0x0000C27F
?unloadNext@RailedTransportDockUpdateUnloadNextShim@@QAEXXZ,0x002CE600,RailedTransportDockUpdate::unloadNext incremental-link thunk target through a TU-local forwarding shim
?unregister@AnimationSoundClientBehaviorGlobal@@QAEXPAVAnimationSoundClientBehavior@@@Z,0x0000D765,AnimationSoundClientBehavior dtor global unregister call; ILT thunk for body 0x00409140
?update@AIInternalMoveToState@@UAE?AW4StateReturnType@@XZ,0x000488F6
?update@AIInternalMoveToStateUpdateShim@@QAE?AW4StateReturnType@@XZ,0x00172E70,AIInternalMoveToState::update incremental-link thunk target through a TU-local forwarding shim
?update@AIMoveOutOfTheWayStateUpdateShim@@QAE?AW4StateReturnType@@XZ,0x000488F6,AIMoveOutOfTheWayState::update incremental-link thunk target through a TU-local forwarding shim
?update@Mouse@@UAEXXZ,0x0003D7FD
?update@ObjectUpdateUpgradeModulesShim@@QAEXXZ,0x001C5800,Object updateUpgradeModules incremental-link thunk target through a TU-local forwarding shim
?update@ScreenCrossFadeFilterUpdateFadeLevelShim@@QAE_NXZ,0x007D35B0,ScreenCrossFadeFilter updateFadeLevel incremental-link thunk target through a TU-local forwarding shim
?update@Transport@@QAEXXZ,0x00001EC4,Transport::update for LANAPI::RequestLobbyLeave forced path
?updateFadeLevel@ScreenCrossFadeFilter@@IAE_NXZ,0x00006D0C
?updateMeshVolume@W3DVolumetricShadow@@IAEXHHPBVMatrix3D@@ABVAABoxClass@@M@Z,0x007BE000,certified packet 348; updateMeshVolume body 0x7BE000 (thunk 0xC392 from updateVolumes)
?updateNumPlayersOnline@@YAXXZ,0x0050BA40
?updateUpgradeModules@Object@@QAEXXZ,0x00027FCF,ILT thunk used by giveUpgrade call site
?upper_bound@AsciiStringTreeUpperBoundShim@_STL@@QBEPAU?$_Rb_tree_node@VAsciiString@@@2@ABVAsciiString@@@Z,0x000804D0,incremental-link thunk target through a TU-local forwarding shim
?winBringToTop@GameWindow@@QAEHXZ,0x0000FE66
?winClearStatus@GameWindow@@QAEII@Z,0x00027B24
?winEnable@GameWindow@@QAEH_N@Z,0x0004A1FB
?winGetChild@GameWindow@@QAEPAV1@XZ,0x00017DF5
?winGetEnabledTextBorderColor@GameWindow@@QAEHXZ,0x0002D7EA
?winGetInstanceData@GameWindow@@QAEPAVWinInstanceData@@XZ,0x00034991
?winGetLayout@GameWindow@@QAEPAVWindowLayout@@XZ,0x000402F5
?winGetNext@GameWindow@@QAEPAV1@XZ,0x0000D2B0
?winGetNextInLayout@GameWindow@@QAEPAV1@XZ,0x0002A414
?winGetOwner@GameWindow@@QAEPAV1@XZ,0x0002DBAF,pinharvest x1 (thunk)
?winGetParent@GameWindow@@QAEPAV1@XZ,0x00014F97,ILT thunk used by call site
?winGetPosition@GameWindow@@QAEHPAH0@Z,0x000179BD,ILT thunk -> 0xC9D10; retail call sites use the thunk
?winGetPosition@GameWindow@@QAEHPAH0@Z,0x003658E,alternate ILT thunk used by ProcessAnimateWindowSlideFromBottom::initAnimateWindow
?winGetPrev@GameWindow@@QAEPAV1@XZ,0x0000DDF5
?winGetPrevInLayout@GameWindow@@QAEPAV1@XZ,0x00005399
?winGetScreenPosition@GameWindow@@QAEHPAH0@Z,0x0002F94B
?winGetSize@GameWindow@@QAEHPAH0@Z,0x00036EBC
?winGetStatus@GameWindow@@QAEIXZ,0x00023DDA
?winGetStyle@GameWindow@@QAEIXZ,0x00008B52
?winGetUserData@GameWindow@@QAEPAXXZ,0x00046538
?winGetWindowId@GameWindow@@QAEHXZ,0x000188A4
?winHide@GameWindow@@QAEHH@Z,0x00027F2A
?winHide@GameWindow@@QAEH_N@Z,0x00027F2A
?winIsHidden@GameWindow@@QAE_NXZ,0x0003A5B7
?winNextTab@GameWindow@@QAEHXZ,0x0000D297
?winPrevTab@GameWindow@@QAEHXZ,0x00010550
?winSetDisabledBorderColor@GameWindow@@QAEHHH@Z,0x0003178C,ILT/thunk used by GadgetComboBoxSetColors
?winSetDisabledColor@GameWindow@@QAEHHH@Z,0x00014867,site-decoded x2 (thunk)
?winSetDisabledColor@GameWindow@@QAEHHH@Z,0x0001EAEC,site-decoded x2 (thunk)
?winSetDisabledColor@GameWindow@@QAEHHH@Z,0x000262B0,site-decoded x2 (thunk)
?winSetDisabledImage@GameWindow@@QAEHHPBVImage@@@Z,0x0000B406,site-decoded x23 (thunk)
?winSetDisabledImage@GameWindow@@QAEHHPBVImage@@@Z,0x000262B0,site-decoded x3 (thunk)
?winSetDisabledImage@GameWindow@@QAEHHPBVImage@@@Z,0x00035E09,site-decoded x28 (thunk)
?winSetDisabledImage@GameWindow@@QAEHHPBVImage@@@Z,0x0003E36F,caller-derived (40 matched callers agree, e9 thunk)
?winSetDisabledTextColors@GameWindow@@QAEXHH@Z,0x0001B694
?winSetEnabledBorderColor@GameWindow@@QAEHHH@Z,0x00014867,ILT/thunk used by GadgetComboBoxSetColors
?winSetEnabledColor@GameWindow@@QAEHHH@Z,0x00014867,site-decoded x2 (thunk)
?winSetEnabledColor@GameWindow@@QAEHHH@Z,0x0001EAEC,site-decoded x2 (thunk)
?winSetEnabledColor@GameWindow@@QAEHHH@Z,0x000262B0,site-decoded x2 (thunk)
?winSetEnabledImage@GameWindow@@QAEHHPBVImage@@@Z,0x00035E09
?winSetEnabledTextColors@GameWindow@@QAEXHH@Z,0x00017459
?winSetFont@GameWindow@@UAEXPAVGameFont@@@Z,0x0004047B
?winSetHiliteBorderColor@GameWindow@@QAEHHH@Z,0x000047D2,ILT/thunk used by GadgetComboBoxSetColors
?winSetHiliteColor@GameWindow@@QAEHHH@Z,0x00014867,site-decoded x2 (thunk)
?winSetHiliteColor@GameWindow@@QAEHHH@Z,0x0001EAEC,site-decoded x2 (thunk)
?winSetHiliteColor@GameWindow@@QAEHHH@Z,0x000248B1,ILT/thunk used by GadgetComboBoxSetColors
?winSetHiliteColor@GameWindow@@QAEHHH@Z,0x000262B0,site-decoded x2 (thunk)
?winSetHiliteImage@GameWindow@@QAEHHPBVImage@@@Z,0x0000B406,caller-derived (36 matched callers agree, e9 thunk)
?winSetHiliteImage@GameWindow@@QAEHHPBVImage@@@Z,0x000262B0,site-decoded x3 (thunk)
?winSetHiliteImage@GameWindow@@QAEHHPBVImage@@@Z,0x00035E09,site-decoded x28 (thunk)
?winSetHiliteImage@GameWindow@@QAEHHPBVImage@@@Z,0x0003E36F,site-decoded x28 (thunk)
?winSetHiliteTextColors@GameWindow@@QAEXHH@Z,0x000268B9
?winSetIMECompositeTextColors@GameWindow@@QAEXHH@Z,0x00014C13
?winSetInputFunc@GameWindow@@QAEHP6A?AW4WindowMsgHandledType@@PAV1@III@Z@Z,0x00027BF1,ILT thunk used by GadgetListBoxRemoveMultiSelect
?winSetLayout@GameWindow@@QAEHPAVWindowLayout@@@Z,0x00031881
?winSetLayout@GameWindow@@QAEXPAVWindowLayout@@@Z,0x00031881,pinharvest x2 (thunk)
?winSetNextInLayout@GameWindow@@QAEHPAV1@@Z,0x00035CF6
?winSetNextInLayout@GameWindow@@QAEXPAV1@@Z,0x00035CF6,pinharvest x3 (thunk)
?winSetPosition@GameWindow@@QAEHHH@Z,0x0001949D
?winSetPrevInLayout@GameWindow@@QAEHPAV1@@Z,0x00015FB4
?winSetPrevInLayout@GameWindow@@QAEXPAV1@@Z,0x00015FB4,pinharvest x4 (thunk)
?winSetSize@GameWindow@@QAEHHH@Z,0x000482AC
?winSetStatus@GameWindow@@QAEII@Z,0x00033523
?winSetTooltipFunc@GameWindow@@QAEHP6AXPAV1@PAVWinInstanceData@@I@Z@Z,0x0003D127,Ghidra GrabWindowInfo call-site thunk
?winSetUserData@GameWindow@@QAEXPAX@Z,0x00002E69
?withdraw@Money@@QAEII_N@Z,0x00041894,ILT Money::withdraw (body 0xC8610)
?withdraw@Money@@QAEII_N@Z,0x000C8610,body Money::withdraw
?worldToCell@Pathfinder@@QAE_NPBUCoord3D@@PAUICoord2D@@@Z,0x000171E8
?wouldIgnite@FlammableUpdate@@QAE_NXZ,0x00016653
?write@ConditionWriteChunkShim@@SAXAAVDataChunkOutput@@PAVCondition@@@Z,0x00352DB0,Condition WriteConditionDataChunk incremental-link thunk target through a TU-local forwarding shim
?write@MapCacheWriteCacheINIShim@@QAEX_N@Z,0x004550C0,MapCache writeCacheINI incremental-link thunk target through a TU-local forwarding shim
?write@UserPreferences@@UAE_NXZ,0x00030495
?writeCacheINI@MapCache@@AAEX_N@Z,0x0000E2B4
?writeDrawInfo@FXParticleSystem@@YAXAAVFile@@PBI@Z,0x0004618C,draw module info write thunk
?writeDrawTemplateBase@FXParticleSystem@@YAXPBXAAVFile@@PBI@Z,0x000460C9,draw module template base write thunk
?writeINI_part1@FXParticleSystem@@YAXPBXPAVFile@@PAI@Z,0x000460C9,DefaultModuleTemplate writeINI helper 1
?writeINI_part2@FXParticleSystem@@YAXPAVFile@@PAI@Z,0x0004618C,DefaultModuleTemplate writeINI helper 2
?xferInteger@@YAXAAVXfer@@AAH@Z,0x0002153A,ParticleSystemInfo::DoXfer raw ParticleType enum helper call target
?xferInteger@@YAXAAVXfer@@AAH@Z,0x000272CD,ParticleSystemInfo::DoXfer raw ParticlePriorityType enum helper call target
?xferInteger@@YAXAAVXfer@@AAH@Z,0x00044FD0,DefaultUpdateModuleInfo m_extra direct xfer helper through a TU-local forwarding declaration
?xferInteger@@YAXAAVXfer@@AAH@Z,0x0004570F,ParticleSystemInfo::DoXfer raw ParticleShaderType enum helper call target
?xferInteger@@YAXAAVXfer@@AAH@Z,0x00048851,WindModuleInfo::DoXfer raw integer helper call target
?xferRandomVariable@@YAXAAVXfer@@AAVGameClientRandomVariable@@@Z,0x0003EE32,H1 GameClientRandomVariable xfer helper (thunk; body 0x0010C4D0) ??? pinned, ideally matched in game_client_random_variable.cpp
?xferRandomVariable@@YAXAAVXfer@@AAVGameClientRandomVariable@@@Z,0x0004570F,RenderObjectDrawModuleInfo::DoXfer raw helper call target
?xferSaveData@GameState@@AAEXPAVXfer@@W4SnapshotType@@@Z,0x0010FBD0,GameState save-data walker (CHUNK_GameState/Campaign/LivingWorldLogic/Palantir/Audio); thunk 0x36674
AODHordeContainFieldParse,0x004334F6,AODHordeContain FieldParse
AnimalAIUpdateFieldParse,0x00436E30,AnimalAIUpdate FieldParse
ArrowStormUpdateModuleData_vtbl,0x010B3668,ArrowStormUpdateModuleData main vtbl
AssaultTransportAIUpdateFieldParse,0x0040A35D,AssaultTransportAIUpdate FieldParse
CategoryModuleTemplate06_sub_vtbl,0x0110FC94,CMT06 sub vtbl
CategoryModuleTemplate06_vtbl0,0x0110FC80,CMT06 vtbl0
CategoryModuleTemplate06_vtbl4,0x0110FC7C,CMT06 vtbl4
CategoryModuleTemplate07_vtbl0,0x01073848,CMT07 vtbl0
CategoryModuleTemplate07_vtbl4,0x01073844,CMT07 vtbl4
CategoryModuleTemplate8_vtbl0,0x01073848,CategoryModuleTemplate8 ctor vtbl at +0
CategoryModuleTemplate8_vtbl4,0x01073844,CategoryModuleTemplate8 ctor vtbl at +4 final
CategoryModuleTemplate8_vtbl_temp,0x0107375C,CategoryModuleTemplate8 ctor intermediate vtbl at +4
ContestableContainModuleData_vtbl,0x010AFE60,ContestableContainModuleData main vtbl
ConvertToCarBombCrateCollideFieldParse,0x00412751,ConvertToCarBombCrateCollide FieldParse
DefaultModuleTemplate00FieldParse,0x01113360,DefaultModuleTemplate parse FieldParse
DefaultModuleTemplate00_sub_vtbl,0x011108CC,DefaultModuleTemplate00 sub vtbl
DefaultModuleTemplate00_vtbl0,0x011108B8,DefaultModuleTemplate00 outer vtbl0
DefaultModuleTemplate00_vtbl4,0x011108B4,DefaultModuleTemplate00 outer vtbl4
DefaultModuleTemplate01FieldParse,0x01114958,DefaultModuleTemplate parse FieldParse
DefaultModuleTemplate01_sub_vtbl,0x01110C64,DMT01 sub vtbl
DefaultModuleTemplate01_vtbl0,0x01110C50,DMT01 vtbl0
DefaultModuleTemplate01_vtbl4,0x01110C4C,DMT01 vtbl4
DefaultModuleTemplate02FieldParse,0x011145B0,DefaultModuleTemplate parse FieldParse
DefaultModuleTemplate05FieldParse,0x01113594,DefaultModuleTemplate parse FieldParse
DefaultModuleTemplate05_sub_vtbl,0x0111094C,DMT05 sub vtbl
DefaultModuleTemplate05_vtbl0,0x01110938,DMT05 vtbl0
DefaultModuleTemplate05_vtbl4,0x01110934,DMT05 vtbl4
DefaultModuleTemplate0AFieldParse,0x01113460,DefaultModuleTemplate parse FieldParse
DefaultModuleTemplate0A_sub_vtbl,0x0111090C,DMT0A sub vtbl
DefaultModuleTemplate0A_vtbl0,0x011108F8,DMT0A vtbl0
DefaultModuleTemplate0A_vtbl4,0x011108F4,DMT0A vtbl4
DefaultModuleTemplate6_vtbl0,0x0111101C,DefaultModuleTemplate6 ctor vtbl anchor
DefaultModuleTemplate6_vtbl4,0x01111018,DefaultModuleTemplate6 ctor vtbl anchor
DefaultModuleTemplate6_vtbl8,0x01111004,DefaultModuleTemplate6 ctor vtbl anchor
DefaultProductionExitUpdateFieldParse,0x00423687,DefaultProductionExitUpdate friend_newModuleData field parse
DeflectSpecialPowerFieldParse,0x0044765E,DeflectSpecialPower FieldParse
DelayedLuaEventUpdateFieldParse,0x0041B199,DelayedLuaEventUpdate FieldParse
DeployStyleAIUpdateFieldParse,0x00406708,DeployStyleAIUpdate FieldParse
ElvenWoodSpecialPowerModuleData_vtbl,0x010B4C38,ElvenWoodSpecialPowerModuleData main vtbl
GateProxyBehaviorFieldParse,0x004141E1,GateProxyBehavior FieldParse
GiveUpgradeUpdateModuleData_vtbl,0x010B53D0,GiveUpgradeUpdateModuleData main vtbl
HordeGarrisonContainFieldParse,0x00405245,HordeGarrisonContain FieldParse
LifetimeUpdateFieldParse,0x0040490D,LifetimeUpdate FieldParse
ManTheWallsSpecialPowerFieldParse,0x0043EDEC,ManTheWallsSpecialPower FieldParse
MoneyCrateCollideFieldParse,0x0042BAEE,MoneyCrateCollide FieldParse
RenderObjectDrawModuleInfo_vtbl,0x011112B8,RenderObjectDrawModuleInfo main vtbl
RepairSpecialPowerFieldParse,0x0043A1DE,RepairSpecialPower FieldParse
ShareBufferClassUnsignedShort_vtbl_final,0x011135AC,ShareBuffer ushort dtor final vtbl
ShareBufferClassUnsignedShort_vtbl_interim,0x0113C110,ShareBuffer ushort dtor interim vtbl
SpawnPointProductionExitUpdateFieldParse,0x00442979,SpawnPoint friend_newModuleData field parse table
SpecialDisguiseUpdateModuleData_vtbl,0x010B7770,SpecialDisguiseUpdateModuleData main vtbl
SplitHordeSpecialPowerFieldParse,0x0040D1F7,SplitHordeSpecialPower FieldParse
SquishCollideFieldParse,0x004173DC,SquishCollide FieldParse
StealthUpdateFieldParse,0x0041D8F9,StealthUpdate FieldParse
ToggleHiddenSpecialAbilityUpdateFieldParse,0x0040955C,ToggleHiddenSpecialAbilityUpdate FieldParse
WanderAIUpdateFieldParse,0x004027DE,WanderAIUpdate FieldParse
WeaponFireSpecialAbilityUpdateModuleData_vtbl,0x010B8D98,WeaponFireSpecialAbilityUpdateModuleData main vtbl
WeaponModeSpecialPowerUpdateModuleData_vtbl,0x010C5510,WeaponModeSpecialPowerUpdateModuleData main vtbl
WeaponStore_vtbl,0x010A13C8,WeaponStore ctor main vtbl
_D3DXMatrixInverse@12,0x009FB321
_D3DXVec4Transform@12,0x009FAA48
_HideControlBar,0x00002847,HideControlBar letterbox
_InitStatsConnection,0x009D58C0
_IsStatsConnected,0x009D2B60
_ShowControlBar,0x00024848,ShowControlBar letterbox
_TheAIParseDefinitionAI,0x012EF214,AI parse definition TheAI global pointer shim
_XMP_Fetch_Prime_Size,0x009E8140
_XMP_Fetch_Prime_Table,0x009E8130
_XMP_Is_Small_Prime,0x009E8CA0
__CIacos,0x009F7256
__CIasin,0x009F7D86
__CIfmod,0x009F6FB2,hit-decoded x2 (body)
__CIfmod,0x009F70CC,hit-decoded x4 (body)
__CIpow,0x009F6FB2
__CxxThrowException@8,0x00850600,CRT throw helper
__CxxThrowException@8,0x009F6D00,MSVC retail exception throw helper
___gameMemAllocPtr,0x0130E9B4,game memory-manager alloc fn ptr
___gameMemFreePtr,0x0130E9AC,game memory-manager free fn ptr (indirect call target)
__alloca_probe,0x009F6C60
__chkstk,0x009F6C60
__ehhandler$?getClassMemoryPool@AIUpdateInterface@@CAPAVMemoryPool@@XZ,0x00C1074E,pool-glue cascade static (back-solved)
__ehhandler$?getClassMemoryPool@ActiveBody@@CAPAVMemoryPool@@XZ,0x00C0C4BE,pool-glue cascade static (back-solved)
__ehhandler$?getClassMemoryPool@AnimatedParticleSysBoneClientUpdate@@CAPAVMemoryPool@@XZ,0x00C3D3EE,pool-glue cascade static (back-solved)
__ehhandler$?getClassMemoryPool@ArmorUpgrade@@CAPAVMemoryPool@@XZ,0x00C1453E,pool-glue cascade static (back-solved)
__ehhandler$?getClassMemoryPool@AssaultTransportAIUpdate@@CAPAVMemoryPool@@XZ,0x00C1320E,pool-glue cascade static (back-solved)
__ehhandler$?getClassMemoryPool@AssistedTargetingUpdate@@CAPAVMemoryPool@@XZ,0x00C1081E,pool-glue cascade static (back-solved)
__ehhandler$?getClassMemoryPool@AutoDepositUpdate@@CAPAVMemoryPool@@XZ,0x00C109AE,pool-glue cascade static (back-solved)
__ehhandler$?getClassMemoryPool@AutoFindHealingUpdate@@CAPAVMemoryPool@@XZ,0x00C10A0E,pool-glue cascade static (back-solved)
__ehhandler$?getClassMemoryPool@AutoHealBehavior@@CAPAVMemoryPool@@XZ,0x00C0A83E,pool-glue cascade static (back-solved)
__ehhandler$?getClassMemoryPool@BattlePlanUpdate@@CAPAVMemoryPool@@XZ,0x00C10D3E,pool-glue cascade static (back-solved)
__ehhandler$?getClassMemoryPool@BridgeBehavior@@CAPAVMemoryPool@@XZ,0x00C0AB8E,pool-glue cascade static (back-solved)
__ehhandler$?getClassMemoryPool@BridgeTowerBehavior@@CAPAVMemoryPool@@XZ,0x00C0AD8E,pool-glue cascade static (back-solved)
__ehhandler$?getClassMemoryPool@CashHackSpecialPower@@CAPAVMemoryPool@@XZ,0x00C0EECE,pool-glue cascade static (back-solved)
__ehhandler$?getClassMemoryPool@CaveContain@@CAPAVMemoryPool@@XZ,0x00C0CD3E,pool-glue cascade static (back-solved)
__ehhandler$?getClassMemoryPool@CommandButtonHuntUpdate@@CAPAVMemoryPool@@XZ,0x00C1133E,pool-glue cascade static (back-solved)
__ehhandler$?getClassMemoryPool@CommandSetUpgrade@@CAPAVMemoryPool@@XZ,0x00C1477E,pool-glue cascade static (back-solved)
__ehhandler$?getClassMemoryPool@CostModifierUpgrade@@CAPAVMemoryPool@@XZ,0x00C147BE,pool-glue cascade static (back-solved)
__ehhandler$?getClassMemoryPool@CreateCrateDie@@CAPAVMemoryPool@@XZ,0x00C0EACE,pool-glue cascade static (back-solved)
__ehhandler$?getClassMemoryPool@CreateObjectDie@@CAPAVMemoryPool@@XZ,0x00C0EB3E,pool-glue cascade static (back-solved)
__ehhandler$?getClassMemoryPool@CrushDie@@CAPAVMemoryPool@@XZ,0x00C0EBAE,pool-glue cascade static (back-solved)
__ehhandler$?getClassMemoryPool@DefaultProductionExitUpdate@@CAPAVMemoryPool@@XZ,0x00C143BE,pool-glue cascade static (back-solved)
__ehhandler$?getClassMemoryPool@DefectorSpecialPower@@CAPAVMemoryPool@@XZ,0x00C0F05E,pool-glue cascade static (back-solved)
__ehhandler$?getClassMemoryPool@DeletionUpdate@@CAPAVMemoryPool@@XZ,0x00C1151E,pool-glue cascade static (back-solved)
__ehhandler$?getClassMemoryPool@DemoTrapUpdate@@CAPAVMemoryPool@@XZ,0x00C1153E,pool-glue cascade static (back-solved)
__ehhandler$?getClassMemoryPool@DeployStyleAIUpdate@@CAPAVMemoryPool@@XZ,0x00C1324E,pool-glue cascade static (back-solved)
__ehhandler$?getClassMemoryPool@DestroyDie@@CAPAVMemoryPool@@XZ,0x00C0EBEE,pool-glue cascade static (back-solved)
__ehhandler$?getClassMemoryPool@DozerAIUpdate@@CAPAVMemoryPool@@XZ,0x00C1333E,pool-glue cascade static (back-solved)
__ehhandler$?getClassMemoryPool@DynamicShroudClearingRangeUpdate@@CAPAVMemoryPool@@XZ,0x00C1168E,pool-glue cascade static (back-solved)
__ehhandler$?getClassMemoryPool@ExperienceScalarUpgrade@@CAPAVMemoryPool@@XZ,0x00C1488E,pool-glue cascade static (back-solved)
__ehhandler$?getClassMemoryPool@FXListDie@@CAPAVMemoryPool@@XZ,0x00C0EC0E,pool-glue cascade static (back-solved)
__ehhandler$?getClassMemoryPool@FireSpreadUpdate@@CAPAVMemoryPool@@XZ,0x00C11A4E,pool-glue cascade static (back-solved)
__ehhandler$?getClassMemoryPool@FireWeaponCollide@@CAPAVMemoryPool@@XZ,0x00C0CA4E,pool-glue cascade static (back-solved)
__ehhandler$?getClassMemoryPool@FireWeaponUpdate@@CAPAVMemoryPool@@XZ,0x00C11ABE,pool-glue cascade static (back-solved)
__ehhandler$?getClassMemoryPool@FireWeaponWhenDamagedBehavior@@CAPAVMemoryPool@@XZ,0x00C0B2DE,pool-glue cascade static (back-solved)
__ehhandler$?getClassMemoryPool@FireWeaponWhenDeadBehavior@@CAPAVMemoryPool@@XZ,0x00C0B33E,pool-glue cascade static (back-solved)
__ehhandler$?getClassMemoryPool@FlammableUpdate@@CAPAVMemoryPool@@XZ,0x00C11B1E,pool-glue cascade static (back-solved)
__ehhandler$?getClassMemoryPool@FloatUpdate@@CAPAVMemoryPool@@XZ,0x00C11CFE,pool-glue cascade static (back-solved)
__ehhandler$?getClassMemoryPool@GarrisonContain@@CAPAVMemoryPool@@XZ,0x00C0CEFE,pool-glue cascade static (back-solved)
__ehhandler$?getClassMemoryPool@GrantUpgradeCreate@@CAPAVMemoryPool@@XZ,0x00C0E55E,pool-glue cascade static (back-solved)
__ehhandler$?getClassMemoryPool@HealContain@@CAPAVMemoryPool@@XZ,0x00C0CFEE,pool-glue cascade static (back-solved)
__ehhandler$?getClassMemoryPool@HealCrateCollide@@CAPAVMemoryPool@@XZ,0x00C0CB7E,pool-glue cascade static (back-solved)
__ehhandler$?getClassMemoryPool@HeightDieUpdate@@CAPAVMemoryPool@@XZ,0x00C11D1E,pool-glue cascade static (back-solved)
__ehhandler$?getClassMemoryPool@HighlanderBody@@CAPAVMemoryPool@@XZ,0x00C0C7CE,pool-glue cascade static (back-solved)
__ehhandler$?getClassMemoryPool@HijackerUpdate@@CAPAVMemoryPool@@XZ,0x00C11D5E,pool-glue cascade static (back-solved)
__ehhandler$?getClassMemoryPool@ImmortalBody@@CAPAVMemoryPool@@XZ,0x00C0C7EE,pool-glue cascade static (back-solved)
__ehhandler$?getClassMemoryPool@InactiveBody@@CAPAVMemoryPool@@XZ,0x00C0C82E,pool-glue cascade static (back-solved)
__ehhandler$?getClassMemoryPool@InstantDeathBehavior@@CAPAVMemoryPool@@XZ,0x00C0B7FE,pool-glue cascade static (back-solved)
__ehhandler$?getClassMemoryPool@KeepObjectDie@@CAPAVMemoryPool@@XZ,0x00C0EC6E,pool-glue cascade static (back-solved)
__ehhandler$?getClassMemoryPool@LaserUpdate@@CAPAVMemoryPool@@XZ,0x00C3D4AE,pool-glue cascade static (back-solved)
__ehhandler$?getClassMemoryPool@LifetimeUpdate@@CAPAVMemoryPool@@XZ,0x00C11F8E,pool-glue cascade static (back-solved)
__ehhandler$?getClassMemoryPool@LockWeaponCreate@@CAPAVMemoryPool@@XZ,0x00C0E5CE,pool-glue cascade static (back-solved)
__ehhandler$?getClassMemoryPool@LocomotorSetUpgrade@@CAPAVMemoryPool@@XZ,0x00C14A4E,pool-glue cascade static (back-solved)
__ehhandler$?getClassMemoryPool@MaxHealthUpgrade@@CAPAVMemoryPool@@XZ,0x00C14A6E,pool-glue cascade static (back-solved)
__ehhandler$?getClassMemoryPool@ModelConditionUpgrade@@CAPAVMemoryPool@@XZ,0x00C14AAE,pool-glue cascade static (back-solved)
__ehhandler$?getClassMemoryPool@MoneyCrateCollide@@CAPAVMemoryPool@@XZ,0x00C0CBBE,pool-glue cascade static (back-solved)
__ehhandler$?getClassMemoryPool@OCLSpecialPower@@CAPAVMemoryPool@@XZ,0x00C0F81E,pool-glue cascade static (back-solved)
__ehhandler$?getClassMemoryPool@ObjectCreationUpgrade@@CAPAVMemoryPool@@XZ,0x00C14AEE,pool-glue cascade static (back-solved)
__ehhandler$?getClassMemoryPool@OpenContain@@CAPAVMemoryPool@@XZ,0x00C0D1DE,pool-glue cascade static (back-solved)
__ehhandler$?getClassMemoryPool@PoisonedBehavior@@CAPAVMemoryPool@@XZ,0x00C0BA3E,pool-glue cascade static (back-solved)
__ehhandler$?getClassMemoryPool@PreorderCreate@@CAPAVMemoryPool@@XZ,0x00C0E5EE,pool-glue cascade static (back-solved)
__ehhandler$?getClassMemoryPool@ProductionUpdate@@CAPAVMemoryPool@@XZ,0x00C1229E,pool-glue cascade static (back-solved)
__ehhandler$?getClassMemoryPool@ProneUpdate@@CAPAVMemoryPool@@XZ,0x00C124AE,pool-glue cascade static (back-solved)
__ehhandler$?getClassMemoryPool@PropagandaTowerBehavior@@CAPAVMemoryPool@@XZ,0x00C0BA7E,pool-glue cascade static (back-solved)
__ehhandler$?getClassMemoryPool@QueueProductionExitUpdate@@CAPAVMemoryPool@@XZ,0x00C143FE,pool-glue cascade static (back-solved)
__ehhandler$?getClassMemoryPool@RadarUpdate@@CAPAVMemoryPool@@XZ,0x00C124CE,pool-glue cascade static (back-solved)
__ehhandler$?getClassMemoryPool@RadarUpgrade@@CAPAVMemoryPool@@XZ,0x00C14BCE,pool-glue cascade static (back-solved)
__ehhandler$?getClassMemoryPool@RadiusDecalUpdate@@CAPAVMemoryPool@@XZ,0x00C1251E,pool-glue cascade static (back-solved)
__ehhandler$?getClassMemoryPool@RailedTransportDockUpdate@@CAPAVMemoryPool@@XZ,0x00C142FE,pool-glue cascade static (back-solved)
__ehhandler$?getClassMemoryPool@RepairDockUpdate@@CAPAVMemoryPool@@XZ,0x00C1431E,pool-glue cascade static (back-solved)
__ehhandler$?getClassMemoryPool@SalvageCrateCollide@@CAPAVMemoryPool@@XZ,0x00C0CBFE,pool-glue cascade static (back-solved)
__ehhandler$?getClassMemoryPool@ShroudCrateCollide@@CAPAVMemoryPool@@XZ,0x00C0CC7E,pool-glue cascade static (back-solved)
__ehhandler$?getClassMemoryPool@SlavedUpdate@@CAPAVMemoryPool@@XZ,0x00C1270E,pool-glue cascade static (back-solved)
__ehhandler$?getClassMemoryPool@SpawnBehavior@@CAPAVMemoryPool@@XZ,0x00C0C24E,pool-glue cascade static (back-solved)
__ehhandler$?getClassMemoryPool@SpawnPointProductionExitUpdate@@CAPAVMemoryPool@@XZ,0x00C1449E,pool-glue cascade static (back-solved)
__ehhandler$?getClassMemoryPool@SpecialAbility@@CAPAVMemoryPool@@XZ,0x00C1288E,pool-glue cascade static (back-solved)
__ehhandler$?getClassMemoryPool@SpecialPowerCompletionDie@@CAPAVMemoryPool@@XZ,0x00C0ECCE,pool-glue cascade static (back-solved)
__ehhandler$?getClassMemoryPool@SpecialPowerCreate@@CAPAVMemoryPool@@XZ,0x00C0E60E,pool-glue cascade static (back-solved)
__ehhandler$?getClassMemoryPool@SquishCollide@@CAPAVMemoryPool@@XZ,0x00C0CAAE,pool-glue cascade static (back-solved)
__ehhandler$?getClassMemoryPool@StatusBitsUpgrade@@CAPAVMemoryPool@@XZ,0x00C14BEE,pool-glue cascade static (back-solved)
__ehhandler$?getClassMemoryPool@StealthDetectorUpdate@@CAPAVMemoryPool@@XZ,0x00C12BAE,pool-glue cascade static (back-solved)
__ehhandler$?getClassMemoryPool@StealthUpdate@@CAPAVMemoryPool@@XZ,0x00C12D2E,pool-glue cascade static (back-solved)
__ehhandler$?getClassMemoryPool@StealthUpgrade@@CAPAVMemoryPool@@XZ,0x00C14C0E,pool-glue cascade static (back-solved)
__ehhandler$?getClassMemoryPool@StructureBody@@CAPAVMemoryPool@@XZ,0x00C0C8FE,pool-glue cascade static (back-solved)
__ehhandler$?getClassMemoryPool@SubObjectsUpgrade@@CAPAVMemoryPool@@XZ,0x00C14C2E,pool-glue cascade static (back-solved)
__ehhandler$?getClassMemoryPool@SupplyCenterCreate@@CAPAVMemoryPool@@XZ,0x00C0E62E,pool-glue cascade static (back-solved)
__ehhandler$?getClassMemoryPool@SupplyCenterDockUpdate@@CAPAVMemoryPool@@XZ,0x00C1433E,pool-glue cascade static (back-solved)
__ehhandler$?getClassMemoryPool@SupplyCenterProductionExitUpdate@@CAPAVMemoryPool@@XZ,0x00C144FE,pool-glue cascade static (back-solved)
__ehhandler$?getClassMemoryPool@SupplyTruckAIUpdate@@CAPAVMemoryPool@@XZ,0x00C13E7E,pool-glue cascade static (back-solved)
__ehhandler$?getClassMemoryPool@SupplyWarehouseCreate@@CAPAVMemoryPool@@XZ,0x00C0E64E,pool-glue cascade static (back-solved)
__ehhandler$?getClassMemoryPool@SupplyWarehouseCripplingBehavior@@CAPAVMemoryPool@@XZ,0x00C0C36E,pool-glue cascade static (back-solved)
__ehhandler$?getClassMemoryPool@SupplyWarehouseDockUpdate@@CAPAVMemoryPool@@XZ,0x00C1437E,pool-glue cascade static (back-solved)
__ehhandler$?getClassMemoryPool@TransitionDamageFX@@CAPAVMemoryPool@@XZ,0x00C0E8AE,pool-glue cascade static (back-solved)
__ehhandler$?getClassMemoryPool@TransportAIUpdate@@CAPAVMemoryPool@@XZ,0x00C13F9E,pool-glue cascade static (back-solved)
__ehhandler$?getClassMemoryPool@TransportContain@@CAPAVMemoryPool@@XZ,0x00C0D73E,pool-glue cascade static (back-solved)
__ehhandler$?getClassMemoryPool@TunnelContain@@CAPAVMemoryPool@@XZ,0x00C0D85E,pool-glue cascade static (back-solved)
__ehhandler$?getClassMemoryPool@UnitCrateCollide@@CAPAVMemoryPool@@XZ,0x00C0CC9E,pool-glue cascade static (back-solved)
__ehhandler$?getClassMemoryPool@UnpauseSpecialPowerUpgrade@@CAPAVMemoryPool@@XZ,0x00C14D9E,pool-glue cascade static (back-solved)
__ehhandler$?getClassMemoryPool@UpgradeDie@@CAPAVMemoryPool@@XZ,0x00C0ED0E,pool-glue cascade static (back-solved)
__ehhandler$?getClassMemoryPool@VeterancyCrateCollide@@CAPAVMemoryPool@@XZ,0x00C0CCDE,pool-glue cascade static (back-solved)
__ehhandler$?getClassMemoryPool@WanderAIUpdate@@CAPAVMemoryPool@@XZ,0x00C13FDE,pool-glue cascade static (back-solved)
__ehhandler$?getClassMemoryPool@WeaponBonusUpgrade@@CAPAVMemoryPool@@XZ,0x00C14DDE,pool-glue cascade static (back-solved)
__ehhandler$?getClassMemoryPool@WeaponSetUpgrade@@CAPAVMemoryPool@@XZ,0x00C14DFE,pool-glue cascade static (back-solved)
__ehhandler$?getClassMemoryPool@WorkerAIUpdate@@CAPAVMemoryPool@@XZ,0x00C140BE,pool-glue cascade static (back-solved)
__ehhandler$?parseProductionTimeChange@PlayerTemplate@@KAXPAVINI@@PAX1PBX@Z,0x00BFAB08,PlayerTemplate time-change retail exception handler
__ftol2,0x009F6E38,MSVC float-to-int conversion helper (statically linked CRT)
__stringbase_isnone_cmp_char,0x00405E8,internal char string none-comparison helper
__stringbase_isnone_cmp_wchar,0x0041F3D,internal wide-char string none-comparison helper
__stringbase_isnotnone_cmp_char,0x00405E8,internal char string not-none comparison helper
__stringbase_isnotnone_cmp_wchar,0x0041F3D,internal wide-char string not-none comparison helper
_atexit,0x009F6E26,CRT atexit (registers static destructors)
_audioManagerAddEventHelper@16,0x00020B08,AudioManager::addAudioEvent stdcall helper pin
_bfme_acos,0x009F7256,internal acos helper called by ACos
_bfme_asin,0x009F7D86,internal asin helper called by ASin
_bfme_timeGetTime@0,0x000481E4,ILT thunk for timeGetTime (non-dllimport call sites in ProcessAnimateWindow.cpp)
_gameTextPrepare@16,0x009F6D76,GameTextManager reset prepare helper shim
_gameTextRelease,0x00881EF0,GameTextManager reset release helper shim
g_NAMEKEY_empty_string,0x0107388B,NAMEKEY empty string literal
g_statsConnection,0x012D9038,Open-BFME5 IsStatsConnected global
g_theNameKeyGenerator,0x012ED600,TheNameKeyGenerator
g_theWaypointNameDict,0x012A77A8,MapObject setWaypointName Dict global
g_windGlobalA,0x012F7004,WindModuleInfo ctor global
g_windGlobalB,0x012B8E00,WindModuleInfo ctor global
