target_rva,size,ret_bytes,ecx,sites,cleanup,ecx_set,eax_used,ghidra,contract
0x0005F2B0,407,0,write,1,8:1,0/0,1/1,"undefined4 FUN_0045f2b0(char param_1,undefined4 param_2)","__cdecl (or a __thiscall that never reads `this`), 2 stack slot(s), returns a value [eax read at 1/1 sites]"
0x000600F0,1356,16,call,1,,0/1,1/1,"undefined4 FUN_004600f0(undefined4 param_1,undefined4 param_2,char *param_3,undefined1 *param_4)","__stdcall, 4 stack slot(s), returns a value [eax read at 1/1 sites]"
0x000607F0,1,0,none,394,8:394,0/375,0/394,void FUN_004607f0(void),"__cdecl, 2 stack slot(s), result unused at every site (void?) [eax read at 0/394 sites]"
0x000616C0,6,0,none,2,,0/0,2/2,undefined * FUN_004616c0(void),"__cdecl (or a __thiscall that never reads `this`), stack slots unknown (no caller cleanup after 2 site(s): 0, or deferred); ghidra reads 0, returns a value [eax read at 2/2 sites]"
0x00061720,381,0,write,64,8:64,0/64,64/64,"uint FUN_00461720(int param_1,uint param_2)","__cdecl, 2 stack slot(s), returns a value [eax read at 64/64 sites]"
0x00061900,381,0,write,32,8:32,0/0,32/32,"uint FUN_00461900(int param_1,uint param_2)","__cdecl (or a __thiscall that never reads `this`), 2 stack slot(s), returns a value [eax read at 32/32 sites]"
0x00061B80,5,0,none,32,20:32,0/32,32/32,undefined4 FUN_00461b80(void),"__cdecl, 5 stack slot(s), returns a value [eax read at 32/32 sites]"
0x00061F00,216,0,call,2,8:2,0/0,1/2,"undefined4 FUN_00461f00(undefined4 param_1,undefined4 param_2)","__cdecl (or a __thiscall that never reads `this`), 2 stack slot(s), returns a value [eax read at 1/2 sites]"
0x00063080,33,0,write,1,,0/1,0/1,"void FUN_00463080(AsciiString *param_1,AsciiString *param_2)","__cdecl, stack slots unknown (no caller cleanup after 1 site(s): 0, or deferred); ghidra reads 2, result unused at every site (void?) [eax read at 0/1 sites]"
0x000630B0,81,0,read,3,,3/3,0/3,void FUN_004630b0(void),"__thiscall, 0 stack slots, result unused at every site (void?) [eax read at 0/3 sites]"
0x000638C0,62,4,read,8,4:1,8/8,0/8,void FUN_004638c0(undefined4 param_1),"__thiscall, 1 stack slot(s), result unused at every site (void?) [eax read at 0/8 sites]"
0x00064110,3,0,read,1,,1/1,1/1,void FUN_00464110(void),"__thiscall, 0 stack slots, returns a value [eax read at 1/1 sites]"
0x00064140,20,0,read,1,,1/1,0/1,void FUN_00464140(void),"__thiscall, 0 stack slots, result unused at every site (void?) [eax read at 0/1 sites]"
0x00064160,20,0,read,1,,1/1,0/0,void FUN_00464160(void),"__thiscall, 0 stack slots, no call site decoded"
0x00064BF0,483,8,read,2,,2/2,0/2,"undefined4 FUN_00464bf0(uint param_1,undefined4 *param_2)","__thiscall, 2 stack slot(s), result unused at every site (void?) [eax read at 0/2 sites]"
0x000650B0,5,,none,1,,1/1,0/1,void thunk_FUN_00464e90(int *param_1),"?, no ret decoded (tail call or wrong extent), result unused at every site (void?) [eax read at 0/1 sites]"
0x00065960,76,8,read,50,,44/44,0/46,"undefined4 FUN_00465960(undefined4 param_1,undefined4 param_2)","__thiscall, 2 stack slot(s), result unused at every site (void?) [eax read at 0/46 sites]"
0x000665A0,7,4,none,53,,53/53,53/53,undefined4 FUN_004665a0(undefined4 param_1),"__thiscall, 1 stack slot(s), returns a value [eax read at 53/53 sites]"
0x00066A90,130,8,read,3,,2/2,0/3,"void FUN_00466a90(int param_1,undefined4 param_2)","__thiscall, 2 stack slot(s), result unused at every site (void?) [eax read at 0/3 sites]"
0x0006A520,611,4,read,11,,11/11,0/11,float10 FUN_0046a520(float param_1),"__thiscall, 1 stack slot(s), result unused at every site (void?) [eax read at 0/11 sites]"
0x0006B500,22,8,read,2,,2/2,0/2,"void FUN_0046b500(undefined4 *param_1,undefined4 *param_2)","__thiscall, 2 stack slot(s), result unused at every site (void?) [eax read at 0/2 sites]"
0x0006B520,22,8,read,1,,1/1,0/1,"void FUN_0046b520(undefined4 *param_1,undefined4 *param_2)","__thiscall, 2 stack slot(s), result unused at every site (void?) [eax read at 0/1 sites]"
0x0006B540,6,0,read,2,,2/2,2/2,int FUN_0046b540(void),"__thiscall, 0 stack slots, returns a value [eax read at 2/2 sites]"
0x0006C5A0,19,4,read,1,,1/1,0/1,void FUN_0046c5a0(undefined4 *param_1),"__thiscall, 1 stack slot(s), result unused at every site (void?) [eax read at 0/1 sites]"
0x0006C5C0,19,4,read,2,,2/2,0/2,void FUN_0046c5c0(undefined4 *param_1),"__thiscall, 1 stack slot(s), result unused at every site (void?) [eax read at 0/2 sites]"
0x0006C5E0,19,4,read,2,,2/2,0/2,void FUN_0046c5e0(undefined4 *param_1),"__thiscall, 1 stack slot(s), result unused at every site (void?) [eax read at 0/2 sites]"
0x0006CD80,6,0,none,4,,0/0,4/4,undefined * FUN_0046cd80(void),"__cdecl (or a __thiscall that never reads `this`), stack slots unknown (no caller cleanup after 4 site(s): 0, or deferred); ghidra reads 0, returns a value [eax read at 4/4 sites]"
0x0006E3A0,6,0,read,1,,1/1,1/1,int FUN_0046e3a0(void),"__thiscall, 0 stack slots, returns a value [eax read at 1/1 sites]"
0x0006EF90,215,0,call,2,8:2,0/0,1/2,"undefined4 FUN_0046ef90(undefined4 param_1,undefined4 param_2)","__cdecl (or a __thiscall that never reads `this`), 2 stack slot(s), returns a value [eax read at 1/2 sites]"
0x0006F200,215,0,call,2,8:1,0/0,0/2,"undefined4 FUN_0046f200(undefined4 param_1,undefined4 param_2)","__cdecl (or a __thiscall that never reads `this`), 2 stack slot(s), result unused at every site (void?) [eax read at 0/2 sites]"
0x0006F330,216,0,call,2,8:2,0/0,1/2,"undefined4 FUN_0046f330(undefined4 param_1,undefined4 param_2)","__cdecl (or a __thiscall that never reads `this`), 2 stack slot(s), returns a value [eax read at 1/2 sites]"
0x000724F0,11,4,read,2,,2/2,2/2,void FUN_004724f0(undefined4 *param_1),"__thiscall, 1 stack slot(s), returns a value [eax read at 2/2 sites]"
0x00072500,11,4,read,1,,1/1,1/1,void FUN_00472500(undefined4 *param_1),"__thiscall, 1 stack slot(s), returns a value [eax read at 1/1 sites]"
0x00072510,11,4,read,2,,2/2,2/2,void FUN_00472510(undefined4 *param_1),"__thiscall, 1 stack slot(s), returns a value [eax read at 2/2 sites]"
0x00075E80,22,8,call,2,,2/2,0/2,"undefined4 FUN_00475e80(undefined4 param_1,undefined4 param_2)","__thiscall, 2 stack slot(s), result unused at every site (void?) [eax read at 0/2 sites]"
0x00075F40,22,8,call,1,,1/1,0/1,"undefined4 FUN_00475f40(undefined4 param_1,undefined4 param_2)","__thiscall, 2 stack slot(s), result unused at every site (void?) [eax read at 0/1 sites]"
0x000762B0,22,8,call,2,,2/2,0/2,"undefined4 FUN_004762b0(undefined4 param_1,undefined4 param_2)","__thiscall, 2 stack slot(s), result unused at every site (void?) [eax read at 0/2 sites]"
0x00076A90,61,4,read,16,,16/16,0/16,void FUN_00476a90(int param_1),"__thiscall, 1 stack slot(s), result unused at every site (void?) [eax read at 0/16 sites]"
0x00077340,61,4,read,7,,6/6,0/7,void FUN_00477340(int param_1),"__thiscall, 1 stack slot(s), result unused at every site (void?) [eax read at 0/7 sites]"
0x000774F0,22,8,call,1,,1/1,0/1,"undefined4 FUN_004774f0(undefined4 param_1,undefined4 param_2)","__thiscall, 2 stack slot(s), result unused at every site (void?) [eax read at 0/1 sites]"
0x00077510,22,8,call,2,,2/2,1/2,"undefined4 FUN_00477510(undefined4 param_1,undefined4 param_2)","__thiscall, 2 stack slot(s), returns a value [eax read at 1/2 sites]"
0x00077A90,373,4,read,1,,1/1,0/1,uint FUN_00477a90(int *param_1),"__thiscall, 1 stack slot(s), result unused at every site (void?) [eax read at 0/1 sites]"
0x00077C70,89,4,read,1,,1/1,1/1,undefined4 FUN_00477c70(void),"__thiscall, 1 stack slot(s), returns a value [eax read at 1/1 sites]"
0x00077FC0,124,0,read,2,,2/2,0/2,void FUN_00477fc0(void),"__thiscall, 0 stack slots, result unused at every site (void?) [eax read at 0/2 sites]"
0x00078100,54,0,read,3,,2/2,0/3,void FUN_00478100(void),"__thiscall, 0 stack slots, result unused at every site (void?) [eax read at 0/3 sites]"
0x00078450,5,,none,2,,1/1,0/1,void thunk_FUN_00478060(void),"?, no ret decoded (tail call or wrong extent), result unused at every site (void?) [eax read at 0/1 sites]"
0x00078B80,181,0,read,2,,2/2,0/2,void FUN_00478b80(void),"__thiscall, 0 stack slots, result unused at every site (void?) [eax read at 0/2 sites]"
0x0007CD50,66,0,write,6,12:1,0/6,0/6,"void FUN_0047cd50(int param_1,undefined4 param_2)","__cdecl, stack slots unknown (cleanup after only 1/6 sites: 0 and deferred, or deferred elsewhere), result unused at every site (void?) [eax read at 0/6 sites]"
0x0007DF70,231,4,read,153,,153/153,151/151,int FUN_0047df70(StringBase<char> *param_1),"__thiscall, 1 stack slot(s), returns a value [eax read at 151/151 sites]"
0x0007E0F0,942,,read,6,,4/4,4/6,undefined4 FUN_0047e0f0(void),"?, no ret decoded (tail call or wrong extent), returns a value [eax read at 4/6 sites]"
0x0007EEB0,1074,0,read,1,,1/1,0/1,void FUN_0047eeb0(void),"__thiscall, 0 stack slots, result unused at every site (void?) [eax read at 0/1 sites]"
0x000808D0,27,0,read,4,,3/3,0/4,void FUN_004808d0(void),"__thiscall, 0 stack slots, result unused at every site (void?) [eax read at 0/4 sites]"
0x00080900,54,0,read,1,,1/1,0/1,void FUN_00480900(void),"__thiscall, 0 stack slots, result unused at every site (void?) [eax read at 0/1 sites]"
0x00084510,4621,0,call,3,,3/3,0/3,void FUN_00484510(void),"__thiscall, 0 stack slots, result unused at every site (void?) [eax read at 0/3 sites]"
0x00086840,111,0,read,3,,3/3,3/3,int FUN_00486840(void),"__thiscall, 0 stack slots, returns a value [eax read at 3/3 sites]"
0x000868D0,160,0,read,3,,3/3,3/3,int FUN_004868d0(void),"__thiscall, 0 stack slots, returns a value [eax read at 3/3 sites]"
0x000869A0,95,0,read,1,,1/1,1/1,char FUN_004869a0(void),"__thiscall, 0 stack slots, returns a value [eax read at 1/1 sites]"
0x000877B0,35,0,read,13,16:1,12/12,0/9,void FUN_004877b0(void),"__thiscall, 0 stack slots, result unused at every site (void?) [eax read at 0/9 sites]"
0x00087860,73,4,read,1,,1/1,0/0,void FUN_00487860(int *param_1),"__thiscall, 1 stack slot(s), no call site decoded"
0x00088140,21,0,write,1,,1/1,1/1,void FUN_00488140(void),"__thiscall, 0 stack slots, returns a value [eax read at 1/1 sites]"
0x00088160,386,32,read,4,,4/4,2/4,"void FUN_00488160(undefined4 param_1,undefined4 param_2,undefined4 param_3,undefined4 param_4,","__thiscall, 8 stack slot(s), returns a value [eax read at 2/4 sites]"
0x0008FF00,106,4,read,3,,1/1,0/3,void FUN_0048ff00(undefined4 param_1),"__thiscall, 1 stack slot(s), result unused at every site (void?) [eax read at 0/3 sites]"
0x00090380,120,0,read,1,,1/1,1/1,void FUN_00490380(void),"__thiscall, 0 stack slots, returns a value [eax read at 1/1 sites]"
0x000904B0,29,4,write,4,,4/4,3/4,StringBase<char> * FUN_004904b0(StringBase<char> *param_1),"__thiscall, 1 stack slot(s), returns a value [eax read at 3/4 sites]"
0x00090900,87,0,read,4,,4/4,4/4,undefined4 FUN_00490900(void),"__thiscall, 0 stack slots, returns a value [eax read at 4/4 sites]"
0x00092050,5,,none,2,,2/2,2/2,char thunk_FUN_00490ea0(void),"?, no ret decoded (tail call or wrong extent), returns a value [eax read at 2/2 sites]"
0x00092060,5,,none,2,,2/2,2/2,char thunk_FUN_00490fb0(void),"?, no ret decoded (tail call or wrong extent), returns a value [eax read at 2/2 sites]"
0x00095130,7,4,none,2,,2/2,2/2,undefined4 FUN_00495130(undefined4 param_1),"__thiscall, 1 stack slot(s), returns a value [eax read at 2/2 sites]"
0x000955C0,130,8,read,2,,2/2,0/2,"void FUN_004955c0(int param_1,undefined4 param_2)","__thiscall, 2 stack slot(s), result unused at every site (void?) [eax read at 0/2 sites]"
0x00096570,809,0,read,2,,2/2,0/2,void FUN_00496570(void),"__thiscall, 0 stack slots, result unused at every site (void?) [eax read at 0/2 sites]"
0x00098C80,216,0,call,2,8:2,0/0,1/2,"undefined4 FUN_00498c80(undefined4 param_1,undefined4 param_2)","__cdecl (or a __thiscall that never reads `this`), 2 stack slot(s), returns a value [eax read at 1/2 sites]"
0x00098F80,52,4,read,9,,9/9,5/8,StringBase<char> * FUN_00498f80(StringBase<char> *param_1),"__thiscall, 1 stack slot(s), returns a value [eax read at 5/8 sites]"
0x00099A40,771,8,call,1,,1/1,1/1,undefined4 FUN_00499a40(StringBase<char> *param_1),"__thiscall, 2 stack slot(s), returns a value [eax read at 1/1 sites]"
0x00099E10,927,0,call,1,12:1,0/1,1/1,"undefined4 FUN_00499e10(int *param_1,int *param_2)","__cdecl, 3 stack slot(s), returns a value [eax read at 1/1 sites]"
0x0009A580,2308,8,write,1,,1/1,0/1,"void FUN_0049a580(int *param_1,uint param_2)","__thiscall, 2 stack slot(s), result unused at every site (void?) [eax read at 0/1 sites]"
0x0009BDF0,391,4,read,2,,2/2,2/2,undefined4 FUN_0049bdf0(void),"__thiscall, 1 stack slot(s), returns a value [eax read at 2/2 sites]"
0x0009E650,111,0,read,1,,1/1,1/1,int FUN_0049e650(void),"__thiscall, 0 stack slots, returns a value [eax read at 1/1 sites]"
0x0009ED10,15,0,read,6,,6/6,6/6,undefined4 FUN_0049ed10(void),"__thiscall, 0 stack slots, returns a value [eax read at 6/6 sites]"
0x000A2410,5,,none,2,,1/1,0/1,void __thiscall StringBase<char>::releaseBuffer(StringBase<char> *this),"?, no ret decoded (tail call or wrong extent), result unused at every site (void?) [eax read at 0/1 sites]"
0x000A3660,53,4,read,7,,7/7,0/7,void FUN_004a3660(int param_1),"__thiscall, 1 stack slot(s), result unused at every site (void?) [eax read at 0/7 sites]"
0x000A5120,39,0,read,92,40:1,70/70,0/64,void FUN_004a5120(void),"__thiscall, 0 stack slots, result unused at every site (void?) [eax read at 0/64 sites]"
0x000ABE20,98,4,read,2,,2/2,0/2,StringBase<char> * FUN_004abe20(StringBase<char> *param_1),"__thiscall, 1 stack slot(s), result unused at every site (void?) [eax read at 0/2 sites]"
0x000AF9A0,10,4,read,1,,1/1,0/0,void FUN_004af9a0(undefined4 param_1),"__thiscall, 1 stack slot(s), no call site decoded"
0x000AF9B0,10,4,read,1,,1/1,0/0,void FUN_004af9b0(undefined4 param_1),"__thiscall, 1 stack slot(s), no call site decoded"
0x000AF9C0,10,4,read,1,,1/1,0/0,void FUN_004af9c0(undefined4 param_1),"__thiscall, 1 stack slot(s), no call site decoded"
0x000B3C60,664,0,read,5,,5/5,0/4,void FUN_004b3c60(void),"__thiscall, 0 stack slots, result unused at every site (void?) [eax read at 0/4 sites]"
0x000B4020,367,8,read,11,,11/11,0/11,"void FUN_004b4020(undefined4 *param_1,undefined1 *param_2)","__thiscall, 2 stack slot(s), result unused at every site (void?) [eax read at 0/11 sites]"
0x000B49F0,90,0,call,8,,0/2,0/2,,"__cdecl, stack slots unknown (no caller cleanup after 8 site(s): 0, or deferred), result unused at every site (void?) [eax read at 0/2 sites]"
0x000B4E00,725,0,read,1,,1/1,0/1,void FUN_004b4e00(void),"__thiscall, 0 stack slots, result unused at every site (void?) [eax read at 0/1 sites]"
0x000B6030,976,0,call,2,,0/2,0/2,"void FUN_004b6030(int param_1,int param_2,int param_3,char *param_4,int *param_5,undefined1 *param_6","__cdecl, stack slots unknown (no caller cleanup after 2 site(s): 0, or deferred), result unused at every site (void?) [eax read at 0/2 sites]"
0x000B7D30,249,8,read,2,,2/2,0/2,"void FUN_004b7d30(undefined4 param_1,int *param_2)","__thiscall, 2 stack slot(s), result unused at every site (void?) [eax read at 0/2 sites]"
0x000BBC80,265,20,read,9,,5/5,0/9,"void FUN_004bbc80(void *param_1,undefined4 *param_2,undefined4 param_3,undefined4 *param_4,","__thiscall, 5 stack slot(s), result unused at every site (void?) [eax read at 0/9 sites]"
0x000BBFC0,265,20,read,2,,1/1,0/2,,"__thiscall, 5 stack slot(s), result unused at every site (void?) [eax read at 0/2 sites]"
0x000BC110,265,20,read,5,,4/4,0/3,"void FUN_004bc110(void *param_1,undefined4 *param_2,undefined4 param_3,undefined4 *param_4,","__thiscall, 5 stack slot(s), result unused at every site (void?) [eax read at 0/3 sites]"
0x000BC360,66,0,write,10,8:9,1/3,0/2,"void FUN_004bc360(int param_1,undefined4 param_2)","__cdecl, 2 stack slot(s), result unused at every site (void?) [eax read at 0/2 sites]"
0x000BC800,50,4,read,3,,3/3,0/3,void FUN_004bc800(undefined4 *param_1),"__thiscall, 1 stack slot(s), result unused at every site (void?) [eax read at 0/3 sites]"
0x000BDCA0,97,0,read,2,,2/2,0/2,void FUN_004bdca0(void),"__thiscall, 0 stack slots, result unused at every site (void?) [eax read at 0/2 sites]"
0x000BDF20,284,20,read,3,24:1,3/3,0/3,"void FUN_004bdf20(uint param_1,undefined4 param_2,undefined4 param_3,uint param_4,char param_5)","__thiscall, 5 stack slot(s), result unused at every site (void?) [eax read at 0/3 sites]"
0x000C1D10,250,4,read,2,,2/2,2/2,int FUN_004c1d10(StringBase<char> *param_1),"__thiscall, 1 stack slot(s), returns a value [eax read at 2/2 sites]"
0x000C4080,113,12,write,4,,4/4,3/4,"undefined4 FUN_004c4080(int param_1,int param_2)","__thiscall, 3 stack slot(s), returns a value [eax read at 3/4 sites]"
0x000C4390,67,12,write,1,,1/1,1/1,"bool FUN_004c4390(int param_1,int param_2)","__thiscall, 3 stack slot(s), returns a value [eax read at 1/1 sites]"
0x000C4B00,57,8,read,36,,36/36,36/36,"void FUN_004c4b00(undefined4 param_1,uint param_2)","__thiscall, 2 stack slot(s), returns a value [eax read at 36/36 sites]"
0x000C5440,849,20,write,11,,11/11,10/11,"char FUN_004c5440(int param_1,int param_2,undefined4 param_3,int param_4,char *param_5)","__thiscall, 5 stack slot(s), returns a value [eax read at 10/11 sites]"
0x000C5FF0,1603,24,read,7,,7/7,6/7,"bool FUN_004c5ff0(int param_1,int param_2,undefined4 param_3,int param_4,byte param_5,char param_6)","__thiscall, 6 stack slot(s), returns a value [eax read at 6/7 sites]"
0x000C6820,209,12,read,1,,1/1,0/1,"undefined4 FUN_004c6820(undefined4 param_1,undefined4 param_2,undefined4 param_3)","__thiscall, 3 stack slot(s), result unused at every site (void?) [eax read at 0/1 sites]"
0x000C6930,3094,28,none,4,12:1,4/4,2/4,"char FUN_004c6930(int param_1,float *param_2,undefined4 param_3,int param_4,undefined4 param_5,","__thiscall, 7 stack slot(s), returns a value [eax read at 2/4 sites]"
0x000C7C10,4,0,read,3,,3/3,3/3,undefined4 FUN_004c7c10(void),"__thiscall, 0 stack slots, returns a value [eax read at 3/3 sites]"
0x000C8A30,4,0,read,72,,72/72,72/72,undefined4 FUN_004c8a30(void),"__thiscall, 0 stack slots, returns a value [eax read at 72/72 sites]"
0x000CC930,45,0,read,1,,1/1,0/1,void FUN_004cc930(void),"__thiscall, 0 stack slots, result unused at every site (void?) [eax read at 0/1 sites]"
0x000CCC70,11,8,read,2,,2/2,0/1,"void FUN_004ccc70(undefined4 param_1,undefined4 param_2)","__thiscall, 2 stack slot(s), result unused at every site (void?) [eax read at 0/1 sites]"
0x000CCF00,53,4,read,6,,6/6,0/6,void FUN_004ccf00(int param_1),"__thiscall, 1 stack slot(s), result unused at every site (void?) [eax read at 0/6 sites]"
0x000CCF50,53,4,read,6,,6/6,0/6,void FUN_004ccf50(int param_1),"__thiscall, 1 stack slot(s), result unused at every site (void?) [eax read at 0/6 sites]"
0x000CD120,49,0,read,6,,6/6,0/6,void FUN_004cd120(void),"__thiscall, 0 stack slots, result unused at every site (void?) [eax read at 0/6 sites]"
0x000CE170,184,0,read,5,,5/5,0/2,void FUN_004ce170(void),"__thiscall, 0 stack slots, result unused at every site (void?) [eax read at 0/2 sites]"
0x000CEDA0,37,4,read,1,,1/1,0/1,void FUN_004ceda0(undefined4 param_1),"__thiscall, 1 stack slot(s), result unused at every site (void?) [eax read at 0/1 sites]"
0x000CF4A0,86,0,read,5,,4/4,0/4,void FUN_004cf4a0(void),"__thiscall, 0 stack slots, result unused at every site (void?) [eax read at 0/4 sites]"
0x000CF510,86,0,read,5,,4/4,0/4,void FUN_004cf510(void),"__thiscall, 0 stack slots, result unused at every site (void?) [eax read at 0/4 sites]"
0x000CFFE0,45,4,read,2,,2/2,0/2,void FUN_004cffe0(int *param_1),"__thiscall, 1 stack slot(s), result unused at every site (void?) [eax read at 0/2 sites]"
0x000D0190,45,0,read,9,,8/8,0/4,void FUN_004d0190(void),"__thiscall, 0 stack slots, result unused at every site (void?) [eax read at 0/4 sites]"
0x000D0210,45,0,read,5,12:1,5/5,0/5,void FUN_004d0210(void),"__thiscall, 0 stack slots, result unused at every site (void?) [eax read at 0/5 sites]"
0x000D0310,124,0,read,2,,2/2,0/2,void FUN_004d0310(void),"__thiscall, 0 stack slots, result unused at every site (void?) [eax read at 0/2 sites]"
0x000D0430,124,0,read,2,,2/2,0/2,void FUN_004d0430(void),"__thiscall, 0 stack slots, result unused at every site (void?) [eax read at 0/2 sites]"
0x000D0EB0,45,0,call,1,,1/1,0/1,"int FUN_004d0eb0(int param_1,int param_2,int param_3)","__thiscall, 0 stack slots, result unused at every site (void?) [eax read at 0/1 sites]"
0x000D1C30,405,4,read,1,,1/1,1/1,undefined4 FUN_004d1c30(int *param_1),"__thiscall, 1 stack slot(s), returns a value [eax read at 1/1 sites]"
0x000D1E30,830,4,read,1,,1/1,0/0,void FUN_004d1e30(StringBase<char> *param_1),"__thiscall, 1 stack slot(s), no call site decoded"
0x000D2A60,209,8,read,1,,1/1,0/1,void FUN_004d2a60(int param_1),"__thiscall, 2 stack slot(s), result unused at every site (void?) [eax read at 0/1 sites]"
0x000D2F40,37,4,read,13,,13/13,12/12,bool FUN_004d2f40(uint param_1),"__thiscall, 1 stack slot(s), returns a value [eax read at 12/12 sites]"
0x000D3230,111,4,read,1,,1/1,0/0,void FUN_004d3230(undefined4 *param_1),"__thiscall, 1 stack slot(s), no call site decoded"
0x000D42A0,146,4,read,1,,1/1,0/1,void FUN_004d42a0(int *param_1),"__thiscall, 1 stack slot(s), result unused at every site (void?) [eax read at 0/1 sites]"
0x000D4660,100,8,read,4,,4/4,4/4,"int FUN_004d4660(undefined1 param_1,int *param_2)","__thiscall, 2 stack slot(s), returns a value [eax read at 4/4 sites]"
0x000D6030,162,4,read,1,,1/1,0/1,float10 FUN_004d6030(int param_1),"__thiscall, 1 stack slot(s), result unused at every site (void?) [eax read at 0/1 sites]"
0x000D6340,99,4,read,4,,4/4,4/4,undefined4 * FUN_004d6340(uint *param_1),"__thiscall, 1 stack slot(s), returns a value [eax read at 4/4 sites]"
0x000D63C0,178,4,read,3,,2/2,0/1,void FUN_004d63c0(int *param_1),"__thiscall, 1 stack slot(s), result unused at every site (void?) [eax read at 0/1 sites]"
0x000D66F0,95,0,read,8,,5/5,0/7,void FUN_004d66f0(void),"__thiscall, 0 stack slots, result unused at every site (void?) [eax read at 0/7 sites]"
0x000D6970,178,4,read,3,,2/2,0/3,void FUN_004d6970(int *param_1),"__thiscall, 1 stack slot(s), result unused at every site (void?) [eax read at 0/3 sites]"
0x000D6BE0,95,0,read,3,,2/2,0/2,void FUN_004d6be0(void),"__thiscall, 0 stack slots, result unused at every site (void?) [eax read at 0/2 sites]"
0x000D6CF0,476,4,read,8,,8/8,0/7,void FUN_004d6cf0(int *param_1),"__thiscall, 1 stack slot(s), result unused at every site (void?) [eax read at 0/7 sites]"
0x000D8250,126,0,read,3,,3/3,0/3,void FUN_004d8250(void),"__thiscall, 0 stack slots, result unused at every site (void?) [eax read at 0/3 sites]"
0x000D8450,106,4,read,5,,3/3,0/5,void FUN_004d8450(undefined4 param_1),"__thiscall, 1 stack slot(s), result unused at every site (void?) [eax read at 0/5 sites]"
0x000D8570,106,4,read,3,,1/1,0/3,void FUN_004d8570(undefined4 param_1),"__thiscall, 1 stack slot(s), result unused at every site (void?) [eax read at 0/3 sites]"
0x000D97B0,142,4,read,6,,6/6,6/6,int FUN_004d97b0(StringBase<char> *param_1),"__thiscall, 1 stack slot(s), returns a value [eax read at 6/6 sites]"
0x000DA060,395,8,write,2,,2/2,0/2,"void FUN_004da060(int *param_1,int param_2)","__thiscall, 2 stack slot(s), result unused at every site (void?) [eax read at 0/2 sites]"
0x000DA250,395,8,write,1,72:1,1/1,0/1,"void FUN_004da250(int *param_1,int param_2)","__thiscall, 2 stack slot(s), result unused at every site (void?) [eax read at 0/1 sites]"
0x000DA610,2056,4,read,4,,4/4,0/3,void FUN_004da610(int param_1),"__thiscall, 1 stack slot(s), result unused at every site (void?) [eax read at 0/3 sites]"
0x000DDFB0,61,0,write,3,24:1,0/1,1/3,"StringBase<char> * FUN_004ddfb0(StringBase<char> *param_1,int param_2,StringBase<char> *param_3)","__cdecl, stack slots unknown (cleanup after only 1/3 sites: 0 and deferred, or deferred elsewhere), returns a value [eax read at 1/3 sites]"
0x000DE040,31,0,write,5,8:3,1/5,0/5,"void FUN_004de040(undefined4 *param_1,undefined4 *param_2)","__cdecl, 2 stack slot(s), result unused at every site (void?) [eax read at 0/5 sites]"
0x000DE3F0,81,4,read,3,16:1,3/3,0/2,void FUN_004de3f0(StringBase<char> *param_1),"__thiscall, 1 stack slot(s), result unused at every site (void?) [eax read at 0/2 sites]"
0x000DE9E0,127,4,read,1,,1/1,0/1,void FUN_004de9e0(uint param_1),"__thiscall, 1 stack slot(s), result unused at every site (void?) [eax read at 0/1 sites]"
0x000DFB20,76,0,read,14,,12/12,0/13,void FUN_004dfb20(void),"__thiscall, 0 stack slots, result unused at every site (void?) [eax read at 0/13 sites]"
0x000E0640,897,8,read,1,,1/1,1/1,int FUN_004e0640(void),"__thiscall, 2 stack slot(s), returns a value [eax read at 1/1 sites]"
0x000E15A0,208,8,read,1,,1/1,1/1,"undefined4 FUN_004e15a0(int param_1,uint *param_2)","__thiscall, 2 stack slot(s), returns a value [eax read at 1/1 sites]"
0x000E4BE0,1037,8,read,1,,1/1,1/1,"StringBase<unsigned_short> * FUN_004e4be0(StringBase<unsigned_short> *param_1,int param_2)","__thiscall, 2 stack slot(s), returns a value [eax read at 1/1 sites]"
0x000E5D10,49,0,read,1,,1/1,0/1,void FUN_004e5d10(void),"__thiscall, 0 stack slots, result unused at every site (void?) [eax read at 0/1 sites]"
0x000E66B0,45,4,read,2,,2/2,0/2,void FUN_004e66b0(int *param_1),"__thiscall, 1 stack slot(s), result unused at every site (void?) [eax read at 0/2 sites]"
0x000E9C30,54,0,read,1,,1/1,0/1,void FUN_004e9c30(void),"__thiscall, 0 stack slots, result unused at every site (void?) [eax read at 0/1 sites]"
0x000EA510,115,4,read,9,,9/9,9/9,uint * FUN_004ea510(uint *param_1),"__thiscall, 1 stack slot(s), returns a value [eax read at 9/9 sites]"
0x000EDCD0,186,4,read,30,,29/29,0/26,void FUN_004edcd0(float *param_1),"__thiscall, 1 stack slot(s), result unused at every site (void?) [eax read at 0/26 sites]"
0x000EDEC0,4,0,read,6,,6/6,6/6,undefined4 FUN_004edec0(void),"__thiscall, 0 stack slots, returns a value [eax read at 6/6 sites]"
0x000EDED0,13,4,none,2,,2/2,2/2,undefined4 FUN_004eded0(int param_1),"__thiscall, 1 stack slot(s), returns a value [eax read at 2/2 sites]"
0x000EE330,53,4,read,7,,7/7,0/7,void FUN_004ee330(int param_1),"__thiscall, 1 stack slot(s), result unused at every site (void?) [eax read at 0/7 sites]"
0x000EE7F0,279,4,read,1,,1/1,0/0,void FUN_004ee7f0(undefined4 param_1),"__thiscall, 1 stack slot(s), no call site decoded"
0x000F1430,412,,read,1,,1/1,0/1,void FUN_004f1430(void),"?, no ret decoded (tail call or wrong extent), result unused at every site (void?) [eax read at 0/1 sites]"
0x000F1C80,95,0,read,3,,2/2,0/1,void FUN_004f1c80(void),"__thiscall, 0 stack slots, result unused at every site (void?) [eax read at 0/1 sites]"
0x000F2A00,674,12,read,4,,3/3,4/4,"int FUN_004f2a00(int param_1,undefined4 param_2,float param_3)","__thiscall, 3 stack slot(s), returns a value [eax read at 4/4 sites]"
0x000F4E20,214,0,read,1,,1/1,1/1,undefined4 FUN_004f4e20(void),"__thiscall, 0 stack slots, returns a value [eax read at 1/1 sites]"
0x000F6AC0,106,4,read,3,,1/1,0/2,void FUN_004f6ac0(undefined4 param_1),"__thiscall, 1 stack slot(s), result unused at every site (void?) [eax read at 0/2 sites]"
0x000F7790,631,8,read,3,,3/3,2/3,"void FUN_004f7790(undefined4 *param_1,undefined4 param_2)","__thiscall, 2 stack slot(s), returns a value [eax read at 2/3 sites]"
0x000F8740,36,8,write,3,,2/2,0/3,"void FUN_004f8740(int *param_1,int *param_2)","__thiscall, 2 stack slot(s), result unused at every site (void?) [eax read at 0/3 sites]"
0x000F9450,68,4,read,2,,2/2,2/2,int FUN_004f9450(uint param_1),"__thiscall, 1 stack slot(s), returns a value [eax read at 2/2 sites]"
0x000F9780,125,4,read,2,,2/2,0/2,float10 FUN_004f9780(undefined4 param_1),"__thiscall, 1 stack slot(s), result unused at every site (void?) [eax read at 0/2 sites]"
0x000FA800,36,4,read,1,,1/1,1/1,void FUN_004fa800(undefined4 param_1),"__thiscall, 1 stack slot(s), returns a value [eax read at 1/1 sites]"
0x000FA8B0,188,8,read,3,,3/3,3/3,"int FUN_004fa8b0(int param_1,int param_2)","__thiscall, 2 stack slot(s), returns a value [eax read at 3/3 sites]"
0x000FAB10,921,8,read,1,,1/1,1/1,"int * FUN_004fab10(StringBase<char> *param_1,int param_2)","__thiscall, 2 stack slot(s), returns a value [eax read at 1/1 sites]"
0x000FC780,612,24,write,2,,2/2,0/0,"void FUN_004fc780(float param_1,float param_2,float *param_3,float param_4,code *param_5,","__thiscall, 6 stack slot(s), no call site decoded"
0x000FD720,32,4,read,14,4:1,13/13,0/14,void FUN_004fd720(void),"__thiscall, 1 stack slot(s), result unused at every site (void?) [eax read at 0/14 sites]"
0x000FDE20,45,4,read,14,,14/14,0/14,void FUN_004fde20(int *param_1),"__thiscall, 1 stack slot(s), result unused at every site (void?) [eax read at 0/14 sites]"
0x001012B0,1109,16,write,2,,2/2,0/2,"bool FUN_005012b0(int param_1,float *param_2,undefined4 param_3)","__thiscall, 4 stack slot(s), result unused at every site (void?) [eax read at 0/2 sites]"
0x001020D0,198,0,call,1,,0/0,1/1,undefined4 FUN_005020d0(void),"__cdecl (or a __thiscall that never reads `this`), stack slots unknown (no caller cleanup after 1 site(s): 0, or deferred); ghidra reads 0, returns a value [eax read at 1/1 sites]"
0x00102240,36,0,none,2,,0/1,2/2,undefined1 FUN_00502240(void),"__cdecl, stack slots unknown (no caller cleanup after 2 site(s): 0, or deferred); ghidra reads 0, returns a value [eax read at 2/2 sites]"
0x001026D0,4,0,read,2,,2/2,2/2,undefined1 FUN_005026d0(void),"__thiscall, 0 stack slots, returns a value [eax read at 2/2 sites]"
0x001043B0,572,4,read,3,,3/3,0/2,void FUN_005043b0(int *param_1),"__thiscall, 1 stack slot(s), result unused at every site (void?) [eax read at 0/2 sites]"
0x00107550,26,0,read,1,,1/1,0/0,void FUN_00507550(void),"__thiscall, 0 stack slots, no call site decoded"
0x0010DAE0,76,0,read,10,,9/9,0/9,void FUN_0050dae0(void),"__thiscall, 0 stack slots, result unused at every site (void?) [eax read at 0/9 sites]"
0x0010EA60,122,8,read,1,,1/1,0/1,"void FUN_0050ea60(undefined4 param_1,uint param_2)","__thiscall, 2 stack slot(s), result unused at every site (void?) [eax read at 0/1 sites]"
0x0010FE90,204,8,read,1,,1/1,0/1,"void FUN_0050fe90(int *param_1,int param_2)","__thiscall, 2 stack slot(s), result unused at every site (void?) [eax read at 0/1 sites]"
0x001107B0,463,60,read,3,,3/3,3/3,undefined4 FUN_005107b0(void),"__thiscall, 15 stack slot(s), returns a value [eax read at 3/3 sites]"
0x00112A50,330,0,none,2,4:1,0/2,0/2,void FUN_00512a50(void),"__cdecl, 1 stack slot(s), result unused at every site (void?) [eax read at 0/2 sites]"
0x00112BF0,343,0,none,2,4:1,0/2,0/2,void FUN_00512bf0(int param_1),"__cdecl, 1 stack slot(s), result unused at every site (void?) [eax read at 0/2 sites]"
0x00112F30,151,0,read,3,,3/3,0/3,void FUN_00512f30(void),"__thiscall, 0 stack slots, result unused at every site (void?) [eax read at 0/3 sites]"
0x00113C60,131,8,read,133,,130/130,46/100,"void FUN_00513c60(int *param_1,int param_2)","__thiscall, 2 stack slot(s), returns a value [eax read at 46/100 sites]"
0x00113E60,7,0,read,10,16:8 20:1,9/9,0/9,void FUN_00513e60(void),"__thiscall, 0 stack slots, result unused at every site (void?) [eax read at 0/9 sites]"
0x00125010,53,4,read,6,,6/6,0/6,void FUN_00525010(int param_1),"__thiscall, 1 stack slot(s), result unused at every site (void?) [eax read at 0/6 sites]"
0x001272E0,124,0,read,1,,1/1,0/1,void FUN_005272e0(void),"__thiscall, 0 stack slots, result unused at every site (void?) [eax read at 0/1 sites]"
0x001320E0,7,0,read,3,24:2,2/2,0/2,void FUN_005320e0(void),"__thiscall, 0 stack slots, result unused at every site (void?) [eax read at 0/2 sites]"
0x00134AA0,53,4,read,9,,9/9,0/9,void FUN_00534aa0(int param_1),"__thiscall, 1 stack slot(s), result unused at every site (void?) [eax read at 0/9 sites]"
0x00135DF0,178,4,read,9,,7/7,0/9,void FUN_00535df0(int *param_1),"__thiscall, 1 stack slot(s), result unused at every site (void?) [eax read at 0/9 sites]"
0x00136250,64,0,read,1,,1/1,0/1,void FUN_00536250(void),"__thiscall, 0 stack slots, result unused at every site (void?) [eax read at 0/1 sites]"
0x00139FD0,1,0,none,30,8:30,0/30,0/30,void FUN_00539fd0(void),"__cdecl, 2 stack slot(s), result unused at every site (void?) [eax read at 0/30 sites]"
0x0013A700,66,0,write,7,8:6,0/2,0/2,"void FUN_0053a700(int param_1,undefined4 param_2)","__cdecl, 2 stack slot(s), result unused at every site (void?) [eax read at 0/2 sites]"
0x0013B990,321,20,write,1,,1/1,1/1,undefined4,"__thiscall, 5 stack slot(s), returns a value [eax read at 1/1 sites]"
0x0013BE40,152,8,write,1,,1/1,0/0,undefined4 FUN_0053be40(void),"__thiscall, 2 stack slot(s), no call site decoded"
0x0013E390,131,8,read,19,4:1,18/18,14/19,"void FUN_0053e390(int param_1,int param_2)","__thiscall, 2 stack slot(s), returns a value [eax read at 14/19 sites]"
0x0013EA50,105,0,write,10,20:7 24:1,0/10,4/10,"StringBase<char> * FUN_0053ea50(StringBase<char> *param_1,int param_2,StringBase<char> *param_3)","__cdecl, 5 stack slot(s), returns a value [eax read at 4/10 sites]"
0x0013F870,40,0,write,1,12:1,0/1,1/1,StringBase<char> *,"__cdecl, 3 stack slot(s), returns a value [eax read at 1/1 sites]"
0x00140950,124,0,read,40,44:2 56:1 72:1 260:1,40/40,0/33,void FUN_00540950(void),"__thiscall, 0 stack slots, result unused at every site (void?) [eax read at 0/33 sites]"
0x00140B50,265,20,read,6,,3/3,0/4,"void FUN_00540b50(void *param_1,undefined4 *param_2,undefined4 param_3,undefined4 *param_4,","__thiscall, 5 stack slot(s), result unused at every site (void?) [eax read at 0/4 sites]"
0x00144DC0,177,8,read,24,,24/24,0/19,"void FUN_00544dc0(int param_1,char *param_2)","__thiscall, 2 stack slot(s), result unused at every site (void?) [eax read at 0/19 sites]"
0x00147600,1718,0,read,2,,2/2,2/2,void FUN_00547600(void),"__thiscall, 0 stack slots, returns a value [eax read at 2/2 sites]"
0x00148C70,737,16,write,2,,2/2,1/2,"undefined1 FUN_00548c70(int param_1,undefined4 *param_2,float *param_3,float *param_4)","__thiscall, 4 stack slot(s), returns a value [eax read at 1/2 sites]"
0x00149130,657,12,read,5,,5/5,5/5,"undefined4 FUN_00549130(int param_1,float *param_2,undefined4 *param_3)","__thiscall, 3 stack slot(s), returns a value [eax read at 5/5 sites]"
0x0014D120,1951,20,write,11,,10/10,10/11,"float FUN_0054d120(int param_1,float param_2,uint param_3,int param_4,int param_5)","__thiscall, 5 stack slot(s), returns a value [eax read at 10/11 sites]"
0x001500C0,4,0,read,1,,1/1,1/1,undefined4 FUN_005500c0(void),"__thiscall, 0 stack slots, returns a value [eax read at 1/1 sites]"
0x00150100,160,0,none,5,12:4,0/5,0/5,"void FUN_00550100(float *param_1,float *param_2,float *param_3)","__cdecl, 3 stack slot(s), result unused at every site (void?) [eax read at 0/5 sites]"
0x001501F0,3,4,none,1,,1/1,0/1,void FUN_005501f0(void),"__thiscall, 1 stack slot(s), result unused at every site (void?) [eax read at 0/1 sites]"
0x00150C90,187,20,read,4,,4/4,0/4,"void FUN_00550c90(undefined4 param_1,undefined4 param_2,undefined4 param_3,undefined4 param_4,","__thiscall, 5 stack slot(s), result unused at every site (void?) [eax read at 0/4 sites]"
0x001523D0,282,20,read,15,,9/9,0/12,"void FUN_005523d0(undefined4 *param_1,undefined4 *param_2,undefined4 param_3,uint param_4,","__thiscall, 5 stack slot(s), result unused at every site (void?) [eax read at 0/12 sites]"
0x00152780,50,4,read,5,,5/5,0/5,void FUN_00552780(undefined4 *param_1),"__thiscall, 1 stack slot(s), result unused at every site (void?) [eax read at 0/5 sites]"
0x00155490,509,,read,1,,1/1,0/1,void FUN_00555490(undefined4 param_1),"?, no ret decoded (tail call or wrong extent), result unused at every site (void?) [eax read at 0/1 sites]"
0x00155DA0,576,16,read,7,4:1,5/5,0/7,"void FUN_00555da0(char param_1,int *param_2,undefined4 param_3,undefined4 param_4)","__thiscall, 4 stack slot(s), result unused at every site (void?) [eax read at 0/7 sites]"
0x00159AD0,1101,8,read,15,16:2 32:2 44:1 56:1 60:1 80:1 192:1,15/15,0/15,"void FUN_00559ad0(int *param_1,int param_2)","__thiscall, 2 stack slot(s), result unused at every site (void?) [eax read at 0/15 sites]"
0x0015A2D0,150,0,read,2,,2/2,0/0,void FUN_0055a2d0(void),"__thiscall, 0 stack slots, no call site decoded"
0x0015A600,308,8,read,1,,1/1,0/1,"void FUN_0055a600(float *param_1,undefined4 param_2)","__thiscall, 2 stack slot(s), result unused at every site (void?) [eax read at 0/1 sites]"
0x0015A960,278,8,read,1,,1/1,0/1,"void FUN_0055a960(float *param_1,undefined4 param_2)","__thiscall, 2 stack slot(s), result unused at every site (void?) [eax read at 0/1 sites]"
0x0015AB50,2416,8,call,3,,3/3,0/3,void FUN_0055ab50(void),"__thiscall, 2 stack slot(s), result unused at every site (void?) [eax read at 0/3 sites]"
0x0015D530,2514,0,read,5,,4/4,5/5,undefined1 FUN_0055d530(void),"__thiscall, 0 stack slots, returns a value [eax read at 5/5 sites]"
0x001604E0,4,0,read,9,,9/9,9/9,undefined4 FUN_005604e0(void),"__thiscall, 0 stack slots, returns a value [eax read at 9/9 sites]"
0x00163C70,537,0,write,6,8:6,0/4,0/2,"void FUN_00563c70(float *param_1,undefined4 param_2)","__cdecl, 2 stack slot(s), result unused at every site (void?) [eax read at 0/2 sites]"
0x00165D50,2330,,read,1,,0/0,0/0,void FUN_00565d50(void),"?, no ret decoded (tail call or wrong extent), no call site decoded"
0x0016A190,17,0,read,2,,1/1,2/2,undefined4 FUN_0056a190(void),"__thiscall, 0 stack slots, returns a value [eax read at 2/2 sites]"
0x0016F150,352,12,none,2,,1/1,0/2,"undefined4 FUN_0056f150(float *param_1,int param_2)","__thiscall, 3 stack slot(s), result unused at every site (void?) [eax read at 0/2 sites]"
0x0016F4F0,243,12,read,1,,1/1,0/1,"void FUN_0056f4f0(int param_1,int param_2)","__thiscall, 3 stack slot(s), result unused at every site (void?) [eax read at 0/1 sites]"
0x0016F7C0,426,0,none,1,,1/1,1/1,undefined1 FUN_0056f7c0(void),"__thiscall, 0 stack slots, returns a value [eax read at 1/1 sites]"
0x0016FD30,223,0,read,1,,1/1,1/1,uint FUN_0056fd30(void),"__thiscall, 0 stack slots, returns a value [eax read at 1/1 sites]"
0x001752A0,943,0,write,2,12:2,1/2,2/2,"undefined2 FUN_005752a0(float *param_1,int param_2,int param_3)","__cdecl, 3 stack slot(s), returns a value [eax read at 2/2 sites]"
0x0017A600,586,4,read,8,,8/8,0/8,void FUN_0057a600(void),"__thiscall, 1 stack slot(s), result unused at every site (void?) [eax read at 0/8 sites]"
0x0017BA90,897,4,read,2,32:1,1/1,0/2,undefined4 FUN_0057ba90(char param_1),"__thiscall, 1 stack slot(s), result unused at every site (void?) [eax read at 0/2 sites]"
0x0017D2F0,949,0,read,2,,2/2,2/2,int FUN_0057d2f0(void),"__thiscall, 0 stack slots, returns a value [eax read at 2/2 sites]"
0x0017F570,103,16,read,4,,4/4,2/4,"void FUN_0057f570(undefined4 param_1,undefined1 param_2,undefined1 param_3,undefined1 param_4)","__thiscall, 4 stack slot(s), returns a value [eax read at 2/4 sites]"
0x00187860,805,4,read,3,,3/3,0/3,void FUN_00587860(int *param_1),"__thiscall, 1 stack slot(s), result unused at every site (void?) [eax read at 0/3 sites]"
0x0018B910,50,4,read,2,,2/2,0/2,void FUN_0058b910(undefined4 *param_1),"__thiscall, 1 stack slot(s), result unused at every site (void?) [eax read at 0/2 sites]"
0x0018F0B0,14,0,read,4,,4/4,4/4,int FUN_0058f0b0(void),"__thiscall, 0 stack slots, returns a value [eax read at 4/4 sites]"
0x00190700,1438,8,read,1,,0/0,1/1,"undefined4 FUN_00590700(undefined4 param_1,int param_2)","__thiscall, 2 stack slot(s), returns a value [eax read at 1/1 sites]"
0x00192C40,76,0,read,2,,2/2,0/2,void FUN_00592c40(void),"__thiscall, 0 stack slots, result unused at every site (void?) [eax read at 0/2 sites]"
0x00192CA0,76,0,read,5,,4/4,0/2,void FUN_00592ca0(void),"__thiscall, 0 stack slots, result unused at every site (void?) [eax read at 0/2 sites]"
0x001935D0,31,0,write,4,8:1,3/4,0/4,"void FUN_005935d0(undefined4 *param_1,undefined4 *param_2)","__thiscall, 0 stack slots, result unused at every site (void?) [eax read at 0/4 sites]"
0x00193600,31,0,write,3,8:1,1/3,0/3,,"__cdecl, stack slots unknown (cleanup after only 1/3 sites: 0 and deferred, or deferred elsewhere), result unused at every site (void?) [eax read at 0/3 sites]"
0x00193630,31,0,write,5,,1/2,0/5,"void FUN_00593630(undefined4 *param_1,undefined4 *param_2)","__cdecl, stack slots unknown (no caller cleanup after 5 site(s): 0, or deferred); ghidra reads 2, result unused at every site (void?) [eax read at 0/5 sites]"
0x00194F60,40,0,write,4,12:4,0/4,4/4,"int FUN_00594f60(int param_1,undefined4 param_2,undefined4 *param_3)","__cdecl, 3 stack slot(s), returns a value [eax read at 4/4 sites]"
0x00194FD0,40,0,write,1,12:1,0/1,0/0,StringBase<char> *,"__cdecl, 3 stack slot(s), no call site decoded"
0x00195180,79,0,write,8,8:6,1/5,0/3,"void FUN_00595180(StringBase<char> *param_1,StringBase<char> *param_2)","__cdecl, 2 stack slot(s), result unused at every site (void?) [eax read at 0/3 sites]"
0x00197AE0,124,0,read,11,32:1 48:1 136:1,9/9,0/11,void FUN_00597ae0(void),"__thiscall, 0 stack slots, result unused at every site (void?) [eax read at 0/11 sites]"
0x00197BC0,124,0,read,6,16:1,6/6,0/6,void FUN_00597bc0(void),"__thiscall, 0 stack slots, result unused at every site (void?) [eax read at 0/6 sites]"
0x0019B850,396,4,read,4,,4/4,0/4,void FUN_0059b850(int param_1),"__thiscall, 1 stack slot(s), result unused at every site (void?) [eax read at 0/4 sites]"
0x0019C920,1810,0,read,3,,2/2,0/3,undefined4 FUN_0059c920(void),"__thiscall, 0 stack slots, result unused at every site (void?) [eax read at 0/3 sites]"
0x0019D200,178,12,read,2,,2/2,0/2,"void FUN_0059d200(int param_1,undefined4 param_2,int param_3)","__thiscall, 3 stack slot(s), result unused at every site (void?) [eax read at 0/2 sites]"
0x0019DE10,339,8,read,1,,1/1,0/0,"void FUN_0059de10(int param_1,undefined4 param_2)","__thiscall, 2 stack slot(s), no call site decoded"
0x0019E880,336,8,read,1,,1/1,0/0,"void FUN_0059e880(int param_1,undefined4 param_2)","__thiscall, 2 stack slot(s), no call site decoded"
0x0019EA80,365,0,read,3,,3/3,1/3,void FUN_0059ea80(void),"__thiscall, 0 stack slots, returns a value [eax read at 1/3 sites]"
0x0019EC80,1096,4,read,1,,1/1,1/1,int FUN_0059ec80(StringBase<char> *param_1),"__thiscall, 1 stack slot(s), returns a value [eax read at 1/1 sites]"
0x0019F890,900,24,read,4,,4/4,0/4,"void FUN_0059f890(int param_1,undefined4 param_2,undefined4 *param_3,int *param_4,","__thiscall, 6 stack slot(s), result unused at every site (void?) [eax read at 0/4 sites]"
0x0019FF20,693,0,read,1,,1/1,0/0,void FUN_0059ff20(void),"__thiscall, 0 stack slots, no call site decoded"
0x001A12D0,312,4,read,6,,6/6,6/6,undefined4 FUN_005a12d0(float *param_1),"__thiscall, 1 stack slot(s), returns a value [eax read at 6/6 sites]"
0x001A1460,1071,12,read,2,,2/2,0/2,"void FUN_005a1460(int param_1,float param_2,float *param_3)","__thiscall, 3 stack slot(s), result unused at every site (void?) [eax read at 0/2 sites]"
0x001A3D30,721,8,read,1,,1/1,1/1,"uint FUN_005a3d30(float *param_1,float *param_2)","__thiscall, 2 stack slot(s), returns a value [eax read at 1/1 sites]"
0x001A4630,777,20,read,3,,2/2,0/2,"void FUN_005a4630(float param_1,undefined4 param_2,char param_3,int param_4)","__thiscall, 5 stack slot(s), result unused at every site (void?) [eax read at 0/2 sites]"
0x001A4DD0,829,,read,1,,1/1,0/1,"void FUN_005a4dd0(float param_1,float param_2,char param_3,int param_4)","?, no ret decoded (tail call or wrong extent), result unused at every site (void?) [eax read at 0/1 sites]"
0x001A5CB0,148,0,read,10,,9/9,0/9,float10 FUN_005a5cb0(void),"__thiscall, 0 stack slots, result unused at every site (void?) [eax read at 0/9 sites]"
0x001A6370,126,4,read,1,,1/1,0/0,undefined4 FUN_005a6370(int param_1),"__thiscall, 1 stack slot(s), no call site decoded"
0x001A6A10,286,0,read,2,4:2,2/2,0/2,float * FUN_005a6a10(float *param_1),"__thiscall, 0 stack slots, result unused at every site (void?) [eax read at 0/2 sites]"
0x001A6D20,53,4,read,9,,9/9,0/9,void FUN_005a6d20(int param_1),"__thiscall, 1 stack slot(s), result unused at every site (void?) [eax read at 0/9 sites]"
0x001A7520,664,8,read,9,48:2,9/9,0/8,"float10 FUN_005a7520(float *param_1,undefined4 *param_2)","__thiscall, 2 stack slot(s), result unused at every site (void?) [eax read at 0/8 sites]"
0x001AA5B0,367,4,call,4,,4/4,4/4,undefined4 FUN_005aa5b0(undefined4 param_1),"__thiscall, 1 stack slot(s), returns a value [eax read at 4/4 sites]"
0x001AB600,550,36,read,4,,4/4,1/4,"void FUN_005ab600(undefined4 param_1,undefined4 param_2,undefined4 *param_3)","__thiscall, 9 stack slot(s), returns a value [eax read at 1/4 sites]"
0x001AC3D0,317,8,read,4,,4/4,0/4,"void FUN_005ac3d0(undefined4 *param_1,undefined4 **param_2)","__thiscall, 2 stack slot(s), result unused at every site (void?) [eax read at 0/4 sites]"
0x001ACCC0,267,8,read,1,,1/1,0/1,"void FUN_005accc0(int param_1,undefined4 param_2)","__thiscall, 2 stack slot(s), result unused at every site (void?) [eax read at 0/1 sites]"
0x001AD080,594,16,read,6,,6/6,0/6,"void FUN_005ad080(undefined4 *param_1,undefined4 *param_2,undefined4 param_3,undefined4 param_4)","__thiscall, 4 stack slot(s), result unused at every site (void?) [eax read at 0/6 sites]"
0x001AEA80,1102,0,call,2,20:2,0/2,2/2,"undefined4 FUN_005aea80(float *param_1,float param_2,float param_3,uint *param_4)","__cdecl, 5 stack slot(s), returns a value [eax read at 2/2 sites]"
0x001AEFF0,1099,24,read,1,,1/1,0/1,"void FUN_005aeff0(float *param_1,undefined4 param_2,int param_3,undefined4 param_4,char param_5,","__thiscall, 6 stack slot(s), result unused at every site (void?) [eax read at 0/1 sites]"
0x001AF610,1139,0,write,15,12:13,0/15,12/15,"undefined4 FUN_005af610(float *param_1,int param_2,float *param_3)","__cdecl, 3 stack slot(s), returns a value [eax read at 12/15 sites]"
0x001B0200,232,12,read,3,,3/3,0/3,"float10 FUN_005b0200(int param_1,int param_2)","__thiscall, 3 stack slot(s), result unused at every site (void?) [eax read at 0/3 sites]"
0x001B0E90,337,8,write,3,,3/3,3/3,"undefined4 FUN_005b0e90(int param_1,int *param_2)","__thiscall, 2 stack slot(s), returns a value [eax read at 3/3 sites]"
0x001B2030,5,4,none,2,,2/2,2/2,undefined1 FUN_005b2030(void),"__thiscall, 1 stack slot(s), returns a value [eax read at 2/2 sites]"
0x001B2070,7,0,read,3,,3/3,3/3,undefined4 FUN_005b2070(void),"__thiscall, 0 stack slots, returns a value [eax read at 3/3 sites]"
0x001B26D0,137,8,read,5,,5/5,0/4,"void FUN_005b26d0(undefined4 param_1,char param_2)","__thiscall, 2 stack slot(s), result unused at every site (void?) [eax read at 0/4 sites]"
0x001B28C0,260,20,read,13,,10/13,0/12,"void FUN_005b28c0(float param_1,char param_2,char param_3,undefined4 param_4)","__thiscall, 5 stack slot(s), result unused at every site (void?) [eax read at 0/12 sites]"
0x001B3510,805,16,read,3,,3/3,0/1,"void FUN_005b3510(int param_1,int param_2,Coord3D *param_3,char param_4)","__thiscall, 4 stack slot(s), result unused at every site (void?) [eax read at 0/1 sites]"
0x001B3B70,185,4,read,1,,0/0,0/1,void FUN_005b3b70(int *param_1),"__thiscall, 1 stack slot(s), result unused at every site (void?) [eax read at 0/1 sites]"
0x001B4A50,224,4,read,3,,3/3,0/3,void FUN_005b4a50(float param_1),"__thiscall, 1 stack slot(s), result unused at every site (void?) [eax read at 0/3 sites]"
0x001B5B40,144,8,read,1,,1/1,1/1,"uint FUN_005b5b40(int param_1,float *param_2)","__thiscall, 2 stack slot(s), returns a value [eax read at 1/1 sites]"
0x001B74D0,387,8,read,1,,1/1,0/1,void FUN_005b74d0(int *param_1),"__thiscall, 2 stack slot(s), result unused at every site (void?) [eax read at 0/1 sites]"
0x001B77D0,45,0,read,1,88:1,1/1,0/1,void FUN_005b77d0(void),"__thiscall, 0 stack slots, result unused at every site (void?) [eax read at 0/1 sites]"
0x001B7810,265,20,read,3,,1/1,0/3,"void FUN_005b7810(void *param_1,undefined4 *param_2,undefined4 param_3,undefined4 *param_4,","__thiscall, 5 stack slot(s), result unused at every site (void?) [eax read at 0/3 sites]"
0x001B80D0,650,4,read,1,,1/1,0/1,void FUN_005b80d0(float param_1),"__thiscall, 1 stack slot(s), result unused at every site (void?) [eax read at 0/1 sites]"
0x001B8400,1878,16,read,2,,2/2,0/2,"void FUN_005b8400(int param_1,float *param_2,float param_3,float *param_4)","__thiscall, 4 stack slot(s), result unused at every site (void?) [eax read at 0/2 sites]"
0x001B8D30,1676,16,read,7,16:1 24:1 44:1 88:1,7/7,0/7,"void FUN_005b8d30(float param_1,float *param_2,float param_3,float param_4)","__thiscall, 4 stack slot(s), result unused at every site (void?) [eax read at 0/7 sites]"
0x001B95B0,603,12,read,1,,1/1,0/0,"float10 FUN_005b95b0(float param_1,float *param_2,float param_3)","__thiscall, 3 stack slot(s), no call site decoded"
0x001BA1C0,1615,8,read,3,16:1,3/3,1/3,"uint FUN_005ba1c0(int param_1,int param_2)","__thiscall, 2 stack slot(s), returns a value [eax read at 1/3 sites]"
0x001BAE30,115,4,read,1,,1/1,1/1,int * FUN_005bae30(int *param_1),"__thiscall, 1 stack slot(s), returns a value [eax read at 1/1 sites]"
0x001BBC50,1791,16,read,1,,1/1,1/1,"uint FUN_005bbc50(int param_1,float param_2,float *param_3,int param_4)","__thiscall, 4 stack slot(s), returns a value [eax read at 1/1 sites]"
0x001BCB10,577,4,read,1,,1/1,1/1,undefined1 FUN_005bcb10(int param_1),"__thiscall, 1 stack slot(s), returns a value [eax read at 1/1 sites]"
0x001BCE20,542,8,read,2,,2/2,0/2,"void FUN_005bce20(int param_1,float param_2)","__thiscall, 2 stack slot(s), result unused at every site (void?) [eax read at 0/2 sites]"
0x001BD790,24,4,read,1,,1/1,0/1,void FUN_005bd790(float param_1),"__thiscall, 1 stack slot(s), result unused at every site (void?) [eax read at 0/1 sites]"
0x001BE760,3,4,none,1,,1/1,0/1,void FUN_005be760(void),"__thiscall, 1 stack slot(s), result unused at every site (void?) [eax read at 0/1 sites]"
0x001C15F0,132,0,read,3,,3/3,0/3,void FUN_005c15f0(void),"__thiscall, 0 stack slots, result unused at every site (void?) [eax read at 0/3 sites]"
0x001C1820,1008,16,read,2,,1/1,1/2,undefined4,"__thiscall, 4 stack slot(s), returns a value [eax read at 1/2 sites]"
0x001C2380,727,12,read,1,,1/1,0/1,"float10 FUN_005c2380(float *param_1,int param_2,float *param_3)","__thiscall, 3 stack slot(s), result unused at every site (void?) [eax read at 0/1 sites]"
0x001C4CC0,460,4,read,1,,1/1,0/1,void FUN_005c4cc0(int *param_1),"__thiscall, 1 stack slot(s), result unused at every site (void?) [eax read at 0/1 sites]"
0x001C50B0,460,4,read,3,,3/3,0/3,void FUN_005c50b0(int *param_1),"__thiscall, 1 stack slot(s), result unused at every site (void?) [eax read at 0/3 sites]"
0x001C6230,58,0,read,3,,1/1,0/1,void FUN_005c6230(void),"__thiscall, 0 stack slots, result unused at every site (void?) [eax read at 0/1 sites]"
0x001C70C0,248,8,read,12,300:1,12/12,10/12,"int FUN_005c70c0(float param_1,char param_2)","__thiscall, 2 stack slot(s), returns a value [eax read at 10/12 sites]"
0x001C86B0,302,8,read,4,,4/4,0/2,"undefined4 * FUN_005c86b0(undefined4 *param_1,undefined4 *param_2)","__thiscall, 2 stack slot(s), result unused at every site (void?) [eax read at 0/2 sites]"
0x001C9310,80,0,read,2,,2/2,2/2,int FUN_005c9310(void),"__thiscall, 0 stack slots, returns a value [eax read at 2/2 sites]"
0x001C9490,426,8,read,14,4:1 132:1,14/14,0/13,"void FUN_005c9490(int param_1,int param_2)","__thiscall, 2 stack slot(s), result unused at every site (void?) [eax read at 0/13 sites]"
0x001CA2E0,367,0,read,14,,14/14,0/13,void FUN_005ca2e0(void),"__thiscall, 0 stack slots, result unused at every site (void?) [eax read at 0/13 sites]"
0x001CABE0,376,0,read,7,,6/6,5/6,int FUN_005cabe0(void),"__thiscall, 0 stack slots, returns a value [eax read at 5/6 sites]"
0x001CB020,119,4,read,50,,50/50,48/48,int FUN_005cb020(char param_1),"__thiscall, 1 stack slot(s), returns a value [eax read at 48/48 sites]"
0x001CB160,111,4,read,39,16:1,39/39,0/36,void FUN_005cb160(undefined4 *param_1),"__thiscall, 1 stack slot(s), result unused at every site (void?) [eax read at 0/36 sites]"
0x001CB270,496,4,read,13,,13/13,0/13,void FUN_005cb270(int *param_1),"__thiscall, 1 stack slot(s), result unused at every site (void?) [eax read at 0/13 sites]"
0x001CB4E0,464,4,read,4,,4/4,0/3,void FUN_005cb4e0(int *param_1),"__thiscall, 1 stack slot(s), result unused at every site (void?) [eax read at 0/3 sites]"
0x001CB730,473,4,read,1,,1/1,0/1,void FUN_005cb730(int *param_1),"__thiscall, 1 stack slot(s), result unused at every site (void?) [eax read at 0/1 sites]"
0x001CBDC0,924,4,read,6,,6/6,0/6,void FUN_005cbdc0(char param_1),"__thiscall, 1 stack slot(s), result unused at every site (void?) [eax read at 0/6 sites]"
0x001CC250,831,4,read,2,,2/2,0/2,void FUN_005cc250(int param_1),"__thiscall, 1 stack slot(s), result unused at every site (void?) [eax read at 0/2 sites]"
0x001CE3F0,250,0,read,2,,2/2,0/2,void FUN_005ce3f0(void),"__thiscall, 0 stack slots, result unused at every site (void?) [eax read at 0/2 sites]"
0x001D0610,1951,4,read,4,,4/4,0/4,void FUN_005d0610(uint param_1),"__thiscall, 1 stack slot(s), result unused at every site (void?) [eax read at 0/4 sites]"
0x001D1020,2501,12,read,7,,6/6,0/5,"void FUN_005d1020(void *param_1,int param_2,char param_3)","__thiscall, 3 stack slot(s), result unused at every site (void?) [eax read at 0/5 sites]"
0x001D2940,76,8,read,6,,4/4,0/5,"undefined4 FUN_005d2940(undefined4 param_1,undefined4 param_2)","__thiscall, 2 stack slot(s), result unused at every site (void?) [eax read at 0/5 sites]"
0x001D9540,67,4,read,4,,4/4,0/4,void FUN_005d9540(int *param_1),"__thiscall, 1 stack slot(s), result unused at every site (void?) [eax read at 0/4 sites]"
0x001D95B0,97,8,read,4,,4/4,0/4,"void FUN_005d95b0(int param_1,undefined4 param_2)","__thiscall, 2 stack slot(s), result unused at every site (void?) [eax read at 0/4 sites]"
0x001D9630,2725,32,read,2,,2/2,0/2,"void FUN_005d9630(float *param_1,StringBase<char> *param_2,float *param_3,int param_4,","__thiscall, 8 stack slot(s), result unused at every site (void?) [eax read at 0/2 sites]"
0x001DB0F0,16,0,read,1,,1/1,0/1,void FUN_005db0f0(void),"__thiscall, 0 stack slots, result unused at every site (void?) [eax read at 0/1 sites]"
0x001DB960,265,20,read,4,,1/1,0/2,"void FUN_005db960(void *param_1,undefined4 *param_2,undefined4 param_3,undefined4 *param_4,","__thiscall, 5 stack slot(s), result unused at every site (void?) [eax read at 0/2 sites]"
0x001DD8F0,264,4,read,2,,2/2,2/2,undefined4 FUN_005dd8f0(int param_1),"__thiscall, 1 stack slot(s), returns a value [eax read at 2/2 sites]"
0x001E1760,3,0,none,9,,9/9,9/9,undefined1 FUN_005e1760(void),"__thiscall, 0 stack slots, returns a value [eax read at 9/9 sites]"
0x001E1790,4,0,read,2,,1/1,2/2,undefined1 FUN_005e1790(void),"__thiscall, 0 stack slots, returns a value [eax read at 2/2 sites]"
0x001E2640,35,4,read,1,,0/0,0/1,StringBase<char> * FUN_005e2640(StringBase<char> *param_1),"__thiscall, 1 stack slot(s), result unused at every site (void?) [eax read at 0/1 sites]"
0x001E49E0,144,0,read,1,,0/0,0/1,void FUN_005e49e0(void),"__thiscall, 0 stack slots, result unused at every site (void?) [eax read at 0/1 sites]"
0x001E65C0,444,16,write,5,,5/5,4/5,"undefined4 * FUN_005e65c0(undefined4 *param_1,int param_2,int param_3,float param_4)","__thiscall, 4 stack slot(s), returns a value [eax read at 4/5 sites]"
0x001E6F10,275,12,read,2,,1/1,2/2,"int FUN_005e6f10(int param_1,undefined4 param_2,undefined4 param_3)","__thiscall, 3 stack slot(s), returns a value [eax read at 2/2 sites]"
0x001E9380,1519,44,read,2,,1/1,0/2,"void FUN_005e9380(int *param_1,undefined4 param_2,undefined4 param_3,undefined4 param_4,int param_5,","__thiscall, 11 stack slot(s), result unused at every site (void?) [eax read at 0/2 sites]"
0x001EBEB0,1065,20,read,2,16:1,2/2,0/2,"int FUN_005ebeb0(uint param_1,int param_2,int *param_3,int *param_4,undefined4 param_5)","__thiscall, 5 stack slot(s), result unused at every site (void?) [eax read at 0/2 sites]"
0x001EF410,1,0,none,3,,0/0,0/3,void FUN_005ef410(void),"__cdecl (or a __thiscall that never reads `this`), stack slots unknown (no caller cleanup after 3 site(s): 0, or deferred); ghidra reads 0, result unused at every site (void?) [eax read at 0/3 sites]"
0x001F8AB0,155,0,write,10,4:8,0/8,10/10,undefined4 FUN_005f8ab0(int param_1),"__cdecl, 1 stack slot(s), returns a value [eax read at 10/10 sites]"
0x001F8E20,273,4,read,1,,1/1,0/0,void FUN_005f8e20(undefined4 *param_1),"__thiscall, 1 stack slot(s), no call site decoded"
0x001F8F80,7,4,none,5,,5/5,5/5,undefined4 FUN_005f8f80(undefined4 param_1),"__thiscall, 1 stack slot(s), returns a value [eax read at 5/5 sites]"
0x001F9180,342,4,read,2,,2/2,2/2,undefined1 FUN_005f9180(undefined4 *param_1),"__thiscall, 1 stack slot(s), returns a value [eax read at 2/2 sites]"
0x001F9330,130,8,read,6,,5/5,0/6,"void FUN_005f9330(int param_1,undefined4 param_2)","__thiscall, 2 stack slot(s), result unused at every site (void?) [eax read at 0/6 sites]"
0x001F9520,76,4,read,3,16:1,3/3,0/3,void FUN_005f9520(int *param_1),"__thiscall, 1 stack slot(s), result unused at every site (void?) [eax read at 0/3 sites]"
0x001F96E0,979,0,read,3,,3/3,0/3,void FUN_005f96e0(void),"__thiscall, 0 stack slots, result unused at every site (void?) [eax read at 0/3 sites]"
0x001FC7E0,253,4,read,4,,4/4,0/4,void FUN_005fc7e0(int param_1),"__thiscall, 1 stack slot(s), result unused at every site (void?) [eax read at 0/4 sites]"
0x001FD1C0,722,0,read,7,,6/6,0/7,void FUN_005fd1c0(void),"__thiscall, 0 stack slots, result unused at every site (void?) [eax read at 0/7 sites]"
0x00205A20,126,8,read,1,,1/1,0/1,"float10 FUN_00605a20(float *param_1,int param_2)","__thiscall, 2 stack slot(s), result unused at every site (void?) [eax read at 0/1 sites]"
0x002065C0,265,20,read,4,,3/3,0/4,"void FUN_006065c0(void *param_1,undefined4 *param_2,undefined4 param_3,undefined4 *param_4,","__thiscall, 5 stack slot(s), result unused at every site (void?) [eax read at 0/4 sites]"
0x002086C0,265,20,read,2,,1/1,0/2,"void FUN_006086c0(void *param_1,undefined4 *param_2,undefined4 param_3,undefined4 *param_4,","__thiscall, 5 stack slot(s), result unused at every site (void?) [eax read at 0/2 sites]"
0x00209BB0,1151,4,read,1,,1/1,0/1,void FUN_00609bb0(void),"__thiscall, 1 stack slot(s), result unused at every site (void?) [eax read at 0/1 sites]"
0x0020AB20,49,0,read,1,,1/1,0/1,void FUN_0060ab20(void),"__thiscall, 0 stack slots, result unused at every site (void?) [eax read at 0/1 sites]"
0x0020ECA0,80,4,read,1,36:1,1/1,0/1,void FUN_0060eca0(int *param_1),"__thiscall, 1 stack slot(s), result unused at every site (void?) [eax read at 0/1 sites]"
0x0020F000,460,4,read,1,,1/1,0/1,void FUN_0060f000(int *param_1),"__thiscall, 1 stack slot(s), result unused at every site (void?) [eax read at 0/1 sites]"
0x0020F660,280,4,read,1,,0/0,0/1,void FUN_0060f660(int *param_1),"__thiscall, 1 stack slot(s), result unused at every site (void?) [eax read at 0/1 sites]"
0x002103A0,592,8,read,2,4:1,2/2,0/1,void FUN_006103a0(float param_1),"__thiscall, 2 stack slot(s), result unused at every site (void?) [eax read at 0/1 sites]"
0x00210BF0,1574,4,read,1,,1/1,0/1,void FUN_00610bf0(char param_1),"__thiscall, 1 stack slot(s), result unused at every site (void?) [eax read at 0/1 sites]"
0x002115C0,575,8,read,2,12:1 24:1,2/2,0/2,"void FUN_006115c0(float param_1,float *param_2)","__thiscall, 2 stack slot(s), result unused at every site (void?) [eax read at 0/2 sites]"
0x002147E0,394,8,read,2,4:2,2/2,0/2,"void FUN_006147e0(float param_1,int param_2)","__thiscall, 2 stack slot(s), result unused at every site (void?) [eax read at 0/2 sites]"
0x00215650,283,0,read,2,,2/2,0/2,void FUN_00615650(void),"__thiscall, 0 stack slots, result unused at every site (void?) [eax read at 0/2 sites]"
0x0021B960,141,0,read,1,,1/1,0/1,void FUN_0061b960(void),"__thiscall, 0 stack slots, result unused at every site (void?) [eax read at 0/1 sites]"
0x0021C9D0,91,4,read,2,12:1,2/2,0/1,int FUN_0061c9d0(undefined4 param_1),"__thiscall, 1 stack slot(s), result unused at every site (void?) [eax read at 0/1 sites]"
0x0021D070,213,8,read,2,,2/2,0/2,"void FUN_0061d070(int param_1,undefined4 *param_2)","__thiscall, 2 stack slot(s), result unused at every site (void?) [eax read at 0/2 sites]"
0x0021D820,312,8,read,2,16:1,2/2,0/2,"void FUN_0061d820(undefined4 param_1,undefined4 param_2)","__thiscall, 2 stack slot(s), result unused at every site (void?) [eax read at 0/2 sites]"
0x0021FDC0,732,8,read,2,12:1,2/2,0/2,void FUN_0061fdc0(int param_1),"__thiscall, 2 stack slot(s), result unused at every site (void?) [eax read at 0/2 sites]"
0x002221B0,53,4,read,7,,7/7,0/7,void FUN_006221b0(int param_1),"__thiscall, 1 stack slot(s), result unused at every site (void?) [eax read at 0/7 sites]"
0x00222200,53,4,read,5,,5/5,0/5,void FUN_00622200(int param_1),"__thiscall, 1 stack slot(s), result unused at every site (void?) [eax read at 0/5 sites]"
0x00223760,52,4,read,2,,2/2,0/2,void FUN_00623760(undefined4 param_1),"__thiscall, 1 stack slot(s), result unused at every site (void?) [eax read at 0/2 sites]"
0x002265F0,248,4,read,3,,3/3,0/3,void FUN_006265f0(int *param_1),"__thiscall, 1 stack slot(s), result unused at every site (void?) [eax read at 0/3 sites]"
0x00226FA0,115,4,read,30,,30/30,30/30,int * FUN_00626fa0(int *param_1),"__thiscall, 1 stack slot(s), returns a value [eax read at 30/30 sites]"
0x00227110,115,4,read,2,,2/2,2/2,int * FUN_00627110(int *param_1),"__thiscall, 1 stack slot(s), returns a value [eax read at 2/2 sites]"
0x002277A0,722,8,read,6,16:1,6/6,0/3,"void FUN_006277a0(undefined4 param_1,undefined4 param_2)","__thiscall, 2 stack slot(s), result unused at every site (void?) [eax read at 0/3 sites]"
0x00228050,271,4,read,1,,1/1,0/1,undefined4 FUN_00628050(void),"__thiscall, 1 stack slot(s), result unused at every site (void?) [eax read at 0/1 sites]"
0x00228310,199,4,read,3,,3/3,3/3,int FUN_00628310(int *param_1),"__thiscall, 1 stack slot(s), returns a value [eax read at 3/3 sites]"
0x00228410,115,4,read,3,,3/3,3/3,int * FUN_00628410(int *param_1),"__thiscall, 1 stack slot(s), returns a value [eax read at 3/3 sites]"
0x0022B6D0,56,4,read,3,,3/3,0/3,void FUN_0062b6d0(int *param_1),"__thiscall, 1 stack slot(s), result unused at every site (void?) [eax read at 0/3 sites]"
0x0022CDB0,5,,none,2,,1/1,0/2,void thunk_FUN_00625960(void),"?, no ret decoded (tail call or wrong extent), result unused at every site (void?) [eax read at 0/2 sites]"
0x0022E820,972,0,read,4,,1/1,1/3,void FUN_0062e820(void),"__thiscall, 0 stack slots, returns a value [eax read at 1/3 sites]"
0x002304B0,160,4,read,1,,1/1,0/1,void FUN_006304b0(uint param_1),"__thiscall, 1 stack slot(s), result unused at every site (void?) [eax read at 0/1 sites]"
0x002360C0,124,0,read,21,16:1 60:1 76:1 84:1,21/21,0/18,void FUN_006360c0(void),"__thiscall, 0 stack slots, result unused at every site (void?) [eax read at 0/18 sites]"
0x00238D10,1726,28,write,1,,1/1,0/0,"char FUN_00638d10(int param_1,float *param_2,undefined4 param_3,float *param_4,undefined4 param_5,","__thiscall, 7 stack slot(s), no call site decoded"
0x0023AAE0,54,0,read,1,,1/1,0/1,void FUN_0063aae0(void),"__thiscall, 0 stack slots, result unused at every site (void?) [eax read at 0/1 sites]"
0x0023B210,265,20,read,3,,2/2,0/2,"void FUN_0063b210(void *param_1,undefined4 *param_2,undefined4 param_3,undefined4 *param_4,","__thiscall, 5 stack slot(s), result unused at every site (void?) [eax read at 0/2 sites]"
0x0023B9F0,321,0,read,1,80:1,1/1,0/1,void FUN_0063b9f0(void),"__thiscall, 0 stack slots, result unused at every site (void?) [eax read at 0/1 sites]"
0x0023D9E0,50,4,read,2,24:2,2/2,0/2,void FUN_0063d9e0(undefined4 *param_1),"__thiscall, 1 stack slot(s), result unused at every site (void?) [eax read at 0/2 sites]"
0x0023DA20,50,4,read,1,36:1,1/1,0/1,void FUN_0063da20(undefined4 *param_1),"__thiscall, 1 stack slot(s), result unused at every site (void?) [eax read at 0/1 sites]"
0x0023DAA0,50,4,read,1,32:1,1/1,0/1,void FUN_0063daa0(undefined4 *param_1),"__thiscall, 1 stack slot(s), result unused at every site (void?) [eax read at 0/1 sites]"
0x0023DC00,91,4,read,5,,5/5,0/5,int FUN_0063dc00(undefined4 param_1),"__thiscall, 1 stack slot(s), result unused at every site (void?) [eax read at 0/5 sites]"
0x0023DD50,169,4,read,1,,1/1,0/1,void FUN_0063dd50(uint param_1),"__thiscall, 1 stack slot(s), result unused at every site (void?) [eax read at 0/1 sites]"
0x00242A30,273,12,read,1,,1/1,0/1,"void FUN_00642a30(float *param_1,int param_2,undefined4 *param_3)","__thiscall, 3 stack slot(s), result unused at every site (void?) [eax read at 0/1 sites]"
0x00245010,828,4,read,1,,0/0,0/1,void FUN_00645010(int param_1),"__thiscall, 1 stack slot(s), result unused at every site (void?) [eax read at 0/1 sites]"
0x002458B0,221,12,read,1,,1/1,0/1,"undefined4 * FUN_006458b0(undefined4 *param_1,int param_2,undefined4 param_3)","__thiscall, 3 stack slot(s), result unused at every site (void?) [eax read at 0/1 sites]"
0x002468D0,76,8,read,2,,1/1,0/2,"undefined4 FUN_006468d0(undefined4 param_1,undefined4 param_2)","__thiscall, 2 stack slot(s), result unused at every site (void?) [eax read at 0/2 sites]"
0x00248C40,5,,none,1,,0/0,0/1,void thunk_FUN_00625960(void),"?, no ret decoded (tail call or wrong extent), result unused at every site (void?) [eax read at 0/1 sites]"
0x0024B8D0,5,,none,1,,0/0,0/1,void thunk_FUN_00625960(void),"?, no ret decoded (tail call or wrong extent), result unused at every site (void?) [eax read at 0/1 sites]"
0x0024E990,163,4,read,2,,1/1,0/2,void FUN_0064e990(int param_1),"__thiscall, 1 stack slot(s), result unused at every site (void?) [eax read at 0/2 sites]"
0x002520B0,407,0,none,3,,3/3,3/3,void FUN_006520b0(void),"__thiscall, 0 stack slots, returns a value [eax read at 3/3 sites]"
0x0025BC40,124,0,read,2,,2/2,0/2,void FUN_0065bc40(void),"__thiscall, 0 stack slots, result unused at every site (void?) [eax read at 0/2 sites]"
0x0025C010,382,8,read,2,,2/2,1/2,"int * FUN_0065c010(undefined4 param_1,undefined4 param_2)","__thiscall, 2 stack slot(s), returns a value [eax read at 1/2 sites]"
0x00261750,305,20,read,2,,1/1,0/2,"void FUN_00661750(undefined4 *param_1,undefined4 *param_2,undefined4 param_3,uint param_4,","__thiscall, 5 stack slot(s), result unused at every site (void?) [eax read at 0/2 sites]"
0x002666A0,725,16,read,2,,2/2,2/2,"void FUN_006666a0(float *param_1,int param_2,undefined4 *param_3,char *param_4)","__thiscall, 4 stack slot(s), returns a value [eax read at 2/2 sites]"
0x00267B10,390,4,read,4,136:1,4/4,0/3,void FUN_00667b10(void),"__thiscall, 1 stack slot(s), result unused at every site (void?) [eax read at 0/3 sites]"
0x00269780,976,4,read,1,,1/1,0/1,void FUN_00669780(int *param_1),"__thiscall, 1 stack slot(s), result unused at every site (void?) [eax read at 0/1 sites]"
0x00269C50,1073,4,read,6,,6/6,0/6,void FUN_00669c50(int *param_1),"__thiscall, 1 stack slot(s), result unused at every site (void?) [eax read at 0/6 sites]"
0x0026EED0,289,4,read,1,,1/1,0/1,float10 FUN_0066eed0(int param_1),"__thiscall, 1 stack slot(s), result unused at every site (void?) [eax read at 0/1 sites]"
0x0026F940,7,0,read,16,,14/14,15/16,undefined4 FUN_0066f940(void),"__thiscall, 0 stack slots, returns a value [eax read at 15/16 sites]"
0x0026FBE0,153,8,read,1,,1/1,0/1,"void FUN_0066fbe0(undefined4 param_1,undefined4 param_2)","__thiscall, 2 stack slot(s), result unused at every site (void?) [eax read at 0/1 sites]"
0x00271B40,282,0,read,1,,1/1,0/1,void FUN_00671b40(void),"__thiscall, 0 stack slots, result unused at every site (void?) [eax read at 0/1 sites]"
0x00272AA0,45,4,read,1,,1/1,0/1,void FUN_00672aa0(undefined4 *param_1),"__thiscall, 1 stack slot(s), result unused at every site (void?) [eax read at 0/1 sites]"
0x00273000,93,8,read,2,,2/2,0/2,"void FUN_00673000(int param_1,int *param_2)","__thiscall, 2 stack slot(s), result unused at every site (void?) [eax read at 0/2 sites]"
0x00273F90,917,0,read,1,,1/1,1/1,uint FUN_00673f90(void),"__thiscall, 0 stack slots, returns a value [eax read at 1/1 sites]"
0x00274E30,3472,8,read,2,,2/2,1/2,"char FUN_00674e30(int *param_1,float *param_2)","__thiscall, 2 stack slot(s), returns a value [eax read at 1/2 sites]"
0x00278830,99,0,read,56,,52/52,56/56,bool FUN_00678830(void),"__thiscall, 0 stack slots, returns a value [eax read at 56/56 sites]"
0x00278C30,231,0,write,2,,0/2,2/2,int FUN_00678c30(int param_1),"__cdecl, stack slots unknown (no caller cleanup after 2 site(s): 0, or deferred); ghidra reads 1, returns a value [eax read at 2/2 sites]"
0x00279A50,1760,8,read,11,,11/11,11/11,"int FUN_00679a50(char param_1,char param_2)","__thiscall, 2 stack slot(s), returns a value [eax read at 11/11 sites]"
0x0027A7A0,1083,0,read,2,108:1,2/2,0/1,void FUN_0067a7a0(void),"__thiscall, 0 stack slots, result unused at every site (void?) [eax read at 0/1 sites]"
0x0027B000,738,36,read,1,,1/1,0/1,"undefined4 FUN_0067b000(float param_1,float *param_2,float *param_3,int *param_4)","__thiscall, 9 stack slot(s), result unused at every site (void?) [eax read at 0/1 sites]"
0x0027BF60,461,0,read,1,,1/1,1/1,uint FUN_0067bf60(void),"__thiscall, 0 stack slots, returns a value [eax read at 1/1 sites]"
0x0027C250,2669,0,read,1,,1/1,0/1,undefined4 FUN_0067c250(void),"__thiscall, 0 stack slots, result unused at every site (void?) [eax read at 0/1 sites]"
0x0027E5A0,843,0,read,9,,8/8,2/8,int FUN_0067e5a0(void),"__thiscall, 0 stack slots, returns a value [eax read at 2/8 sites]"
0x0027F4B0,1237,8,read,12,16:1,12/12,0/2,"void FUN_0067f4b0(undefined4 param_1,undefined4 *param_2)","__thiscall, 2 stack slot(s), result unused at every site (void?) [eax read at 0/2 sites]"
0x00284100,265,20,read,2,,0/0,0/2,"void FUN_00684100(void *param_1,undefined4 *param_2,undefined4 param_3,undefined4 *param_4,","__thiscall, 5 stack slot(s), result unused at every site (void?) [eax read at 0/2 sites]"
0x00284A60,50,4,read,1,12:1,1/1,0/1,void FUN_00684a60(undefined4 *param_1),"__thiscall, 1 stack slot(s), result unused at every site (void?) [eax read at 0/1 sites]"
0x002855E0,13,0,read,1,,1/1,1/1,undefined4 FUN_006855e0(void),"__thiscall, 0 stack slots, returns a value [eax read at 1/1 sites]"
0x0028DC90,64,4,read,1,96:1,1/1,0/1,void FUN_0068dc90(undefined4 *param_1),"__thiscall, 1 stack slot(s), result unused at every site (void?) [eax read at 0/1 sites]"
0x0028F2A0,208,4,read,1,,1/1,0/1,void FUN_0068f2a0(int param_1),"__thiscall, 1 stack slot(s), result unused at every site (void?) [eax read at 0/1 sites]"
0x00290B90,536,0,read,1,,1/1,1/1,int FUN_00690b90(void),"__thiscall, 0 stack slots, returns a value [eax read at 1/1 sites]"
0x00293990,961,0,read,3,12:1,3/3,0/3,void FUN_00693990(void),"__thiscall, 0 stack slots, result unused at every site (void?) [eax read at 0/3 sites]"
0x00293E50,463,0,read,2,12:1,1/1,0/2,void FUN_00693e50(void),"__thiscall, 0 stack slots, result unused at every site (void?) [eax read at 0/2 sites]"
0x00296E10,54,0,read,1,,1/1,0/1,void FUN_00696e10(void),"__thiscall, 0 stack slots, result unused at every site (void?) [eax read at 0/1 sites]"
0x00299250,292,0,read,1,28:1,1/1,0/1,void FUN_00699250(void),"__thiscall, 0 stack slots, result unused at every site (void?) [eax read at 0/1 sites]"
0x00299400,377,0,read,1,,1/1,0/1,void FUN_00699400(void),"__thiscall, 0 stack slots, result unused at every site (void?) [eax read at 0/1 sites]"
0x0029A150,930,8,read,1,,1/1,1/1,"undefined4 FUN_0069a150(char param_1,float param_2)","__thiscall, 2 stack slot(s), returns a value [eax read at 1/1 sites]"
0x0029AB10,194,12,read,3,16:1 24:1 44:1,3/3,0/3,"void FUN_0069ab10(undefined4 *param_1,undefined4 param_2,undefined4 param_3)","__thiscall, 3 stack slot(s), result unused at every site (void?) [eax read at 0/3 sites]"
0x0029AC40,990,4,read,16,12:2,15/15,0/15,void FUN_0069ac40(void),"__thiscall, 1 stack slot(s), result unused at every site (void?) [eax read at 0/15 sites]"
0x0029B350,315,4,read,1,4:1,1/1,0/1,void FUN_0069b350(undefined4 param_1),"__thiscall, 1 stack slot(s), result unused at every site (void?) [eax read at 0/1 sites]"
0x0029B4E0,512,0,read,1,,1/1,0/1,void FUN_0069b4e0(void),"__thiscall, 0 stack slots, result unused at every site (void?) [eax read at 0/1 sites]"
0x0029C380,111,0,read,1,,1/1,1/1,int FUN_0069c380(void),"__thiscall, 0 stack slots, returns a value [eax read at 1/1 sites]"
0x0029C410,32,4,read,2,,2/2,2/2,StringBase<char> * FUN_0069c410(StringBase<char> *param_1),"__thiscall, 1 stack slot(s), returns a value [eax read at 2/2 sites]"
0x0029E190,76,8,read,2,,0/0,0/1,"undefined4 FUN_0069e190(undefined4 param_1,undefined4 param_2)","__thiscall, 2 stack slot(s), result unused at every site (void?) [eax read at 0/1 sites]"
0x002A1780,175,0,read,1,,1/1,1/1,int FUN_006a1780(void),"__thiscall, 0 stack slots, returns a value [eax read at 1/1 sites]"
0x002A1F80,489,4,read,1,,1/1,0/1,void FUN_006a1f80(int param_1),"__thiscall, 1 stack slot(s), result unused at every site (void?) [eax read at 0/1 sites]"
0x002A21F0,184,0,read,2,20:1,2/2,0/2,void FUN_006a21f0(void),"__thiscall, 0 stack slots, result unused at every site (void?) [eax read at 0/2 sites]"
0x002A22E0,155,0,read,1,,1/1,1/1,undefined4 FUN_006a22e0(void),"__thiscall, 0 stack slots, returns a value [eax read at 1/1 sites]"
0x002A30D0,399,0,read,1,,0/0,0/1,void FUN_006a30d0(void),"__thiscall, 0 stack slots, result unused at every site (void?) [eax read at 0/1 sites]"
0x002A5FB0,367,8,read,1,,1/1,0/1,undefined4 FUN_006a5fb0(float *param_1),"__thiscall, 2 stack slot(s), result unused at every site (void?) [eax read at 0/1 sites]"
0x002A79B0,696,0,read,1,,0/0,1/1,bool FUN_006a79b0(void),"__thiscall, 0 stack slots, returns a value [eax read at 1/1 sites]"
0x002A8540,814,8,read,7,12:1,6/6,0/7,void FUN_006a8540(void),"__thiscall, 2 stack slot(s), result unused at every site (void?) [eax read at 0/7 sites]"
0x002A9850,2403,0,read,14,,1/1,0/13,void FUN_006a9850(void),"__thiscall, 0 stack slots, result unused at every site (void?) [eax read at 0/13 sites]"
0x002ACD90,693,8,read,6,,6/6,4/6,"undefined4 FUN_006acd90(undefined4 param_1,undefined4 param_2)","__thiscall, 2 stack slot(s), returns a value [eax read at 4/6 sites]"
0x002AD250,238,0,read,3,,3/3,0/2,void FUN_006ad250(void),"__thiscall, 0 stack slots, result unused at every site (void?) [eax read at 0/2 sites]"
0x002AD380,594,8,read,15,,15/15,0/12,"void FUN_006ad380(int param_1,undefined4 *param_2)","__thiscall, 2 stack slot(s), result unused at every site (void?) [eax read at 0/12 sites]"
0x002AD670,1885,0,read,1,,1/1,1/1,int FUN_006ad670(void),"__thiscall, 0 stack slots, returns a value [eax read at 1/1 sites]"
0x002B26C0,756,0,read,1,64:1,1/1,0/1,void FUN_006b26c0(void),"__thiscall, 0 stack slots, result unused at every site (void?) [eax read at 0/1 sites]"
0x002B5800,941,4,read,2,,2/2,0/2,void FUN_006b5800(undefined4 param_1),"__thiscall, 1 stack slot(s), result unused at every site (void?) [eax read at 0/2 sites]"
0x002BA040,190,8,read,2,16:1,2/2,0/1,"void FUN_006ba040(undefined4 param_1,undefined4 param_2)","__thiscall, 2 stack slot(s), result unused at every site (void?) [eax read at 0/1 sites]"
0x002BD940,358,0,read,1,,1/1,0/1,void FUN_006bd940(void),"__thiscall, 0 stack slots, result unused at every site (void?) [eax read at 0/1 sites]"
0x002C07E0,1106,0,read,2,,1/1,2/2,undefined1 FUN_006c07e0(void),"__thiscall, 0 stack slots, returns a value [eax read at 2/2 sites]"
0x002C38B0,578,4,read,2,,2/2,0/2,void FUN_006c38b0(char param_1),"__thiscall, 1 stack slot(s), result unused at every site (void?) [eax read at 0/2 sites]"
0x002C3E00,382,12,read,1,,1/1,0/1,"void FUN_006c3e00(float *param_1,undefined1 *param_2,char param_3)","__thiscall, 3 stack slot(s), result unused at every site (void?) [eax read at 0/1 sites]"
0x002C3FE0,332,8,read,1,,0/0,1/1,undefined4 FUN_006c3fe0(undefined4 *param_1),"__thiscall, 2 stack slot(s), returns a value [eax read at 1/1 sites]"
0x002C6430,1153,4,read,2,,2/2,0/2,void FUN_006c6430(undefined4 param_1),"__thiscall, 1 stack slot(s), result unused at every site (void?) [eax read at 0/2 sites]"
0x002D8610,37,4,read,1,,1/1,0/1,void FUN_006d8610(undefined4 param_1),"__thiscall, 1 stack slot(s), result unused at every site (void?) [eax read at 0/1 sites]"
0x002D8760,97,12,read,6,,5/5,0/6,"void FUN_006d8760(void *param_1,void *param_2)","__thiscall, 3 stack slot(s), result unused at every site (void?) [eax read at 0/6 sites]"
0x002DA770,403,8,read,2,,2/2,0/2,"void FUN_006da770(int param_1,int param_2)","__thiscall, 2 stack slot(s), result unused at every site (void?) [eax read at 0/2 sites]"
0x002DB880,584,12,read,2,,2/2,1/1,"undefined4 FUN_006db880(int param_1,int param_2,float param_3)","__thiscall, 3 stack slot(s), returns a value [eax read at 1/1 sites]"
0x002DF780,9,0,read,8,,4/4,0/7,void FUN_006df780(void),"__thiscall, 0 stack slots, result unused at every site (void?) [eax read at 0/7 sites]"
0x002E0F20,111,4,read,3,16:1,3/3,0/3,void FUN_006e0f20(undefined4 *param_1),"__thiscall, 1 stack slot(s), result unused at every site (void?) [eax read at 0/3 sites]"
0x002E13B0,290,4,read,15,,15/15,0/13,void FUN_006e13b0(int *param_1),"__thiscall, 1 stack slot(s), result unused at every site (void?) [eax read at 0/13 sites]"
0x002E1520,82,0,write,9,8:7,1/4,0/3,"void FUN_006e1520(undefined4 *param_1,undefined4 *param_2)","__cdecl, 2 stack slot(s), result unused at every site (void?) [eax read at 0/3 sites]"
0x002E1A90,158,4,read,1,,1/1,0/1,void FUN_006e1a90(uint param_1),"__thiscall, 1 stack slot(s), result unused at every site (void?) [eax read at 0/1 sites]"
0x002E1CB0,191,4,read,1,,1/1,0/1,void FUN_006e1cb0(int *param_1),"__thiscall, 1 stack slot(s), result unused at every site (void?) [eax read at 0/1 sites]"
0x002E1F80,254,8,read,2,,2/2,2/2,"AsciiString * FUN_006e1f80(uint param_1,undefined1 *param_2)","__thiscall, 2 stack slot(s), returns a value [eax read at 2/2 sites]"
0x002E4030,269,4,read,4,16:2,4/4,0/3,void FUN_006e4030(int param_1),"__thiscall, 1 stack slot(s), result unused at every site (void?) [eax read at 0/3 sites]"
0x002E5090,232,0,write,23,4:9 12:2 16:2 28:1,2/19,0/23,void FUN_006e5090(char *param_1),"__cdecl, 1 stack slot(s) (variadic?), result unused at every site (void?) [eax read at 0/23 sites]"
0x002E5790,589,12,read,10,,10/10,0/9,"void FUN_006e5790(int *param_1,int param_2,int param_3)","__thiscall, 3 stack slot(s), result unused at every site (void?) [eax read at 0/9 sites]"
0x002E7940,282,20,read,2,,0/0,0/2,"void FUN_006e7940(undefined4 *param_1,undefined4 *param_2,undefined4 param_3,uint param_4,","__thiscall, 5 stack slot(s), result unused at every site (void?) [eax read at 0/2 sites]"
0x002E9590,186,4,read,1,,1/1,0/1,void FUN_006e9590(undefined4 param_1),"__thiscall, 1 stack slot(s), result unused at every site (void?) [eax read at 0/1 sites]"
0x002E9680,746,4,read,1,,1/1,0/1,void FUN_006e9680(void),"__thiscall, 1 stack slot(s), result unused at every site (void?) [eax read at 0/1 sites]"
0x002E9AA0,686,4,read,1,,1/1,0/1,void FUN_006e9aa0(void),"__thiscall, 1 stack slot(s), result unused at every site (void?) [eax read at 0/1 sites]"
0x002EBF60,248,4,read,5,,5/5,4/4,StringBase<char> * FUN_006ebf60(StringBase<char> *param_1),"__thiscall, 1 stack slot(s), returns a value [eax read at 4/4 sites]"
0x002ECF40,454,4,read,1,,1/1,0/1,void FUN_006ecf40(int *param_1),"__thiscall, 1 stack slot(s), result unused at every site (void?) [eax read at 0/1 sites]"
0x002F0970,87,8,write,2,112:2,2/2,0/2,void FUN_006f0970(undefined4 param_1),"__thiscall, 2 stack slot(s), result unused at every site (void?) [eax read at 0/2 sites]"
0x002F22A0,266,4,write,2,112:2,2/2,0/2,void FUN_006f22a0(StringBase<char> *param_1),"__thiscall, 1 stack slot(s), result unused at every site (void?) [eax read at 0/2 sites]"
0x002F4080,68,8,write,2,112:2,2/2,0/2,void FUN_006f4080(StringBase<char> *param_1),"__thiscall, 2 stack slot(s), result unused at every site (void?) [eax read at 0/2 sites]"
0x002F40E0,67,4,write,2,112:2,2/2,0/2,void FUN_006f40e0(StringBase<char> *param_1),"__thiscall, 1 stack slot(s), result unused at every site (void?) [eax read at 0/2 sites]"
0x002F51D0,66,16,write,1,112:1,1/1,0/1,"void FUN_006f51d0(StringBase<char> *param_1,undefined4 param_2,undefined4 param_3)","__thiscall, 4 stack slot(s), result unused at every site (void?) [eax read at 0/1 sites]"
0x002F5230,91,8,write,2,112:2,2/2,0/2,void FUN_006f5230(StringBase<char> *param_1),"__thiscall, 2 stack slot(s), result unused at every site (void?) [eax read at 0/2 sites]"
0x002F5CA0,130,16,write,1,112:1,1/1,0/1,"void FUN_006f5ca0(StringBase<char> *param_1,StringBase<char> *param_2)","__thiscall, 4 stack slot(s), result unused at every site (void?) [eax read at 0/1 sites]"
0x002F7280,152,8,write,2,112:2,2/2,0/2,void FUN_006f7280(int param_1),"__thiscall, 2 stack slot(s), result unused at every site (void?) [eax read at 0/2 sites]"
0x002F75D0,121,12,write,2,112:2,2/2,0/2,"void FUN_006f75d0(int param_1,int param_2)","__thiscall, 3 stack slot(s), result unused at every site (void?) [eax read at 0/2 sites]"
0x002F7670,260,12,write,2,112:2,2/2,0/2,"void FUN_006f7670(int *param_1,int param_2,undefined4 param_3)","__thiscall, 3 stack slot(s), result unused at every site (void?) [eax read at 0/2 sites]"
0x002F7B80,895,8,write,2,112:2,2/2,0/2,void FUN_006f7b80(StringBase<char> *param_1),"__thiscall, 2 stack slot(s), result unused at every site (void?) [eax read at 0/2 sites]"
0x002F8A10,45,0,read,2,,2/2,0/2,void FUN_006f8a10(void),"__thiscall, 0 stack slots, result unused at every site (void?) [eax read at 0/2 sites]"
0x002F8A50,413,12,read,3,,3/3,0/1,"void FUN_006f8a50(int param_1,StringBase<char> *param_2,undefined4 param_3)","__thiscall, 3 stack slot(s), result unused at every site (void?) [eax read at 0/1 sites]"
0x002F8FD0,563,20,read,2,112:2,2/2,0/2,"void FUN_006f8fd0(StringBase<char> *param_1,undefined4 param_2,StringBase<char> *param_3)","__thiscall, 5 stack slot(s), result unused at every site (void?) [eax read at 0/2 sites]"
0x002F9290,625,16,read,2,112:2,2/2,0/2,"void FUN_006f9290(StringBase<char> *param_1,StringBase<char> *param_2)","__thiscall, 4 stack slot(s), result unused at every site (void?) [eax read at 0/2 sites]"
0x002F9C60,249,16,read,1,112:1,1/1,0/1,"void FUN_006f9c60(undefined4 param_1,undefined4 param_2,undefined4 param_3,StringBase<char> *param_4","__thiscall, 4 stack slot(s), result unused at every site (void?) [eax read at 0/1 sites]"
0x002F9FF0,588,8,write,2,112:2,2/2,0/2,void FUN_006f9ff0(undefined4 param_1),"__thiscall, 2 stack slot(s), result unused at every site (void?) [eax read at 0/2 sites]"
0x002FA4E0,579,12,write,2,112:2,2/2,0/2,"void FUN_006fa4e0(undefined4 param_1,undefined4 param_2)","__thiscall, 3 stack slot(s), result unused at every site (void?) [eax read at 0/2 sites]"
0x002FAF10,481,16,write,1,112:1,1/1,0/1,"void FUN_006faf10(StringBase<char> *param_1,undefined4 param_2)","__thiscall, 4 stack slot(s), result unused at every site (void?) [eax read at 0/1 sites]"
0x002FB170,713,8,write,2,112:2,2/2,0/2,void FUN_006fb170(StringBase<char> *param_1),"__thiscall, 2 stack slot(s), result unused at every site (void?) [eax read at 0/2 sites]"
0x002FB4F0,782,8,write,2,112:2,2/2,0/2,void FUN_006fb4f0(StringBase<char> *param_1),"__thiscall, 2 stack slot(s), result unused at every site (void?) [eax read at 0/2 sites]"
0x002FB8D0,766,12,write,1,112:1,1/1,0/1,void FUN_006fb8d0(StringBase<char> *param_1),"__thiscall, 3 stack slot(s), result unused at every site (void?) [eax read at 0/1 sites]"
0x002FBC90,760,8,write,2,112:2,2/2,0/2,void FUN_006fbc90(StringBase<char> *param_1),"__thiscall, 2 stack slot(s), result unused at every site (void?) [eax read at 0/2 sites]"
0x002FC050,849,12,write,1,112:1,1/1,0/1,void FUN_006fc050(StringBase<char> *param_1),"__thiscall, 3 stack slot(s), result unused at every site (void?) [eax read at 0/1 sites]"
0x002FC570,463,8,write,2,112:2,2/2,0/2,"void FUN_006fc570(undefined4 param_1,undefined4 param_2)","__thiscall, 2 stack slot(s), result unused at every site (void?) [eax read at 0/2 sites]"
0x002FCA30,478,12,write,2,112:2,2/2,0/2,void FUN_006fca30(StringBase<char> *param_1),"__thiscall, 3 stack slot(s), result unused at every site (void?) [eax read at 0/2 sites]"
0x002FD280,242,8,write,2,112:2,2/2,0/2,"void FUN_006fd280(undefined4 param_1,StringBase<char> *param_2)","__thiscall, 2 stack slot(s), result unused at every site (void?) [eax read at 0/2 sites]"
0x002FD790,457,8,write,2,112:2,2/2,0/2,void FUN_006fd790(StringBase<char> *param_1),"__thiscall, 2 stack slot(s), result unused at every site (void?) [eax read at 0/2 sites]"
0x002FDAC0,416,0,write,2,4:2,0/2,0/1,void FUN_006fdac0(int param_1),"__cdecl, 1 stack slot(s), result unused at every site (void?) [eax read at 0/1 sites]"
0x002FDCD0,173,12,read,1,112:1,1/1,0/1,"void FUN_006fdcd0(undefined4 param_1,undefined4 param_2)","__thiscall, 3 stack slot(s), result unused at every site (void?) [eax read at 0/1 sites]"
0x002FE110,273,12,read,1,112:1,1/1,0/1,void FUN_006fe110(StringBase<char> *param_1),"__thiscall, 3 stack slot(s), result unused at every site (void?) [eax read at 0/1 sites]"
0x002FE270,632,4,write,2,112:2,2/2,0/2,void FUN_006fe270(int param_1),"__thiscall, 1 stack slot(s), result unused at every site (void?) [eax read at 0/2 sites]"
0x002FE590,461,20,write,1,112:1,1/1,0/1,"void FUN_006fe590(int param_1,undefined4 param_2,undefined1 param_3,StringBase<char> *param_4)","__thiscall, 5 stack slot(s), result unused at every site (void?) [eax read at 0/1 sites]"
0x002FEE90,448,12,write,2,112:2,2/2,0/2,"void FUN_006fee90(int param_1,int param_2)","__thiscall, 3 stack slot(s), result unused at every site (void?) [eax read at 0/2 sites]"
0x002FF0C0,704,12,write,2,112:2,2/2,0/2,void FUN_006ff0c0(int param_1),"__thiscall, 3 stack slot(s), result unused at every site (void?) [eax read at 0/2 sites]"
0x002FF430,655,12,write,2,112:2,2/2,0/2,void FUN_006ff430(int param_1),"__thiscall, 3 stack slot(s), result unused at every site (void?) [eax read at 0/2 sites]"
0x002FF770,795,16,write,1,112:1,1/1,0/1,void FUN_006ff770(StringBase<char> *param_1),"__thiscall, 4 stack slot(s), result unused at every site (void?) [eax read at 0/1 sites]"
0x002FFDB0,843,20,write,2,112:2,2/2,0/2,"void FUN_006ffdb0(int param_1,int param_2,int param_3,int param_4)","__thiscall, 5 stack slot(s), result unused at every site (void?) [eax read at 0/2 sites]"
0x003001D0,62,4,read,1,,1/1,0/1,void FUN_007001d0(undefined4 param_1),"__thiscall, 1 stack slot(s), result unused at every site (void?) [eax read at 0/1 sites]"
0x003006B0,2445,12,write,2,112:2,2/2,0/2,"void FUN_007006b0(StringBase<char> *param_1,char param_2)","__thiscall, 3 stack slot(s), result unused at every site (void?) [eax read at 0/2 sites]"
0x003014C0,979,4,write,2,112:2,2/2,0/2,void FUN_007014c0(StringBase<char> *param_1),"__thiscall, 1 stack slot(s), result unused at every site (void?) [eax read at 0/2 sites]"
0x00301C10,160,4,write,2,112:2,2/2,0/2,void FUN_00701c10(StringBase<char> *param_1),"__thiscall, 1 stack slot(s), result unused at every site (void?) [eax read at 0/2 sites]"
0x00302240,536,4,write,2,112:2,2/2,0/2,void FUN_00702240(StringBase<char> *param_1),"__thiscall, 1 stack slot(s), result unused at every site (void?) [eax read at 0/2 sites]"
0x00302630,451,4,write,2,112:2,2/2,0/2,void FUN_00702630(undefined4 param_1),"__thiscall, 1 stack slot(s), result unused at every site (void?) [eax read at 0/2 sites]"
0x00303670,534,8,write,2,112:2,2/2,0/2,void FUN_00703670(StringBase<char> *param_1),"__thiscall, 2 stack slot(s), result unused at every site (void?) [eax read at 0/2 sites]"
0x00303910,340,8,write,2,112:2,2/2,0/2,void FUN_00703910(StringBase<char> *param_1),"__thiscall, 2 stack slot(s), result unused at every site (void?) [eax read at 0/2 sites]"
0x0033D0B0,58,0,read,6,,4/4,0/2,void FUN_0073d0b0(void),"__thiscall, 0 stack slots, result unused at every site (void?) [eax read at 0/2 sites]"
0x0033D100,58,0,read,3,,1/1,0/0,void FUN_0073d100(void),"__thiscall, 0 stack slots, no call site decoded"
0x0033D150,61,4,read,7,,7/7,0/7,void FUN_0073d150(int param_1),"__thiscall, 1 stack slot(s), result unused at every site (void?) [eax read at 0/7 sites]"
0x0033D1A0,61,4,read,7,,7/7,0/7,void FUN_0073d1a0(int param_1),"__thiscall, 1 stack slot(s), result unused at every site (void?) [eax read at 0/7 sites]"
0x0033D1F0,61,4,read,7,,7/7,0/7,void FUN_0073d1f0(int param_1),"__thiscall, 1 stack slot(s), result unused at every site (void?) [eax read at 0/7 sites]"
0x0033D240,61,4,read,7,,7/7,0/7,void FUN_0073d240(int param_1),"__thiscall, 1 stack slot(s), result unused at every site (void?) [eax read at 0/7 sites]"
0x0033D290,61,4,read,5,,5/5,0/5,void FUN_0073d290(int param_1),"__thiscall, 1 stack slot(s), result unused at every site (void?) [eax read at 0/5 sites]"
0x0033EDB0,265,20,read,3,,1/1,0/3,"void FUN_0073edb0(void *param_1,undefined4 *param_2,undefined4 param_3,undefined4 *param_4,","__thiscall, 5 stack slot(s), result unused at every site (void?) [eax read at 0/3 sites]"
0x0033EF00,265,20,read,3,4:1,1/1,0/3,"void FUN_0073ef00(void *param_1,undefined4 *param_2,undefined4 param_3,undefined4 *param_4,","__thiscall, 5 stack slot(s), result unused at every site (void?) [eax read at 0/3 sites]"
0x00341500,124,0,read,1,,1/1,0/1,void FUN_00741500(void),"__thiscall, 0 stack slots, result unused at every site (void?) [eax read at 0/1 sites]"
0x003415E0,124,0,read,1,,1/1,0/1,void FUN_007415e0(void),"__thiscall, 0 stack slots, result unused at every site (void?) [eax read at 0/1 sites]"
0x003416C0,124,0,read,1,,1/1,0/1,void FUN_007416c0(void),"__thiscall, 0 stack slots, result unused at every site (void?) [eax read at 0/1 sites]"
0x003417A0,124,0,read,1,,1/1,0/1,void FUN_007417a0(void),"__thiscall, 0 stack slots, result unused at every site (void?) [eax read at 0/1 sites]"
0x003418C0,124,0,read,2,,2/2,0/2,void FUN_007418c0(void),"__thiscall, 0 stack slots, result unused at every site (void?) [eax read at 0/2 sites]"
0x00343BB0,149,0,read,1,,1/1,0/1,void FUN_00743bb0(void),"__thiscall, 0 stack slots, result unused at every site (void?) [eax read at 0/1 sites]"
0x00346D60,1950,0,read,1,,1/1,0/1,void FUN_00746d60(void),"__thiscall, 0 stack slots, result unused at every site (void?) [eax read at 0/1 sites]"
0x00347E60,1164,0,read,1,,1/1,0/1,void FUN_00747e60(void),"__thiscall, 0 stack slots, result unused at every site (void?) [eax read at 0/1 sites]"
0x00348430,1924,0,read,1,,1/1,0/0,void FUN_00748430(void),"__thiscall, 0 stack slots, no call site decoded"
0x0034ECE0,146,8,read,5,,5/5,0/2,"void FUN_0074ece0(int param_1,undefined4 param_2)","__thiscall, 2 stack slot(s), result unused at every site (void?) [eax read at 0/2 sites]"
0x003525E0,160,,read,6,,6/6,0/6,void FUN_007525e0(int *param_1),"?, no ret decoded (tail call or wrong extent), result unused at every site (void?) [eax read at 0/6 sites]"
0x00356ED0,167,4,read,2,,2/2,0/2,void FUN_00756ed0(uint param_1),"__thiscall, 1 stack slot(s), result unused at every site (void?) [eax read at 0/2 sites]"
0x00356FA0,367,8,read,3,,2/2,0/3,"void FUN_00756fa0(uint param_1,char param_2)","__thiscall, 2 stack slot(s), result unused at every site (void?) [eax read at 0/3 sites]"
0x00357170,367,8,read,3,,2/2,0/3,"void FUN_00757170(uint param_1,char param_2)","__thiscall, 2 stack slot(s), result unused at every site (void?) [eax read at 0/3 sites]"
0x0035A060,350,0,read,1,4:1,1/1,0/1,void FUN_0075a060(StringBase<char> *param_1),"__thiscall, 0 stack slots, result unused at every site (void?) [eax read at 0/1 sites]"
0x0035A2A0,350,0,read,1,4:1,1/1,0/1,,"__thiscall, 0 stack slots, result unused at every site (void?) [eax read at 0/1 sites]"
0x0035BCE0,201,8,read,1,,1/1,0/1,,"__thiscall, 2 stack slot(s), result unused at every site (void?) [eax read at 0/1 sites]"
0x0035C0C0,579,8,read,1,,1/1,0/0,"void FUN_0075c0c0(undefined4 param_1,ushort param_2)","__thiscall, 2 stack slot(s), no call site decoded"
0x0035C620,428,4,read,5,,2/2,5/5,int FUN_0075c620(StringBase<char> *param_1),"__thiscall, 1 stack slot(s), returns a value [eax read at 5/5 sites]"
0x0035C9C0,518,12,read,3,,2/3,0/2,"void FUN_0075c9c0(undefined4 param_1,int *param_2,undefined4 param_3)","__thiscall, 3 stack slot(s), result unused at every site (void?) [eax read at 0/2 sites]"
0x0035D9B0,662,12,read,3,,3/3,0/3,"void FUN_0075d9b0(int param_1,int *param_2,int *param_3)","__thiscall, 3 stack slot(s), result unused at every site (void?) [eax read at 0/3 sites]"
0x0035E030,307,,read,1,,1/1,0/1,void FUN_0075e030(int *param_1),"?, no ret decoded (tail call or wrong extent), result unused at every site (void?) [eax read at 0/1 sites]"
0x0035E1F0,307,,read,1,,1/1,0/1,void FUN_0075e1f0(int *param_1),"?, no ret decoded (tail call or wrong extent), result unused at every site (void?) [eax read at 0/1 sites]"
0x0035E3B0,123,4,read,2,16:1,2/2,0/2,void FUN_0075e3b0(int param_1),"__thiscall, 1 stack slot(s), result unused at every site (void?) [eax read at 0/2 sites]"
0x0035E5A0,284,12,read,2,,1/1,0/1,"void FUN_0075e5a0(int param_1,int *param_2,int *param_3)","__thiscall, 3 stack slot(s), result unused at every site (void?) [eax read at 0/1 sites]"
0x0035EE70,164,0,read,20,4:2,20/20,15/20,undefined4 FUN_0075ee70(void),"__thiscall, 0 stack slots, returns a value [eax read at 15/20 sites]"
0x0035EF40,4,0,read,9,,9/9,9/9,undefined4 FUN_0075ef40(void),"__thiscall, 0 stack slots, returns a value [eax read at 9/9 sites]"
0x0035EF50,4,0,read,12,,12/12,12/12,undefined4 FUN_0075ef50(void),"__thiscall, 0 stack slots, returns a value [eax read at 12/12 sites]"
0x0035FF20,7,0,read,1,40:1,1/1,0/1,void FUN_0075ff20(void),"__thiscall, 0 stack slots, result unused at every site (void?) [eax read at 0/1 sites]"
0x00362670,192,,read,1,,1/1,0/0,void FUN_00762670(void),"?, no ret decoded (tail call or wrong extent), no call site decoded"
0x00363E30,785,12,read,1,,1/1,0/1,"void FUN_00763e30(int param_1,int param_2,int *param_3)","__thiscall, 3 stack slot(s), result unused at every site (void?) [eax read at 0/1 sites]"
0x00367010,613,8,read,4,,2/2,0/4,"void FUN_00767010(undefined4 param_1,undefined4 param_2)","__thiscall, 2 stack slot(s), result unused at every site (void?) [eax read at 0/4 sites]"
0x00367470,644,0,read,1,,1/1,0/1,uint FUN_00767470(void),"__thiscall, 0 stack slots, result unused at every site (void?) [eax read at 0/1 sites]"
0x003688E0,367,8,read,3,,2/2,0/3,"void FUN_007688e0(uint param_1,char param_2)","__thiscall, 2 stack slot(s), result unused at every site (void?) [eax read at 0/3 sites]"
0x00368B20,72,0,read,2,,2/2,0/2,void FUN_00768b20(void),"__thiscall, 0 stack slots, result unused at every site (void?) [eax read at 0/2 sites]"
0x00369710,101,4,read,3,,3/3,0/3,void FUN_00769710(undefined4 *param_1),"__thiscall, 1 stack slot(s), result unused at every site (void?) [eax read at 0/3 sites]"
0x0036B250,169,8,read,3,,3/3,0/2,"void FUN_0076b250(undefined4 *param_1,uint param_2)","__thiscall, 2 stack slot(s), result unused at every site (void?) [eax read at 0/2 sites]"
0x0036B330,169,8,read,1,,1/1,1/1,"void FUN_0076b330(undefined4 *param_1,uint param_2)","__thiscall, 2 stack slot(s), returns a value [eax read at 1/1 sites]"
0x0036EA80,124,0,read,1,,1/1,0/0,void FUN_0076ea80(void),"__thiscall, 0 stack slots, no call site decoded"
0x0036ECF0,61,4,read,5,,5/5,0/5,void FUN_0076ecf0(int param_1),"__thiscall, 1 stack slot(s), result unused at every site (void?) [eax read at 0/5 sites]"
0x0036EF70,243,0,read,2,,0/0,2/2,undefined4 FUN_0076ef70(void),"__thiscall, 0 stack slots, returns a value [eax read at 2/2 sites]"
0x0036F1B0,228,0,write,3,,0/3,0/3,"void FUN_0076f1b0(int *param_1,undefined4 param_2)","__cdecl, stack slots unknown (no caller cleanup after 3 site(s): 0, or deferred); ghidra reads 2, result unused at every site (void?) [eax read at 0/3 sites]"
0x0036FE10,279,4,read,2,,2/2,2/2,int FUN_0076fe10(int *param_1),"__thiscall, 1 stack slot(s), returns a value [eax read at 2/2 sites]"
0x00370970,54,0,read,1,,1/1,0/1,void FUN_00770970(void),"__thiscall, 0 stack slots, result unused at every site (void?) [eax read at 0/1 sites]"
0x00370A40,265,20,read,2,,1/1,0/2,"void FUN_00770a40(void *param_1,undefined4 *param_2,undefined4 param_3,undefined4 *param_4,","__thiscall, 5 stack slot(s), result unused at every site (void?) [eax read at 0/2 sites]"
0x00371650,950,8,read,1,,1/1,1/1,int * FUN_00771650(float param_1),"__thiscall, 2 stack slot(s), returns a value [eax read at 1/1 sites]"
0x00371D10,365,0,read,1,,1/1,0/1,void FUN_00771d10(void),"__thiscall, 0 stack slots, result unused at every site (void?) [eax read at 0/1 sites]"
0x00372BD0,490,4,read,2,,2/2,0/2,void FUN_00772bd0(char param_1),"__thiscall, 1 stack slot(s), result unused at every site (void?) [eax read at 0/2 sites]"
0x00372E40,280,0,write,3,16:3,0/3,2/3,"undefined4 FUN_00772e40(undefined4 param_1,undefined4 param_2,undefined4 param_3,undefined4 param_4)","__cdecl, 4 stack slot(s), returns a value [eax read at 2/3 sites]"
0x00372FA0,181,12,read,4,,4/4,3/4,"int FUN_00772fa0(int param_1,uint param_2,undefined4 param_3)","__thiscall, 3 stack slot(s), returns a value [eax read at 3/4 sites]"
0x00373090,317,12,read,1,,1/1,0/1,"undefined4 FUN_00773090(int param_1,float *param_2,int param_3)","__thiscall, 3 stack slot(s), result unused at every site (void?) [eax read at 0/1 sites]"
0x00373220,621,4,read,3,,3/3,0/3,void FUN_00773220(int param_1),"__thiscall, 1 stack slot(s), result unused at every site (void?) [eax read at 0/3 sites]"
0x00373530,1221,4,read,1,,1/1,0/0,void FUN_00773530(char param_1),"__thiscall, 1 stack slot(s), no call site decoded"
0x00373B30,612,0,read,1,,0/0,0/1,uint FUN_00773b30(void),"__thiscall, 0 stack slots, result unused at every site (void?) [eax read at 0/1 sites]"
0x00373ED0,1077,0,read,1,,1/1,0/1,void FUN_00773ed0(void),"__thiscall, 0 stack slots, result unused at every site (void?) [eax read at 0/1 sites]"
0x00374420,386,8,read,2,,2/2,0/2,"void FUN_00774420(undefined4 param_1,uint param_2)","__thiscall, 2 stack slot(s), result unused at every site (void?) [eax read at 0/2 sites]"
0x00374B60,76,8,read,2,,1/1,0/2,"undefined4 FUN_00774b60(undefined4 param_1,undefined4 param_2)","__thiscall, 2 stack slot(s), result unused at every site (void?) [eax read at 0/2 sites]"
0x00374F20,178,4,read,1,,1/1,0/1,void FUN_00774f20(undefined4 param_1),"__thiscall, 1 stack slot(s), result unused at every site (void?) [eax read at 0/1 sites]"
0x00375460,61,4,read,5,,5/5,0/5,void FUN_00775460(int param_1),"__thiscall, 1 stack slot(s), result unused at every site (void?) [eax read at 0/5 sites]"
0x00375650,747,4,write,2,,2/2,0/2,void FUN_00775650(int param_1),"__thiscall, 1 stack slot(s), result unused at every site (void?) [eax read at 0/2 sites]"
0x00376590,1104,4,read,3,,3/3,0/2,void FUN_00776590(undefined4 param_1),"__thiscall, 1 stack slot(s), result unused at every site (void?) [eax read at 0/2 sites]"
0x00376C70,796,0,read,3,48:1,3/3,0/3,void FUN_00776c70(void),"__thiscall, 0 stack slots, result unused at every site (void?) [eax read at 0/3 sites]"
0x00377060,1009,0,read,1,,1/1,0/1,void FUN_00777060(void),"__thiscall, 0 stack slots, result unused at every site (void?) [eax read at 0/1 sites]"
0x00377550,392,0,read,1,,1/1,1/1,undefined4 FUN_00777550(void),"__thiscall, 0 stack slots, returns a value [eax read at 1/1 sites]"
0x0037B0D0,32,4,read,4,,3/3,4/4,StringBase<char> * FUN_0077b0d0(StringBase<char> *param_1),"__thiscall, 1 stack slot(s), returns a value [eax read at 4/4 sites]"
0x0037B460,52,4,read,1,,1/1,0/1,void FUN_0077b460(undefined4 param_1),"__thiscall, 1 stack slot(s), result unused at every site (void?) [eax read at 0/1 sites]"
0x0037B9F0,393,0,read,1,,1/1,1/1,bool FUN_0077b9f0(void),"__thiscall, 0 stack slots, returns a value [eax read at 1/1 sites]"
0x0037C030,543,4,read,1,,1/1,0/1,void FUN_0077c030(int param_1),"__thiscall, 1 stack slot(s), result unused at every site (void?) [eax read at 0/1 sites]"
0x0037C310,465,12,read,5,,5/5,5/5,"undefined4 FUN_0077c310(float param_1,int param_2,int param_3)","__thiscall, 3 stack slot(s), returns a value [eax read at 5/5 sites]"
0x0037C560,121,4,read,2,,2/2,2/2,ushort * FUN_0077c560(ushort *param_1),"__thiscall, 1 stack slot(s), returns a value [eax read at 2/2 sites]"
0x0037C600,508,0,read,6,,5/5,0/4,void FUN_0077c600(void),"__thiscall, 0 stack slots, result unused at every site (void?) [eax read at 0/4 sites]"
0x0037DFD0,347,8,write,1,,1/1,0/1,"void FUN_0077dfd0(int param_1,int *param_2)","__thiscall, 2 stack slot(s), result unused at every site (void?) [eax read at 0/1 sites]"
0x00380EE0,284,8,read,2,4:1,2/2,0/1,"undefined4 FUN_00780ee0(int param_1,undefined4 param_2)","__thiscall, 2 stack slot(s), result unused at every site (void?) [eax read at 0/1 sites]"
0x00383090,7,0,read,25,,25/25,25/25,undefined4 FUN_00783090(void),"__thiscall, 0 stack slots, returns a value [eax read at 25/25 sites]"
0x00384310,6,0,none,2,,0/0,2/2,undefined * FUN_00784310(void),"__cdecl (or a __thiscall that never reads `this`), stack slots unknown (no caller cleanup after 2 site(s): 0, or deferred); ghidra reads 0, returns a value [eax read at 2/2 sites]"
0x00385AE0,216,0,call,2,8:2,0/0,1/2,"undefined4 FUN_00785ae0(undefined4 param_1,undefined4 param_2)","__cdecl (or a __thiscall that never reads `this`), 2 stack slot(s), returns a value [eax read at 1/2 sites]"
0x00386190,689,4,read,1,,1/1,1/1,undefined4 FUN_00786190(int param_1),"__thiscall, 1 stack slot(s), returns a value [eax read at 1/1 sites]"
0x003865B0,655,0,write,1,,1/1,0/0,void FUN_007865b0(void),"__thiscall, 0 stack slots, no call site decoded"
0x00387050,5,,none,3,,2/2,0/2,void __thiscall StringBase<char>::releaseBuffer(StringBase<char> *this),"?, no ret decoded (tail call or wrong extent), result unused at every site (void?) [eax read at 0/2 sites]"
0x00387700,86,0,read,2,,1/1,0/1,void FUN_00787700(void),"__thiscall, 0 stack slots, result unused at every site (void?) [eax read at 0/1 sites]"
0x00387A50,657,0,read,2,,2/2,0/1,void FUN_00787a50(void),"__thiscall, 0 stack slots, result unused at every site (void?) [eax read at 0/1 sites]"
0x00389AB0,58,0,read,5,,3/3,0/2,void FUN_00789ab0(void),"__thiscall, 0 stack slots, result unused at every site (void?) [eax read at 0/2 sites]"
0x0038A9F0,737,0,write,1,16:1,0/1,0/0,void FUN_0078a9f0(void),"__cdecl, 4 stack slot(s), no call site decoded"
0x0038BC90,95,0,read,2,,1/1,0/1,void FUN_0078bc90(void),"__thiscall, 0 stack slots, result unused at every site (void?) [eax read at 0/1 sites]"
0x0038BD10,95,0,read,2,,1/1,0/1,void FUN_0078bd10(void),"__thiscall, 0 stack slots, result unused at every site (void?) [eax read at 0/1 sites]"
0x0038D100,1473,0,read,2,,2/2,0/2,undefined4 FUN_0078d100(void),"__thiscall, 0 stack slots, result unused at every site (void?) [eax read at 0/2 sites]"
0x0038EB40,62,4,read,2,,2/2,0/2,void FUN_0078eb40(undefined4 param_1),"__thiscall, 1 stack slot(s), result unused at every site (void?) [eax read at 0/2 sites]"
0x0038EBB0,106,4,read,3,,1/1,0/3,void FUN_0078ebb0(undefined4 param_1),"__thiscall, 1 stack slot(s), result unused at every site (void?) [eax read at 0/3 sites]"
0x0038EC40,106,4,read,3,,1/1,0/3,void FUN_0078ec40(undefined4 param_1),"__thiscall, 1 stack slot(s), result unused at every site (void?) [eax read at 0/3 sites]"
0x0038ECD0,106,4,read,3,,0/0,0/3,void FUN_0078ecd0(undefined4 param_1),"__thiscall, 1 stack slot(s), result unused at every site (void?) [eax read at 0/3 sites]"
0x0038F7B0,2335,16,write,3,,3/3,0/2,void FUN_0078f7b0(char param_1),"__thiscall, 4 stack slot(s), result unused at every site (void?) [eax read at 0/2 sites]"
0x00390320,168,8,read,2,,2/2,0/1,"void FUN_00790320(undefined4 param_1,undefined2 param_2)","__thiscall, 2 stack slot(s), result unused at every site (void?) [eax read at 0/1 sites]"
0x00390400,439,4,read,1,,1/1,0/1,void FUN_00790400(int *param_1),"__thiscall, 1 stack slot(s), result unused at every site (void?) [eax read at 0/1 sites]"
0x00390A50,1071,0,write,1,,0/1,0/1,void FUN_00790a50(int param_1),"__cdecl, stack slots unknown (no caller cleanup after 1 site(s): 0, or deferred); ghidra reads 1, result unused at every site (void?) [eax read at 0/1 sites]"
0x00390F90,1510,0,write,1,,0/1,0/1,void FUN_00790f90(undefined4 *param_1),"__cdecl, stack slots unknown (no caller cleanup after 1 site(s): 0, or deferred); ghidra reads 1, result unused at every site (void?) [eax read at 0/1 sites]"
0x003916F0,596,4,read,1,,1/1,0/1,void FUN_007916f0(undefined4 param_1),"__thiscall, 1 stack slot(s), result unused at every site (void?) [eax read at 0/1 sites]"
0x00392D00,2353,12,read,1,,1/1,0/1,"void FUN_00792d00(undefined4 param_1,undefined4 param_2,undefined1 *param_3)","__thiscall, 3 stack slot(s), result unused at every site (void?) [eax read at 0/1 sites]"
0x00394260,7640,,read,2,,2/2,0/2,void FUN_00794260(undefined1 *param_1),"?, no ret decoded (tail call or wrong extent), result unused at every site (void?) [eax read at 0/2 sites]"
0x00396D40,880,0,write,2,16:2,0/1,1/2,"undefined4 FUN_00796d40(int *param_1,int **param_2,undefined4 param_3,int param_4)","__cdecl, 4 stack slot(s), returns a value [eax read at 1/2 sites]"
0x0039B160,264,8,read,3,,3/3,0/0,"void FUN_0079b160(int param_1,char param_2)","__thiscall, 2 stack slot(s), no call site decoded"
0x0039C160,29,0,read,1,,1/1,0/1,void FUN_0079c160(void),"__thiscall, 0 stack slots, result unused at every site (void?) [eax read at 0/1 sites]"
0x0039F0A0,781,12,read,6,,6/6,5/6,"bool FUN_0079f0a0(int param_1,int param_2,int param_3)","__thiscall, 3 stack slot(s), returns a value [eax read at 5/6 sites]"
0x0039FBA0,421,48,read,12,,12/12,0/10,"void FUN_0079fba0(uint param_1,uint param_2,uint param_3,uint param_4,uint param_5,uint param_6,","__thiscall, 12 stack slot(s), result unused at every site (void?) [eax read at 0/10 sites]"
0x003A04A0,72,8,read,55,,55/55,55/55,"uint FUN_007a04a0(int param_1,undefined4 param_2)","__thiscall, 2 stack slot(s), returns a value [eax read at 55/55 sites]"
0x003A18D0,270,0,read,4,,4/4,0/4,void FUN_007a18d0(void),"__thiscall, 0 stack slots, result unused at every site (void?) [eax read at 0/4 sites]"
0x003A1A30,566,12,write,6,,6/6,5/5,"uint FUN_007a1a30(int param_1,char param_2,float *param_3)","__thiscall, 3 stack slot(s), returns a value [eax read at 5/5 sites]"
0x003A1D00,702,0,read,1,,1/1,0/1,void FUN_007a1d00(void),"__thiscall, 0 stack slots, result unused at every site (void?) [eax read at 0/1 sites]"
0x003A25A0,282,4,read,3,,3/3,1/2,void FUN_007a25a0(int param_1),"__thiscall, 1 stack slot(s), returns a value [eax read at 1/2 sites]"
0x003A2700,2291,0,read,6,,6/6,0/6,void FUN_007a2700(void),"__thiscall, 0 stack slots, result unused at every site (void?) [eax read at 0/6 sites]"
0x003A3E80,10,4,read,3,,3/3,0/3,void FUN_007a3e80(undefined1 param_1),"__thiscall, 1 stack slot(s), result unused at every site (void?) [eax read at 0/3 sites]"
0x003A40A0,117,0,read,1,,0/0,0/0,float10 FUN_007a40a0(void),"__thiscall, 0 stack slots, no call site decoded"
0x003A4390,32,4,read,6,,6/6,5/6,StringBase<char> * FUN_007a4390(StringBase<char> *param_1),"__thiscall, 1 stack slot(s), returns a value [eax read at 5/6 sites]"
0x003A44A0,165,4,read,3,,3/3,0/3,void FUN_007a44a0(undefined4 *param_1),"__thiscall, 1 stack slot(s), result unused at every site (void?) [eax read at 0/3 sites]"
0x003A4FD0,220,4,read,1,16:1,1/1,0/1,void FUN_007a4fd0(undefined4 param_1),"__thiscall, 1 stack slot(s), result unused at every site (void?) [eax read at 0/1 sites]"
0x003A6710,7,4,none,1,,1/1,1/1,undefined4 FUN_007a6710(undefined4 param_1),"__thiscall, 1 stack slot(s), returns a value [eax read at 1/1 sites]"
0x003A6750,7,4,none,2,,2/2,2/2,undefined4 FUN_007a6750(undefined4 param_1),"__thiscall, 1 stack slot(s), returns a value [eax read at 2/2 sites]"
0x003A6760,7,4,none,1,,1/1,1/1,undefined4 FUN_007a6760(undefined4 param_1),"__thiscall, 1 stack slot(s), returns a value [eax read at 1/1 sites]"
0x003A7BF0,134,8,read,1,,1/1,0/0,"void FUN_007a7bf0(int param_1,undefined4 param_2)","__thiscall, 2 stack slot(s), no call site decoded"
0x003A7F90,134,8,read,2,,2/2,0/2,"void FUN_007a7f90(int param_1,undefined4 param_2)","__thiscall, 2 stack slot(s), result unused at every site (void?) [eax read at 0/2 sites]"
0x003A8080,134,8,read,1,,1/1,0/0,"void FUN_007a8080(int param_1,undefined4 param_2)","__thiscall, 2 stack slot(s), no call site decoded"
0x003A9F60,134,4,read,1,,1/1,0/1,void FUN_007a9f60(int *param_1),"__thiscall, 1 stack slot(s), result unused at every site (void?) [eax read at 0/1 sites]"
0x003AAFE0,211,4,read,1,,1/1,0/1,void FUN_007aafe0(StringBase<char> *param_1),"__thiscall, 1 stack slot(s), result unused at every site (void?) [eax read at 0/1 sites]"
0x003AC9F0,18,4,read,1,,1/1,1/1,void FUN_007ac9f0(undefined4 *param_1),"__thiscall, 1 stack slot(s), returns a value [eax read at 1/1 sites]"
0x003AD1A0,32,4,read,2,,2/2,2/2,StringBase<char> * FUN_007ad1a0(StringBase<char> *param_1),"__thiscall, 1 stack slot(s), returns a value [eax read at 2/2 sites]"
0x003AD200,32,4,read,2,,2/2,2/2,StringBase<char> * FUN_007ad200(StringBase<char> *param_1),"__thiscall, 1 stack slot(s), returns a value [eax read at 2/2 sites]"
0x003AD230,32,4,read,2,,2/2,2/2,StringBase<char> * FUN_007ad230(StringBase<char> *param_1),"__thiscall, 1 stack slot(s), returns a value [eax read at 2/2 sites]"
0x003AD260,32,4,read,2,,2/2,2/2,StringBase<char> * FUN_007ad260(StringBase<char> *param_1),"__thiscall, 1 stack slot(s), returns a value [eax read at 2/2 sites]"
0x003AD2C0,32,4,read,1,,1/1,1/1,StringBase<char> * FUN_007ad2c0(StringBase<char> *param_1),"__thiscall, 1 stack slot(s), returns a value [eax read at 1/1 sites]"
0x003AD2F0,32,4,read,1,,1/1,1/1,StringBase<char> * FUN_007ad2f0(StringBase<char> *param_1),"__thiscall, 1 stack slot(s), returns a value [eax read at 1/1 sites]"
0x003AD320,32,4,read,1,,1/1,1/1,StringBase<char> * FUN_007ad320(StringBase<char> *param_1),"__thiscall, 1 stack slot(s), returns a value [eax read at 1/1 sites]"
0x003AD350,32,4,read,1,,1/1,1/1,StringBase<char> * FUN_007ad350(StringBase<char> *param_1),"__thiscall, 1 stack slot(s), returns a value [eax read at 1/1 sites]"
0x003AD380,32,4,read,1,,1/1,1/1,StringBase<char> * FUN_007ad380(StringBase<char> *param_1),"__thiscall, 1 stack slot(s), returns a value [eax read at 1/1 sites]"
0x003AD3B0,32,4,read,1,,1/1,1/1,StringBase<char> * FUN_007ad3b0(StringBase<char> *param_1),"__thiscall, 1 stack slot(s), returns a value [eax read at 1/1 sites]"
0x003AD3E0,32,4,read,1,,1/1,1/1,StringBase<char> * FUN_007ad3e0(StringBase<char> *param_1),"__thiscall, 1 stack slot(s), returns a value [eax read at 1/1 sites]"
0x003AD410,32,4,read,1,,1/1,1/1,StringBase<char> * FUN_007ad410(StringBase<char> *param_1),"__thiscall, 1 stack slot(s), returns a value [eax read at 1/1 sites]"
0x003AD440,32,4,read,1,,1/1,1/1,StringBase<char> * FUN_007ad440(StringBase<char> *param_1),"__thiscall, 1 stack slot(s), returns a value [eax read at 1/1 sites]"
0x003B9200,79,4,read,1,,1/1,1/1,undefined4 FUN_007b9200(void),"__thiscall, 1 stack slot(s), returns a value [eax read at 1/1 sites]"
0x003BD480,120,0,write,3,20:1,0/3,2/3,"int * FUN_007bd480(int *param_1,int *param_2,int *param_3)","__cdecl, stack slots unknown (cleanup after only 1/3 sites: 0 and deferred, or deferred elsewhere), returns a value [eax read at 2/3 sites]"
0x003BD9C0,63,12,read,1,,1/1,0/1,"void FUN_007bd9c0(undefined4 param_1,int *param_2,undefined4 param_3)","__thiscall, 3 stack slot(s), result unused at every site (void?) [eax read at 0/1 sites]"
0x003BE020,239,4,read,1,,1/1,0/1,void FUN_007be020(int param_1),"__thiscall, 1 stack slot(s), result unused at every site (void?) [eax read at 0/1 sites]"
0x003BEF70,120,8,read,1,,1/1,0/1,"void FUN_007bef70(int *param_1,float *param_2)","__thiscall, 2 stack slot(s), result unused at every site (void?) [eax read at 0/1 sites]"
0x003BFD80,45,0,read,1,36:1,1/1,0/1,void FUN_007bfd80(void),"__thiscall, 0 stack slots, result unused at every site (void?) [eax read at 0/1 sites]"
0x003C0060,58,0,read,4,,2/2,0/0,void FUN_007c0060(void),"__thiscall, 0 stack slots, no call site decoded"
0x003C0800,265,20,read,3,,1/1,0/3,"void FUN_007c0800(void *param_1,undefined4 *param_2,undefined4 param_3,undefined4 *param_4,","__thiscall, 5 stack slot(s), result unused at every site (void?) [eax read at 0/3 sites]"
0x003C0950,265,20,read,3,16:1,1/1,0/3,"void FUN_007c0950(void *param_1,undefined4 *param_2,undefined4 param_3,undefined4 *param_4,","__thiscall, 5 stack slot(s), result unused at every site (void?) [eax read at 0/3 sites]"
0x003C0AA0,265,20,read,4,,2/2,0/4,"void FUN_007c0aa0(void *param_1,undefined4 *param_2,undefined4 param_3,undefined4 *param_4,","__thiscall, 5 stack slot(s), result unused at every site (void?) [eax read at 0/4 sites]"
0x003C12A0,443,4,read,2,8:1,2/2,0/2,void FUN_007c12a0(int *param_1),"__thiscall, 1 stack slot(s), result unused at every site (void?) [eax read at 0/2 sites]"
0x003C1EE0,432,12,read,1,,1/1,1/1,"undefined4 FUN_007c1ee0(int param_1,int param_2,undefined4 *param_3)","__thiscall, 3 stack slot(s), returns a value [eax read at 1/1 sites]"
0x003C2FC0,394,0,read,1,,1/1,0/1,void FUN_007c2fc0(void),"__thiscall, 0 stack slots, result unused at every site (void?) [eax read at 0/1 sites]"
0x003C3480,477,8,write,4,,4/4,0/4,"void FUN_007c3480(int *param_1,int *param_2)","__thiscall, 2 stack slot(s), result unused at every site (void?) [eax read at 0/4 sites]"
0x003C3BA0,395,4,read,2,,2/2,0/2,void FUN_007c3ba0(int *param_1),"__thiscall, 1 stack slot(s), result unused at every site (void?) [eax read at 0/2 sites]"
0x003C3D90,342,4,read,2,,2/2,0/2,void FUN_007c3d90(int *param_1),"__thiscall, 1 stack slot(s), result unused at every site (void?) [eax read at 0/2 sites]"
0x003C3F40,431,0,read,1,,0/0,0/1,void FUN_007c3f40(void),"__thiscall, 0 stack slots, result unused at every site (void?) [eax read at 0/1 sites]"
0x003C4160,647,4,read,2,,2/2,1/2,byte FUN_007c4160(int *param_1),"__thiscall, 1 stack slot(s), returns a value [eax read at 1/2 sites]"
0x003C54A0,265,20,read,8,,2/2,0/8,"void FUN_007c54a0(void *param_1,undefined4 *param_2,undefined4 param_3,undefined4 *param_4,","__thiscall, 5 stack slot(s), result unused at every site (void?) [eax read at 0/8 sites]"
0x003C5990,276,8,read,1,,1/1,0/1,"void FUN_007c5990(int param_1,char param_2)","__thiscall, 2 stack slot(s), result unused at every site (void?) [eax read at 0/1 sites]"
0x003C6540,6,0,none,3,,0/0,3/3,undefined * FUN_007c6540(void),"__cdecl (or a __thiscall that never reads `this`), stack slots unknown (no caller cleanup after 3 site(s): 0, or deferred); ghidra reads 0, returns a value [eax read at 3/3 sites]"
0x003C78B0,216,0,call,3,8:3,0/0,2/3,"undefined4 FUN_007c78b0(undefined4 param_1,undefined4 param_2)","__cdecl (or a __thiscall that never reads `this`), 2 stack slot(s), returns a value [eax read at 2/3 sites]"
0x003C88E0,283,4,read,2,,2/2,0/2,void FUN_007c88e0(int *param_1),"__thiscall, 1 stack slot(s), result unused at every site (void?) [eax read at 0/2 sites]"
0x003C8F80,265,20,read,5,24:1,1/1,0/5,"void FUN_007c8f80(void *param_1,undefined4 *param_2,undefined4 param_3,undefined4 *param_4,","__thiscall, 5 stack slot(s), result unused at every site (void?) [eax read at 0/5 sites]"
0x003C9EF0,395,4,read,1,,1/1,0/1,void FUN_007c9ef0(int *param_1),"__thiscall, 1 stack slot(s), result unused at every site (void?) [eax read at 0/1 sites]"
0x003CB640,248,0,read,1,,1/1,0/1,void FUN_007cb640(void),"__thiscall, 0 stack slots, result unused at every site (void?) [eax read at 0/1 sites]"
0x003CC940,437,4,read,2,,1/1,0/2,void FUN_007cc940(void),"__thiscall, 1 stack slot(s), result unused at every site (void?) [eax read at 0/2 sites]"
0x003CCB70,400,0,read,1,,1/1,0/1,void FUN_007ccb70(void),"__thiscall, 0 stack slots, result unused at every site (void?) [eax read at 0/1 sites]"
0x003CCFA0,134,8,read,13,,13/13,13/13,int FUN_007ccfa0(void),"__thiscall, 2 stack slot(s), returns a value [eax read at 13/13 sites]"
0x003CED50,290,4,read,2,,2/2,2/2,void FUN_007ced50(void),"__thiscall, 1 stack slot(s), returns a value [eax read at 2/2 sites]"
0x003CF220,265,20,read,3,,1/1,0/3,,"__thiscall, 5 stack slot(s), result unused at every site (void?) [eax read at 0/3 sites]"
0x003CF370,265,20,read,5,,2/2,0/5,"void FUN_007cf370(void *param_1,undefined4 *param_2,undefined4 param_3,undefined4 *param_4,","__thiscall, 5 stack slot(s), result unused at every site (void?) [eax read at 0/5 sites]"
0x003CF790,167,4,read,3,,3/3,0/3,void FUN_007cf790(uint param_1),"__thiscall, 1 stack slot(s), result unused at every site (void?) [eax read at 0/3 sites]"
0x003CF930,167,4,read,1,,1/1,0/1,void FUN_007cf930(uint param_1),"__thiscall, 1 stack slot(s), result unused at every site (void?) [eax read at 0/1 sites]"
0x003CFE10,168,8,read,5,4:1,5/5,0/5,"int FUN_007cfe10(undefined4 *param_1,undefined4 *param_2)","__thiscall, 2 stack slot(s), result unused at every site (void?) [eax read at 0/5 sites]"
0x003CFF30,305,20,read,2,,1/1,0/2,"void FUN_007cff30(undefined4 *param_1,undefined4 *param_2,undefined4 param_3,uint param_4,","__thiscall, 5 stack slot(s), result unused at every site (void?) [eax read at 0/2 sites]"
0x003D3BA0,13,0,read,7,,6/6,0/4,void FUN_007d3ba0(void),"__thiscall, 0 stack slots, result unused at every site (void?) [eax read at 0/4 sites]"
0x003D4630,54,0,read,1,,1/1,0/1,void FUN_007d4630(void),"__thiscall, 0 stack slots, result unused at every site (void?) [eax read at 0/1 sites]"
0x003D4F00,95,12,read,6,4:2 8:1,6/6,3/6,"int FUN_007d4f00(int param_1,int param_2,int param_3)","__thiscall, 3 stack slot(s), returns a value [eax read at 3/6 sites]"
0x003D5C90,7,0,read,2,,2/2,2/2,undefined4 FUN_007d5c90(void),"__thiscall, 0 stack slots, returns a value [eax read at 2/2 sites]"
0x003D60E0,152,0,read,5,8:1 24:1,5/5,0/5,"void FUN_007d60e0(int param_1,float param_2)","__thiscall, 0 stack slots, result unused at every site (void?) [eax read at 0/5 sites]"
0x003D6210,181,32,read,10,,10/10,10/10,undefined4,"__thiscall, 8 stack slot(s), returns a value [eax read at 10/10 sites]"
0x003D80F0,749,0,read,1,,1/1,0/1,void FUN_007d80f0(void),"__thiscall, 0 stack slots, result unused at every site (void?) [eax read at 0/1 sites]"
0x003D8C40,1494,12,read,2,24:1,2/2,1/2,"undefined4 FUN_007d8c40(float *param_1,float *param_2,float *param_3)","__thiscall, 3 stack slot(s), returns a value [eax read at 1/2 sites]"
0x003D96A0,378,12,read,1,,1/1,1/1,"undefined4 FUN_007d96a0(int param_1,undefined4 param_2,int param_3)","__thiscall, 3 stack slot(s), returns a value [eax read at 1/1 sites]"
0x003D9970,711,36,read,4,,4/4,0/0,"void FUN_007d9970(int *param_1,int *param_2,int *param_3,undefined4 param_4,undefined4 param_5,","__thiscall, 9 stack slot(s), no call site decoded"
0x003D9F00,969,16,write,1,,1/1,1/1,"undefined4 FUN_007d9f00(int *param_1,int param_2,int *param_3,int *param_4)","__thiscall, 4 stack slot(s), returns a value [eax read at 1/1 sites]"
0x003DA3C0,1017,16,write,1,,1/1,1/1,"undefined4 FUN_007da3c0(int *param_1,int param_2,int *param_3,int *param_4)","__thiscall, 4 stack slot(s), returns a value [eax read at 1/1 sites]"
0x003DAD60,170,4,read,3,,3/3,0/3,undefined4 FUN_007dad60(float *param_1),"__thiscall, 1 stack slot(s), result unused at every site (void?) [eax read at 0/3 sites]"
0x003DAE40,633,8,read,9,,9/9,0/7,"void FUN_007dae40(int *param_1,int *param_2)","__thiscall, 2 stack slot(s), result unused at every site (void?) [eax read at 0/7 sites]"
0x003DB820,175,32,read,1,,1/1,1/1,"void FUN_007db820(undefined4 param_1,int param_2,undefined1 param_3,undefined4 param_4,int param_5,","__thiscall, 8 stack slot(s), returns a value [eax read at 1/1 sites]"
0x003DB900,201,8,read,14,,14/14,14/14,"int FUN_007db900(undefined4 *param_1,undefined4 *param_2)","__thiscall, 2 stack slot(s), returns a value [eax read at 14/14 sites]"
0x003DBA70,124,0,read,2,,2/2,0/2,void FUN_007dba70(void),"__thiscall, 0 stack slots, result unused at every site (void?) [eax read at 0/2 sites]"
0x003DBB30,124,0,read,2,,2/2,0/2,void FUN_007dbb30(void),"__thiscall, 0 stack slots, result unused at every site (void?) [eax read at 0/2 sites]"
0x003DC810,729,24,read,14,,14/14,14/14,"int FUN_007dc810(uint param_1,int param_2,int param_3,int param_4,int param_5,char param_6)","__thiscall, 6 stack slot(s), returns a value [eax read at 14/14 sites]"
0x003DCBA0,373,20,read,1,,1/1,0/1,undefined4,"__thiscall, 5 stack slot(s), result unused at every site (void?) [eax read at 0/1 sites]"
0x003DD930,987,16,read,5,,5/5,0/5,"void FUN_007dd930(int param_1,float *param_2,int *param_3,undefined4 param_4)","__thiscall, 4 stack slot(s), result unused at every site (void?) [eax read at 0/5 sites]"
0x003DDE30,33,0,read,1,,1/1,0/1,void FUN_007dde30(void),"__thiscall, 0 stack slots, result unused at every site (void?) [eax read at 0/1 sites]"
0x003DF0C0,221,8,read,1,,1/1,1/1,"void FUN_007df0c0(float param_1,int *param_2)","__thiscall, 2 stack slot(s), returns a value [eax read at 1/1 sites]"
0x003DF250,648,8,read,3,,3/3,3/3,"undefined4 FUN_007df250(int param_1,float *param_2)","__thiscall, 2 stack slot(s), returns a value [eax read at 3/3 sites]"
0x003DF580,2029,32,read,17,,16/16,17/17,"uint FUN_007df580(int param_1,int param_2,int param_3,int param_4,int param_5,char param_6,","__thiscall, 8 stack slot(s), returns a value [eax read at 17/17 sites]"
0x003E05B0,715,8,read,9,,9/9,8/8,"uint FUN_007e05b0(int param_1,int *param_2)","__thiscall, 2 stack slot(s), returns a value [eax read at 8/8 sites]"
0x003E0930,938,12,read,5,,5/5,5/5,"uint FUN_007e0930(int param_1,int *param_2,int *param_3)","__thiscall, 3 stack slot(s), returns a value [eax read at 5/5 sites]"
0x003E17A0,1514,8,read,3,,3/3,3/3,"int FUN_007e17a0(int param_1,float *param_2)","__thiscall, 2 stack slot(s), returns a value [eax read at 3/3 sites]"
0x003E2580,58,8,read,1,,1/1,0/1,"undefined4 FUN_007e2580(undefined4 param_1,int *param_2)","__thiscall, 2 stack slot(s), result unused at every site (void?) [eax read at 0/1 sites]"
0x003E3650,538,16,read,2,16:1,2/2,1/2,"undefined4 FUN_007e3650(int *param_1,int *param_2,int param_3,int *param_4)","__thiscall, 4 stack slot(s), returns a value [eax read at 1/2 sites]"
0x003E3F70,424,4,read,6,,6/6,0/6,void FUN_007e3f70(int param_1),"__thiscall, 1 stack slot(s), result unused at every site (void?) [eax read at 0/6 sites]"
0x003E4330,672,12,read,3,,2/2,2/3,"int FUN_007e4330(int param_1,float *param_2,int param_3)","__thiscall, 3 stack slot(s), returns a value [eax read at 2/3 sites]"
0x003E4680,693,12,read,5,,5/5,5/5,"int FUN_007e4680(int param_1,float *param_2,int param_3)","__thiscall, 3 stack slot(s), returns a value [eax read at 5/5 sites]"
0x003E49F0,753,12,read,2,,0/0,1/2,"int FUN_007e49f0(int param_1,float *param_2,int param_3)","__thiscall, 3 stack slot(s), returns a value [eax read at 1/2 sites]"
0x003E4DA0,488,8,read,1,,1/1,1/1,"uint FUN_007e4da0(float param_1,float *param_2)","__thiscall, 2 stack slot(s), returns a value [eax read at 1/1 sites]"
0x003E5010,1262,16,read,5,,5/5,0/5,"void FUN_007e5010(int param_1,float *param_2,int param_3)","__thiscall, 4 stack slot(s), result unused at every site (void?) [eax read at 0/5 sites]"
0x003E6B80,623,16,read,1,,1/1,1/1,"int FUN_007e6b80(undefined4 param_1,undefined4 param_2,undefined4 param_3,undefined4 param_4)","__thiscall, 4 stack slot(s), returns a value [eax read at 1/1 sites]"
0x003E6EE0,2308,36,read,6,,6/6,5/6,"int FUN_007e6ee0(undefined4 *param_1,undefined4 *param_2,int param_3,undefined4 param_4,","__thiscall, 9 stack slot(s), returns a value [eax read at 5/6 sites]"
0x003E7B90,453,16,read,2,,2/2,2/2,"undefined4 FUN_007e7b90(uint param_1,undefined4 param_2,float *param_3,float *param_4)","__thiscall, 4 stack slot(s), returns a value [eax read at 2/2 sites]"
0x003E7DD0,115,4,read,1,,1/1,1/1,uint * FUN_007e7dd0(uint *param_1),"__thiscall, 1 stack slot(s), returns a value [eax read at 1/1 sites]"
0x003E9720,1305,20,read,57,8:1 100:4,57/57,0/47,"void FUN_007e9720(int param_1,float *param_2,int param_3)","__thiscall, 5 stack slot(s), result unused at every site (void?) [eax read at 0/47 sites]"
0x003EA370,409,8,read,1,,1/1,0/1,"void FUN_007ea370(int param_1,int param_2)","__thiscall, 2 stack slot(s), result unused at every site (void?) [eax read at 0/1 sites]"
0x003EA980,501,16,read,12,,11/11,10/12,"bool FUN_007ea980(float param_1,undefined4 *param_2,int param_3,undefined4 *param_4)","__thiscall, 4 stack slot(s), returns a value [eax read at 10/12 sites]"
0x003EAC80,1101,12,read,15,,15/15,1/14,"uint FUN_007eac80(int param_1,int param_2,float *param_3)","__thiscall, 3 stack slot(s), returns a value [eax read at 1/14 sites]"
0x003ECC70,640,24,read,1,,1/1,1/1,"undefined4 FUN_007ecc70(int param_1,int param_2,undefined4 param_3)","__thiscall, 6 stack slot(s), returns a value [eax read at 1/1 sites]"
0x003ED070,1708,16,read,4,32:1,4/4,3/4,"undefined4 FUN_007ed070(int param_1,int param_2,int param_3,int param_4)","__thiscall, 4 stack slot(s), returns a value [eax read at 3/4 sites]"
0x003EDF90,631,16,read,37,4:2 56:1 108:1 124:1,36/36,28/37,"undefined1 FUN_007edf90(int param_1,undefined4 param_2,undefined4 param_3,int param_4)","__thiscall, 4 stack slot(s), returns a value [eax read at 28/37 sites]"
0x003EEB90,4836,28,read,6,,4/4,4/6,undefined4,"__thiscall, 7 stack slot(s), returns a value [eax read at 4/6 sites]"
0x003F0340,2347,16,read,1,,1/1,0/1,"int FUN_007f0340(int param_1,int param_2,undefined4 *param_3,float *param_4)","__thiscall, 4 stack slot(s), result unused at every site (void?) [eax read at 0/1 sites]"
0x003F5C70,335,12,read,1,,1/1,0/1,"undefined4 FUN_007f5c70(int param_1,undefined4 param_2,float *param_3)","__thiscall, 3 stack slot(s), result unused at every site (void?) [eax read at 0/1 sites]"
0x003F5E20,345,16,read,7,,7/7,7/7,"undefined4 FUN_007f5e20(int param_1,float *param_2,int param_3,undefined4 param_4)","__thiscall, 4 stack slot(s), returns a value [eax read at 7/7 sites]"
0x003F9310,3812,8,read,3,,3/3,0/3,"void FUN_007f9310(int *param_1,char param_2)","__thiscall, 2 stack slot(s), result unused at every site (void?) [eax read at 0/3 sites]"
0x003FA5B0,3964,12,read,4,,1/1,0/3,"void FUN_007fa5b0(int *param_1,uint param_2,char param_3)","__thiscall, 3 stack slot(s), result unused at every site (void?) [eax read at 0/3 sites]"
0x003FBAA0,3,0,none,1,20:1,1/1,0/1,undefined4 FUN_007fbaa0(void),"__thiscall, 0 stack slots, result unused at every site (void?) [eax read at 0/1 sites]"
0x003FBB20,85,8,read,4,,4/4,4/4,"uint FUN_007fbb20(int param_1,int param_2)","__thiscall, 2 stack slot(s), returns a value [eax read at 4/4 sites]"
0x003FBBB0,1,0,none,1,,1/1,0/0,void FUN_007fbbb0(void),"__thiscall, 0 stack slots, no call site decoded"
0x003FCF90,10,4,read,8,,8/8,0/5,void FUN_007fcf90(undefined4 param_1),"__thiscall, 1 stack slot(s), result unused at every site (void?) [eax read at 0/5 sites]"
0x003FD7D0,940,16,read,22,,21/21,0/17,"void FUN_007fd7d0(undefined4 param_1,int param_2,float *param_3,char param_4)","__thiscall, 4 stack slot(s), result unused at every site (void?) [eax read at 0/17 sites]"
0x003FEBB0,1990,16,read,2,,2/2,0/1,"void FUN_007febb0(int param_1,int param_2,int param_3,float param_4)","__thiscall, 4 stack slot(s), result unused at every site (void?) [eax read at 0/1 sites]"
0x003FF570,124,0,read,1,,1/1,0/1,void FUN_007ff570(void),"__thiscall, 0 stack slots, result unused at every site (void?) [eax read at 0/1 sites]"
0x003FF630,124,0,read,1,,1/1,0/1,void FUN_007ff630(void),"__thiscall, 0 stack slots, result unused at every site (void?) [eax read at 0/1 sites]"
0x003FFB50,2139,28,read,5,72:1,5/5,2/5,undefined4,"__thiscall, 7 stack slot(s), returns a value [eax read at 2/5 sites]"
0x004005D0,689,20,read,1,,1/1,0/1,"void FUN_008005d0(undefined4 param_1,int param_2,int param_3,float *param_4,float param_5)","__thiscall, 5 stack slot(s), result unused at every site (void?) [eax read at 0/1 sites]"
0x004019F0,115,4,read,3,,3/3,3/3,uint * FUN_008019f0(uint *param_1),"__thiscall, 1 stack slot(s), returns a value [eax read at 3/3 sites]"
0x00401A80,115,4,read,2,,2/2,2/2,int * FUN_00801a80(int *param_1),"__thiscall, 1 stack slot(s), returns a value [eax read at 2/2 sites]"
0x00401C70,946,4,read,2,,2/2,0/2,void FUN_00801c70(int *param_1),"__thiscall, 1 stack slot(s), result unused at every site (void?) [eax read at 0/2 sites]"
0x00403850,3,4,none,1,,1/1,0/1,void FUN_00803850(void),"__thiscall, 1 stack slot(s), result unused at every site (void?) [eax read at 0/1 sites]"
0x00403860,1,0,none,1,4:1,0/1,0/1,void FUN_00803860(void),"__cdecl, 1 stack slot(s), result unused at every site (void?) [eax read at 0/1 sites]"
0x00403EC0,253,,read,2,,2/2,0/2,void FUN_00803ec0(int param_1),"?, no ret decoded (tail call or wrong extent), result unused at every site (void?) [eax read at 0/2 sites]"
0x004041B0,53,4,read,6,,6/6,0/6,void FUN_008041b0(int param_1),"__thiscall, 1 stack slot(s), result unused at every site (void?) [eax read at 0/6 sites]"
0x004042C0,1222,8,read,1,,1/1,0/1,"void FUN_008042c0(int param_1,int *param_2)","__thiscall, 2 stack slot(s), result unused at every site (void?) [eax read at 0/1 sites]"
0x00404B10,3209,20,read,2,,2/2,0/2,"void FUN_00804b10(int param_1,int param_2,int *param_3,int param_4,int param_5)","__thiscall, 5 stack slot(s), result unused at every site (void?) [eax read at 0/2 sites]"
0x00405E80,1075,16,read,1,,1/1,0/1,"void FUN_00805e80(int param_1,int *param_2,int param_3,int param_4)","__thiscall, 4 stack slot(s), result unused at every site (void?) [eax read at 0/1 sites]"
0x00406EC0,283,8,read,6,,6/6,0/5,"void FUN_00806ec0(int param_1,int param_2)","__thiscall, 2 stack slot(s), result unused at every site (void?) [eax read at 0/5 sites]"
0x00407030,3949,16,read,2,,2/2,0/2,"void FUN_00807030(int param_1,int *param_2,int *param_3,int param_4)","__thiscall, 4 stack slot(s), result unused at every site (void?) [eax read at 0/2 sites]"
0x004085F0,990,8,read,1,,1/1,0/1,"void FUN_008085f0(int param_1,int *param_2)","__thiscall, 2 stack slot(s), result unused at every site (void?) [eax read at 0/1 sites]"
0x00408AD0,410,12,read,2,,2/2,0/2,"void FUN_00808ad0(undefined4 param_1,undefined4 param_2,IRegion2D *param_3)","__thiscall, 3 stack slot(s), result unused at every site (void?) [eax read at 0/2 sites]"
0x00409610,226,20,read,1,,1/1,0/1,"undefined4 FUN_00809610(int param_1,undefined4 param_2,int param_3,int param_4,int param_5)","__thiscall, 5 stack slot(s), result unused at every site (void?) [eax read at 0/1 sites]"
0x0040A6C0,71,8,read,2,,1/1,0/2,,"__thiscall, 2 stack slot(s), result unused at every site (void?) [eax read at 0/2 sites]"
0x0040AA10,54,0,read,1,,1/1,0/1,void FUN_0080aa10(void),"__thiscall, 0 stack slots, result unused at every site (void?) [eax read at 0/1 sites]"
0x0040B170,9,0,read,2,,2/2,0/2,void FUN_0080b170(void),"__thiscall, 0 stack slots, result unused at every site (void?) [eax read at 0/2 sites]"
0x0040DE00,502,0,read,2,,1/1,0/2,void FUN_0080de00(void),"__thiscall, 0 stack slots, result unused at every site (void?) [eax read at 0/2 sites]"
0x0040E1F0,1,0,none,2,,2/2,0/1,void FUN_0080e1f0(void),"__thiscall, 0 stack slots, result unused at every site (void?) [eax read at 0/1 sites]"
0x0040E2F0,118,12,read,1,,1/1,0/1,"void FUN_0080e2f0(int *param_1,int param_2,undefined4 param_3)","__thiscall, 3 stack slot(s), result unused at every site (void?) [eax read at 0/1 sites]"
0x0040E680,616,4,read,2,,2/2,2/2,uint FUN_0080e680(float param_1),"__thiscall, 1 stack slot(s), returns a value [eax read at 2/2 sites]"
0x0040EE90,282,0,read,3,,3/3,0/3,void FUN_0080ee90(void),"__thiscall, 0 stack slots, result unused at every site (void?) [eax read at 0/3 sites]"
0x0040F260,508,0,read,1,,0/0,0/0,void FUN_0080f260(void),"__thiscall, 0 stack slots, no call site decoded"
0x00410D20,1,0,none,4,12:1,4/4,0/4,void FUN_00810d20(void),"__thiscall, 0 stack slots, result unused at every site (void?) [eax read at 0/4 sites]"
0x00411580,7,0,read,10,,10/10,10/10,undefined4 FUN_00811580(void),"__thiscall, 0 stack slots, returns a value [eax read at 10/10 sites]"
0x00411590,7,0,read,2,,2/2,2/2,undefined4 FUN_00811590(void),"__thiscall, 0 stack slots, returns a value [eax read at 2/2 sites]"
0x00411CD0,201,0,read,7,,5/5,0/5,void FUN_00811cd0(void),"__thiscall, 0 stack slots, result unused at every site (void?) [eax read at 0/5 sites]"
0x00413A40,922,24,write,2,,2/2,0/2,undefined4,"__thiscall, 6 stack slot(s), result unused at every site (void?) [eax read at 0/2 sites]"
0x00416820,390,16,read,4,,4/4,0/2,"void FUN_00816820(int param_1,float param_2,float param_3,float param_4)","__thiscall, 4 stack slot(s), result unused at every site (void?) [eax read at 0/2 sites]"
0x00416FE0,97,4,read,92,,92/92,92/92,undefined * FUN_00816fe0(undefined4 param_1),"__thiscall, 1 stack slot(s), returns a value [eax read at 92/92 sites]"
0x00417330,205,4,read,2,,2/2,0/2,void FUN_00817330(undefined4 *param_1),"__thiscall, 1 stack slot(s), result unused at every site (void?) [eax read at 0/2 sites]"
0x00417430,351,8,read,3,,2/2,0/3,"int * FUN_00817430(int *param_1,undefined4 *param_2)","__thiscall, 2 stack slot(s), result unused at every site (void?) [eax read at 0/3 sites]"
0x004175F0,231,8,read,2,,2/2,0/1,"int * FUN_008175f0(int *param_1,int param_2)","__thiscall, 2 stack slot(s), result unused at every site (void?) [eax read at 0/1 sites]"
0x00417710,681,8,read,4,,4/4,0/3,"void FUN_00817710(undefined4 param_1,char param_2)","__thiscall, 2 stack slot(s), result unused at every site (void?) [eax read at 0/3 sites]"
0x00417AE0,366,4,read,1,,1/1,0/0,void FUN_00817ae0(undefined4 param_1),"__thiscall, 1 stack slot(s), no call site decoded"
0x004182A0,271,0,read,2,,2/2,2/2,void FUN_008182a0(void),"__thiscall, 0 stack slots, returns a value [eax read at 2/2 sites]"
0x00418600,178,0,write,1,,0/1,1/1,undefined1 FUN_00818600(void),"__cdecl, stack slots unknown (no caller cleanup after 1 site(s): 0, or deferred); ghidra reads 0, returns a value [eax read at 1/1 sites]"
0x00418880,381,4,read,1,,0/0,0/1,void FUN_00818880(StringBase<unsigned_short> *param_1),"__thiscall, 1 stack slot(s), result unused at every site (void?) [eax read at 0/1 sites]"
0x00418C50,265,20,read,3,,2/2,0/2,"void FUN_00818c50(void *param_1,undefined4 *param_2,undefined4 param_3,undefined4 *param_4,","__thiscall, 5 stack slot(s), result unused at every site (void?) [eax read at 0/2 sites]"
0x0041A2E0,466,4,read,8,,8/8,0/7,void FUN_0081a2e0(float *param_1),"__thiscall, 1 stack slot(s), result unused at every site (void?) [eax read at 0/7 sites]"
0x0041BAC0,695,0,read,1,,1/1,0/1,void FUN_0081bac0(void),"__thiscall, 0 stack slots, result unused at every site (void?) [eax read at 0/1 sites]"
0x0041BE60,2437,0,read,3,,3/3,0/2,void FUN_0081be60(void),"__thiscall, 0 stack slots, result unused at every site (void?) [eax read at 0/2 sites]"
0x0041E9E0,391,0,read,1,,1/1,0/1,void FUN_0081e9e0(void),"__thiscall, 0 stack slots, result unused at every site (void?) [eax read at 0/1 sites]"
0x0041EBD0,812,4,read,1,152:1,1/1,0/1,void FUN_0081ebd0(int param_1),"__thiscall, 1 stack slot(s), result unused at every site (void?) [eax read at 0/1 sites]"
0x00421E10,6,0,none,28,,8/24,28/28,undefined4 * FUN_00821e10(void),"__cdecl, stack slots unknown (no caller cleanup after 28 site(s): 0, or deferred); ghidra reads 0, returns a value [eax read at 28/28 sites]"
0x00421E40,6,0,none,15,,1/11,15/15,undefined * FUN_00821e40(void),"__cdecl, stack slots unknown (no caller cleanup after 15 site(s): 0, or deferred); ghidra reads 0, returns a value [eax read at 15/15 sites]"
0x00421E70,6,0,none,11,,1/8,11/11,undefined * FUN_00821e70(void),"__cdecl, stack slots unknown (no caller cleanup after 11 site(s): 0, or deferred); ghidra reads 0, returns a value [eax read at 11/11 sites]"
0x00422300,72,0,read,1,,1/1,0/1,void FUN_00822300(void),"__thiscall, 0 stack slots, result unused at every site (void?) [eax read at 0/1 sites]"
0x004247C0,124,0,read,5,12:1 40:1,5/5,0/4,void FUN_008247c0(void),"__thiscall, 0 stack slots, result unused at every site (void?) [eax read at 0/4 sites]"
0x00424990,106,4,read,4,,2/2,0/4,void FUN_00824990(undefined4 param_1),"__thiscall, 1 stack slot(s), result unused at every site (void?) [eax read at 0/4 sites]"
0x00424AC0,178,4,read,7,,6/6,0/3,void FUN_00824ac0(int *param_1),"__thiscall, 1 stack slot(s), result unused at every site (void?) [eax read at 0/3 sites]"
0x00425680,73,0,read,2,,2/2,2/2,void FUN_00825680(void),"__thiscall, 0 stack slots, returns a value [eax read at 2/2 sites]"
0x004258E0,62,4,read,1,,1/1,0/1,void FUN_008258e0(undefined4 param_1),"__thiscall, 1 stack slot(s), result unused at every site (void?) [eax read at 0/1 sites]"
0x004271B0,373,,read,1,,1/1,0/1,void FUN_008271b0(void),"?, no ret decoded (tail call or wrong extent), result unused at every site (void?) [eax read at 0/1 sites]"
0x0042CDF0,351,8,call,1,,1/1,1/1,"undefined4 * FUN_0082cdf0(undefined4 *param_1,char *param_2)","__thiscall, 2 stack slot(s), returns a value [eax read at 1/1 sites]"
0x0042CFB0,111,4,read,4,,4/4,0/2,void FUN_0082cfb0(undefined4 *param_1),"__thiscall, 1 stack slot(s), result unused at every site (void?) [eax read at 0/2 sites]"
0x00430A90,58,0,read,4,,2/2,0/1,void FUN_00830a90(void),"__thiscall, 0 stack slots, result unused at every site (void?) [eax read at 0/1 sites]"
0x00430CA0,126,0,read,1,,1/1,0/1,void FUN_00830ca0(void),"__thiscall, 0 stack slots, result unused at every site (void?) [eax read at 0/1 sites]"
0x004326C0,106,4,read,3,,1/1,0/2,void FUN_008326c0(undefined4 param_1),"__thiscall, 1 stack slot(s), result unused at every site (void?) [eax read at 0/2 sites]"
0x004340C0,177,0,call,2,36:1,1/2,2/2,,"__cdecl, 9 stack slot(s), returns a value [eax read at 2/2 sites]"
0x00434D80,15,4,read,1,,1/1,0/1,void FUN_00834d80(void),"__thiscall, 1 stack slot(s), result unused at every site (void?) [eax read at 0/1 sites]"
0x00434E40,79,0,write,8,8:6,2/5,0/3,"void FUN_00834e40(StringBase<unsigned_short> *param_1,StringBase<unsigned_short> *param_2)","__cdecl, 2 stack slot(s), result unused at every site (void?) [eax read at 0/3 sites]"
0x00434FA0,59,4,read,1,,1/1,0/1,int FUN_00834fa0(int param_1),"__thiscall, 1 stack slot(s), result unused at every site (void?) [eax read at 0/1 sites]"
0x00434FF0,265,20,read,2,,1/1,0/2,"void FUN_00834ff0(void *param_1,undefined4 *param_2,undefined4 param_3,undefined4 *param_4,","__thiscall, 5 stack slot(s), result unused at every site (void?) [eax read at 0/2 sites]"
0x004354F0,517,28,read,2,,2/2,0/2,"void FUN_008354f0(undefined4 param_1,undefined4 param_2,float param_3,undefined4 param_4,int param_5","__thiscall, 7 stack slot(s), result unused at every site (void?) [eax read at 0/2 sites]"
0x00435A40,747,8,read,2,24:1,2/2,0/2,"void FUN_00835a40(StringBase<unsigned_short> *param_1,undefined4 param_2)","__thiscall, 2 stack slot(s), result unused at every site (void?) [eax read at 0/2 sites]"
0x00436960,50,4,call,1,,1/1,1/1,undefined1 FUN_00836960(int *param_1),"__thiscall, 1 stack slot(s), returns a value [eax read at 1/1 sites]"
0x0043D8C0,236,40,read,2,,2/2,2/2,"void FUN_0083d8c0(undefined4 param_1,undefined4 param_2,undefined1 param_3,undefined4 param_4,","__thiscall, 10 stack slot(s), returns a value [eax read at 2/2 sites]"
0x0043E260,253,4,read,1,,1/1,1/1,int FUN_0083e260(int *param_1),"__thiscall, 1 stack slot(s), returns a value [eax read at 1/1 sites]"
0x0043E5C0,233,0,read,2,,2/2,2/2,undefined4 FUN_0083e5c0(StringBase<unsigned_short> *param_1),"__thiscall, 0 stack slots, returns a value [eax read at 2/2 sites]"
0x00440510,66,0,read,3,16:1,3/3,0/3,void FUN_00840510(void),"__thiscall, 0 stack slots, result unused at every site (void?) [eax read at 0/3 sites]"
0x00442DE0,397,8,read,3,,3/3,0/3,"void FUN_00842de0(int param_1,int param_2)","__thiscall, 2 stack slot(s), result unused at every site (void?) [eax read at 0/3 sites]"
0x00442FD0,380,8,read,1,,0/0,0/1,"int FUN_00842fd0(code *param_1,int param_2)","__thiscall, 2 stack slot(s), result unused at every site (void?) [eax read at 0/1 sites]"
0x00443910,522,20,read,2,,2/2,0/1,"void FUN_00843910(int *param_1,int *param_2,int param_3,float param_4,float param_5)","__thiscall, 5 stack slot(s), result unused at every site (void?) [eax read at 0/1 sites]"
0x00443DF0,61,4,read,6,,6/6,0/6,void FUN_00843df0(int param_1),"__thiscall, 1 stack slot(s), result unused at every site (void?) [eax read at 0/6 sites]"
0x00443E40,58,0,read,6,,4/4,1/2,void FUN_00843e40(void),"__thiscall, 0 stack slots, returns a value [eax read at 1/2 sites]"
0x004491D0,124,0,read,1,,1/1,0/1,void FUN_008491d0(void),"__thiscall, 0 stack slots, result unused at every site (void?) [eax read at 0/1 sites]"
0x004496D0,61,4,read,5,,5/5,0/5,void FUN_008496d0(int param_1),"__thiscall, 1 stack slot(s), result unused at every site (void?) [eax read at 0/5 sites]"
0x0044A2E0,757,0,read,1,,1/1,0/1,void FUN_0084a2e0(void),"__thiscall, 0 stack slots, result unused at every site (void?) [eax read at 0/1 sites]"
0x0044A6A0,356,0,read,1,,1/1,0/0,void FUN_0084a6a0(void),"__thiscall, 0 stack slots, no call site decoded"
0x0044C120,242,4,read,2,,2/2,2/2,int FUN_0084c120(StringBase<char> *param_1),"__thiscall, 1 stack slot(s), returns a value [eax read at 2/2 sites]"
0x0044D4C0,331,4,read,3,,1/1,3/3,int FUN_0084d4c0(StringBase<unsigned_short> *param_1),"__thiscall, 1 stack slot(s), returns a value [eax read at 3/3 sites]"
0x0044DB90,410,4,read,10,,10/10,0/9,void FUN_0084db90(StringBase<unsigned_short> *param_1),"__thiscall, 1 stack slot(s), result unused at every site (void?) [eax read at 0/9 sites]"
0x0044F3C0,9,0,read,2,,2/2,0/2,void FUN_0084f3c0(void),"__thiscall, 0 stack slots, result unused at every site (void?) [eax read at 0/2 sites]"
0x004508D0,303,0,none,1,4:1,0/1,0/1,void FUN_008508d0(void),"__cdecl, 1 stack slot(s), result unused at every site (void?) [eax read at 0/1 sites]"
0x004516E0,1212,0,write,6,4:3,0/6,6/6,int FUN_008516e0(void),"__cdecl, 1 stack slot(s), returns a value [eax read at 6/6 sites]"
0x00452300,265,20,read,3,,2/2,0/2,"void FUN_00852300(void *param_1,undefined4 *param_2,undefined4 param_3,undefined4 *param_4,","__thiscall, 5 stack slot(s), result unused at every site (void?) [eax read at 0/2 sites]"
0x00454300,164,0,call,1,,1/1,0/1,void FUN_00854300(void),"__thiscall, 0 stack slots, result unused at every site (void?) [eax read at 0/1 sites]"
0x00454B00,802,0,write,1,8:1,0/1,0/1,"undefined4 FUN_00854b00(int param_1,int param_2)","__cdecl, 2 stack slot(s), result unused at every site (void?) [eax read at 0/1 sites]"
0x00454EF0,366,0,read,1,,1/1,0/1,void FUN_00854ef0(void),"__thiscall, 0 stack slots, result unused at every site (void?) [eax read at 0/1 sites]"
0x004550C0,1814,4,read,2,4:1,2/2,0/2,void FUN_008550c0(char param_1),"__thiscall, 1 stack slot(s), result unused at every site (void?) [eax read at 0/2 sites]"
0x00455F60,1069,0,call,6,16:6,0/6,0/6,"void FUN_00855f60(undefined4 param_1,int param_2,int param_3,int param_4)","__cdecl, 4 stack slot(s), result unused at every site (void?) [eax read at 0/6 sites]"
0x00456A90,1178,0,write,3,12:3,0/3,0/3,"int FUN_00856a90(int ****param_1,int ***param_2,StringBase<char> *param_3)","__cdecl, 3 stack slot(s), result unused at every site (void?) [eax read at 0/3 sites]"
0x00457090,66,0,write,11,16:11,2/11,0/11,"void FUN_00857090(undefined4 param_1,char param_2,char param_3,undefined4 param_4)","__cdecl, 4 stack slot(s), result unused at every site (void?) [eax read at 0/11 sites]"
0x004577C0,288,,read,2,,2/2,2/2,byte FUN_008577c0(void),"?, no ret decoded (tail call or wrong extent), returns a value [eax read at 2/2 sites]"
0x0045F5C0,41,8,read,10,,8/8,8/10,"uint FUN_0085f5c0(StringBase<char> *param_1,uint param_2)","__thiscall, 2 stack slot(s), returns a value [eax read at 8/10 sites]"
0x0045FB80,61,4,read,5,,5/5,0/5,void FUN_0085fb80(int param_1),"__thiscall, 1 stack slot(s), result unused at every site (void?) [eax read at 0/5 sites]"
0x00461EC0,54,0,read,1,,1/1,0/1,void FUN_00861ec0(void),"__thiscall, 0 stack slots, result unused at every site (void?) [eax read at 0/1 sites]"
0x00462540,360,0,none,2,24:2,1/2,0/2,StringBase<char> *,"__cdecl, 6 stack slot(s), result unused at every site (void?) [eax read at 0/2 sites]"
0x00462A20,115,0,write,1,,0/1,0/1,void FUN_00862a20(void),"__cdecl, stack slots unknown (no caller cleanup after 1 site(s): 0, or deferred); ghidra reads 0, result unused at every site (void?) [eax read at 0/1 sites]"
0x00463C30,72,0,read,1,,1/1,0/1,void FUN_00863c30(void),"__thiscall, 0 stack slots, result unused at every site (void?) [eax read at 0/1 sites]"
0x00463C90,72,0,read,1,,1/1,0/1,void FUN_00863c90(void),"__thiscall, 0 stack slots, result unused at every site (void?) [eax read at 0/1 sites]"
0x00463CF0,72,0,read,1,,1/1,0/1,void FUN_00863cf0(void),"__thiscall, 0 stack slots, result unused at every site (void?) [eax read at 0/1 sites]"
0x00467F20,293,4,read,1,,1/1,0/0,undefined4 FUN_00867f20(uint param_1),"__thiscall, 1 stack slot(s), no call site decoded"
0x00469A90,45,4,read,6,,6/6,0/6,void FUN_00869a90(int *param_1),"__thiscall, 1 stack slot(s), result unused at every site (void?) [eax read at 0/6 sites]"
0x0046CF80,251,4,read,1,,1/1,0/1,undefined1 * FUN_0086cf80(char *param_1),"__thiscall, 1 stack slot(s), result unused at every site (void?) [eax read at 0/1 sites]"
0x0046E170,371,0,read,1,,1/1,0/1,void FUN_0086e170(void),"__thiscall, 0 stack slots, result unused at every site (void?) [eax read at 0/1 sites]"
0x004715B0,265,20,read,7,,5/5,0/7,"void FUN_008715b0(void *param_1,undefined4 *param_2,undefined4 param_3,undefined4 *param_4,","__thiscall, 5 stack slot(s), result unused at every site (void?) [eax read at 0/7 sites]"
0x00471700,265,20,read,4,,3/3,0/1,"void FUN_00871700(void *param_1,undefined4 *param_2,undefined4 param_3,undefined4 *param_4,","__thiscall, 5 stack slot(s), result unused at every site (void?) [eax read at 0/1 sites]"
0x00478540,7,0,read,39,,39/39,38/39,undefined4 FUN_00878540(void),"__thiscall, 0 stack slots, returns a value [eax read at 38/39 sites]"
0x00483A10,265,20,read,6,,5/5,0/4,"void FUN_00883a10(void *param_1,undefined4 *param_2,undefined4 param_3,undefined4 *param_4,","__thiscall, 5 stack slot(s), result unused at every site (void?) [eax read at 0/4 sites]"
0x00484080,379,4,none,2,,2/2,0/2,void FUN_00884080(int param_1),"__thiscall, 1 stack slot(s), result unused at every site (void?) [eax read at 0/2 sites]"
0x004850C0,736,0,write,1,,0/1,1/1,undefined4 FUN_008850c0(void),"__cdecl, stack slots unknown (no caller cleanup after 1 site(s): 0, or deferred); ghidra reads 0, returns a value [eax read at 1/1 sites]"
0x00487F80,1328,0,write,2,8:1,0/2,2/2,"int * FUN_00887f80(int *param_1,int *param_2)","__cdecl, 2 stack slot(s), returns a value [eax read at 2/2 sites]"
0x0048CA80,5,,none,1,,1/1,0/1,void thunk_FUN_0088c480(void),"?, no ret decoded (tail call or wrong extent), result unused at every site (void?) [eax read at 0/1 sites]"
0x0048F140,265,20,read,2,,0/0,0/2,"void FUN_0088f140(void *param_1,undefined4 *param_2,undefined4 param_3,undefined4 *param_4,","__thiscall, 5 stack slot(s), result unused at every site (void?) [eax read at 0/2 sites]"
0x0048F290,265,20,read,3,,2/2,0/3,"void FUN_0088f290(void *param_1,undefined4 *param_2,undefined4 param_3,undefined4 *param_4,","__thiscall, 5 stack slot(s), result unused at every site (void?) [eax read at 0/3 sites]"
0x0048F5C0,571,8,read,1,,1/1,0/1,"void FUN_0088f5c0(int *param_1,int *param_2)","__thiscall, 2 stack slot(s), result unused at every site (void?) [eax read at 0/1 sites]"
0x0048F8C0,231,4,read,3,,3/3,0/3,void FUN_0088f8c0(int param_1),"__thiscall, 1 stack slot(s), result unused at every site (void?) [eax read at 0/3 sites]"
0x0048FAC0,367,12,read,3,,3/3,0/3,"void FUN_0088fac0(int *param_1,int param_2,StringBase<unsigned_short> *param_3)","__thiscall, 3 stack slot(s), result unused at every site (void?) [eax read at 0/3 sites]"
0x00495230,72,0,read,1,,1/1,0/1,void FUN_00895230(void),"__thiscall, 0 stack slots, result unused at every site (void?) [eax read at 0/1 sites]"
0x0049BA80,292,8,read,6,,3/3,0/5,"void FUN_0089ba80(int param_1,char param_2)","__thiscall, 2 stack slot(s), result unused at every site (void?) [eax read at 0/5 sites]"
0x0049CDF0,5,,none,3,,2/2,1/3,,"?, no ret decoded (tail call or wrong extent), returns a value [eax read at 1/3 sites]"
0x0049CE00,5,,none,1,,1/1,0/1,,"?, no ret decoded (tail call or wrong extent), result unused at every site (void?) [eax read at 0/1 sites]"
0x0049CFE0,3,4,none,5,12:1,4/4,0/3,void FUN_0089cfe0(void),"__thiscall, 1 stack slot(s), result unused at every site (void?) [eax read at 0/3 sites]"
0x0049D660,787,0,read,2,,2/2,0/2,void FUN_0089d660(void),"__thiscall, 0 stack slots, result unused at every site (void?) [eax read at 0/2 sites]"
0x0049F8B0,790,4,read,3,,3/3,0/3,void FUN_0089f8b0(undefined4 param_1),"__thiscall, 1 stack slot(s), result unused at every site (void?) [eax read at 0/3 sites]"
0x004A0B20,81,8,call,1,,1/1,1/1,"undefined4 FUN_008a0b20(undefined4 param_1,undefined4 param_2)","__thiscall, 2 stack slot(s), returns a value [eax read at 1/1 sites]"
0x004A2500,1571,0,read,2,,2/2,0/1,void FUN_008a2500(void),"__thiscall, 0 stack slots, result unused at every site (void?) [eax read at 0/1 sites]"
0x004A2CB0,576,0,read,1,,1/1,0/1,void FUN_008a2cb0(void),"__thiscall, 0 stack slots, result unused at every site (void?) [eax read at 0/1 sites]"
0x004A4090,167,4,read,2,,2/2,0/2,void FUN_008a4090(uint param_1),"__thiscall, 1 stack slot(s), result unused at every site (void?) [eax read at 0/2 sites]"
0x004A4240,4572,20,read,7,,5/5,7/7,"uint FUN_008a4240(uint param_1,int param_2,int param_3,float *param_4,uint param_5)","__thiscall, 5 stack slot(s), returns a value [eax read at 7/7 sites]"
0x004A5950,959,0,read,5,108:1,4/4,0/5,void FUN_008a5950(void),"__thiscall, 0 stack slots, result unused at every site (void?) [eax read at 0/5 sites]"
0x004A5E30,1381,8,read,2,24:1,2/2,0/2,void FUN_008a5e30(int param_1),"__thiscall, 2 stack slot(s), result unused at every site (void?) [eax read at 0/2 sites]"
0x004A9010,600,8,read,1,,1/1,0/1,"void FUN_008a9010(int param_1,char param_2)","__thiscall, 2 stack slot(s), result unused at every site (void?) [eax read at 0/1 sites]"
0x004A9300,634,0,read,2,20:1,2/2,0/2,void FUN_008a9300(void),"__thiscall, 0 stack slots, result unused at every site (void?) [eax read at 0/2 sites]"
0x004A9980,679,0,write,1,,1/1,0/0,void FUN_008a9980(void),"__thiscall, 0 stack slots, no call site decoded"
0x004A9CD0,1047,0,write,5,48:1,5/5,0/3,void FUN_008a9cd0(void),"__thiscall, 0 stack slots, result unused at every site (void?) [eax read at 0/3 sites]"
0x004AE080,590,4,read,1,,1/1,0/1,void FUN_008ae080(void),"__thiscall, 1 stack slot(s), result unused at every site (void?) [eax read at 0/1 sites]"
0x004B0130,31,0,write,2,8:1,1/2,0/2,"void FUN_008b0130(undefined4 *param_1,undefined4 *param_2)","__cdecl, 2 stack slot(s), result unused at every site (void?) [eax read at 0/2 sites]"
0x004B07D0,61,4,read,8,,8/8,0/8,void FUN_008b07d0(int param_1),"__thiscall, 1 stack slot(s), result unused at every site (void?) [eax read at 0/8 sites]"
0x004B0850,355,0,read,2,,1/1,0/2,void FUN_008b0850(void),"__thiscall, 0 stack slots, result unused at every site (void?) [eax read at 0/2 sites]"
0x004B12F0,91,4,read,1,,1/1,0/1,int FUN_008b12f0(undefined4 param_1),"__thiscall, 1 stack slot(s), result unused at every site (void?) [eax read at 0/1 sites]"
0x004B19E0,342,4,read,3,,3/3,0/0,void FUN_008b19e0(int *param_1),"__thiscall, 1 stack slot(s), no call site decoded"
0x004B2260,86,0,call,1,,1/1,0/1,void FUN_008b2260(void),"__thiscall, 0 stack slots, result unused at every site (void?) [eax read at 0/1 sites]"
0x004B2330,252,0,write,1,,0/1,1/1,int FUN_008b2330(void),"__cdecl, stack slots unknown (no caller cleanup after 1 site(s): 0, or deferred); ghidra reads 0, returns a value [eax read at 1/1 sites]"
0x004B24F0,90,0,write,1,,0/0,1/1,undefined4 FUN_008b24f0(void),"__cdecl (or a __thiscall that never reads `this`), stack slots unknown (no caller cleanup after 1 site(s): 0, or deferred); ghidra reads 0, returns a value [eax read at 1/1 sites]"
0x004B2560,88,0,write,7,4:2 16:4 20:1,0/7,0/7,void FUN_008b2560(int *param_1),"__cdecl, 1 stack slot(s) (variadic?), result unused at every site (void?) [eax read at 0/7 sites]"
0x004B3E30,384,0,write,2,,0/2,0/2,void FUN_008b3e30(void),"__cdecl, stack slots unknown (no caller cleanup after 2 site(s): 0, or deferred); ghidra reads 0, result unused at every site (void?) [eax read at 0/2 sites]"
0x004B5A50,11,4,read,2,,2/2,0/1,void FUN_008b5a50(undefined4 param_1),"__thiscall, 1 stack slot(s), result unused at every site (void?) [eax read at 0/1 sites]"
0x004B5A60,13,4,read,3,,3/3,0/2,void FUN_008b5a60(undefined4 *param_1),"__thiscall, 1 stack slot(s), result unused at every site (void?) [eax read at 0/2 sites]"
0x004B5A70,1,0,none,9,16:1 52:1,9/9,0/7,void FUN_008b5a70(void),"__thiscall, 0 stack slots, result unused at every site (void?) [eax read at 0/7 sites]"
0x004BD400,98,0,write,2,8:2,0/2,0/2,void FUN_008bd400(int param_1),"__cdecl, 2 stack slot(s), result unused at every site (void?) [eax read at 0/2 sites]"
0x004BE210,242,0,write,12,8:11,0/4,0/5,"void FUN_008be210(undefined4 param_1,uint param_2)","__cdecl, 2 stack slot(s), result unused at every site (void?) [eax read at 0/5 sites]"
0x004C15D0,678,4,read,6,24:2 28:1,6/6,0/6,void FUN_008c15d0(int *param_1),"__thiscall, 1 stack slot(s), result unused at every site (void?) [eax read at 0/6 sites]"
0x004C3340,6,0,none,1,,0/1,1/1,undefined4 * FUN_008c3340(void),"__cdecl, stack slots unknown (no caller cleanup after 1 site(s): 0, or deferred); ghidra reads 0, returns a value [eax read at 1/1 sites]"
0x004C4500,32,4,read,1,,1/1,0/1,void FUN_008c4500(void),"__thiscall, 1 stack slot(s), result unused at every site (void?) [eax read at 0/1 sites]"
0x004C6AA0,51,0,call,3,8:3,0/1,0/3,void FUN_008c6aa0(code *param_1),"__cdecl, 2 stack slot(s), result unused at every site (void?) [eax read at 0/3 sites]"
0x004CB3F0,392,0,call,1,4:1,0/1,0/1,void FUN_008cb3f0(int param_1),"__cdecl, 1 stack slot(s), result unused at every site (void?) [eax read at 0/1 sites]"
0x004CC660,468,0,write,5,,1/5,0/4,void FUN_008cc660(void),"__cdecl, stack slots unknown (no caller cleanup after 5 site(s): 0, or deferred); ghidra reads 0, result unused at every site (void?) [eax read at 0/4 sites]"
0x004CD5F0,157,0,read,5,4:5,5/5,5/5,undefined4 FUN_008cd5f0(undefined1 **param_1),"__thiscall, 0 stack slots, returns a value [eax read at 5/5 sites]"
0x004CD6C0,139,0,write,2,4:1,0/2,2/2,int FUN_008cd6c0(void),"__cdecl, 1 stack slot(s), returns a value [eax read at 2/2 sites]"
0x004CD780,125,0,write,1,4:1,0/1,1/1,int FUN_008cd780(void),"__cdecl, 1 stack slot(s), returns a value [eax read at 1/1 sites]"
0x004CD820,437,0,call,1,,0/0,0/1,void FUN_008cd820(void),"__cdecl (or a __thiscall that never reads `this`), stack slots unknown (no caller cleanup after 1 site(s): 0, or deferred); ghidra reads 0, result unused at every site (void?) [eax read at 0/1 sites]"
0x004D1120,471,0,write,1,,0/1,0/1,void FUN_008d1120(void),"__cdecl, stack slots unknown (no caller cleanup after 1 site(s): 0, or deferred); ghidra reads 0, result unused at every site (void?) [eax read at 0/1 sites]"
0x004D49E0,37,4,read,1,,1/1,0/1,void FUN_008d49e0(undefined4 param_1),"__thiscall, 1 stack slot(s), result unused at every site (void?) [eax read at 0/1 sites]"
0x004D4B90,43,0,read,8,,8/8,0/3,void FUN_008d4b90(void),"__thiscall, 0 stack slots, result unused at every site (void?) [eax read at 0/3 sites]"
0x004D4BD0,124,0,read,4,,4/4,0/4,void FUN_008d4bd0(void),"__thiscall, 0 stack slots, result unused at every site (void?) [eax read at 0/4 sites]"
0x004D57F0,199,4,read,5,,4/4,0/5,void FUN_008d57f0(int *param_1),"__thiscall, 1 stack slot(s), result unused at every site (void?) [eax read at 0/5 sites]"
0x004D6420,936,0,write,5,,0/5,0/5,void FUN_008d6420(void),"__cdecl, stack slots unknown (no caller cleanup after 5 site(s): 0, or deferred); ghidra reads 0, result unused at every site (void?) [eax read at 0/5 sites]"
0x004DA980,208,0,write,23,8:14,0/22,21/23,"int FUN_008da980(int *param_1,int param_2)","__cdecl, 2 stack slot(s), returns a value [eax read at 21/23 sites]"
0x004DD2B0,2116,0,write,9,,0/8,0/9,void FUN_008dd2b0(void),"__cdecl, stack slots unknown (no caller cleanup after 9 site(s): 0, or deferred); ghidra reads 0, result unused at every site (void?) [eax read at 0/9 sites]"
0x004E2D50,315,0,write,1,4:1,0/1,0/1,void FUN_008e2d50(void),"__cdecl, 1 stack slot(s), result unused at every site (void?) [eax read at 0/1 sites]"
0x004EA9D0,776,0,write,4,4:3,0/4,0/3,void FUN_008ea9d0(int param_1),"__cdecl, 1 stack slot(s), result unused at every site (void?) [eax read at 0/3 sites]"
0x004EBE30,1771,0,write,10,16:1 20:1,0/10,0/9,void FUN_008ebe30(void),"__cdecl, stack slots unknown (cleanup after only 2/10 sites: 0 and deferred, or deferred elsewhere), result unused at every site (void?) [eax read at 0/9 sites]"
0x004ECD10,557,0,none,6,24:6,0/6,0/6,void FUN_008ecd10(void),"__cdecl, 6 stack slot(s), result unused at every site (void?) [eax read at 0/6 sites]"
0x004EE060,91,4,read,7,696:1,7/7,0/6,int FUN_008ee060(undefined4 param_1),"__thiscall, 1 stack slot(s), result unused at every site (void?) [eax read at 0/6 sites]"
0x004EE1C0,416,,write,1,8:1,0/0,0/0,"void FUN_008ee1c0(wchar_t *param_1,int *param_2)","__cdecl (or a __thiscall that never reads `this`), 2 stack slot(s), no call site decoded"
0x004EE510,3624,0,write,10,,1/6,0/9,void FUN_008ee510(void),"__cdecl, stack slots unknown (no caller cleanup after 10 site(s): 0, or deferred); ghidra reads 0, result unused at every site (void?) [eax read at 0/9 sites]"
0x004F2C00,2751,0,write,1,,0/1,0/1,void FUN_008f2c00(void),"__cdecl, stack slots unknown (no caller cleanup after 1 site(s): 0, or deferred); ghidra reads 0, result unused at every site (void?) [eax read at 0/1 sites]"
0x004F3F20,560,0,call,1,4:1,1/1,0/1,void FUN_008f3f20(int param_1),"__thiscall, 0 stack slots, result unused at every site (void?) [eax read at 0/1 sites]"
0x004F44E0,497,0,read,3,4:3,3/3,0/0,void FUN_008f44e0(int param_1),"__thiscall, 0 stack slots, no call site decoded"
0x004F6890,36,4,read,1,,1/1,0/1,,"__thiscall, 1 stack slot(s), result unused at every site (void?) [eax read at 0/1 sites]"
0x004F9920,262,0,write,5,,0/5,0/5,void FUN_008f9920(void),"__cdecl, stack slots unknown (no caller cleanup after 5 site(s): 0, or deferred); ghidra reads 0, result unused at every site (void?) [eax read at 0/5 sites]"
0x004F9C60,7,4,none,2,,2/2,2/2,undefined4 FUN_008f9c60(undefined4 param_1),"__thiscall, 1 stack slot(s), returns a value [eax read at 2/2 sites]"
0x004FA6F0,97,12,read,5,,4/4,0/5,"void FUN_008fa6f0(void *param_1,void *param_2)","__thiscall, 3 stack slot(s), result unused at every site (void?) [eax read at 0/5 sites]"
0x004FB170,51,0,read,4,,3/3,0/4,void FUN_008fb170(void),"__thiscall, 0 stack slots, result unused at every site (void?) [eax read at 0/4 sites]"
0x004FFFC0,418,0,write,2,,0/2,0/2,,"__cdecl, stack slots unknown (no caller cleanup after 2 site(s): 0, or deferred), result unused at every site (void?) [eax read at 0/2 sites]"
0x00503E30,58,0,none,1,,0/0,0/1,,"__cdecl (or a __thiscall that never reads `this`), stack slots unknown (no caller cleanup after 1 site(s): 0, or deferred), result unused at every site (void?) [eax read at 0/1 sites]"
0x00505C80,79,0,read,1,,1/1,0/0,void FUN_00905c80(void),"__thiscall, 0 stack slots, no call site decoded"
0x005063E0,34,,none,2,,2/2,0/1,void FUN_009063e0(void),"?, no ret decoded (tail call or wrong extent), result unused at every site (void?) [eax read at 0/1 sites]"
0x005082D0,726,8,read,3,,3/3,0/2,void FUN_009082d0(void),"__thiscall, 2 stack slot(s), result unused at every site (void?) [eax read at 0/2 sites]"
0x00508C80,1063,0,read,1,,1/1,0/1,void FUN_00908c80(void),"__thiscall, 0 stack slots, result unused at every site (void?) [eax read at 0/1 sites]"
0x00509B30,1893,4,read,1,,1/1,0/1,void FUN_00909b30(void),"__thiscall, 1 stack slot(s), result unused at every site (void?) [eax read at 0/1 sites]"
0x0050B200,456,0,write,6,12:6,0/6,6/6,StringBase<unsigned_short> *,"__cdecl, 3 stack slot(s), returns a value [eax read at 6/6 sites]"
0x0050B440,942,0,write,1,,0/1,0/1,void FUN_0090b440(void),"__cdecl, stack slots unknown (no caller cleanup after 1 site(s): 0, or deferred); ghidra reads 0, result unused at every site (void?) [eax read at 0/1 sites]"
0x0050BA40,1421,0,write,1,,0/1,0/1,void FUN_0090ba40(void),"__cdecl, stack slots unknown (no caller cleanup after 1 site(s): 0, or deferred); ghidra reads 0, result unused at every site (void?) [eax read at 0/1 sites]"
0x005132C0,265,20,read,4,,3/3,0/4,"void FUN_009132c0(void *param_1,undefined4 *param_2,undefined4 param_3,undefined4 *param_4,","__thiscall, 5 stack slot(s), result unused at every site (void?) [eax read at 0/4 sites]"
0x005147F0,473,0,read,2,,2/2,0/1,void FUN_009147f0(void),"__thiscall, 0 stack slots, result unused at every site (void?) [eax read at 0/1 sites]"
0x00516850,239,8,read,4,,4/4,1/4,"int FUN_00916850(undefined4 param_1,int *param_2)","__thiscall, 2 stack slot(s), returns a value [eax read at 1/4 sites]"
0x00518FF0,282,4,read,4,,3/3,0/4,void FUN_00918ff0(int param_1),"__thiscall, 1 stack slot(s), result unused at every site (void?) [eax read at 0/4 sites]"
0x0051BF30,739,4,read,2,16:2,2/2,0/2,void FUN_0091bf30(undefined1 *param_1),"__thiscall, 1 stack slot(s), result unused at every site (void?) [eax read at 0/2 sites]"
0x00520640,32,4,read,9,,8/8,9/9,StringBase<char> * FUN_00920640(StringBase<char> *param_1),"__thiscall, 1 stack slot(s), returns a value [eax read at 9/9 sites]"
0x00521160,447,4,read,1,24:1,1/1,0/1,void FUN_00921160(int param_1),"__thiscall, 1 stack slot(s), result unused at every site (void?) [eax read at 0/1 sites]"
0x00522110,319,0,write,2,12:2,0/2,0/2,"undefined4 FUN_00922110(undefined4 param_1,int *param_2,undefined4 param_3)","__cdecl, 3 stack slot(s), result unused at every site (void?) [eax read at 0/2 sites]"
0x00523610,6,0,none,4,,0/0,4/4,undefined * FUN_00923610(void),"__cdecl (or a __thiscall that never reads `this`), stack slots unknown (no caller cleanup after 4 site(s): 0, or deferred); ghidra reads 0, returns a value [eax read at 4/4 sites]"
0x00525450,219,0,call,2,8:2,0/0,1/2,"undefined4 FUN_00925450(undefined4 param_1,undefined4 param_2)","__cdecl (or a __thiscall that never reads `this`), 2 stack slot(s), returns a value [eax read at 1/2 sites]"
0x00525D10,368,4,read,1,,1/1,0/1,undefined1 FUN_00925d10(int param_1),"__thiscall, 1 stack slot(s), result unused at every site (void?) [eax read at 0/1 sites]"
0x00527930,1516,4,read,4,20:1,4/4,3/4,undefined4 FUN_00927930(undefined1 ***param_1),"__thiscall, 1 stack slot(s), returns a value [eax read at 3/4 sites]"
0x005280A0,570,0,read,3,,3/3,2/3,undefined4 FUN_009280a0(void),"__thiscall, 0 stack slots, returns a value [eax read at 2/3 sites]"
0x005284F0,1319,4,read,2,,2/2,1/2,undefined4 FUN_009284f0(int param_1),"__thiscall, 1 stack slot(s), returns a value [eax read at 1/2 sites]"
0x00529EC0,843,12,read,3,,3/3,0/0,"undefined4 FUN_00929ec0(uint param_1,int *param_2,undefined1 *param_3)","__thiscall, 3 stack slot(s), no call site decoded"
0x0052C1E0,50,4,read,1,,1/1,0/1,void FUN_0092c1e0(undefined4 *param_1),"__thiscall, 1 stack slot(s), result unused at every site (void?) [eax read at 0/1 sites]"
0x0052D210,120,0,write,2,20:1 32:1,0/2,1/2,"int * FUN_0092d210(int *param_1,int *param_2,int *param_3)","__cdecl, 5 stack slot(s), returns a value [eax read at 1/2 sites]"
0x00530550,479,0,write,1,,0/1,1/1,"undefined4 FUN_00930550(undefined4 param_1,int param_2)","__cdecl, stack slots unknown (no caller cleanup after 1 site(s): 0, or deferred); ghidra reads 2, returns a value [eax read at 1/1 sites]"
0x005307B0,2136,4,write,1,,1/1,0/1,void FUN_009307b0(undefined4 param_1),"__thiscall, 1 stack slot(s), result unused at every site (void?) [eax read at 0/1 sites]"
0x005313B0,627,0,write,2,16:1 20:1,0/2,1/2,StringBase<unsigned_short> *,"__cdecl, 4 stack slot(s), returns a value [eax read at 1/2 sites]"
0x00531DE0,171,8,call,1,,1/1,1/1,"int FUN_00931de0(int param_1,int *param_2)","__thiscall, 2 stack slot(s), returns a value [eax read at 1/1 sites]"
0x005337E0,1382,0,read,9,,7/7,0/9,void FUN_009337e0(void),"__thiscall, 0 stack slots, result unused at every site (void?) [eax read at 0/9 sites]"
0x00533EA0,999,0,write,9,4:8 28:1,0/8,0/9,void FUN_00933ea0(int param_1),"__cdecl, 1 stack slot(s), result unused at every site (void?) [eax read at 0/9 sites]"
0x00534380,1358,0,read,8,,7/7,0/8,void FUN_00934380(void),"__thiscall, 0 stack slots, result unused at every site (void?) [eax read at 0/8 sites]"
0x00536530,665,4,read,1,,1/1,1/1,undefined4 FUN_00936530(int param_1),"__thiscall, 1 stack slot(s), returns a value [eax read at 1/1 sites]"
0x00536870,240,0,read,2,,1/1,0/2,void FUN_00936870(void),"__thiscall, 0 stack slots, result unused at every site (void?) [eax read at 0/2 sites]"
0x00538530,279,0,read,1,840:1,1/1,0/1,void FUN_00938530(void),"__thiscall, 0 stack slots, result unused at every site (void?) [eax read at 0/1 sites]"
0x005397D0,298,,read,3,,1/1,0/3,void FUN_009397d0(void),"?, no ret decoded (tail call or wrong extent), result unused at every site (void?) [eax read at 0/3 sites]"
0x00539970,124,0,read,2,40:1 44:1,2/2,0/2,void FUN_00939970(void),"__thiscall, 0 stack slots, result unused at every site (void?) [eax read at 0/2 sites]"
0x0053AE60,84,4,read,21,,20/20,0/20,void FUN_0093ae60(undefined1 param_1),"__thiscall, 1 stack slot(s), result unused at every site (void?) [eax read at 0/20 sites]"
0x0053E390,992,0,read,1,,1/1,0/1,void FUN_0093e390(void),"__thiscall, 0 stack slots, result unused at every site (void?) [eax read at 0/1 sites]"
0x0053E870,1090,0,read,1,,1/1,0/1,void FUN_0093e870(void),"__thiscall, 0 stack slots, result unused at every site (void?) [eax read at 0/1 sites]"
0x0053FC00,622,0,read,15,,4/4,0/15,void FUN_0093fc00(void),"__thiscall, 0 stack slots, result unused at every site (void?) [eax read at 0/15 sites]"
0x005406E0,560,0,read,7,,2/2,0/7,undefined4 FUN_009406e0(void),"__thiscall, 0 stack slots, result unused at every site (void?) [eax read at 0/7 sites]"
0x00545DE0,345,0,write,4,32:1,0/4,0/4,"float10 FUN_00945de0(float param_1,float param_2)","__cdecl, stack slots unknown (cleanup after only 1/4 sites: 0 and deferred, or deferred elsewhere), result unused at every site (void?) [eax read at 0/4 sites]"
0x00548F60,6,0,none,2,,0/0,2/2,undefined * FUN_00948f60(void),"__cdecl (or a __thiscall that never reads `this`), stack slots unknown (no caller cleanup after 2 site(s): 0, or deferred); ghidra reads 0, returns a value [eax read at 2/2 sites]"
0x00548F80,6,0,none,4,,0/0,4/4,undefined * FUN_00948f80(void),"__cdecl (or a __thiscall that never reads `this`), stack slots unknown (no caller cleanup after 4 site(s): 0, or deferred); ghidra reads 0, returns a value [eax read at 4/4 sites]"
0x00548FA0,6,0,none,4,,0/0,4/4,undefined * FUN_00948fa0(void),"__cdecl (or a __thiscall that never reads `this`), stack slots unknown (no caller cleanup after 4 site(s): 0, or deferred); ghidra reads 0, returns a value [eax read at 4/4 sites]"
0x0054F260,124,0,read,1,,1/1,0/1,void FUN_0094f260(void),"__thiscall, 0 stack slots, result unused at every site (void?) [eax read at 0/1 sites]"
0x0054FB10,887,0,read,7,,7/7,0/7,undefined1 FUN_0094fb10(void),"__thiscall, 0 stack slots, result unused at every site (void?) [eax read at 0/7 sites]"
0x0054FF80,1116,8,read,3,,3/3,0/3,"void FUN_0094ff80(StringBase<char> *param_1,int *param_2)","__thiscall, 2 stack slot(s), result unused at every site (void?) [eax read at 0/3 sites]"
0x00550AD0,1130,0,read,2,,2/2,0/2,void FUN_00950ad0(void),"__thiscall, 0 stack slots, result unused at every site (void?) [eax read at 0/2 sites]"
0x00551C80,240,4,read,1,,1/1,0/1,void FUN_00951c80(undefined4 param_1),"__thiscall, 1 stack slot(s), result unused at every site (void?) [eax read at 0/1 sites]"
0x00559840,1248,,read,1,,1/1,0/1,void FUN_00959840(int param_1),"?, no ret decoded (tail call or wrong extent), result unused at every site (void?) [eax read at 0/1 sites]"
0x0055AE10,800,4,read,1,,1/1,0/0,void FUN_0095ae10(int **param_1),"__thiscall, 1 stack slot(s), no call site decoded"
0x00565F30,1801,0,write,1,,0/1,0/1,void FUN_00965f30(void),"__cdecl, stack slots unknown (no caller cleanup after 1 site(s): 0, or deferred); ghidra reads 0, result unused at every site (void?) [eax read at 0/1 sites]"
0x005671E0,171,8,read,4,,4/4,4/4,"undefined1 * FUN_009671e0(undefined1 *param_1,undefined4 param_2)","__thiscall, 2 stack slot(s), returns a value [eax read at 4/4 sites]"
0x00569D50,32,4,read,2,,2/2,1/2,StringBase<char> * FUN_00969d50(StringBase<char> *param_1),"__thiscall, 1 stack slot(s), returns a value [eax read at 1/2 sites]"
0x00569D80,68,0,write,2,,0/0,0/2,void FUN_00969d80(void),"__cdecl (or a __thiscall that never reads `this`), stack slots unknown (no caller cleanup after 2 site(s): 0, or deferred); ghidra reads 0, result unused at every site (void?) [eax read at 0/2 sites]"
0x0056AE10,6,0,none,4,,0/0,4/4,undefined * FUN_0096ae10(void),"__cdecl (or a __thiscall that never reads `this`), stack slots unknown (no caller cleanup after 4 site(s): 0, or deferred); ghidra reads 0, returns a value [eax read at 4/4 sites]"
0x0056B9E0,8,8,none,1,,1/1,1/1,undefined2 FUN_0096b9e0(undefined2 param_1),"__thiscall, 2 stack slot(s), returns a value [eax read at 1/1 sites]"
0x0056C3F0,219,0,call,2,8:2,0/0,1/2,"undefined4 FUN_0096c3f0(undefined4 param_1,undefined4 param_2)","__cdecl (or a __thiscall that never reads `this`), 2 stack slot(s), returns a value [eax read at 1/2 sites]"
0x0056D070,756,0,read,1,,1/1,0/1,void FUN_0096d070(void),"__thiscall, 0 stack slots, result unused at every site (void?) [eax read at 0/1 sites]"
0x005737F0,169,4,read,1,,1/1,0/1,void FUN_009737f0(uint param_1),"__thiscall, 1 stack slot(s), result unused at every site (void?) [eax read at 0/1 sites]"
0x00573C20,314,12,read,9,,9/9,0/9,"void FUN_00973c20(int param_1,undefined4 *param_2,undefined4 param_3)","__thiscall, 3 stack slot(s), result unused at every site (void?) [eax read at 0/9 sites]"
0x005740A0,305,20,read,2,,1/1,0/2,"void FUN_009740a0(undefined4 *param_1,undefined4 *param_2,undefined4 param_3,uint param_4,","__thiscall, 5 stack slot(s), result unused at every site (void?) [eax read at 0/2 sites]"
0x0057A470,5296,0,read,4,,4/4,0/4,void FUN_0097a470(void),"__thiscall, 0 stack slots, result unused at every site (void?) [eax read at 0/4 sites]"
0x0057BE50,1000,0,read,1,,1/1,1/1,undefined4 FUN_0097be50(void),"__thiscall, 0 stack slots, returns a value [eax read at 1/1 sites]"
0x00583190,287,4,read,2,,2/2,0/1,void FUN_00983190(int param_1),"__thiscall, 1 stack slot(s), result unused at every site (void?) [eax read at 0/1 sites]"
0x00583EE0,106,4,read,3,,1/1,0/3,void FUN_00983ee0(undefined4 param_1),"__thiscall, 1 stack slot(s), result unused at every site (void?) [eax read at 0/3 sites]"
0x00584330,432,4,read,1,,1/1,0/1,uint FUN_00984330(int **param_1),"__thiscall, 1 stack slot(s), result unused at every site (void?) [eax read at 0/1 sites]"
0x005849A0,521,0,read,1,,1/1,0/1,void FUN_009849a0(void),"__thiscall, 0 stack slots, result unused at every site (void?) [eax read at 0/1 sites]"
0x00585310,120,0,write,2,20:2,0/2,1/2,"int * FUN_00985310(int *param_1,int *param_2,int *param_3)","__cdecl, 5 stack slot(s), returns a value [eax read at 1/2 sites]"
0x005855A0,167,0,read,1,,1/1,0/1,void FUN_009855a0(void),"__thiscall, 0 stack slots, result unused at every site (void?) [eax read at 0/1 sites]"
0x005867D0,185,0,write,8,12:5 36:1,2/8,0/8,"void FUN_009867d0(StringBase<char> *param_1,int param_2,UnicodeString *param_3)","__cdecl, 3 stack slot(s), result unused at every site (void?) [eax read at 0/8 sites]"
0x005874C0,115,4,read,1,,1/1,1/1,uint * FUN_009874c0(uint *param_1),"__thiscall, 1 stack slot(s), returns a value [eax read at 1/1 sites]"
0x00587E40,477,12,read,1,,1/1,0/1,"void FUN_00987e40(undefined1 **param_1,undefined4 param_2,undefined4 param_3)","__thiscall, 3 stack slot(s), result unused at every site (void?) [eax read at 0/1 sites]"
0x00588FA0,96,0,write,5,,0/5,0/5,void FUN_00988fa0(void),"__cdecl, stack slots unknown (no caller cleanup after 5 site(s): 0, or deferred); ghidra reads 0, result unused at every site (void?) [eax read at 0/5 sites]"
0x0058A020,6,0,none,3,,0/0,3/3,undefined * FUN_0098a020(void),"__cdecl (or a __thiscall that never reads `this`), stack slots unknown (no caller cleanup after 3 site(s): 0, or deferred); ghidra reads 0, returns a value [eax read at 3/3 sites]"
0x0058B1F0,105,0,write,3,16:1 20:2,0/3,2/3,"char * FUN_0098b1f0(char *param_1,char *param_2,char *param_3)","__cdecl, 4 stack slot(s), returns a value [eax read at 2/3 sites]"
0x0058B610,415,0,write,2,,0/1,1/2,undefined4 FUN_0098b610(void),"__cdecl, stack slots unknown (no caller cleanup after 2 site(s): 0, or deferred); ghidra reads 0, returns a value [eax read at 1/2 sites]"
0x0058C6C0,215,0,call,2,8:2,0/0,1/2,"undefined4 FUN_0098c6c0(undefined4 param_1,undefined4 param_2)","__cdecl (or a __thiscall that never reads `this`), 2 stack slot(s), returns a value [eax read at 1/2 sites]"
0x0058C7F0,216,0,call,3,8:3,0/0,2/3,"undefined4 FUN_0098c7f0(undefined4 param_1,undefined4 param_2)","__cdecl (or a __thiscall that never reads `this`), 2 stack slot(s), returns a value [eax read at 2/3 sites]"
0x0058D770,90,0,write,1,,1/1,1/1,undefined4 FUN_0098d770(void),"__thiscall, 0 stack slots, returns a value [eax read at 1/1 sites]"
0x0058DDD0,872,0,read,1,,1/1,0/1,void FUN_0098ddd0(void),"__thiscall, 0 stack slots, result unused at every site (void?) [eax read at 0/1 sites]"
0x00590480,498,0,read,1,,1/1,0/1,void FUN_00990480(void),"__thiscall, 0 stack slots, result unused at every site (void?) [eax read at 0/1 sites]"
0x00590860,51,0,read,2,,2/2,0/2,void FUN_00990860(void),"__thiscall, 0 stack slots, result unused at every site (void?) [eax read at 0/2 sites]"
0x00591A60,195,0,write,4,24:1,2/4,0/4,"void FUN_00991a60(StringBase<char> *param_1,int param_2)","__cdecl, stack slots unknown (cleanup after only 1/4 sites: 0 and deferred, or deferred elsewhere), result unused at every site (void?) [eax read at 0/4 sites]"
0x00592280,597,0,read,1,,1/1,0/1,void FUN_00992280(void),"__thiscall, 0 stack slots, result unused at every site (void?) [eax read at 0/1 sites]"
0x00592640,339,0,read,1,,1/1,0/0,void FUN_00992640(void),"__thiscall, 0 stack slots, no call site decoded"
0x005936A0,584,0,read,1,,1/1,0/1,void FUN_009936a0(void),"__thiscall, 0 stack slots, result unused at every site (void?) [eax read at 0/1 sites]"
0x00594AD0,524,4,read,1,52:1,1/1,0/1,void FUN_00994ad0(int param_1),"__thiscall, 1 stack slot(s), result unused at every site (void?) [eax read at 0/1 sites]"
0x00594FD0,308,4,read,2,,2/2,0/2,void FUN_00994fd0(int param_1),"__thiscall, 1 stack slot(s), result unused at every site (void?) [eax read at 0/2 sites]"
0x00595E60,1350,0,read,1,,1/1,0/1,void FUN_00995e60(void),"__thiscall, 0 stack slots, result unused at every site (void?) [eax read at 0/1 sites]"
0x00596D40,798,4,write,1,,1/1,1/1,int FUN_00996d40(int param_1),"__thiscall, 1 stack slot(s), returns a value [eax read at 1/1 sites]"
0x00597130,1085,0,read,2,,2/2,0/2,void FUN_00997130(void),"__thiscall, 0 stack slots, result unused at every site (void?) [eax read at 0/2 sites]"
0x00597790,532,0,read,1,,1/1,0/1,undefined4 * FUN_00997790(void),"__thiscall, 0 stack slots, result unused at every site (void?) [eax read at 0/1 sites]"
0x00597A30,1020,0,read,1,,1/1,0/1,void FUN_00997a30(void),"__thiscall, 0 stack slots, result unused at every site (void?) [eax read at 0/1 sites]"
0x00597FC0,1953,0,read,1,,0/0,0/0,void FUN_00997fc0(void),"__thiscall, 0 stack slots, no call site decoded"
0x0059A3D0,523,0,write,1,,0/1,0/1,void FUN_0099a3d0(void),"__cdecl, stack slots unknown (no caller cleanup after 1 site(s): 0, or deferred); ghidra reads 0, result unused at every site (void?) [eax read at 0/1 sites]"
0x005A0450,363,0,write,1,4:1,0/1,0/1,void FUN_009a0450(void),"__cdecl, 1 stack slot(s), result unused at every site (void?) [eax read at 0/1 sites]"
0x005A4400,1,0,none,1,,1/1,0/1,void FUN_009a4400(void),"__thiscall, 0 stack slots, result unused at every site (void?) [eax read at 0/1 sites]"
0x005A56F0,481,16,read,53,8:1 12:1 16:2 20:1 24:2 28:1 36:1 40:1 44:1 64:2 512:1,51/51,0/51,"void FUN_009a56f0(undefined4 param_1,undefined4 param_2,int param_3)","__thiscall, 4 stack slot(s), result unused at every site (void?) [eax read at 0/51 sites]"
0x005B4D40,902,0,read,1,,1/1,0/1,void FUN_009b4d40(void),"__thiscall, 0 stack slots, result unused at every site (void?) [eax read at 0/1 sites]"
0x005B5590,1791,0,read,1,,1/1,0/1,void FUN_009b5590(void),"__thiscall, 0 stack slots, result unused at every site (void?) [eax read at 0/1 sites]"
0x005B6A80,25,0,read,1,,1/1,0/1,void FUN_009b6a80(void),"__thiscall, 0 stack slots, result unused at every site (void?) [eax read at 0/1 sites]"
0x005B7C40,126,0,read,1,,1/1,0/1,void FUN_009b7c40(void),"__thiscall, 0 stack slots, result unused at every site (void?) [eax read at 0/1 sites]"
0x005B84C0,72,0,read,1,,1/1,0/1,void FUN_009b84c0(void),"__thiscall, 0 stack slots, result unused at every site (void?) [eax read at 0/1 sites]"
0x005BA910,167,12,read,1,,1/1,0/0,"void FUN_009ba910(float param_1,float param_2,undefined1 param_3)","__thiscall, 3 stack slot(s), no call site decoded"
0x005BB890,32,4,read,2,,2/2,2/2,,"__thiscall, 1 stack slot(s), returns a value [eax read at 2/2 sites]"
0x005C3630,104,8,read,1,,1/1,1/1,"undefined4 * FUN_009c3630(undefined4 *param_1,undefined4 param_2)","__thiscall, 2 stack slot(s), returns a value [eax read at 1/1 sites]"
0x005C4350,40,0,write,1,12:1,0/1,1/1,StringBase<char> *,"__cdecl, 3 stack slot(s), returns a value [eax read at 1/1 sites]"
0x005C4390,40,0,write,1,12:1,0/1,1/1,StringBase<char> *,"__cdecl, 3 stack slot(s), returns a value [eax read at 1/1 sites]"
0x005C43D0,40,0,write,1,12:1,0/1,1/1,StringBase<char> *,"__cdecl, 3 stack slot(s), returns a value [eax read at 1/1 sites]"
0x005C5DF0,61,4,read,8,,8/8,0/8,void FUN_009c5df0(int param_1),"__thiscall, 1 stack slot(s), result unused at every site (void?) [eax read at 0/8 sites]"
0x005C8490,111,4,read,1,,1/1,0/1,void FUN_009c8490(undefined4 *param_1),"__thiscall, 1 stack slot(s), result unused at every site (void?) [eax read at 0/1 sites]"
0x005C85F0,124,0,read,2,,2/2,0/2,void FUN_009c85f0(void),"__thiscall, 0 stack slots, result unused at every site (void?) [eax read at 0/2 sites]"
0x005CAD10,223,0,write,1,12:1,0/1,0/0,"undefined4 FUN_009cad10(undefined4 param_1,int *param_2,undefined4 param_3)","__cdecl, 3 stack slot(s), no call site decoded"
0x005CAE30,257,0,write,1,,0/1,1/1,"undefined4 FUN_009cae30(undefined4 param_1,int *param_2,char *param_3)","__cdecl, stack slots unknown (no caller cleanup after 1 site(s): 0, or deferred); ghidra reads 3, returns a value [eax read at 1/1 sites]"
0x005D0530,844,8,read,3,,3/3,3/3,"undefined4 * FUN_009d0530(float param_1,int param_2)","__thiscall, 2 stack slot(s), returns a value [eax read at 3/3 sites]"
0x005D0950,834,16,read,2,28:1,2/2,0/2,"void FUN_009d0950(float *param_1,undefined4 param_2,undefined4 param_3,int *param_4)","__thiscall, 4 stack slot(s), result unused at every site (void?) [eax read at 0/2 sites]"
0x005D23A0,600,4,write,1,,1/1,0/1,void FUN_009d23a0(void),"__thiscall, 1 stack slot(s), result unused at every site (void?) [eax read at 0/1 sites]"
0x00600BE0,440,8,read,3,,3/3,0/3,"void FUN_00a00be0(undefined4 param_1,int param_2)","__thiscall, 2 stack slot(s), result unused at every site (void?) [eax read at 0/3 sites]"
0x006015F0,32,4,read,2,,2/2,1/2,StringBase<char> * FUN_00a015f0(StringBase<char> *param_1),"__thiscall, 1 stack slot(s), returns a value [eax read at 1/2 sites]"
0x00601680,32,4,read,2,,2/2,1/2,StringBase<char> * FUN_00a01680(StringBase<char> *param_1),"__thiscall, 1 stack slot(s), returns a value [eax read at 1/2 sites]"
0x006016B0,32,4,read,2,,2/2,1/2,StringBase<char> * FUN_00a016b0(StringBase<char> *param_1),"__thiscall, 1 stack slot(s), returns a value [eax read at 1/2 sites]"
0x006016E0,32,4,read,2,,2/2,1/2,StringBase<char> * FUN_00a016e0(StringBase<char> *param_1),"__thiscall, 1 stack slot(s), returns a value [eax read at 1/2 sites]"
0x006032F0,438,0,write,2,,0/1,1/2,void FUN_00a032f0(void),"__cdecl, stack slots unknown (no caller cleanup after 2 site(s): 0, or deferred); ghidra reads 0, returns a value [eax read at 1/2 sites]"
0x00603520,226,0,read,2,,2/2,0/0,void FUN_00a03520(void),"__thiscall, 0 stack slots, no call site decoded"
0x006059F0,896,0,read,1,,1/1,0/0,void FUN_00a059f0(void),"__thiscall, 0 stack slots, no call site decoded"
0x0060ACB0,648,24,write,1,,1/1,1/1,int * FUN_00a0acb0(void),"__thiscall, 6 stack slot(s), returns a value [eax read at 1/1 sites]"
0x0060B1D0,265,20,read,2,,1/1,0/1,"void FUN_00a0b1d0(void *param_1,undefined4 *param_2,undefined4 param_3,undefined4 *param_4,","__thiscall, 5 stack slot(s), result unused at every site (void?) [eax read at 0/1 sites]"
0x0060FB20,53,4,read,6,,6/6,0/6,void FUN_00a0fb20(int param_1),"__thiscall, 1 stack slot(s), result unused at every site (void?) [eax read at 0/6 sites]"
0x00610830,86,0,read,3,28:1,2/2,0/2,void FUN_00a10830(void),"__thiscall, 0 stack slots, result unused at every site (void?) [eax read at 0/2 sites]"
0x00611500,124,0,read,1,,1/1,0/1,void FUN_00a11500(void),"__thiscall, 0 stack slots, result unused at every site (void?) [eax read at 0/1 sites]"
0x006129E0,126,0,read,1,,1/1,0/1,void FUN_00a129e0(void),"__thiscall, 0 stack slots, result unused at every site (void?) [eax read at 0/1 sites]"
0x00612C50,265,20,read,2,,0/0,0/2,"void FUN_00a12c50(void *param_1,undefined4 *param_2,undefined4 param_3,undefined4 *param_4,","__thiscall, 5 stack slot(s), result unused at every site (void?) [eax read at 0/2 sites]"
0x00612DA0,265,20,read,2,,0/0,0/2,"void FUN_00a12da0(void *param_1,undefined4 *param_2,undefined4 param_3,undefined4 *param_4,","__thiscall, 5 stack slot(s), result unused at every site (void?) [eax read at 0/2 sites]"
0x006131D0,95,0,read,2,,1/1,0/0,void FUN_00a131d0(void),"__thiscall, 0 stack slots, no call site decoded"
0x00614150,126,0,read,1,,1/1,0/1,void FUN_00a14150(void),"__thiscall, 0 stack slots, result unused at every site (void?) [eax read at 0/1 sites]"
0x00614280,126,0,read,1,,1/1,0/1,void FUN_00a14280(void),"__thiscall, 0 stack slots, result unused at every site (void?) [eax read at 0/1 sites]"
0x00614450,95,0,read,2,,1/1,0/0,void FUN_00a14450(void),"__thiscall, 0 stack slots, no call site decoded"
0x00614980,106,4,read,3,,1/1,0/2,void FUN_00a14980(undefined4 param_1),"__thiscall, 1 stack slot(s), result unused at every site (void?) [eax read at 0/2 sites]"
0x00614AA0,106,4,read,3,,1/1,0/3,void FUN_00a14aa0(undefined4 param_1),"__thiscall, 1 stack slot(s), result unused at every site (void?) [eax read at 0/3 sites]"
0x00614B30,106,4,read,3,,1/1,0/2,void FUN_00a14b30(undefined4 param_1),"__thiscall, 1 stack slot(s), result unused at every site (void?) [eax read at 0/2 sites]"
0x006171D0,576,0,read,1,,1/1,0/1,void FUN_00a171d0(void),"__thiscall, 0 stack slots, result unused at every site (void?) [eax read at 0/1 sites]"
0x006176A0,700,12,read,4,8:1,4/4,0/4,"void FUN_00a176a0(uint param_1,undefined4 *param_2,int param_3)","__thiscall, 3 stack slot(s), result unused at every site (void?) [eax read at 0/4 sites]"
0x006196C0,32,4,read,1,,1/1,1/1,StringBase<char> * FUN_00a196c0(StringBase<char> *param_1),"__thiscall, 1 stack slot(s), returns a value [eax read at 1/1 sites]"
0x006196F0,32,4,read,3,,3/3,3/3,StringBase<char> * FUN_00a196f0(StringBase<char> *param_1),"__thiscall, 1 stack slot(s), returns a value [eax read at 3/3 sites]"
0x00619C40,361,12,write,4,,4/4,0/4,"void FUN_00a19c40(char **param_1,undefined4 param_2,int *param_3)","__thiscall, 3 stack slot(s), result unused at every site (void?) [eax read at 0/4 sites]"
0x0061A0F0,213,0,read,1,,1/1,0/1,void FUN_00a1a0f0(void),"__thiscall, 0 stack slots, result unused at every site (void?) [eax read at 0/1 sites]"
0x0061ABC0,66,0,write,8,8:6,1/4,0/3,"void FUN_00a1abc0(int param_1,undefined4 param_2)","__cdecl, 2 stack slot(s), result unused at every site (void?) [eax read at 0/3 sites]"
0x0061B500,894,4,read,2,,1/1,0/1,void FUN_00a1b500(StringBase<char> *param_1),"__thiscall, 1 stack slot(s), result unused at every site (void?) [eax read at 0/1 sites]"
0x0061DA30,252,4,read,6,,6/6,1/5,void FUN_00a1da30(void),"__thiscall, 1 stack slot(s), returns a value [eax read at 1/5 sites]"
0x0061E8E0,25,4,read,3,,3/3,3/3,undefined4 FUN_00a1e8e0(int param_1),"__thiscall, 1 stack slot(s), returns a value [eax read at 3/3 sites]"
0x0061E9C0,10,4,read,1,,1/1,0/1,void FUN_00a1e9c0(undefined4 param_1),"__thiscall, 1 stack slot(s), result unused at every site (void?) [eax read at 0/1 sites]"
0x00620510,1213,4,read,20,,18/18,0/20,void FUN_00a20510(int param_1),"__thiscall, 1 stack slot(s), result unused at every site (void?) [eax read at 0/20 sites]"
0x00621600,843,0,write,11,8:2 12:9,0/9,5/11,"StringBase<char> * FUN_00a21600(StringBase<char> *param_1,int *param_2,char param_3)","__cdecl, 2 stack slot(s), returns a value [eax read at 5/11 sites]"
0x00621C40,4834,0,none,10,8:1 12:8,0/9,6/10,"undefined4 FUN_00a21c40(int param_1,undefined4 param_2,char param_3)","__cdecl, 2 stack slot(s), returns a value [eax read at 6/10 sites]"
0x006247B0,764,0,write,4,16:4,1/3,0/4,"void FUN_00a247b0(int param_1,int param_2,undefined4 param_3,char param_4)","__cdecl, 4 stack slot(s), result unused at every site (void?) [eax read at 0/4 sites]"
0x00624B90,13,0,read,10,,10/10,0/8,void FUN_00a24b90(void),"__thiscall, 0 stack slots, result unused at every site (void?) [eax read at 0/8 sites]"
0x00627520,32,4,read,1,,1/1,0/1,void FUN_00a27520(void),"__thiscall, 1 stack slot(s), result unused at every site (void?) [eax read at 0/1 sites]"
0x00628AD0,52,4,read,1,,1/1,0/1,void FUN_00a28ad0(undefined2 *param_1),"__thiscall, 1 stack slot(s), result unused at every site (void?) [eax read at 0/1 sites]"
0x0062A790,45,4,read,3,,3/3,0/3,void FUN_00a2a790(int *param_1),"__thiscall, 1 stack slot(s), result unused at every site (void?) [eax read at 0/3 sites]"
0x0062A7D0,248,0,read,6,,6/6,6/6,undefined4 FUN_00a2a7d0(void),"__thiscall, 0 stack slots, returns a value [eax read at 6/6 sites]"
0x0062AD50,3077,0,write,2,4:1,0/2,2/2,StringBase<unsigned_short> * FUN_00a2ad50(void),"__cdecl, 1 stack slot(s), returns a value [eax read at 2/2 sites]"
0x0062C5D0,3,0,none,3,,0/3,3/3,undefined4 FUN_00a2c5d0(void),"__cdecl, stack slots unknown (no caller cleanup after 3 site(s): 0, or deferred); ghidra reads 0, returns a value [eax read at 3/3 sites]"
0x0062C650,1,0,none,1,8:1,0/1,0/1,void FUN_00a2c650(void),"__cdecl, 2 stack slot(s), result unused at every site (void?) [eax read at 0/1 sites]"
0x0062CA70,124,0,read,1,,1/1,0/1,void FUN_00a2ca70(void),"__thiscall, 0 stack slots, result unused at every site (void?) [eax read at 0/1 sites]"
0x0062CCE0,551,0,write,1,,0/1,0/1,void FUN_00a2cce0(void),"__cdecl, stack slots unknown (no caller cleanup after 1 site(s): 0, or deferred); ghidra reads 0, result unused at every site (void?) [eax read at 0/1 sites]"
0x0062DB90,1487,0,read,1,8:1,1/1,0/0,"undefined4 FUN_00a2db90(undefined4 param_1,char param_2)","__thiscall, 0 stack slots, no call site decoded"
0x0062FA20,843,0,write,1,,0/1,0/1,void FUN_00a2fa20(void),"__cdecl, stack slots unknown (no caller cleanup after 1 site(s): 0, or deferred); ghidra reads 0, result unused at every site (void?) [eax read at 0/1 sites]"
0x00637D10,5,,none,41,,35/35,41/41,undefined4 thunk_FUN_00a1e8b0(int param_1),"?, no ret decoded (tail call or wrong extent), returns a value [eax read at 41/41 sites]"
0x00639950,945,0,read,5,52:1,5/5,0/2,void FUN_00a39950(void),"__thiscall, 0 stack slots, result unused at every site (void?) [eax read at 0/2 sites]"
0x00643760,151,0,write,2,20:2,0/1,2/2,"char * FUN_00a43760(char *param_1,char *param_2,char *param_3,char *param_4)","__cdecl, 5 stack slot(s), returns a value [eax read at 2/2 sites]"
0x006549C0,375,40,read,3,,3/3,3/3,undefined1,"__thiscall, 10 stack slot(s), returns a value [eax read at 3/3 sites]"
0x00659670,3856,0,write,9,16:9,0/8,2/9,"undefined4 FUN_00a59670(undefined4 param_1,int param_2,int param_3,int param_4)","__cdecl, 4 stack slot(s), returns a value [eax read at 2/9 sites]"
0x0065B100,466,20,read,1,,0/0,0/1,"undefined4 FUN_00a5b100(undefined4 param_1,int param_2,char *param_3)","__thiscall, 5 stack slot(s), result unused at every site (void?) [eax read at 0/1 sites]"
0x0065B500,1534,20,read,1,,0/0,0/1,"undefined4 FUN_00a5b500(undefined4 param_1,int param_2,char *param_3)","__thiscall, 5 stack slot(s), result unused at every site (void?) [eax read at 0/1 sites]"
0x00662A50,138,4,read,6,,6/6,6/6,char FUN_00a62a50(int param_1),"__thiscall, 1 stack slot(s), returns a value [eax read at 6/6 sites]"
0x00662B00,132,8,read,1,,1/1,1/1,"char FUN_00a62b00(int param_1,uint param_2)","__thiscall, 2 stack slot(s), returns a value [eax read at 1/1 sites]"
0x00665120,53,4,read,6,,6/6,0/6,void FUN_00a65120(int param_1),"__thiscall, 1 stack slot(s), result unused at every site (void?) [eax read at 0/6 sites]"
0x00665170,53,4,read,6,,6/6,0/6,void FUN_00a65170(int param_1),"__thiscall, 1 stack slot(s), result unused at every site (void?) [eax read at 0/6 sites]"
0x00666300,578,4,read,3,,3/3,1/2,undefined4 FUN_00a66300(uint param_1),"__thiscall, 1 stack slot(s), returns a value [eax read at 1/2 sites]"
0x00667820,124,0,read,1,,1/1,0/1,void FUN_00a67820(void),"__thiscall, 0 stack slots, result unused at every site (void?) [eax read at 0/1 sites]"
0x00667B50,61,4,read,6,,6/6,0/6,void FUN_00a67b50(int param_1),"__thiscall, 1 stack slot(s), result unused at every site (void?) [eax read at 0/6 sites]"
0x00668990,124,0,read,1,,1/1,0/1,void FUN_00a68990(void),"__thiscall, 0 stack slots, result unused at every site (void?) [eax read at 0/1 sites]"
0x0066C8D0,1122,4,read,1,,1/1,0/1,void FUN_00a6c8d0(int param_1),"__thiscall, 1 stack slot(s), result unused at every site (void?) [eax read at 0/1 sites]"
0x0066FCC0,232,0,read,2,,2/2,2/2,undefined4 FUN_00a6fcc0(void),"__thiscall, 0 stack slots, returns a value [eax read at 2/2 sites]"
0x00670620,5,,none,1,,1/1,0/1,void thunk_FUN_00a705c0(void),"?, no ret decoded (tail call or wrong extent), result unused at every site (void?) [eax read at 0/1 sites]"
0x00670CA0,4,0,read,1,,1/1,1/1,undefined4 FUN_00a70ca0(void),"__thiscall, 0 stack slots, returns a value [eax read at 1/1 sites]"
0x0068BAC0,999,12,read,3,,3/3,0/3,"void FUN_00a8bac0(int param_1,int *param_2,char param_3)","__thiscall, 3 stack slot(s), result unused at every site (void?) [eax read at 0/3 sites]"
0x0068BFA0,285,8,read,1,,1/1,0/1,,"__thiscall, 2 stack slot(s), result unused at every site (void?) [eax read at 0/1 sites]"
0x0068C400,2242,,read,1,,1/1,0/1,"void FUN_00a8c400(uint *param_1,uint *param_2)","?, no ret decoded (tail call or wrong extent), result unused at every site (void?) [eax read at 0/1 sites]"
0x0068EF70,1881,0,write,1,,0/1,0/1,"undefined4 FUN_00a8ef70(int param_1,undefined1 *param_2,int param_3)","__cdecl, stack slots unknown (no caller cleanup after 1 site(s): 0, or deferred); ghidra reads 3, result unused at every site (void?) [eax read at 0/1 sites]"
0x0068FEA0,124,0,read,4,,4/4,0/4,void FUN_00a8fea0(void),"__thiscall, 0 stack slots, result unused at every site (void?) [eax read at 0/4 sites]"
0x00690370,231,4,read,2,,2/2,2/2,int FUN_00a90370(StringBase<unsigned_short> *param_1),"__thiscall, 1 stack slot(s), returns a value [eax read at 2/2 sites]"
0x00690490,954,0,write,4,16:2,0/4,3/4,"undefined4 FUN_00a90490(int *param_1,undefined4 param_2,int param_3,int param_4)","__cdecl, 4 stack slot(s), returns a value [eax read at 3/4 sites]"
0x00690FE0,9,0,read,3,,3/3,0/2,void FUN_00a90fe0(void),"__thiscall, 0 stack slots, result unused at every site (void?) [eax read at 0/2 sites]"
0x006910E0,9,0,read,8,,8/8,0/8,void FUN_00a910e0(void),"__thiscall, 0 stack slots, result unused at every site (void?) [eax read at 0/8 sites]"
0x006925F0,45,4,read,1,,1/1,0/1,void FUN_00a925f0(int *param_1),"__thiscall, 1 stack slot(s), result unused at every site (void?) [eax read at 0/1 sites]"
0x00693B90,525,12,read,3,,3/3,2/3,"undefined4 FUN_00a93b90(undefined4 param_1,int *param_2,HANDLE param_3)","__thiscall, 3 stack slot(s), returns a value [eax read at 2/3 sites]"
0x00694130,203,12,read,7,,7/7,7/7,"undefined4 FUN_00a94130(undefined4 param_1,int *param_2,undefined4 param_3)","__thiscall, 3 stack slot(s), returns a value [eax read at 7/7 sites]"
0x00694230,654,4,read,1,,1/1,0/1,void FUN_00a94230(int *param_1),"__thiscall, 1 stack slot(s), result unused at every site (void?) [eax read at 0/1 sites]"
0x00695B80,382,4,read,2,,2/2,0/2,void FUN_00a95b80(undefined4 param_1),"__thiscall, 1 stack slot(s), result unused at every site (void?) [eax read at 0/2 sites]"
0x00696810,73,4,read,4,40:1,4/4,0/4,void FUN_00a96810(int *param_1),"__thiscall, 1 stack slot(s), result unused at every site (void?) [eax read at 0/4 sites]"
0x00696870,35,0,read,1,,1/1,0/1,void FUN_00a96870(void),"__thiscall, 0 stack slots, result unused at every site (void?) [eax read at 0/1 sites]"
0x00699AF0,63,0,write,10,4:5,0/5,0/10,void FUN_00a99af0(undefined4 param_1),"__cdecl, 1 stack slot(s), result unused at every site (void?) [eax read at 0/10 sites]"
0x0069A2E0,775,0,read,2,,2/2,0/2,void FUN_00a9a2e0(void),"__thiscall, 0 stack slots, result unused at every site (void?) [eax read at 0/2 sites]"
0x0069B220,428,4,write,2,,2/2,2/2,uint FUN_00a9b220(int param_1),"__thiscall, 1 stack slot(s), returns a value [eax read at 2/2 sites]"
0x0069B5D0,36,8,write,1,,1/1,0/0,"void FUN_00a9b5d0(int *param_1,int *param_2)","__thiscall, 2 stack slot(s), no call site decoded"
0x0069C240,53,4,read,5,,5/5,0/5,void FUN_00a9c240(int param_1),"__thiscall, 1 stack slot(s), result unused at every site (void?) [eax read at 0/5 sites]"
0x0069D620,285,12,read,6,,5/5,4/6,"undefined4 * FUN_00a9d620(undefined4 *param_1,int param_2,int param_3)","__thiscall, 3 stack slot(s), returns a value [eax read at 4/6 sites]"
0x0069DE00,63,4,read,1,,0/0,0/0,void FUN_00a9de00(undefined4 *param_1),"__thiscall, 1 stack slot(s), no call site decoded"
0x0069E4E0,81,8,read,1,,1/1,0/1,"void FUN_00a9e4e0(undefined4 *param_1,undefined4 param_2)","__thiscall, 2 stack slot(s), result unused at every site (void?) [eax read at 0/1 sites]"
0x0069F5D0,295,8,read,5,,1/1,0/5,"void FUN_00a9f5d0(undefined4 *param_1,undefined1 *param_2)","__thiscall, 2 stack slot(s), result unused at every site (void?) [eax read at 0/5 sites]"
0x0069FCD0,45,4,read,1,,1/1,0/1,void FUN_00a9fcd0(int *param_1),"__thiscall, 1 stack slot(s), result unused at every site (void?) [eax read at 0/1 sites]"
0x0069FEA0,45,4,read,3,,3/3,0/3,void FUN_00a9fea0(int *param_1),"__thiscall, 1 stack slot(s), result unused at every site (void?) [eax read at 0/3 sites]"
0x0069FF40,45,4,read,1,,1/1,0/1,void FUN_00a9ff40(int *param_1),"__thiscall, 1 stack slot(s), result unused at every site (void?) [eax read at 0/1 sites]"
0x006A00D0,124,0,read,1,,1/1,0/0,void FUN_00aa00d0(void),"__thiscall, 0 stack slots, no call site decoded"
0x006A0940,167,4,read,1,,1/1,0/0,void FUN_00aa0940(uint param_1),"__thiscall, 1 stack slot(s), no call site decoded"
0x006A0FB0,119,0,write,1,,1/1,0/1,undefined4,"__thiscall, 0 stack slots, result unused at every site (void?) [eax read at 0/1 sites]"
0x006A1C60,752,8,read,2,,2/2,0/2,"void FUN_00aa1c60(int *param_1,undefined1 *param_2)","__thiscall, 2 stack slot(s), result unused at every site (void?) [eax read at 0/2 sites]"
0x006A20D0,1323,12,read,3,,3/3,3/3,"undefined4 FUN_00aa20d0(uint param_1,int *param_2,undefined4 **param_3)","__thiscall, 3 stack slot(s), returns a value [eax read at 3/3 sites]"
0x006A3830,126,0,read,1,,1/1,0/1,void FUN_00aa3830(void),"__thiscall, 0 stack slots, result unused at every site (void?) [eax read at 0/1 sites]"
0x006A3B20,33,8,call,1,,1/1,0/1,"void FUN_00aa3b20(undefined4 param_1,undefined4 param_2)","__thiscall, 2 stack slot(s), result unused at every site (void?) [eax read at 0/1 sites]"
0x006A3B50,126,0,read,1,,1/1,0/1,void FUN_00aa3b50(void),"__thiscall, 0 stack slots, result unused at every site (void?) [eax read at 0/1 sites]"
0x006A3BF0,33,8,call,2,,2/2,0/1,"void FUN_00aa3bf0(undefined4 param_1,undefined4 param_2)","__thiscall, 2 stack slot(s), result unused at every site (void?) [eax read at 0/1 sites]"
0x006A3C20,126,0,read,1,,1/1,0/1,void FUN_00aa3c20(void),"__thiscall, 0 stack slots, result unused at every site (void?) [eax read at 0/1 sites]"
0x006A3CC0,33,8,call,1,,1/1,0/1,"void FUN_00aa3cc0(undefined4 param_1,undefined4 param_2)","__thiscall, 2 stack slot(s), result unused at every site (void?) [eax read at 0/1 sites]"
0x006A3CF0,126,0,read,1,,1/1,0/1,void FUN_00aa3cf0(void),"__thiscall, 0 stack slots, result unused at every site (void?) [eax read at 0/1 sites]"
0x006A3F90,305,20,read,2,,1/1,0/2,"void FUN_00aa3f90(undefined4 *param_1,undefined4 *param_2,undefined4 param_3,uint param_4,","__thiscall, 5 stack slot(s), result unused at every site (void?) [eax read at 0/2 sites]"
0x006A4160,265,20,read,2,,1/1,0/2,"void FUN_00aa4160(void *param_1,undefined4 *param_2,undefined4 param_3,undefined4 *param_4,","__thiscall, 5 stack slot(s), result unused at every site (void?) [eax read at 0/2 sites]"
0x006A4B10,167,4,read,1,,1/1,0/1,void FUN_00aa4b10(uint param_1),"__thiscall, 1 stack slot(s), result unused at every site (void?) [eax read at 0/1 sites]"
0x006A4C70,119,0,write,1,,1/1,0/1,undefined4,"__thiscall, 0 stack slots, result unused at every site (void?) [eax read at 0/1 sites]"
0x006A5080,484,4,read,4,,4/4,0/4,void FUN_00aa5080(char *param_1),"__thiscall, 1 stack slot(s), result unused at every site (void?) [eax read at 0/4 sites]"
0x006A56A0,237,12,read,2,,2/2,0/2,"void FUN_00aa56a0(int param_1,int param_2,int param_3)","__thiscall, 3 stack slot(s), result unused at every site (void?) [eax read at 0/2 sites]"
0x006A59F0,904,4,read,16,,16/16,0/15,void FUN_00aa59f0(int param_1),"__thiscall, 1 stack slot(s), result unused at every site (void?) [eax read at 0/15 sites]"
0x006A5F20,280,0,read,1,,1/1,0/1,void FUN_00aa5f20(void),"__thiscall, 0 stack slots, result unused at every site (void?) [eax read at 0/1 sites]"
0x006A6590,777,4,read,1,,1/1,1/1,undefined4 FUN_00aa6590(int param_1),"__thiscall, 1 stack slot(s), returns a value [eax read at 1/1 sites]"
0x006A6B40,279,12,read,2,,2/2,0/2,"void FUN_00aa6b40(uint param_1,uint param_2,undefined1 param_3)","__thiscall, 3 stack slot(s), result unused at every site (void?) [eax read at 0/2 sites]"
0x006A6F00,490,20,read,3,,3/3,1/3,"undefined4 FUN_00aa6f00(undefined4 param_1,int param_2,int param_3,int param_4,int param_5)","__thiscall, 5 stack slot(s), returns a value [eax read at 1/3 sites]"
0x006A7400,305,20,read,2,,1/1,0/1,"void FUN_00aa7400(undefined4 *param_1,undefined4 *param_2,undefined4 param_3,uint param_4,","__thiscall, 5 stack slot(s), result unused at every site (void?) [eax read at 0/1 sites]"
0x006A9200,1168,,read,4,,3/3,0/4,void FUN_00aa9200(uint param_1),"?, no ret decoded (tail call or wrong extent), result unused at every site (void?) [eax read at 0/4 sites]"
0x006A9910,747,4,read,2,,2/2,0/1,void FUN_00aa9910(void),"__thiscall, 1 stack slot(s), result unused at every site (void?) [eax read at 0/1 sites]"
0x006AAB80,126,0,read,1,,1/1,0/1,void FUN_00aaab80(void),"__thiscall, 0 stack slots, result unused at every site (void?) [eax read at 0/1 sites]"
0x006AAD10,126,0,read,1,,1/1,0/1,void FUN_00aaad10(void),"__thiscall, 0 stack slots, result unused at every site (void?) [eax read at 0/1 sites]"
0x006AB100,106,4,read,3,,1/1,0/2,void FUN_00aab100(undefined4 param_1),"__thiscall, 1 stack slot(s), result unused at every site (void?) [eax read at 0/2 sites]"
0x006AB190,106,4,read,4,,1/1,0/4,void FUN_00aab190(undefined4 param_1),"__thiscall, 1 stack slot(s), result unused at every site (void?) [eax read at 0/4 sites]"
0x006AB220,106,4,read,3,,1/1,0/2,void FUN_00aab220(undefined4 param_1),"__thiscall, 1 stack slot(s), result unused at every site (void?) [eax read at 0/2 sites]"
0x006AB2B0,106,4,read,3,,1/1,0/3,void FUN_00aab2b0(undefined4 param_1),"__thiscall, 1 stack slot(s), result unused at every site (void?) [eax read at 0/3 sites]"
0x006AB340,106,4,read,3,,1/1,0/3,void FUN_00aab340(undefined4 param_1),"__thiscall, 1 stack slot(s), result unused at every site (void?) [eax read at 0/3 sites]"
0x006AB3D0,106,4,read,3,,1/1,0/2,void FUN_00aab3d0(undefined4 param_1),"__thiscall, 1 stack slot(s), result unused at every site (void?) [eax read at 0/2 sites]"
0x006ABDA0,437,4,read,6,,6/6,0/4,void FUN_00aabda0(int *param_1),"__thiscall, 1 stack slot(s), result unused at every site (void?) [eax read at 0/4 sites]"
0x006ACD70,153,4,read,3,,3/3,0/3,float10 FUN_00aacd70(int param_1),"__thiscall, 1 stack slot(s), result unused at every site (void?) [eax read at 0/3 sites]"
0x006AD660,236,4,read,1,,1/1,1/1,undefined4 FUN_00aad660(int param_1),"__thiscall, 1 stack slot(s), returns a value [eax read at 1/1 sites]"
0x006ADAE0,458,8,read,4,,2/2,0/4,"void FUN_00aadae0(int param_1,undefined1 *param_2)","__thiscall, 2 stack slot(s), result unused at every site (void?) [eax read at 0/4 sites]"
0x006ADD50,299,4,read,2,,2/2,0/1,void FUN_00aadd50(int *param_1),"__thiscall, 1 stack slot(s), result unused at every site (void?) [eax read at 0/1 sites]"
0x006ADEE0,305,0,read,1,,1/1,0/1,void FUN_00aadee0(void),"__thiscall, 0 stack slots, result unused at every site (void?) [eax read at 0/1 sites]"
0x006AE2C0,677,8,read,4,,3/3,0/4,void FUN_00aae2c0(int *param_1),"__thiscall, 2 stack slot(s), result unused at every site (void?) [eax read at 0/4 sites]"
0x006AEF20,978,12,read,4,,4/4,0/1,"void FUN_00aaef20(int *param_1,int *param_2)","__thiscall, 3 stack slot(s), result unused at every site (void?) [eax read at 0/1 sites]"
0x006AF670,74,4,read,1,,1/1,0/1,int FUN_00aaf670(undefined4 param_1),"__thiscall, 1 stack slot(s), result unused at every site (void?) [eax read at 0/1 sites]"
0x006AF840,973,0,read,2,,2/2,0/1,void FUN_00aaf840(void),"__thiscall, 0 stack slots, result unused at every site (void?) [eax read at 0/1 sites]"
0x006B15A0,184,4,read,7,12:1,6/6,0/7,void FUN_00ab15a0(int *param_1),"__thiscall, 1 stack slot(s), result unused at every site (void?) [eax read at 0/7 sites]"
0x006B1A00,252,4,read,2,,2/2,0/2,void FUN_00ab1a00(int *param_1),"__thiscall, 1 stack slot(s), result unused at every site (void?) [eax read at 0/2 sites]"
0x006B1FC0,258,4,read,1,,1/1,1/1,int FUN_00ab1fc0(int *param_1),"__thiscall, 1 stack slot(s), returns a value [eax read at 1/1 sites]"
0x006B2110,228,4,read,1,,1/1,1/1,uint FUN_00ab2110(int *param_1),"__thiscall, 1 stack slot(s), returns a value [eax read at 1/1 sites]"
0x006B24D0,1772,12,read,3,,3/3,0/2,"void FUN_00ab24d0(StringBase<char> *param_1,undefined4 param_2,int param_3)","__thiscall, 3 stack slot(s), result unused at every site (void?) [eax read at 0/2 sites]"
0x006B2D80,448,,read,3,,2/2,0/2,void FUN_00ab2d80(void),"?, no ret decoded (tail call or wrong extent), result unused at every site (void?) [eax read at 0/2 sites]"
0x006B2FC0,2571,4,read,11,8:1,10/10,0/3,void FUN_00ab2fc0(int param_1),"__thiscall, 1 stack slot(s), result unused at every site (void?) [eax read at 0/3 sites]"
0x006B5900,304,12,read,4,,4/4,0/4,"void FUN_00ab5900(int param_1,int *param_2,int param_3)","__thiscall, 3 stack slot(s), result unused at every site (void?) [eax read at 0/4 sites]"
0x006B5A80,1480,8,read,3,,3/3,0/3,"void FUN_00ab5a80(uint param_1,uint param_2)","__thiscall, 2 stack slot(s), result unused at every site (void?) [eax read at 0/3 sites]"
0x006B64A0,404,4,read,2,,1/1,1/2,uint FUN_00ab64a0(int param_1),"__thiscall, 1 stack slot(s), returns a value [eax read at 1/2 sites]"
0x006B66A0,495,12,read,1,,1/1,1/1,"undefined1 FUN_00ab66a0(int *param_1,int param_2,int param_3)","__thiscall, 3 stack slot(s), returns a value [eax read at 1/1 sites]"
0x006B69F0,3037,4,read,1,,1/1,0/1,void FUN_00ab69f0(int *param_1),"__thiscall, 1 stack slot(s), result unused at every site (void?) [eax read at 0/1 sites]"
0x006B7AE0,187,0,read,2,,2/2,0/2,void FUN_00ab7ae0(void),"__thiscall, 0 stack slots, result unused at every site (void?) [eax read at 0/2 sites]"
0x006B9AA0,391,0,read,1,,1/1,0/1,void FUN_00ab9aa0(void),"__thiscall, 0 stack slots, result unused at every site (void?) [eax read at 0/1 sites]"
0x006BC750,72,0,read,2,52:1,2/2,0/1,void FUN_00abc750(void),"__thiscall, 0 stack slots, result unused at every site (void?) [eax read at 0/1 sites]"
0x006C0FA0,577,20,read,1,,1/1,0/1,void FUN_00ac0fa0(void),"__thiscall, 5 stack slot(s), result unused at every site (void?) [eax read at 0/1 sites]"
0x006C1B50,57,4,read,4,,4/4,0/4,void FUN_00ac1b50(int *param_1),"__thiscall, 1 stack slot(s), result unused at every site (void?) [eax read at 0/4 sites]"
0x006C1D00,80,0,write,2,,2/2,0/2,void FUN_00ac1d00(void),"__thiscall, 0 stack slots, result unused at every site (void?) [eax read at 0/2 sites]"
0x006C43F0,1296,12,read,2,,2/2,0/2,"void FUN_00ac43f0(uint param_1,int *param_2,undefined4 param_3)","__thiscall, 3 stack slot(s), result unused at every site (void?) [eax read at 0/2 sites]"
0x006C71C0,791,32,read,2,,2/2,0/2,"void FUN_00ac71c0(int param_1,undefined1 *param_2,int param_3,undefined4 param_4,undefined1 *param_5","__thiscall, 8 stack slot(s), result unused at every site (void?) [eax read at 0/2 sites]"
0x006C76B0,1249,20,read,2,,1/1,0/2,"void FUN_00ac76b0(uint param_1,int param_2,int param_3,int param_4,int param_5)","__thiscall, 5 stack slot(s), result unused at every site (void?) [eax read at 0/2 sites]"
0x006C87A0,1,0,none,1,,0/0,0/1,void FUN_00ac87a0(void),"__cdecl (or a __thiscall that never reads `this`), stack slots unknown (no caller cleanup after 1 site(s): 0, or deferred); ghidra reads 0, result unused at every site (void?) [eax read at 0/1 sites]"
0x006CCE70,2268,4,read,1,,1/1,0/1,void FUN_00acce70(void),"__thiscall, 1 stack slot(s), result unused at every site (void?) [eax read at 0/1 sites]"
0x006D0590,1648,16,read,1,,1/1,0/1,"undefined4 FUN_00ad0590(undefined4 param_1,int param_2,int param_3)","__thiscall, 4 stack slot(s), result unused at every site (void?) [eax read at 0/1 sites]"
0x006D2480,246,,read,2,,2/2,0/2,"void FUN_00ad2480(undefined4 param_1,undefined4 param_2,undefined4 param_3,int *param_4,int *param_5","?, no ret decoded (tail call or wrong extent), result unused at every site (void?) [eax read at 0/2 sites]"
0x006D8C10,2836,4,read,3,,3/3,2/3,uint FUN_00ad8c10(uint param_1),"__thiscall, 1 stack slot(s), returns a value [eax read at 2/3 sites]"
0x006DA2D0,1191,12,read,1,,1/1,0/0,"void FUN_00ada2d0(undefined4 param_1,char param_2,int *param_3)","__thiscall, 3 stack slot(s), no call site decoded"
0x006DC0D0,1758,16,read,1,,1/1,0/0,"void FUN_00adc0d0(int *param_1,int param_2,int param_3,int *param_4)","__thiscall, 4 stack slot(s), no call site decoded"
0x006E0080,986,12,read,1,,1/1,0/1,"void FUN_00ae0080(float *param_1,float *param_2,int param_3)","__thiscall, 3 stack slot(s), result unused at every site (void?) [eax read at 0/1 sites]"
0x006E2220,32,4,read,2,,2/2,2/2,StringBase<char> * FUN_00ae2220(StringBase<char> *param_1),"__thiscall, 1 stack slot(s), returns a value [eax read at 2/2 sites]"
0x006E2250,32,4,read,1,,1/1,1/1,StringBase<char> * FUN_00ae2250(StringBase<char> *param_1),"__thiscall, 1 stack slot(s), returns a value [eax read at 1/1 sites]"
0x006E22B0,32,4,read,1,,1/1,1/1,StringBase<char> * FUN_00ae22b0(StringBase<char> *param_1),"__thiscall, 1 stack slot(s), returns a value [eax read at 1/1 sites]"
0x006E6E50,1,0,none,9,12:1 24:6,7/8,0/7,void FUN_00ae6e50(void),"__thiscall, 0 stack slots, result unused at every site (void?) [eax read at 0/7 sites]"
0x006EB000,54,4,read,1,,1/1,0/0,void FUN_00aeb000(int *param_1),"__thiscall, 1 stack slot(s), no call site decoded"
0x006EB500,1215,4,read,2,,2/2,2/2,undefined4 FUN_00aeb500(undefined4 param_1),"__thiscall, 1 stack slot(s), returns a value [eax read at 2/2 sites]"
0x006EE800,2784,0,read,1,,1/1,0/1,void FUN_00aee800(void),"__thiscall, 0 stack slots, result unused at every site (void?) [eax read at 0/1 sites]"
0x006EFF30,426,16,read,2,,2/2,0/2,"void FUN_00aeff30(StringBase<char> *param_1,int param_2,char param_3,int param_4)","__thiscall, 4 stack slot(s), result unused at every site (void?) [eax read at 0/2 sites]"
0x006F0300,4490,0,read,1,,1/1,0/1,void FUN_00af0300(void),"__thiscall, 0 stack slots, result unused at every site (void?) [eax read at 0/1 sites]"
0x006F18F0,371,0,read,2,4:2,1/1,2/2,int * FUN_00af18f0(int *param_1),"__thiscall, 0 stack slots, returns a value [eax read at 2/2 sites]"
0x006F2CC0,3881,0,read,1,,1/1,0/1,void FUN_00af2cc0(void),"__thiscall, 0 stack slots, result unused at every site (void?) [eax read at 0/1 sites]"
0x006F4F50,425,4,read,1,,1/1,1/1,undefined4 FUN_00af4f50(undefined1 *param_1),"__thiscall, 1 stack slot(s), returns a value [eax read at 1/1 sites]"
0x006F83F0,618,16,read,1,,1/1,1/1,"int FUN_00af83f0(int param_1,int param_2,float *param_3,int *param_4)","__thiscall, 4 stack slot(s), returns a value [eax read at 1/1 sites]"
0x006F8E60,121,16,read,1,,1/1,0/0,"void FUN_00af8e60(undefined4 param_1,undefined4 param_2,int *param_3,int *param_4)","__thiscall, 4 stack slot(s), no call site decoded"
0x006F8F00,264,0,read,1,,1/1,0/1,void FUN_00af8f00(void),"__thiscall, 0 stack slots, result unused at every site (void?) [eax read at 0/1 sites]"
0x006F9380,920,16,read,1,,1/1,0/1,"void FUN_00af9380(undefined4 param_1,char param_2,int *param_3,int *param_4)","__thiscall, 4 stack slot(s), result unused at every site (void?) [eax read at 0/1 sites]"
0x006FD700,524,12,read,1,,1/1,0/1,"void FUN_00afd700(undefined4 *param_1,float param_2,float param_3)","__thiscall, 3 stack slot(s), result unused at every site (void?) [eax read at 0/1 sites]"
0x006FD990,622,4,read,2,104:1,2/2,0/1,void FUN_00afd990(int param_1),"__thiscall, 1 stack slot(s), result unused at every site (void?) [eax read at 0/1 sites]"
0x006FDCB0,322,0,read,4,,3/3,0/4,void FUN_00afdcb0(void),"__thiscall, 0 stack slots, result unused at every site (void?) [eax read at 0/4 sites]"
0x006FDE50,602,0,read,1,,1/1,0/1,void FUN_00afde50(void),"__thiscall, 0 stack slots, result unused at every site (void?) [eax read at 0/1 sites]"
0x006FE730,644,0,read,1,,1/1,0/0,void FUN_00afe730(void),"__thiscall, 0 stack slots, no call site decoded"
0x00702920,1057,4,read,2,,2/2,0/2,void FUN_00b02920(undefined4 *param_1),"__thiscall, 1 stack slot(s), result unused at every site (void?) [eax read at 0/2 sites]"
0x00702FF0,328,0,read,1,,1/1,0/1,void FUN_00b02ff0(void),"__thiscall, 0 stack slots, result unused at every site (void?) [eax read at 0/1 sites]"
0x00710620,1380,36,read,1,,0/0,0/0,"void FUN_00b10620(undefined4 param_1,int *param_2,int *param_3,char param_4,char param_5,","__thiscall, 9 stack slot(s), no call site decoded"
0x00711130,296,8,read,5,,5/5,0/1,"void FUN_00b11130(float *param_1,char param_2)","__thiscall, 2 stack slot(s), result unused at every site (void?) [eax read at 0/1 sites]"
0x00713780,2491,16,read,11,,11/11,0/10,"void FUN_00b13780(int *param_1,int *param_2,undefined4 param_3,char param_4)","__thiscall, 4 stack slot(s), result unused at every site (void?) [eax read at 0/10 sites]"
0x00714810,2290,4,call,1,,1/1,0/1,void FUN_00b14810(uint param_1),"__thiscall, 1 stack slot(s), result unused at every site (void?) [eax read at 0/1 sites]"
0x00715770,265,20,read,2,,0/0,0/2,"void FUN_00b15770(void *param_1,undefined4 *param_2,undefined4 param_3,undefined4 *param_4,","__thiscall, 5 stack slot(s), result unused at every site (void?) [eax read at 0/2 sites]"
0x00715D40,50,4,read,1,,1/1,0/1,void FUN_00b15d40(undefined4 *param_1),"__thiscall, 1 stack slot(s), result unused at every site (void?) [eax read at 0/1 sites]"
0x00718DA0,5,,none,3,28:1,1/2,0/3,undefined4,"__cdecl, stack slots unknown (cleanup after only 1/3 sites: 0 and deferred, or deferred elsewhere), result unused at every site (void?) [eax read at 0/3 sites]"
0x00719090,1936,0,call,5,28:4,0/5,0/5,void FUN_00b19090(void),"__cdecl, 7 stack slot(s), result unused at every site (void?) [eax read at 0/5 sites]"
0x007282A0,821,16,read,4,,4/4,0/4,"void FUN_00b282a0(int param_1,int param_2,int param_3,float param_4)","__thiscall, 4 stack slot(s), result unused at every site (void?) [eax read at 0/4 sites]"
0x00729180,287,0,read,1,,1/1,1/1,uint FUN_00b29180(void),"__thiscall, 0 stack slots, returns a value [eax read at 1/1 sites]"
0x00729700,792,12,read,8,,8/8,0/7,"void FUN_00b29700(int param_1,int param_2,int param_3)","__thiscall, 3 stack slot(s), result unused at every site (void?) [eax read at 0/7 sites]"
0x00729F60,897,32,read,10,144:1 148:2,10/10,0/9,"void FUN_00b29f60(int param_1,int param_2,int param_3,int param_4,int param_5,int param_6,","__thiscall, 8 stack slot(s), result unused at every site (void?) [eax read at 0/9 sites]"
0x0072A3D0,2850,32,read,12,4:6,12/12,0/12,"void FUN_00b2a3d0(int param_1,int param_2,float param_3,float param_4,int param_5,int param_6,","__thiscall, 8 stack slot(s), result unused at every site (void?) [eax read at 0/12 sites]"
0x0072B1C0,759,44,read,1,,1/1,0/1,"void FUN_00b2b1c0(undefined4 param_1,undefined4 param_2,int param_3,int param_4,int param_5,","__thiscall, 11 stack slot(s), result unused at every site (void?) [eax read at 0/1 sites]"
0x0072B580,3775,28,read,6,,6/6,0/6,"void FUN_00b2b580(int param_1,int param_2,float param_3,float param_4,int param_5,int param_6,","__thiscall, 7 stack slot(s), result unused at every site (void?) [eax read at 0/6 sites]"
0x0072C7F0,2068,12,read,2,16:1,2/2,0/2,"void FUN_00b2c7f0(int *param_1,int param_2,int param_3)","__thiscall, 3 stack slot(s), result unused at every site (void?) [eax read at 0/2 sites]"
0x0072D210,1920,16,read,5,16:1,5/5,0/4,"void FUN_00b2d210(int *param_1,int param_2,undefined4 param_3,undefined1 param_4)","__thiscall, 4 stack slot(s), result unused at every site (void?) [eax read at 0/4 sites]"
0x0072EAA0,35,0,write,1,,1/1,0/1,void FUN_00b2eaa0(void),"__thiscall, 0 stack slots, result unused at every site (void?) [eax read at 0/1 sites]"
0x0072FEB0,892,0,read,1,,1/1,0/1,void FUN_00b2feb0(void),"__thiscall, 0 stack slots, result unused at every site (void?) [eax read at 0/1 sites]"
0x00739A10,222,0,none,2,16:2,0/2,0/1,"char FUN_00b39a10(int *param_1,undefined4 param_2,undefined4 param_3,undefined4 param_4)","__cdecl, 4 stack slot(s), result unused at every site (void?) [eax read at 0/1 sites]"
0x0073A050,378,24,read,1,,1/1,1/1,undefined4,"__thiscall, 6 stack slot(s), returns a value [eax read at 1/1 sites]"
0x0073AD70,277,0,call,1,,1/1,0/1,void FUN_00b3ad70(void),"__thiscall, 0 stack slots, result unused at every site (void?) [eax read at 0/1 sites]"
0x0073CB10,1540,4,read,3,,3/3,0/3,void FUN_00b3cb10(int param_1),"__thiscall, 1 stack slot(s), result unused at every site (void?) [eax read at 0/3 sites]"
0x00740F60,599,16,read,1,,1/1,0/0,"void FUN_00b40f60(undefined4 param_1,undefined4 param_2,undefined4 param_3,undefined4 param_4)","__thiscall, 4 stack slot(s), no call site decoded"
0x00745890,160,4,read,1,,1/1,0/0,void FUN_00b45890(uint param_1),"__thiscall, 1 stack slot(s), no call site decoded"
0x007468B0,297,0,read,1,,1/1,0/1,void FUN_00b468b0(void),"__thiscall, 0 stack slots, result unused at every site (void?) [eax read at 0/1 sites]"
0x00749A90,96,12,read,1,4:1,0/0,0/1,,"__thiscall, 3 stack slot(s), result unused at every site (void?) [eax read at 0/1 sites]"
0x0074AC50,32,4,read,1,,1/1,1/1,,"__thiscall, 1 stack slot(s), returns a value [eax read at 1/1 sites]"
0x0074ACB0,1511,8,read,1,,1/1,0/1,"void FUN_00b4acb0(undefined4 param_1,char param_2)","__thiscall, 2 stack slot(s), result unused at every site (void?) [eax read at 0/1 sites]"
0x0074B480,1169,,read,3,,3/3,0/3,"void FUN_00b4b480(float *param_1,float param_2,char param_3)","?, no ret decoded (tail call or wrong extent), result unused at every site (void?) [eax read at 0/3 sites]"
0x0074BBB0,270,8,write,2,,2/2,0/2,,"__thiscall, 2 stack slot(s), result unused at every site (void?) [eax read at 0/2 sites]"
0x0074C4F0,324,24,read,3,,3/3,3/3,"int * FUN_00b4c4f0(int *param_1,undefined4 param_2,undefined4 param_3,int param_4,int param_5,","__thiscall, 6 stack slot(s), returns a value [eax read at 3/3 sites]"
0x0074CDD0,271,8,read,3,,3/3,3/3,"uint FUN_00b4cdd0(int param_1,uint param_2)","__thiscall, 2 stack slot(s), returns a value [eax read at 3/3 sites]"
0x0074D610,43,0,read,1,,1/1,0/1,void FUN_00b4d610(void),"__thiscall, 0 stack slots, result unused at every site (void?) [eax read at 0/1 sites]"
0x0074E320,288,12,read,4,16:1,3/4,0/3,"void FUN_00b4e320(int param_1,uint param_2,undefined4 *param_3)","__thiscall, 3 stack slot(s), result unused at every site (void?) [eax read at 0/3 sites]"
0x0074E820,122,4,read,3,,3/3,0/2,void FUN_00b4e820(undefined4 param_1),"__thiscall, 1 stack slot(s), result unused at every site (void?) [eax read at 0/2 sites]"
0x0074EB10,352,8,read,2,,2/2,1/2,"void FUN_00b4eb10(undefined4 param_1,undefined4 param_2)","__thiscall, 2 stack slot(s), returns a value [eax read at 1/2 sites]"
0x00752B80,465,8,write,18,,18/18,18/18,"bool FUN_00b52b80(uint *param_1,uint *param_2)","__thiscall, 2 stack slot(s), returns a value [eax read at 18/18 sites]"
0x00753FC0,265,20,read,2,4:1,1/1,0/2,"void FUN_00b53fc0(void *param_1,undefined4 *param_2,undefined4 param_3,undefined4 *param_4,","__thiscall, 5 stack slot(s), result unused at every site (void?) [eax read at 0/2 sites]"
0x00754110,265,20,read,4,4:1,1/1,0/4,"void FUN_00b54110(void *param_1,undefined4 *param_2,undefined4 param_3,undefined4 *param_4,","__thiscall, 5 stack slot(s), result unused at every site (void?) [eax read at 0/4 sites]"
0x00754B20,66,0,write,10,8:8,2/4,0/3,"void FUN_00b54b20(int param_1,undefined4 param_2)","__cdecl, 2 stack slot(s), result unused at every site (void?) [eax read at 0/3 sites]"
0x00754E70,128,8,call,2,4:1,1/1,0/2,"void FUN_00b54e70(int *param_1,int param_2)","__thiscall, 2 stack slot(s), result unused at every site (void?) [eax read at 0/2 sites]"
0x00755170,943,8,read,1,,1/1,0/0,"void FUN_00b55170(int *param_1,int *param_2)","__thiscall, 2 stack slot(s), no call site decoded"
0x0075B4A0,100,0,write,5,8:5,2/4,4/4,"undefined4 FUN_00b5b4a0(int param_1,undefined1 *param_2)","__cdecl, 2 stack slot(s), returns a value [eax read at 4/4 sites]"
0x0075B980,104,0,read,3,4:3,3/3,3/3,undefined1 FUN_00b5b980(char param_1),"__thiscall, 0 stack slots, returns a value [eax read at 3/3 sites]"
0x00760660,536,32,read,1,,1/1,0/0,"void FUN_00b60660(int *param_1,undefined4 param_2,undefined4 param_3,float param_4,","__thiscall, 8 stack slot(s), no call site decoded"
0x00761D20,184,0,write,2,12:2,0/1,1/2,"StringBase<char> * FUN_00b61d20(StringBase<char> *param_1,StringBase<char> *param_2,int param_3)","__cdecl, 3 stack slot(s), returns a value [eax read at 1/2 sites]"
0x00763AC0,1500,8,read,3,16:2,3/3,1/3,"undefined4 FUN_00b63ac0(int *param_1,float *param_2)","__thiscall, 2 stack slot(s), returns a value [eax read at 1/3 sites]"
0x007656B0,250,0,write,2,,0/2,0/2,"void FUN_00b656b0(int param_1,StringBase<char> *param_2)","__cdecl, stack slots unknown (no caller cleanup after 2 site(s): 0, or deferred); ghidra reads 2, result unused at every site (void?) [eax read at 0/2 sites]"
0x007657F0,568,12,read,4,,4/4,4/4,"int * FUN_00b657f0(StringBase<char> *param_1,char param_2,undefined4 param_3)","__thiscall, 3 stack slot(s), returns a value [eax read at 4/4 sites]"
0x00765B70,473,4,read,5,,3/3,5/5,uint * FUN_00b65b70(uint *param_1),"__thiscall, 1 stack slot(s), returns a value [eax read at 5/5 sites]"
0x00765DC0,384,4,read,6,,5/5,6/6,int FUN_00b65dc0(uint *param_1),"__thiscall, 1 stack slot(s), returns a value [eax read at 6/6 sites]"
0x00765FB0,2190,20,read,4,,3/3,0/3,"int * FUN_00b65fb0(StringBase<char> *param_1,float param_2,char param_3,char param_4,char param_5)","__thiscall, 5 stack slot(s), result unused at every site (void?) [eax read at 0/3 sites]"
0x00766AA0,3386,16,read,2,,2/2,2/2,"undefined4 FUN_00b66aa0(float *param_1,int param_2,undefined4 *param_3,undefined4 *param_4)","__thiscall, 4 stack slot(s), returns a value [eax read at 2/2 sites]"
0x00767DB0,293,20,read,2,,2/2,0/2,void FUN_00b67db0(void),"__thiscall, 5 stack slot(s), result unused at every site (void?) [eax read at 0/2 sites]"
0x007682D0,51,0,read,2,,2/2,0/1,void FUN_00b682d0(void),"__thiscall, 0 stack slots, result unused at every site (void?) [eax read at 0/1 sites]"
0x007684F0,124,0,read,1,,1/1,0/1,void FUN_00b684f0(void),"__thiscall, 0 stack slots, result unused at every site (void?) [eax read at 0/1 sites]"
0x00769DD0,1575,16,read,1,,1/1,0/1,"void FUN_00b69dd0(int param_1,undefined4 param_2,int param_3,undefined1 *param_4)","__thiscall, 4 stack slot(s), result unused at every site (void?) [eax read at 0/1 sites]"
0x0076B550,317,4,read,4,,3/3,0/3,void FUN_00b6b550(char param_1),"__thiscall, 1 stack slot(s), result unused at every site (void?) [eax read at 0/3 sites]"
0x0076B800,299,12,read,7,32:1 128:1,6/6,0/6,"undefined4 FUN_00b6b800(int param_1,char param_2,undefined4 param_3)","__thiscall, 3 stack slot(s), result unused at every site (void?) [eax read at 0/6 sites]"
0x0076C080,2132,0,read,5,,5/5,0/4,void FUN_00b6c080(void),"__thiscall, 0 stack slots, result unused at every site (void?) [eax read at 0/4 sites]"
0x0076CB10,554,0,read,2,,2/2,0/2,void FUN_00b6cb10(void),"__thiscall, 0 stack slots, result unused at every site (void?) [eax read at 0/2 sites]"
0x0076DCC0,1666,16,read,1,,1/1,0/1,"void FUN_00b6dcc0(int *param_1,float param_2,int param_3,undefined4 param_4)","__thiscall, 4 stack slot(s), result unused at every site (void?) [eax read at 0/1 sites]"
0x0076F9E0,1603,4,read,1,,1/1,0/1,void FUN_00b6f9e0(int param_1),"__thiscall, 1 stack slot(s), result unused at every site (void?) [eax read at 0/1 sites]"
0x00770500,166,0,read,2,,2/2,0/2,void FUN_00b70500(void),"__thiscall, 0 stack slots, result unused at every site (void?) [eax read at 0/2 sites]"
0x007709C0,160,4,read,2,,2/2,0/2,void FUN_00b709c0(uint param_1),"__thiscall, 1 stack slot(s), result unused at every site (void?) [eax read at 0/2 sites]"
0x007739F0,1310,8,read,2,,2/2,2/2,"StringBase<char> * FUN_00b739f0(StringBase<char> *param_1,StringBase<char> *param_2)","__thiscall, 2 stack slot(s), returns a value [eax read at 2/2 sites]"
0x00774AA0,144,20,read,6,,6/6,0/4,"void FUN_00b74aa0(undefined4 param_1,undefined4 param_2,int *param_3,int param_4,undefined4 param_5)","__thiscall, 5 stack slot(s), result unused at every site (void?) [eax read at 0/4 sites]"
0x00774B60,373,0,read,1,,1/1,0/1,void FUN_00b74b60(void),"__thiscall, 0 stack slots, result unused at every site (void?) [eax read at 0/1 sites]"
0x007781C0,779,16,read,2,,2/2,0/1,"void FUN_00b781c0(int param_1,undefined4 *param_2,undefined4 *param_3,undefined4 *param_4)","__thiscall, 4 stack slot(s), result unused at every site (void?) [eax read at 0/1 sites]"
0x0077AB30,475,0,read,1,,1/1,0/1,void FUN_00b7ab30(void),"__thiscall, 0 stack slots, result unused at every site (void?) [eax read at 0/1 sites]"
0x00781660,4431,4,read,1,36:1,1/1,0/1,void FUN_00b81660(float param_1),"__thiscall, 1 stack slot(s), result unused at every site (void?) [eax read at 0/1 sites]"
0x00785300,1264,0,read,2,4:1,2/2,0/1,void FUN_00b85300(void),"__thiscall, 0 stack slots, result unused at every site (void?) [eax read at 0/1 sites]"
0x007864A0,32,4,read,1,,1/1,0/1,void FUN_00b864a0(void),"__thiscall, 1 stack slot(s), result unused at every site (void?) [eax read at 0/1 sites]"
0x007864E0,56,4,read,1,4:1,1/1,0/1,void FUN_00b864e0(int *param_1),"__thiscall, 1 stack slot(s), result unused at every site (void?) [eax read at 0/1 sites]"
0x00786B70,40,0,read,1,,1/1,1/1,void FUN_00b86b70(void),"__thiscall, 0 stack slots, returns a value [eax read at 1/1 sites]"
0x00786F10,45,4,read,1,4:1,1/1,0/1,void FUN_00b86f10(int *param_1),"__thiscall, 1 stack slot(s), result unused at every site (void?) [eax read at 0/1 sites]"
0x00786F50,265,20,read,2,,0/0,0/2,"void FUN_00b86f50(void *param_1,undefined4 *param_2,undefined4 param_3,undefined4 *param_4,","__thiscall, 5 stack slot(s), result unused at every site (void?) [eax read at 0/2 sites]"
0x00788460,755,0,read,2,,2/2,0/2,void FUN_00b88460(void),"__thiscall, 0 stack slots, result unused at every site (void?) [eax read at 0/2 sites]"
0x0078B040,381,16,none,1,,1/1,0/1,"void FUN_00b8b040(float *param_1,float *param_2,float param_3,undefined4 param_4)","__thiscall, 4 stack slot(s), result unused at every site (void?) [eax read at 0/1 sites]"
0x0078B4F0,1694,0,read,1,16:1,1/1,0/1,void FUN_00b8b4f0(void),"__thiscall, 0 stack slots, result unused at every site (void?) [eax read at 0/1 sites]"
0x0078C070,514,,read,1,,1/1,0/1,void FUN_00b8c070(void),"?, no ret decoded (tail call or wrong extent), result unused at every site (void?) [eax read at 0/1 sites]"
0x0078FDE0,274,0,read,2,16:1 36:1,2/2,0/2,void FUN_00b8fde0(void),"__thiscall, 0 stack slots, result unused at every site (void?) [eax read at 0/2 sites]"
0x007921E0,293,0,read,1,16:1,0/0,0/1,"void FUN_00b921e0(int param_1,int param_2,int param_3,int param_4)","__cdecl, 4 stack slot(s), result unused at every site (void?) [eax read at 0/1 sites]"
0x00794040,170,,read,1,4:1,1/1,0/1,void FUN_00b94040(void),"__cdecl, 1 stack slot(s), result unused at every site (void?) [eax read at 0/1 sites]"
0x007986C0,1720,0,write,2,28:2,0/2,0/2,void FUN_00b986c0(undefined1 *param_1),"__cdecl, 7 stack slot(s), result unused at every site (void?) [eax read at 0/2 sites]"
0x0079D530,961,0,read,1,,1/1,0/1,void FUN_00b9d530(void),"__thiscall, 0 stack slots, result unused at every site (void?) [eax read at 0/1 sites]"
0x0079E700,747,8,write,2,,2/2,0/0,undefined4 FUN_00b9e700(undefined4 *param_1),"__thiscall, 2 stack slot(s), no call site decoded"
0x0079EAB0,790,16,read,4,,3/3,2/4,"uint FUN_00b9eab0(uint param_1,int param_2,int param_3,char param_4)","__thiscall, 4 stack slot(s), returns a value [eax read at 2/4 sites]"
0x0079F180,1,0,none,1,,1/1,0/1,void FUN_00b9f180(void),"__thiscall, 0 stack slots, result unused at every site (void?) [eax read at 0/1 sites]"
0x007A0500,891,0,read,2,,2/2,0/0,void FUN_00ba0500(void),"__thiscall, 0 stack slots, no call site decoded"
0x007A0960,249,4,write,4,16:1,4/4,0/2,void FUN_00ba0960(int *param_1),"__thiscall, 1 stack slot(s), result unused at every site (void?) [eax read at 0/2 sites]"
0x007A37B0,2884,4,read,1,,1/1,0/1,void FUN_00ba37b0(undefined4 *param_1),"__thiscall, 1 stack slot(s), result unused at every site (void?) [eax read at 0/1 sites]"
0x007A4B40,384,8,read,4,,4/4,0/3,"float10 FUN_00ba4b40(float param_1,float param_2)","__thiscall, 2 stack slot(s), result unused at every site (void?) [eax read at 0/3 sites]"
0x007A50A0,178,4,read,1,,1/1,0/1,void FUN_00ba50a0(void),"__thiscall, 1 stack slot(s), result unused at every site (void?) [eax read at 0/1 sites]"
0x007A6460,1268,4,read,1,,1/1,0/1,void FUN_00ba6460(int param_1),"__thiscall, 1 stack slot(s), result unused at every site (void?) [eax read at 0/1 sites]"
0x007A6AA0,1554,4,call,1,,1/1,0/1,void FUN_00ba6aa0(int param_1),"__thiscall, 1 stack slot(s), result unused at every site (void?) [eax read at 0/1 sites]"
0x007A7240,2263,4,read,1,,1/1,0/1,void FUN_00ba7240(int param_1),"__thiscall, 1 stack slot(s), result unused at every site (void?) [eax read at 0/1 sites]"
0x007A8400,2443,4,read,1,,1/1,0/1,void FUN_00ba8400(undefined *param_1),"__thiscall, 1 stack slot(s), result unused at every site (void?) [eax read at 0/1 sites]"
0x007A8FF0,4953,8,read,2,,2/2,0/2,"void FUN_00ba8ff0(int param_1,float *param_2)","__thiscall, 2 stack slot(s), result unused at every site (void?) [eax read at 0/2 sites]"
0x007AA820,416,,read,2,,2/2,0/2,void FUN_00baa820(void),"?, no ret decoded (tail call or wrong extent), result unused at every site (void?) [eax read at 0/2 sites]"
0x007AC7E0,805,0,read,1,,1/1,0/0,void FUN_00bac7e0(void),"__thiscall, 0 stack slots, no call site decoded"
0x007AF200,100,0,read,13,,3/3,0/12,void FUN_00baf200(void),"__thiscall, 0 stack slots, result unused at every site (void?) [eax read at 0/12 sites]"
0x007AF400,122,0,read,1,,1/1,1/1,void FUN_00baf400(void),"__thiscall, 0 stack slots, returns a value [eax read at 1/1 sites]"
0x007AF710,156,0,none,2,,2/2,2/2,"void FUN_00baf710(float param_1,float param_2,float param_3,float param_4)","__thiscall, 0 stack slots, returns a value [eax read at 2/2 sites]"
0x007AF7E0,276,0,read,3,,3/3,0/3,void FUN_00baf7e0(void),"__thiscall, 0 stack slots, result unused at every site (void?) [eax read at 0/3 sites]"
0x007AF940,282,0,read,3,16:1 32:1,3/3,0/1,"void FUN_00baf940(float param_1,float param_2,float param_3,float param_4)","__thiscall, 0 stack slots, result unused at every site (void?) [eax read at 0/1 sites]"
0x007AFD10,396,4,read,7,,7/7,6/6,int FUN_00bafd10(char *param_1),"__thiscall, 1 stack slot(s), returns a value [eax read at 6/6 sites]"
0x007B14A0,3124,16,call,14,,13/13,0/12,"void FUN_00bb14a0(undefined *param_1,undefined *param_2,int param_3,int param_4)","__thiscall, 4 stack slot(s), result unused at every site (void?) [eax read at 0/12 sites]"
0x007B23F0,4823,4,read,1,,1/1,0/0,void FUN_00bb23f0(int param_1),"__thiscall, 1 stack slot(s), no call site decoded"
0x007B3E70,460,52,read,3,28:1 40:1,3/3,0/3,"int FUN_00bb3e70(int param_1,int param_2,undefined4 param_3,undefined1 param_4,float param_5,","__thiscall, 13 stack slot(s), result unused at every site (void?) [eax read at 0/3 sites]"
0x007B4FE0,4341,12,read,4,,4/4,0/1,"void FUN_00bb4fe0(int param_1,undefined4 param_2,int param_3)","__thiscall, 3 stack slot(s), result unused at every site (void?) [eax read at 0/1 sites]"
0x007B6520,1640,4,read,1,,1/1,1/1,int FUN_00bb6520(void),"__thiscall, 1 stack slot(s), returns a value [eax read at 1/1 sites]"
0x007B76C0,147,12,none,7,,7/7,7/7,"undefined4 FUN_00bb76c0(undefined4 param_1,int param_2)","__thiscall, 3 stack slot(s), returns a value [eax read at 7/7 sites]"
0x007B7FA0,63,8,read,1,,1/1,1/1,"int FUN_00bb7fa0(int param_1,undefined2 *param_2)","__thiscall, 2 stack slot(s), returns a value [eax read at 1/1 sites]"
0x007BA590,760,0,read,1,,1/1,0/1,void FUN_00bba590(void),"__thiscall, 0 stack slots, result unused at every site (void?) [eax read at 0/1 sites]"
0x007BE000,3726,20,read,1,,1/1,0/1,"void FUN_00bbe000(float *param_1,float param_2,float *param_3)","__thiscall, 5 stack slot(s), result unused at every site (void?) [eax read at 0/1 sites]"
0x007BF3C0,824,4,read,1,,1/1,0/0,void FUN_00bbf3c0(float param_1),"__thiscall, 1 stack slot(s), no call site decoded"
0x007CBB70,270,0,read,1,,1/1,1/1,uint FUN_00bcbb70(void),"__thiscall, 0 stack slots, returns a value [eax read at 1/1 sites]"
0x007DD180,6636,4,read,1,,1/1,0/1,undefined4 FUN_00bdd180(int param_1),"__thiscall, 1 stack slot(s), result unused at every site (void?) [eax read at 0/1 sites]"
0x007E86C0,7,0,read,134,36:1 40:1 52:39 56:1 72:1,121/121,0/126,void FUN_00be86c0(void),"__thiscall, 0 stack slots, result unused at every site (void?) [eax read at 0/126 sites]"
0x007E88B0,4,0,read,21,,21/21,21/21,undefined4 FUN_00be88b0(void),"__thiscall, 0 stack slots, returns a value [eax read at 21/21 sites]"
0x007E88C0,10,4,read,16,52:2,16/16,0/16,void FUN_00be88c0(undefined4 param_1),"__thiscall, 1 stack slot(s), result unused at every site (void?) [eax read at 0/16 sites]"
0x007E9B70,6,0,none,16,,3/12,16/16,undefined * FUN_00be9b70(void),"__cdecl, stack slots unknown (no caller cleanup after 16 site(s): 0, or deferred); ghidra reads 0, returns a value [eax read at 16/16 sites]"
0x007F01F0,25,8,read,62,,62/62,0/62,"void FUN_00bf01f0(undefined4 param_1,undefined4 param_2)","__thiscall, 2 stack slot(s), result unused at every site (void?) [eax read at 0/62 sites]"
0x007F4CC0,52,0,read,2,,2/2,0/2,void FUN_00bf4cc0(void),"__thiscall, 0 stack slots, result unused at every site (void?) [eax read at 0/2 sites]"
0x007F65E0,195,8,read,2,,2/2,0/2,void FUN_00bf65e0(int param_1),"__thiscall, 2 stack slot(s), result unused at every site (void?) [eax read at 0/2 sites]"
0x007F97B0,414,8,read,1,,1/1,0/1,"void FUN_00bf97b0(int param_1,int param_2)","__thiscall, 2 stack slot(s), result unused at every site (void?) [eax read at 0/1 sites]"
0x0081BDFC,6,,none,18,,1/16,17/18,"int send(SOCKET s,char *buf,int len,int flags)","?, no ret decoded (tail call or wrong extent), returns a value [eax read at 17/18 sites]"
0x0081BE74,6,,none,13,,2/10,10/13,"int recv(SOCKET s,char *buf,int len,int flags)","?, no ret decoded (tail call or wrong extent), returns a value [eax read at 10/13 sites]"
0x0081C6A0,11,8,read,1,,1/1,0/1,,"__thiscall, 2 stack slot(s), result unused at every site (void?) [eax read at 0/1 sites]"
0x0081C8D0,66,0,write,8,8:6,0/3,0/3,"void FUN_00c1c8d0(int param_1,undefined4 param_2)","__cdecl, 2 stack slot(s), result unused at every site (void?) [eax read at 0/3 sites]"
0x0081C9C0,15,4,read,1,,1/1,0/1,void FUN_00c1c9c0(void),"__thiscall, 1 stack slot(s), result unused at every site (void?) [eax read at 0/1 sites]"
0x0081CB30,574,0,call,1,,0/0,0/1,void FUN_00c1cb30(void),"__cdecl (or a __thiscall that never reads `this`), stack slots unknown (no caller cleanup after 1 site(s): 0, or deferred); ghidra reads 0, result unused at every site (void?) [eax read at 0/1 sites]"
0x0081D5E0,11,8,read,1,,1/1,0/1,,"__thiscall, 2 stack slot(s), result unused at every site (void?) [eax read at 0/1 sites]"
0x0081DAD0,265,20,read,2,,0/0,0/2,"void FUN_00c1dad0(void *param_1,undefined4 *param_2,undefined4 param_3,undefined4 *param_4,","__thiscall, 5 stack slot(s), result unused at every site (void?) [eax read at 0/2 sites]"
0x00835590,114,0,write,11,28:5,0/11,0/11,"void FUN_00c35590(undefined4 *param_1,byte *param_2,int param_3,int *param_4,undefined4 param_5)","__cdecl, stack slots unknown (cleanup after only 5/11 sites: 0 and deferred, or deferred elsewhere), result unused at every site (void?) [eax read at 0/11 sites]"
0x00835EF0,106,0,read,11,28:6,0/11,0/10,"void FUN_00c35ef0(undefined4 *param_1,short *param_2,int param_3,int *param_4,undefined4 param_5)","__cdecl, 7 stack slot(s), result unused at every site (void?) [eax read at 0/10 sites]"
0x00839530,91,4,read,6,,6/6,0/5,void FUN_00c39530(undefined2 param_1),"__thiscall, 1 stack slot(s), result unused at every site (void?) [eax read at 0/5 sites]"
0x0083A2D0,106,0,read,3,28:2,0/3,0/3,"void FUN_00c3a2d0(undefined4 *param_1,short *param_2,int param_3,int *param_4,undefined4 param_5)","__cdecl, 7 stack slot(s), result unused at every site (void?) [eax read at 0/3 sites]"
0x0083B330,908,0,write,3,,0/3,3/3,undefined4 * FUN_00c3b330(void),"__cdecl, stack slots unknown (no caller cleanup after 3 site(s): 0, or deferred); ghidra reads 0, returns a value [eax read at 3/3 sites]"
0x0083F9B0,195,4,read,30,,30/30,0/30,void FUN_00c3f9b0(int param_1),"__thiscall, 1 stack slot(s), result unused at every site (void?) [eax read at 0/30 sites]"
0x008460D0,114,0,write,3,28:3,0/3,0/3,,"__cdecl, 7 stack slot(s), result unused at every site (void?) [eax read at 0/3 sites]"
0x0084DE40,433,0,write,2,12:2,0/2,2/2,,"__cdecl, 3 stack slot(s), returns a value [eax read at 2/2 sites]"
0x0084ED20,135,,write,3,4:2,2/3,3/3,undefined1 * FUN_00c4ed20(LCID *param_1),"__cdecl, 1 stack slot(s), returns a value [eax read at 3/3 sites]"
0x00851910,164,,read,35,132:13 136:1,34/34,0/34,void FUN_00c51910(int param_1),"__cdecl, stack slots unknown (cleanup after only 14/35 sites: 0 and deferred, or deferred elsewhere), result unused at every site (void?) [eax read at 0/34 sites]"
0x00853510,106,4,read,2,,0/0,0/2,void FUN_00c53510(undefined4 param_1),"__thiscall, 1 stack slot(s), result unused at every site (void?) [eax read at 0/2 sites]"
0x00853CB0,345,,read,8,,8/8,0/8,"void FUN_00c53cb0(undefined4 param_1,undefined4 param_2,char *param_3,code *param_4)","?, no ret decoded (tail call or wrong extent), result unused at every site (void?) [eax read at 0/8 sites]"
0x00853EC0,72,0,read,1,,1/1,0/1,void FUN_00c53ec0(void),"__thiscall, 0 stack slots, result unused at every site (void?) [eax read at 0/1 sites]"
0x00858960,,,none,2,24:2,0/2,0/2,,"__cdecl, 6 stack slot(s), result unused at every site (void?) [eax read at 0/2 sites]"
0x008793A0,6,,none,12,,1/7,11/11,clock_t __cdecl clock(void),"?, no ret decoded (tail call or wrong extent), returns a value [eax read at 11/11 sites]"
0x0087F2F0,480,20,read,19,4:1,18/18,18/19,"void FUN_00c7f2f0(undefined4 param_1,undefined4 param_2,int param_3,int param_4,undefined4 param_5)","__thiscall, 5 stack slot(s), returns a value [eax read at 18/19 sites]"
0x00880C30,221,0,write,1,,0/1,0/1,"void FUN_00c80c30(int param_1,int param_2)","__cdecl, stack slots unknown (no caller cleanup after 1 site(s): 0, or deferred); ghidra reads 2, result unused at every site (void?) [eax read at 0/1 sites]"
0x00880E10,8,,read,3,,3/3,0/3,void FUN_00c80e10(void),"?, no ret decoded (tail call or wrong extent), result unused at every site (void?) [eax read at 0/3 sites]"
0x00880E20,8,,read,2,,2/2,0/2,void FUN_00c80e20(void),"?, no ret decoded (tail call or wrong extent), result unused at every site (void?) [eax read at 0/2 sites]"
0x00880E30,8,,read,4,8:1,4/4,0/4,void FUN_00c80e30(void),"__cdecl, stack slots unknown (cleanup after only 1/4 sites: 0 and deferred, or deferred elsewhere), result unused at every site (void?) [eax read at 0/4 sites]"
0x00880E60,8,,read,2,,2/2,2/2,void FUN_00c80e60(void),"?, no ret decoded (tail call or wrong extent), returns a value [eax read at 2/2 sites]"
0x00882630,415,0,write,2,4:2,1/1,0/2,void FUN_00c82630(int param_1),"__thiscall, 0 stack slots, result unused at every site (void?) [eax read at 0/2 sites]"
0x008833C0,502,0,call,2,20:2,0/2,0/2,"void FUN_00c833c0(int param_1,int param_2,uint param_3,int param_4,char *param_5)","__cdecl, 5 stack slot(s), result unused at every site (void?) [eax read at 0/2 sites]"
0x00886020,1276,8,read,1,,1/1,1/1,"int FUN_00c86020(char *param_1,int *param_2)","__thiscall, 2 stack slot(s), returns a value [eax read at 1/1 sites]"
0x008879D0,388,24,read,9,8192:1,4/4,0/9,"*,int,char const *,int) */","__thiscall, 6 stack slot(s), result unused at every site (void?) [eax read at 0/9 sites]"
0x00887BE0,169,4,read,9,,9/9,7/7,"char * __thiscall StringBase<char>::getBufferForRead(StringBase<char> *this,int param_1)","__thiscall, 1 stack slot(s), returns a value [eax read at 7/7 sites]"
0x00887DA0,229,0,read,79,16:1,71/71,0/74,void __thiscall StringBase<char>::toLower(StringBase<char> *this),"__thiscall, 0 stack slots, result unused at every site (void?) [eax read at 0/74 sites]"
0x00887E90,229,0,read,2,,2/2,0/2,void __thiscall StringBase<char>::toUpper(StringBase<char> *this),"__thiscall, 0 stack slots, result unused at every site (void?) [eax read at 0/2 sites]"
0x00887F80,224,0,read,47,,44/44,0/39,void __thiscall StringBase<char>::removeLastChar(StringBase<char> *this),"__thiscall, 0 stack slots, result unused at every site (void?) [eax read at 0/39 sites]"
0x008880E0,186,8,read,99,,92/92,61/93,bool __thiscall,"__thiscall, 2 stack slot(s), returns a value [eax read at 61/93 sites]"
0x00888260,401,24,read,9,16384:1,4/4,0/9,"short const *,int,unsigned short const *,int) */","__thiscall, 6 stack slot(s), result unused at every site (void?) [eax read at 0/9 sites]"
0x00888400,121,4,read,1188,16:1,1139/1139,2/1176,StringBase<unsigned short> const &) */,"__thiscall, 1 stack slot(s), returns a value [eax read at 2/1176 sites]"
0x00888480,170,4,read,6,,6/6,6/6,ushort * __thiscall,"__thiscall, 1 stack slot(s), returns a value [eax read at 6/6 sites]"
0x00888530,135,4,read,426,,392/392,0/412,*/,"__thiscall, 1 stack slot(s), result unused at every site (void?) [eax read at 0/412 sites]"
0x00888640,248,,read,1,,1/1,0/1,void __thiscall StringBase<unsigned_short>::toLower(StringBase<unsigned_short> *this),"?, no ret decoded (tail call or wrong extent), result unused at every site (void?) [eax read at 0/1 sites]"
0x00888840,237,0,read,27,,26/26,0/24,void __thiscall StringBase<unsigned_short>::removeLastChar(StringBase<unsigned_short> *this),"__thiscall, 0 stack slots, result unused at every site (void?) [eax read at 0/24 sites]"
0x008889B0,197,8,read,10,,10/10,6/10,"*,unsigned short const *) */","__thiscall, 2 stack slot(s), returns a value [eax read at 6/10 sites]"
0x00888CA0,172,0,read,28,,20/20,0/25,void __thiscall StringBase<char>::trim(StringBase<char> *this),"__thiscall, 0 stack slots, result unused at every site (void?) [eax read at 0/25 sites]"
0x00888DE0,82,4,read,424,,412/412,0/421,*) */,"__thiscall, 1 stack slot(s), result unused at every site (void?) [eax read at 0/421 sites]"
0x00889090,110,4,read,11,,11/11,0/11,"AsciiString * __thiscall AsciiString::AsciiString(AsciiString *this,UnicodeString *param_1)","__thiscall, 1 stack slot(s), result unused at every site (void?) [eax read at 0/11 sites]"
0x00889760,26,0,write,1,12:1,0/1,0/1,"undefined4 FUN_00c89760(undefined4 param_1,undefined4 param_2,undefined4 param_3)","__cdecl, 3 stack slot(s), result unused at every site (void?) [eax read at 0/1 sites]"
0x0088A8F0,675,8,read,15,,15/15,0/13,"void FUN_00c8a8f0(char *param_1,uint param_2)","__thiscall, 2 stack slot(s), result unused at every site (void?) [eax read at 0/13 sites]"
0x0088C960,1105,0,call,1,48:1,0/1,0/1,"void FUN_00c8c960(FARPROC param_1,char *param_2,uint param_3,int *param_4,char *param_5,uint param_6","__cdecl, 12 stack slot(s), result unused at every site (void?) [eax read at 0/1 sites]"
0x0088CC40,369,0,write,3,8:2,1/3,1/3,"int * FUN_00c8cc40(uint *param_1,uint *param_2)","__cdecl, 2 stack slot(s), returns a value [eax read at 1/3 sites]"
0x0088CE00,1054,0,call,4,12:3,1/3,3/4,"uint FUN_00c8ce00(uint *param_1,undefined4 *param_2,char param_3)","__cdecl, 3 stack slot(s), returns a value [eax read at 3/4 sites]"
0x00891690,6,,none,1,8:1,0/0,0/1,void FUN_00c91690(void),"__cdecl (or a __thiscall that never reads `this`), 2 stack slot(s), result unused at every site (void?) [eax read at 0/1 sites]"
0x00891700,6,,none,1,8:1,0/0,0/1,void FUN_00c91700(void),"__cdecl (or a __thiscall that never reads `this`), 2 stack slot(s), result unused at every site (void?) [eax read at 0/1 sites]"
0x00891750,6,,none,1,8:1,0/0,0/1,void FUN_00c91750(void),"__cdecl (or a __thiscall that never reads `this`), 2 stack slot(s), result unused at every site (void?) [eax read at 0/1 sites]"
0x008917F0,6,,none,2,8:2,0/0,0/2,void FUN_00c917f0(void),"__cdecl (or a __thiscall that never reads `this`), 2 stack slot(s), result unused at every site (void?) [eax read at 0/2 sites]"
0x00891A80,6,,none,43,8:43,0/0,0/43,void FUN_00c91a80(void),"__cdecl (or a __thiscall that never reads `this`), 2 stack slot(s), result unused at every site (void?) [eax read at 0/43 sites]"
0x00891FA0,81,0,write,1,,0/1,0/1,void FUN_00c91fa0(void),"__cdecl, stack slots unknown (no caller cleanup after 1 site(s): 0, or deferred); ghidra reads 0, result unused at every site (void?) [eax read at 0/1 sites]"
0x008926C0,6,,none,2,4:2,0/0,0/2,void FUN_00c926c0(void),"__cdecl (or a __thiscall that never reads `this`), 1 stack slot(s), result unused at every site (void?) [eax read at 0/2 sites]"
0x00892A70,258,0,write,2,,2/2,2/2,undefined4 FUN_00c92a70(void),"__thiscall, 0 stack slots, returns a value [eax read at 2/2 sites]"
0x00892DA0,225,12,read,4,,4/4,3/4,"void FUN_00c92da0(uint param_1,undefined4 param_2,undefined4 *param_3)","__thiscall, 3 stack slot(s), returns a value [eax read at 3/4 sites]"
0x00892FD0,71,8,read,3,,1/1,1/3,"uint FUN_00c92fd0(int param_1,int param_2)","__thiscall, 2 stack slot(s), returns a value [eax read at 1/3 sites]"
0x00893820,314,0,write,2,4:2,0/1,0/1,void FUN_00c93820(char param_1),"__cdecl, 1 stack slot(s), result unused at every site (void?) [eax read at 0/1 sites]"
0x00893F10,457,12,read,5,8:1 24:1,4/4,0/5,"void FUN_00c93f10(int *param_1,int *param_2,int *param_3)","__thiscall, 3 stack slot(s), result unused at every site (void?) [eax read at 0/5 sites]"
0x008941A0,429,4,read,1,,1/1,0/1,void FUN_00c941a0(int *param_1),"__thiscall, 1 stack slot(s), result unused at every site (void?) [eax read at 0/1 sites]"
0x00894380,728,0,none,1,,0/1,0/1,void FUN_00c94380(void),"__cdecl, stack slots unknown (no caller cleanup after 1 site(s): 0, or deferred); ghidra reads 0, result unused at every site (void?) [eax read at 0/1 sites]"
0x00894660,286,0,call,1,4:1,0/1,0/1,void FUN_00c94660(void),"__cdecl, 1 stack slot(s), result unused at every site (void?) [eax read at 0/1 sites]"
0x00894A10,76,0,read,2,,1/1,0/1,void FUN_00c94a10(void),"__thiscall, 0 stack slots, result unused at every site (void?) [eax read at 0/1 sites]"
0x00894D50,6,,none,2,8:2,0/0,0/2,void FUN_00c94d50(void),"__cdecl (or a __thiscall that never reads `this`), 2 stack slot(s), result unused at every site (void?) [eax read at 0/2 sites]"
0x00895790,287,16,read,2,,1/1,0/1,"void FUN_00c95790(int *param_1,void **param_2,short **param_3,undefined4 param_4)","__thiscall, 4 stack slot(s), result unused at every site (void?) [eax read at 0/1 sites]"
0x00895950,163,8,call,3,,3/3,3/3,"undefined4 * FUN_00c95950(undefined4 *param_1,int *param_2)","__thiscall, 2 stack slot(s), returns a value [eax read at 3/3 sites]"
0x00895A00,274,8,read,3,,3/3,2/3,"undefined4 * FUN_00c95a00(undefined4 *param_1,int *param_2)","__thiscall, 2 stack slot(s), returns a value [eax read at 2/3 sites]"
0x00895B20,294,4,read,1,,1/1,1/1,undefined1 FUN_00c95b20(int *param_1),"__thiscall, 1 stack slot(s), returns a value [eax read at 1/1 sites]"
0x00895D30,462,4,read,3,,3/3,0/3,void FUN_00c95d30(short **param_1),"__thiscall, 1 stack slot(s), result unused at every site (void?) [eax read at 0/3 sites]"
0x00895F30,304,4,read,1,,1/1,0/1,void FUN_00c95f30(undefined4 *param_1),"__thiscall, 1 stack slot(s), result unused at every site (void?) [eax read at 0/1 sites]"
0x008961E0,316,12,read,3,8:1 20:1,1/1,0/3,"void FUN_00c961e0(int *param_1,int *param_2,int *param_3)","__thiscall, 3 stack slot(s), result unused at every site (void?) [eax read at 0/3 sites]"
0x00896390,214,4,read,2,,2/2,0/2,void FUN_00c96390(int *param_1),"__thiscall, 1 stack slot(s), result unused at every site (void?) [eax read at 0/2 sites]"
0x00896470,142,0,write,2,4:1,0/1,0/1,void FUN_00c96470(int *param_1),"__cdecl, 1 stack slot(s), result unused at every site (void?) [eax read at 0/1 sites]"
0x008965B0,352,0,read,1,,1/1,0/0,void FUN_00c965b0(void),"__thiscall, 0 stack slots, no call site decoded"
0x00896710,871,0,read,3,60:1,3/3,0/3,void FUN_00c96710(void),"__thiscall, 0 stack slots, result unused at every site (void?) [eax read at 0/3 sites]"
0x00896AF0,1272,8,read,6,,6/6,0/6,"void FUN_00c96af0(int *param_1,short *param_2)","__thiscall, 2 stack slot(s), result unused at every site (void?) [eax read at 0/6 sites]"
0x00897360,257,,write,2,4:1 8:1,0/2,0/1,void FUN_00c97360(char param_1),"__cdecl, 1 stack slot(s), result unused at every site (void?) [eax read at 0/1 sites]"
0x008976D0,6,,none,4,8:4,0/0,0/4,void FUN_00c976d0(void),"__cdecl (or a __thiscall that never reads `this`), 2 stack slot(s), result unused at every site (void?) [eax read at 0/4 sites]"
0x00899AF0,297,0,write,1,,0/1,0/1,void FUN_00c99af0(void),"__cdecl, stack slots unknown (no caller cleanup after 1 site(s): 0, or deferred); ghidra reads 0, result unused at every site (void?) [eax read at 0/1 sites]"
0x0089ABC0,4137,0,write,1,,0/1,0/0,void FUN_00c9abc0(void),"__cdecl, stack slots unknown (no caller cleanup after 1 site(s): 0, or deferred); ghidra reads 0, no call site decoded"
0x0089BBF0,1684,0,call,1,,0/1,0/1,void FUN_00c9bbf0(void),"__cdecl, stack slots unknown (no caller cleanup after 1 site(s): 0, or deferred); ghidra reads 0, result unused at every site (void?) [eax read at 0/1 sites]"
0x0089C290,929,8,read,15,,14/14,14/14,"int * FUN_00c9c290(int *param_1,int *param_2)","__thiscall, 2 stack slot(s), returns a value [eax read at 14/14 sites]"
0x0089CC70,5,,none,7,,6/6,0/6,void thunk_FUN_00c9c900(void),"?, no ret decoded (tail call or wrong extent), result unused at every site (void?) [eax read at 0/6 sites]"
0x0089CC80,617,4,read,8,12:1,6/6,0/8,undefined4 * FUN_00c9cc80(int *param_1),"__thiscall, 1 stack slot(s), result unused at every site (void?) [eax read at 0/8 sites]"
0x0089CEF0,520,4,read,62,12:1,54/54,59/62,uint FUN_00c9cef0(int *param_1),"__thiscall, 1 stack slot(s), returns a value [eax read at 59/62 sites]"
0x0089D180,825,0,read,3,,3/3,0/3,void FUN_00c9d180(void),"__thiscall, 0 stack slots, result unused at every site (void?) [eax read at 0/3 sites]"
0x0089D5B0,731,8,read,2,12:1,2/2,0/2,"void FUN_00c9d5b0(int *param_1,int *param_2)","__thiscall, 2 stack slot(s), result unused at every site (void?) [eax read at 0/2 sites]"
0x0089D890,814,8,read,45,,43/43,0/41,"void FUN_00c9d890(int *param_1,int *param_2)","__thiscall, 2 stack slot(s), result unused at every site (void?) [eax read at 0/41 sites]"
0x0089E2B0,503,8,read,1,4:1,0/0,0/1,"int FUN_00c9e2b0(char *param_1,char *param_2)","__thiscall, 2 stack slot(s), result unused at every site (void?) [eax read at 0/1 sites]"
0x0089EA60,204,4,read,24,96:1,24/24,0/23,void FUN_00c9ea60(short *param_1),"__thiscall, 1 stack slot(s), result unused at every site (void?) [eax read at 0/23 sites]"
0x008A0320,345,4,read,2,,2/2,0/1,void FUN_00ca0320(int param_1),"__thiscall, 1 stack slot(s), result unused at every site (void?) [eax read at 0/1 sites]"
0x008A05B0,6,,none,1,4:1,0/0,0/1,void FUN_00ca05b0(void),"__cdecl (or a __thiscall that never reads `this`), 1 stack slot(s), result unused at every site (void?) [eax read at 0/1 sites]"
0x008A09D0,291,4,read,1,,1/1,0/1,void FUN_00ca09d0(int *param_1),"__thiscall, 1 stack slot(s), result unused at every site (void?) [eax read at 0/1 sites]"
0x008A12C0,381,8,read,1,,1/1,0/1,"void FUN_00ca12c0(undefined4 param_1,undefined4 param_2)","__thiscall, 2 stack slot(s), result unused at every site (void?) [eax read at 0/1 sites]"
0x008A15F0,718,4,read,1,,0/0,0/1,void FUN_00ca15f0(int param_1),"__thiscall, 1 stack slot(s), result unused at every site (void?) [eax read at 0/1 sites]"
0x008A18C0,128,0,read,4,4:1,4/4,0/4,void FUN_00ca18c0(void),"__thiscall, 0 stack slots, result unused at every site (void?) [eax read at 0/4 sites]"
0x008A1D80,102,8,read,2,,2/2,0/2,"void FUN_00ca1d80(undefined4 param_1,int param_2)","__thiscall, 2 stack slot(s), result unused at every site (void?) [eax read at 0/2 sites]"
0x008A2F30,246,0,read,2,,1/1,0/1,void FUN_00ca2f30(void),"__thiscall, 0 stack slots, result unused at every site (void?) [eax read at 0/1 sites]"
0x008A30C0,62,0,read,17,16:2 20:1,17/17,0/14,void FUN_00ca30c0(void),"__thiscall, 0 stack slots, result unused at every site (void?) [eax read at 0/14 sites]"
0x008AC190,716,0,read,20,,20/20,19/20,int FUN_00cac190(void),"__thiscall, 0 stack slots, returns a value [eax read at 19/20 sites]"
0x008ACAC0,551,0,write,2,,0/2,0/2,void FUN_00cacac0(void),"__cdecl, stack slots unknown (no caller cleanup after 2 site(s): 0, or deferred); ghidra reads 0, result unused at every site (void?) [eax read at 0/2 sites]"
0x008AD8F0,603,4,read,10,,10/10,0/10,void FUN_00cad8f0(int param_1),"__thiscall, 1 stack slot(s), result unused at every site (void?) [eax read at 0/10 sites]"
0x008AE180,303,8,read,7,,6/6,0/5,"void FUN_00cae180(undefined4 param_1,undefined4 param_2)","__thiscall, 2 stack slot(s), result unused at every site (void?) [eax read at 0/5 sites]"
0x008AF650,2633,0,write,2,12:1,0/2,0/2,"undefined4 FUN_00caf650(short *param_1,int *param_2,int param_3)","__cdecl, 3 stack slot(s), result unused at every site (void?) [eax read at 0/2 sites]"
0x008B06C0,730,0,read,1,4:1,1/1,0/1,void FUN_00cb06c0(void),"__thiscall, 0 stack slots, result unused at every site (void?) [eax read at 0/1 sites]"
0x008B2F50,2396,8,read,1,,0/0,1/1,"undefined4 * FUN_00cb2f50(short *param_1,int *param_2)","__thiscall, 2 stack slot(s), returns a value [eax read at 1/1 sites]"
0x008B61D0,782,0,write,2,,0/2,0/2,void FUN_00cb61d0(void),"__cdecl, stack slots unknown (no caller cleanup after 2 site(s): 0, or deferred); ghidra reads 0, result unused at every site (void?) [eax read at 0/2 sites]"
0x008B64E0,65,4,write,2,,1/1,2/2,uint FUN_00cb64e0(uint param_1),"__thiscall, 1 stack slot(s), returns a value [eax read at 2/2 sites]"
0x008B6580,66,8,none,2,,0/0,2/2,"char FUN_00cb6580(undefined4 param_1,undefined4 param_2)","__stdcall (or a __thiscall that never reads `this`), 2 stack slot(s), returns a value [eax read at 2/2 sites]"
0x008B65E0,207,12,call,16,,16/16,0/16,"void FUN_00cb65e0(undefined4 *param_1,undefined4 *param_2,int param_3)","__thiscall, 3 stack slot(s), result unused at every site (void?) [eax read at 0/16 sites]"
0x008B8E70,267,8,read,3,,2/2,0/2,"void FUN_00cb8e70(short *param_1,undefined4 param_2)","__thiscall, 2 stack slot(s), result unused at every site (void?) [eax read at 0/2 sites]"
0x008B90F0,250,0,write,2,8:2,1/2,0/2,int FUN_00cb90f0(void),"__cdecl, 2 stack slot(s), result unused at every site (void?) [eax read at 0/2 sites]"
0x008BB1A0,96,8,read,6,,6/6,6/6,undefined4 FUN_00cbb1a0(void),"__thiscall, 2 stack slot(s), returns a value [eax read at 6/6 sites]"
0x008BB200,468,12,write,3,,3/3,0/1,"void FUN_00cbb200(int param_1,uint param_2,uint param_3)","__thiscall, 3 stack slot(s), result unused at every site (void?) [eax read at 0/1 sites]"
0x008BD020,6,,none,2,8:2,0/0,0/2,void FUN_00cbd020(void),"__cdecl (or a __thiscall that never reads `this`), 2 stack slot(s), result unused at every site (void?) [eax read at 0/2 sites]"
0x008BD690,3,0,read,3,,3/3,3/3,undefined4 FUN_00cbd690(void),"__thiscall, 0 stack slots, returns a value [eax read at 3/3 sites]"
0x008BD6A0,9,4,read,2,,2/2,0/2,void FUN_00cbd6a0(undefined4 param_1),"__thiscall, 1 stack slot(s), result unused at every site (void?) [eax read at 0/2 sites]"
0x008BDBB0,272,8,read,4,88:2,4/4,0/4,"void FUN_00cbdbb0(undefined4 param_1,undefined4 param_2)","__thiscall, 2 stack slot(s), result unused at every site (void?) [eax read at 0/4 sites]"
0x008BDD70,169,,read,7,,5/5,0/3,void FUN_00cbdd70(char param_1),"?, no ret decoded (tail call or wrong extent), result unused at every site (void?) [eax read at 0/3 sites]"
0x008BDE60,1117,12,read,1,,1/1,0/1,"void FUN_00cbde60(int *param_1,int param_2)","__thiscall, 3 stack slot(s), result unused at every site (void?) [eax read at 0/1 sites]"
0x008BE2C0,230,4,read,1,,1/1,0/0,,"__thiscall, 1 stack slot(s), no call site decoded"
0x008BE760,1162,32,read,1,,1/1,0/0,"void FUN_00cbe760(short *param_1,int *param_2,int *param_3,undefined4 *param_4,int param_5,","__thiscall, 8 stack slot(s), no call site decoded"
0x008BEBF0,402,48,read,8,32:2,8/8,0/8,"void FUN_00cbebf0(int param_1,undefined4 param_2,int param_3,undefined4 param_4,undefined4 param_5,","__thiscall, 12 stack slot(s), result unused at every site (void?) [eax read at 0/8 sites]"
0x008BF100,18655,0,write,1,,0/0,0/1,void FUN_00cbf100(uint param_1),"__cdecl (or a __thiscall that never reads `this`), stack slots unknown (no caller cleanup after 1 site(s): 0, or deferred); ghidra reads 1, result unused at every site (void?) [eax read at 0/1 sites]"
0x008C3C00,510,0,write,1,4:1,1/1,0/0,undefined4 * FUN_00cc3c00(byte *param_1),"__thiscall, 0 stack slots, no call site decoded"
0x008C4A30,873,0,write,4,4:3,2/3,4/4,bool FUN_00cc4a30(short *param_1),"__thiscall, 0 stack slots, returns a value [eax read at 4/4 sites]"
0x008C4DA0,494,0,write,1,20:1,0/1,1/1,"bool FUN_00cc4da0(int param_1,int param_2,int *param_3,int *param_4,undefined1 *param_5)","__cdecl, 5 stack slot(s), returns a value [eax read at 1/1 sites]"
0x008C54A0,261,0,write,3,4:1,0/3,0/3,void FUN_00cc54a0(int *param_1),"__cdecl, stack slots unknown (cleanup after only 1/3 sites: 0 and deferred, or deferred elsewhere), result unused at every site (void?) [eax read at 0/3 sites]"
0x008C6130,234,4,read,1,,1/1,0/1,void FUN_00cc6130(int param_1),"__thiscall, 1 stack slot(s), result unused at every site (void?) [eax read at 0/1 sites]"
0x008C6320,314,0,write,8,20:5,1/8,1/6,undefined1,"__cdecl, 5 stack slot(s), returns a value [eax read at 1/6 sites]"
0x008C6460,94,0,write,2,,0/0,0/2,void FUN_00cc6460(void),"__cdecl (or a __thiscall that never reads `this`), stack slots unknown (no caller cleanup after 2 site(s): 0, or deferred); ghidra reads 0, result unused at every site (void?) [eax read at 0/2 sites]"
0x008CBDF0,1757,0,write,5,16:3,2/5,0/5,"void FUN_00ccbdf0(int *param_1,int param_2,int param_3,int *param_4)","__cdecl, 4 stack slot(s), result unused at every site (void?) [eax read at 0/5 sites]"
0x008CC690,687,28,read,19,16:1,18/18,0/19,undefined4,"__thiscall, 7 stack slot(s), result unused at every site (void?) [eax read at 0/19 sites]"
0x008CC940,917,24,read,30,,26/26,29/30,"int * FUN_00ccc940(int *param_1,int param_2,int *param_3,undefined4 param_4,int param_5,int param_6)","__thiscall, 6 stack slot(s), returns a value [eax read at 29/30 sites]"
0x008CCED0,375,12,read,10,,10/10,0/7,"byte * FUN_00ccced0(byte *param_1,undefined4 *param_2,int param_3)","__thiscall, 3 stack slot(s), result unused at every site (void?) [eax read at 0/7 sites]"
0x008CDE50,907,0,write,2,8:2,0/2,0/2,void FUN_00ccde50(int *param_1),"__cdecl, 2 stack slot(s), result unused at every site (void?) [eax read at 0/2 sites]"
0x008CF5A0,408,24,write,2,,2/2,0/2,"void FUN_00ccf5a0(undefined4 param_1,int param_2,short *param_3,undefined4 param_4,","__thiscall, 6 stack slot(s), result unused at every site (void?) [eax read at 0/2 sites]"
0x008CF740,2353,12,read,12,,12/12,0/11,"void FUN_00ccf740(int *param_1,int *param_2,int *param_3)","__thiscall, 3 stack slot(s), result unused at every site (void?) [eax read at 0/11 sites]"
0x008D0080,2566,20,read,4,,4/4,4/4,"int * FUN_00cd0080(undefined4 param_1,short *param_2,int *param_3,int param_4)","__thiscall, 5 stack slot(s), returns a value [eax read at 4/4 sites]"
0x008D2130,393,4,read,9,,9/9,0/9,void FUN_00cd2130(int param_1),"__thiscall, 1 stack slot(s), result unused at every site (void?) [eax read at 0/9 sites]"
0x008D22C0,1357,12,read,18,,18/18,1/16,"undefined1 FUN_00cd22c0(uint param_1,uint param_2,int param_3)","__thiscall, 3 stack slot(s), returns a value [eax read at 1/16 sites]"
0x008D2E20,544,8,read,4,,4/4,0/3,"void FUN_00cd2e20(float *param_1,float *param_2)","__thiscall, 2 stack slot(s), result unused at every site (void?) [eax read at 0/3 sites]"
0x008D3050,127,4,read,14,,6/6,0/13,void FUN_00cd3050(int param_1),"__thiscall, 1 stack slot(s), result unused at every site (void?) [eax read at 0/13 sites]"
0x008D3610,547,8,read,1,,1/1,0/1,"void FUN_00cd3610(int param_1,undefined4 param_2)","__thiscall, 2 stack slot(s), result unused at every site (void?) [eax read at 0/1 sites]"
0x008D3860,473,12,read,3,,3/3,0/2,"void FUN_00cd3860(undefined4 param_1,int param_2,int param_3)","__thiscall, 3 stack slot(s), result unused at every site (void?) [eax read at 0/2 sites]"
0x008F7390,8,,read,3,,3/3,0/3,void FUN_00cf7390(void),"?, no ret decoded (tail call or wrong extent), result unused at every site (void?) [eax read at 0/3 sites]"
0x008F73A0,8,,read,2,,2/2,0/0,void FUN_00cf73a0(void),"?, no ret decoded (tail call or wrong extent), no call site decoded"
0x008F73B0,8,,read,1,,1/1,0/1,void FUN_00cf73b0(void),"?, no ret decoded (tail call or wrong extent), result unused at every site (void?) [eax read at 0/1 sites]"
0x008F73C0,8,,read,1,,1/1,0/0,void FUN_00cf73c0(void),"?, no ret decoded (tail call or wrong extent), no call site decoded"
0x008F73E0,8,,read,6,,6/6,0/5,void FUN_00cf73e0(void),"?, no ret decoded (tail call or wrong extent), result unused at every site (void?) [eax read at 0/5 sites]"
0x008F7420,8,,read,4,8:1,4/4,0/3,void FUN_00cf7420(void),"__cdecl, stack slots unknown (cleanup after only 1/4 sites: 0 and deferred, or deferred elsewhere), result unused at every site (void?) [eax read at 0/3 sites]"
0x008F7440,8,,read,4,,4/4,4/4,void FUN_00cf7440(void),"?, no ret decoded (tail call or wrong extent), returns a value [eax read at 4/4 sites]"
0x008F7470,8,,read,6,,6/6,6/6,void FUN_00cf7470(void),"?, no ret decoded (tail call or wrong extent), returns a value [eax read at 6/6 sites]"
0x008F7F00,415,20,read,1,,1/1,0/1,"undefined4 FUN_00cf7f00(float param_1,float param_2,float param_3,float param_4,float param_5)","__thiscall, 5 stack slot(s), result unused at every site (void?) [eax read at 0/1 sites]"
0x008F8520,734,12,read,1,,1/1,0/1,"undefined4 FUN_00cf8520(float param_1,float param_2,float param_3)","__thiscall, 3 stack slot(s), result unused at every site (void?) [eax read at 0/1 sites]"
0x008FA150,203,4,read,3,,2/2,0/3,void FUN_00cfa150(uint param_1),"__thiscall, 1 stack slot(s), result unused at every site (void?) [eax read at 0/3 sites]"
0x008FB410,186,0,read,2,,2/2,0/0,void FUN_00cfb410(void),"__thiscall, 0 stack slots, no call site decoded"
0x008FBC70,59,4,read,5,,5/5,0/5,void FUN_00cfbc70(undefined4 param_1),"__thiscall, 1 stack slot(s), result unused at every site (void?) [eax read at 0/5 sites]"
0x008FC830,508,4,read,6,,6/6,0/6,void FUN_00cfc830(void),"__thiscall, 1 stack slot(s), result unused at every site (void?) [eax read at 0/6 sites]"
0x008FCAB0,844,12,read,1,,1/1,0/1,void FUN_00cfcab0(void),"__thiscall, 3 stack slot(s), result unused at every site (void?) [eax read at 0/1 sites]"
0x008FDE90,316,0,write,1,16:1,0/1,0/1,,"__cdecl, 4 stack slot(s), result unused at every site (void?) [eax read at 0/1 sites]"
0x008FEDD0,7,4,none,1,,1/1,1/1,undefined4 FUN_00cfedd0(undefined4 param_1),"__thiscall, 1 stack slot(s), returns a value [eax read at 1/1 sites]"
0x008FEE70,11,8,read,1,,0/0,0/1,,"__thiscall, 2 stack slot(s), result unused at every site (void?) [eax read at 0/1 sites]"
0x008FEF60,244,0,read,1,4:1,1/1,1/1,undefined4 FUN_00cfef60(int param_1),"__thiscall, 0 stack slots, returns a value [eax read at 1/1 sites]"
0x008FF060,144,0,write,5,8:3,0/4,2/4,"undefined1 FUN_00cff060(undefined4 param_1,undefined4 param_2)","__cdecl, 2 stack slot(s), returns a value [eax read at 2/4 sites]"
0x008FF0F0,181,0,read,1,,1/1,0/1,"undefined1 FUN_00cff0f0(int param_1,undefined4 param_2)","__thiscall, 0 stack slots, result unused at every site (void?) [eax read at 0/1 sites]"
0x008FF290,278,0,write,41,4:10 8:1,4/14,41/41,int FUN_00cff290(char *param_1),"__cdecl, stack slots unknown (cleanup after only 11/41 sites: 0 and deferred, or deferred elsewhere), returns a value [eax read at 41/41 sites]"
0x008FF3E0,100,8,read,2,,1/1,0/2,"void FUN_00cff3e0(int param_1,undefined4 param_2)","__thiscall, 2 stack slot(s), result unused at every site (void?) [eax read at 0/2 sites]"
0x008FF6A0,281,0,write,3,16:1,0/3,0/2,"void FUN_00cff6a0(int *param_1,undefined4 *param_2,undefined4 *param_3,int param_4)","__cdecl, stack slots unknown (cleanup after only 1/3 sites: 0 and deferred, or deferred elsewhere), result unused at every site (void?) [eax read at 0/2 sites]"
0x008FFB80,289,4,read,15,,15/15,0/13,undefined4 * FUN_00cffb80(int *param_1),"__thiscall, 1 stack slot(s), result unused at every site (void?) [eax read at 0/13 sites]"
0x009004A0,1213,0,call,2,24:2,0/2,2/2,"int FUN_00d004a0(int *param_1,float param_2,uint param_3,int *param_4,int *param_5,int *param_6)","__cdecl, 6 stack slot(s), returns a value [eax read at 2/2 sites]"
0x009009B0,54,0,read,1,,1/1,0/1,void FUN_00d009b0(void),"__thiscall, 0 stack slots, result unused at every site (void?) [eax read at 0/1 sites]"
0x009016A0,1107,0,call,3,28:3,0/3,2/3,"int FUN_00d016a0(char *param_1,int *param_2,uint param_3,int *param_4,int *param_5,int *param_6)","__cdecl, 7 stack slot(s), returns a value [eax read at 2/3 sites]"
0x00901B00,1146,0,call,2,28:2,0/2,0/2,"int FUN_00d01b00(char *param_1,int *param_2,uint param_3,int param_4,undefined1 *param_5,","__cdecl, 7 stack slot(s), result unused at every site (void?) [eax read at 0/2 sites]"
0x00901F80,351,0,write,9,12:7,0/7,9/9,"undefined4 FUN_00d01f80(char *param_1,undefined4 param_2,undefined4 param_3)","__cdecl, 3 stack slot(s), returns a value [eax read at 9/9 sites]"
0x00905140,358,0,write,1,16:1,0/1,1/1,"undefined4 * FUN_00d05140(undefined4 *param_1,undefined4 param_2,undefined4 param_3,int param_4)","__cdecl, 4 stack slot(s), returns a value [eax read at 1/1 sites]"
0x00907B00,220,0,write,1,,0/1,0/0,void FUN_00d07b00(void),"__cdecl, stack slots unknown (no caller cleanup after 1 site(s): 0, or deferred); ghidra reads 0, no call site decoded"
0x009082B0,962,0,none,5,4:5,0/5,0/5,undefined4 FUN_00d082b0(void),"__cdecl, 1 stack slot(s), result unused at every site (void?) [eax read at 0/5 sites]"
0x0090B4E0,46,8,read,1,,1/1,0/1,"void FUN_00d0b4e0(undefined4 param_1,undefined4 param_2)","__thiscall, 2 stack slot(s), result unused at every site (void?) [eax read at 0/1 sites]"
0x0090BF00,255,0,write,14,4:7,0/0,14/14,int FUN_00d0bf00(char *param_1),"__cdecl (or a __thiscall that never reads `this`), 1 stack slot(s), returns a value [eax read at 14/14 sites]"
0x0090CAD0,559,0,read,1,,1/1,0/1,uint FUN_00d0cad0(void),"__thiscall, 0 stack slots, result unused at every site (void?) [eax read at 0/1 sites]"
0x0090CD00,649,4,read,3,,2/2,0/3,void FUN_00d0cd00(char *param_1),"__thiscall, 1 stack slot(s), result unused at every site (void?) [eax read at 0/3 sites]"
0x0090DF10,281,0,read,2,,2/2,0/2,void FUN_00d0df10(void),"__thiscall, 0 stack slots, result unused at every site (void?) [eax read at 0/2 sites]"
0x0090E390,11,8,read,1,,1/1,0/1,,"__thiscall, 2 stack slot(s), result unused at every site (void?) [eax read at 0/1 sites]"
0x0090EA50,15,4,read,1,,1/1,0/1,void FUN_00d0ea50(void),"__thiscall, 1 stack slot(s), result unused at every site (void?) [eax read at 0/1 sites]"
0x0090EF40,265,20,read,2,,1/1,0/2,"void FUN_00d0ef40(void *param_1,undefined4 *param_2,undefined4 param_3,undefined4 *param_4,","__thiscall, 5 stack slot(s), result unused at every site (void?) [eax read at 0/2 sites]"
0x0090F260,1,0,none,1,,0/1,0/1,void FUN_00d0f260(void),"__cdecl, stack slots unknown (no caller cleanup after 1 site(s): 0, or deferred); ghidra reads 0, result unused at every site (void?) [eax read at 0/1 sites]"
0x0090FEE0,3619,4,read,2,,2/2,0/0,void FUN_00d0fee0(void),"__thiscall, 1 stack slot(s), no call site decoded"
0x00912880,1124,8,read,3,,3/3,0/3,"void FUN_00d12880(undefined4 *param_1,int param_2)","__thiscall, 2 stack slot(s), result unused at every site (void?) [eax read at 0/3 sites]"
0x00913AF0,3431,,read,2,100:1,2/2,0/2,"void FUN_00d13af0(int param_1,char param_2)","__cdecl, 25 stack slot(s), result unused at every site (void?) [eax read at 0/2 sites]"
0x009148C0,9232,16,read,3,,3/3,0/3,"void FUN_00d148c0(float *param_1,float *param_2,byte *param_3,int param_4)","__thiscall, 4 stack slot(s), result unused at every site (void?) [eax read at 0/3 sites]"
0x00916CD0,1453,12,read,3,,3/3,0/2,"void FUN_00d16cd0(int param_1,int param_2,float *param_3)","__thiscall, 3 stack slot(s), result unused at every site (void?) [eax read at 0/2 sites]"
0x00917E10,952,12,read,1,,1/1,0/1,"void FUN_00d17e10(undefined4 param_1,uint param_2,undefined4 param_3)","__thiscall, 3 stack slot(s), result unused at every site (void?) [eax read at 0/1 sites]"
0x00919AC0,129,4,read,1,4:1,1/1,0/1,void FUN_00d19ac0(void),"__thiscall, 1 stack slot(s), result unused at every site (void?) [eax read at 0/1 sites]"
0x0091B750,117,8,read,1,,1/1,0/1,"void FUN_00d1b750(int param_1,undefined4 *param_2)","__thiscall, 2 stack slot(s), result unused at every site (void?) [eax read at 0/1 sites]"
0x0091B930,98,4,read,1,,1/1,0/1,void FUN_00d1b930(void),"__thiscall, 1 stack slot(s), result unused at every site (void?) [eax read at 0/1 sites]"
0x0091BE00,1059,4,read,1,,1/1,0/1,void FUN_00d1be00(void),"__thiscall, 1 stack slot(s), result unused at every site (void?) [eax read at 0/1 sites]"
0x0091DFD0,102,4,read,2,,2/2,0/2,void FUN_00d1dfd0(uint param_1),"__thiscall, 1 stack slot(s), result unused at every site (void?) [eax read at 0/2 sites]"
0x00920A60,10,4,read,22,,22/22,0/21,void FUN_00d20a60(undefined4 param_1),"__thiscall, 1 stack slot(s), result unused at every site (void?) [eax read at 0/21 sites]"
0x00923710,7,0,read,3,,1/1,3/3,undefined4 FUN_00d23710(void),"__thiscall, 0 stack slots, returns a value [eax read at 3/3 sites]"
0x00925860,1190,,read,2,,2/2,0/2,"void FUN_00d25860(float *param_1,int param_2)","?, no ret decoded (tail call or wrong extent), result unused at every site (void?) [eax read at 0/2 sites]"
0x009264D0,11,8,read,1,,0/0,0/1,,"__thiscall, 2 stack slot(s), result unused at every site (void?) [eax read at 0/1 sites]"
0x00927AC0,124,0,read,1,,1/1,0/1,void FUN_00d27ac0(void),"__thiscall, 0 stack slots, result unused at every site (void?) [eax read at 0/1 sites]"
0x009281A0,54,0,read,1,,1/1,0/1,void FUN_00d281a0(void),"__thiscall, 0 stack slots, result unused at every site (void?) [eax read at 0/1 sites]"
0x00928220,126,0,read,1,,1/1,0/0,void FUN_00d28220(void),"__thiscall, 0 stack slots, no call site decoded"
0x009287D0,72,0,read,1,,1/1,0/1,void FUN_00d287d0(void),"__thiscall, 0 stack slots, result unused at every site (void?) [eax read at 0/1 sites]"
0x0092C390,67,4,read,2,128:1,2/2,0/2,void FUN_00d2c390(undefined4 param_1),"__thiscall, 1 stack slot(s), result unused at every site (void?) [eax read at 0/2 sites]"
0x00933AF0,139,0,call,1,,1/1,0/1,void FUN_00d33af0(void),"__thiscall, 0 stack slots, result unused at every site (void?) [eax read at 0/1 sites]"
0x00934940,8277,0,read,1,,1/1,0/1,void FUN_00d34940(void),"__thiscall, 0 stack slots, result unused at every site (void?) [eax read at 0/1 sites]"
0x009373A0,91,0,write,9,12:2,1/8,0/9,"void FUN_00d373a0(int param_1,int param_2,uint *param_3)","__cdecl, stack slots unknown (cleanup after only 2/9 sites: 0 and deferred, or deferred elsewhere), result unused at every site (void?) [eax read at 0/9 sites]"
0x00938150,1231,0,call,3,4:1,1/3,1/3,uint FUN_00d38150(FILE *param_1),"__cdecl, stack slots unknown (cleanup after only 1/3 sites: 0 and deferred, or deferred elsewhere), returns a value [eax read at 1/3 sites]"
0x0093A810,2531,0,none,8,64:1,0/6,0/7,void FUN_00d3a810(void),"__cdecl, stack slots unknown (cleanup after only 1/8 sites: 0 and deferred, or deferred elsewhere), result unused at every site (void?) [eax read at 0/7 sites]"
0x0093B340,1257,0,write,10,20:9 32:1,0/9,0/10,"void FUN_00d3b340(float *param_1,undefined4 param_2,uint param_3,undefined4 param_4,uint param_5)","__cdecl, 5 stack slot(s), result unused at every site (void?) [eax read at 0/10 sites]"
0x0093D500,11,8,read,1,,0/0,0/1,,"__thiscall, 2 stack slot(s), result unused at every site (void?) [eax read at 0/1 sites]"
0x0093EB50,1983,16,read,6,,5/5,0/6,"void FUN_00d3eb50(undefined4 param_1,undefined4 param_2,undefined4 param_3,undefined4 param_4)","__thiscall, 4 stack slot(s), result unused at every site (void?) [eax read at 0/6 sites]"
0x0093F440,1329,4,read,1,,1/1,1/1,WCHAR * FUN_00d3f440(WCHAR param_1),"__thiscall, 1 stack slot(s), returns a value [eax read at 1/1 sites]"
0x00940B40,121,4,read,2,,2/2,2/2,ushort * FUN_00d40b40(ushort *param_1),"__thiscall, 1 stack slot(s), returns a value [eax read at 2/2 sites]"
0x009412F0,260,4,read,9,4:2,6/6,7/9,int FUN_00d412f0(uint param_1),"__thiscall, 1 stack slot(s), returns a value [eax read at 7/9 sites]"
0x00941C60,1999,20,read,1,,1/1,1/1,"float * FUN_00d41c60(float *param_1,wchar_t *param_2,undefined4 *param_3,undefined4 *param_4,","__thiscall, 5 stack slot(s), returns a value [eax read at 1/1 sites]"
0x00943430,166,4,read,4,,4/4,0/4,void FUN_00d43430(int param_1),"__thiscall, 1 stack slot(s), result unused at every site (void?) [eax read at 0/4 sites]"
0x009441D0,392,40,read,4,,4/4,0/3,"void FUN_00d441d0(undefined4 *param_1,int *param_2,uint param_3,int param_4,int param_5,int param_6,","__thiscall, 10 stack slot(s), result unused at every site (void?) [eax read at 0/3 sites]"
0x00944430,568,12,read,2,,2/2,0/1,"void FUN_00d44430(undefined4 param_1,float param_2,undefined4 param_3)","__thiscall, 3 stack slot(s), result unused at every site (void?) [eax read at 0/1 sites]"
0x00944C30,1,0,none,2,,2/2,0/1,void FUN_00d44c30(void),"__thiscall, 0 stack slots, result unused at every site (void?) [eax read at 0/1 sites]"
0x00944C40,1,0,none,2,,2/2,0/1,void FUN_00d44c40(void),"__thiscall, 0 stack slots, result unused at every site (void?) [eax read at 0/1 sites]"
0x00948820,796,8,read,2,,2/2,0/2,void FUN_00d48820(int *param_1),"__thiscall, 2 stack slot(s), result unused at every site (void?) [eax read at 0/2 sites]"
0x00948BD0,4397,0,read,2,,2/2,0/1,void FUN_00d48bd0(void),"__thiscall, 0 stack slots, result unused at every site (void?) [eax read at 0/1 sites]"
0x0094A880,1,0,none,8,16:1 656:1 672:1 7200:1,8/8,0/8,void FUN_00d4a880(void),"__thiscall, 0 stack slots, result unused at every site (void?) [eax read at 0/8 sites]"
0x0094BFD0,12,0,read,5,,4/4,0/1,void FUN_00d4bfd0(void),"__thiscall, 0 stack slots, result unused at every site (void?) [eax read at 0/1 sites]"
0x0094C200,11,8,read,1,,0/0,0/1,,"__thiscall, 2 stack slot(s), result unused at every site (void?) [eax read at 0/1 sites]"
0x0094CC70,124,0,read,1,,1/1,0/1,void FUN_00d4cc70(void),"__thiscall, 0 stack slots, result unused at every site (void?) [eax read at 0/1 sites]"
0x00958200,874,28,read,1,,1/1,0/1,,"__thiscall, 7 stack slot(s), result unused at every site (void?) [eax read at 0/1 sites]"
0x009A16E0,3,4,none,1,,1/1,0/1,void FUN_00da16e0(void),"__thiscall, 1 stack slot(s), result unused at every site (void?) [eax read at 0/1 sites]"
0x009A1990,11,8,read,1,,1/1,0/1,,"__thiscall, 2 stack slot(s), result unused at every site (void?) [eax read at 0/1 sites]"
0x009A1B70,246,0,read,1,,1/1,0/1,void FUN_00da1b70(void),"__thiscall, 0 stack slots, result unused at every site (void?) [eax read at 0/1 sites]"
0x009A1E10,16,0,read,1,,1/1,1/1,void FUN_00da1e10(void),"__thiscall, 0 stack slots, returns a value [eax read at 1/1 sites]"
0x009A1E50,305,20,read,2,,1/1,0/1,"void FUN_00da1e50(undefined4 *param_1,undefined4 *param_2,undefined4 param_3,uint param_4,","__thiscall, 5 stack slot(s), result unused at every site (void?) [eax read at 0/1 sites]"
0x009A2590,8,,read,3,,1/1,0/2,void FUN_00da2590(void),"?, no ret decoded (tail call or wrong extent), result unused at every site (void?) [eax read at 0/2 sites]"
0x009A2750,460,0,read,1,,1/1,0/1,void FUN_00da2750(void),"__thiscall, 0 stack slots, result unused at every site (void?) [eax read at 0/1 sites]"
0x009A3440,11,8,read,1,,0/0,0/1,,"__thiscall, 2 stack slot(s), result unused at every site (void?) [eax read at 0/1 sites]"
0x009A34A0,53,4,read,5,,5/5,0/5,void FUN_00da34a0(int param_1),"__thiscall, 1 stack slot(s), result unused at every site (void?) [eax read at 0/5 sites]"
0x009A3630,190,4,read,2,,2/2,0/2,void FUN_00da3630(int param_1),"__thiscall, 1 stack slot(s), result unused at every site (void?) [eax read at 0/2 sites]"
0x009A38E0,71,8,read,1,,0/0,0/1,,"__thiscall, 2 stack slot(s), result unused at every site (void?) [eax read at 0/1 sites]"
0x009A3960,363,8,read,4,,4/4,0/2,"void FUN_00da3960(int param_1,int param_2)","__thiscall, 2 stack slot(s), result unused at every site (void?) [eax read at 0/2 sites]"
0x009A4010,124,0,read,1,24:1,1/1,0/1,void FUN_00da4010(void),"__thiscall, 0 stack slots, result unused at every site (void?) [eax read at 0/1 sites]"
0x009A4E50,389,0,none,3,12:1 24:1 36:1,0/2,0/2,"void FUN_00da4e50(int param_1,uint param_2,int param_3)","__cdecl, 3 stack slot(s) (variadic?), result unused at every site (void?) [eax read at 0/2 sites]"
0x009A5000,404,0,write,1,8:1,0/1,1/1,uint FUN_00da5000(int param_1),"__cdecl, 2 stack slot(s), returns a value [eax read at 1/1 sites]"
0x009A51A0,1147,0,call,3,,1/2,0/3,"void FUN_00da51a0(int param_1,uint *param_2)","__cdecl, stack slots unknown (no caller cleanup after 3 site(s): 0, or deferred); ghidra reads 2, result unused at every site (void?) [eax read at 0/3 sites]"
0x009A5620,477,0,call,1,8:1,0/1,0/1,"undefined4 FUN_00da5620(int param_1,undefined4 param_2)","__cdecl, 2 stack slot(s), result unused at every site (void?) [eax read at 0/1 sites]"
0x009A5800,23,0,write,2,20:1,0/2,0/2,"void FUN_00da5800(undefined4 param_1,undefined4 param_2,undefined4 param_3)","__cdecl, 5 stack slot(s), result unused at every site (void?) [eax read at 0/2 sites]"
0x009A5D70,176,0,write,2,8:1,2/2,0/2,"void FUN_00da5d70(int param_1,uint *param_2)","__thiscall, 0 stack slots, result unused at every site (void?) [eax read at 0/2 sites]"
0x009A6130,1155,0,write,3,,0/2,0/3,"void FUN_00da6130(int *param_1,int param_2,int param_3,int param_4,int param_5,int param_6,","__cdecl, stack slots unknown (no caller cleanup after 3 site(s): 0, or deferred), result unused at every site (void?) [eax read at 0/3 sites]"
0x009A6780,945,0,call,1,,1/1,0/1,void FUN_00da6780(int *param_1),"__thiscall, 0 stack slots, result unused at every site (void?) [eax read at 0/1 sites]"
0x009A75F0,174,0,write,2,28:2,0/2,0/2,"void FUN_00da75f0(byte *param_1,int param_2,int param_3,int param_4,int param_5,uint param_6,","__cdecl, 7 stack slot(s), result unused at every site (void?) [eax read at 0/2 sites]"
0x009A8410,29,0,read,6,44:1,1/4,0/5,void FUN_00da8410(undefined4 *param_1),"__cdecl, stack slots unknown (cleanup after only 1/6 sites: 0 and deferred, or deferred elsewhere), result unused at every site (void?) [eax read at 0/5 sites]"
0x009A86F0,396,0,call,1,12:1,0/1,1/1,undefined4 FUN_00da86f0(int *param_1),"__cdecl, 3 stack slot(s), returns a value [eax read at 1/1 sites]"
0x009A89C0,616,0,call,2,4:1 8:1,1/2,1/1,undefined4 FUN_00da89c0(int param_1),"__cdecl, 1 stack slot(s), returns a value [eax read at 1/1 sites]"
0x009A8C50,1047,0,write,7,8:2,2/6,0/7,"void FUN_00da8c50(int param_1,undefined4 *param_2)","__cdecl, stack slots unknown (cleanup after only 2/7 sites: 0 and deferred, or deferred elsewhere), result unused at every site (void?) [eax read at 0/7 sites]"
0x009A9400,,,none,3,36:1,0/3,0/3,,"__cdecl, stack slots unknown (cleanup after only 1/3 sites: 0 and deferred, or deferred elsewhere), result unused at every site (void?) [eax read at 0/3 sites]"
0x009A97B0,,,none,3,36:1,0/3,0/3,,"__cdecl, stack slots unknown (cleanup after only 1/3 sites: 0 and deferred, or deferred elsewhere), result unused at every site (void?) [eax read at 0/3 sites]"
0x009AB320,521,0,write,1,4:1,1/1,0/0,void FUN_00dab320(int param_1),"__thiscall, 0 stack slots, no call site decoded"
0x009AB530,556,0,write,1,8:1,0/1,0/1,"void FUN_00dab530(undefined1 *param_1,char param_2)","__cdecl, 2 stack slot(s), result unused at every site (void?) [eax read at 0/1 sites]"
0x009AB9D0,1509,0,write,1,20:1,0/1,1/1,"undefined1 FUN_00dab9d0(int param_1,short *param_2,int param_3,byte *param_4,byte *param_5)","__cdecl, 5 stack slot(s), returns a value [eax read at 1/1 sites]"
0x009ABFC0,625,0,write,1,,0/1,0/1,void FUN_00dabfc0(int param_1),"__cdecl, stack slots unknown (no caller cleanup after 1 site(s): 0, or deferred); ghidra reads 1, result unused at every site (void?) [eax read at 0/1 sites]"
0x009AC2F0,145,0,write,1,12:1,0/0,0/0,,"__cdecl (or a __thiscall that never reads `this`), 3 stack slot(s), no call site decoded"
0x009AC660,1279,0,call,1,,0/0,1/1,undefined4 FUN_00dac660(void),"__cdecl (or a __thiscall that never reads `this`), stack slots unknown (no caller cleanup after 1 site(s): 0, or deferred); ghidra reads 0, returns a value [eax read at 1/1 sites]"
0x009ACB60,28,0,call,1,16:1,0/1,1/1,undefined4 FUN_00dacb60(void),"__cdecl, 4 stack slot(s), returns a value [eax read at 1/1 sites]"
0x009B2530,1309,0,none,2,32:1,0/2,0/2,"void FUN_00db2530(int *param_1,uint param_2,int param_3)","__cdecl, 8 stack slot(s), result unused at every site (void?) [eax read at 0/2 sites]"
0x009B2A50,1832,,write,2,32:1,0/2,0/2,"void FUN_00db2a50(int *param_1,uint param_2,int param_3)","__cdecl, 8 stack slot(s), result unused at every site (void?) [eax read at 0/2 sites]"
0x009B46E0,94,0,read,11,,11/11,11/11,uint FUN_00db46e0(void),"__thiscall, 0 stack slots, returns a value [eax read at 11/11 sites]"
0x009B4A10,1661,0,write,1,12:1,0/1,0/1,"uint FUN_00db4a10(int param_1,short *param_2,int param_3)","__cdecl, 3 stack slot(s), result unused at every site (void?) [eax read at 0/1 sites]"
0x009B5420,272,0,write,4,20:2,0/1,0/4,"void FUN_00db5420(int param_1,int param_2,int param_3,byte param_4,undefined4 *param_5)","__cdecl, 5 stack slot(s), result unused at every site (void?) [eax read at 0/4 sites]"
0x009B5530,768,0,write,2,,0/2,0/2,"void FUN_00db5530(int param_1,undefined4 param_2,int param_3)","__cdecl, stack slots unknown (no caller cleanup after 2 site(s): 0, or deferred); ghidra reads 3, result unused at every site (void?) [eax read at 0/2 sites]"
0x009B60E0,435,,write,3,,0/3,0/3,"void FUN_00db60e0(int param_1,int param_2,int param_3)","?, no ret decoded (tail call or wrong extent), result unused at every site (void?) [eax read at 0/3 sites]"
0x009B65F0,331,0,call,1,12:1,0/1,0/1,void FUN_00db65f0(int param_1),"__cdecl, 3 stack slot(s), result unused at every site (void?) [eax read at 0/1 sites]"
0x009C6800,254,0,write,3,20:3,0/0,0/3,"void FUN_00dc6800(undefined8 *param_1,undefined8 *param_2,int param_3,undefined8 *param_4,","__cdecl (or a __thiscall that never reads `this`), 5 stack slot(s), result unused at every site (void?) [eax read at 0/3 sites]"
0x009CC020,450,4,read,2,,2/2,0/2,undefined4 FUN_00dcc020(int *param_1),"__thiscall, 1 stack slot(s), result unused at every site (void?) [eax read at 0/2 sites]"
0x009CC600,76,0,read,1,,1/1,0/1,void FUN_00dcc600(void),"__thiscall, 0 stack slots, result unused at every site (void?) [eax read at 0/1 sites]"
0x009D7D80,39,0,read,3,,2/2,0/1,void FUN_00dd7d80(void),"__thiscall, 0 stack slots, result unused at every site (void?) [eax read at 0/1 sites]"
0x009D8C30,110,0,read,4,,4/4,0/4,void FUN_00dd8c30(void),"__thiscall, 0 stack slots, result unused at every site (void?) [eax read at 0/4 sites]"
0x009D8D00,7,0,read,7,68:1,6/6,0/5,void FUN_00dd8d00(void),"__thiscall, 0 stack slots, result unused at every site (void?) [eax read at 0/5 sites]"
0x009D9110,77,0,write,34,4:5 8:12 12:1 16:2 20:3 28:3 40:2 52:2 76:1,4/28,0/33,void FUN_00dd9110(char *param_1),"__cdecl, 1 stack slot(s) (variadic?), result unused at every site (void?) [eax read at 0/33 sites]"
0x009D9160,26,0,write,32,,32/32,0/29,void FUN_00dd9160(void),"__thiscall, 0 stack slots, result unused at every site (void?) [eax read at 0/29 sites]"
0x009D9D90,5472,0,write,1,,0/1,0/1,undefined4 FUN_00dd9d90(int *param_1),"__cdecl, stack slots unknown (no caller cleanup after 1 site(s): 0, or deferred); ghidra reads 1, result unused at every site (void?) [eax read at 0/1 sites]"
0x009DB560,12,0,call,1,4:1,0/0,0/1,void FUN_00ddb560(DWORD param_1),"__cdecl (or a __thiscall that never reads `this`), 1 stack slot(s), result unused at every site (void?) [eax read at 0/1 sites]"
0x009DB580,6,,none,13,,1/5,13/13,DWORD GetCurrentThreadId(void),"?, no ret decoded (tail call or wrong extent), returns a value [eax read at 13/13 sites]"
0x009ED490,11,8,read,1,,0/0,0/1,,"__thiscall, 2 stack slot(s), result unused at every site (void?) [eax read at 0/1 sites]"
0x009ED4A0,105,4,read,11,,7/7,0/11,void FUN_00ded4a0(int param_1),"__thiscall, 1 stack slot(s), result unused at every site (void?) [eax read at 0/11 sites]"
0x009ED8A0,69,0,read,1,,1/1,0/1,void FUN_00ded8a0(void),"__thiscall, 0 stack slots, result unused at every site (void?) [eax read at 0/1 sites]"
0x009EE070,124,0,read,1,,1/1,0/1,void FUN_00dee070(void),"__thiscall, 0 stack slots, result unused at every site (void?) [eax read at 0/1 sites]"
0x009EE8E0,199,4,read,10,,8/8,0/8,void FUN_00dee8e0(int *param_1),"__thiscall, 1 stack slot(s), result unused at every site (void?) [eax read at 0/8 sites]"
0x009EEDF0,197,4,read,1,,0/0,0/1,char * FUN_00deedf0(uint param_1),"__thiscall, 1 stack slot(s), result unused at every site (void?) [eax read at 0/1 sites]"
0x009EF060,76,4,read,3,,3/3,3/3,undefined4 FUN_00def060(undefined4 param_1),"__thiscall, 1 stack slot(s), returns a value [eax read at 3/3 sites]"
0x009EFD40,504,,read,4,,4/4,0/4,void FUN_00defd40(int *param_1),"?, no ret decoded (tail call or wrong extent), result unused at every site (void?) [eax read at 0/4 sites]"
0x009F2640,8,,read,2,,2/2,0/1,void FUN_00df2640(void),"?, no ret decoded (tail call or wrong extent), result unused at every site (void?) [eax read at 0/1 sites]"
0x009F2660,8,,read,3,,3/3,0/3,void FUN_00df2660(void),"?, no ret decoded (tail call or wrong extent), result unused at every site (void?) [eax read at 0/3 sites]"
0x009F2AE0,46,4,read,323,,323/323,244/301,void FUN_00df2ae0(undefined4 param_1),"__thiscall, 1 stack slot(s), returns a value [eax read at 244/301 sites]"
0x009F2B10,8,0,read,1,,1/1,0/1,void FUN_00df2b10(void),"__thiscall, 0 stack slots, result unused at every site (void?) [eax read at 0/1 sites]"
0x009F3010,11,8,read,1,,1/1,0/1,,"__thiscall, 2 stack slot(s), result unused at every site (void?) [eax read at 0/1 sites]"
0x009F4B30,11,8,read,1,,1/1,0/1,,"__thiscall, 2 stack slot(s), result unused at every site (void?) [eax read at 0/1 sites]"
0x009F5C00,1995,20,read,4,,3/3,0/4,"int FUN_00df5c00(undefined4 param_1,float param_2,float *param_3,int param_4,int param_5)","__thiscall, 5 stack slot(s), result unused at every site (void?) [eax read at 0/4 sites]"
0x009F63D0,555,28,read,4,,4/4,0/4,undefined4 *,"__thiscall, 7 stack slot(s), result unused at every site (void?) [eax read at 0/4 sites]"
0x009F67ED,,,none,1,,1/1,0/1,,"?, no ret decoded (tail call or wrong extent), result unused at every site (void?) [eax read at 0/1 sites]"
0x009F6ADB,,,none,1,,1/1,0/1,,"?, no ret decoded (tail call or wrong extent), result unused at every site (void?) [eax read at 0/1 sites]"
0x009F6D00,6,,none,693,4:1 8:12 12:4 16:2 20:2 24:2 28:1,8/659,87/521,"void _CxxThrowException(void *pExceptionObject,ThrowInfo *pThrowInfo)","__cdecl, stack slots unknown (cleanup after only 24/693 sites: 0 and deferred, or deferred elsewhere), returns a value [eax read at 87/521 sites]"
0x009F6D76,72,16,call,800,16:27 20:2 24:1 36:1 80:1 84:1 88:3 108:1 112:1 116:1 152:1 184:1 200:1 244:1 264:1 396:1 424:1 752:1 2012:1 2480:1,11/301,0/657,"void __stdcall `eh vector destructor iterator'(void *,unsigned int,int,void (__thiscall*)(void","__stdcall, 4 stack slot(s), result unused at every site (void?) [eax read at 0/657 sites]"
0x009F6DBE,24,0,call,1,,0/0,0/1,void FUN_00df6dbe(void),"__cdecl (or a __thiscall that never reads `this`), stack slots unknown (no caller cleanup after 1 site(s): 0, or deferred); ghidra reads 0, result unused at every site (void?) [eax read at 0/1 sites]"
0x009F6DE2,6,,none,167,8:1 12:104 16:5 20:5 24:6 28:3 32:1 40:1,12/144,0/163,"int __cdecl sprintf(char *_Dest,char *_Format,...)","__cdecl, 2 stack slot(s) (variadic?), result unused at every site (void?) [eax read at 0/163 sites]"
0x009F6DE8,6,,none,3,12:3,0/1,2/3,"ulong __cdecl strtoul(char *_Str,char **_EndPtr,int _Radix)","__cdecl, 3 stack slot(s), returns a value [eax read at 2/3 sites]"
0x009F6DEE,6,,none,26,4:23,5/22,25/26,int __cdecl atoi(char *_Str),"__cdecl, 1 stack slot(s), returns a value [eax read at 25/26 sites]"
0x009F6DFA,6,,none,31,8:19,2/20,31/31,"char * __cdecl strchr(char *_Str,int _Val)","__cdecl, 2 stack slot(s), returns a value [eax read at 31/31 sites]"
0x009F6E38,117,0,write,1284,4:3 16:1,186/994,1242/1273,ulonglong FUN_00df6e38(void),"__cdecl, stack slots unknown (cleanup after only 4/1284 sites: 0 and deferred, or deferred elsewhere), returns a value [eax read at 1242/1273 sites]"
0x009F6EC0,6,,none,16,16:8,1/5,5/16,"int __cdecl _vsnprintf(char *_Dest,size_t _Count,char *_Format,va_list _Args)","__cdecl, 4 stack slot(s), returns a value [eax read at 5/16 sites]"
0x009F6EC6,6,,none,20,12:14,3/20,0/13,"void * __cdecl memmove(void *_Dst,void *_Src,size_t _Size)","__cdecl, 3 stack slot(s), result unused at every site (void?) [eax read at 0/13 sites]"
0x009F6ED2,6,,none,14,4:1 8:9,1/7,0/11,double __cdecl floor(double _X),"__cdecl, 1 stack slot(s), result unused at every site (void?) [eax read at 0/11 sites]"
0x009F6F2E,24,0,call,1,,0/0,0/1,void FUN_00df6f2e(void),"__cdecl (or a __thiscall that never reads `this`), stack slots unknown (no caller cleanup after 1 site(s): 0, or deferred); ghidra reads 0, result unused at every site (void?) [eax read at 0/1 sites]"
0x009F6FA0,6,,none,130,4:1 8:73,9/62,128/130,"int __cdecl _strcmpi(char *_Str1,char *_Str2)","__cdecl, 1 stack slot(s), returns a value [eax read at 128/130 sites]"
0x009F6FA6,6,,none,16,12:4 16:2 20:3,1/13,6/15,"int __cdecl sscanf(char *_Src,char *_Format,...)","__cdecl, 3 stack slot(s) (variadic?), returns a value [eax read at 6/15 sites]"
0x009F6FE2,6,,none,25,12:25,5/11,25/25,"int __cdecl strncmp(char *_Str1,char *_Str2,size_t _MaxCount)","__cdecl, 3 stack slot(s), returns a value [eax read at 25/25 sites]"
0x009F7024,6,,none,49,4:22,13/31,49/49,int __cdecl isdigit(int _C),"__cdecl, stack slots unknown (cleanup after only 22/49 sites: 0 and deferred, or deferred elsewhere), returns a value [eax read at 49/49 sites]"
0x009F709C,6,,none,12,8:11,4/12,12/12,"char * __cdecl strstr(char *_Str,char *_SubStr)","__cdecl, 2 stack slot(s), returns a value [eax read at 12/12 sites]"
0x009F70A2,6,,none,4,4:1,1/2,4/4,int __cdecl isalnum(int _C),"__cdecl, stack slots unknown (cleanup after only 1/4 sites: 0 and deferred, or deferred elsewhere), returns a value [eax read at 4/4 sites]"
0x009F70A8,6,,none,5,4:3,2/3,5/5,int __cdecl toupper(int _C),"__cdecl, 1 stack slot(s), returns a value [eax read at 5/5 sites]"
0x009F70BA,6,,none,32,12:27 24:2,4/26,0/23,"char * __cdecl strncpy(char *_Dest,char *_Source,size_t _Count)","__cdecl, 3 stack slot(s), result unused at every site (void?) [eax read at 0/23 sites]"
0x009F70CC,6,,none,33,8:1,6/15,0/31,void _CIfmod(void),"__cdecl, stack slots unknown (cleanup after only 1/33 sites: 0 and deferred, or deferred elsewhere), result unused at every site (void?) [eax read at 0/31 sites]"
0x009F71CC,6,,none,7,12:3,1/4,1/6,"long __cdecl strtol(char *_Str,char **_EndPtr,int _Radix)","__cdecl, stack slots unknown (cleanup after only 3/7 sites: 0 and deferred, or deferred elsewhere), returns a value [eax read at 1/6 sites]"
0x009F74F4,14,0,read,266,16:3 20:1 24:1 28:11 32:7 36:35 40:1 44:3 48:4 52:1 56:4 60:3 64:1 68:53 72:5 76:5 80:2 84:2 88:4 92:1 96:1 100:2 104:2 108:1 116:1 120:11 128:1 136:3 140:1 144:1 148:2 152:3 164:2 172:3 176:1 180:2 184:1 200:2 240:2 252:1 260:1 264:2 268:2 272:2 276:1 280:1 300:1 304:2 308:1 312:3 316:1 324:1 336:2 356:1 388:2 396:1 412:1 416:2 452:1 484:1 524:2 532:1 548:1 564:4 568:2 588:1 592:1 600:1 632:1 712:2 808:1 860:1 1068:1 1088:1 1112:1 1128:1 1148:1 1168:1 1320:1 1576:1 2076:3 2104:1 2596:1 4116:1 4200:1 4316:1 4636:1 4664:1 8468:1 8472:1 8480:1 20408:1,242/242,0/266,void __fastcall __security_check_cookie(uintptr_t _StackCookie),"__thiscall, 0 stack slots, result unused at every site (void?) [eax read at 0/266 sites]"
0x009F75B8,6,,none,77,12:77,6/76,2/71,"void * __cdecl memcpy(void *_Dst,void *_Src,size_t _Size)","__cdecl, 3 stack slot(s), returns a value [eax read at 2/71 sites]"
0x009F75BE,6,,none,29,8:29,5/24,0/29,"char * __cdecl strcpy(char *_Dest,char *_Source)","__cdecl, 2 stack slot(s), result unused at every site (void?) [eax read at 0/29 sites]"
0x009F75C4,6,,none,48,12:48,21/40,0/39,"void * __cdecl memset(void *_Dst,int _Val,size_t _Size)","__cdecl, 3 stack slot(s), result unused at every site (void?) [eax read at 0/39 sites]"
0x009F75D0,6,,none,27,4:27,6/20,25/27,size_t __cdecl strlen(char *_Str),"__cdecl, 1 stack slot(s), returns a value [eax read at 25/27 sites]"
0x009F75D6,6,,none,8,12:8,2/8,8/8,"int __cdecl memcmp(void *_Buf1,void *_Buf2,size_t _Size)","__cdecl, 3 stack slot(s), returns a value [eax read at 8/8 sites]"
0x009F7D80,6,,none,7,16:3,1/7,0/7,void __cdecl,"__cdecl, stack slots unknown (cleanup after only 3/7 sites: 0 and deferred, or deferred elsewhere), result unused at every site (void?) [eax read at 0/7 sites]"
0x009F7EFE,6,,none,1,4:1,0/1,0/1,void __cdecl _amsg_exit(int param_1),"__cdecl, 1 stack slot(s), result unused at every site (void?) [eax read at 0/1 sites]"
0x009F7F92,6,,none,2,8:1,0/2,0/2,void __cdecl initterm(void),"__cdecl, 2 stack slot(s), result unused at every site (void?) [eax read at 0/2 sites]"
0x009F7FB3,3,0,none,1,,0/1,0/0,undefined4 FUN_00df7fb3(void),"__cdecl, stack slots unknown (no caller cleanup after 1 site(s): 0, or deferred); ghidra reads 0, no call site decoded"
0x009F802E,6,,none,1,8:1,0/1,0/1,void __security_error_handler(void),"__cdecl, 2 stack slot(s), result unused at every site (void?) [eax read at 0/1 sites]"
0x009FA11F,6,,none,3,120:1,0/3,0/3,void thunk_FUN_00dfa0f5(void),"__cdecl, stack slots unknown (cleanup after only 1/3 sites: 0 and deferred, or deferred elsewhere), result unused at every site (void?) [eax read at 0/3 sites]"
0x009FA2BE,6,,none,1,,0/1,0/1,void thunk_FUN_00dfa2b1(void),"?, no ret decoded (tail call or wrong extent), result unused at every site (void?) [eax read at 0/1 sites]"
0x009FACAD,6,,none,99,196:1 204:1,1/83,0/87,void thunk_FUN_00dfaca0(void),"__cdecl, stack slots unknown (cleanup after only 2/99 sites: 0 and deferred, or deferred elsewhere), result unused at every site (void?) [eax read at 0/87 sites]"
0x009FAFBA,6,,none,10,,0/8,0/6,void thunk_FUN_00dfaf81(void),"?, no ret decoded (tail call or wrong extent), result unused at every site (void?) [eax read at 0/6 sites]"
0x009FB6F4,6,,none,26,,0/19,0/26,void thunk_FUN_00dfb6c6(void),"?, no ret decoded (tail call or wrong extent), result unused at every site (void?) [eax read at 0/26 sites]"
0x009FB784,6,,none,25,,1/25,0/20,void thunk_FUN_00dfb756(void),"?, no ret decoded (tail call or wrong extent), result unused at every site (void?) [eax read at 0/20 sites]"
0x009FB802,6,,none,2,,0/2,0/2,void thunk_FUN_00dfb7e6(void),"?, no ret decoded (tail call or wrong extent), result unused at every site (void?) [eax read at 0/2 sites]"
0x009FB89E,6,,none,2,,0/0,0/2,void thunk_FUN_00dfb882(void),"?, no ret decoded (tail call or wrong extent), result unused at every site (void?) [eax read at 0/2 sites]"
0x009FB93B,6,,none,8,,0/5,0/6,void thunk_FUN_00dfb91f(void),"?, no ret decoded (tail call or wrong extent), result unused at every site (void?) [eax read at 0/6 sites]"
0x009FB9F7,6,,none,2,,0/2,0/2,void thunk_FUN_00dfb9d7(void),"?, no ret decoded (tail call or wrong extent), result unused at every site (void?) [eax read at 0/2 sites]"
0x009FD37A,6,,none,1,,0/1,0/1,void thunk_FUN_00dfd36d(void),"?, no ret decoded (tail call or wrong extent), result unused at every site (void?) [eax read at 0/1 sites]"
0x00AFD540,16,4,call,27,,0/13,0/27,void __stdcall _com_issue_error(long),"__stdcall, 1 stack slot(s), result unused at every site (void?) [eax read at 0/27 sites]"
