# linking worklist, census 007ae4e6b1 (2026-09-30 02:37), image_check with 6,262 proven-scalar data words; rows: blockers whose fix alone closes >= 1 authored file (the full list: build/image_compose/worklist.csv). Serve: python3 tools/image_compose.py next
# single-fix model: unlock_* counts what closes when THIS blocker (a group row: every blocker of the group) alone becomes retail-true and movable with the graph otherwise unchanged; a repair that changes a selected copy, its bytes or its references can add blockers (interactions ignored)
rank,family,blocker,claim_rva,unlock_files,unlock_authored_bytes,unlock_function_bytes,files,fix_site,reason,command,census
1,data,?primeTable@@3PAGA,0x00EDA1F0,2,12130,2214,game/Libraries/Source/WWVegas/WWLib/mpmath.cpp; +1 more,source:game/Libraries/Source/WWVegas/WWLib/mpmath.cpp,"61 unrelocated in-image dword(s), first 0x0043003D at +0x22:",tools/reloc_ledger.py,007ae4e6b1
2,provider,?compare@AsciiString@@QBEHABV1@@Z,0x0005FEB0,11,7535,9857,game/Libraries/Source/WWVegas/WWLib/RvaTreeFindAsciiString.cpp; +10 more,source:game/Libraries/Source/WWVegas/WWLib/AsciiStringListTreeInsert.cpp,shared address: bytes differ at +0x22 (0x0005FED2),tools/provider_repair.py,007ae4e6b1
3,body,??0LightEnvironmentClass@@QAE@XZ,0x0094AAF0,1,4781,264,game/Libraries/Source/WWVegas/WW3D2/lightenvironment.cpp,source:game/Libraries/Source/WWVegas/WW3D2/lightenvironment.cpp,bytes differ at +0x5 (0x0094AAF5),tools/probe.py,007ae4e6b1
4,data,___gameMemFreePtr,0x00F0E9AC,29,3240,30524,game/GameEngine/Source/GameNetwork/NetPacket_init.cpp; +28 more,name:___gameMemFreePtr,nothing defines it (data),tools/provider_repair.py data-next,007ae4e6b1
5,body,?bfmeCompare@BfmeNameAU@@QBEHPBV1@@Z,0x00090570,4,3204,1051,game/GameEngine/Source/Common/Bfme5InsertionSort.cpp; +3 more,source:game/GameEngine/Source/Common/Bfme5InsertionSort.cpp,bytes differ at +0x52 (0x000905C2),tools/probe.py,007ae4e6b1
6,body,?GetSymbol@Signature@DebugStackwalk@@SAXIPADIPAI0I10I11@Z,0x0088C960,1,2865,729,game/Libraries/Source/debug/debug_stack.cpp,source:game/Libraries/Source/debug/debug_stack.cpp,bytes differ at +0x70 (0x0088C9D0),tools/probe.py,007ae4e6b1
7,provider,??4Rva0036CA00Str@@QAEAAV0@ABV0@@Z,0x00487C90,26,2469,2504,game/GameEngine/Source/Common/System/GeometryInfoRva0087E190.cpp; +25 more,name:??4Rva0036CA00Str@@QAEAAV0@ABV0@@Z,nothing defines it (alias),tools/provider_repair.py,007ae4e6b1
8,body,?updateBounds@PolygonTrigger@@IBEXXZ,0x0018F400,6,2355,2396,game/GameEngine/Source/GameLogic/Map/Rva001A4DD0GridCount.cpp; +5 more,source:game/GameEngine/Source/GameLogic/Map/PolygonTrigger_pointInTrigger.cpp,"unrelocated in-image immediate 0x007FFFF0 in `mov eax, 0x7ff",tools/probe.py,007ae4e6b1
9,data,?Rva009C0D10Table@@3PAGA,0x00F566C0,4,2330,2330,game/GameEngine/Source/Common/BfmeFilterBlockPairByIndexMmx.cpp; +3 more,name:?Rva009C0D10Table@@3PAGA,nothing defines it (data),tools/provider_repair.py data-next,007ae4e6b1
10,data,?g_bfmeDefaultBU@@3MA,0x00C75334,16,2315,2955,game/GameEngine/Source/GameClient/System/FXParticleSystem/LightningEmissionModuleGetVelocity.cpp; +15 more,name:?g_bfmeDefaultBU@@3MA,retail code reads the compiler literal __real@3f800000 there,tools/provider_repair.py data-next,007ae4e6b1
11,data,___gameMemAllocPtr,0x00F0E9B4,9,2309,6393,game/Libraries/Source/WWVegas/WW3D2/ParticleEmitterDefClassKeyframeChunks.cpp; +8 more,name:___gameMemAllocPtr,nothing defines it (data),tools/provider_repair.py data-next,007ae4e6b1
12,data,?TheWritableGlobalData@@3PAVGlobalData@@A,0x00EED5C8,14,2242,5532,game/GameEngineDevice/Source/W3DDevice/GameClient/W3DViewCalcCameraConstraintsBfme.cpp; +13 more,name:?TheWritableGlobalData@@3PAVGlobalData@@A,nothing defines it (data),tools/provider_repair.py data-next,007ae4e6b1
13,data,?g_bfmeEmptyAscii@@3QBDB,0x00C7388B,11,2117,2317,game/GameEngine/Source/Common/ExperienceLevelSystemFindLevel.cpp; +10 more,name:?g_bfmeEmptyAscii@@3QBDB,retail code reads the compiler literal ??_C@_00CNPNBAHC@?$AA,tools/provider_repair.py data-next,007ae4e6b1
14,data,_reallyFarPoint,0x00EB5500,1,1927,286,game/GameEngine/Source/Common/line2_d.cpp,source:game/GameEngine/Source/Common/line2_d.cpp,"1 unrelocated in-image dword(s), first 0x00497424 at +0x1: p",tools/reloc_ledger.py,007ae4e6b1
15,data,?g_Va0130A5A0@@3HA,0x00F0A5A0,16,1910,1933,game/GameEngine/Source/GameNetwork/Rva007F49E0UdpPacketSend.cpp; +15 more,name:?g_Va0130A5A0@@3HA,nothing defines it (data),tools/provider_repair.py data-next,007ae4e6b1
16,data,?TheVictorySystem@@3PAVVictorySystem@@A,0x00EEF734,1,1799,1729,game/GameEngine/Source/GameLogic/System/BfmeCellEvaluateVictory.cpp,name:?TheVictorySystem@@3PAVVictorySystem@@A,nothing defines it (data),tools/provider_repair.py data-next,007ae4e6b1
17,import,__imp__bfmeMaskDXF@4,0x00B58DAC,3,1786,958,game/stlport/X4Filebuf.cpp; +2 more,name:__imp__bfmeMaskDXF@4,nothing defines it (import),tools/import_binding.py,007ae4e6b1
18,body,_Rva00811310,0x00811310,1,1776,1590,game/Libraries/Source/DirtySock/Y4CommSha1.c,source:game/Libraries/Source/DirtySock/Y4CommSha1.c,not fully inspected: the instruction at +0x38A overlaps a re,tools/probe.py,007ae4e6b1
19,other,?getLayer@Object@@QBEHXZ,0x0003A391,1,1633,1633,game/GameEngineDevice/Source/W3DDevice/GameClient/TerrainTracksBfmeAddCap.cpp,name:?getLayer@Object@@QBEHXZ,nothing defines it,tools/link_check.py,007ae4e6b1
20,data,_g_bfmeTerrainVisual,0x00EF7014,3,1627,1627,game/GameEngine/Source/GameLogic/Map/Rva001A55E0GridVisitByte.cpp; +2 more,name:_g_bfmeTerrainVisual,nothing defines it (data),tools/provider_repair.py data-next,007ae4e6b1
21,data,?Rva006A16B0Empty@@3PADA,0x00C7388B,1,1552,22,game/Libraries/Source/WWVegas/WWLib/chunkio.cpp,name:?Rva006A16B0Empty@@3PADA,retail code reads the compiler literal ??_C@_00CNPNBAHC@?$AA,tools/provider_repair.py data-next,007ae4e6b1
22,provider,?refreshPair@@YGXHH@Z,0x00019E6B,5,1545,1545,game/GameEngineDevice/Source/MilesAudioDevice/Rva0069A2E0Refresh.cpp; +4 more,name:?refreshPair@@YGXHH@Z,nothing defines it (pinned-elsewhere),tools/provider_repair.py,007ae4e6b1
23,data,?TheVictoryConditions@@3PAVVictoryConditions@@A,0x00EF079C,5,1520,1520,game/GameEngine/Source/Common/BfmeScoreEntrySort.cpp; +4 more,name:?TheVictoryConditions@@3PAVVictoryConditions@@A,nothing defines it (data),tools/provider_repair.py data-next,007ae4e6b1
24,data,?Rva012D88D0Round@@3QBGB,0x00ED88D0,8,1412,1412,game/GameEngine/Source/Common/Rva009C6800.cpp; +7 more,name:?Rva012D88D0Round@@3QBGB,nothing defines it (data),tools/provider_repair.py data-next,007ae4e6b1
25,data,__decoder,0x00D45600,3,1303,1039,game/Libraries/Source/WWVegas/WWLib/base64.cpp; +2 more,source:game/Libraries/Source/WWVegas/WWLib/base64.cpp,"2 unrelocated in-image dword(s), first 0x00FEFEFE at +0x3E: ",tools/reloc_ledger.py,007ae4e6b1
26,data,?g_bfmeClampTable@@3QBEB,0x00F56FE0,4,1275,1275,game/GameEngine/Source/Common/BfmeLoopFilterHoriz.cpp; +3 more,name:?g_bfmeClampTable@@3QBEB,nothing defines it (data),tools/provider_repair.py data-next,007ae4e6b1
27,data,?g_bfmeBinkRound@@3QBGB,0x00ED8C00,9,1158,1158,game/GameEngine/Source/Common/Rva009C7140BinkSse.cpp; +8 more,name:?g_bfmeBinkRound@@3QBGB,nothing defines it (data),tools/provider_repair.py data-next,007ae4e6b1
28,provider,?select008AC460@Rva008AC190Node@@QAEPAU1@H@Z,0x008AC460,1,1154,439,game/GameEngine/Source/Common/Rva008AC190TreeSelect.cpp,source:game/GameEngine/Source/Common/Rva008AC190TreeSelect.cpp,+0x1A8 own label lands at 0x008AC5F2,tools/provider_repair.py,007ae4e6b1
29,data,?g_bfmeHolderBU@@3PAUBfmePickWorld1284@@A,0x00F377D8,1,1095,520,game/GameEngine/Source/Common/BfmePicker1284.cpp,name:?g_bfmeHolderBU@@3PAUBfmePickWorld1284@@A,nothing defines it (data),tools/provider_repair.py data-next,007ae4e6b1
30,data,?TheScriptEngine@@3PAVScriptEngine@@A,0x00AF076C,8,1069,1549,game/GameEngine/Source/GameLogic/ScriptEngine/Rva0032B190Condition.cpp; +7 more,name:?TheScriptEngine@@3PAVScriptEngine@@A,nothing defines it (data),tools/provider_repair.py data-next,007ae4e6b1
31,provider,?sleepUntil@ObjectHelper@@QAEXI@Z,0x000159AB,12,1058,1058,game/GameEngine/Source/GameLogic/Object/ObjectStatusBits.cpp; +11 more,name:?sleepUntil@ObjectHelper@@QAEXI@Z,nothing defines it (pinned-elsewhere),tools/provider_repair.py,007ae4e6b1
32,data,?g_bfmeGameCW@@3PAVBfmeGameCW@@A,0x00EF706C,5,1008,952,game/GameEngine/Source/GameLogic/LivingWorld/Rva003A48B0ApplyByName.cpp; +4 more,name:?g_bfmeGameCW@@3PAVBfmeGameCW@@A,nothing defines it (data),tools/provider_repair.py data-next,007ae4e6b1
33,provider,?bfmeCalcTGC@@YAXPAXPAH@Z,0x0000C9B4,4,1000,1028,game/GameEngine/Source/GameLogic/Pathfinder/PathfindCellXfer.cpp; +3 more,name:?bfmeCalcTGC@@YAXPAXPAH@Z,nothing defines it (pinned-elsewhere),tools/provider_repair.py,007ae4e6b1
34,provider,?allocArg@GameMessage@@AAEPAUArgument@1@XZ,0x0002CC8C,3,951,1952,game/GameEngine/Source/GameClient/GUI/Palantir/SelectionAll00595230.cpp; +2 more,name:?allocArg@GameMessage@@AAEPAUArgument@1@XZ,nothing defines it (pinned-elsewhere),tools/provider_repair.py,007ae4e6b1
35,provider,??$__introsort_loop@PAUS4SortElem12@@U1@HUS4Cmp00574DF0@@@_STL@@YAXPAUS4SortElem12@@00HUS4Cmp00574DF0@@@Z,0x00575320,1,946,240,game/Libraries/Source/WWVegas/WWLib/stlport_introsort_loop_s4sortelem12.cpp,source:game/Libraries/Source/WWVegas/WWLib/stlport_introsort_loop_s4sortelem12.cpp,+0xB0 own label lands at 0x0001D241,tools/provider_repair.py,007ae4e6b1
36,data,?D3DDevice@DX8Wrapper@@2PAURva009038B0Device@@A,0x00F40534,1,874,874,game/Libraries/Source/WWVegas/WW3D2/Rva009038B0Capture.cpp,name:?D3DDevice@DX8Wrapper@@2PAURva009038B0Device@@A,nothing defines it (data),tools/provider_repair.py data-next,007ae4e6b1
37,provider,?bfmeVec3Hermite@@YGPAUBfmeVector3@@PAU1@PBUCoord3D@@111M@Z,0x005FA11F,1,829,829,game/GameEngine/Source/Common/CatmullRom003A14C0.cpp,name:?bfmeVec3Hermite@@YGPAUBfmeVector3@@PAU1@PBUCoord3D@@111M@Z,nothing defines it (alias),tools/provider_repair.py,007ae4e6b1
38,data,?g_q3IndexedFallback@@3UQ3IndexedItem@@A,0x00EF3370,1,826,826,game/GameEngine/Source/Common/Q3IndexedVectorAccessors.cpp,name:?g_q3IndexedFallback@@3UQ3IndexedItem@@A,nothing defines it (data),tools/provider_repair.py data-next,007ae4e6b1
39,data,?TheGameClient@@3PAVClientRoot4120@@A,0x00EF1464,2,784,784,game/GameEngine/Source/GameClient/DrawableSetInstanceMatrixBFME.cpp; +1 more,name:?TheGameClient@@3PAVClientRoot4120@@A,nothing defines it (data),tools/provider_repair.py data-next,007ae4e6b1
40,provider,?rva0072A3D0@Rva00729D30Terrain@@QAEXHHHHHHHH@Z,0x0000FB00,1,759,759,game/GameEngineDevice/Source/W3DDevice/GameClient/Rva0072B1C0TerrainEdgeSplit.cpp,name:?rva0072A3D0@Rva00729D30Terrain@@QAEXHHHHHHHH@Z,nothing defines it (pinned-elsewhere),tools/provider_repair.py,007ae4e6b1
41,provider,?bfmeRelease@BfmeTagged@@QAEXXZ,0x005EB7A0,1,738,738,game/GameEngine/Source/Common/S3TaggedAssignments.cpp,name:?bfmeRelease@BfmeTagged@@QAEXXZ,nothing defines it (alias),tools/provider_repair.py,007ae4e6b1
42,provider,?Gen007EFFC0@@YAPAVGenAlloc@@XZ,0x003EFFC0,3,690,1246,game/GameEngine/Source/Common/S3PolymorphicArrayClear.cpp; +2 more,name:?Gen007EFFC0@@YAPAVGenAlloc@@XZ,nothing defines it (alias),tools/provider_repair.py,007ae4e6b1
43,body,?checkForDrag@Mouse@@IAEXXZ,0x001A4370,1,647,647,game/GameEngine/Source/GameClient/Input/Mouse_processMouseEvent.cpp,source:game/GameEngine/Source/GameClient/Input/Mouse.cpp,bytes differ at +0x0 (0x001A4370),tools/probe.py,007ae4e6b1
44,data,?g_Va012B49FC@@3PAHA,0x00EB49FC,2,635,647,game/GameEngine/Source/GameLogic/AI/Rva003D86E0Scanner.cpp; +1 more,name:?g_Va012B49FC@@3PAHA,nothing defines it (data),tools/provider_repair.py data-next,007ae4e6b1
45,provider,?bfmeAdjustHeap00531B20@@YAXPAUS4SortElem12Pod@@HHU1@PAX@Z,0x0001D0B6,4,632,660,game/Libraries/Source/WWVegas/WWLib/stlport_partial_sort_s4sortelem12_00531fa0.cpp; +3 more,name:?bfmeAdjustHeap00531B20@@YAXPAUS4SortElem12Pod@@HHU1@PAX@Z,nothing defines it (pinned-elsewhere),tools/provider_repair.py,007ae4e6b1
46,provider,?bfmeTry996@BfmeB996@@QAEDHHPAD@Z,0x00038163,3,628,695,game/GameEngine/Source/Common/Rva007E3770BfmeB996ScanCount.cpp; +2 more,name:?bfmeTry996@BfmeB996@@QAEDHHPAD@Z,nothing defines it (pinned-elsewhere),tools/provider_repair.py,007ae4e6b1
47,provider,?rva0041FCE0@Drawable@@QAEXAAUCoord3D@@@Z,0x000239ED,1,627,627,game/GameEngine/Source/GameClient/DrawableVeterancyIcons.cpp,name:?rva0041FCE0@Drawable@@QAEXAAUCoord3D@@@Z,nothing defines it (pinned-elsewhere),tools/provider_repair.py,007ae4e6b1
48,data,_g_bfmeRoundMmx,0x00D43800,1,604,279,game/GameEngine/Source/Common/Bfme5ThirtySix.cpp,source:game/GameEngine/Source/Common/Bfme5ThirtySix.cpp,"2 unrelocated in-image dword(s), first 0x01000100 at +0x1: p",tools/reloc_ledger.py,007ae4e6b1
49,provider,?validMovement@BfmeAttackQuery@@QAE_NHHGPBX@Z,0x0002F798,1,603,141,game/GameEngine/Source/GameLogic/AI/BfmeAttackQueryCandidateE2B0.cpp,name:?validMovement@BfmeAttackQuery@@QAE_NHHGPBX@Z,nothing defines it (pinned-elsewhere),tools/provider_repair.py,007ae4e6b1
50,provider,?clearAndSetModelConditionFlags@Object@@QAEXABVBfmeC1166@@0@Z,0x000095ED,4,566,566,game/GameEngine/Source/GameLogic/Object/Upgrade/ModelConditionUpgradeUpgradeImplementation.cpp; +3 more,name:?clearAndSetModelConditionFlags@Object@@QAEXABVBfmeC1166@@0@Z,nothing defines it (pinned-elsewhere),tools/provider_repair.py,007ae4e6b1
51,data,?g_bfmeScaleB3@@3MA,0x00884068,2,555,555,game/GameEngine/Source/GameClient/GUI/CrossFadeImage_draw.cpp; +1 more,name:?g_bfmeScaleB3@@3MA,retail code reads the compiler literal __real@437f0000 there,tools/provider_repair.py data-next,007ae4e6b1
52,provider,?bfmeDeallocate@@YAXPAXI@Z,0x0042E5F0,6,534,623,game/GameEngine/Source/Common/Bfme5ListClears.cpp; +5 more,name:?bfmeDeallocate@@YAXPAXI@Z,nothing defines it (alias),tools/provider_repair.py,007ae4e6b1
53,provider,?bfmePredV30@@YAHHHD@Z,0x0003B557,1,533,533,game/GameEngine/Source/Common/BfmeConv1470.cpp,name:?bfmePredV30@@YAHHHD@Z,nothing defines it (pinned-elsewhere),tools/provider_repair.py,007ae4e6b1
54,data,?g_bfmeZeroCY@@3MA,0x00C75350,4,523,245,game/GameEngine/Source/Common/Bfme5Forty.cpp; +3 more,name:?g_bfmeZeroCY@@3MA,retail code reads the compiler literal __real@00000000 there,tools/provider_repair.py data-next,007ae4e6b1
55,bridge,?Rva009B60E0BuildTree@@YAXPAI0H@Z,0x005B60E0,1,521,521,game/GameEngine/Source/Common/Rva009AB320BuildTables.cpp,name:?Rva009B60E0BuildTree@@YAXPAI0H@Z,nothing defines it (dump),tools/next_work.py,007ae4e6b1
56,data,?g_rva00690cb0Rclsid@@3QBEB,0x00D1B930,1,518,518,game/GameEngine/Source/Common/Rva00690CB0Init.cpp,source:game/GameEngine/Source/Common/Rva00690CB0Init.cpp,"2 unrelocated in-image dword(s), first 0x005EFB01 at +0x9: p",tools/reloc_ledger.py,007ae4e6b1
57,data,?g_bfmeEmptyUnicode@@3QBDB,0x00C7388C,4,508,790,game/Libraries/Source/WWVegas/WWLib/Rva0068FA20LowerBoundWideWalk.cpp; +3 more,name:?g_bfmeEmptyUnicode@@3QBDB,retail code reads the compiler literal ??_C@_11LOCGONAA@?$AA,tools/provider_repair.py data-next,007ae4e6b1
58,import,__imp_?bfmeFree1035@@YAXPAX@Z,0x00B593D4,3,504,539,game/GameEngine/Source/Common/GameEngineRva0006C180.cpp; +2 more,name:__imp_?bfmeFree1035@@YAXPAX@Z,nothing defines it (import),tools/import_binding.py,007ae4e6b1
59,body,?getValue@GameClientRandomVariable@@QBEMXZ,0x00096F60,4,499,352,game/GameEngine/Source/Common/System/game_client_random_variable.cpp; +3 more,source:game/GameEngine/Source/Common/System/game_client_random_variable.cpp,unrelocated address 0x01075350 in `fld dword ptr [0x1075350],tools/probe.py,007ae4e6b1
60,data,?g_bfmeDefaultString1284@@3URva0089DC40StringData@@A,0x00ED5298,1,495,18,game/GameEngine/Source/Common/Rva0089CompactHelpers.cpp,name:?g_bfmeDefaultString1284@@3URva0089DC40StringData@@A,nothing defines it (data),tools/provider_repair.py data-next,007ae4e6b1
61,provider,?Render@WW3D@@SA?AW4WW3DErrorType@@PAVSceneClass@@PAVCameraClass@@_N2ABVVector3@@@Z,0x004FE3C0,1,491,618,game/GameEngine/Source/Common/Rva00789900ViewportRender.cpp,name:?Render@WW3D@@SA?AW4WW3DErrorType@@PAVSceneClass@@PAVCameraClass@@_N2ABVVector3@@@Z,nothing defines it (alias),tools/provider_repair.py,007ae4e6b1
62,data,?g_bfmeSwitchCJ@@3PAVBfmeClockCJ@@A,0x00EF0898,3,481,217,game/GameEngine/Source/Common/Bfme5SeventyTwo.cpp; +2 more,name:?g_bfmeSwitchCJ@@3PAVBfmeClockCJ@@A,nothing defines it (data),tools/provider_repair.py data-next,007ae4e6b1
63,provider,?SendNewPort@Cftp@@QAEHXZ,0x00885740,1,479,479,game/Libraries/Source/WWVegas/WWDownload/CftpSendNewPort.cpp,source:game/Libraries/Source/WWVegas/WWDownload/CftpSendNewPort.cpp,"+0x7B _htonl@4 lands at 0x0081BE32, retail's is 0x0041BDDE/0",tools/provider_repair.py,007ae4e6b1
64,other,??0BFMEDamageInfo@@QAE@XZ,0x0002C9D5,4,470,633,game/GameEngine/Source/GameLogic/Object/Contain/HealContainDoHeal.cpp; +3 more,name:??0BFMEDamageInfo@@QAE@XZ,nothing defines it,tools/link_check.py,007ae4e6b1
65,provider,??0BfmeSubA@@QAE@ABV0@@Z,0x00487C90,10,466,580,game/GameEngine/Source/Common/Rva0075E420Copy.cpp; +9 more,name:??0BfmeSubA@@QAE@ABV0@@Z,nothing defines it (alias),tools/provider_repair.py,007ae4e6b1
66,data,?TheTerrainVisual@@3PAVTerrainVisual@@A,0x00AF7014,3,461,461,game/GameEngine/Source/GameLogic/Map/TerrainLogicP48Find.cpp; +2 more,name:?TheTerrainVisual@@3PAVTerrainVisual@@A,nothing defines it (data),tools/provider_repair.py data-next,007ae4e6b1
67,provider,?notify@T_007ea120@@QAEXPAX@Z,0x003EA0A0,1,458,458,game/GameEngine/Source/GameNetwork/Rva007EA120Teardown.cpp,name:?notify@T_007ea120@@QAEXPAX@Z,nothing defines it (alias),tools/provider_repair.py,007ae4e6b1
68,body,?winGetScreenPosition@GameWindow@@QAEHPAH0@Z,0x004781D0,1,453,511,game/GameEngine/Source/GameClient/GUI/GameWindowManagerScriptParseScreenRectThunk.cpp,source:inputs/reference/CnC_Generals_Zero_Hour/Generals/Code/GameEngine/Source/GameClient/GUI/GameWindow.cpp,bytes differ at +0x2 (0x004781D2),tools/probe.py,007ae4e6b1
69,provider,?bfmeReset@BfmeStopOther@@QAEXPAX@Z,0x0002A88D,1,450,450,game/GameEngine/Source/Common/Bfme5StopAndReset.cpp,name:?bfmeReset@BfmeStopOther@@QAEXPAX@Z,nothing defines it (pinned-elsewhere),tools/provider_repair.py,007ae4e6b1
70,provider,?bfmeTwoBZB@@YAXPAX@Z,0x005A5980,4,441,508,game/GameEngine/Source/Common/BfmeReleaseSetBZB.cpp; +3 more,name:?bfmeTwoBZB@@YAXPAX@Z,nothing defines it (pinned-elsewhere),tools/provider_repair.py,007ae4e6b1
71,data,?TheGameLogic@@3PAVBfmeGameLogic@@A,0x00EF0898,2,436,925,game/GameEngine/Source/GameLogic/Object/Contain/Rva00237070HordeContainRecentDamage.cpp; +1 more,name:?TheGameLogic@@3PAVBfmeGameLogic@@A,nothing defines it (data),tools/provider_repair.py data-next,007ae4e6b1
72,import,__imp__u2_import_01359474,0x00F59474,2,435,435,game/stlport/IosBaseWordArrayGrow.cpp; +1 more,name:__imp__u2_import_01359474,nothing defines it (import),tools/import_binding.py,007ae4e6b1
73,data,?Rva0109BF40ZeroRange@@3MB,0x00C9BF40,1,432,432,game/GameEngine/Source/Common/FillDamageInfo002DD390.cpp,name:?Rva0109BF40ZeroRange@@3MB,retail code reads the compiler literal __real@38d1b717 there,tools/provider_repair.py data-next,007ae4e6b1
74,provider,?_bfme_nextInInstanceList@Team@@QBEPAV1@XZ,0x00022A70,1,424,424,game/GameEngine/Source/GameLogic/AI/Rva0016F7C0State_condition.cpp,name:?_bfme_nextInInstanceList@Team@@QBEPAV1@XZ,nothing defines it (pinned-elsewhere),tools/provider_repair.py,007ae4e6b1
75,data,?TheWritableGlobalData@@3PAUGlobalData@@A,0x00EED5C8,3,421,360,game/GameEngineDevice/Source/W3DDevice/GameClient/W3DViewGetHeightAroundPosBfme.cpp; +2 more,name:?TheWritableGlobalData@@3PAUGlobalData@@A,nothing defines it (data),tools/provider_repair.py data-next,007ae4e6b1
76,bridge,?rva008F80A0@BfmeSmallFillRange@@QAE_NHHH@Z,0x004F80A0,1,418,418,game/GameEngine/Source/GameLogic/Object/PartitionData_doSmallFill.cpp,name:?rva008F80A0@BfmeSmallFillRange@@QAE_NHHH@Z,nothing defines it (dump),tools/next_work.py,007ae4e6b1
77,provider,?prefMapIncrement@@YAPAUPrefMapNodeShim@@PAU1@@Z,0x0042B870,3,405,405,game/GameEngine/Source/Common/Rva0036E560PointerScan.cpp; +2 more,name:?prefMapIncrement@@YAPAUPrefMapNodeShim@@PAU1@@Z,nothing defines it (alias),tools/provider_repair.py,007ae4e6b1
78,provider,?apply@Rva00367E30Sink@@QAEXPAHH@Z,0x00037A56,1,403,403,game/GameEngine/Source/Common/BfmeBaseA97HandleMatch.cpp,name:?apply@Rva00367E30Sink@@QAEXPAHH@Z,nothing defines it (pinned-elsewhere),tools/provider_repair.py,007ae4e6b1
79,provider,?b_0041d150@@YAXXZ,0x0001D150,1,401,401,game/GameEngineDevice/Source/W3DDevice/GameClient/Drawable/Draw/W3DLightDrawDoDrawModule.cpp,name:?b_0041d150@@YAXXZ,nothing defines it (alias),tools/provider_repair.py,007ae4e6b1
80,provider,??$__adjust_heap@PAUS4SortElem12@@HU1@US4Cmp00573A30@@@_STL@@YAXPAUS4SortElem12@@HHU1@US4Cmp00573A30@@@Z,0x0003DF00,2,399,427,game/GameEngine/Source/Common/S4MakeHeapElem12Sort.cpp; +1 more,name:??$__adjust_heap@PAUS4SortElem12@@HU1@US4Cmp00573A30@@@_STL@@YAXPAUS4SortElem12@@HHU1@US4Cmp00573A30@@@Z,nothing defines it (pinned-elsewhere),tools/provider_repair.py,007ae4e6b1
81,import,__imp_?i_009f6fa0@@YAXXZ,0x00F5933C,2,398,353,game/Libraries/Source/EA/Apt/Rva008D30D0EventFlags.cpp; +1 more,name:__imp_?i_009f6fa0@@YAXXZ,nothing defines it (import),tools/import_binding.py,007ae4e6b1
82,provider,?Rva0088EB90@@YAPAXPAXI@Z,0x0048EB90,2,395,395,game/Libraries/Source/debug/Debug_GetInput_00889E10.cpp; +1 more,name:?Rva0088EB90@@YAPAXPAXI@Z,nothing defines it (alias),tools/provider_repair.py,007ae4e6b1
83,bridge,?b_003a04a0@@YAXXZ,0x003A04A0,5,391,672,game/GameEngine/Source/GameLogic/Object/Contain/ContainModuleInterfaceGetStatus.cpp; +4 more,name:?b_003a04a0@@YAXXZ,nothing defines it (dump),tools/next_work.py,007ae4e6b1
84,body,?findObjectByID@GameLogic@@QAEPAVObject@@W4ObjectID@@@Z,0x0009A510,1,388,423,game/GameEngine/Source/GameLogic/Object/Behavior/BridgeTowerBehaviorOnHealing.cpp,source:game/GameEngine/Source/GameLogic/Object/Update/AIUpdate.cpp,bytes differ at +0x0 (0x0009A510),tools/probe.py,007ae4e6b1
85,data,?__digit_val_table@_STL@@3QBEB,0x00D2F3B0,1,382,789,game/Libraries/Source/WWVegas/WWLib/NumGetIntegerNarrowLongDouble.cpp,source:game/stlport/X4NumGetHelpers.cpp,"2 unrelocated in-image dword(s), first 0x00FFFFFF at +0x2D: ",tools/reloc_ledger.py,007ae4e6b1
86,provider,??0BfmeSubB@@QAE@ABV0@@Z,0x00487B60,8,382,496,game/GameEngine/Source/Common/Rva00762ED0Copy.cpp; +7 more,name:??0BfmeSubB@@QAE@ABV0@@Z,nothing defines it (alias),tools/provider_repair.py,007ae4e6b1
87,data,?g_bfmeSubB3@@3NA,0x0087C640,2,378,378,game/GameEngineDevice/Source/W3DDevice/GameClient/W3DViewCameraModFinalTimeMultiplierBfme.cpp; +1 more,name:?g_bfmeSubB3@@3NA,retail code reads the compiler literal __real@3ff00000000000,tools/provider_repair.py data-next,007ae4e6b1
88,data,?g_bfmeStateEE@@3PAVBfmeStateEE@@A,0x00EED5AC,3,374,292,game/GameEngine/Source/Common/Bfme5SeventyFive.cpp; +2 more,name:?g_bfmeStateEE@@3PAVBfmeStateEE@@A,nothing defines it (data),tools/provider_repair.py data-next,007ae4e6b1
89,body,??$__match@V?$istreambuf_iterator@DV?$char_traits@D@_STL@@@_STL@@PAV?$basic_string@DV?$char_traits@D@_STL@@V?$allocator@D@2@@2@H@_STL@@YAPAV?$basic_string@DV?$char_traits@D@_STL@@V?$allocator@D@2@@0@AAV?$istreambuf_iterator@DV?$char_traits@D@_STL@@@0@0PAV10@1PAH@Z,0x00836980,1,371,371,game/Libraries/Source/WWVegas/WWLib/TimeGetNarrowMatchInt.cpp,source:game/Libraries/Source/WWVegas/WWLib/TimeGetNarrowMatchInt.cpp,"unrelocated in-image immediate 0x01010101 in `mov eax, 0x101",tools/probe.py,007ae4e6b1
90,bridge,?Get_Char_Data@Rva00941400Font@@QAEPBURva00941400CharRecord@@G@Z,0x005412F0,3,365,464,game/GameEngine/Source/Common/BfmeConv1890Lookup.cpp; +2 more,name:?Get_Char_Data@Rva00941400Font@@QAEPBURva00941400CharRecord@@G@Z,nothing defines it (dump),tools/next_work.py,007ae4e6b1
91,provider,?bfmeLogMsg574@@YAXPBD@Z,0x0003EBAD,2,363,518,game/GameEngine/Source/GameLogic/ScriptEngine/Rva002E51C0LuaErrorFrame.cpp; +1 more,name:?bfmeLogMsg574@@YAXPBD@Z,nothing defines it (pinned-elsewhere),tools/provider_repair.py,007ae4e6b1
92,import,__imp___stricmp,0x00F5933C,3,363,601,game/GameEngine/Source/GameClient/GameTextStringLookUpAdjustHeap.cpp; +2 more,name:__imp___stricmp,nothing defines it (import),tools/import_binding.py,007ae4e6b1
93,data,?theLogicRandomLogFile@@3PAU_iobuf@@A,0x00EED4FC,4,362,1730,game/GameEngine/Source/GameLogic/AI/TurretAIIdleScanState_onEnterTwin.cpp; +3 more,name:?theLogicRandomLogFile@@3PAU_iobuf@@A,nothing defines it (data),tools/provider_repair.py data-next,007ae4e6b1
94,provider,?bfmeAccept@Gen_0016B250@@AAEXPAVBfmeSeedTarget@@@Z,0x00002379,2,361,509,game/GameEngine/Source/Common/S3SeedC730Accept.cpp; +1 more,name:?bfmeAccept@Gen_0016B250@@AAEXPAVBfmeSeedTarget@@@Z,nothing defines it (pinned-elsewhere),tools/provider_repair.py,007ae4e6b1
95,provider,?Rva005A3C00InsertOverflow@BfmeKeyboardEventVector@@QAEXPAUKeyboardIO@@ABU2@ABUBfmeFalseType@@I_N@Z,0x001A3C00,1,359,359,game/GameEngine/Source/GameClient/Input/KeyboardEventProcessing.cpp,name:?Rva005A3C00InsertOverflow@BfmeKeyboardEventVector@@QAEXPAUKeyboardIO@@ABU2@ABUBfmeFalseType@@I_N@Z,nothing defines it (alias),tools/provider_repair.py,007ae4e6b1
96,provider,?testForNone@?$BitFlags@$0MA@@@QBE_NABV1@@Z,0x00039E91,2,353,353,game/GameEngine/Source/GameLogic/Object/Upgrade/UpgradeMux_wouldUpgrade.cpp; +1 more,name:?testForNone@?$BitFlags@$0MA@@@QBE_NABV1@@Z,nothing defines it (pinned-elsewhere),tools/provider_repair.py,007ae4e6b1
97,provider,?call@Gen00036A9D@@QAEXXZ,0x00036A9D,1,349,152,game/GameEngine/Source/Common/Y1EightSlotRefCounts.cpp,name:?call@Gen00036A9D@@QAEXXZ,nothing defines it (pinned-elsewhere),tools/provider_repair.py,007ae4e6b1
98,data,?_S_bit_count@?$_Bs_G@_N@_STL@@2PAEA,0x00EC7128,3,348,1293,game/GameEngine/Source/GameLogic/Object/SparseMatchFinderFindBestInfoSlowThunk.cpp; +2 more,name:?_S_bit_count@?$_Bs_G@_N@_STL@@2PAEA,nothing defines it (data),tools/provider_repair.py data-next,007ae4e6b1
99,data,?BfmeXferDistributionTypeNames@@3PAPBDA,0x00C890F0,3,346,844,game/GameEngine/Source/GameClient/System/FXParticleSystem/xferRandomVariable.cpp; +2 more,name:?BfmeXferDistributionTypeNames@@3PAPBDA,nothing defines it (data),tools/provider_repair.py data-next,007ae4e6b1
100,provider,??$clamp@M@?A0x64b7813e@@YAMMMM@Z,0x006C5430,1,345,45,game/GameEngine/Source/Common/ParabolicEaseSetEaseTimesBFME.cpp,source:game/GameEngine/Source/Common/ParabolicEaseSetEaseTimesBFME.cpp,bytes match at several candidate addresses 0x006C5430/0x0090,tools/provider_repair.py,007ae4e6b1
101,data,?g_bfmeScaleBK@@3MB,0x00C75C70,1,344,344,game/GameEngineDevice/Source/W3DDevice/GameClient/Rva0061E080ScaleTransform.cpp,name:?g_bfmeScaleBK@@3MB,retail code reads the compiler literal __real@3dcccccd there,tools/provider_repair.py data-next,007ae4e6b1
102,data,?g_rva001B5860TwoPi@@3MB,0x00C87B10,1,344,344,game/GameEngineDevice/Source/W3DDevice/GameClient/Rva0061E230MatrixTransform.cpp,name:?g_rva001B5860TwoPi@@3MB,retail code reads the compiler literal __real@40c90fdb there,tools/provider_repair.py data-next,007ae4e6b1
103,provider,?bfmeAllocNode@@YAPAXI@Z,0x0042E540,2,339,655,game/GameEngine/Source/Common/Bfme5ListInserts.cpp; +1 more,name:?bfmeAllocNode@@YAPAXI@Z,nothing defines it (alias),tools/provider_repair.py,007ae4e6b1
104,data,?D3DDevice@DX8Wrapper@@0PAUIDirect3DDevice8@@A,0x00F40534,1,336,336,game/Libraries/Source/WWVegas/WW3D2/DX8Wrapper_Clear.cpp,name:?D3DDevice@DX8Wrapper@@0PAUIDirect3DDevice8@@A,nothing defines it (data),tools/provider_repair.py data-next,007ae4e6b1
105,provider,?bfmeNormUSC@@YAHPAX@Z,0x005B4680,3,335,335,game/GameEngine/Source/Common/Rva009B6950DecodeScale.cpp; +2 more,name:?bfmeNormUSC@@YAHPAX@Z,nothing defines it (alias),tools/provider_repair.py,007ae4e6b1
106,provider,?bfmeGetLogVPE@@YAPAVBfmeLogVPE@@XZ,0x003EB810,2,334,147,game/GameEngine/Source/Common/SmallGaps/Rva007F9A40GetOrCreateSlot.cpp; +1 more,name:?bfmeGetLogVPE@@YAPAVBfmeLogVPE@@XZ,nothing defines it (alias),tools/provider_repair.py,007ae4e6b1
107,data,?g_d3dDevice@@3PAUIDirect3DDevice9@@A,0x00F40534,1,326,326,game/GameEngineDevice/Source/W3DDevice/GameClient/W3DSmudge_copyRect.cpp,name:?g_d3dDevice@@3PAUIDirect3DDevice9@@A,nothing defines it (data),tools/provider_repair.py data-next,007ae4e6b1
108,provider,?bfmeApply@BfmeSMCTarget@@QAEXHPBXH@Z,0x0002AD88,3,322,368,game/GameEngine/Source/Common/Rva002E6280ModelCondition.cpp; +2 more,name:?bfmeApply@BfmeSMCTarget@@QAEXHPBXH@Z,nothing defines it (pinned-elsewhere),tools/provider_repair.py,007ae4e6b1
109,bridge,?b_006fd700@@YAXXZ,0x002FD700,1,322,322,game/GameEngineDevice/Source/W3DDevice/GameClient/Rva006FDCB0CameraProjection.cpp,name:?b_006fd700@@YAXXZ,nothing defines it (dump),tools/next_work.py,007ae4e6b1
110,bridge,?d_0073a9b0@@YAXXZ,0x0073A9B0,1,321,321,game/GameEngineDevice/Source/W3DDevice/GameClient/W3DViewCameraModFinalZoomBfme.cpp,source:game/gen_asm/d_00734180.asm,"unrelocated address 0x012EF4CC in `mov ecx, dword ptr [0x12e",tools/next_work.py,007ae4e6b1
111,body,?winGetUserData@GameWindow@@QAEPAXXZ,0x00478C70,5,319,986,game/GameEngine/Source/GameClient/GUI/GUICallbacks/Apt/Rva00523460ComboSelectByData.cpp; +4 more,source:inputs/reference/CnC_Generals_Zero_Hour/Generals/Code/GameEngine/Source/GameClient/GUI/GameWindow.cpp,bytes differ at +0x2 (0x00478C72),tools/probe.py,007ae4e6b1
112,other,?ji_009f709c@@YAPADPBD0@Z,0x005F709C,1,319,319,game/Libraries/Source/EA/Apt/AptString/Rva8CD130StringFind0089FF80.cpp,name:?ji_009f709c@@YAPADPBD0@Z,nothing defines it,tools/link_check.py,007ae4e6b1
113,provider,?friend_getFinalOverride@LocomotorOverridable@@QAEPAV1@XZ,0x000022BB,1,316,371,game/GameEngine/Source/GameLogic/AI/Rva003DB760MovementPositionContext.cpp,name:?friend_getFinalOverride@LocomotorOverridable@@QAEPAV1@XZ,nothing defines it (pinned-elsewhere),tools/provider_repair.py,007ae4e6b1
114,body,?Clamp_Color@DX8Wrapper@@SAXAAVVector4@@@Z,0x0090F310,1,315,315,game/Libraries/Source/WWVegas/WW3D2/dynamesh.cpp,source:game/Libraries/Source/WWVegas/WW3D2/dynamesh.cpp,bytes differ at +0x9 (0x0090F319),tools/probe.py,007ae4e6b1
115,data,?Rva00C75350Zero@@3MB,0x00875350,1,313,313,game/GameEngineDevice/Source/W3DDevice/GameClient/Rva006DFDB0Ray.cpp,name:?Rva00C75350Zero@@3MB,retail code reads the compiler literal __real@00000000 there,tools/provider_repair.py data-next,007ae4e6b1
116,data,?g_bfmeEmptyF9@@3PADA,0x00C7388B,1,311,311,game/Libraries/Source/geometry/Rva0087FA50UpdateFlags.cpp,name:?g_bfmeEmptyF9@@3PADA,retail code reads the compiler literal ??_C@_00CNPNBAHC@?$AA,tools/provider_repair.py data-next,007ae4e6b1
117,data,?g_Va0130A5A0@@3PAURva007EB810Diag@@A,0x00F0A5A0,1,308,308,game/GameEngine/Source/GameNetwork/Rva007EB920Assert.cpp,name:?g_Va0130A5A0@@3PAURva007EB810Diag@@A,nothing defines it (data),tools/provider_repair.py data-next,007ae4e6b1
118,provider,??0Rva0036CA00Str@@QAE@ABV0@@Z,0x00487C90,6,306,306,game/GameEngine/Source/Common/Rva000C3380Copy.cpp; +5 more,name:??0Rva0036CA00Str@@QAE@ABV0@@Z,nothing defines it (alias),tools/provider_repair.py,007ae4e6b1
119,body,?getFinalOverride@Overridable@@QAEPAV1@XZ,0x00087A80,2,304,319,game/GameEngine/Source/GameLogic/AI/AIExitState_rva0016FC30.cpp; +1 more,source:game/GameEngine/Source/GameLogic/LivingWorld/LivingWorldObjectParser00614F50.cpp,bytes differ at +0x3 (0x00087A83),tools/probe.py,007ae4e6b1
120,import,__imp__BfmeMemMove,0x00F5945C,2,301,279,game/GameEngine/Source/Common/Rva003BF4C0OwnedVectorErase.cpp; +1 more,name:__imp__BfmeMemMove,nothing defines it (import),tools/import_binding.py,007ae4e6b1
121,provider,?isCursorVisible@Win32Mouse@@QAE_NXZ,0x00023FA6,1,298,423,game/GameEngine/Source/GameClient/GUI/GUICallbacks/Menus/BfmeGameLogicPause_setGamePaused.cpp,name:?isCursorVisible@Win32Mouse@@QAE_NXZ,nothing defines it (pinned-elsewhere),tools/provider_repair.py,007ae4e6b1
122,provider,?bfmeImplVMV@@YA?AUBfmeItVMV@@U1@0DPAD@Z,0x0042D470,2,296,296,game/GameEngine/Source/Common/BfmeConv1484.cpp; +1 more,name:?bfmeImplVMV@@YA?AUBfmeItVMV@@U1@0DPAD@Z,nothing defines it (alias),tools/provider_repair.py,007ae4e6b1
123,eh,$T440,0x00DEAB68,1,296,288,game/GameEngine/Source/Common/Watchdog_Thread_Function.cpp,source:game/GameEngine/Source/Common/Watchdog_Thread_Function.cpp,"1 unrelocated in-image dword(s), first 0x01199305 at +0x1: p",tools/probe.py,007ae4e6b1
124,data,?g_bfmeArenaCursor@@3PADA,0x00F378D4,4,294,234,game/GameEngine/Source/Common/BfmeArenaReady.cpp; +3 more,name:?g_bfmeArenaCursor@@3PADA,nothing defines it (data),tools/provider_repair.py data-next,007ae4e6b1
125,bridge,?process@Rva00407030@@QAEXPAPAVPathfindCell@@ABUIRegion2D@@1PAVPathfindZoneManager@@@Z,0x00007030,1,292,292,game/GameEngine/Source/GameLogic/AI/PathfindZoneManagerCalculateZonesIncrementalStep00408480.cpp,name:?process@Rva00407030@@QAEXPAPAVPathfindCell@@ABUIRegion2D@@1PAVPathfindZoneManager@@@Z,nothing defines it (dump),tools/next_work.py,007ae4e6b1
126,provider,?set@Gen0002A1B2@@QAEXHHM@Z,0x0002A1B2,2,292,292,game/GameEngineDevice/Source/W3DDevice/GameClient/Rva0073C700Configure.cpp; +1 more,name:?set@Gen0002A1B2@@QAEXHHM@Z,nothing defines it (pinned-elsewhere),tools/provider_repair.py,007ae4e6b1
127,provider,??RQ4Cmp00453BB0@@QBE_NHH@Z,0x00024055,2,291,291,game/GameEngine/Source/Common/Rva00454680SortHeap.cpp; +1 more,name:??RQ4Cmp00453BB0@@QBE_NHH@Z,nothing defines it (pinned-elsewhere),tools/provider_repair.py,007ae4e6b1
128,provider,??RQ4Cmp00753DD0@@QBE_NHH@Z,0x0002952D,2,291,291,game/GameEngine/Source/Common/Rva007547E0SortHeap.cpp; +1 more,name:??RQ4Cmp00753DD0@@QBE_NHH@Z,nothing defines it (pinned-elsewhere),tools/provider_repair.py,007ae4e6b1
129,provider,??RQ4Cmp00344A60@@QBE_NHH@Z,0x00024B81,2,290,290,game/GameEngine/Source/Common/Rva00349230SortHeap.cpp; +1 more,name:??RQ4Cmp00344A60@@QBE_NHH@Z,nothing defines it (pinned-elsewhere),tools/provider_repair.py,007ae4e6b1
130,provider,?bfmeImplVMU@@YA?AUBfmeItVMU@@U1@0DPAD@Z,0x0042D0B0,2,290,290,game/GameEngine/Source/Common/BfmeConv1481.cpp; +1 more,name:?bfmeImplVMU@@YA?AUBfmeItVMU@@U1@0DPAD@Z,nothing defines it (alias),tools/provider_repair.py,007ae4e6b1
131,provider,?getControllingPlayer@Rva00107A50Object@@QAEPAVRva00107A50Player@@XZ,0x00020824,1,290,72,game/GameEngine/Source/Common/System/Rva00107A50RadarColor.cpp,name:?getControllingPlayer@Rva00107A50Object@@QAEPAVRva00107A50Player@@XZ,nothing defines it (pinned-elsewhere),tools/provider_repair.py,007ae4e6b1
132,body,?updateUpgradeModules@Object@@QAEXXZ,0x001C5800,1,288,277,game/GameEngine/Source/GameLogic/Object/ObjectUpgrades.cpp,source:game/GameEngine/Source/GameLogic/Object/Object.cpp,bytes differ at +0x2 (0x001C5802),tools/probe.py,007ae4e6b1
133,data,?TheGameClientClientUpdate@@3PAVClientFrameSubsystem@@A,0x00EF1464,3,286,286,game/GameEngineDevice/Source/W3DDevice/GameClient/Shadow/W3DProjectedShadowManagerRva007AFB50.cpp; +2 more,name:?TheGameClientClientUpdate@@3PAVClientFrameSubsystem@@A,nothing defines it (data),tools/provider_repair.py data-next,007ae4e6b1
134,provider,?addRect006e@BfmeRender2D@@QAEXABUBfmeFloatRect@@H@Z,0x00019D67,1,286,286,game/GameEngineDevice/Source/W3DDevice/GameClient/W3DDisplayDrawFillRect.cpp,name:?addRect006e@BfmeRender2D@@QAEXABUBfmeFloatRect@@H@Z,nothing defines it (pinned-elsewhere),tools/provider_repair.py,007ae4e6b1
135,data,?g_q1Shared0107C7D0@@3VQ1SharedTarget0107C7D0@@A,0x00C7C7D0,1,285,285,game/GameEngine/Source/Common/Q1SharedStoreForwarders.cpp,name:?g_q1Shared0107C7D0@@3VQ1SharedTarget0107C7D0@@A,nothing defines it (data),tools/provider_repair.py data-next,007ae4e6b1
136,other,?accepts@BfmeRvaA760ProbeInterface@@QAE_NPAVBfmeRvaA760Object@@H@Z,0x0001DA34,2,275,275,game/GameEngine/Source/GameLogic/Object/Update/BloodthirstyUpdate.cpp; +1 more,name:?accepts@BfmeRvaA760ProbeInterface@@QAE_NPAVBfmeRvaA760Object@@H@Z,nothing defines it,tools/link_check.py,007ae4e6b1
137,provider,?set@Rva0052DD50AsciiString@@QAEXPBDH@Z,0x00487D20,1,275,275,game/GameEngine/Source/GameClient/GUI/Rva0052DD50CopyListRowCdecl.cpp,name:?set@Rva0052DD50AsciiString@@QAEXPBDH@Z,nothing defines it (alias),tools/provider_repair.py,007ae4e6b1
138,provider,??4EvaMessageTail@@QAEAAV0@ABV0@@Z,0x000083E1,3,274,274,game/GameEngine/Source/GameClient/EvaMessageCopyBackward.cpp; +2 more,name:??4EvaMessageTail@@QAEAAV0@ABV0@@Z,nothing defines it (pinned-elsewhere),tools/provider_repair.py,007ae4e6b1
139,data,?g_bfmeHeadDX@@3PAVBfmeItemDX@@A,0x00F379A0,1,274,78,game/GameEngine/Source/Common/Bfme5FiftyFour.cpp,name:?g_bfmeHeadDX@@3PAVBfmeItemDX@@A,nothing defines it (data),tools/provider_repair.py data-next,007ae4e6b1
140,data,?TheWritableGlobalData@@3PAURva006C9270GlobalData@@A,0x00EED5C8,1,272,272,game/GameEngineDevice/Source/W3DDevice/GameClient/W3DViewShakeBfme.cpp,name:?TheWritableGlobalData@@3PAURva006C9270GlobalData@@A,nothing defines it (data),tools/provider_repair.py data-next,007ae4e6b1
141,provider,??$__make_heap@PAPAVBfmeRecAU@@VBfmeCompAU@@PAV1@H@_STL@@YAXPAPAVBfmeRecAU@@0VBfmeCompAU@@0PAH@Z,0x0000FC4F,1,264,264,game/GameEngine/Source/Common/Bfme5PartialSort.cpp,name:??$__make_heap@PAPAVBfmeRecAU@@VBfmeCompAU@@PAV1@H@_STL@@YAXPAPAVBfmeRecAU@@0VBfmeCompAU@@0PAH@Z,nothing defines it (pinned-elsewhere),tools/provider_repair.py,007ae4e6b1
142,provider,?bfmeAdd@BfmeCell@@QAEXMHH@Z,0x000057A4,1,262,374,game/GameEngine/Source/GameLogic/System/VictorySystemRva001DFC10.cpp,name:?bfmeAdd@BfmeCell@@QAEXMHH@Z,nothing defines it (pinned-elsewhere),tools/provider_repair.py,007ae4e6b1
143,body,?setOpacity@Shadow@@QAEXH@Z,0x004597A0,1,259,549,game/GameEngine/Source/GameLogic/Object/Update/DynamicShroudClearingRangeUpdate_animateGridDecals_Thunk.cpp,source:game/GameEngineDevice/Source/W3DDevice/GameClient/Drawable/Draw/W3DModelDraw.cpp,bytes differ at +0x4 (0x004597A4),tools/probe.py,007ae4e6b1
144,data,?g_rva00892640Deleter@@3PAURva00892640Deleter@@A,0x00F37A30,1,257,257,game/GameEngine/Source/Common/Rva00892640RefcountCopy.cpp,name:?g_rva00892640Deleter@@3PAURva00892640Deleter@@A,nothing defines it (data),tools/provider_repair.py data-next,007ae4e6b1
145,data,?TheGen001336E5C@@3PAVGen001336E5C@@A,0x00F36E5C,5,255,255,game/GameEngine/Source/Common/S2DebugCommandRegistrars.cpp; +4 more,name:?TheGen001336E5C@@3PAVGen001336E5C@@A,nothing defines it (data),tools/provider_repair.py data-next,007ae4e6b1
146,import,__imp__lstrcpynA@12,0x00F58F84,1,251,858,game/Libraries/Source/WWVegas/WW3D2/ParticleEmitterDefClassSaveUserDataBool.cpp,name:__imp__lstrcpynA@12,nothing defines it (import),tools/import_binding.py,007ae4e6b1
147,provider,?bfmeApply1VNI@BfmeOwnerVNI@@QAEXXZ,0x0002191D,3,250,250,game/GameEngine/Source/GameLogic/Object/Rva001B7CD0ConditionMove.cpp; +2 more,name:?bfmeApply1VNI@BfmeOwnerVNI@@QAEXXZ,nothing defines it (pinned-elsewhere),tools/provider_repair.py,007ae4e6b1
148,provider,?bfmeDoPA@@YAXPAX000PAE1E@Z,0x0042DFE0,2,250,250,game/GameEngine/Source/Common/BfmeConv1480.cpp; +1 more,name:?bfmeDoPA@@YAXPAX000PAE1E@Z,nothing defines it (alias),tools/provider_repair.py,007ae4e6b1
149,data,?g_bfmeBiasMC@@3MA,0x00C98AD4,1,249,249,game/GameEngine/Source/Common/Bfme5NinetyNine.cpp,name:?g_bfmeBiasMC@@3MA,retail code reads the compiler literal __real@40200000 there,tools/provider_repair.py data-next,007ae4e6b1
150,data,?TheBfmeImpl_002EFC30@@3PAUGen_002EFC30Impl@@A,0x00EEF4CC,1,249,21,game/GameEngine/Source/Common/S3GuardedSetters.cpp,name:?TheBfmeImpl_002EFC30@@3PAUGen_002EFC30Impl@@A,nothing defines it (data),tools/provider_repair.py data-next,007ae4e6b1
151,data,?TheBfmeFree@@3P6AXPAXI@ZA,0x00F37830,1,246,492,game/GameEngine/Source/Common/Rva008C6220Clear.cpp,name:?TheBfmeFree@@3P6AXPAXI@ZA,nothing defines it (data),tools/provider_repair.py data-next,007ae4e6b1
152,data,?Gen01085F58@@3NA,0x00C85F58,2,244,244,game/GameEngine/Source/Common/Bfme/Rva00385FB0State.cpp; +1 more,name:?Gen01085F58@@3NA,retail code reads the compiler literal __real@00000000000000,tools/provider_repair.py data-next,007ae4e6b1
153,data,?g_bfmeFallbackDB@@3HA,0x00F379BC,2,243,122,game/GameEngine/Source/Common/Bfme5ThirtyFour.cpp; +1 more,name:?g_bfmeFallbackDB@@3HA,nothing defines it (data),tools/provider_repair.py data-next,007ae4e6b1
154,data,?g_bfmeGateGN@@3HA,0x00EF7714,1,243,60,game/GameEngine/Source/Common/Bfme5EightyThree.cpp,name:?g_bfmeGateGN@@3HA,nothing defines it (data),tools/provider_repair.py data-next,007ae4e6b1
155,data,?Rva012BB88CAnimModeNames@@3PAPBDA,0x00EBB88C,2,242,242,game/GameEngine/Source/Common/Rva0078A490AnimModeIndex.cpp; +1 more,name:?Rva012BB88CAnimModeNames@@3PAPBDA,nothing defines it (data),tools/provider_repair.py data-next,007ae4e6b1
156,data,?bfmeMemCopy@@3P6APAXPAXPBXI@ZA,0x00F5945C,2,241,637,game/GameEngine/Source/Common/Bfme5ResetClears.cpp; +1 more,name:?bfmeMemCopy@@3P6APAXPAXPBXI@ZA,nothing defines it (data),tools/provider_repair.py data-next,007ae4e6b1
157,provider,?clearAndSetModelConditionFlags@Object@@QAEXABVModelConditionFlags@@0@Z,0x001C7720,1,240,240,game/GameEngine/Source/GameLogic/Object/FiringTrackerCooldown.cpp,name:?clearAndSetModelConditionFlags@Object@@QAEXABVModelConditionFlags@@0@Z,nothing defines it (alias),tools/provider_repair.py,007ae4e6b1
158,provider,??0Rva0033CopyBase@@QAE@ABV0@@Z,0x0001AB86,8,238,238,game/GameEngine/Source/Common/Rva0033A7B0Ctor.cpp; +7 more,name:??0Rva0033CopyBase@@QAE@ABV0@@Z,nothing defines it (pinned-elsewhere),tools/provider_repair.py,007ae4e6b1
159,other,?bfmeReleaseThunk@BfmeRefAB@@QAEPAV1@XZ,0x00032D1C,1,238,160,game/GameEngine/Source/Common/ExperienceLevelSystemCleanup.cpp,name:?bfmeReleaseThunk@BfmeRefAB@@QAEPAV1@XZ,nothing defines it,tools/link_check.py,007ae4e6b1
160,import,__imp_??3@YAXPAXI@Z,0x00F37830,2,236,236,game/GameEngine/Source/Common/Rva008A0D60SizedFree.cpp; +1 more,name:__imp_??3@YAXPAXI@Z,nothing defines it (import),tools/import_binding.py,007ae4e6b1
161,data,_g_rva0130E988LoadLibraryA,0x00F0E988,1,236,236,game/GameEngine/Source/Common/System/Rva00882050ImportPatch.cpp,name:_g_rva0130E988LoadLibraryA,nothing defines it (data),tools/provider_repair.py data-next,007ae4e6b1
162,provider,?bfmeSetVKC@BfmeUniVKC@@QAEXABV1@@Z,0x00487C90,1,235,235,game/GameEngine/Source/Common/BfmeConv1397.cpp,name:?bfmeSetVKC@BfmeUniVKC@@QAEXABV1@@Z,nothing defines it (alias),tools/provider_repair.py,007ae4e6b1
163,other,?bfmeFindSD@BfmeMapSD@@QAEPAUBfmeSlotSD@@PAUBfmeKeySD@@@Z,0x00020E7D,2,234,116,game/GameEngine/Source/GameClient/Drawable/Behavior/RandomSoundSelectorClientBehaviorInterface.cpp; +1 more,name:?bfmeFindSD@BfmeMapSD@@QAEPAUBfmeSlotSD@@PAUBfmeKeySD@@@Z,nothing defines it,tools/link_check.py,007ae4e6b1
164,data,?SyncTime@WW3D@@2IA,0x00F3F420,1,234,86,game/Libraries/Source/WWVegas/WW3D2/StreakRendererCtor.cpp,name:?SyncTime@WW3D@@2IA,nothing defines it (data),tools/provider_repair.py data-next,007ae4e6b1
165,provider,?j_0001569f@@YIXPAX@Z,0x0001569F,1,232,232,game/Libraries/Source/WWVegas/WW3D2/Rva00785FD0RendererAppend.cpp,name:?j_0001569f@@YIXPAX@Z,nothing defines it (pinned-elsewhere),tools/provider_repair.py,007ae4e6b1
166,data,?TheAudioClientUpdate@@3PAVClientSubsystem@@A,0x00EED668,2,232,190,game/GameEngine/Source/Common/BfmeTwoHundredNineteen.cpp; +1 more,name:?TheAudioClientUpdate@@3PAVClientSubsystem@@A,nothing defines it (data),tools/provider_repair.py data-next,007ae4e6b1
167,data,?g_bfmeTableDH@@3PAEA,0x00EC7128,2,232,161,game/GameEngine/Source/Common/Bfme5ThirtyNine.cpp; +1 more,name:?g_bfmeTableDH@@3PAEA,nothing defines it (data),tools/provider_repair.py data-next,007ae4e6b1
168,provider,??$clamp@M@?A0xb752b5bf@@YAMMMM@Z,0x006C5430,1,229,45,game/GameEngine/Source/GameClient/ParabolicEase.cpp,source:game/GameEngine/Source/GameClient/ParabolicEase.cpp,bytes match at several candidate addresses 0x006C5430/0x0090,tools/provider_repair.py,007ae4e6b1
169,body,_bfme_CPUDetectGetProcessorManufacturerName_A5EAED,0x00A5EAED,1,228,228,game/Libraries/Source/WWVegas/WWLib/CPUDetectGetProcessorManufacturerNameThunk.cpp,source:game/Libraries/Source/WWVegas/WWLib/CPUDetectGetProcessorManufacturerNameThunk.cpp,"unrelocated in-image immediate 0x00800000 in `mov ecx, 0x800",tools/probe.py,007ae4e6b1
170,provider,?Rva007397E0@@YA_NPAXMMM@Z,0x007397E0,1,225,225,game/Libraries/Source/WWVegas/WW3D2/Rva007397E0EmissiveWalk.cpp,source:game/Libraries/Source/WWVegas/WW3D2/Rva007397E0EmissiveWalk.cpp,+0xB1 own label lands at 0x0002C9DA,tools/provider_repair.py,007ae4e6b1
171,provider,?bfmeGet920D@BfmeX920D@@QAEPAVBfmeRes920D@@XZ,0x0002BE77,2,225,225,game/GameEngine/Source/GameLogic/AI/Rva001743C0Run.cpp; +1 more,name:?bfmeGet920D@BfmeX920D@@QAEPAVBfmeRes920D@@XZ,nothing defines it (pinned-elsewhere),tools/provider_repair.py,007ae4e6b1
172,data,?g_bfmeSrc1007@@3PAVBfmeSrc1007@@A,0x00AF1464,1,225,64,game/GameEngine/Source/Common/BfmeConv1007.cpp,name:?g_bfmeSrc1007@@3PAVBfmeSrc1007@@A,nothing defines it (data),tools/provider_repair.py data-next,007ae4e6b1
173,bridge,?_M_copy_state@ios_base@_STL@@IAEXABV12@@Z,0x0043F3F0,2,224,224,game/Libraries/Source/WWVegas/WWLib/stlport_basic_ios_copyfmt_w.cpp; +1 more,name:?_M_copy_state@ios_base@_STL@@IAEXABV12@@Z,nothing defines it (dump),tools/next_work.py,007ae4e6b1
174,body,?isMobile@Object@@QBE_NXZ,0x001C9270,1,222,310,game/GameEngine/Source/GameLogic/AI/AIGroupCenter.cpp,source:game/GameEngine/Source/GameLogic/Object/Object.cpp,bytes differ at +0x0 (0x001C9270),tools/probe.py,007ae4e6b1
175,body,?rva0087ED70@GeometryShape@@QBEMXZ,0x0087ED70,1,221,221,game/GameEngine/Source/Common/System/GeometryInfoCalcBoundingStuff.cpp,source:game/GameEngine/Source/Common/System/GeometryInfoCalcBoundingStuff.cpp,bytes differ at +0xF (0x0087ED7F),tools/probe.py,007ae4e6b1
176,provider,?Rva007FE780Printf@@YAHPBDZZ,0x003FE780,1,219,247,game/Libraries/Source/DirtySock/netgameutil.cpp,name:?Rva007FE780Printf@@YAHPBDZZ,nothing defines it (alias),tools/provider_repair.py,007ae4e6b1
177,provider,?findTemplate@BFMEThingFactory@@QAEPBVThingTemplate@@ABVAsciiString@@@Z,0x00028560,1,219,219,game/GameEngine/Source/GameLogic/Object/Contain/TransportContain.cpp,name:?findTemplate@BFMEThingFactory@@QAEPBVThingTemplate@@ABVAsciiString@@@Z,nothing defines it (pinned-elsewhere),tools/provider_repair.py,007ae4e6b1
178,provider,?b_00098e50@@YAXXZ,0x00098E50,1,218,218,game/GameEngine/Source/GameLogic/AI/AIHordeExitState_rva0016FB20.cpp,name:?b_00098e50@@YAXXZ,nothing defines it (alias),tools/provider_repair.py,007ae4e6b1
179,import,__imp___strdup,0x00F59308,2,217,514,game/Libraries/Source/WWVegas/WW3D2/ParticleEmitterDefClassReadHeaderBool.cpp; +1 more,name:__imp___strdup,nothing defines it (import),tools/import_binding.py,007ae4e6b1
180,provider,?bfmeCompareVSC@@YAHPBD0@Z,0x005F6FA0,1,212,113,game/Libraries/Source/EA/Apt/ValuePredicates008C4940.cpp,name:?bfmeCompareVSC@@YAHPBD0@Z,nothing defines it (alias),tools/provider_repair.py,007ae4e6b1
181,provider,?bfmeLookupSound@ThingTemplate@@ABEPBVAudioEventRTS@@H@Z,0x0000286A,4,210,119,game/GameEngine/Source/Common/Rva0028F0D0TinyBodies.cpp; +3 more,name:?bfmeLookupSound@ThingTemplate@@ABEPBVAudioEventRTS@@H@Z,nothing defines it (pinned-elsewhere),tools/provider_repair.py,007ae4e6b1
182,provider,?Rva00739900Forward@@YAEPAXH@Z,0x00739900,1,209,209,game/GameEngine/Source/Common/Rva00739900Forward.cpp,source:game/GameEngine/Source/Common/Rva00739900Forward.cpp,+0xA1 own label lands at 0x000246A4,tools/provider_repair.py,007ae4e6b1
183,provider,?find@Rva00769260Tree@@QAE?AURva00769260Iterator@@ABQAX@Z,0x0004B66E,2,208,208,game/GameEngine/Source/Common/Rva007692D0LookupCoord.cpp; +1 more,name:?find@Rva00769260Tree@@QAE?AURva00769260Iterator@@ABQAX@Z,nothing defines it (pinned-elsewhere),tools/provider_repair.py,007ae4e6b1
184,data,?WideAllocPtr@@3P6APAXI@ZA,0x00F37828,4,206,206,game/GameEngine/Source/Common/Bfme5PushNode.cpp; +3 more,name:?WideAllocPtr@@3P6APAXI@ZA,nothing defines it (data),tools/provider_repair.py data-next,007ae4e6b1
185,provider,?bfmeCmpVKQ@BfmeBlockVKQ@@QAEDABV1@@Z,0x00035CA1,1,205,205,game/GameEngine/Source/Common/BfmeConv1408.cpp,name:?bfmeCmpVKQ@BfmeBlockVKQ@@QAEDABV1@@Z,nothing defines it (pinned-elsewhere),tools/provider_repair.py,007ae4e6b1
186,provider,?bfmeReleaseVGX@BfmeTexVGX@@QAEXXZ,0x005EB7A0,2,205,205,game/GameEngine/Source/Common/Rva00956350Assign.cpp; +1 more,name:?bfmeReleaseVGX@BfmeTexVGX@@QAEXXZ,nothing defines it (alias),tools/provider_repair.py,007ae4e6b1
187,provider,?b_0013fe10@@YAXXZ,0x0013FE10,3,204,204,game/GameEngine/Source/Common/Rva0029BD80Find.cpp; +2 more,name:?b_0013fe10@@YAXXZ,nothing defines it (alias),tools/provider_repair.py,007ae4e6b1
188,data,?g_bfmeByteFormat@@3QBDB,0x00D44298,1,204,54,game/GameEngine/Source/Common/Gen009D9360.cpp,name:?g_bfmeByteFormat@@3QBDB,nothing defines it (data),tools/provider_repair.py data-next,007ae4e6b1
189,provider,?evaluate@U4Curve006095D0@@QBEMH@Z,0x00038EBF,2,203,233,game/GameEngine/Source/Common/U4Blend00609600.cpp; +1 more,name:?evaluate@U4Curve006095D0@@QBEMH@Z,nothing defines it (pinned-elsewhere),tools/provider_repair.py,007ae4e6b1
190,provider,?bfmeDoRY@BfmeItemRY@@QAEXPAX0@Z,0x0002852E,2,203,203,game/GameEngine/Source/GameLogic/AI/Rva00150D80GroupCommands.cpp; +1 more,name:?bfmeDoRY@BfmeItemRY@@QAEXPAX0@Z,nothing defines it (pinned-elsewhere),tools/provider_repair.py,007ae4e6b1
191,data,?g_bfmeDefaultQA@@3HA,0x00D2E8AC,1,203,110,game/GameEngine/Source/Common/BfmeOneHundredEight.cpp,name:?g_bfmeDefaultQA@@3HA,nothing defines it (data),tools/provider_repair.py data-next,007ae4e6b1
192,data,?TheWritableGlobalData@@3PAVRva00747670GlobalData@@A,0x00EED5C8,1,202,202,game/GameEngineDevice/Source/W3DDevice/GameClient/Rva00747670SetDrawOrg.cpp,name:?TheWritableGlobalData@@3PAVRva00747670GlobalData@@A,nothing defines it (data),tools/provider_repair.py data-next,007ae4e6b1
193,provider,?query1A6320@TerrainLogic@@QAEPAUBfme1A6320Record@@PAVBfmeE5B30Object@@PAUCoord3D@@M@Z,0x0001DFED,1,201,201,game/GameEngine/Source/Common/Rva000E5B30.cpp,name:?query1A6320@TerrainLogic@@QAEPAUBfme1A6320Record@@PAVBfmeE5B30Object@@PAUCoord3D@@M@Z,nothing defines it (pinned-elsewhere),tools/provider_repair.py,007ae4e6b1
194,import,__imp__BfmeFloorER,0x00B593B8,2,201,201,game/GameEngine/Source/Common/BfmeConv2040.cpp; +1 more,name:__imp__BfmeFloorER,nothing defines it (import),tools/import_binding.py,007ae4e6b1
195,provider,?bfmeEmit@Gen_00417cb0@@AAEXPAX0@Z,0x0002CB79,2,200,439,game/GameEngine/Source/Common/Bfme/Gen_00418A60.cpp; +1 more,name:?bfmeEmit@Gen_00417cb0@@AAEXPAX0@Z,nothing defines it (pinned-elsewhere),tools/provider_repair.py,007ae4e6b1
196,data,?R2Fptr01358ECC@@3P6GXPAX@ZA,0x00F58ECC,1,198,48,game/GameEngine/Source/Common/R2GuardedOwnedRelease.cpp,name:?R2Fptr01358ECC@@3P6GXPAX@ZA,nothing defines it (data),tools/provider_repair.py data-next,007ae4e6b1
197,provider,?bfmeDoBRD@BfmeThingBRD@@QAEXPAX00@Z,0x0002A1B2,2,196,196,game/GameEngineDevice/Source/W3DDevice/GameClient/W3DViewRotateCameraBfme.cpp; +1 more,name:?bfmeDoBRD@BfmeThingBRD@@QAEXPAX00@Z,nothing defines it (pinned-elsewhere),tools/provider_repair.py,007ae4e6b1
198,data,?g_rva001B59ScaleConstant@@3MC,0x00AACFE0,1,196,142,game/GameEngine/Source/Common/OverrideFloatFieldGetters.cpp,name:?g_rva001B59ScaleConstant@@3MC,nothing defines it (data),tools/provider_repair.py data-next,007ae4e6b1
199,import,__imp__bfme006EE640Memmove,0x00F5945C,1,195,75,game/GameEngine/Source/Common/Rva006EE640VectorRemove.cpp,name:__imp__bfme006EE640Memmove,nothing defines it (import),tools/import_binding.py,007ae4e6b1
200,provider,?reset@Rva007E8810Message@@QAEXXZ,0x003E8AC0,1,194,194,game/GameEngine/Source/GameNetwork/Y4FeslSimpleRequests.cpp,name:?reset@Rva007E8810Message@@QAEXXZ,nothing defines it (alias),tools/provider_repair.py,007ae4e6b1
201,data,?render_state@DX8Wrapper@@1URenderStateStruct@@A,0x00F40EC0,1,192,8103,game/Libraries/Source/WWVegas/WW3D2/DX8WrapperReleaseRenderState.cpp,source:game/Libraries/Source/WWVegas/WW3D2/dxwrapper.cpp,bytes differ at +0x0 (0x00F40EC0),tools/provider_repair.py data-next,007ae4e6b1
202,data,?g_lgaKeyRecordSentinel@@3PAULargeGroupAudioKeyRecord@@A,0x00EF1050,2,191,191,game/GameEngine/Source/GameLogic/LargeGroupAudio/LargeGroupAudioKeyMapRva003D36E0ClearIntersection.cpp; +1 more,name:?g_lgaKeyRecordSentinel@@3PAULargeGroupAudioKeyRecord@@A,nothing defines it (data),tools/provider_repair.py data-next,007ae4e6b1
203,provider,?privateFireWeapon@Weapon@@QAE_NPBVObject@@PBUCoord3D@@0H1HHHPAH@Z,0x00030A8A,2,191,191,game/GameEngine/Source/GameLogic/Object/Weapon_privateFireWeaponWrappers.cpp; +1 more,name:?privateFireWeapon@Weapon@@QAE_NPBVObject@@PBUCoord3D@@0H1HHHPAH@Z,nothing defines it (pinned-elsewhere),tools/provider_repair.py,007ae4e6b1
204,provider,?probe@Gen003C0350Owner@@QAEPAXPAX@Z,0x0002BF0D,2,190,190,game/GameEngine/Source/GameClient/System/CampaignManagerIsMissionObjectiveEligible.cpp; +1 more,name:?probe@Gen003C0350Owner@@QAEPAXPAX@Z,nothing defines it (pinned-elsewhere),tools/provider_repair.py,007ae4e6b1
205,provider,??0Gen00193760@@QAE@ABU0@@Z,0x00193760,1,189,189,game/GameEngine/Source/Common/S3PairCopyConstructors.cpp,name:??0Gen00193760@@QAE@ABU0@@Z,nothing defines it (alias),tools/provider_repair.py,007ae4e6b1
206,provider,?rva003E4680@Rva003E4680Pathfinder@@QAEHPAVObject@@PBUCoord3D@@PAI@Z,0x00027AB6,1,189,189,game/GameEngine/Source/GameLogic/Object/Contain/HordeContain/Rva0023BE60NearbyObjectsCheck.cpp,name:?rva003E4680@Rva003E4680Pathfinder@@QAEHPAVObject@@PBUCoord3D@@PAI@Z,nothing defines it (pinned-elsewhere),tools/provider_repair.py,007ae4e6b1
207,provider,?rva006E6E50@@YAXPBUCoord3D@@MHURva006E6E50Triple@@@Z,0x000243AC,1,189,189,game/GameEngine/Source/GameLogic/System/BfmeCellRva001DE2A0.cpp,name:?rva006E6E50@@YAXPBUCoord3D@@MHURva006E6E50Triple@@@Z,nothing defines it (pinned-elsewhere),tools/provider_repair.py,007ae4e6b1
208,data,_g_bfmeO1146,0x00AF1600,1,189,189,game/GameEngine/Source/Common/BfmeConv1146.cpp,name:_g_bfmeO1146,nothing defines it (data),tools/provider_repair.py data-next,007ae4e6b1
209,provider,?bfmeAdd955@BfmeSink955@@QAEXPAHH@Z,0x00037A56,1,189,63,game/GameEngine/Source/Common/BfmeConv955.cpp,name:?bfmeAdd955@BfmeSink955@@QAEXPAHH@Z,nothing defines it (pinned-elsewhere),tools/provider_repair.py,007ae4e6b1
210,provider,??4Y3AssignTail_005CBEE0@@QAEAAV0@ABV0@@Z,0x001CBEE0,1,188,188,game/GameEngine/Source/Common/Y3CloneAssignPairs.cpp,name:??4Y3AssignTail_005CBEE0@@QAEAAV0@ABV0@@Z,nothing defines it (alias),tools/provider_repair.py,007ae4e6b1
211,provider,?bfmeNext1115@@YAPAUBfmeNode1115@@PAU1@@Z,0x0042B870,1,186,186,game/GameEngine/Source/Common/BfmeConv1115.cpp,name:?bfmeNext1115@@YAPAUBfmeNode1115@@PAU1@@Z,nothing defines it (alias),tools/provider_repair.py,007ae4e6b1
212,data,?g_bfmeScaleBC@@3MA,0x0087FAC4,1,185,185,game/GameEngine/Source/Common/Bfme/Rva00239600Body.cpp,name:?g_bfmeScaleBC@@3MA,retail code reads the compiler literal __real@42c80000 there,tools/provider_repair.py data-next,007ae4e6b1
213,other,?ask@BfmeSubBIA@@QAEHXZ,0x000022BB,2,184,184,game/GameEngine/Source/Common/Thing/ThingTemplateGetPerUnitFx.cpp; +1 more,name:?ask@BfmeSubBIA@@QAEHXZ,nothing defines it,tools/link_check.py,007ae4e6b1
214,data,?g_bfmeTableEJ@@3PAHA,0x00EAA068,1,184,45,game/GameEngine/Source/Common/Bfme5SixtyTwo.cpp,name:?g_bfmeTableEJ@@3PAHA,nothing defines it (data),tools/provider_repair.py data-next,007ae4e6b1
215,body,?getDockUpdateInterface@Object@@QAEPAVDockUpdateInterface@@XZ,0x001BF5B0,2,183,335,game/GameEngine/Source/GameLogic/AI/AIDockWaitForClearanceUpdateTwin.cpp; +1 more,source:game/GameEngine/Source/GameLogic/Object/Object.cpp,bytes differ at +0x3 (0x001BF5B3),tools/probe.py,007ae4e6b1
216,provider,?dispatchC20@Rva00720BB0Context@@QAEXHPAX@Z,0x0003DBEF,1,183,183,game/GameEngine/Source/GameLogic/Rva00720C20RadiusDispatch.cpp,name:?dispatchC20@Rva00720BB0Context@@QAEXHPAX@Z,nothing defines it (pinned-elsewhere),tools/provider_repair.py,007ae4e6b1
217,import,__imp_?i_00afd528@@YAXXZ,0x00F59768,2,182,182,game/Libraries/Source/WWVegas/WW3D2/FrameGrabClassFlushBufferedFrames.cpp; +1 more,name:__imp_?i_00afd528@@YAXXZ,nothing defines it (import),tools/import_binding.py,007ae4e6b1
218,provider,?isAnyKindOf@BfmeKindOfTester@@QBE_NABVBfmeKindOfMask@@@Z,0x00132AE0,1,182,177,game/GameEngine/Source/GameLogic/Object/ObjectTemplateQueries.cpp,name:?isAnyKindOf@BfmeKindOfTester@@QBE_NABVBfmeKindOfMask@@@Z,nothing defines it (alias),tools/provider_repair.py,007ae4e6b1
219,body,?getCell@Pathfinder@@QAEPAVPathfindCell@@W4PathfindLayerEnum@@HH@Z,0x003D4E80,1,181,272,game/GameEngine/Source/GameLogic/AI/PathfinderCheckForPossible.cpp,source:game/GameEngine/Source/GameLogic/Object/Update/AIUpdate.cpp,bytes differ at +0xA (0x003D4E8A),tools/probe.py,007ae4e6b1
220,provider,?bfmeReleaseVGS@BfmeTexVGS@@QAEXXZ,0x005EB7A0,1,181,181,game/GameEngine/Source/Common/BfmeConv1358.cpp,name:?bfmeReleaseVGS@BfmeTexVGS@@QAEXXZ,nothing defines it (alias),tools/provider_repair.py,007ae4e6b1
221,provider,??0Matrix3@@QAE@ABVMatrix3D@@@Z,0x008D8F80,1,180,241,game/Libraries/Source/WWVegas/WW3D2/BfmeAnimationHolderMatrixRotation.cpp,source:game/Libraries/Source/WWVegas/WWMath/matrix3.cpp,bytes match at several candidate addresses 0x008D8F80/0x008D,tools/provider_repair.py,007ae4e6b1
222,provider,?bfmeSizeVNQ@BfmeItemVNQ@@QAEHXZ,0x005212E0,3,180,156,game/Libraries/Source/WWVegas/WW3D2/MeshModelClass_ComputeRamSize.cpp; +2 more,name:?bfmeSizeVNQ@BfmeItemVNQ@@QAEHXZ,nothing defines it (alias),tools/provider_repair.py,007ae4e6b1
223,provider,?testOne@Rva002DF100@@QAEEPAX@Z,0x0000BAEB,8,179,179,game/GameEngine/Source/Common/Rva002DA6D0Test.cpp; +7 more,name:?testOne@Rva002DF100@@QAEEPAX@Z,nothing defines it (pinned-elsewhere),tools/provider_repair.py,007ae4e6b1
224,other,??$?9D@@YA_NABV?$StringBase@D@@0@Z,0x000A3D50,1,178,178,game/GameEngine/Source/GameClient/RadiusDecalTemplateEquals.cpp,name:??$?9D@@YA_NABV?$StringBase@D@@0@Z,nothing defines it,tools/link_check.py,007ae4e6b1
225,provider,?rva006EB3E0@W3DDisplay@@UAEXHPAH00@Z,0x006EB3E0,1,178,178,game/GameEngineDevice/Source/W3DDevice/GameClient/W3DDisplayRva006EB3E0.cpp,source:game/GameEngineDevice/Source/W3DDevice/GameClient/W3DDisplayRva006EB3E0.cpp,+0xB ?Get_Render_Device_Desc@DX8Wrapper@@KAABVRenderDeviceDe,tools/provider_repair.py,007ae4e6b1
226,provider,??$__unguarded_linear_insert@PAUBfmeSortPair@@U1@UBfmeSortCompare@@@_STL@@YAXPAUBfmeSortPair@@U1@UBfmeSortCompare@@@Z,0x005F2DF0,2,176,176,game/Libraries/Source/WWVegas/WWLib/stlport_linear_insert_bfmesortpair_ascending.cpp; +1 more,name:??$__unguarded_linear_insert@PAUBfmeSortPair@@U1@UBfmeSortCompare@@@_STL@@YAXPAUBfmeSortPair@@U1@UBfmeSortCompare@@@Z,nothing defines it (alias),tools/provider_repair.py,007ae4e6b1
227,provider,??$__unguarded_linear_insert@PAUBfmeSortPair@@U1@UBfmeSortCompareDescending@@@_STL@@YAXPAUBfmeSortPair@@U1@UBfmeSortCompareDescending@@@Z,0x005F2E30,2,176,176,game/Libraries/Source/WWVegas/WWLib/stlport_linear_insert_bfmesortpair_descending.cpp; +1 more,name:??$__unguarded_linear_insert@PAUBfmeSortPair@@U1@UBfmeSortCompareDescending@@@_STL@@YAXPAUBfmeSortPair@@U1@UBfmeSortCompareDescending@@@Z,nothing defines it (alias),tools/provider_repair.py,007ae4e6b1
228,provider,?getPlanarDirectionTo@Object@@QBE?AUCoord3D@@PBV1@@Z,0x001E3E20,1,176,176,game/GameEngine/Source/GameLogic/Object/ObjectRadiusShortenedDelta001E3E40.cpp,name:?getPlanarDirectionTo@Object@@QBE?AUCoord3D@@PBV1@@Z,nothing defines it (alias),tools/provider_repair.py,007ae4e6b1
229,provider,?bfmeSetVMX@BfmeStrVMX@@QAEXABV1@@Z,0x00487C90,1,175,175,game/GameEngine/Source/Common/BfmeConv1489.cpp,name:?bfmeSetVMX@BfmeStrVMX@@QAEXABV1@@Z,nothing defines it (alias),tools/provider_repair.py,007ae4e6b1
230,data,?g_obj12F060C@@3PAULuaDrawableState@@A,0x00EF060C,2,175,175,game/GameEngine/Source/GameLogic/ScriptEngine/CurDrawableGetCurrentTargetDistance.cpp; +1 more,name:?g_obj12F060C@@3PAULuaDrawableState@@A,nothing defines it (data),tools/provider_repair.py data-next,007ae4e6b1
231,provider,?b_003d2b80@@YAXXZ,0x003D2B80,1,174,174,game/GameEngine/Source/Common/Rva003D2E00ExtentUpdate.cpp,name:?b_003d2b80@@YAXXZ,nothing defines it (alias),tools/provider_repair.py,007ae4e6b1
232,other,?getPristineBonePositions@Drawable@@QBEHPBDHPAUCoord3D@@PAVMatrix3D@@HH@Z,0x0002319B,1,174,174,game/GameEngine/Source/GameLogic/Object/Object_bfmeGetMultiLogicalBonePosition.cpp,name:?getPristineBonePositions@Drawable@@QBEHPBDHPAUCoord3D@@PAVMatrix3D@@HH@Z,nothing defines it,tools/link_check.py,007ae4e6b1
233,provider,?step@BfmeFinishDispatcherAGA@@QAEXPAX0@Z,0x00014F51,3,174,174,game/GameEngine/Source/Common/BfmeConv400.cpp; +2 more,name:?step@BfmeFinishDispatcherAGA@@QAEXPAX0@Z,nothing defines it (pinned-elsewhere),tools/provider_repair.py,007ae4e6b1
234,other,?xfer@SpecialAbilityUpdate@@QAEXPAVXfer@@@Z,0x000289F7,1,173,173,game/GameEngine/Source/GameLogic/Object/SpecialPower/WeaponFireSpecialAbilityUpdate_xfer.cpp,name:?xfer@SpecialAbilityUpdate@@QAEXPAVXfer@@@Z,nothing defines it,tools/link_check.py,007ae4e6b1
235,provider,?findTemplate@ThingFactory@@QAEPAVThingTemplate@@ABVAsciiString@@@Z,0x00028560,1,172,172,game/GameEngine/Source/GameClient/RayEffectFXNugget.cpp,name:?findTemplate@ThingFactory@@QAEPAVThingTemplate@@ABVAsciiString@@@Z,nothing defines it (pinned-elsewhere),tools/provider_repair.py,007ae4e6b1
236,provider,?set@Rva003AEC50Str@@QAEXABV1@@Z,0x00487C90,1,172,172,game/GameEngine/Source/Common/Rva003AEC50CopyRangePair.cpp,name:?set@Rva003AEC50Str@@QAEXABV1@@Z,nothing defines it (alias),tools/provider_repair.py,007ae4e6b1
237,data,?g_0107C64C@@3MA,0x00C7C64C,1,171,171,game/GameEngine/Source/Common/BfmeConv2132.cpp,name:?g_0107C64C@@3MA,retail code reads the compiler literal __real@3b808081 there,tools/provider_repair.py data-next,007ae4e6b1
238,provider,?revealVariant@Rva008F77E0ShroudImpl@@QAEXHHHHHI@Z,0x004FA070,1,171,171,game/GameEngine/Source/Common/RTS/PartitionManagerRevealVariant008F77E0.cpp,name:?revealVariant@Rva008F77E0ShroudImpl@@QAEXHHHHHI@Z,nothing defines it (alias),tools/provider_repair.py,007ae4e6b1
239,bridge,?Render@BfmeThingVGX@@QAEXAAVRenderInfoClass@@ABVMatrix3D@@IPAVVector3@@PAMABVSphereClass@@@Z,0x00575100,1,170,170,game/Libraries/Source/WWVegas/WW3D2/simplestreak.cpp,name:?Render@BfmeThingVGX@@QAEXAAVRenderInfoClass@@ABVMatrix3D@@IPAVVector3@@PAMABVSphereClass@@@Z,nothing defines it (dump),tools/next_work.py,007ae4e6b1
240,provider,?clear@Rva0036CA00Str@@QAEXXZ,0x00487940,3,170,170,game/GameEngine/Source/Common/Rva0013A820Reset.cpp; +2 more,name:?clear@Rva0036CA00Str@@QAEXXZ,nothing defines it (alias),tools/provider_repair.py,007ae4e6b1
241,provider,?rva00148960@Object@@QBE?AUCoord3D@@PBU2@@Z,0x0000B00F,1,170,170,game/GameEngine/Source/GameLogic/Object/Object_rva001E2560.cpp,name:?rva00148960@Object@@QBE?AUCoord3D@@PBU2@@Z,nothing defines it (pinned-elsewhere),tools/provider_repair.py,007ae4e6b1
242,other,?Make00001B18@@YAPAVParticleSystem@@XZ,0x00001B18,2,169,392,game/GameEngine/Source/GameClient/System/Rva005C2070.cpp; +1 more,name:?Make00001B18@@YAPAVParticleSystem@@XZ,nothing defines it,tools/link_check.py,007ae4e6b1
243,body,?getListName@ObjectTypes@@QBEABVAsciiString@@XZ,0x001DB5B0,1,169,173,game/GameEngine/Source/GameLogic/ScriptEngine/ScriptEngineGetObjectTypes.cpp,source:game/GameEngine/Source/GameLogic/Object/ObjectTypes.cpp,bytes differ at +0x2 (0x001DB5B2),tools/probe.py,007ae4e6b1
244,data,?EnumThreadWndProc@@YGHPAXJ@Z,0x00889700,1,169,169,game/GameEngine/Source/Common/BfmeConv2122.cpp,name:?EnumThreadWndProc@@YGHPAXJ@Z,nothing defines it (data),tools/provider_repair.py data-next,007ae4e6b1
245,provider,?Rva0082E540NodeAllocate@@YAPAXI@Z,0x0042E540,1,169,169,game/GameEngine/Source/Common/Rva006A0730PointerHashtableInsert.cpp,name:?Rva0082E540NodeAllocate@@YAPAXI@Z,nothing defines it (alias),tools/provider_repair.py,007ae4e6b1
246,provider,?setPosition@Object@@QAEXPBUCoord3D@@@Z,0x0003A1A7,2,169,169,game/GameEngine/Source/GameLogic/Object/Contain/HordeContainExitPosition.cpp; +1 more,name:?setPosition@Object@@QAEXPBUCoord3D@@@Z,nothing defines it (pinned-elsewhere),tools/provider_repair.py,007ae4e6b1
247,provider,_Rva009C4B70CpuFeatureProbe,0x005C4B70,1,169,169,game/GameEngine/Source/Common/BfmeCpuTierFlags.cpp,name:_Rva009C4B70CpuFeatureProbe,nothing defines it (alias),tools/provider_repair.py,007ae4e6b1
248,body,??4DamageInfoInput@@QAEAAV0@ABV0@@Z,0x0014FDC0,2,168,426,game/GameEngine/Source/GameLogic/Object/ObjectUpdatePendingDamage.cpp; +1 more,source:game/GameEngine/Source/GameLogic/AI/AIStates.cpp,bytes differ at +0xC (0x0014FDCC),tools/probe.py,007ae4e6b1
249,provider,?bfmeFindBOB@BfmeSubBOB@@QAEPAUBfmeGotBOB@@XZ,0x00048C61,1,168,168,game/GameEngine/Source/Common/Rva0037D730CompareBOB.cpp,name:?bfmeFindBOB@BfmeSubBOB@@QAEPAUBfmeGotBOB@@XZ,nothing defines it (pinned-elsewhere),tools/provider_repair.py,007ae4e6b1
250,provider,?find@OrderedTreeFindThunk@@QAEPAUOrderedTreeNode@@PBJ@Z,0x000CF7E0,1,168,56,game/GameEngine/Source/Common/OrderedTreeFindThunk.cpp,source:game/GameEngine/Source/Common/OrderedTreeFindThunk.cpp,bytes match at several candidate addresses 0x000CF7E0/0x000C,tools/provider_repair.py,007ae4e6b1
251,provider,?bfmeApply@BfmeEntrySink@@QAEXPAUBfmeEntry@@EHHH@Z,0x000391C6,1,167,368,game/GameEngine/Source/Common/Bfme5NestedEntryDispatch.cpp,name:?bfmeApply@BfmeEntrySink@@QAEXPAUBfmeEntry@@EHHH@Z,nothing defines it (pinned-elsewhere),tools/provider_repair.py,007ae4e6b1
252,data,?g_bfmeScaleB3@@3MC,0x00C84068,1,167,167,game/GameEngine/Source/GameClient/System/Anim2DDrawing.cpp,name:?g_bfmeScaleB3@@3MC,retail code reads the compiler literal __real@437f0000 there,tools/provider_repair.py data-next,007ae4e6b1
253,provider,??$_S_merge@VExperienceLevel@@V?$allocator@VExperienceLevel@@@_STL@@U?$less@VExperienceLevel@@@3@@_STL@@YAXAAV?$list@VExperienceLevel@@V?$allocator@VExperienceLevel@@@_STL@@@0@0U?$less@VExperienceLevel@@@0@@Z,0x0037E710,1,165,165,game/GameEngine/Source/Common/ExperienceLevelListMerge.cpp,source:game/GameEngine/Source/Common/ExperienceLevelListMerge.cpp,+0x39 ?friend_getFinalOverride@Overridable@@QBEPBV1@XZ (game,tools/provider_repair.py,007ae4e6b1
254,data,?Rva00579160TheManager@@3PAURva00579160Manager@@A,0x00EF19E8,1,164,164,game/GameEngine/Source/GameClient/GUI/Palantir/BfmeConv2043.cpp,name:?Rva00579160TheManager@@3PAURva00579160Manager@@A,nothing defines it (data),tools/provider_repair.py data-next,007ae4e6b1
255,body,??$__copy@PAVRva00363820Elem@@PAV1@H@_STL@@YAPAVRva00363820Elem@@PAV1@00ABUrandom_access_iterator_tag@0@PAH@Z,0x00362250,1,163,163,game/GameEngine/Source/Common/Rva00363820VectorEraseNoExc.cpp,source:game/GameEngine/Source/Common/Rva00363820VectorEraseNoExc.cpp,bytes differ at +0x4 (0x00362254),tools/probe.py,007ae4e6b1
256,provider,?Rva0088EB30@@YAPAXI@Z,0x0048EB30,2,163,163,game/Libraries/Source/debug/Rva00889D70.cpp; +1 more,name:?Rva0088EB30@@YAPAXI@Z,nothing defines it (alias),tools/provider_repair.py,007ae4e6b1
257,provider,?d_00861ed0@@YAXXZ,0x00461ED0,2,162,162,game/Libraries/Source/GameSpy/chat/Rva008622C0Forward.cpp; +1 more,name:?d_00861ed0@@YAXXZ,nothing defines it (alias),tools/provider_repair.py,007ae4e6b1
258,provider,?send@Rva00493EA0Controller@@QAEXPAURva00493EA0Payload@@I@Z,0x00020C5C,2,162,162,game/GameEngine/Source/GameClient/GUI/Rva00493F30UpdateState.cpp; +1 more,name:?send@Rva00493EA0Controller@@QAEXPAURva00493EA0Payload@@I@Z,nothing defines it (pinned-elsewhere),tools/provider_repair.py,007ae4e6b1
259,data,?g_bfmeDefaultRateCX@@3MA,0x00EF8234,1,162,32,game/GameEngine/Source/Common/Bfme5Thirty.cpp,name:?g_bfmeDefaultRateCX@@3MA,nothing defines it (data),tools/provider_repair.py data-next,007ae4e6b1
260,data,?g_aptPalantirNumberFormat@@3PADA,0x0087C7B4,2,161,288,game/GameEngine/Source/GameClient/GUI/BfmeAptScreenObjectivesPlayerColor.cpp; +1 more,name:?g_aptPalantirNumberFormat@@3PADA,retail code reads the compiler literal ??_C@_02DPKJAMEF@?$CF,tools/provider_repair.py data-next,007ae4e6b1
261,provider,?b_003b8260@@YAXXZ,0x003B8260,2,161,161,game/GameEngine/Source/Common/Gen003C7B10ItemStep.cpp; +1 more,name:?b_003b8260@@YAXXZ,nothing defines it (alias),tools/provider_repair.py,007ae4e6b1
262,provider,?getString@Rva007E8810Message@@QAE_NPBDPADH@Z,0x003E8A80,1,160,1491,game/GameEngine/Source/GameNetwork/Rva007F03C0BlobRecordNextAttribute.cpp,name:?getString@Rva007E8810Message@@QAE_NPBDPADH@Z,nothing defines it (alias),tools/provider_repair.py,007ae4e6b1
263,data,?g_pool01337A30@@3PAURva00891B80Pool@@A,0x00F37A30,2,160,258,game/GameEngine/Source/Common/Rva008AD2C0Assign.cpp; +1 more,name:?g_pool01337A30@@3PAURva00891B80Pool@@A,nothing defines it (data),tools/provider_repair.py data-next,007ae4e6b1
264,other,?notify@Rva00802A90Elem@@QAEXPAURva00802A90Query@@PAXHH@Z,0x00401CB0,1,160,160,game/GameEngine/Source/GameNetwork/Rva00802A90FeslBrowserQuery.cpp,name:?notify@Rva00802A90Elem@@QAEXPAURva00802A90Query@@PAXHH@Z,nothing defines it,tools/link_check.py,007ae4e6b1
265,provider,??0?$StringBase@D@@QAE@ABV0@@Z,0x00487B60,3,158,158,game/GameEngine/Source/Common/Rva00605690OwnerConstructor.cpp; +2 more,name:??0?$StringBase@D@@QAE@ABV0@@Z,nothing defines it (alias),tools/provider_repair.py,007ae4e6b1
266,data,?OpenBFME5_netCRCInterval@@3HA,0x00EA7040,1,158,158,game/GameEngine/Source/Common/System/RecorderLogCRCMismatch.cpp,name:?OpenBFME5_netCRCInterval@@3HA,nothing defines it (data),tools/provider_repair.py data-next,007ae4e6b1
267,provider,?bfmeTintSlowPathfindObject@@YAXPAVObject@@@Z,0x003DAB50,1,158,158,game/GameEngine/Source/GameLogic/AI/PathfinderTintSlowObject.cpp,source:game/GameEngine/Source/GameLogic/AI/PathfinderTintSlowObject.cpp,+0x8A own label lands at 0x000249C9,tools/provider_repair.py,007ae4e6b1
268,provider,?getStructureCompletionInterface@Object@@QAEPAVStructureCompletionInterface@@XZ,0x000351D9,1,157,157,game/GameEngine/Source/GameLogic/Object/Behavior/PassiveAreaEffectBehavior_update.cpp,name:?getStructureCompletionInterface@Object@@QAEPAVStructureCompletionInterface@@XZ,nothing defines it (pinned-elsewhere),tools/provider_repair.py,007ae4e6b1
269,data,_bfmeWeaponVftIA,0x00CA13F4,1,157,157,game/GameEngine/Source/GameLogic/Object/WeaponCopyConstructor.cpp,name:_bfmeWeaponVftIA,nothing defines it (data),tools/provider_repair.py data-next,007ae4e6b1
270,bridge,?Rva009B4390CodecCall@@YAXPAXH0HHHHHHHHHHHH@Z,0x005B4390,1,156,156,game/GameEngine/Source/Common/Rva009AAC80CodecGrid.cpp,name:?Rva009B4390CodecCall@@YAXPAXH0HHHHHHHHHHHH@Z,nothing defines it (dump),tools/next_work.py,007ae4e6b1
271,provider,?bfmeQuery@Pathfinder@@QAEXPAVObject@@PAH1@Z,0x000461FF,2,156,156,game/GameEngine/Source/GameLogic/AI/TightenPathStructCtor.cpp; +1 more,name:?bfmeQuery@Pathfinder@@QAEXPAVObject@@PAH1@Z,nothing defines it (pinned-elsewhere),tools/provider_repair.py,007ae4e6b1
272,data,_bfme_memmove_ptr,0x00B5945C,1,155,248,game/Libraries/Source/WWVegas/WWLib/NumPutInsertGroupingChar.cpp,name:_bfme_memmove_ptr,nothing defines it (data),tools/provider_repair.py data-next,007ae4e6b1
273,provider,?bfmeFindPE@BfmeSubPE@@QAEPAHH@Z,0x00025CCA,1,155,190,game/GameEngine/Source/Common/Audio/AudioManagerAdjustPriorityAndVolume.cpp,name:?bfmeFindPE@BfmeSubPE@@QAEPAHH@Z,nothing defines it (pinned-elsewhere),tools/provider_repair.py,007ae4e6b1
274,provider,?rva379ec0SmallDeallocate@@YAXPAXI@Z,0x0042E5F0,2,155,155,game/GameEngine/Source/Common/Rva0069E880DequeAdvance.cpp; +1 more,name:?rva379ec0SmallDeallocate@@YAXPAXI@Z,nothing defines it (alias),tools/provider_repair.py,007ae4e6b1
275,provider,?b_000b4300@@YAXXZ,0x000B4300,1,154,154,game/GameEngine/Source/GameLogic/Object/Body/ActiveBody_shouldRetaliate.cpp,name:?b_000b4300@@YAXXZ,nothing defines it (alias),tools/provider_repair.py,007ae4e6b1
276,provider,_bfme_debugAllocInnerDeallocate_82AD90,0x0042AD90,1,154,154,game/Libraries/Source/WWVegas/WWLib/STLDebugAllocDeallocate.cpp,name:_bfme_debugAllocInnerDeallocate_82AD90,nothing defines it (alias),tools/provider_repair.py,007ae4e6b1
277,data,?TheGameLogic@@3PAVGameLogicPortraitShim@@A,0x00EF0898,2,153,153,game/GameEngine/Source/Common/BfmeMpSkirmishFlagGate.cpp; +1 more,name:?TheGameLogic@@3PAVGameLogicPortraitShim@@A,nothing defines it (data),tools/provider_repair.py data-next,007ae4e6b1
278,provider,??0D3DXMATRIX@@QAE@MMMMMMMMMMMMMMMM@Z,0x000B68D0,1,153,116,game/GameEngine/Source/Common/bezier_segment.cpp,source:game/GameEngine/Source/Common/bezier_segment.cpp,bytes match at several candidate addresses 0x000B68D0/0x0096,tools/provider_repair.py,007ae4e6b1
279,data,?TheBfmeGameLogic@@3PAVRva00367E30Logic@@A,0x00EF0898,1,152,152,game/GameEngine/Source/GameLogic/Object/Contain/Rva00236F50Interface.cpp,name:?TheBfmeGameLogic@@3PAVRva00367E30Logic@@A,nothing defines it (data),tools/provider_repair.py data-next,007ae4e6b1
280,provider,?visit@Rva21ABF0Worker@@QAEXPAX@Z,0x00003288,1,152,152,game/GameEngine/Source/Common/Rva21ABF0RingDispatch.cpp,name:?visit@Rva21ABF0Worker@@QAEXPAX@Z,nothing defines it (pinned-elsewhere),tools/provider_repair.py,007ae4e6b1
281,data,?TheBfmeDefaultValue@@3MA,0x00C75334,1,151,151,game/GameEngine/Source/Common/S3BoundedFloatAccessors.cpp,name:?TheBfmeDefaultValue@@3MA,retail code reads the compiler literal __real@3f800000 there,tools/provider_repair.py data-next,007ae4e6b1
282,data,?g_bfmeK1270@@3MB,0x0087533C,1,151,151,game/GameEngine/Source/GameLogic/Map/BfmeConv1270.cpp,name:?g_bfmeK1270@@3MB,retail code reads the compiler literal __real@3f000000 there,tools/provider_repair.py data-next,007ae4e6b1
283,data,?g_bfmeSwitchCJ@@3PAVBfmeSwitchCJ@@A,0x00EF0898,1,151,60,game/GameEngine/Source/Common/Bfme5TinyTwenty.cpp,name:?g_bfmeSwitchCJ@@3PAVBfmeSwitchCJ@@A,nothing defines it (data),tools/provider_repair.py data-next,007ae4e6b1
284,provider,?visit@Rva00365C20Visitor@@QAEXABVUnicodeString@@IIURva000F99C0Payload@@HPBE@Z,0x00010A64,1,150,150,game/GameEngine/Source/Common/Rva000F99C0RecordDispatch.cpp,name:?visit@Rva00365C20Visitor@@QAEXABVUnicodeString@@IIURva000F99C0Payload@@HPBE@Z,nothing defines it (pinned-elsewhere),tools/provider_repair.py,007ae4e6b1
285,provider,?countObjects@Rva00047172TeamCall@@QAEHV?$BitFlags@$0MA@@@0@Z,0x00047172,1,149,300,game/GameEngine/Source/Common/RTS/PlayerCountObjects.cpp,name:?countObjects@Rva00047172TeamCall@@QAEHV?$BitFlags@$0MA@@@0@Z,nothing defines it (pinned-elsewhere),tools/provider_repair.py,007ae4e6b1
286,data,?TheTacticalView@@3PAVTacticalView@@A,0x00EF1600,2,149,149,game/GameEngine/Source/GameClient/CameraShakerVolumeFXNuggetEffects.cpp; +1 more,name:?TheTacticalView@@3PAVTacticalView@@A,nothing defines it (data),tools/provider_repair.py data-next,007ae4e6b1
287,provider,?bfmeDo1207@BfmeA1207@@QAEXABUBfmeV1207@@00000H@Z,0x00024BCC,1,149,149,game/GameEngine/Source/Common/BfmeConv1207.cpp,name:?bfmeDo1207@BfmeA1207@@QAEXABUBfmeV1207@@00000H@Z,nothing defines it (pinned-elsewhere),tools/provider_repair.py,007ae4e6b1
288,data,?R2Data010C0D90@@3HA,0x00CC0D90,1,148,18,game/GameEngine/Source/Common/R2FieldResetters.cpp,name:?R2Data010C0D90@@3HA,nothing defines it (data),tools/provider_repair.py data-next,007ae4e6b1
289,data,?g_emptyStringData@@3PAXA,0x00ED5298,2,147,216,game/GameEngine/Source/Common/BfmeTableClearC880.cpp; +1 more,name:?g_emptyStringData@@3PAXA,nothing defines it (data),tools/provider_repair.py data-next,007ae4e6b1
290,data,?g_bfmeFlagEC@@3_NA,0x00EF9DB8,1,146,37,game/GameEngine/Source/Common/Bfme5FiftySeven.cpp,name:?g_bfmeFlagEC@@3_NA,nothing defines it (data),tools/provider_repair.py data-next,007ae4e6b1
291,data,?R2Data010EC760@@3HA,0x00CEC760,3,145,165,game/GameEngine/Source/Common/ElementPayloadCopy003ACCE0.cpp; +2 more,name:?R2Data010EC760@@3HA,nothing defines it (data),tools/provider_repair.py data-next,007ae4e6b1
292,data,?TheAudioClientUpdate@@3PAVAudioClientUpdate@@A,0x00EED668,1,145,145,game/GameEngine/Source/GameClient/GUI/Transitions/SoundFadeTransition_update.cpp,name:?TheAudioClientUpdate@@3PAVAudioClientUpdate@@A,nothing defines it (data),tools/provider_repair.py data-next,007ae4e6b1
293,provider,?bfmeTemplatePredicate@ThingTemplate@@QBE_NXZ,0x00007DF6,1,144,144,game/GameEngine/Source/GameLogic/ScriptEngine/Rva0032A490ObjectDistanceFilter.cpp,name:?bfmeTemplatePredicate@ThingTemplate@@QBE_NXZ,nothing defines it (pinned-elsewhere),tools/provider_repair.py,007ae4e6b1
294,data,_g_bfmeOffsetDF,0x00C98AD4,1,144,144,game/GameEngine/Source/Common/BfmeConv2032.cpp,name:_g_bfmeOffsetDF,retail code reads the compiler literal __real@40200000 there,tools/provider_repair.py data-next,007ae4e6b1
295,import,__imp___AIL_set_3D_speaker_type@8,0x00F59660,1,143,143,game/GameEngine/Source/Common/Rva0069AC20LockedSpeakerToggle.cpp,name:__imp___AIL_set_3D_speaker_type@8,nothing defines it (import),tools/import_binding.py,007ae4e6b1
296,data,?Rva012ED238Global@@3PAXA,0x00EED238,2,142,142,game/GameEngineDevice/Source/W3DDevice/GameClient/W3DDisplayClipCursor.cpp; +1 more,name:?Rva012ED238Global@@3PAXA,nothing defines it (data),tools/provider_repair.py data-next,007ae4e6b1
297,provider,?bfmeImplV26@@YAPAXHHHHD@Z,0x0042D6D0,1,142,142,game/GameEngine/Source/Common/BfmeConv1466.cpp,name:?bfmeImplV26@@YAPAXHHHHD@Z,nothing defines it (alias),tools/provider_repair.py,007ae4e6b1
298,body,?evaluate@Rva00064410Catmull@@SAMMMMMM@Z,0x00063F10,1,141,141,game/GameEngine/Source/Common/calc.cpp,source:game/GameEngine/Source/Common/calc.cpp,bytes differ at +0x3 (0x00063F13),tools/probe.py,007ae4e6b1
299,data,__GUID_00000000_0000_0000_c000_000000000046,0x00D3DF10,1,141,141,game/GameEngine/Source/GameNetwork/WOLBrowser/WebBrowserComCreateInstance.cpp,source:game/GameEngine/Source/GameNetwork/WOLBrowser/WebBrowserComCreateInstance.cpp,"1 unrelocated in-image dword(s), first 0x00C00000 at +0x6: p",tools/reloc_ledger.py,007ae4e6b1
300,provider,?bfmeCallFHA@@YAHPAX0@Z,0x00041164,1,140,185,game/GameEngine/Source/Common/Rva003CA710FlagRefresh.cpp,name:?bfmeCallFHA@@YAHPAX0@Z,nothing defines it (pinned-elsewhere),tools/provider_repair.py,007ae4e6b1
301,import,__imp__bfmeMathVE,0x00B59394,1,140,140,game/GameEngine/Source/Common/BfmeConv2042.cpp,name:__imp__bfmeMathVE,nothing defines it (import),tools/import_binding.py,007ae4e6b1
302,provider,?b_003d5170@@YAXXZ,0x003D5170,1,139,139,game/GameEngine/Source/Common/Rva003D65D0Apply.cpp,name:?b_003d5170@@YAXXZ,nothing defines it (alias),tools/provider_repair.py,007ae4e6b1
303,data,?TheAudio@@3PAVRva003CC890Audio@@A,0x00EED668,1,137,137,game/GameEngine/Source/Common/Audio/Rva003CC890AudioRelease.cpp,name:?TheAudio@@3PAVRva003CC890Audio@@A,nothing defines it (data),tools/provider_repair.py data-next,007ae4e6b1
304,other,?compare@AsciiStringCompareShim@@QBEHABVAsciiString@@@Z,0x000220C5,1,136,136,game/GameEngine/Source/Common/Rva00359330StringRecordFindIndex.cpp,name:?compare@AsciiStringCompareShim@@QBEHABVAsciiString@@@Z,nothing defines it,tools/link_check.py,007ae4e6b1
305,provider,?bfmeReserveVLT@BfmeStrVLT@@QAEXI@Z,0x00025243,1,135,135,game/GameEngine/Source/Common/BfmeConv1419.cpp,name:?bfmeReserveVLT@BfmeStrVLT@@QAEXI@Z,nothing defines it (pinned-elsewhere),tools/provider_repair.py,007ae4e6b1
306,provider,?fire@BezierLaunchHelper@@QAE_NPAVObject@@00PAX@Z,0x00048D06,1,135,135,game/GameEngine/Source/GameLogic/Object/Behavior/BezierProjectileBehavior_handle.cpp,name:?fire@BezierLaunchHelper@@QAE_NPAVObject@@00PAX@Z,nothing defines it (pinned-elsewhere),tools/provider_repair.py,007ae4e6b1
307,provider,?bfmeAlloc946@@YAPAXI@Z,0x0042E540,1,134,134,game/GameEngine/Source/Common/BfmeConv945.cpp,name:?bfmeAlloc946@@YAPAXI@Z,nothing defines it (alias),tools/provider_repair.py,007ae4e6b1
308,data,?g_map008FF850@@3V?$map@HPAXU?$less@I@_STL@@V?$allocator@U?$pair@$$CBHPAX@_STL@@@2@@_STL@@A,0x00F3F468,1,134,41,game/Libraries/Source/WWVegas/WW3D2/HashMapPeekValue.cpp,name:?g_map008FF850@@3V?$map@HPAXU?$less@I@_STL@@V?$allocator@U?$pair@$$CBHPAX@_STL@@@2@@_STL@@A,nothing defines it (data),tools/provider_repair.py data-next,007ae4e6b1
309,data,_g_bfmeV1189,0x0091291C,1,133,133,game/GameEngine/Source/Common/BfmeConv1189.cpp,name:_g_bfmeV1189,nothing defines it (data),tools/provider_repair.py data-next,007ae4e6b1
310,body,?affectedByUpgrade@Object@@QBE_NPBVUpgradeTemplate@@@Z,0x001C5A30,1,132,375,game/GameEngine/Source/Common/RTS/Rva000EDED0TeamUpgradeScan.cpp,source:game/GameEngine/Source/GameLogic/Object/Object.cpp,bytes differ at +0x2 (0x001C5A32),tools/probe.py,007ae4e6b1
311,data,?g_bfmeN1022@@3PAVBfmeN1022@@A,0x00AF1B40,1,132,216,game/GameEngine/Source/GameClient/GUI/GUICallbacks/Apt/AptScreenSetComboFromIndex.cpp,name:?g_bfmeN1022@@3PAVBfmeN1022@@A,nothing defines it (data),tools/provider_repair.py data-next,007ae4e6b1
312,provider,?bfmeSelect6BE90@BfmeRecordHook6BE90@@QAEXPAUBfmeRecord6BE90@@HH@Z,0x000418E9,2,132,132,game/GameEngine/Source/Common/Rva0076BE90AdvanceRecord.cpp; +1 more,name:?bfmeSelect6BE90@BfmeRecordHook6BE90@@QAEXPAUBfmeRecord6BE90@@HH@Z,nothing defines it (pinned-elsewhere),tools/provider_repair.py,007ae4e6b1
313,provider,?copyFrom@BfmeTailAA@@QAEXPBU1@@Z,0x00487C90,1,132,132,game/GameEngine/Source/Common/Rva0087EAA0Copy.cpp,name:?copyFrom@BfmeTailAA@@QAEXPBU1@@Z,nothing defines it (alias),tools/provider_repair.py,007ae4e6b1
314,data,?g_bfmeLimitEK@@3MB,0x00C8885C,1,132,132,game/GameEngine/Source/Common/BfmeConv2035.cpp,name:?g_bfmeLimitEK@@3MB,retail code reads the compiler literal __real@43000000 there,tools/provider_repair.py data-next,007ae4e6b1
315,provider,??0Rva007FF700FeslString@@QAE@XZ,0x003FF700,1,130,130,game/GameEngine/Source/GameNetwork/V2FeslBlobRecordCtor.cpp,name:??0Rva007FF700FeslString@@QAE@XZ,nothing defines it (alias),tools/provider_repair.py,007ae4e6b1
316,data,?g_bfmeK1257@@3MB,0x0087533C,1,130,130,game/GameEngine/Source/GameClient/GUI/Rva00589040Draw.cpp,name:?g_bfmeK1257@@3MB,retail code reads the compiler literal __real@3f000000 there,tools/provider_repair.py data-next,007ae4e6b1
317,data,?g_bfmeThingLC@@3PAVBfmeThingLC@@A,0x00EF8048,1,130,60,game/GameEngine/Source/Common/Bfme5NinetySix.cpp,name:?g_bfmeThingLC@@3PAVBfmeThingLC@@A,nothing defines it (data),tools/provider_repair.py data-next,007ae4e6b1
318,provider,?bfmeRankPointsFromStats@@YAHPAVGen_uw_00025c1b@@H@Z,0x00022976,1,129,129,game/GameEngine/Source/GameClient/GUI/GUICallbacks/Menus/PopupPlayerInfoPickBestRankSide.cpp,name:?bfmeRankPointsFromStats@@YAHPAVGen_uw_00025c1b@@H@Z,nothing defines it (pinned-elsewhere),tools/provider_repair.py,007ae4e6b1
319,provider,?bfmeSwapSubGQ@@YAXPAVBfmeSubGQ@@0@Z,0x00025176,1,129,129,game/GameEngine/Source/Common/BfmeConv2068.cpp,name:?bfmeSwapSubGQ@@YAXPAVBfmeSubGQ@@0@Z,nothing defines it (pinned-elsewhere),tools/provider_repair.py,007ae4e6b1
320,data,?g_bfmeLiveGU@@3HA,0x00EF1098,1,129,67,game/GameEngine/Source/Common/Bfme5EightyFive.cpp,name:?g_bfmeLiveGU@@3HA,nothing defines it (data),tools/provider_repair.py data-next,007ae4e6b1
321,data,?g_rva0048E5C0Clock@@3PAURva0048E5C0Clock@@A,0x00EF1464,2,128,128,game/GameEngine/Source/GameClient/GUI/Rva0048EE10DisplayReset.cpp; +1 more,name:?g_rva0048E5C0Clock@@3PAURva0048E5C0Clock@@A,nothing defines it (data),tools/provider_repair.py data-next,007ae4e6b1
322,eh,$T320,0x00E4AA28,1,128,114,game/Libraries/Source/WWVegas/WW3D2/ShroudTexture_getFilter.cpp,source:game/Libraries/Source/WWVegas/WW3D2/ShroudTexture_getFilter.cpp,"1 unrelocated in-image dword(s), first 0x01199305 at +0x1: p",tools/probe.py,007ae4e6b1
323,bridge,?checkForAdjust@Pathfinder@@QAEEPAVObject@@ABVLocomotorSet@@EHHHHEPAUCoord3D@@PBU4@MPAPAVPathfindCell@@H@Z,0x003F0F40,1,127,605,game/GameEngine/Source/GameLogic/AI/PathfindTightenCallback.cpp,name:?checkForAdjust@Pathfinder@@QAEEPAVObject@@ABVLocomotorSet@@EHHHHEPAUCoord3D@@PBU4@MPAPAVPathfindCell@@H@Z,nothing defines it (dump),tools/next_work.py,007ae4e6b1
324,provider,?invoke37C600@Rva0037C600Callback@@QAEXXZ,0x00015E2E,1,127,127,game/GameEngine/Source/Common/BfmeDurationSet28F3E0.cpp,name:?invoke37C600@Rva0037C600Callback@@QAEXXZ,nothing defines it (pinned-elsewhere),tools/provider_repair.py,007ae4e6b1
325,eh,$T358,0x00E19450,1,127,106,game/GameEngine/Source/GameClient/GUI/ControlBar/ControlBarRva004C1510Handle.cpp,source:game/GameEngine/Source/GameClient/GUI/ControlBar/ControlBarRva004C1510Handle.cpp,"1 unrelocated in-image dword(s), first 0x01199305 at +0x1: p",tools/probe.py,007ae4e6b1
326,data,?g_bfmeClock983@@3PAVBfmeClock983@@A,0x00AF1B40,1,127,60,game/GameEngine/Source/Common/BfmeConv983.cpp,name:?g_bfmeClock983@@3PAVBfmeClock983@@A,nothing defines it (data),tools/provider_repair.py data-next,007ae4e6b1
327,data,_g_bfmeV1159,0x00926B14,1,127,52,game/GameEngine/Source/Common/BfmeConv1159.cpp,name:_g_bfmeV1159,nothing defines it (data),tools/provider_repair.py data-next,007ae4e6b1
328,data,?g_bfmeTableCV@@3PAHA,0x00CF77AC,1,127,30,game/GameEngine/Source/Common/Bfme5TinyTwentyEight.cpp,name:?g_bfmeTableCV@@3PAHA,nothing defines it (data),tools/provider_repair.py data-next,007ae4e6b1
329,provider,?b_001ed9a0@@YAXXZ,0x001ED9A0,1,126,126,game/GameEngine/Source/Common/Rva004A3D50CommandMaskCheck.cpp,name:?b_001ed9a0@@YAXXZ,nothing defines it (alias),tools/provider_repair.py,007ae4e6b1
330,data,?g_bfmeVp6SelectorMap@@3PAEA,0x00D42BA0,1,126,126,game/GameEngine/Source/Common/BfmeVp6PredictValue.cpp,name:?g_bfmeVp6SelectorMap@@3PAEA,nothing defines it (data),tools/provider_repair.py data-next,007ae4e6b1
331,eh,$T504,0x00E4BE88,1,126,93,game/Libraries/Source/WWVegas/WW3D2/MaterialRemapperCtor.cpp,source:game/Libraries/Source/WWVegas/WW3D2/MaterialRemapperCtor.cpp,"1 unrelocated in-image dword(s), first 0x01199305 at +0x1: p",tools/probe.py,007ae4e6b1
332,provider,?bfmeFind@Gen_003C02B0@@AAEPAVBfmeItemAN@@H@Z,0x00032A56,1,125,125,game/GameEngine/Source/Common/Bfme5LookupRemove.cpp,name:?bfmeFind@Gen_003C02B0@@AAEPAVBfmeItemAN@@H@Z,nothing defines it (pinned-elsewhere),tools/provider_repair.py,007ae4e6b1
333,provider,?bfmeSetVIA@BfmeUniVIA@@QAEXABV1@@Z,0x00487C90,1,125,125,game/GameEngine/Source/Common/BfmeConv1371.cpp,name:?bfmeSetVIA@BfmeUniVIA@@QAEXABV1@@Z,nothing defines it (alias),tools/provider_repair.py,007ae4e6b1
334,data,?g_bfmeFallbackDB@@3PAVAptValue@@A,0x00F379BC,3,124,161,game/Libraries/Source/EA/Apt/Rva008B9020PopCache.cpp; +2 more,name:?g_bfmeFallbackDB@@3PAVAptValue@@A,nothing defines it (data),tools/provider_repair.py data-next,007ae4e6b1
335,data,?g_bfmeStateGW@@3PAVBfmeStateGW@@A,0x00F379BC,1,124,124,game/GameEngine/Source/Common/Bfme5EightySix.cpp,name:?g_bfmeStateGW@@3PAVBfmeStateGW@@A,nothing defines it (data),tools/provider_repair.py data-next,007ae4e6b1
336,provider,?b_00132200@@YAXXZ,0x00132200,1,123,560,game/GameEngine/Source/GameLogic/Object/Contain/GarrisonContain_putObjectAtBestGarrisonPoint.cpp,name:?b_00132200@@YAXXZ,nothing defines it (alias),tools/provider_repair.py,007ae4e6b1
337,provider,?gen00261140@@YAXPAX00HH@Z,0x00261140,1,123,182,game/GameEngine/Source/Common/Rva00261920PartialSort.cpp,name:?gen00261140@@YAXPAX00HH@Z,nothing defines it (alias),tools/provider_repair.py,007ae4e6b1
338,bridge,?bfmeIntersects@GeometryInfo@@QBE_NABUCoord3D@@MABV1@0M@Z,0x0047F2F0,2,123,180,game/GameEngine/Source/GameLogic/Object/BfmeGeometryCollisionSource.cpp; +1 more,name:?bfmeIntersects@GeometryInfo@@QBE_NABUCoord3D@@MABV1@0M@Z,nothing defines it (dump),tools/next_work.py,007ae4e6b1
339,provider,?copyFrom@BfmeTailA2@@QAEXPBU1@@Z,0x00487C90,1,123,123,game/GameEngine/Source/Common/Rva0087EA20Copy.cpp,name:?copyFrom@BfmeTailA2@@QAEXPBU1@@Z,nothing defines it (alias),tools/provider_repair.py,007ae4e6b1
340,provider,?find@Object@@QAEPAXH@Z,0x00009C41,1,123,123,game/GameEngine/Source/GameLogic/AI/AIAttackSquadStateOnEnter.cpp,name:?find@Object@@QAEPAXH@Z,nothing defines it (pinned-elsewhere),tools/provider_repair.py,007ae4e6b1
341,provider,??1Rva00026AB2Vec12@@QAE@XZ,0x00026AB2,1,122,176,game/GameEngine/Source/GameLogic/Object/Update/AttributeModifierAuraUpdateModuleDataMemberDDestructor.cpp,name:??1Rva00026AB2Vec12@@QAE@XZ,nothing defines it (pinned-elsewhere),tools/provider_repair.py,007ae4e6b1
342,provider,??4Rva00698DD0Base@@QAEAAV0@ABV0@@Z,0x0001F753,2,122,122,game/GameEngine/Source/Common/Audio/Rva0069C9D0AudioVectorCopy.cpp; +1 more,name:??4Rva00698DD0Base@@QAEAAV0@ABV0@@Z,nothing defines it (pinned-elsewhere),tools/provider_repair.py,007ae4e6b1
343,provider,?b_0074e710@@YAXXZ,0x0034E710,1,122,122,game/GameEngine/Source/Common/BfmeSubAJKInitJK.cpp,name:?b_0074e710@@YAXXZ,nothing defines it (alias),tools/provider_repair.py,007ae4e6b1
344,provider,?bfmeCallFEA@BfmeGlobFEA@@QAEXPAXH@Z,0x0003A279,1,122,122,game/GameEngine/Source/Common/Gen00370200Process.cpp,name:?bfmeCallFEA@BfmeGlobFEA@@QAEXPAXH@Z,nothing defines it (pinned-elsewhere),tools/provider_repair.py,007ae4e6b1
345,provider,?bfmeNotifyGG@BfmeThingGG@@QAEXXZ,0x0002191D,1,122,122,game/GameEngine/Source/Common/BfmeConv2064.cpp,name:?bfmeNotifyGG@BfmeThingGG@@QAEXXZ,nothing defines it (pinned-elsewhere),tools/provider_repair.py,007ae4e6b1
346,data,?g_bfme944Glob@@3PAUBfmeGlob944A@@A,0x00AF0898,1,122,122,game/GameEngine/Source/Common/BfmeConv944.cpp,name:?g_bfme944Glob@@3PAUBfmeGlob944A@@A,nothing defines it (data),tools/provider_repair.py data-next,007ae4e6b1
347,data,?g_bfmeGlob9A@@3HA,0x00AF10D8,1,122,122,game/GameEngine/Source/Common/Rva00409A60Walk.cpp,name:?g_bfmeGlob9A@@3HA,nothing defines it (data),tools/provider_repair.py data-next,007ae4e6b1
348,other,?update@Rva005CCA10Particle@@QAE_NXZ,0x00018F43,1,122,122,game/GameEngine/Source/GameClient/System/Rva005CCA10ParticleSystemUpdate.cpp,name:?update@Rva005CCA10Particle@@QAE_NXZ,nothing defines it,tools/link_check.py,007ae4e6b1
349,data,?g_bfmeDirtyBG@@3IA,0x00EEF418,1,121,121,game/GameEngine/Source/Common/SmallGaps/Rva0018EEF0ScaleTriples.cpp,name:?g_bfmeDirtyBG@@3IA,nothing defines it (data),tools/provider_repair.py data-next,007ae4e6b1
350,provider,?setGuardTarget@Rva00170BD0OwnerAction@@QAEXPAVObject@@@Z,0x00015541,1,120,120,game/GameEngine/Source/GameLogic/AI/Rva00170BD0AIGuardState_onExit.cpp,name:?setGuardTarget@Rva00170BD0OwnerAction@@QAEXPAVObject@@@Z,nothing defines it (pinned-elsewhere),tools/provider_repair.py,007ae4e6b1
351,provider,_bfmeSearch1155,0x0042F1A0,1,120,120,game/GameEngine/Source/Common/BfmeConv1155.cpp,name:_bfmeSearch1155,nothing defines it (alias),tools/provider_repair.py,007ae4e6b1
352,provider,_bfme_debugAllocInnerAllocate_82AD80,0x0042AD80,1,120,120,game/Libraries/Source/WWVegas/WWLib/STLDebugAllocAllocate.cpp,name:_bfme_debugAllocInnerAllocate_82AD80,nothing defines it (pinned-elsewhere),tools/provider_repair.py,007ae4e6b1
353,provider,?Q1Wrapped007FEA00@@YAXXZ,0x003FEA00,1,119,119,game/GameEngine/Source/Common/Q1FrameCheckedWrappers.cpp,name:?Q1Wrapped007FEA00@@YAXXZ,nothing defines it (alias),tools/provider_repair.py,007ae4e6b1
354,provider,?find@Rva003BAD00Owner@@QAEPAVGen003B9DC0Node@@H@Z,0x003B9DC0,1,119,119,game/GameEngine/Source/Common/V4LookupThenVirtualNotify.cpp,name:?find@Rva003BAD00Owner@@QAEPAVGen003B9DC0Node@@H@Z,nothing defines it (alias),tools/provider_repair.py,007ae4e6b1
355,bridge,?getEdges@BfmeShadowEdgeSource@@QAEPAUBfmeShadowEdge@@PAH@Z,0x00528820,1,119,119,game/GameEngineDevice/Source/W3DDevice/GameClient/Shadow/W3DVolumetricShadowSilhouetteEdges.cpp,name:?getEdges@BfmeShadowEdgeSource@@QAEPAUBfmeShadowEdge@@PAH@Z,nothing defines it (dump),tools/next_work.py,007ae4e6b1
356,data,?Rva008C5D70Alloc@@3P6APAXI@ZA,0x00F37828,2,117,161,game/GameEngine/Source/Common/SmallGaps/Rva008C5D70AllocBuffer.cpp; +1 more,name:?Rva008C5D70Alloc@@3P6APAXI@ZA,nothing defines it (data),tools/provider_repair.py data-next,007ae4e6b1
357,provider,?b_006cb500@@YAXXZ,0x002CB500,1,117,117,game/GameEngineDevice/Source/W3DDevice/GameClient/Gen_006CC000_TerrainBit.cpp,name:?b_006cb500@@YAXXZ,nothing defines it (alias),tools/provider_repair.py,007ae4e6b1
358,provider,?b_0074ba50@@YAXXZ,0x0034BA50,1,117,117,game/GameEngineDevice/Source/W3DDevice/GameClient/Gen_006C6E20_TerrainBitPlaneQuery.cpp,name:?b_0074ba50@@YAXXZ,nothing defines it (alias),tools/provider_repair.py,007ae4e6b1
359,provider,?b_0074bac0@@YAXXZ,0x0034BAC0,1,117,117,game/GameEngineDevice/Source/W3DDevice/GameClient/Gen_006C6EC0_TerrainBitPlaneQuery.cpp,name:?b_0074bac0@@YAXXZ,nothing defines it (alias),tools/provider_repair.py,007ae4e6b1
360,provider,?bfmeRunBL@@YAXPAXH0@Z,0x0002126F,2,117,117,game/GameEngine/Source/Common/BfmePopulateMapList00457090.cpp; +1 more,name:?bfmeRunBL@@YAXPAXH0@Z,nothing defines it (pinned-elsewhere),tools/provider_repair.py,007ae4e6b1
361,data,_theOpeningFlags,0x00CC0D54,1,117,117,game/GameEngine/Source/GameLogic/Object/Update/ProductionUpdate_setHoldDoorOpen.cpp,source:game/GameEngine/Source/GameLogic/Object/Update/ProductionUpdate_setHoldDoorOpen.cpp,bytes differ at +0x0 (0x00CC0D54) (placed by ?setHoldDoorOpe,tools/provider_repair.py data-next,007ae4e6b1
362,data,?g_bfmeTableDJc@@3PAHA,0x00EAD6B0,1,117,39,game/GameEngine/Source/Common/Bfme5FortyTwo.cpp,name:?g_bfmeTableDJc@@3PAHA,nothing defines it (data),tools/provider_repair.py data-next,007ae4e6b1
363,body,?W3DLogicalScreenToPixelScreen@@YAXMMPAH0HH@Z,0x006BEE90,1,116,116,game/GameEngineDevice/Source/W3DDevice/Common/W3DConvert.cpp,source:game/GameEngineDevice/Source/W3DDevice/Common/W3DConvert.cpp,bytes differ at +0x4 (0x006BEE94),tools/probe.py,007ae4e6b1
364,provider,?bfmeTestQP@@YADPAX0@Z,0x00014196,2,116,116,game/GameEngine/Source/Common/Rva005A7550KeyEqual.cpp; +1 more,name:?bfmeTestQP@@YADPAX0@Z,nothing defines it (pinned-elsewhere),tools/provider_repair.py,007ae4e6b1
365,provider,?rva0082ADB0Fill@@YAXPAD0ABD@Z,0x0042ADB0,3,116,116,game/GameEngine/Source/Common/BfmeFillCount82DD70.cpp; +2 more,name:?rva0082ADB0Fill@@YAXPAD0ABD@Z,nothing defines it (alias),tools/provider_repair.py,007ae4e6b1
366,provider,__onexit,0x009F6E00,2,116,115,game/GameEngine/Source/Common/BfmeConv1963.cpp; +1 more,source:inputs/toolchains/vs2003/Program Files/Microsoft Visual Studio .NET 2003/Vc7/lib/msvcrt.lib,+0x1E ___dllonexit: no retail address,tools/provider_repair.py,007ae4e6b1
367,data,?TheIMEManager@@3PAVIMEManager@@A,0x00EF3344,1,115,115,game/GameEngine/Source/GameClient/GUI/Shell/Shell_doPop.cpp,name:?TheIMEManager@@3PAVIMEManager@@A,nothing defines it (data),tools/provider_repair.py data-next,007ae4e6b1
368,provider,?bfmeNext1108@@YAPAUBfmeNode1108@@PAU1@@Z,0x0042B870,2,115,115,game/GameEngine/Source/Common/BfmeConv1108.cpp; +1 more,name:?bfmeNext1108@@YAPAUBfmeNode1108@@PAU1@@Z,nothing defines it (alias),tools/provider_repair.py,007ae4e6b1
369,provider,?rva0082C6E0CopyValues@@YAPAURva0082C6E0Value@@PAU1@00@Z,0x00018179,2,115,115,game/GameEngine/Source/Common/Rva0082C6E0VectorErase.cpp; +1 more,name:?rva0082C6E0CopyValues@@YAPAURva0082C6E0Value@@PAU1@00@Z,nothing defines it (pinned-elsewhere),tools/provider_repair.py,007ae4e6b1
370,provider,?bfmeAccept@Gen_00217810@@AAEXPAVBfmeSeedTarget@@@Z,0x00036714,1,114,180,game/GameEngine/Source/Common/Rva00216570Seed.cpp,name:?bfmeAccept@Gen_00217810@@AAEXPAVBfmeSeedTarget@@@Z,nothing defines it (pinned-elsewhere),tools/provider_repair.py,007ae4e6b1
371,body,?winGetInstanceData@GameWindow@@QAEPAVWinInstanceData@@XZ,0x00478C60,1,114,167,game/GameEngine/Source/GameClient/GUI/Rva00485460CopyDrawData.cpp,source:inputs/reference/CnC_Generals_Zero_Hour/Generals/Code/GameEngine/Source/GameClient/GUI/GameWindow.cpp,bytes differ at +0x2 (0x00478C62),tools/probe.py,007ae4e6b1
372,provider,?bfmeBeginBD@BfmeHostBD@@QAEXPAVBfmeAgentBD@@@Z,0x000044C1,1,114,114,game/GameEngine/Source/Common/BfmeConv1909.cpp,name:?bfmeBeginBD@BfmeHostBD@@QAEXPAVBfmeAgentBD@@@Z,nothing defines it (pinned-elsewhere),tools/provider_repair.py,007ae4e6b1
373,provider,?d_008859d0@Rva00886A20Class@@QAEXPBDPAD@Z,0x004859D0,1,114,114,game/Libraries/Source/WWVegas/WWDownload/Rva00886A20.cpp,name:?d_008859d0@Rva00886A20Class@@QAEXPBDPAD@Z,nothing defines it (alias),tools/provider_repair.py,007ae4e6b1
374,other,?getFinalOverride@Rva000F4640Overridable@@QBEPBV1@XZ,0x000022BB,1,114,114,game/GameEngine/Source/Common/RTS/Rva000F4640TeamTargetableCount.cpp,name:?getFinalOverride@Rva000F4640Overridable@@QBEPBV1@XZ,nothing defines it,tools/link_check.py,007ae4e6b1
375,body,?Rva007FFAD0@@YAII@Z,0x007FFAD0,1,113,113,game/GameEngine/Source/GameNetwork/Rva007FFAD0ByteSwap.cpp,source:game/GameEngine/Source/GameNetwork/Rva007FFAD0ByteSwap.cpp,bytes differ at +0x7A (0x007FFB4A),tools/probe.py,007ae4e6b1
376,data,?g_Rva01095F98@@3MA,0x00C95F98,1,113,113,game/GameEngine/Source/GameLogic/Object/Update/AIUpdate/Rva002BC310HeightPredicate.cpp,name:?g_Rva01095F98@@3MA,retail code reads the compiler literal __real@3e99999a there,tools/provider_repair.py data-next,007ae4e6b1
377,eh,$T337,0x00E4BE88,1,113,93,game/GameEngine/Source/Common/Bfme5TwoTexturePtrDtor.cpp,source:game/GameEngine/Source/Common/Bfme5TwoTexturePtrDtor.cpp,"1 unrelocated in-image dword(s), first 0x01199305 at +0x1: p",tools/probe.py,007ae4e6b1
378,provider,?bfmeBeginAV@BfmeHostAV@@QAEXPAVBfmeAgentAV@@@Z,0x000044C1,1,112,112,game/GameEngine/Source/Common/BfmeConv1902.cpp,name:?bfmeBeginAV@BfmeHostAV@@QAEXPAVBfmeAgentAV@@@Z,nothing defines it (pinned-elsewhere),tools/provider_repair.py,007ae4e6b1
379,body,?winHide@GameWindow@@QAEH_N@Z,0x00478390,2,110,1846,game/GameEngine/Source/GameClient/GUI/GUICallbacks/Menus/WOLQuickMatchMenuShowInfoGadgets.cpp; +1 more,source:inputs/reference/CnC_Generals_Zero_Hour/Generals/Code/GameEngine/Source/GameClient/GUI/GameWindow.cpp,bytes differ at +0x0 (0x00478390),tools/probe.py,007ae4e6b1
380,data,?g_w3dMouseD3DDevice@@3PAVD3DDeviceInterface@@A,0x00F40534,1,110,110,game/Libraries/Source/WWVegas/WW3D2/Rva0093D050CopySurfaceRects.cpp,name:?g_w3dMouseD3DDevice@@3PAVD3DDeviceInterface@@A,nothing defines it (data),tools/provider_repair.py data-next,007ae4e6b1
381,provider,?getBounds@Bridge@@QBEXPAURegion2D@@@Z,0x0000FEE8,1,110,110,game/GameEngine/Source/GameLogic/Pathfinder/pathfinder_layer.cpp,name:?getBounds@Bridge@@QBEXPAURegion2D@@@Z,nothing defines it (pinned-elsewhere),tools/provider_repair.py,007ae4e6b1
382,data,?Data00EF8048@@3PAVRva006E1CD0Obj@@A,0x00EF8048,1,109,109,game/GameEngine/Source/Common/Rva006E1CD0Distance.cpp,name:?Data00EF8048@@3PAVRva006E1CD0Obj@@A,nothing defines it (data),tools/provider_repair.py data-next,007ae4e6b1
383,bridge,?append@Rva8CDA60State@@QAEXPAX00PAVRva8CDA60Value@@HHH@Z,0x004CC690,1,109,109,game/Libraries/Source/EA/Apt/Rva8CDA60StackDispatch.cpp,name:?append@Rva8CDA60State@@QAEXPAX00PAVRva8CDA60Value@@HHH@Z,nothing defines it (dump),tools/next_work.py,007ae4e6b1
384,provider,?bfmeBaseUpdate@XferMD5CRC@@QAEXPAXPBXI@Z,0x005D6E50,1,109,109,game/Libraries/Source/xfer/xfer_crc.cpp,name:?bfmeBaseUpdate@XferMD5CRC@@QAEXPAXPBXI@Z,nothing defines it (alias),tools/provider_repair.py,007ae4e6b1
385,provider,?bfmeSetVSK@BfmeStrVSK@@QAEXPBDH@Z,0x00487D20,1,109,109,game/GameEngine/Source/Common/BfmeConv1585.cpp,name:?bfmeSetVSK@BfmeStrVSK@@QAEXPBDH@Z,nothing defines it (alias),tools/provider_repair.py,007ae4e6b1
386,data,_bfmeVftCUAb,0x0091126C,1,109,109,game/GameEngine/Source/Common/BfmeConv2062.cpp,name:_bfmeVftCUAb,nothing defines it (data),tools/provider_repair.py data-next,007ae4e6b1
387,data,?BfmeBoundaryZero3D@@3MB,0x00875350,1,108,108,game/GameEngine/Source/GameLogic/Object/Object_bfmeBoundaryDistanceSquared3D.cpp,name:?BfmeBoundaryZero3D@@3MB,retail code reads the compiler literal __real@00000000 there,tools/provider_repair.py data-next,007ae4e6b1
388,provider,?bfmeReset@Gen009D6E10@@QAEXPAVBfmePeer@@@Z,0x005D6410,2,108,108,game/GameEngine/Source/Common/Gen009D6E10.cpp; +1 more,name:?bfmeReset@Gen009D6E10@@QAEXPAVBfmePeer@@@Z,nothing defines it (alias),tools/provider_repair.py,007ae4e6b1
389,data,?g_bfmeGlo012F15F8@@3PAVBfmeOverride1137@@A,0x00EF15F8,1,108,108,game/GameEngine/Source/Common/BfmeConv1137CopyFromOverride.cpp,name:?g_bfmeGlo012F15F8@@3PAVBfmeOverride1137@@A,nothing defines it (data),tools/provider_repair.py data-next,007ae4e6b1
390,other,?preflight@Rva00249310Owner@@QAE_NPAVRva00249310Object@@_N@Z,0x0002C836,1,108,108,game/GameEngine/Source/GameLogic/AI/Rva00249310Check.cpp,name:?preflight@Rva00249310Owner@@QAE_NPAVRva00249310Object@@_N@Z,nothing defines it,tools/link_check.py,007ae4e6b1
391,provider,?accept@Rva0028EF80Switch@@QBE_NI@Z,0x0028EF80,1,108,54,game/GameEngine/Source/Common/Rva0028EFSwitches.cpp,source:game/GameEngine/Source/Common/Rva0028EFSwitches.cpp,+0x24 own label lands at 0x0028EF9C,tools/provider_repair.py,007ae4e6b1
392,provider,?bfmeSearchQW@@YAPADPAD0E@Z,0x0042DF70,1,107,107,game/GameEngine/Source/Common/BfmeThreeHundredFive.cpp,name:?bfmeSearchQW@@YAPADPAD0E@Z,nothing defines it (alias),tools/provider_repair.py,007ae4e6b1
393,import,__imp_?Rva01358EA8@@YGXPAX@Z,0x00F58EA8,1,107,107,game/GameEngine/Source/Common/Rva000C2A30Dump.cpp,name:__imp_?Rva01358EA8@@YGXPAX@Z,nothing defines it (import),tools/import_binding.py,007ae4e6b1
394,provider,_bfmeSwapC1151,0x0042D010,1,107,107,game/GameEngine/Source/Common/BfmeConv1151.cpp,name:_bfmeSwapC1151,nothing defines it (alias),tools/provider_repair.py,007ae4e6b1
395,provider,?b_006ae150@@YAXXZ,0x002AE150,1,106,106,game/GameEngine/Source/Common/Rva006B07B0Clamp.cpp,name:?b_006ae150@@YAXXZ,nothing defines it (alias),tools/provider_repair.py,007ae4e6b1
396,provider,?bfmeReserveVKK@BfmeStrVKK@@QAEXIHIHI@Z,0x0049E570,1,106,106,game/GameEngine/Source/Common/BfmeConv1404.cpp,name:?bfmeReserveVKK@BfmeStrVKK@@QAEXIHIHI@Z,nothing defines it (alias),tools/provider_repair.py,007ae4e6b1
397,provider,?copyFrom@BfmeTailE9@@QAEXPBU1@@Z,0x00487C90,1,106,106,game/GameEngine/Source/Common/Rva0087E9B0Fill.cpp,name:?copyFrom@BfmeTailE9@@QAEXPBU1@@Z,nothing defines it (alias),tools/provider_repair.py,007ae4e6b1
398,data,?TheBfmeMixFileInfoCount@@3HA,0x00EF1098,1,105,105,game/GameEngine/Source/Common/MixFileInfoBuffer_releaseInto.cpp,name:?TheBfmeMixFileInfoCount@@3HA,nothing defines it (data),tools/provider_repair.py data-next,007ae4e6b1
399,provider,?bfmeSetVMV@BfmeStrVMV@@QAEXABV1@@Z,0x00487C90,1,105,105,game/GameEngine/Source/Common/BfmeConv1482.cpp,name:?bfmeSetVMV@BfmeStrVMV@@QAEXABV1@@Z,nothing defines it (alias),tools/provider_repair.py,007ae4e6b1
400,import,__imp_?bfmeClose1033@@YGXH@Z,0x00B58CCC,1,105,105,game/Libraries/Source/WWVegas/WWDebug/Rva0088E090ResumeOtherThreads.cpp,name:__imp_?bfmeClose1033@@YGXH@Z,nothing defines it (import),tools/import_binding.py,007ae4e6b1
401,provider,?clearCellForDiameter@Pathfinder@@QAEHHHHHHH@Z,0x00048D29,1,104,582,game/GameEngine/Source/GameLogic/AI/PathfindCellCallbackDeda0.cpp,name:?clearCellForDiameter@Pathfinder@@QAEHHHHHHH@Z,nothing defines it (pinned-elsewhere),tools/provider_repair.py,007ae4e6b1
402,provider,?bfmeAssignESD@BfmeSubESD@@QAEXPAX0PAPAX@Z,0x00021A58,1,104,104,game/GameEngine/Source/Common/BfmeConv1968.cpp,name:?bfmeAssignESD@BfmeSubESD@@QAEXPAX0PAPAX@Z,nothing defines it (pinned-elsewhere),tools/provider_repair.py,007ae4e6b1
403,provider,?bfmeStepBQC@BfmeSubBQC@@QAEXXZ,0x0002E1C7,1,104,104,game/GameEngine/Source/Common/Rva004488B0FourBlockCopy.cpp,name:?bfmeStepBQC@BfmeSubBQC@@QAEXXZ,nothing defines it (pinned-elsewhere),tools/provider_repair.py,007ae4e6b1
404,data,?g_emptyStringData@@3UBfmeIterator1285@@A,0x00ED5298,2,104,104,game/GameEngine/Source/Common/BfmeIteratorFirst1285.cpp; +1 more,name:?g_emptyStringData@@3UBfmeIterator1285@@A,nothing defines it (data),tools/provider_repair.py data-next,007ae4e6b1
405,provider,??4BfmeRva004262F0Map@@QAEAAV0@ABV0@@Z,0x000083E1,1,103,103,game/GameEngine/Source/Common/Rva004262F0Copy.cpp,name:??4BfmeRva004262F0Map@@QAEAAV0@ABV0@@Z,nothing defines it (pinned-elsewhere),tools/provider_repair.py,007ae4e6b1
406,data,?bfmeFmtDYG@@3PADA,0x00CF71E0,1,103,103,game/GameEngine/Source/Common/SmallGaps/Rva00892230BuildPath.cpp,name:?bfmeFmtDYG@@3PADA,nothing defines it (data),tools/provider_repair.py data-next,007ae4e6b1
407,provider,?bfmeHelpFD@BfmeObjFD@@QAEXXZ,0x0001992F,1,103,103,game/GameEngine/Source/Common/Rva0040FD90Clear.cpp,name:?bfmeHelpFD@BfmeObjFD@@QAEXXZ,nothing defines it (pinned-elsewhere),tools/provider_repair.py,007ae4e6b1
408,provider,?bfmeTailDTK@Rva00168850DTK@@QAEXXZ,0x0001C75B,1,103,103,game/GameEngine/Source/Common/Rva00168850ThingDTKVariantUpdate.cpp,name:?bfmeTailDTK@Rva00168850DTK@@QAEXXZ,nothing defines it (pinned-elsewhere),tools/provider_repair.py,007ae4e6b1
409,provider,?fill@Gen003C9470Owner@@QAEXPAXPAUGen003BC9C0Pair@@@Z,0x00033EBA,1,103,103,game/GameEngine/Source/Common/Rva003C9AB0ProjectItems.cpp,name:?fill@Gen003C9470Owner@@QAEXPAXPAUGen003BC9C0Pair@@@Z,nothing defines it (pinned-elsewhere),tools/provider_repair.py,007ae4e6b1
410,data,?g_bfmeResult1234@@3PAXA,0x00B379BC,1,103,103,game/GameEngine/Source/Common/BfmeConv1234.cpp,name:?g_bfmeResult1234@@3PAXA,nothing defines it (data),tools/provider_repair.py data-next,007ae4e6b1
411,body,?getRelationship@Object@@QBE?AW4Relationship@@PBV1@@Z,0x001C7950,2,102,333,game/GameEngine/Source/GameLogic/Object/Contain/Rva21B310RelationshipCapacity.cpp; +1 more,source:game/GameEngine/Source/GameLogic/Object/Object.cpp,bytes differ at +0x0 (0x001C7950),tools/probe.py,007ae4e6b1
412,data,?Rva006A16B0Empty@@3QBDB,0x00C7388B,1,102,316,game/GameEngineDevice/Source/W3DDevice/GameClient/Drawable/Draw/Gen00764700ControllingPlayerNotify.cpp,name:?Rva006A16B0Empty@@3QBDB,retail code reads the compiler literal ??_C@_00CNPNBAHC@?$AA,tools/provider_repair.py data-next,007ae4e6b1
413,data,?Rva01142BA0Table@@3QBGB,0x00D42BA0,2,102,102,game/GameEngine/Source/Common/Rva009AB950BlockSelect.cpp; +1 more,name:?Rva01142BA0Table@@3QBGB,nothing defines it (data),tools/provider_repair.py data-next,007ae4e6b1
414,data,?TheTacticalViewFadeShim@@3PAVTacticalViewFadeShim@@A,0x00EF1600,1,102,102,game/GameEngine/Source/Common/BfmeConv1283.cpp,name:?TheTacticalViewFadeShim@@3PAVTacticalViewFadeShim@@A,nothing defines it (data),tools/provider_repair.py data-next,007ae4e6b1
415,provider,?bfmeProcessGD@BfmeRingGD@@QAEXHPAX@Z,0x000082A6,1,102,102,game/GameEngine/Source/Common/BfmeConv2057.cpp,name:?bfmeProcessGD@BfmeRingGD@@QAEXHPAX@Z,nothing defines it (pinned-elsewhere),tools/provider_repair.py,007ae4e6b1
416,provider,?rva00364980PopHeapAuxCall@@YAXPAURva00364980HeapElement@@00URva00364980HeapCompare@@@Z,0x0001CEB8,1,102,102,game/GameEngine/Source/Common/Rva00366390SortHeap.cpp,name:?rva00364980PopHeapAuxCall@@YAXPAURva00364980HeapElement@@00URva00364980HeapCompare@@@Z,nothing defines it (pinned-elsewhere),tools/provider_repair.py,007ae4e6b1
417,provider,?copyFrom@BfmeTailF0@@QAEXPBU1@@Z,0x00487B60,1,101,101,game/GameEngine/Source/Common/Rva0087F0F0Set.cpp,name:?copyFrom@BfmeTailF0@@QAEXPBU1@@Z,nothing defines it (alias),tools/provider_repair.py,007ae4e6b1
418,provider,?invoke@BfmeCallJ3A1FC@@QBEPAUBfmeEntryBB@@H@Z,0x0003A1FC,1,101,101,game/GameEngine/Source/Common/Rva002E4CA0CompoundLookup.cpp,name:?invoke@BfmeCallJ3A1FC@@QBEPAUBfmeEntryBB@@H@Z,nothing defines it (pinned-elsewhere),tools/provider_repair.py,007ae4e6b1
419,data,_BfmeItoaImport,0x00F5935C,1,101,101,game/Libraries/Source/debug/Rva00889880.cpp,name:_BfmeItoaImport,nothing defines it (data),tools/provider_repair.py data-next,007ae4e6b1
420,data,_g_bfmeOtherBN,0x00EEF1D8,1,101,101,game/GameEngine/Source/Common/Rva001E4350.cpp,name:_g_bfmeOtherBN,nothing defines it (data),tools/provider_repair.py data-next,007ae4e6b1
421,provider,?b_001d0520@@YAXXZ,0x001D0520,1,100,100,game/GameEngine/Source/Common/Bfme/Rva00239580PositionWalk.cpp,name:?b_001d0520@@YAXXZ,nothing defines it (alias),tools/provider_repair.py,007ae4e6b1
422,import,__imp_?ntohs@@YGHH@Z,0x00F5972C,2,100,100,game/GameEngine/Source/Common/Rva0068D5A0EmitPort.cpp; +1 more,name:__imp_?ntohs@@YGHH@Z,nothing defines it (import),tools/import_binding.py,007ae4e6b1
423,data,?Rva01336E50Str@@3URva002E5FF0Str@@A,0x00F36E50,2,100,24,game/GameEngine/Source/Common/Rva006910D0TinyBodies.cpp; +1 more,name:?Rva01336E50Str@@3URva002E5FF0Str@@A,nothing defines it (data),tools/provider_repair.py data-next,007ae4e6b1
424,data,_filtertable,0x00ED7308,1,99,1353,game/Libraries/Source/WWVegas/WW3D2/Rva0095B260HanimFade.cpp,source:game/Libraries/Source/WWVegas/WW3D2/motchan.cpp,"6 unrelocated in-image dword(s), first 0x00412000 at +0x25: ",tools/reloc_ledger.py,007ae4e6b1
425,provider,??1Gen00134590@@QAE@XZ,0x00134590,1,99,99,game/GameEngine/Source/Common/Containers/Rva00134590Vector.cpp,name:??1Gen00134590@@QAE@XZ,nothing defines it (alias),tools/provider_repair.py,007ae4e6b1
426,provider,?bfmeAssignVSE@BfmeStrVSE@@QAEAAV1@PBD0@Z,0x0002B297,1,99,99,game/GameEngine/Source/Common/BfmeConv1573.cpp,name:?bfmeAssignVSE@BfmeStrVSE@@QAEAAV1@PBD0@Z,nothing defines it (pinned-elsewhere),tools/provider_repair.py,007ae4e6b1
427,provider,?bfmeEraseVLQ@BfmeListVLQ@@QAEXH@Z,0x0004B65F,1,99,99,game/GameEngine/Source/Common/BfmeConv1416.cpp,name:?bfmeEraseVLQ@BfmeListVLQ@@QAEXH@Z,nothing defines it (pinned-elsewhere),tools/provider_repair.py,007ae4e6b1
428,provider,?bfmeLen1224@BfmeSub1224@@QAEHXZ,0x0049CC10,1,99,99,game/GameEngine/Source/Common/BfmeConv1224.cpp,name:?bfmeLen1224@BfmeSub1224@@QAEHXZ,nothing defines it (alias),tools/provider_repair.py,007ae4e6b1
429,data,?TheTransitionHandler@@3PAVGameWindowTransitionsHandler@@A,0x00EF3330,1,98,119,game/GameEngine/Source/GameLogic/System/Rva0048A6A0WaitForTransition.cpp,name:?TheTransitionHandler@@3PAVGameWindowTransitionsHandler@@A,nothing defines it (data),tools/provider_repair.py data-next,007ae4e6b1
430,data,?TheTerrainRenderObject@@3PAVBfmeTerrainRenderObject@@A,0x00EF7FE0,1,98,98,game/GameEngineDevice/Source/W3DDevice/GameLogic/W3DTerrainLogicExtent.cpp,name:?TheTerrainRenderObject@@3PAVBfmeTerrainRenderObject@@A,nothing defines it (data),tools/provider_repair.py data-next,007ae4e6b1
431,provider,?bfmeGetPoolVLR@@YAPAVBfmePoolVLR@@XZ,0x003EFFC0,1,98,98,game/GameEngine/Source/Common/BfmeConv1417.cpp,name:?bfmeGetPoolVLR@@YAPAVBfmePoolVLR@@XZ,nothing defines it (alias),tools/provider_repair.py,007ae4e6b1
432,provider,??0Rva005862C0Member@@QAE@ABV0@@Z,0x0003CA29,1,97,97,game/GameEngine/Source/Common/Bfme5MixedMemberCopyCtor.cpp,name:??0Rva005862C0Member@@QAE@ABV0@@Z,nothing defines it (pinned-elsewhere),tools/provider_repair.py,007ae4e6b1
433,provider,?bfmeAllocQL@@YAPAXHPAX@Z,0x00030940,1,97,97,game/GameEngine/Source/Common/BfmeTwoHundredNinetySix.cpp,name:?bfmeAllocQL@@YAPAXHPAX@Z,nothing defines it (pinned-elsewhere),tools/provider_repair.py,007ae4e6b1
434,data,?g_bfmeVtaVNE@@3PAXA,0x008ED8D4,1,97,66,game/GameEngine/Source/Common/Rva003BBAF0Ctor.cpp,name:?g_bfmeVtaVNE@@3PAXA,nothing defines it (data),tools/provider_repair.py data-next,007ae4e6b1
435,data,?Rva001F84B0Vtable@@3HA,0x00CA372C,1,97,9,game/GameEngine/Source/Common/Rva001FAdjacentTinyBodies.cpp,name:?Rva001F84B0Vtable@@3HA,nothing defines it (data),tools/provider_repair.py data-next,007ae4e6b1
436,other,?insertUnique@Rva0006AA90Vector@@QAEPAURva0006AA90InsertResult@@PCU2@ABURva0006AA90Element@@@Z,0x00030053,1,96,96,game/GameEngine/Source/Common/Rva0006AB10CurveSet.cpp,name:?insertUnique@Rva0006AA90Vector@@QAEPAURva0006AA90InsertResult@@PCU2@ABURva0006AA90Element@@@Z,nothing defines it,tools/link_check.py,007ae4e6b1
437,data,_Rva008A30A0ReleasePtr,0x00F3782C,1,96,96,game/GameEngine/Source/Common/Gen00895200ListRemove.cpp,name:_Rva008A30A0ReleasePtr,nothing defines it (data),tools/provider_repair.py data-next,007ae4e6b1
438,data,?g_bfmeClockBL@@3PAVBfmeClockBL@@A,0x00EF0898,1,96,36,game/GameEngine/Source/Common/Bfme5TinyFive.cpp,name:?g_bfmeClockBL@@3PAVBfmeClockBL@@A,nothing defines it (data),tools/provider_repair.py data-next,007ae4e6b1
439,body,??$__match@V?$istreambuf_iterator@GV?$char_traits@G@_STL@@@_STL@@PAV?$basic_string@DV?$char_traits@D@_STL@@V?$allocator@D@2@@2@J@_STL@@YAPAV?$basic_string@DV?$char_traits@D@_STL@@V?$allocator@D@2@@0@AAV?$istreambuf_iterator@GV?$char_traits@G@_STL@@@0@0PAV10@1PAJ@Z,0x00837190,1,95,663,game/Libraries/Source/WWVegas/WWLib/TimeGetWideMonthNames00846BD0.cpp,source:game/stlport/X4TimeFacets.cpp,bytes differ at +0x2 (0x00837192),tools/probe.py,007ae4e6b1
440,body,??$__match@V?$istreambuf_iterator@DV?$char_traits@D@_STL@@@_STL@@PAV?$basic_string@DV?$char_traits@D@_STL@@V?$allocator@D@2@@2@J@_STL@@YAPAV?$basic_string@DV?$char_traits@D@_STL@@V?$allocator@D@2@@0@AAV?$istreambuf_iterator@DV?$char_traits@D@_STL@@@0@0PAV10@1PAJ@Z,0x00836BC0,1,95,655,game/Libraries/Source/WWVegas/WWLib/Rva00846A40MatchMonth.cpp,source:game/stlport/X4TimeFacets.cpp,bytes differ at +0x2 (0x00836BC2),tools/probe.py,007ae4e6b1
441,provider,??4Rva00630D00UStr@@QAEAAV0@ABV0@@Z,0x00488530,3,95,95,game/GameEngine/Source/Common/Rva0013E470Take.cpp; +2 more,name:??4Rva00630D00UStr@@QAEAAV0@ABV0@@Z,nothing defines it (alias),tools/provider_repair.py,007ae4e6b1
442,provider,?bfmeAllocQT@@YAPAXHPAX@Z,0x00030940,1,95,95,game/GameEngine/Source/Common/BfmeThreeHundredTwo.cpp,name:?bfmeAllocQT@@YAPAXHPAX@Z,nothing defines it (pinned-elsewhere),tools/provider_repair.py,007ae4e6b1
443,provider,?bfmeCallCIB@@YAHPAX000@Z,0x003EC5C0,2,95,95,game/GameEngine/Source/Common/Rva007E8980Guard.cpp; +1 more,name:?bfmeCallCIB@@YAHPAX000@Z,nothing defines it (alias),tools/provider_repair.py,007ae4e6b1
444,data,?g_bfmeTableERJ@@3PAVBfmeTableERJ@@A,0x00AEF428,1,95,95,game/GameEngine/Source/Common/Rva0034F950ReleaseBfmeTable.cpp,name:?g_bfmeTableERJ@@3PAVBfmeTableERJ@@A,nothing defines it (data),tools/provider_repair.py data-next,007ae4e6b1
445,data,?g_bfmeTableBZ@@3PAHA,0x00D41708,1,95,24,game/GameEngine/Source/Common/Bfme5TinyNine.cpp,name:?g_bfmeTableBZ@@3PAHA,nothing defines it (data),tools/provider_repair.py data-next,007ae4e6b1
446,provider,?apply@Rva0069AFC0Block@@QAEXPAX0000@Z,0x000017BC,1,94,94,game/GameEngine/Source/Common/Rva0069AFC0LockedChannelCall.cpp,name:?apply@Rva0069AFC0Block@@QAEXPAX0000@Z,nothing defines it (pinned-elsewhere),tools/provider_repair.py,007ae4e6b1
447,provider,?bfmeCmpXD@BfmeStrXD@@QBEHABV1@@Z,0x000220C5,1,94,94,game/GameEngine/Source/Common/BfmeConv2083.cpp,name:?bfmeCmpXD@BfmeStrXD@@QBEHABV1@@Z,nothing defines it (pinned-elsewhere),tools/provider_repair.py,007ae4e6b1
448,provider,?bfmeFreeSizedXC@@YAXPAXI@Z,0x0042E5F0,2,94,94,game/GameEngine/Source/Common/BfmeThreeHundredSeventyThree.cpp; +1 more,name:?bfmeFreeSizedXC@@YAXPAXI@Z,nothing defines it (alias),tools/provider_repair.py,007ae4e6b1
449,other,?getHeightAboveTerrainOrWater@Rva0073A6C0Thing@@QBEMXZ,0x00005948,1,94,27,game/GameEngine/Source/Common/Rva006430A0TinyBodies.cpp,name:?getHeightAboveTerrainOrWater@Rva0073A6C0Thing@@QBEMXZ,nothing defines it,tools/link_check.py,007ae4e6b1
450,data,?TheGameLODManager@@3PAVGameLODLevelState00752F40@@A,0x00EED5AC,1,93,93,game/GameEngineDevice/Source/W3DDevice/GameClient/Drawable/Rva00752F40Handle.cpp,name:?TheGameLODManager@@3PAVGameLODLevelState00752F40@@A,nothing defines it (data),tools/provider_repair.py data-next,007ae4e6b1
451,provider,?bfmeReserveVKJ@BfmeStrVKJ@@QAEXIHIHI@Z,0x0049E570,1,93,93,game/Libraries/Source/EA/Apt/AptString/EAStringAppendBounded.cpp,name:?bfmeReserveVKJ@BfmeStrVKJ@@QAEXIHIHI@Z,nothing defines it (alias),tools/provider_repair.py,007ae4e6b1
452,provider,?bfmeRunUD@BfmeTgtUD@@QAEXPAXVBfmeVecUD@@0000000@Z,0x00018FF2,1,93,93,game/GameEngine/Source/Common/BfmeConv1730.cpp,name:?bfmeRunUD@BfmeTgtUD@@QAEXPAXVBfmeVecUD@@0000000@Z,nothing defines it (pinned-elsewhere),tools/provider_repair.py,007ae4e6b1
453,provider,?bfmeRunUE@BfmeTgtUE@@QAEXPAXVBfmeVecUE@@0000000@Z,0x00017C6A,1,93,93,game/GameEngine/Source/Common/BfmeConv1731.cpp,name:?bfmeRunUE@BfmeTgtUE@@QAEXPAXVBfmeVecUE@@0000000@Z,nothing defines it (pinned-elsewhere),tools/provider_repair.py,007ae4e6b1
454,provider,?bfmeStepVOY@@YAXPAX0H0@Z,0x0003CEED,1,93,93,game/GameEngine/Source/Common/BfmeConv1555.cpp,name:?bfmeStepVOY@@YAXPAX0H0@Z,nothing defines it (pinned-elsewhere),tools/provider_repair.py,007ae4e6b1
455,provider,?bfmeStepVOZ@@YAXPAX0H0@Z,0x00008FCB,1,93,93,game/GameEngine/Source/Common/BfmeConv1557.cpp,name:?bfmeStepVOZ@@YAXPAX0H0@Z,nothing defines it (pinned-elsewhere),tools/provider_repair.py,007ae4e6b1
456,provider,?clearLocalStagingState@BfmeAptScreenOnlineCustomMatch@@QAEXXZ,0x0001118F,1,93,93,game/GameEngine/Source/GameClient/GUI/GUICallbacks/Apt/AptOnlineCustomMatch.cpp,name:?clearLocalStagingState@BfmeAptScreenOnlineCustomMatch@@QAEXXZ,nothing defines it (pinned-elsewhere),tools/provider_repair.py,007ae4e6b1
457,other,?createString@Rva008AE770Stack@@QAEPAVRva00899770@@PAXHPAVBfmeStrVKI@@HHH@Z,0x004CC940,1,93,93,game/Libraries/Source/EA/Apt/Rva8CEDA0PushConstantVariable.cpp,name:?createString@Rva008AE770Stack@@QAEPAVRva00899770@@PAXHPAVBfmeStrVKI@@HHH@Z,nothing defines it,tools/link_check.py,007ae4e6b1
458,provider,?Make00001B18@@YAPAVGen00001B18@@XZ,0x00001B18,1,92,92,game/GameEngine/Source/Common/S1LazyPointerFieldReads.cpp,name:?Make00001B18@@YAPAVGen00001B18@@XZ,nothing defines it (pinned-elsewhere),tools/provider_repair.py,007ae4e6b1
459,data,?TheBfmeClientYB@@3PAVBfmeClientYB@@A,0x00AF1464,1,92,92,game/GameEngine/Source/Common/BfmeConv1858.cpp,name:?TheBfmeClientYB@@3PAVBfmeClientYB@@A,nothing defines it (data),tools/provider_repair.py data-next,007ae4e6b1
460,provider,?bfmeSetVOS@BfmeStrVOS@@QAEXABV1@@Z,0x00487C90,1,92,92,game/GameEngine/Source/Common/BfmeConv1543.cpp,name:?bfmeSetVOS@BfmeStrVOS@@QAEXABV1@@Z,nothing defines it (alias),tools/provider_repair.py,007ae4e6b1
461,provider,?bfmeSetVOT@BfmeStrVOT@@QAEXABV1@@Z,0x00487C90,1,92,92,game/GameEngine/Source/Common/BfmeConv1545.cpp,name:?bfmeSetVOT@BfmeStrVOT@@QAEXABV1@@Z,nothing defines it (alias),tools/provider_repair.py,007ae4e6b1
462,data,?g_bfmeRegion3DFormat@@3QBDB,0x00D44388,1,92,92,game/GameEngine/Source/Common/Gen009D96B0.cpp,name:?g_bfmeRegion3DFormat@@3QBDB,nothing defines it (data),tools/provider_repair.py data-next,007ae4e6b1
463,provider,?rva571c40@@YAXPAVRva572670Record@@HHV1@H@Z,0x0000CE0A,1,92,92,game/GameEngine/Source/Common/System/Rva572670.cpp,name:?rva571c40@@YAXPAVRva572670Record@@HHV1@H@Z,nothing defines it (pinned-elsewhere),tools/provider_repair.py,007ae4e6b1
464,provider,?bfmeTailDTK@BfmeThingDTK@@QAEXXZ,0x0001C75B,1,91,113,game/GameEngine/Source/Common/BfmeThingDTKUpdate.cpp,name:?bfmeTailDTK@BfmeThingDTK@@QAEXXZ,nothing defines it (pinned-elsewhere),tools/provider_repair.py,007ae4e6b1
465,provider,?bfmeHandleVOQ@BfmeSubVOQ@@QAEXXZ,0x0049C880,1,91,91,game/GameEngine/Source/Common/BfmeConv1541.cpp,name:?bfmeHandleVOQ@BfmeSubVOQ@@QAEXXZ,nothing defines it (alias),tools/provider_repair.py,007ae4e6b1
466,other,?bfmeTryZZ@BfmeOwnerZZ@@QAEDPAVBfmeItemZZ@@@Z,0x000441A2,1,91,91,game/GameEngine/Source/GameLogic/AI/BfmeConv1892.cpp,name:?bfmeTryZZ@BfmeOwnerZZ@@QAEDPAVBfmeItemZZ@@@Z,nothing defines it,tools/link_check.py,007ae4e6b1
467,data,?g_bfme927Vft@@3PADA,0x0093A56C,1,91,91,game/GameEngine/Source/Common/Rva0090C280Ctor.cpp,name:?g_bfme927Vft@@3PADA,nothing defines it (data),tools/provider_repair.py data-next,007ae4e6b1
468,provider,?notify@BfmeRva489E0Base@@QAEXPAVBfmeRva489E0Object@@H@Z,0x0003D735,1,91,91,game/GameEngine/Source/GameLogic/Object/Contain/HordeContain/HordeGarrisonContain.cpp,name:?notify@BfmeRva489E0Base@@QAEXPAVBfmeRva489E0Object@@H@Z,nothing defines it (pinned-elsewhere),tools/provider_repair.py,007ae4e6b1
469,data,?TheLivingWorldLogic@@3PAVCampaignObject@@A,0x00EF1028,1,90,90,game/GameEngine/Source/GameLogic/System/GameLogic_isInLivingWorldCampaign.cpp,name:?TheLivingWorldLogic@@3PAVCampaignObject@@A,nothing defines it (data),tools/provider_repair.py data-next,007ae4e6b1
470,provider,?bfmeAllowBV@@YADH@Z,0x00015B72,1,90,90,game/GameEngine/Source/Common/BfmeConv1760.cpp,name:?bfmeAllowBV@@YADH@Z,nothing defines it (pinned-elsewhere),tools/provider_repair.py,007ae4e6b1
471,provider,?bfmeFreeVNY@@YAXPAXI@Z,0x0042E5F0,1,90,90,game/GameEngine/Source/Common/BfmeConv1523.cpp,name:?bfmeFreeVNY@@YAXPAXI@Z,nothing defines it (alias),tools/provider_repair.py,007ae4e6b1
472,provider,?bfmeResolveVQ@BfmeInnerVQ@@QAEPAVBfmeThingVQ@@XZ,0x000022BB,1,90,90,game/GameEngine/Source/Common/BfmeConv1791.cpp,name:?bfmeResolveVQ@BfmeInnerVQ@@QAEPAVBfmeThingVQ@@XZ,nothing defines it (pinned-elsewhere),tools/provider_repair.py,007ae4e6b1
473,provider,?bfmeResolveWQ@BfmeInnerWQ@@QAEPAVBfmeThingWQ@@XZ,0x000022BB,1,90,90,game/GameEngine/Source/Common/BfmeConv1792.cpp,name:?bfmeResolveWQ@BfmeInnerWQ@@QAEPAVBfmeThingWQ@@XZ,nothing defines it (pinned-elsewhere),tools/provider_repair.py,007ae4e6b1
474,data,?g_bfmeZeroXY@@3MB,0x00875350,1,90,90,game/GameEngine/Source/Common/BfmeConv1856.cpp,name:?g_bfmeZeroXY@@3MB,retail code reads the compiler literal __real@00000000 there,tools/provider_repair.py data-next,007ae4e6b1
475,provider,?isGoalPosWithinAttackRange@Weapon@@QBE_NPBVObject@@PBUCoord3D@@01H@Z,0x0003A4E5,1,90,90,game/GameEngine/Source/GameLogic/Object/Weapon_isWithinAttackRange.cpp,name:?isGoalPosWithinAttackRange@Weapon@@QBE_NPBVObject@@PBUCoord3D@@01H@Z,nothing defines it (pinned-elsewhere),tools/provider_repair.py,007ae4e6b1
476,provider,??0AsciiStringXB@@QAE@ABV0@@Z,0x00487B60,1,89,89,game/GameEngine/Source/Common/BfmeTuningCtorXB.cpp,name:??0AsciiStringXB@@QAE@ABV0@@Z,nothing defines it (alias),tools/provider_repair.py,007ae4e6b1
477,provider,?dispatch@Rva00736AF0Context@@QAEXHPAX@Z,0x00034EC3,1,89,89,game/GameEngine/Source/GameLogic/Rva00736AF0LookupDispatch.cpp,name:?dispatch@Rva00736AF0Context@@QAEXHPAX@Z,nothing defines it (pinned-elsewhere),tools/provider_repair.py,007ae4e6b1
478,other,?finish@S4Sink004135C0@@QAEXXZ,0x0001A64F,1,89,89,game/GameEngine/Source/GameLogic/Object/Update/LargeGroupBonusUpdateNotify.cpp,name:?finish@S4Sink004135C0@@QAEXXZ,nothing defines it,tools/link_check.py,007ae4e6b1
479,data,?GenCharToBit0012A430@@3PACA,0x00D2A430,1,88,88,game/GameEngine/Source/Common/ParseAlphaNumericBitMask_Thunk.cpp,name:?GenCharToBit0012A430@@3PACA,nothing defines it (data),tools/provider_repair.py data-next,007ae4e6b1
480,data,?Rdata00C7301C@@3QBDB,0x00C7301C,1,88,40,game/GameEngine/Source/Common/S1PointerOrDefaultGetters.cpp,name:?Rdata00C7301C@@3QBDB,retail code reads the compiler literal ??_C@_00CNPNBAHC@?$AA,tools/provider_repair.py data-next,007ae4e6b1
481,body,?winSetOwner@GameWindow@@QAEHPAV1@@Z,0x00478D80,1,87,109,game/GameEngine/Source/GameClient/GUI/GameWindowManager_gogoGadgetProgressBar.cpp,source:inputs/reference/CnC_Generals_Zero_Hour/Generals/Code/GameEngine/Source/GameClient/GUI/GameWindow.cpp,bytes differ at +0xA (0x00478D8A),tools/probe.py,007ae4e6b1
482,data,?TheBfmeDisplayXW@@3PAVBfmeDisplayXW@@A,0x00AF1270,1,87,87,game/GameEngine/Source/Common/BfmeConv1855.cpp,name:?TheBfmeDisplayXW@@3PAVBfmeDisplayXW@@A,nothing defines it (data),tools/provider_repair.py data-next,007ae4e6b1
483,provider,?bfmeRunUB@BfmeTgtUB@@QAEXPAXVBfmeVecUB@@0000000@Z,0x0002B2C4,1,87,87,game/GameEngine/Source/Common/BfmeConv1728.cpp,name:?bfmeRunUB@BfmeTgtUB@@QAEXPAXVBfmeVecUB@@0000000@Z,nothing defines it (pinned-elsewhere),tools/provider_repair.py,007ae4e6b1
484,provider,?bfmeRunUC@BfmeTgtUC@@QAEXPAXVBfmeVecUC@@0000000@Z,0x00047898,1,87,87,game/GameEngine/Source/Common/BfmeConv1729.cpp,name:?bfmeRunUC@BfmeTgtUC@@QAEXPAXVBfmeVecUC@@0000000@Z,nothing defines it (pinned-elsewhere),tools/provider_repair.py,007ae4e6b1
485,provider,?bfmeTryZY@BfmeOwnerZY@@QAEDPAVBfmeItemZY@@@Z,0x000441A2,1,87,87,game/GameEngine/Source/Common/BfmeConv1889.cpp,name:?bfmeTryZY@BfmeOwnerZY@@QAEDPAVBfmeItemZY@@@Z,nothing defines it (pinned-elsewhere),tools/provider_repair.py,007ae4e6b1
486,provider,?bfmeCallXO@@YAXPAX0HUBfmeArgXO@@@Z,0x004F9BB0,1,86,86,game/GameEngine/Source/Common/BfmeConv1848.cpp,name:?bfmeCallXO@@YAXPAX0HUBfmeArgXO@@@Z,nothing defines it (alias),tools/provider_repair.py,007ae4e6b1
487,provider,?bfmeHasZW@BfmeThingZW@@QAEDH@Z,0x0003251F,1,86,86,game/GameEngine/Source/Common/BfmeConv1887.cpp,name:?bfmeHasZW@BfmeThingZW@@QAEDH@Z,nothing defines it (pinned-elsewhere),tools/provider_repair.py,007ae4e6b1
488,bridge,?bfmeInnerEQC@Rva003F0EC0Owner@@QAEH_NIPAXPBX2I0@Z,0x003EEB90,2,86,86,game/GameEngine/Source/Common/Rva003F0EC0Forward.cpp; +1 more,name:?bfmeInnerEQC@Rva003F0EC0Owner@@QAEH_NIPAXPBX2I0@Z,nothing defines it (dump),tools/next_work.py,007ae4e6b1
489,provider,?bfmeInsertV52@BfmeStrV52@@QAEXPAD0000@Z,0x004312E0,1,86,86,game/GameEngine/Source/Common/BfmeConv1496.cpp,name:?bfmeInsertV52@BfmeStrV52@@QAEXPAD0000@Z,nothing defines it (alias),tools/provider_repair.py,007ae4e6b1
490,provider,?bfmeTestXM@BfmeProbeXM@@QAE_NPAUBfmeStateXM@@PAX@Z,0x0003DCCB,1,86,86,game/GameEngine/Source/Common/BfmeConv1847.cpp,name:?bfmeTestXM@BfmeProbeXM@@QAE_NPAUBfmeStateXM@@PAX@Z,nothing defines it (pinned-elsewhere),tools/provider_repair.py,007ae4e6b1
491,other,?calcCostToBuild@ThingTemplate@@QBEHPBVPlayer@@H@Z,0x0000DA8A,1,86,86,game/GameEngine/Source/GameLogic/Object/Behavior/GettingBuiltBehaviorCostForDamage.cpp,name:?calcCostToBuild@ThingTemplate@@QBEHPBVPlayer@@H@Z,nothing defines it,tools/link_check.py,007ae4e6b1
492,data,?g_bfmeDrawVHP@@3PAVAptPalantirGlobeRenderer@@A,0x00EF4B98,1,86,86,game/GameEngine/Source/GameClient/GUI/AptPalantirRenderGlobe.cpp,name:?g_bfmeDrawVHP@@3PAVAptPalantirGlobeRenderer@@A,nothing defines it (data),tools/provider_repair.py data-next,007ae4e6b1
493,data,?g_bfmeStateDF@@3PAVGen_00609320@@A,0x00EF7048,1,86,86,game/GameEngine/Source/Common/BfmeConv2054.cpp,name:?g_bfmeStateDF@@3PAVGen_00609320@@A,nothing defines it (data),tools/provider_repair.py data-next,007ae4e6b1
494,data,_g_bfmeDirtyZR,0x00AEF418,1,86,86,game/GameEngine/Source/Common/BfmeConv1884.cpp,name:_g_bfmeDirtyZR,nothing defines it (data),tools/provider_repair.py data-next,007ae4e6b1
495,data,?g_bfmeListCK@@3PAVBfmeEntryCK@@A,0x00EED584,1,86,29,game/GameEngine/Source/Common/Bfme5TinyNineteen.cpp,name:?g_bfmeListCK@@3PAVBfmeEntryCK@@A,nothing defines it (data),tools/provider_repair.py data-next,007ae4e6b1
496,body,?winGetParent@GameWindow@@QAEPAV1@XZ,0x00478D20,1,85,530,game/GameEngine/Source/GameClient/GUI/BfmeAptLevel00465CE0.cpp,source:inputs/reference/CnC_Generals_Zero_Hour/Generals/Code/GameEngine/Source/GameClient/GUI/GameWindow.cpp,bytes differ at +0x2 (0x00478D22),tools/probe.py,007ae4e6b1
497,provider,?bfmeAccept@Gen_001F61B0@@AAEXPAVBfmeSeedTarget@@@Z,0x000160B3,1,85,310,game/GameEngine/Source/GameLogic/AI/Gen002B2080Handle.cpp,name:?bfmeAccept@Gen_001F61B0@@AAEXPAVBfmeSeedTarget@@@Z,nothing defines it (pinned-elsewhere),tools/provider_repair.py,007ae4e6b1
498,provider,??4BfmeSentenceDataStruct@@QAEAAU0@ABU0@@Z,0x0053D9B0,1,85,85,game/Libraries/Source/WWVegas/WW3D2/Render2DSentenceSentenceDataVectorAdd.cpp,name:??4BfmeSentenceDataStruct@@QAEAAU0@ABU0@@Z,nothing defines it (alias),tools/provider_repair.py,007ae4e6b1
499,data,?TheBfmeDisplayXL@@3PAVBfmeDisplayXL@@A,0x00AF1270,1,85,85,game/GameEngine/Source/Common/BfmeConv1846.cpp,name:?TheBfmeDisplayXL@@3PAVBfmeDisplayXL@@A,nothing defines it (data),tools/provider_repair.py data-next,007ae4e6b1
500,data,?TheOpen24590D0Source@@3PAVOpen24590D0Source@@A,0x00EF148C,1,85,85,game/GameEngine/Source/Common/Rva004590D0Bitfield.cpp,name:?TheOpen24590D0Source@@3PAVOpen24590D0Source@@A,nothing defines it (data),tools/provider_repair.py data-next,007ae4e6b1
501,provider,?bfmeActive@BfmeSubF2C@@QAE_NXZ,0x00010758,1,85,85,game/GameEngine/Source/Common/Rva0026F2C0ListTag.cpp,name:?bfmeActive@BfmeSubF2C@@QAE_NXZ,nothing defines it (pinned-elsewhere),tools/provider_repair.py,007ae4e6b1
502,provider,?bfmeDoPE@BfmeThingPE@@QAEXPADPAXH@Z,0x0003C290,2,85,85,game/GameEngine/Source/Common/BfmeTwoHundredSixtyFive.cpp; +1 more,name:?bfmeDoPE@BfmeThingPE@@QAEXPADPAXH@Z,nothing defines it (pinned-elsewhere),tools/provider_repair.py,007ae4e6b1
503,provider,?bfmeSameRX@@YA_NABUBfmeInnerRX@@0@Z,0x00015195,1,85,85,game/GameEngine/Source/Common/BfmeConv1787.cpp,name:?bfmeSameRX@@YA_NABUBfmeInnerRX@@0@Z,nothing defines it (pinned-elsewhere),tools/provider_repair.py,007ae4e6b1
504,provider,?bfmeSymbolSZA@@YAXIPADI@Z,0x0048C6E0,1,85,85,game/GameEngine/Source/Common/BfmeConv1305.cpp,name:?bfmeSymbolSZA@@YAXIPADI@Z,nothing defines it (alias),tools/provider_repair.py,007ae4e6b1
505,import,__imp_?i_009f6c0a@@YAXXZ,0x00F59208,1,85,85,game/GameEngine/Source/Common/Rva0005BF40GdiplusForward.cpp,name:__imp_?i_009f6c0a@@YAXXZ,nothing defines it (import),tools/import_binding.py,007ae4e6b1
506,provider,??0Rva007A12C0CachedVolume@@QAE@PAX0@Z,0x0002687D,1,84,84,game/GameEngineDevice/Source/W3DDevice/GameClient/Water/Rva007A12C0CachedVolume.cpp,name:??0Rva007A12C0CachedVolume@@QAE@PAX0@Z,nothing defines it (pinned-elsewhere),tools/provider_repair.py,007ae4e6b1
507,provider,?Rva009C9AA0Target@@YAXXZ,0x005C9AA0,4,84,84,game/GameEngine/Source/Common/System/Rva009CA000ArchiveTreeFind.cpp; +3 more,name:?Rva009C9AA0Target@@YAXXZ,nothing defines it (alias),tools/provider_repair.py,007ae4e6b1
508,provider,?Rva009C9B70Target@@YAXXZ,0x005C9B70,4,84,84,game/GameEngine/Source/Common/System/Rva009CA040ArchiveTreeFind.cpp; +3 more,name:?Rva009C9B70Target@@YAXXZ,nothing defines it (alias),tools/provider_repair.py,007ae4e6b1
509,provider,?applyStagingRoomRefresh@BfmeAptScreenOnlineCustomMatch@@QAEXXZ,0x00022999,1,84,84,game/GameEngine/Source/GameClient/GUI/OnlineCustomMatchRefreshStagingList.cpp,name:?applyStagingRoomRefresh@BfmeAptScreenOnlineCustomMatch@@QAEXXZ,nothing defines it (pinned-elsewhere),tools/provider_repair.py,007ae4e6b1
510,provider,?bfmeResolveXK@BfmeInnerXK@@QAEPAVBfmeThingXK@@XZ,0x000022BB,1,84,84,game/GameEngine/Source/Common/BfmeConv1788.cpp,name:?bfmeResolveXK@BfmeInnerXK@@QAEPAVBfmeThingXK@@XZ,nothing defines it (pinned-elsewhere),tools/provider_repair.py,007ae4e6b1
511,provider,?bfmeSetSLA@BfmeSetterSLA@@QAEXPAXH@Z,0x000307E7,1,84,84,game/GameEngine/Source/Common/BfmeConv1294.cpp,name:?bfmeSetSLA@BfmeSetterSLA@@QAEXPAXH@Z,nothing defines it (pinned-elsewhere),tools/provider_repair.py,007ae4e6b1
512,import,__imp__bfmeNotify1209,0x00B378A4,1,84,84,game/GameEngine/Source/Common/BfmeConv1209.cpp,name:__imp__bfmeNotify1209,nothing defines it (import),tools/import_binding.py,007ae4e6b1
513,provider,??0StringBaseNarrowBQ@@IAE@ABV0@@Z,0x00487B60,1,83,83,game/GameEngine/Source/Common/BfmeRecordCtorBQ.cpp,name:??0StringBaseNarrowBQ@@IAE@ABV0@@Z,nothing defines it (alias),tools/provider_repair.py,007ae4e6b1
514,provider,?bfmeSetVOX@BfmeStrVOX@@QAEXABV1@@Z,0x00487C90,1,83,83,game/GameEngine/Source/Common/BfmeConv1553.cpp,name:?bfmeSetVOX@BfmeStrVOX@@QAEXABV1@@Z,nothing defines it (alias),tools/provider_repair.py,007ae4e6b1
515,data,_g_BfmeRender2DZ,0x00F46DD8,1,83,83,game/Libraries/Source/WWVegas/WW3D2/Render2DClassConvertVert.cpp,name:_g_BfmeRender2DZ,nothing defines it (data),tools/provider_repair.py data-next,007ae4e6b1
516,data,?g_bfmeDefaultBR@@3MA,0x00C75350,2,83,60,game/GameEngine/Source/Common/Bfme5TinyFive2.cpp; +1 more,name:?g_bfmeDefaultBR@@3MA,retail code reads the compiler literal __real@00000000 there,tools/provider_repair.py data-next,007ae4e6b1
517,body,?Free_Object_Memory@?$ObjectPoolClass@VMultiListNodeClass@@$0BAA@@@QAEXPAVMultiListNodeClass@@@Z,0x009DBEB0,1,82,638,game/Libraries/Source/WWVegas/WW3D2/renderobjectrecycler.cpp,source:game/Libraries/Source/WWVegas/WWLib/multilist.cpp,bytes differ at +0x0 (0x009DBEB0),tools/probe.py,007ae4e6b1
518,data,?_M_page_size@_Filebuf_base@_STL@@1IA,0x00EC7ED0,1,82,82,game/Libraries/Source/WWVegas/WWLib/stlport_filebuf_base_ctor.cpp,name:?_M_page_size@_Filebuf_base@_STL@@1IA,nothing defines it (data),tools/provider_repair.py data-next,007ae4e6b1
519,provider,?bfmeCmpVKO@BfmeBlockVKO@@QAE_NABV1@@Z,0x00035CA1,1,82,82,game/GameEngine/Source/Common/BfmeConv1406.cpp,name:?bfmeCmpVKO@BfmeBlockVKO@@QAE_NABV1@@Z,nothing defines it (pinned-elsewhere),tools/provider_repair.py,007ae4e6b1
520,provider,?bfmeNotify@InGameUI@@QAEXXZ,0x00043DC9,1,82,82,game/GameEngine/Source/Common/Bfme5ViewAudioUiNotify.cpp,name:?bfmeNotify@InGameUI@@QAEXXZ,nothing defines it (pinned-elsewhere),tools/provider_repair.py,007ae4e6b1
521,provider,?help@BfmeMapWU@@QAEEHFHHH@Z,0x00009FC5,1,82,82,game/GameEngine/Source/Common/BfmeGrokMapSamp.cpp,name:?help@BfmeMapWU@@QAEEHFHHH@Z,nothing defines it (pinned-elsewhere),tools/provider_repair.py,007ae4e6b1
522,data,_g_bfmeV1187,0x0092C768,1,82,82,game/GameEngine/Source/Common/BfmeConv1187.cpp,name:_g_bfmeV1187,nothing defines it (data),tools/provider_repair.py data-next,007ae4e6b1
523,data,?g_bfmeDefaultCJ@@3MA,0x00C75334,1,82,27,game/GameEngine/Source/Common/Bfme5TinyEighteen.cpp,name:?g_bfmeDefaultCJ@@3MA,retail code reads the compiler literal __real@3f800000 there,tools/provider_repair.py data-next,007ae4e6b1
524,provider,??4Rva0076F980Mid@@QAEAAV0@ABV0@@Z,0x00007A63,1,81,163,game/GameEngine/Source/Common/Rva00252B90Assign.cpp,name:??4Rva0076F980Mid@@QAEAAV0@ABV0@@Z,nothing defines it (pinned-elsewhere),tools/provider_repair.py,007ae4e6b1
525,provider,??0Rva00784560StringBase@@IAE@ABV0@@Z,0x00488400,1,81,81,game/GameEngine/Source/GameClient/GUI/Rva00784560ViewportSetup.cpp,name:??0Rva00784560StringBase@@IAE@ABV0@@Z,nothing defines it (alias),tools/provider_repair.py,007ae4e6b1
526,data,?TheWritableGlobalData@@3PAVGlo012ED5C8Type@@A,0x00EED5C8,1,81,81,game/GameEngine/Source/Common/Rva003BDCF0_minCap.cpp,name:?TheWritableGlobalData@@3PAVGlo012ED5C8Type@@A,nothing defines it (data),tools/provider_repair.py data-next,007ae4e6b1
527,provider,?b_006a8120@@YAXXZ,0x002A8120,1,81,81,game/GameEngine/Source/Common/Rva006A8210IndexedEntryDispatch.cpp,name:?b_006a8120@@YAXXZ,nothing defines it (alias),tools/provider_repair.py,007ae4e6b1
528,provider,?bfmeFinishJR@BfmeThingJR@@QAEHH@Z,0x000294E7,1,81,81,game/GameEngine/Source/GameLogic/AI/BfmeThingJRStop.cpp,name:?bfmeFinishJR@BfmeThingJR@@QAEHH@Z,nothing defines it (pinned-elsewhere),tools/provider_repair.py,007ae4e6b1
529,provider,?bfmeSwapTailCJ@@YAXPAUBfmeSwapTailCJ@@0@Z,0x0004918E,1,81,81,game/GameEngine/Source/Common/Bfme5FiveWordTailSwap.cpp,name:?bfmeSwapTailCJ@@YAXPAUBfmeSwapTailCJ@@0@Z,nothing defines it (pinned-elsewhere),tools/provider_repair.py,007ae4e6b1
530,data,?g_obj12F70E4@@3PAVBfmeThresholdSource@@A,0x00EF70E4,1,81,81,game/GameEngine/Source/GameClient/GUI/GUICallbacks/Apt/AptScreenPickByThreshold.cpp,name:?g_obj12F70E4@@3PAVBfmeThresholdSource@@A,nothing defines it (data),tools/provider_repair.py data-next,007ae4e6b1
531,provider,?notify@Rva0069F4D0Block@@QAEXPAXH@Z,0x0003F5F8,1,81,81,game/GameEngine/Source/Common/Rva0069F4D0ChannelNotify.cpp,name:?notify@Rva0069F4D0Block@@QAEXPAXH@Z,nothing defines it (pinned-elsewhere),tools/provider_repair.py,007ae4e6b1
532,provider,?bfmeSelfZS@BfmeOwnerZS@@QAEXPAX00@Z,0x00010AF0,1,80,80,game/GameEngine/Source/Common/BfmeConv1885.cpp,name:?bfmeSelfZS@BfmeOwnerZS@@QAEXPAX00@Z,nothing defines it (pinned-elsewhere),tools/provider_repair.py,007ae4e6b1
533,provider,?bfmeSetQQ@BfmeThingQQ@@QAEXPBDI@Z,0x0048A8F0,1,80,80,game/GameEngine/Source/Common/BfmeThreeHundred.cpp,name:?bfmeSetQQ@BfmeThingQQ@@QAEXPBDI@Z,nothing defines it (alias),tools/provider_repair.py,007ae4e6b1
534,provider,?bfmeSetQR@BfmeThingQR@@QAEXPBDI@Z,0x0048A8F0,1,80,80,game/GameEngine/Source/Common/BfmeThreeHundredOne.cpp,name:?bfmeSetQR@BfmeThingQR@@QAEXPBDI@Z,nothing defines it (alias),tools/provider_repair.py,007ae4e6b1
535,provider,?getPosition@Gen0060C510Target@@QAEXPAUGen0060CBB0Coord3D@@@Z,0x0000F0FB,1,80,80,game/GameEngine/Source/GameClient/LivingWorldEyeTowerApplyTo.cpp,name:?getPosition@Gen0060C510Target@@QAEXPAUGen0060CBB0Coord3D@@@Z,nothing defines it (pinned-elsewhere),tools/provider_repair.py,007ae4e6b1
536,provider,?processAck@BfmeConnXN@@QAEPAVNetCommandRef@@GEI@Z,0x0003E66C,1,80,80,game/GameEngine/Source/Common/BfmeConv2087.cpp,name:?processAck@BfmeConnXN@@QAEPAVNetCommandRef@@GEI@Z,nothing defines it (pinned-elsewhere),tools/provider_repair.py,007ae4e6b1
537,body,?winSetUserData@GameWindow@@QAEXPAX@Z,0x00478C80,1,80,52,game/GameEngine/Source/GameClient/GUI/Gadget/GadgetProgressBar.cpp,source:inputs/reference/CnC_Generals_Zero_Hour/Generals/Code/GameEngine/Source/GameClient/GUI/GameWindow.cpp,bytes differ at +0x6 (0x00478C86),tools/probe.py,007ae4e6b1
538,provider,??0BfmeStringArgBase@@AAE@ABV0@@Z,0x00487B60,1,79,253,game/GameEngine/Source/GameLogic/ScriptEngine/ScriptEngineResolveUnit.cpp,name:??0BfmeStringArgBase@@AAE@ABV0@@Z,nothing defines it (alias),tools/provider_repair.py,007ae4e6b1
539,data,?TheDisplayStringManager@@3PAVDisplayStringManager@@A,0x00EF12CC,1,79,79,game/GameEngine/Source/GameClient/GUI/GUICallbacks/IMECandidate.cpp,name:?TheDisplayStringManager@@3PAVDisplayStringManager@@A,nothing defines it (data),tools/provider_repair.py data-next,007ae4e6b1
540,provider,?apply@Rva0069B440Block@@QAEXPAX0@Z,0x00047A64,1,79,79,game/GameEngine/Source/Common/Rva0069B440LockedChannelCall.cpp,name:?apply@Rva0069B440Block@@QAEXPAX0@Z,nothing defines it (pinned-elsewhere),tools/provider_repair.py,007ae4e6b1
541,provider,?b_00152f20@@YAXXZ,0x00152F20,1,79,79,game/GameEngine/Source/Common/SmallGaps/Rva00155A10Walk.cpp,name:?b_00152f20@@YAXXZ,nothing defines it (alias),tools/provider_repair.py,007ae4e6b1
542,provider,?b_00153020@@YAXXZ,0x00153020,1,79,79,game/GameEngine/Source/Common/SmallGaps/Rva00155AF0Walk.cpp,name:?b_00153020@@YAXXZ,nothing defines it (alias),tools/provider_repair.py,007ae4e6b1
543,provider,?bfmeFailDXE@@YGXH@Z,0x006FD540,2,79,79,game/GameEngine/Source/Common/Small03gComRelease.cpp; +1 more,name:?bfmeFailDXE@@YGXH@Z,nothing defines it (alias),tools/provider_repair.py,007ae4e6b1
544,data,?g_bfmeDirtyBH@@3HA,0x00EEF418,1,79,19,game/GameEngine/Source/Common/Bfme5SmallTests.cpp,name:?g_bfmeDirtyBH@@3HA,nothing defines it (data),tools/provider_repair.py data-next,007ae4e6b1
545,body,?Render@SegLineRendererClass@@QAEXAAVRenderInfoClass@@ABVMatrix3D@@IPAVVector3@@ABVSphereClass@@PAVVector4@@@Z,0x00560A30,1,78,171,game/Libraries/Source/WWVegas/WW3D2/SegmentedLineRenderSegLineThunk.cpp,source:game/Libraries/Source/WWVegas/WW3D2/seglinerenderer.cpp,bytes differ at +0x0 (0x00560A30),tools/probe.py,007ae4e6b1
546,data,?g_bfmeRGBAColorRealFormat@@3QBDB,0x00D444B8,1,78,78,game/GameEngine/Source/Common/Gen009D9900.cpp,name:?g_bfmeRGBAColorRealFormat@@3QBDB,nothing defines it (data),tools/provider_repair.py data-next,007ae4e6b1
547,data,?g_bfmeRegion2DFormat@@3QBDB,0x00D4442C,1,78,78,game/GameEngine/Source/Common/Gen009D97E0.cpp,name:?g_bfmeRegion2DFormat@@3QBDB,nothing defines it (data),tools/provider_repair.py data-next,007ae4e6b1
548,data,_g_bfmeV1188,0x009128D0,1,78,78,game/GameEngine/Source/Common/BfmeConv1188.cpp,name:_g_bfmeV1188,nothing defines it (data),tools/provider_repair.py data-next,007ae4e6b1
549,provider,_Gen00881EF0,0x00481EF0,1,77,139,game/GameEngineDevice/Source/W3DDevice/GameClient/W3DTerrainBackgroundReset.cpp,name:_Gen00881EF0,nothing defines it (alias),tools/provider_repair.py,007ae4e6b1
550,provider,?b_000d2f40@@YAXXZ,0x000D2F40,1,77,77,game/GameEngine/Source/GameLogic/Object/Behavior/CastleBehaviorIsPendingObjectUnavailable.cpp,name:?b_000d2f40@@YAXXZ,nothing defines it (alias),tools/provider_repair.py,007ae4e6b1
551,provider,?bfmeAskCTC@BfmeSubCTC@@QAE_NXZ,0x00017607,1,77,77,game/GameEngine/Source/Common/BfmeConv646.cpp,name:?bfmeAskCTC@BfmeSubCTC@@QAE_NXZ,nothing defines it (pinned-elsewhere),tools/provider_repair.py,007ae4e6b1
552,provider,?bfmeComputeFV@BfmeThingFV@@QAEXPAVBfmeArgFV@@PAVBfmeVec3FV@@@Z,0x0002F734,1,77,77,game/GameEngine/Source/Common/BfmeConv2053.cpp,name:?bfmeComputeFV@BfmeThingFV@@QAEXPAVBfmeArgFV@@PAVBfmeVec3FV@@@Z,nothing defines it (pinned-elsewhere),tools/provider_repair.py,007ae4e6b1
553,provider,?bfmeDoBRE@BfmeSubBRE@@QAEXPAX@Z,0x0002AFEF,2,77,77,game/GameEngine/Source/GameLogic/AI/PathfindIndexedSlotCopy.cpp; +1 more,name:?bfmeDoBRE@BfmeSubBRE@@QAEXPAX@Z,nothing defines it (pinned-elsewhere),tools/provider_repair.py,007ae4e6b1
554,provider,?bfmeSendJP@@YAXPAXPAHH@Z,0x00048D38,1,77,77,game/GameEngine/Source/Common/BfmeConv1783.cpp,name:?bfmeSendJP@@YAXPAXPAHH@Z,nothing defines it (pinned-elsewhere),tools/provider_repair.py,007ae4e6b1
555,data,?g_bfmeGlobCC0@@3PAVBfmeGlobCC0@@A,0x00AF1104,1,77,77,game/GameEngine/Source/Common/Rva00410CC0Fetch.cpp,name:?g_bfmeGlobCC0@@3PAVBfmeGlobCC0@@A,nothing defines it (data),tools/provider_repair.py data-next,007ae4e6b1
556,import,__imp__bfmeNotify1210,0x00B378A0,1,77,77,game/Libraries/Source/Apt/BfmeConv1210.cpp,name:__imp__bfmeNotify1210,nothing defines it (import),tools/import_binding.py,007ae4e6b1
557,data,?Data00EF49B4@@3PAVGen004C7470@@A,0x00EF49B4,1,77,17,game/GameEngine/Source/Common/S1GuardedPointerStores.cpp,name:?Data00EF49B4@@3PAVGen004C7470@@A,nothing defines it (data),tools/provider_repair.py data-next,007ae4e6b1
558,provider,?_M_fill_insert@?$vector@GV?$allocator@G@Gen003C2EE0Stl@@@Gen003C2EE0Stl@@QAEXPAGIABG@Z,0x000417F9,1,76,76,game/GameEngine/Source/Common/Gen003C2EE0UnsignedShortResize.cpp,name:?_M_fill_insert@?$vector@GV?$allocator@G@Gen003C2EE0Stl@@@Gen003C2EE0Stl@@QAEXPAGIABG@Z,nothing defines it (pinned-elsewhere),tools/provider_repair.py,007ae4e6b1
559,provider,?bfmeApplyFloatPair@@YAXHMM@Z,0x000152DF,1,76,76,game/GameEngine/Source/Common/Bfme5FloatPairChange.cpp,name:?bfmeApplyFloatPair@@YAXHMM@Z,nothing defines it (pinned-elsewhere),tools/provider_repair.py,007ae4e6b1
560,bridge,?bfmeDo1235@BfmeN1235@@QAEXPAX0@Z,0x004AE180,1,76,76,game/GameEngine/Source/Common/BfmeConv1235.cpp,name:?bfmeDo1235@BfmeN1235@@QAEXPAX0@Z,nothing defines it (dump),tools/next_work.py,007ae4e6b1
561,provider,?bfmeUse975D@BfmeD975@@QAEDPAX@Z,0x0003E80B,1,76,76,game/GameEngine/Source/Common/BfmeGo1109B.cpp,name:?bfmeUse975D@BfmeD975@@QAEDPAX@Z,nothing defines it (pinned-elsewhere),tools/provider_repair.py,007ae4e6b1
562,provider,?finish@Rva003677B0Entry@@QAEXPAX_N@Z,0x0003FE09,1,76,76,game/GameEngine/Source/Common/Rva003677B0IndexedEntryFinish.cpp,name:?finish@Rva003677B0Entry@@QAEXPAX_N@Z,nothing defines it (pinned-elsewhere),tools/provider_repair.py,007ae4e6b1
563,data,?byte_134CA48@@3PADA,0x00F4CA48,1,76,27,game/GameEngine/Source/Common/Rva007D4FE0TinyBodies.cpp,name:?byte_134CA48@@3PADA,nothing defines it (data),tools/provider_repair.py data-next,007ae4e6b1
564,provider,?accepts@U4Filter@@QBE_NPBUU4Elem@@@Z,0x00206BF0,1,75,177,game/GameEngine/Source/Common/U4FirstNamed.cpp,name:?accepts@U4Filter@@QBE_NPBUU4Elem@@@Z,nothing defines it (alias),tools/provider_repair.py,007ae4e6b1
565,provider,?Rva0049B240Call@Rva0049B240Elem@@QAEXXZ,0x0002FE5A,1,75,75,game/GameEngine/Source/Common/Rva0049B240PointerWalk.cpp,name:?Rva0049B240Call@Rva0049B240Elem@@QAEXXZ,nothing defines it (pinned-elsewhere),tools/provider_repair.py,007ae4e6b1
566,provider,?_M_find@Rva00137E20ThingNameRegistry@@QAEPAXABVRva00137E20String@@@Z,0x0001460A,1,75,75,game/GameEngine/Source/Common/Thing/Rva00137E20ThingNameFilter.cpp,name:?_M_find@Rva00137E20ThingNameRegistry@@QAEPAXABVRva00137E20String@@@Z,nothing defines it (pinned-elsewhere),tools/provider_repair.py,007ae4e6b1
567,provider,?accepts@Rva006F88B0Item@@QAE_NH@Z,0x000474B5,1,75,75,game/GameEngine/Source/Common/SmallGaps/Rva006F88B0RefreshActive.cpp,name:?accepts@Rva006F88B0Item@@QAE_NH@Z,nothing defines it (pinned-elsewhere),tools/provider_repair.py,007ae4e6b1
568,provider,?bfmeFreeVMN@@YAXPAX@Z,0x00481EB0,1,75,75,game/GameEngine/Source/Common/BfmeConv1447.cpp,name:?bfmeFreeVMN@@YAXPAX@Z,nothing defines it (alias),tools/provider_repair.py,007ae4e6b1
569,provider,?d_00881770@@YAXHHHUSomeStruct@@@Z,0x00481770,1,75,75,game/Libraries/Source/taintmanager/Rva00881B90.cpp,name:?d_00881770@@YAXHHHUSomeStruct@@@Z,nothing defines it (alias),tools/provider_repair.py,007ae4e6b1
570,provider,?handle@Gen000157DA@@QAEXHH@Z,0x000157DA,1,75,75,game/GameEngine/Source/Common/S1OwnerOffsetHookCalls.cpp,name:?handle@Gen000157DA@@QAEXHH@Z,nothing defines it (pinned-elsewhere),tools/provider_repair.py,007ae4e6b1
571,provider,?testForAny@ObjectStatusMaskType@@QBE_NABV1@@Z,0x000316FB,1,75,75,game/GameEngine/Source/GameLogic/Object/Update/StealthUpdate_hintDetectableWhileUnstealthed.cpp,name:?testForAny@ObjectStatusMaskType@@QBE_NABV1@@Z,nothing defines it (pinned-elsewhere),tools/provider_repair.py,007ae4e6b1
572,import,__imp__bfmeApiLK@8,0x00B595DC,1,75,75,game/GameEngine/Source/Common/Rva0069AA10SetFlag.cpp,name:__imp__bfmeApiLK@8,nothing defines it (import),tools/import_binding.py,007ae4e6b1
573,data,?g_bfmeFactorBW@@3NA,0x00C75D80,1,75,25,game/GameEngine/Source/Common/Bfme5TinyThree.cpp,name:?g_bfmeFactorBW@@3NA,retail code reads the compiler literal __real@3f50624dd2f1a9,tools/provider_repair.py data-next,007ae4e6b1
574,provider,?handle@Gen00038951@@QAEXH@Z,0x00038951,1,74,82,game/GameEngine/Source/Common/Gen00038951Refresh.cpp,name:?handle@Gen00038951@@QAEXH@Z,nothing defines it (pinned-elsewhere),tools/provider_repair.py,007ae4e6b1
575,bridge,?applyAt@Rva00211890Owner@@QAEXMPBURva00211890Coord@@@Z,0x002115C0,1,74,74,game/GameEngine/Source/GameLogic/Object/Body/Rva00211890ForwardSourcePosition.cpp,name:?applyAt@Rva00211890Owner@@QAEXMPBURva00211890Coord@@@Z,nothing defines it (dump),tools/next_work.py,007ae4e6b1
576,provider,?bfmeGetSNA@@YAPAVBfmeLogSNA@@XZ,0x003EB810,1,74,74,game/GameEngine/Source/GameNetwork/Rva007F9140ConnectionEvents.cpp,name:?bfmeGetSNA@@YAPAVBfmeLogSNA@@XZ,nothing defines it (alias),tools/provider_repair.py,007ae4e6b1
577,data,?g_lookup@@3P6APAXPAX0@ZA,0x00F5933C,1,74,74,game/GameEngine/Source/Common/Gen_0093D2D0.cpp,name:?g_lookup@@3P6APAXPAX0@ZA,nothing defines it (data),tools/provider_repair.py data-next,007ae4e6b1
578,provider,?handle@Rva00734730@@QAEXHH@Z,0x00333F50,1,74,74,game/GameEngine/Source/Common/Bfme/Rva00734730Find.cpp,name:?handle@Rva00734730@@QAEXHH@Z,nothing defines it (alias),tools/provider_repair.py,007ae4e6b1
579,provider,?insert_unique@Rva006AEE00Tree@@QAEXPAUInsertResult@1@ABV?$StringBase@D@@@Z,0x0001BC02,1,74,74,game/GameEngine/Source/Common/Rva006ACE30InsertFill.cpp,name:?insert_unique@Rva006AEE00Tree@@QAEXPAUInsertResult@1@ABV?$StringBase@D@@@Z,nothing defines it (pinned-elsewhere),tools/provider_repair.py,007ae4e6b1
580,provider,?refresh@Rva001BE920Owner@@QAEXXZ,0x00034BE4,1,74,74,game/GameEngine/Source/Common/SmallGaps/Rva001BE920ClearKeyedSlots.cpp,name:?refresh@Rva001BE920Owner@@QAEXXZ,nothing defines it (pinned-elsewhere),tools/provider_repair.py,007ae4e6b1
581,other,??0BfmeLegendStringVec@@QAE@ABU0@@Z,0x000D2E70,1,73,73,game/GameEngine/Source/GameLogic/Object/Update/Gen00252A50Copy.cpp,name:??0BfmeLegendStringVec@@QAE@ABU0@@Z,nothing defines it,tools/link_check.py,007ae4e6b1
582,provider,?active@Rva000DF7F0Player@@QBE_NXZ,0x000179BD,2,73,73,game/GameEngine/Source/Common/RTS/PlayerListIsLocalAlliedWith.cpp; +1 more,name:?active@Rva000DF7F0Player@@QBE_NXZ,nothing defines it (pinned-elsewhere),tools/provider_repair.py,007ae4e6b1
583,provider,?bfmeGetHM@BfmeHolderHM@@QAEPAVBfmeItemHM@@XZ,0x0000E570,1,73,73,game/GameEngine/Source/Common/BfmeConv1781.cpp,name:?bfmeGetHM@BfmeHolderHM@@QAEPAVBfmeItemHM@@XZ,nothing defines it (pinned-elsewhere),tools/provider_repair.py,007ae4e6b1
584,provider,?bfmeNoteGK@BfmeAgentGK@@QAEXPAVBfmeItemGK@@@Z,0x00015D02,1,73,73,game/GameEngine/Source/Common/BfmeConv1780.cpp,name:?bfmeNoteGK@BfmeAgentGK@@QAEXPAVBfmeItemGK@@@Z,nothing defines it (pinned-elsewhere),tools/provider_repair.py,007ae4e6b1
585,provider,?bfmeNotifyZY@BfmeOwnerZY@@QAEXXZ,0x00022999,1,73,73,game/GameEngine/Source/Common/BfmeConv1822.cpp,name:?bfmeNotifyZY@BfmeOwnerZY@@QAEXXZ,nothing defines it (pinned-elsewhere),tools/provider_repair.py,007ae4e6b1
586,body,?forEachInState@Rva0042E660Owner@@QAEXP6AXPAURva0042E660Node@@PAX@Z1@Z,0x0042E660,1,73,73,game/GameEngine/Source/GameClient/Rva0042E660ForEachInState.cpp,source:game/GameEngine/Source/GameClient/Rva0042E660ForEachInState.cpp,not fully inspected: 5 bytes before any table are reached by,tools/probe.py,007ae4e6b1
587,provider,?setFlipRecursive@W3DTerrainBackground@@IAEXHHHH@Z,0x0002E735,1,73,73,game/GameEngineDevice/Source/W3DDevice/GameClient/W3DTerrainBackgroundSetFlipExtra.cpp,name:?setFlipRecursive@W3DTerrainBackground@@IAEXHHHH@Z,nothing defines it (pinned-elsewhere),tools/provider_repair.py,007ae4e6b1
588,data,_g_bfmeK1127,0x00875350,1,73,73,game/GameEngine/Source/Common/BfmeConv1127.cpp,name:_g_bfmeK1127,retail code reads the compiler literal __real@00000000 there,tools/provider_repair.py data-next,007ae4e6b1
589,provider,?__write_integer_backward@_STL@@YAPADPADHJ@Z,0x00435940,1,72,1524,game/stlport/WriteInteger.cpp,name:?__write_integer_backward@_STL@@YAPADPADHJ@Z,nothing defines it (alias),tools/provider_repair.py,007ae4e6b1
590,bridge,??$fill@PAUGen_p24pod@@U1@@_STL@@YAXPAUGen_p24pod@@0ABU1@@Z,0x004229C0,1,72,72,game/GameEngine/Source/GameClient/GUI/AptPalantirHeroSelectorResetSlots.cpp,source:game/gen_small/tgrid_000.cpp,bytes match at several candidate addresses 0x004229C0/0x0058,tools/next_work.py,007ae4e6b1
591,provider,?bfmeRelease964@BfmeItem964@@QAEXXZ,0x000024A5,1,72,72,game/GameEngine/Source/Common/BfmeConv964.cpp,name:?bfmeRelease964@BfmeItem964@@QAEXXZ,nothing defines it (pinned-elsewhere),tools/provider_repair.py,007ae4e6b1
592,provider,?find@ObjectTypeCount@@QBEPAUObjectTypeCountNode@@ABVAsciiString@@@Z,0x0002F3E7,1,72,72,game/GameEngine/Source/GameLogic/ScriptEngine/ScriptEngineGetObjectCount.cpp,name:?find@ObjectTypeCount@@QBEPAUObjectTypeCountNode@@ABVAsciiString@@@Z,nothing defines it (pinned-elsewhere),tools/provider_repair.py,007ae4e6b1
593,data,?g_Rva002EFEGlobal@@3PAVRva002EFEGlobal@@A,0x00EED668,1,72,72,game/GameEngine/Source/Common/Rva002EFE20GlobalVirtualCalls.cpp,name:?g_Rva002EFEGlobal@@3PAVRva002EFEGlobal@@A,nothing defines it (data),tools/provider_repair.py data-next,007ae4e6b1
594,data,?g_bfmeIRegion3DFormat@@3QBDB,0x00D443C8,1,72,72,game/GameEngine/Source/Common/Gen009D9710.cpp,name:?g_bfmeIRegion3DFormat@@3QBDB,nothing defines it (data),tools/provider_repair.py data-next,007ae4e6b1
595,data,?g_bfmeK1261@@3MB,0x0087533C,1,72,72,game/GameEngine/Source/Common/BfmeConv1261.cpp,name:?g_bfmeK1261@@3MB,retail code reads the compiler literal __real@3f000000 there,tools/provider_repair.py data-next,007ae4e6b1
596,data,?g_campaignReviewPlayer@@3PAUPlayerSideFlag@@A,0x00EF1024,1,72,72,game/GameEngine/Source/GameClient/GUI/CampaignReviewPlayerSideType.cpp,name:?g_campaignReviewPlayer@@3PAUPlayerSideFlag@@A,nothing defines it (data),tools/provider_repair.py data-next,007ae4e6b1
597,provider,?setHeldState@BfmeRvaAIView@@QAEXHH@Z,0x0001336D,1,72,72,game/GameEngine/Source/GameLogic/AI/Rva00244080.cpp,name:?setHeldState@BfmeRvaAIView@@QAEXHH@Z,nothing defines it (pinned-elsewhere),tools/provider_repair.py,007ae4e6b1
598,data,_g_bfmeCounterBZ,0x00F4FAAC,2,72,72,game/GameEngine/Source/Common/Bfme/Rva0090D1E0Ready.cpp; +1 more,name:_g_bfmeCounterBZ,nothing defines it (data),tools/provider_repair.py data-next,007ae4e6b1
599,provider,?bfmeAdd913D@BfmeThing913D@@QAEDPAX@Z,0x000110E0,1,71,123,game/GameEngine/Source/GameLogic/Object/Contain/Rva21AB00MembershipFallback.cpp,name:?bfmeAdd913D@BfmeThing913D@@QAEDPAX@Z,nothing defines it (pinned-elsewhere),tools/provider_repair.py,007ae4e6b1
600,provider,?bfmeSetAKA@BfmeInnerAKA@@QAEXH@Z,0x00024D70,1,71,71,game/GameEngine/Source/Common/Bfme5OptionalMemberNotify.cpp,name:?bfmeSetAKA@BfmeInnerAKA@@QAEXH@Z,nothing defines it (pinned-elsewhere),tools/provider_repair.py,007ae4e6b1
601,data,?g_bfmeCoord3DFormat@@3QBDB,0x00D44348,1,71,71,game/GameEngine/Source/Common/Gen009D9620.cpp,name:?g_bfmeCoord3DFormat@@3QBDB,nothing defines it (data),tools/provider_repair.py data-next,007ae4e6b1
602,data,?g_bfmeRGBColorFormat@@3QBDB,0x00D44498,1,71,71,game/GameEngine/Source/Common/Gen009D98B0.cpp,name:?g_bfmeRGBColorFormat@@3QBDB,nothing defines it (data),tools/provider_repair.py data-next,007ae4e6b1
603,provider,?unidentified_0002181E@Object@@QAEXABV?$BitFlags@$0GA@@@H@Z,0x0002181E,1,71,71,game/GameEngine/Source/GameLogic/Object/Object_setSingleModelCondition.cpp,name:?unidentified_0002181E@Object@@QAEXABV?$BitFlags@$0GA@@@H@Z,nothing defines it (pinned-elsewhere),tools/provider_repair.py,007ae4e6b1
604,data,?g_Rva0112A210Lower@@3QBEB,0x00D2A210,1,70,1123,game/GameEngine/Source/GameNetwork/FeslMessage_getInt64_rva007E8930.cpp,name:?g_Rva0112A210Lower@@3QBEB,nothing defines it (data),tools/provider_repair.py data-next,007ae4e6b1
605,provider,?bfmeApplyEVM@BfmeSubEVM@@QAEXH@Z,0x00024D70,1,70,70,game/GameEngine/Source/Common/BfmeConv2002.cpp,name:?bfmeApplyEVM@BfmeSubEVM@@QAEXH@Z,nothing defines it (pinned-elsewhere),tools/provider_repair.py,007ae4e6b1
606,provider,?bfmeAssignVSM@BfmeStrVSM@@QAEXABV1@@Z,0x00487C90,1,70,70,game/GameEngine/Source/Common/BfmeConv1587.cpp,name:?bfmeAssignVSM@BfmeStrVSM@@QAEXABV1@@Z,nothing defines it (alias),tools/provider_repair.py,007ae4e6b1
607,provider,?bfmeFindQH@@YAPAHPAHH@Z,0x0042BBC0,1,70,70,game/GameEngine/Source/Common/BfmeTwoHundredNinetyTwo.cpp,name:?bfmeFindQH@@YAPAHPAHH@Z,nothing defines it (alias),tools/provider_repair.py,007ae4e6b1
608,other,?bfmeResolveMeleeTarget@Object@@QAEPAV1@H@Z,0x0000FAA6,1,70,70,game/GameEngine/Source/Common/Rva00232350Melee.cpp,name:?bfmeResolveMeleeTarget@Object@@QAEPAV1@H@Z,nothing defines it,tools/link_check.py,007ae4e6b1
609,provider,?handle@Rva21C8E0ConditionalDispatch@@QAEXPAVObject@@PAXPAURva21C8E0Context@@@Z,0x00037A1F,1,70,70,game/GameEngine/Source/GameLogic/Object/Contain/Rva21C8E0ConditionalDispatch.cpp,name:?handle@Rva21C8E0ConditionalDispatch@@QAEXPAVObject@@PAXPAURva21C8E0Context@@@Z,nothing defines it (pinned-elsewhere),tools/provider_repair.py,007ae4e6b1
610,provider,?__stlp_deallocate_small@@YAXPAXI@Z,0x0042E5F0,1,69,69,game/GameEngine/Source/Common/Rva223440PointerListRemove.cpp,name:?__stlp_deallocate_small@@YAXPAXI@Z,nothing defines it (alias),tools/provider_repair.py,007ae4e6b1
611,provider,?bfmeFreeVOK@@YAXPAXI@Z,0x0042E5F0,1,69,69,game/GameEngine/Source/Common/BfmeConv1537.cpp,name:?bfmeFreeVOK@@YAXPAXI@Z,nothing defines it (alias),tools/provider_repair.py,007ae4e6b1
612,provider,?bfmeFreeVOL@@YAXPAXI@Z,0x0042E5F0,1,69,69,game/GameEngine/Source/Common/BfmeConv1539.cpp,name:?bfmeFreeVOL@@YAXPAXI@Z,nothing defines it (alias),tools/provider_repair.py,007ae4e6b1
613,provider,?notify@Rva00155890Sub@@QAEXHH@Z,0x00031179,1,69,69,game/GameEngine/Source/Common/SmallGaps/Rva00155890NotifyMembers.cpp,name:?notify@Rva00155890Sub@@QAEXHH@Z,nothing defines it (pinned-elsewhere),tools/provider_repair.py,007ae4e6b1
614,provider,?notify@Rva001558F0Sub@@QAEXHH@Z,0x0002480C,1,69,69,game/GameEngine/Source/Common/SmallGaps/Rva001558F0NotifyMembers.cpp,name:?notify@Rva001558F0Sub@@QAEXHH@Z,nothing defines it (pinned-elsewhere),tools/provider_repair.py,007ae4e6b1
615,provider,?notify@Rva00155950Sub@@QAEXHH@Z,0x00027903,1,69,69,game/GameEngine/Source/Common/SmallGaps/Rva00155950NotifyMembers.cpp,name:?notify@Rva00155950Sub@@QAEXHH@Z,nothing defines it (pinned-elsewhere),tools/provider_repair.py,007ae4e6b1
616,provider,?notify@Rva001559B0Sub@@QAEXHH@Z,0x00038B9A,1,69,69,game/GameEngine/Source/Common/SmallGaps/Rva001559B0NotifyMembers.cpp,name:?notify@Rva001559B0Sub@@QAEXHH@Z,nothing defines it (pinned-elsewhere),tools/provider_repair.py,007ae4e6b1
617,provider,?notify@Rva001562C0Sub@@QAEXHH@Z,0x00029C08,1,69,69,game/GameEngine/Source/Common/SmallGaps/Rva001562C0NotifyMembers.cpp,name:?notify@Rva001562C0Sub@@QAEXHH@Z,nothing defines it (pinned-elsewhere),tools/provider_repair.py,007ae4e6b1
618,provider,?notify@Rva00156320Sub@@QAEXHH@Z,0x00041B14,1,69,69,game/GameEngine/Source/Common/SmallGaps/Rva00156320NotifyMembers.cpp,name:?notify@Rva00156320Sub@@QAEXHH@Z,nothing defines it (pinned-elsewhere),tools/provider_repair.py,007ae4e6b1
619,provider,?notify@Rva00156380Sub@@QAEXHH@Z,0x0003CF10,1,69,69,game/GameEngine/Source/Common/SmallGaps/Rva00156380NotifyMembers.cpp,name:?notify@Rva00156380Sub@@QAEXHH@Z,nothing defines it (pinned-elsewhere),tools/provider_repair.py,007ae4e6b1
620,provider,?notify@Rva001563E0Sub@@QAEXHH@Z,0x0002363C,1,69,69,game/GameEngine/Source/Common/SmallGaps/Rva001563E0NotifyMembers.cpp,name:?notify@Rva001563E0Sub@@QAEXHH@Z,nothing defines it (pinned-elsewhere),tools/provider_repair.py,007ae4e6b1
621,provider,?notify@Rva00156570Sub@@QAEXHH@Z,0x0002221E,1,69,69,game/GameEngine/Source/Common/SmallGaps/Rva00156570NotifyMembers.cpp,name:?notify@Rva00156570Sub@@QAEXHH@Z,nothing defines it (pinned-elsewhere),tools/provider_repair.py,007ae4e6b1
622,provider,?notify@Rva001565D0Sub@@QAEXHH@Z,0x00012774,1,69,69,game/GameEngine/Source/Common/SmallGaps/Rva001565D0NotifyMembers.cpp,name:?notify@Rva001565D0Sub@@QAEXHH@Z,nothing defines it (pinned-elsewhere),tools/provider_repair.py,007ae4e6b1
623,provider,?notify@Rva00156630Sub@@QAEXHH@Z,0x0000A5DD,1,69,69,game/GameEngine/Source/Common/SmallGaps/Rva00156630NotifyMembers.cpp,name:?notify@Rva00156630Sub@@QAEXHH@Z,nothing defines it (pinned-elsewhere),tools/provider_repair.py,007ae4e6b1
624,provider,?notify@Rva001567E0Sub@@QAEXHH@Z,0x0002B4F9,1,69,69,game/GameEngine/Source/Common/SmallGaps/Rva001567E0NotifyMembers.cpp,name:?notify@Rva001567E0Sub@@QAEXHH@Z,nothing defines it (pinned-elsewhere),tools/provider_repair.py,007ae4e6b1
625,provider,?notify@Rva00156A30Sub@@QAEXHH@Z,0x00031B01,1,69,69,game/GameEngine/Source/Common/SmallGaps/Rva00156A30NotifyMembersIf.cpp,name:?notify@Rva00156A30Sub@@QAEXHH@Z,nothing defines it (pinned-elsewhere),tools/provider_repair.py,007ae4e6b1
626,provider,?update@Rva0060A470Element@@QAEXXZ,0x0001D2BE,1,69,69,game/GameEngine/Source/Common/Rva0060FF60ElementLoop.cpp,name:?update@Rva0060A470Element@@QAEXXZ,nothing defines it (pinned-elsewhere),tools/provider_repair.py,007ae4e6b1
627,data,?Data00EB7430@@3HA,0x00EB7430,1,69,15,game/GameEngine/Source/Common/S1InequalityPredicates.cpp,name:?Data00EB7430@@3HA,nothing defines it (data),tools/provider_repair.py data-next,007ae4e6b1
628,body,?winEnable@GameWindow@@QAEH_N@Z,0x004782E0,1,68,633,game/GameEngine/Source/GameClient/GUI/Rva00548D30WindowGroupEnable.cpp,source:inputs/reference/CnC_Generals_Zero_Hour/Generals/Code/GameEngine/Source/GameClient/GUI/GameWindow.cpp,bytes differ at +0x0 (0x004782E0),tools/probe.py,007ae4e6b1
629,provider,?bfmeRelease@BfmeRefAB@@QAEPAV1@XZ,0x000E6CC0,1,68,107,game/GameEngine/Source/GameLogic/Object/Update/BfmeOwnedReferenceListClear.cpp,source:game/GameEngine/Source/Common/Bfme5DropAndHandOver.cpp,+0x1C own label lands at 0x00032D1C,tools/provider_repair.py,007ae4e6b1
630,provider,??4?$vector@UPmICoord2D@@V?$allocator@UPmICoord2D@@@_STL@@@_STL@@QAEAAV01@ABV01@@Z,0x00026C6A,1,68,68,game/GameEngine/Source/GameLogic/Object/PartitionOffsetVecCopy.cpp,name:??4?$vector@UPmICoord2D@@V?$allocator@UPmICoord2D@@@_STL@@@_STL@@QAEAAV01@ABV01@@Z,nothing defines it (pinned-elsewhere),tools/provider_repair.py,007ae4e6b1
631,provider,?bfmeFindNY@BfmeTableNY@@QAEXPAPAVBfmeNodeNY@@PAPAX@Z,0x00016C70,1,68,68,game/GameEngine/Source/Common/BfmeConv1815.cpp,name:?bfmeFindNY@BfmeTableNY@@QAEXPAPAVBfmeNodeNY@@PAPAX@Z,nothing defines it (pinned-elsewhere),tools/provider_repair.py,007ae4e6b1
632,provider,?bfmeNotifyVLN@BfmeCtlVLN@@QAEXXZ,0x0043E8F0,1,68,68,game/GameEngine/Source/Common/BfmeConv1415.cpp,name:?bfmeNotifyVLN@BfmeCtlVLN@@QAEXXZ,nothing defines it (alias),tools/provider_repair.py,007ae4e6b1
633,provider,?bfmeRunKD@BfmeTgtKD@@QAEDPAXVBfmeArgKD@@0@Z,0x0003FE77,1,68,68,game/GameEngine/Source/Common/BfmeConv1722.cpp,name:?bfmeRunKD@BfmeTgtKD@@QAEDPAXVBfmeArgKD@@0@Z,nothing defines it (pinned-elsewhere),tools/provider_repair.py,007ae4e6b1
634,provider,?bfmeRunKE@BfmeTgtKE@@QAEDPAXVBfmeArgKE@@0@Z,0x0003C795,1,68,68,game/GameEngine/Source/Common/BfmeConv1723.cpp,name:?bfmeRunKE@BfmeTgtKE@@QAEDPAXVBfmeArgKE@@0@Z,nothing defines it (pinned-elsewhere),tools/provider_repair.py,007ae4e6b1
635,bridge,?canPlayNow@SoundManager@@QAE_NPAVAudioEventRTS@@@Z,0x002B64A0,1,68,68,game/GameEngineDevice/Source/MilesAudioDevice/MilesAudioManagerRequests.cpp,name:?canPlayNow@SoundManager@@QAE_NPAVAudioEventRTS@@@Z,nothing defines it (dump),tools/next_work.py,007ae4e6b1
636,provider,?isActive@BfmeCondition@@QAE_NXZ,0x0002760B,1,68,68,game/GameEngine/Source/GameLogic/AI/BfmeLinkedConditionScan.cpp,name:?isActive@BfmeCondition@@QAE_NXZ,nothing defines it (pinned-elsewhere),tools/provider_repair.py,007ae4e6b1
637,body,?removeObject@BfmeObjectIdOwner@@QAE_NPAVObject@@@Z,0x0037CBC0,1,68,68,game/GameEngine/Source/Common/BfmeObjectIdSwapRemove.cpp,source:game/GameEngine/Source/Common/BfmeObjectIdSwapRemove.cpp,+0x22 ??$__find@PAW4ObjectID@@W41@@_STL@@YAPAW4ObjectID@@PAW,tools/probe.py,007ae4e6b1
638,provider,?unidentified_0002181E@Object@@QAEXABVModelConditionFlags@@H@Z,0x0002181E,1,68,68,game/GameEngine/Source/GameLogic/AI/AIPanicState_onExit_Thunk.cpp,name:?unidentified_0002181E@Object@@QAEXABVModelConditionFlags@@H@Z,nothing defines it (pinned-elsewhere),tools/provider_repair.py,007ae4e6b1
639,data,?g_bfmeClockBN@@3PAVBfmeClockBN@@A,0x00EF0898,1,68,24,game/GameEngine/Source/Common/Bfme5TinyClock.cpp,name:?g_bfmeClockBN@@3PAVBfmeClockBN@@A,nothing defines it (data),tools/provider_repair.py data-next,007ae4e6b1
640,body,?XferRawBytes@Xfer@@UAEAAV1@PAXI@Z,0x009D63C0,1,67,67,game/GameEngine/Source/Common/System/XferRawBytesTransfer.cpp,source:game/GameEngine/Source/Common/System/XferRawBytesTransfer.cpp,unrelocated in-image immediate 0x00726177 in `push 0x726177`,tools/probe.py,007ae4e6b1
641,provider,?bfmeGetBS@BfmeInnerBS@@QAEPAVBfmeCtxBS@@XZ,0x000022BB,1,67,67,game/GameEngine/Source/Common/BfmeConv1758.cpp,name:?bfmeGetBS@BfmeInnerBS@@QAEPAVBfmeCtxBS@@XZ,nothing defines it (pinned-elsewhere),tools/provider_repair.py,007ae4e6b1
642,provider,?bfmeGrowVKN@BfmeVecVKN@@QAEXPAUBfmeElemVKN@@PBU2@PAPBU2@HH@Z,0x00040F4D,1,67,67,game/GameEngine/Source/Common/BfmeConv1405.cpp,name:?bfmeGrowVKN@BfmeVecVKN@@QAEXPAUBfmeElemVKN@@PBU2@PAPBU2@HH@Z,nothing defines it (pinned-elsewhere),tools/provider_repair.py,007ae4e6b1
643,provider,?bfmeSameSX@@YA_NABUBfmeInnerSX@@0@Z,0x00015195,1,67,67,game/GameEngine/Source/Common/BfmeConv1814.cpp,name:?bfmeSameSX@@YA_NABUBfmeInnerSX@@0@Z,nothing defines it (pinned-elsewhere),tools/provider_repair.py,007ae4e6b1
644,provider,?bfmeTryResolveReference@@YA_NPAUBfmeReferenceOwner@@PAUBfmeReferenceResolveState@@HH@Z,0x00001479,1,67,67,game/GameEngine/Source/GameLogic/Object/BfmeTryResolveReference.cpp,name:?bfmeTryResolveReference@@YA_NPAUBfmeReferenceOwner@@PAUBfmeReferenceResolveState@@HH@Z,nothing defines it (pinned-elsewhere),tools/provider_repair.py,007ae4e6b1
645,provider,?bfmeUsedJV@BfmeSlotJV@@QAEDXZ,0x0002DB2D,1,67,67,game/GameEngine/Source/Common/BfmeConv1798.cpp,name:?bfmeUsedJV@BfmeSlotJV@@QAEDXZ,nothing defines it (pinned-elsewhere),tools/provider_repair.py,007ae4e6b1
646,provider,?copyFrom@BfmeTailF4@@QAEXPAU1@@Z,0x00487B60,1,67,67,game/GameEngine/Source/Common/Rva0087F4D0Copy.cpp,name:?copyFrom@BfmeTailF4@@QAEXPAU1@@Z,nothing defines it (alias),tools/provider_repair.py,007ae4e6b1
647,provider,?fillVec005C3A30@@YA?AUBfmeVec3@@PAXH0@Z,0x000209DC,1,67,67,game/GameEngine/Source/GameClient/System/Rva005C3A30.cpp,name:?fillVec005C3A30@@YA?AUBfmeVec3@@PAXH0@Z,nothing defines it (pinned-elsewhere),tools/provider_repair.py,007ae4e6b1
648,provider,?m@T_009f4fb0@@QAEXXZ,0x005F4FB0,1,67,67,game/GameEngine/Source/Common/Bfme/Gen_009F28B0.cpp,name:?m@T_009f4fb0@@QAEXXZ,nothing defines it (alias),tools/provider_repair.py,007ae4e6b1
649,provider,?b_00479270@@YAXXZ,0x00079270,1,66,66,game/GameEngine/Source/GameClient/GUI/Gadget/Rva004BE120TextEntryInput.cpp,name:?b_00479270@@YAXXZ,nothing defines it (alias),tools/provider_repair.py,007ae4e6b1
650,provider,?bfmeCopyUVKE@BfmeUniVKE@@QAEXABV1@@Z,0x00487B60,1,66,66,game/GameEngine/Source/Common/BfmeConv1399.cpp,name:?bfmeCopyUVKE@BfmeUniVKE@@QAEXABV1@@Z,nothing defines it (alias),tools/provider_repair.py,007ae4e6b1
651,provider,?bfmeStepVOV@@YAXPAX0H0@Z,0x0002F329,1,66,66,game/GameEngine/Source/Common/BfmeConv1549.cpp,name:?bfmeStepVOV@@YAXPAX0H0@Z,nothing defines it (pinned-elsewhere),tools/provider_repair.py,007ae4e6b1
652,provider,?bfmeStopAHA@BfmeSubAHA@@QAEXH@Z,0x0004AB4C,1,66,66,game/GameEngine/Source/Common/BfmeConv404.cpp,name:?bfmeStopAHA@BfmeSubAHA@@QAEXH@Z,nothing defines it (pinned-elsewhere),tools/provider_repair.py,007ae4e6b1
653,provider,?filterSetup@W3DShaderManager@@SA_NW4FilterModes@@W4FilterTypes@@@Z,0x00316AA0,1,66,66,game/GameEngine/Source/Common/Bfme/Rva0073B650Set.cpp,name:?filterSetup@W3DShaderManager@@SA_NW4FilterModes@@W4FilterTypes@@@Z,nothing defines it (alias),tools/provider_repair.py,007ae4e6b1
654,provider,?prepare@Rva00751EC0Owner@@AAEXPAVRva00751EC0Target@@@Z,0x00011CBB,1,66,66,game/GameEngine/Source/Common/Rva00751EC0FlagPair.cpp,name:?prepare@Rva00751EC0Owner@@AAEXPAVRva00751EC0Target@@@Z,nothing defines it (pinned-elsewhere),tools/provider_repair.py,007ae4e6b1
655,data,_bfmeVftVG,0x008C0D90,1,66,66,game/GameEngine/Source/Common/Rva0029BCC0Ctor.cpp,name:_bfmeVftVG,nothing defines it (data),tools/provider_repair.py data-next,007ae4e6b1
656,provider,?clearAndSetModelConditionFlags@Object@@QAEXABV?$BitFlags@$0BEA@@@0@Z,0x000095ED,1,65,129,game/GameEngine/Source/GameLogic/Object/ObjectModelConditionFlags.cpp,name:?clearAndSetModelConditionFlags@Object@@QAEXABV?$BitFlags@$0BEA@@@0@Z,nothing defines it (pinned-elsewhere),tools/provider_repair.py,007ae4e6b1
657,provider,?bfmeAlloc950B@@YAPAXI@Z,0x0042E540,1,65,65,game/GameEngine/Source/Common/BfmeConv950.cpp,name:?bfmeAlloc950B@@YAPAXI@Z,nothing defines it (alias),tools/provider_repair.py,007ae4e6b1
658,provider,?bfmeApplyCVA@BfmeThingCVA@@QAEXXZ,0x00022999,1,65,65,game/GameEngine/Source/Common/BfmeConv652.cpp,name:?bfmeApplyCVA@BfmeThingCVA@@QAEXXZ,nothing defines it (pinned-elsewhere),tools/provider_repair.py,007ae4e6b1
659,provider,?bfmeApplyCVB@BfmeThingCVB@@QAEXXZ,0x00022999,1,65,65,game/GameEngine/Source/Common/BfmeConv653.cpp,name:?bfmeApplyCVB@BfmeThingCVB@@QAEXXZ,nothing defines it (pinned-elsewhere),tools/provider_repair.py,007ae4e6b1
660,provider,?bfmeApplyCVC@BfmeThingCVC@@QAEXXZ,0x00022999,1,65,65,game/GameEngine/Source/Common/BfmeConv654.cpp,name:?bfmeApplyCVC@BfmeThingCVC@@QAEXXZ,nothing defines it (pinned-elsewhere),tools/provider_repair.py,007ae4e6b1
661,provider,?bfmeApplyCVD@BfmeThingCVD@@QAEXXZ,0x00022999,1,65,65,game/GameEngine/Source/Common/BfmeConv655.cpp,name:?bfmeApplyCVD@BfmeThingCVD@@QAEXXZ,nothing defines it (pinned-elsewhere),tools/provider_repair.py,007ae4e6b1
662,provider,?bfmeApplyYV@BfmeOwnerYV@@QAEXPAX@Z,0x00024A9B,1,65,65,game/GameEngine/Source/Common/BfmeConv1865.cpp,name:?bfmeApplyYV@BfmeOwnerYV@@QAEXPAX@Z,nothing defines it (pinned-elsewhere),tools/provider_repair.py,007ae4e6b1
663,provider,?copyFrom@BfmeTailF5@@QAEXPBU1@@Z,0x00487B60,1,65,65,game/GameEngine/Source/Common/Rva0087F520Fill.cpp,name:?copyFrom@BfmeTailF5@@QAEXPBU1@@Z,nothing defines it (alias),tools/provider_repair.py,007ae4e6b1
664,provider,?grow@BfmeShortVecWN@@QAEXIPAX@Z,0x0003C353,1,65,65,game/GameEngineDevice/Source/W3DDevice/GameClient/BfmeShortVecWNCtor.cpp,name:?grow@BfmeShortVecWN@@QAEXIPAX@Z,nothing defines it (pinned-elsewhere),tools/provider_repair.py,007ae4e6b1
665,provider,?handle@Gen0083E8F0@@QAEXXZ,0x0043E8F0,2,65,65,game/GameEngine/Source/Common/Rva005393E0AddFlags.cpp; +1 more,name:?handle@Gen0083E8F0@@QAEXXZ,nothing defines it (alias),tools/provider_repair.py,007ae4e6b1
666,provider,?insertUnique@BfmeObjectIDTree@@QAE?AUBfmeInsertResult@@ABH@Z,0x000499F9,1,65,65,game/GameEngine/Source/GameLogic/AI/BfmeObjectIDRegister.cpp,name:?insertUnique@BfmeObjectIDTree@@QAE?AUBfmeInsertResult@@ABH@Z,nothing defines it (pinned-elsewhere),tools/provider_repair.py,007ae4e6b1
667,provider,?bfmeDoD1005@BfmeItem1005@@QAEXH@Z,0x00007513,2,64,104,game/GameEngine/Source/Common/Rva00220890Dispatch.cpp; +1 more,name:?bfmeDoD1005@BfmeItem1005@@QAEXH@Z,nothing defines it (pinned-elsewhere),tools/provider_repair.py,007ae4e6b1
668,provider,?b_001c7720@@YAXXZ,0x001C7720,1,64,64,game/GameEngine/Source/GameLogic/Object/ObjectClearModelConditionFlags.cpp,name:?b_001c7720@@YAXXZ,nothing defines it (alias),tools/provider_repair.py,007ae4e6b1
669,provider,?bfmeSetGM@BfmeDerivedGM@@QAEXPAX@Z,0x003F9590,1,64,64,game/GameEngine/Source/Common/BfmeConv1720.cpp,name:?bfmeSetGM@BfmeDerivedGM@@QAEXPAX@Z,nothing defines it (alias),tools/provider_repair.py,007ae4e6b1
670,provider,?find@StagingRoomMap@@QAE?AUStagingRoomMapIterator@@ABH@Z,0x0001990C,1,64,64,game/GameEngine/Source/GameClient/GUI/GUICallbacks/Apt/OnlineCustomMatchFindStagingRoom.cpp,name:?find@StagingRoomMap@@QAE?AUStagingRoomMapIterator@@ABH@Z,nothing defines it (pinned-elsewhere),tools/provider_repair.py,007ae4e6b1
671,data,?g_bfmeCoord2DFormat@@3QBDB,0x00D443F8,1,64,64,game/GameEngine/Source/Common/Gen009D9760.cpp,name:?g_bfmeCoord2DFormat@@3QBDB,nothing defines it (data),tools/provider_repair.py data-next,007ae4e6b1
672,data,?g_bfmeIRegion2DFormat@@3QBDB,0x00D4445C,1,64,64,game/GameEngine/Source/Common/Gen009D9830.cpp,name:?g_bfmeIRegion2DFormat@@3QBDB,nothing defines it (data),tools/provider_repair.py data-next,007ae4e6b1
673,data,?g_bfmeRGBAColorIntFormat@@3QBDB,0x00D444E0,1,64,64,game/GameEngine/Source/Common/Gen009D9950.cpp,name:?g_bfmeRGBAColorIntFormat@@3QBDB,nothing defines it (data),tools/provider_repair.py data-next,007ae4e6b1
674,data,?g_bfmeRealRangeFormat@@3QBDB,0x00D44480,1,64,64,game/GameEngine/Source/Common/Gen009D9870.cpp,name:?g_bfmeRealRangeFormat@@3QBDB,nothing defines it (data),tools/provider_repair.py data-next,007ae4e6b1
675,data,?g_bfmeSrc962@@3PAVBfmeSrc962@@A,0x00AF1464,1,64,64,game/GameEngine/Source/Common/BfmeConv962.cpp,name:?g_bfmeSrc962@@3PAVBfmeSrc962@@A,nothing defines it (data),tools/provider_repair.py data-next,007ae4e6b1
676,bridge,?rva8CDE50Continue@@YAXPAVRva8CEE00State@@PAURva8CEE00Cursor@@@Z,0x004CDE50,1,64,64,game/Libraries/Source/WWVegas/WWLib/Rva8CEE00CursorDispatch.cpp,name:?rva8CDE50Continue@@YAXPAVRva8CEE00State@@PAURva8CEE00Cursor@@@Z,nothing defines it (dump),tools/next_work.py,007ae4e6b1
677,data,?g_bfmeHolderBS@@3PAVBfmeHolderBS@@A,0x00EEF4CC,1,64,23,game/GameEngine/Source/Common/Bfme5TinyFive3.cpp,name:?g_bfmeHolderBS@@3PAVBfmeHolderBS@@A,nothing defines it (data),tools/provider_repair.py data-next,007ae4e6b1
678,provider,?bfmeAllocQF@@YAPAXHI@Z,0x00030940,1,63,63,game/GameEngine/Source/Common/BfmeTwoHundredNinety.cpp,name:?bfmeAllocQF@@YAPAXHI@Z,nothing defines it (pinned-elsewhere),tools/provider_repair.py,007ae4e6b1
679,provider,?bfmeAllocQG@@YAPAXHI@Z,0x00030940,1,63,63,game/GameEngine/Source/Common/BfmeTwoHundredNinetyOne.cpp,name:?bfmeAllocQG@@YAPAXHI@Z,nothing defines it (pinned-elsewhere),tools/provider_repair.py,007ae4e6b1
680,provider,?bfmeAssign@Gen_0092D720@@QAEXPBD@Z,0x0052D720,1,63,63,game/GameEngine/Source/Common/Bfme5MeshNameOrTextSet.cpp,name:?bfmeAssign@Gen_0092D720@@QAEXPBD@Z,nothing defines it (alias),tools/provider_repair.py,007ae4e6b1
681,provider,?bfmeDeallocEU@@YAXPAXI@Z,0x0042E5F0,1,63,63,game/GameEngine/Source/Common/BfmeConv1683.cpp,name:?bfmeDeallocEU@@YAXPAXI@Z,nothing defines it (alias),tools/provider_repair.py,007ae4e6b1
682,provider,?bfmeDoZD@BfmeCZD@@QAEXHHH@Z,0x0004A12E,1,63,63,game/GameEngine/Source/Common/BfmeConv1810.cpp,name:?bfmeDoZD@BfmeCZD@@QAEXHHH@Z,nothing defines it (pinned-elsewhere),tools/provider_repair.py,007ae4e6b1
683,provider,?bfmeImplVMY@@YAXHHH@Z,0x00018179,1,63,63,game/GameEngine/Source/Common/BfmeConv1446.cpp,name:?bfmeImplVMY@@YAXHHH@Z,nothing defines it (pinned-elsewhere),tools/provider_repair.py,007ae4e6b1
684,provider,?bfmeInnerE6E90@Pathfinder@@QAEEPAX00000PAPAXH@Z,0x00049F3F,1,63,63,game/GameEngine/Source/GameLogic/AI/Pathfinder_d_003e6e90.cpp,name:?bfmeInnerE6E90@Pathfinder@@QAEEPAX00000PAPAXH@Z,nothing defines it (pinned-elsewhere),tools/provider_repair.py,007ae4e6b1
685,provider,?bfmeSetRQ@BfmeInnerRQ@@QAEXHH@Z,0x0000A5DD,1,63,63,game/GameEngine/Source/GameLogic/Object/Update/AIUpdate/Rva21D510OrderMembersIdle.cpp,name:?bfmeSetRQ@BfmeInnerRQ@@QAEXHH@Z,nothing defines it (pinned-elsewhere),tools/provider_repair.py,007ae4e6b1
686,provider,?cell@BfmeGridWM@@QAEXHH@Z,0x00023B14,1,63,63,game/GameEngine/Source/Common/BfmeGrokGrid.cpp,name:?cell@BfmeGridWM@@QAEXHH@Z,nothing defines it (pinned-elsewhere),tools/provider_repair.py,007ae4e6b1
687,data,?g_bfmeRealFormat@@3QBDB,0x00D4433C,1,63,63,game/GameEngine/Source/Common/Gen009D95E0.cpp,name:?g_bfmeRealFormat@@3QBDB,nothing defines it (data),tools/provider_repair.py data-next,007ae4e6b1
688,data,?g_rva0049B010Fallback@@3URva0049B010String@@A,0x00F36E50,1,63,63,game/GameEngine/Source/Common/Rva0049B010ClampedIndex.cpp,name:?g_rva0049B010Fallback@@3URva0049B010String@@A,nothing defines it (data),tools/provider_repair.py data-next,007ae4e6b1
689,provider,?_M_insert_overflow@BfmeVecAAH@@QAEXPAPAVChainVictim005C92F0@@ABQAV2@ABU__false_type@_STL@@_NI@Z,0x00016AE5,1,62,62,game/GameEngine/Source/Common/BfmeConv2117.cpp,name:?_M_insert_overflow@BfmeVecAAH@@QAEXPAPAVChainVictim005C92F0@@ABQAV2@ABU__false_type@_STL@@_NI@Z,nothing defines it (pinned-elsewhere),tools/provider_repair.py,007ae4e6b1
690,provider,?b_00261610@@YAXXZ,0x00261610,1,62,62,game/GameEngine/Source/Common/SmallGaps/Rva002618D0ForEach.cpp,name:?b_00261610@@YAXXZ,nothing defines it (alias),tools/provider_repair.py,007ae4e6b1
691,provider,?bfmeNext1109@@YAPAUBfmeNode1109@@PAU1@@Z,0x0042B870,1,62,62,game/GameEngine/Source/Common/BfmeConv1109.cpp,name:?bfmeNext1109@@YAPAUBfmeNode1109@@PAU1@@Z,nothing defines it (alias),tools/provider_repair.py,007ae4e6b1
692,provider,?bfmeResolveLU@BfmeInnerLU@@QAEPAVBfmeThingLU@@XZ,0x000022BB,1,62,62,game/GameEngine/Source/Common/BfmeConv1789.cpp,name:?bfmeResolveLU@BfmeInnerLU@@QAEPAVBfmeThingLU@@XZ,nothing defines it (pinned-elsewhere),tools/provider_repair.py,007ae4e6b1
693,data,?bfmeTable847EF0@@3QBUBfmeTable847EF0@@B,0x00D2FADC,1,62,62,game/GameEngine/Source/Common/BfmeChannelPair847EF0.cpp,name:?bfmeTable847EF0@@3QBUBfmeTable847EF0@@B,nothing defines it (data),tools/provider_repair.py data-next,007ae4e6b1
694,provider,?calcBoundingStuff@BfmeSubCNG@@QAEXXZ,0x0047EE60,1,62,62,game/GameEngine/Source/Common/Rva0087F270GeometryRecordUpdate.cpp,name:?calcBoundingStuff@BfmeSubCNG@@QAEXXZ,nothing defines it (alias),tools/provider_repair.py,007ae4e6b1
695,provider,?rva423670SmallDeallocate@@YAXPAXI@Z,0x0042E5F0,2,62,62,game/GameEngine/Source/Common/Rva14BA40ListNodeErase.cpp; +1 more,name:?rva423670SmallDeallocate@@YAXPAXI@Z,nothing defines it (alias),tools/provider_repair.py,007ae4e6b1
696,provider,?updateCachedState@BfmeStateFlagOwner@@QAEXXZ,0x0001727E,1,62,62,game/GameEngine/Source/GameLogic/AI/BfmeStateFlagRefresh.cpp,name:?updateCachedState@BfmeStateFlagOwner@@QAEXXZ,nothing defines it (pinned-elsewhere),tools/provider_repair.py,007ae4e6b1
697,provider,?b_0021e8b0@@YAXXZ,0x0021E8B0,1,61,61,game/GameEngine/Source/Common/SmallGaps/Rva0021E9C0ProcessAll.cpp,name:?b_0021e8b0@@YAXXZ,nothing defines it (alias),tools/provider_repair.py,007ae4e6b1
698,provider,?bfmeCellUpdateVNR@BfmeCellVNR@@QAEXPAVBfmeMgrVNR@@H@Z,0x004FC300,1,61,61,game/GameEngine/Source/Common/BfmeConv1519.cpp,name:?bfmeCellUpdateVNR@BfmeCellVNR@@QAEXPAVBfmeMgrVNR@@H@Z,nothing defines it (alias),tools/provider_repair.py,007ae4e6b1
699,provider,?bfmeClose1222@BfmeSub1222@@QAEXXZ,0x0049C880,1,61,61,game/Libraries/Source/Apt/AptObject/AptScriptFunction.cpp,name:?bfmeClose1222@BfmeSub1222@@QAEXXZ,nothing defines it (alias),tools/provider_repair.py,007ae4e6b1
700,provider,?bfmeParseAsciiYW@@YAXPAX00PBX@Z,0x00451EE0,1,61,61,game/GameEngine/Source/Common/BfmeConv1866.cpp,name:?bfmeParseAsciiYW@@YAXPAX00PBX@Z,nothing defines it (alias),tools/provider_repair.py,007ae4e6b1
701,provider,?bfmeSetWakeIS@BfmeWakeIS@@QAEXPAXH@Z,0x000157DA,1,61,61,game/GameEngine/Source/Common/BfmeConv1721.cpp,name:?bfmeSetWakeIS@BfmeWakeIS@@QAEXPAXH@Z,nothing defines it (pinned-elsewhere),tools/provider_repair.py,007ae4e6b1
702,data,?g_01076C24@@3MA,0x00C76C24,1,61,61,game/GameEngine/Source/GameClient/GUI/Rva00490350ProgressRange.cpp,name:?g_01076C24@@3MA,retail code reads the compiler literal __real@3c23d70a there,tools/provider_repair.py data-next,007ae4e6b1
703,provider,?getDrawModules@Drawable@@QAEPAPAXXZ,0x00021472,1,61,61,game/GameEngine/Source/GameClient/Drawable/Update/AnimatedParticleSysBoneClientUpdate.cpp,name:?getDrawModules@Drawable@@QAEPAPAXXZ,nothing defines it (pinned-elsewhere),tools/provider_repair.py,007ae4e6b1
704,provider,?rva00791F70DefaultDispatch@@YAXPAVRva00791F70CallbackHost@@HHH@Z,0x0003C281,1,61,61,game/GameEngine/Source/GameClient/GUI/Rva00791F70CallbackDispatch.cpp,name:?rva00791F70DefaultDispatch@@YAXPAVRva00791F70CallbackHost@@HHH@Z,nothing defines it (pinned-elsewhere),tools/provider_repair.py,007ae4e6b1
705,data,?ScreenTextureStageStates@@3PAY0CA@IA,0x00F3F9E0,1,61,21,game/GameEngine/Source/Common/Small03bLeafTrio.cpp,name:?ScreenTextureStageStates@@3PAY0CA@IA,nothing defines it (data),tools/provider_repair.py data-next,007ae4e6b1
706,provider,?bfmeBaseAB@BfmeThingAB@@QAEXPAX@Z,0x0001AD0C,1,60,121,game/GameEngine/Source/Common/BfmeThreeHundredEightyTwo.cpp,name:?bfmeBaseAB@BfmeThingAB@@QAEXPAX@Z,nothing defines it (pinned-elsewhere),tools/provider_repair.py,007ae4e6b1
707,provider,?b_00042a50@@YAXXZ,0x00042A50,1,60,60,game/GameEngine/Source/Common/Rva00627A50Clear.cpp,name:?b_00042a50@@YAXXZ,nothing defines it (pinned-elsewhere),tools/provider_repair.py,007ae4e6b1
708,provider,?bfmeAddAEB@BfmeOwnerAEB@@QAEXPAVBfmeThingAEB@@@Z,0x003F9590,1,60,60,game/GameEngine/Source/Common/BfmeThreeHundredEightyFive.cpp,name:?bfmeAddAEB@BfmeOwnerAEB@@QAEXPAVBfmeThingAEB@@@Z,nothing defines it (alias),tools/provider_repair.py,007ae4e6b1
709,provider,?bfmeBaseZA@BfmeThingZA@@QAEXXZ,0x00025E1E,1,60,60,game/GameEngine/Source/Common/BfmeThreeHundredSeventySeven.cpp,name:?bfmeBaseZA@BfmeThingZA@@QAEXXZ,nothing defines it (pinned-elsewhere),tools/provider_repair.py,007ae4e6b1
710,provider,?bfmeHitAEA@BfmeEntryAEA@@QAE_NPAUBfmeKeyAEA@@PAX@Z,0x004017E0,1,60,60,game/GameEngine/Source/Common/BfmeThreeHundredEightyFour.cpp,name:?bfmeHitAEA@BfmeEntryAEA@@QAE_NPAUBfmeKeyAEA@@PAX@Z,nothing defines it (alias),tools/provider_repair.py,007ae4e6b1
711,provider,?bfmeImplVMP@BfmeStrVMP@@QAEXHHHH@Z,0x004314E0,1,60,60,game/GameEngine/Source/Common/BfmeConv1437.cpp,name:?bfmeImplVMP@BfmeStrVMP@@QAEXHHHH@Z,nothing defines it (alias),tools/provider_repair.py,007ae4e6b1
712,provider,?bfmeSendTP@@YAXPAXPAUBfmeBlockTP@@1U1@0H@Z,0x00022D95,1,60,60,game/GameEngine/Source/Common/BfmeConv1808.cpp,name:?bfmeSendTP@@YAXPAXPAUBfmeBlockTP@@1U1@0H@Z,nothing defines it (pinned-elsewhere),tools/provider_repair.py,007ae4e6b1
713,provider,?bfmeSendTQ@@YAXPAXPAUBfmeBlockTQ@@1U1@0H@Z,0x00022D95,1,60,60,game/GameEngine/Source/Common/BfmeConv1809.cpp,name:?bfmeSendTQ@@YAXPAXPAUBfmeBlockTQ@@1U1@0H@Z,nothing defines it (pinned-elsewhere),tools/provider_repair.py,007ae4e6b1
714,provider,?bfmeTailZC@BfmeThingZC@@QAEXXZ,0x0003672D,1,60,60,game/GameEngine/Source/Common/BfmeThreeHundredSeventyNine.cpp,name:?bfmeTailZC@BfmeThingZC@@QAEXXZ,nothing defines it (pinned-elsewhere),tools/provider_repair.py,007ae4e6b1
715,data,?g_bfmeBadE15@@3UBfmeShapeE15@@A,0x00AD4CE8,1,60,60,game/Libraries/Source/geometry/Rva0087E150At.cpp,name:?g_bfmeBadE15@@3UBfmeShapeE15@@A,nothing defines it (data),tools/provider_repair.py data-next,007ae4e6b1
716,data,?g_bfmeICoord3DFormat@@3QBDB,0x00D4436C,1,60,60,game/GameEngine/Source/Common/Gen009D9670.cpp,name:?g_bfmeICoord3DFormat@@3QBDB,nothing defines it (data),tools/provider_repair.py data-next,007ae4e6b1
717,provider,?rva0058D8E0Select@@YAXH@Z,0x000412F4,1,60,60,game/GameEngine/Source/Common/Rva0058D8E0SlotLookup.cpp,name:?rva0058D8E0Select@@YAXH@Z,nothing defines it (pinned-elsewhere),tools/provider_repair.py,007ae4e6b1
718,provider,?rva007e8530_bar@@YGXPAX0@Z,0x000476E0,2,60,60,game/GameEngine/Source/Common/Rva007E8600Clear.cpp; +1 more,name:?rva007e8530_bar@@YGXPAX0@Z,nothing defines it (pinned-elsewhere),tools/provider_repair.py,007ae4e6b1
719,data,?rva220840Callback@@YAXXZ,0x002207F0,1,60,60,game/GameEngine/Source/Common/Rva220840DispatchThunk.cpp,name:?rva220840Callback@@YAXXZ,nothing defines it (data),tools/provider_repair.py data-next,007ae4e6b1
720,data,?TheShroudManager@@3PAVPartitionManager@@A,0x00EED5BC,1,59,109,game/GameEngineDevice/Source/W3DDevice/GameClient/W3DShrubBuffer_stampShroudVisible.cpp,name:?TheShroudManager@@3PAVPartitionManager@@A,nothing defines it (data),tools/provider_repair.py data-next,007ae4e6b1
721,provider,?attemptDamage@BodyModuleInterface@@UAEXPAVDamageInfo@@@Z,0x0003B372,1,59,59,game/GameEngine/Source/GameLogic/Object/Body/FreeLifeBody_attemptDamage.cpp,name:?attemptDamage@BodyModuleInterface@@UAEXPAVDamageInfo@@@Z,nothing defines it (pinned-elsewhere),tools/provider_repair.py,007ae4e6b1
722,provider,?bfmeAllocQB@@YAPAXHI@Z,0x00030940,1,59,59,game/GameEngine/Source/Common/BfmeTwoHundredEightyFive.cpp,name:?bfmeAllocQB@@YAPAXHI@Z,nothing defines it (pinned-elsewhere),tools/provider_repair.py,007ae4e6b1
723,import,__imp__u2_import_0135944C,0x00F5944C,1,59,59,game/GameEngine/Source/Common/U2AllocatedRangeCopy8.cpp,name:__imp__u2_import_0135944C,nothing defines it (import),tools/import_binding.py,007ae4e6b1
724,data,?g_Rva0107301CEmptyString@@3QBDB,0x00C7301C,1,58,147,game/Libraries/Source/debug/Rva00889780.cpp,name:?g_Rva0107301CEmptyString@@3QBDB,retail code reads the compiler literal ??_C@_00CNPNBAHC@?$AA,tools/provider_repair.py data-next,007ae4e6b1
725,provider,?erase@Rva0076F980Mid@@QAEPAVAsciiString@@PAV2@0@Z,0x00065960,1,58,125,game/GameEngine/Source/Common/Gen003C75A0Step.cpp,name:?erase@Rva0076F980Mid@@QAEPAVAsciiString@@PAV2@0@Z,nothing defines it (alias),tools/provider_repair.py,007ae4e6b1
726,provider,?bfmeForward@Gen_0002644FTarget@@QAEXXZ,0x0002644F,1,58,91,game/GameEngine/Source/Common/S3WalkBackForwarders.cpp,name:?bfmeForward@Gen_0002644FTarget@@QAEXXZ,nothing defines it (pinned-elsewhere),tools/provider_repair.py,007ae4e6b1
727,data,?TheAudio@@3PAVRva004910C0Audio@@A,0x00EED668,1,58,58,game/GameEngine/Source/Common/Audio/Rva004910C0AudioPredicate.cpp,name:?TheAudio@@3PAVRva004910C0Audio@@A,nothing defines it (data),tools/provider_repair.py data-next,007ae4e6b1
728,data,?TheTerrainLogic@@3PAURva003FD060TerrainLogic@@A,0x00EEF4CC,1,58,58,game/GameEngine/Source/Common/SmallGaps/Rva003FD060AnyBlocked.cpp,name:?TheTerrainLogic@@3PAURva003FD060TerrainLogic@@A,nothing defines it (data),tools/provider_repair.py data-next,007ae4e6b1
729,provider,?bfmeAllocQA@@YAPAXHI@Z,0x00030940,1,58,58,game/GameEngine/Source/Common/BfmeTwoHundredEightyFour.cpp,name:?bfmeAllocQA@@YAPAXHI@Z,nothing defines it (pinned-elsewhere),tools/provider_repair.py,007ae4e6b1
730,provider,?bfmeDropAVA@BfmeListAVA00443DF0@@QAEXPAX@Z,0x00016176,1,58,58,game/GameEngine/Source/Common/BfmeConv426Twin00449880.cpp,name:?bfmeDropAVA@BfmeListAVA00443DF0@@QAEXPAX@Z,nothing defines it (pinned-elsewhere),tools/provider_repair.py,007ae4e6b1
731,provider,?bfmeDropAVA@BfmeListAVA@@QAEXPAX@Z,0x0004A91C,1,58,58,game/GameEngine/Source/Common/BfmeConv426.cpp,name:?bfmeDropAVA@BfmeListAVA@@QAEXPAX@Z,nothing defines it (pinned-elsewhere),tools/provider_repair.py,007ae4e6b1
732,provider,?bfmeDropXA@BfmeListXA@@QAEXPAX@Z,0x0001FF82,1,58,58,game/GameEngine/Source/Common/BfmeThreeHundredSeventyOne.cpp,name:?bfmeDropXA@BfmeListXA@@QAEXPAX@Z,nothing defines it (pinned-elsewhere),tools/provider_repair.py,007ae4e6b1
733,provider,?bfmeHide1183@BfmeW1183@@QAEXI@Z,0x0003F3E1,1,58,58,game/GameEngine/Source/GameClient/GUI/BfmeWindowManagerHideAllAptWindows.cpp,name:?bfmeHide1183@BfmeW1183@@QAEXI@Z,nothing defines it (pinned-elsewhere),tools/provider_repair.py,007ae4e6b1
734,data,?g_bfmeInt64Format@@3QBDB,0x00D442EC,1,58,58,game/GameEngine/Source/Common/Gen009D94E0.cpp,name:?g_bfmeInt64Format@@3QBDB,nothing defines it (data),tools/provider_repair.py data-next,007ae4e6b1
735,data,?g_bfmeStr1277@@3PADA,0x00888D0C,1,58,58,game/GameEngine/Source/Common/BfmeConv1277.cpp,name:?g_bfmeStr1277@@3PADA,nothing defines it (data),tools/provider_repair.py data-next,007ae4e6b1
736,data,?Glo012F3344@@3PAVRva0057F0B0ShellGlobal@@A,0x00EF3344,1,57,57,game/GameEngine/Source/GameClient/GUI/Shell/Rva0057F0B0ShellHide.cpp,name:?Glo012F3344@@3PAVRva0057F0B0ShellGlobal@@A,nothing defines it (data),tools/provider_repair.py data-next,007ae4e6b1
737,provider,?bfmeAskCSD@BfmeSubCSD@@QAE_NXZ,0x00017607,1,57,57,game/GameEngine/Source/Common/BfmeConv639.cpp,name:?bfmeAskCSD@BfmeSubCSD@@QAE_NXZ,nothing defines it (pinned-elsewhere),tools/provider_repair.py,007ae4e6b1
738,provider,?bfmeAskCSE@BfmeSubCSE@@QAE_NXZ,0x00017607,1,57,57,game/GameEngine/Source/Common/BfmeConv640.cpp,name:?bfmeAskCSE@BfmeSubCSE@@QAE_NXZ,nothing defines it (pinned-elsewhere),tools/provider_repair.py,007ae4e6b1
739,provider,?bfmeAskCSF@BfmeSubCSF@@QAE_NXZ,0x00017607,1,57,57,game/GameEngine/Source/Common/BfmeConv641.cpp,name:?bfmeAskCSF@BfmeSubCSF@@QAE_NXZ,nothing defines it (pinned-elsewhere),tools/provider_repair.py,007ae4e6b1
740,provider,?bfmeImplVMN@BfmeStrVMN@@QAEXHHHH@Z,0x004314E0,1,57,57,game/GameEngine/Source/Common/BfmeConv1434.cpp,name:?bfmeImplVMN@BfmeStrVMN@@QAEXHHHH@Z,nothing defines it (alias),tools/provider_repair.py,007ae4e6b1
741,provider,?bfmeImplVMO@BfmeStrVMO@@QAEXHHHH@Z,0x004312E0,1,57,57,game/GameEngine/Source/Common/BfmeConv1436.cpp,name:?bfmeImplVMO@BfmeStrVMO@@QAEXHHHH@Z,nothing defines it (alias),tools/provider_repair.py,007ae4e6b1
742,provider,?bfmeImplVMW@BfmeStrVMW@@QAEXHHPAD@Z,0x00021A58,1,57,57,game/GameEngine/Source/Common/BfmeConv1444.cpp,name:?bfmeImplVMW@BfmeStrVMW@@QAEXHHPAD@Z,nothing defines it (pinned-elsewhere),tools/provider_repair.py,007ae4e6b1
743,provider,?bfmeImplVMX@BfmeStrVMX@@QAEXHHPAD@Z,0x00011522,1,57,57,game/GameEngine/Source/Common/BfmeConv1445.cpp,name:?bfmeImplVMX@BfmeStrVMX@@QAEXHHPAD@Z,nothing defines it (pinned-elsewhere),tools/provider_repair.py,007ae4e6b1
744,provider,?bfmeLookupGH@BfmeMapGH@@QAEXPAPAVBfmeNodeGH@@PAPAX@Z,0x00018C5A,1,57,57,game/GameEngine/Source/Common/BfmeConv2059.cpp,name:?bfmeLookupGH@BfmeMapGH@@QAEXPAPAVBfmeNodeGH@@PAPAX@Z,nothing defines it (pinned-elsewhere),tools/provider_repair.py,007ae4e6b1
745,provider,?bfmeLookupPV@BfmeTablePV@@QAEXPAPAVBfmeNodePV@@PAPAX@Z,0x0002DF6F,1,57,57,game/GameEngine/Source/Common/System/Rva00612850.cpp,name:?bfmeLookupPV@BfmeTablePV@@QAEXPAPAVBfmeNodePV@@PAPAX@Z,nothing defines it (pinned-elsewhere),tools/provider_repair.py,007ae4e6b1
746,provider,?bfmeResolveKZ@Rva0015A5B0Inner@@QAEPAVRva0015A5B0Thing@@XZ,0x000022BB,1,57,57,game/GameEngine/Source/Common/Rva0015A5B0Sum.cpp,name:?bfmeResolveKZ@Rva0015A5B0Inner@@QAEPAVRva0015A5B0Thing@@XZ,nothing defines it (pinned-elsewhere),tools/provider_repair.py,007ae4e6b1
747,provider,?bfmeTailCOA@BfmeThingCOA@@QAEXPAXH@Z,0x000157DA,1,57,57,game/GameEngine/Source/Common/BfmeConv623.cpp,name:?bfmeTailCOA@BfmeThingCOA@@QAEXPAXH@Z,nothing defines it (pinned-elsewhere),tools/provider_repair.py,007ae4e6b1
748,provider,?Rva00927800Target@@YAXXZ,0x00527800,1,56,56,game/Libraries/Source/WWVegas/WWLib/RvaHashFindPair00927C10.cpp,name:?Rva00927800Target@@YAXXZ,nothing defines it (alias),tools/provider_repair.py,007ae4e6b1
749,data,?TheGlobalData@@3PAVGlobalData@@A,0x00EED5C8,1,56,56,game/GameEngine/Source/GameClient/GlobalLanguage_adjustFontSize.cpp,name:?TheGlobalData@@3PAVGlobalData@@A,nothing defines it (data),tools/provider_repair.py data-next,007ae4e6b1
750,bridge,?bfmeDoZN@Rva0035E710Owner@@QAEXPAXPAPAUBfmeNodeZN@@0@Z,0x0035E5A0,1,56,56,game/GameEngine/Source/Common/Rva0035E710LinkWalk.cpp,name:?bfmeDoZN@Rva0035E710Owner@@QAEXPAXPAPAUBfmeNodeZN@@0@Z,nothing defines it (dump),tools/next_work.py,007ae4e6b1
751,provider,?bfmeDropAUD@BfmeListAUD@@QAEXPAX@Z,0x00016ED2,1,56,56,game/GameEngine/Source/Common/BfmeConv423.cpp,name:?bfmeDropAUD@BfmeListAUD@@QAEXPAX@Z,nothing defines it (pinned-elsewhere),tools/provider_repair.py,007ae4e6b1
752,provider,?bfmeNext1107@@YAPAUBfmeNode1107@@PAU1@@Z,0x0042B870,1,56,56,game/GameEngine/Source/Common/BfmeConv1107.cpp,name:?bfmeNext1107@@YAPAUBfmeNode1107@@PAU1@@Z,nothing defines it (alias),tools/provider_repair.py,007ae4e6b1
753,provider,?find@Rva00646290Tree@@QAE?AURva00646290Iterator@@ABH@Z,0x0001A55A,1,56,56,game/GameEngine/Source/Common/Rva00646290TreeLookup.cpp,name:?find@Rva00646290Tree@@QAE?AURva00646290Iterator@@ABH@Z,nothing defines it (pinned-elsewhere),tools/provider_repair.py,007ae4e6b1
754,data,?g_bfmeICoord2DFormat@@3QBDB,0x00D44414,1,56,56,game/GameEngine/Source/Common/Gen009D97A0.cpp,name:?g_bfmeICoord2DFormat@@3QBDB,nothing defines it (data),tools/provider_repair.py data-next,007ae4e6b1
755,provider,?bfmeFind1004@BfmeHold1004@@QAEPAVBfmeX1004@@XZ,0x0000D3B9,1,55,137,game/GameEngine/Source/Common/Rva001DCA60NullableInterfaceFilter.cpp,name:?bfmeFind1004@BfmeHold1004@@QAEPAVBfmeX1004@@XZ,nothing defines it (pinned-elsewhere),tools/provider_repair.py,007ae4e6b1
756,data,?TheBfmeAwakenDebug@@3PAVBfmeAwakenDebug@@A,0x00F36E5C,1,55,134,game/Libraries/Source/debug/Rva00889300DebugForwarders.cpp,name:?TheBfmeAwakenDebug@@3PAVBfmeAwakenDebug@@A,nothing defines it (data),tools/provider_repair.py data-next,007ae4e6b1
757,provider,??0Rva00647920String@@QAE@ABV0@@Z,0x0001CB11,1,55,55,game/GameEngine/Source/Common/Rva00770220Copy.cpp,name:??0Rva00647920String@@QAE@ABV0@@Z,nothing defines it (pinned-elsewhere),tools/provider_repair.py,007ae4e6b1
758,provider,?Rva0088EAD0@@YAXPAX@Z,0x0048EAD0,1,55,55,game/Libraries/Source/debug/Rva00889DD0.cpp,name:?Rva0088EAD0@@YAXPAX@Z,nothing defines it (alias),tools/provider_repair.py,007ae4e6b1
759,data,?Rva008C3B60Head@@3PAURva008C3B60Node@@A,0x00F38478,1,55,55,game/GameEngine/Source/Common/SmallGaps/shutdownChain.cpp,name:?Rva008C3B60Head@@3PAURva008C3B60Node@@A,nothing defines it (data),tools/provider_repair.py data-next,007ae4e6b1
760,data,?Rva008D29D0Head@@3PAURva008D29D0Node@@A,0x00F387D0,1,55,55,game/GameEngine/Source/Common/SmallGaps/Rva008D29D0ShutdownChain.cpp,name:?Rva008D29D0Head@@3PAURva008D29D0Node@@A,nothing defines it (data),tools/provider_repair.py data-next,007ae4e6b1
761,data,?Rva008D2A40Head@@3PAURva008D2A40Node@@A,0x00F387D4,1,55,55,game/GameEngine/Source/Common/SmallGaps/Rva008D2A40ShutdownChain.cpp,name:?Rva008D2A40Head@@3PAURva008D2A40Node@@A,nothing defines it (data),tools/provider_repair.py data-next,007ae4e6b1
762,provider,?bfmeDoBPB@BfmeSubBPB@@QAEXPAX00@Z,0x000160D1,2,55,55,game/GameEngine/Source/Common/BfmeConv506.cpp; +1 more,name:?bfmeDoBPB@BfmeSubBPB@@QAEXPAX00@Z,nothing defines it (pinned-elsewhere),tools/provider_repair.py,007ae4e6b1
763,provider,?bfmeDropAUC@BfmeThingAUC@@QAEXPAX@Z,0x00015BE5,1,55,55,game/GameEngine/Source/Common/BfmeConv422.cpp,name:?bfmeDropAUC@BfmeThingAUC@@QAEXPAX@Z,nothing defines it (pinned-elsewhere),tools/provider_repair.py,007ae4e6b1
764,provider,?bfmeNotifyAH@BfmeOwnAH@@QAEXXZ,0x0001F181,1,55,55,game/GameEngine/Source/Common/BfmeConv1736.cpp,name:?bfmeNotifyAH@BfmeOwnAH@@QAEXXZ,nothing defines it (pinned-elsewhere),tools/provider_repair.py,007ae4e6b1
765,provider,?bfmePred@BfmeElem340@@QAEEXZ,0x0003C5B0,1,55,55,game/GameEngine/Source/Common/Bfme/Rva0013E340Any.cpp,name:?bfmePred@BfmeElem340@@QAEEXZ,nothing defines it (pinned-elsewhere),tools/provider_repair.py,007ae4e6b1
766,provider,?bfmeResolveGA@BfmeItemGA@@QAEPAVBfmeThingGA@@XZ,0x00003B52,1,55,55,game/GameEngine/Source/Common/BfmeConv1709.cpp,name:?bfmeResolveGA@BfmeItemGA@@QAEPAVBfmeThingGA@@XZ,nothing defines it (pinned-elsewhere),tools/provider_repair.py,007ae4e6b1
767,body,?resolveBlockZones@@YAXHHPAGH@Z,0x00002760,1,55,55,game/GameEngine/Source/GameLogic/AI/PathfindApplyBlockZoneRaw.cpp,source:game/GameEngine/Source/GameLogic/AI/PathfindApplyBlockZoneRaw.cpp,bytes differ at +0x0 (0x00002760),tools/probe.py,007ae4e6b1
768,provider,?bfmeGetFinalOverride@BfmeSubInnerEFF@@QAEPAXXZ,0x000022BB,1,54,122,game/GameEngine/Source/GameLogic/Object/Body/Rva00210BA0TemplateDispatch.cpp,name:?bfmeGetFinalOverride@BfmeSubInnerEFF@@QAEPAXXZ,nothing defines it (pinned-elsewhere),tools/provider_repair.py,007ae4e6b1
769,data,?TheGameLogic@@3PAVGameLogicFrameSlice@@A,0x00EF0898,3,54,54,game/GameEngine/Source/Common/Rva003679D0FrameDeadline.cpp; +2 more,name:?TheGameLogic@@3PAVGameLogicFrameSlice@@A,nothing defines it (data),tools/provider_repair.py data-next,007ae4e6b1
770,provider,?_M_pop_back_aux@Rva006A04E0AudioDeque@@QAEXXZ,0x0001309D,1,54,54,game/GameEngine/Source/Common/Audio/Rva006A04E0AudioDequePopBack.cpp,name:?_M_pop_back_aux@Rva006A04E0AudioDeque@@QAEXXZ,nothing defines it (pinned-elsewhere),tools/provider_repair.py,007ae4e6b1
771,provider,?_M_pop_back_aux@Rva006A3A00AudioDeque@@QAEXXZ,0x0001309D,1,54,54,game/GameEngine/Source/Common/Audio/Rva006A3A00AudioDequePopBack.cpp,name:?_M_pop_back_aux@Rva006A3A00AudioDeque@@QAEXXZ,nothing defines it (pinned-elsewhere),tools/provider_repair.py,007ae4e6b1
772,provider,?bfmeAllocPV@@YAPAXHI@Z,0x00030940,1,54,54,game/GameEngine/Source/Common/BfmeTwoHundredEightyTwo.cpp,name:?bfmeAllocPV@@YAPAXHI@Z,nothing defines it (pinned-elsewhere),tools/provider_repair.py,007ae4e6b1
773,provider,?bfmeLogCNE@@YGXHH@Z,0x00032DEE,1,54,54,game/GameEngine/Source/Common/BfmeConv626.cpp,name:?bfmeLogCNE@@YGXHH@Z,nothing defines it (pinned-elsewhere),tools/provider_repair.py,007ae4e6b1
774,provider,?bfmeOneCRB@BfmeThingCRB@@QAEXPAX0@Z,0x0000F975,1,54,54,game/GameEngine/Source/Common/BfmeConv635.cpp,name:?bfmeOneCRB@BfmeThingCRB@@QAEXPAX0@Z,nothing defines it (pinned-elsewhere),tools/provider_repair.py,007ae4e6b1
775,provider,?bfmeRemove@BfmeManagerEntryP@@QAEXPAVBfmeOwnedP@@@Z,0x001BE920,1,54,54,game/GameEngine/Source/Common/Bfme5ManagerRemove.cpp,name:?bfmeRemove@BfmeManagerEntryP@@QAEXPAVBfmeOwnedP@@@Z,nothing defines it (alias),tools/provider_repair.py,007ae4e6b1
776,provider,?bfmeUpdateCMB@BfmeThingCMB@@QAEXXZ,0x00032231,1,54,54,game/GameEngine/Source/GameLogic/Map/BfmeConv621.cpp,name:?bfmeUpdateCMB@BfmeThingCMB@@QAEXXZ,nothing defines it (pinned-elsewhere),tools/provider_repair.py,007ae4e6b1
777,provider,?costFor@Rva0036BA60Cost@@QBEIPAVPlayer@@H@Z,0x0000DA8A,1,54,54,game/GameEngine/Source/Common/Rva0036BA60CanAfford.cpp,name:?costFor@Rva0036BA60Cost@@QBEIPAVPlayer@@H@Z,nothing defines it (pinned-elsewhere),tools/provider_repair.py,007ae4e6b1
778,data,?g_bfmeK1260@@3MB,0x0087533C,1,54,54,game/GameEngine/Source/Common/BfmeConv1260.cpp,name:?g_bfmeK1260@@3MB,retail code reads the compiler literal __real@3f000000 there,tools/provider_repair.py data-next,007ae4e6b1
779,data,?g_bfmeShortFormat@@3QBDB,0x00D44314,1,54,54,game/GameEngine/Source/Common/Gen009D9560.cpp,name:?g_bfmeShortFormat@@3QBDB,nothing defines it (data),tools/provider_repair.py data-next,007ae4e6b1
780,data,?g_bfmeSignedByteFormat@@3QBDB,0x00D442AC,1,54,54,game/GameEngine/Source/Common/Gen009D93E0.cpp,name:?g_bfmeSignedByteFormat@@3QBDB,nothing defines it (data),tools/provider_repair.py data-next,007ae4e6b1
781,data,?g_bfmeUnsignedByteFormat@@3QBDB,0x00D442BC,1,54,54,game/GameEngine/Source/Common/Gen009D9420.cpp,name:?g_bfmeUnsignedByteFormat@@3QBDB,nothing defines it (data),tools/provider_repair.py data-next,007ae4e6b1
782,data,?g_bfmeUnsignedShortFormat@@3QBDB,0x00D44328,1,54,54,game/GameEngine/Source/Common/Gen009D95A0.cpp,name:?g_bfmeUnsignedShortFormat@@3QBDB,nothing defines it (data),tools/provider_repair.py data-next,007ae4e6b1
783,bridge,?helper@Rva00894120Vector@@QAEXPAX00@Z,0x00493F10,1,54,54,game/GameEngine/Source/Common/Rva00894120VectorInsert.cpp,name:?helper@Rva00894120Vector@@QAEXPAX00@Z,nothing defines it (dump),tools/next_work.py,007ae4e6b1
784,data,?R2Data010EC768@@3HA,0x00CEC768,1,53,259,game/GameEngine/Source/Common/Rva003A6FF0CopyConstructor.cpp,name:?R2Data010EC768@@3HA,nothing defines it (data),tools/provider_repair.py data-next,007ae4e6b1
785,provider,?Rva00417430AudioSelector@BfmeHostQR@@QAEXPAXH@Z,0x0001B77F,1,53,53,game/GameEngine/Source/Common/BfmeConv2143.cpp,name:?Rva00417430AudioSelector@BfmeHostQR@@QAEXPAXH@Z,nothing defines it (pinned-elsewhere),tools/provider_repair.py,007ae4e6b1
786,provider,?bfmeBaseCLB@BfmeThingCLB@@QAEXPAX@Z,0x00029311,1,53,53,game/GameEngine/Source/Common/BfmeConv613.cpp,name:?bfmeBaseCLB@BfmeThingCLB@@QAEXPAX@Z,nothing defines it (alias),tools/provider_repair.py,007ae4e6b1
787,provider,?bfmeHitZP@BfmeSlotZP@@QAEXPAVBfmeKeyZP@@@Z,0x00401EC0,1,53,53,game/GameEngine/Source/Common/BfmeConv1882.cpp,name:?bfmeHitZP@BfmeSlotZP@@QAEXPAVBfmeKeyZP@@@Z,nothing defines it (alias),tools/provider_repair.py,007ae4e6b1
788,provider,?bfmeImplVMS@BfmeStrVMS@@QAEXHHH@Z,0x004300B0,1,53,53,game/GameEngine/Source/Common/BfmeConv1439.cpp,name:?bfmeImplVMS@BfmeStrVMS@@QAEXHHH@Z,nothing defines it (alias),tools/provider_repair.py,007ae4e6b1
789,data,?g_Rva00789900Table@@3PAPAXA,0x00D26CCC,1,53,53,game/GameEngine/Source/Common/Rva00789900Init.cpp,name:?g_Rva00789900Table@@3PAPAXA,nothing defines it (data),tools/provider_repair.py data-next,007ae4e6b1
790,data,?g_bfmeDeadlineClock@@3PAUBfmeDeadlineClock@@A,0x00AF0898,1,53,53,game/GameEngine/Source/Common/Bfme5IndexedDeadlineSet.cpp,name:?g_bfmeDeadlineClock@@3PAUBfmeDeadlineClock@@A,nothing defines it (data),tools/provider_repair.py data-next,007ae4e6b1
791,data,?g_bfmeIntegerFormat@@3QBDB,0x00D442DC,1,53,53,game/GameEngine/Source/Common/Gen009D94A0.cpp,name:?g_bfmeIntegerFormat@@3QBDB,nothing defines it (data),tools/provider_repair.py data-next,007ae4e6b1
792,data,?g_bfmeScalarByteFormat@@3QBDB,0x00D442D0,1,53,53,game/GameEngine/Source/Common/Gen009D9460.cpp,name:?g_bfmeScalarByteFormat@@3QBDB,nothing defines it (data),tools/provider_repair.py data-next,007ae4e6b1
793,data,?g_bfmeUnsignedIntFormat@@3QBDB,0x00D44304,1,53,53,game/GameEngine/Source/Common/Gen009D9520.cpp,name:?g_bfmeUnsignedIntFormat@@3QBDB,nothing defines it (data),tools/provider_repair.py data-next,007ae4e6b1
794,provider,??0ProductionPrerequisiteRetailCopy@@QAE@ABV0@@Z,0x00038550,1,53,24,game/GameEngine/Source/Common/RTS/ProductionPrerequisiteShims.cpp,name:??0ProductionPrerequisiteRetailCopy@@QAE@ABV0@@Z,nothing defines it (pinned-elsewhere),tools/provider_repair.py,007ae4e6b1
795,provider,?bfmeReadVFC@BfmeChunkVFC@@QAEIPAXI@Z,0x005E15C0,1,52,101,game/GameEngine/Source/Common/Rva0096D2C0ReadBlock.cpp,name:?bfmeReadVFC@BfmeChunkVFC@@QAEIPAXI@Z,nothing defines it (alias),tools/provider_repair.py,007ae4e6b1
796,data,?g_bfmeScaleBK@@3MA,0x00C75C70,1,52,69,game/GameEngine/Source/Common/BfmeSameEJ.cpp,name:?g_bfmeScaleBK@@3MA,retail code reads the compiler literal __real@3dcccccd there,tools/provider_repair.py data-next,007ae4e6b1
797,data,?Glo012F4B98@@3PAVGlo012F4B98Type@@A,0x00EF4B98,1,52,52,game/GameEngine/Source/Common/BfmeGoVLF.cpp,name:?Glo012F4B98@@3PAVGlo012F4B98Type@@A,nothing defines it (data),tools/provider_repair.py data-next,007ae4e6b1
798,data,?Rva008D2960Head@@3PAURva008D2960Node@@A,0x00F387CC,1,52,52,game/GameEngine/Source/Common/SmallGaps/shutdownChain2.cpp,name:?Rva008D2960Head@@3PAURva008D2960Node@@A,nothing defines it (data),tools/provider_repair.py data-next,007ae4e6b1
799,provider,?b_004bcaa0@@YAXXZ,0x000BCAA0,1,52,52,game/GameEngine/Source/Common/Rva004A8FC0ClearEntries.cpp,name:?b_004bcaa0@@YAXXZ,nothing defines it (alias),tools/provider_repair.py,007ae4e6b1
800,provider,?bfmeFreeEXB@@YAXPAXI@Z,0x0042E5F0,1,52,52,game/GameEngine/Source/Common/BfmeConv887.cpp,name:?bfmeFreeEXB@@YAXPAXI@Z,nothing defines it (alias),tools/provider_repair.py,007ae4e6b1
801,provider,?bfmeImplVMI@BfmeStrVMI@@QAEXHHHHPAD@Z,0x004312E0,1,52,52,game/GameEngine/Source/Common/BfmeConv1431.cpp,name:?bfmeImplVMI@BfmeStrVMI@@QAEXHHHHPAD@Z,nothing defines it (alias),tools/provider_repair.py,007ae4e6b1
802,provider,?bfmeImplVML@BfmeStrVML@@QAEXHHHHPAD@Z,0x004314E0,1,52,52,game/GameEngine/Source/Common/BfmeConv1433.cpp,name:?bfmeImplVML@BfmeStrVML@@QAEXHHHHPAD@Z,nothing defines it (alias),tools/provider_repair.py,007ae4e6b1
803,provider,?bfmeItemSizeVOF@BfmeItemVOF@@QAEHXZ,0x00559500,1,52,52,game/GameEngine/Source/Common/BfmeConv1529.cpp,name:?bfmeItemSizeVOF@BfmeItemVOF@@QAEHXZ,nothing defines it (alias),tools/provider_repair.py,007ae4e6b1
804,provider,?bfmeItemSizeVOG@BfmeItemVOG@@QAEHXZ,0x0055B070,1,52,52,game/GameEngine/Source/Common/BfmeConv1531.cpp,name:?bfmeItemSizeVOG@BfmeItemVOG@@QAEHXZ,nothing defines it (alias),tools/provider_repair.py,007ae4e6b1
805,data,?g_Va012F7014@@3PAVVDispatch4@@A,0x00EF7014,1,52,52,game/GameEngine/Source/Common/Rva001A34C0Dispatch.cpp,name:?g_Va012F7014@@3PAVVDispatch4@@A,nothing defines it (data),tools/provider_repair.py data-next,007ae4e6b1
806,data,?g_bfmeWordFormat@@3QBDB,0x00D442A8,1,52,52,game/GameEngine/Source/Common/Gen009D93A0.cpp,name:?g_bfmeWordFormat@@3QBDB,nothing defines it (data),tools/provider_repair.py data-next,007ae4e6b1
807,import,__imp_?bfmeCopyVGK@@YAXPADPBD@Z,0x00B5948C,1,52,52,game/GameEngine/Source/Common/BfmeConv1354.cpp,name:__imp_?bfmeCopyVGK@@YAXPADPBD@Z,nothing defines it (import),tools/import_binding.py,007ae4e6b1
808,provider,?bfmeDestroyRange@@YAXPAVBfmeVecAW@@@Z,0x00034DC9,1,51,51,game/GameEngine/Source/Common/Bfme5DestroyThenClear.cpp,name:?bfmeDestroyRange@@YAXPAVBfmeVecAW@@@Z,nothing defines it (pinned-elsewhere),tools/provider_repair.py,007ae4e6b1
809,provider,?bfmeFindFN@BfmeOwnerFN@@QAEHPAVBfmeVecFN@@PBD@Z,0x003F76F0,1,51,51,game/GameEngine/Source/Common/BfmeConv2109.cpp,name:?bfmeFindFN@BfmeOwnerFN@@QAEHPAVBfmeVecFN@@PBD@Z,nothing defines it (alias),tools/provider_repair.py,007ae4e6b1
810,provider,?bfmeLockZI@BfmeSurfaceZI@@QAEPAXPAHHHHH@Z,0x004FC710,1,51,51,game/GameEngine/Source/Common/BfmeConv1876.cpp,name:?bfmeLockZI@BfmeSurfaceZI@@QAEPAXPAHHHHH@Z,nothing defines it (alias),tools/provider_repair.py,007ae4e6b1
811,provider,?bfmeTail915C@BfmeElem915C@@QAEHPAX@Z,0x00049EA4,1,51,51,game/GameEngine/Source/Common/BfmeConv915.cpp,name:?bfmeTail915C@BfmeElem915C@@QAEHPAX@Z,nothing defines it (pinned-elsewhere),tools/provider_repair.py,007ae4e6b1
812,data,?letters@?1??rva00844730DispatchTables@@YAXHHPAVRva00844730TableSink@@@Z@4QBDB,0x00EC7D6C,1,51,51,game/Libraries/Source/WWVegas/WWLib/Rva00844730DualDigitTables.cpp,source:game/Libraries/Source/WWVegas/WWLib/Rva00844730DualDigitTables.cpp,"1 unrelocated in-image dword(s), first 0x00466645 at +0x9: p",tools/reloc_ledger.py,007ae4e6b1
813,data,?TheBfmeDrawableDirtyFlags@@3HA,0x00EEF418,1,51,17,game/GameEngine/Source/Common/S3SplitTails.cpp,name:?TheBfmeDrawableDirtyFlags@@3HA,nothing defines it (data),tools/provider_repair.py data-next,007ae4e6b1
814,provider,?Rva00739900Forward@@YAXPAXM@Z,0x000246A4,1,50,50,game/GameEngine/Source/Common/Rva006FCBD0ClampForward.cpp,name:?Rva00739900Forward@@YAXPAXM@Z,nothing defines it (pinned-elsewhere),tools/provider_repair.py,007ae4e6b1
815,provider,?bfmeAskCSA@BfmeSubCSA@@QAE_NXZ,0x00017607,1,50,50,game/GameEngine/Source/Common/BfmeConv638.cpp,name:?bfmeAskCSA@BfmeSubCSA@@QAE_NXZ,nothing defines it (pinned-elsewhere),tools/provider_repair.py,007ae4e6b1
816,provider,?bfmeCallVMC@@YAXHHH@Z,0x00018179,1,50,50,game/GameEngine/Source/Common/BfmeConv1425.cpp,name:?bfmeCallVMC@@YAXHHH@Z,nothing defines it (pinned-elsewhere),tools/provider_repair.py,007ae4e6b1
817,provider,?bfmeEnsureWA@BfmeThingWA@@QAEXXZ,0x0002DE02,1,50,50,game/GameEngine/Source/Common/BfmeThreeHundredSixtySix.cpp,name:?bfmeEnsureWA@BfmeThingWA@@QAEXXZ,nothing defines it (pinned-elsewhere),tools/provider_repair.py,007ae4e6b1
818,provider,?bfmeSameUW@@YADPAXPAVBfmeItemUW@@0@Z,0x000162E8,1,50,50,game/GameEngine/Source/Common/Rva00452FE0Same.cpp,name:?bfmeSameUW@@YADPAXPAVBfmeItemUW@@0@Z,nothing defines it (pinned-elsewhere),tools/provider_repair.py,007ae4e6b1
819,provider,?bfmeTailWC@BfmeInnerWC@@QAEXH@Z,0x00007513,1,50,50,game/GameEngine/Source/Common/BfmeThreeHundredSixtyEight.cpp,name:?bfmeTailWC@BfmeInnerWC@@QAEXH@Z,nothing defines it (pinned-elsewhere),tools/provider_repair.py,007ae4e6b1
820,provider,?checkForTarget@Pathfinder@@QAE_NPBVObject@@HHPBVWeapon@@0PBUCoord3D@@H_NPAU4@@Z,0x0004864E,1,50,50,game/GameEngine/Source/Common/Rva003EEB50_checkForTargetFwd.cpp,name:?checkForTarget@Pathfinder@@QAE_NPBVObject@@HHPBVWeapon@@0PBUCoord3D@@H_NPAU4@@Z,nothing defines it (pinned-elsewhere),tools/provider_repair.py,007ae4e6b1
821,data,?rva012D5A08Prefix@@3PBDB,0x00ED5A08,1,50,50,game/Libraries/Source/EA/Apt/Bfme5PrefixCheck8C5680.cpp,name:?rva012D5A08Prefix@@3PBDB,nothing defines it (data),tools/provider_repair.py data-next,007ae4e6b1
822,data,?TheBfmeGameLogic@@3PAUGameLogic@@A,0x00EF0898,1,49,49,game/GameEngine/Source/GameLogic/Object/Rva002555A0FrameDispatch.cpp,name:?TheBfmeGameLogic@@3PAUGameLogic@@A,nothing defines it (data),tools/provider_repair.py data-next,007ae4e6b1
823,other,?_M_insert_overflow@?$vector@URva00364490Element@@V?$allocator@URva00364490Element@@@_STL@@@_STL@@IAEXPAURva00364490Element@@ABU3@ABU__false_type@2@I_N@Z,0x00363890,1,49,49,game/GameEngine/Source/Common/Rva00364490VectorPushBack.cpp,name:?_M_insert_overflow@?$vector@URva00364490Element@@V?$allocator@URva00364490Element@@@_STL@@@_STL@@IAEXPAURva00364490Element@@ABU3@ABU__false_type@2@I_N@Z,nothing defines it,tools/link_check.py,007ae4e6b1
824,data,?b_00548d90@@YAXXZ,0x00548D90,1,49,49,game/GameEngine/Source/Common/System/MinimizeCurrentThreadWindow.cpp,name:?b_00548d90@@YAXXZ,nothing defines it (data),tools/provider_repair.py data-next,007ae4e6b1
825,provider,?bfmeBaseCLA@BfmeThingCLA@@QAEXPAX@Z,0x00029311,1,49,49,game/GameEngine/Source/Common/BfmeConv611.cpp,name:?bfmeBaseCLA@BfmeThingCLA@@QAEXPAX@Z,nothing defines it (alias),tools/provider_repair.py,007ae4e6b1
826,provider,?bfmeCallDRA@BfmeOtherDRA@@QAEXPAH@Z,0x00487B60,1,49,49,game/GameEngine/Source/Common/BfmeConv763.cpp,name:?bfmeCallDRA@BfmeOtherDRA@@QAEXPAH@Z,nothing defines it (alias),tools/provider_repair.py,007ae4e6b1
827,provider,?bfmeCopyVGB@BfmeStrVGB@@QAEXPBV1@@Z,0x00488400,1,49,49,game/GameEngine/Source/Common/BfmeConv1352.cpp,name:?bfmeCopyVGB@BfmeStrVGB@@QAEXPBV1@@Z,nothing defines it (alias),tools/provider_repair.py,007ae4e6b1
828,provider,?bfmeDoPQ@@YAXPAD000@Z,0x00005934,1,49,49,game/GameEngine/Source/Common/BfmeTwoHundredSeventySix.cpp,name:?bfmeDoPQ@@YAXPAD000@Z,nothing defines it (pinned-elsewhere),tools/provider_repair.py,007ae4e6b1
829,provider,?bfmeGoZG@BfmeSmallZG@@QAEHPAX0H@Z,0x000480F4,1,49,49,game/GameEngine/Source/Common/BfmeConv1874.cpp,name:?bfmeGoZG@BfmeSmallZG@@QAEHPAX0H@Z,nothing defines it (pinned-elsewhere),tools/provider_repair.py,007ae4e6b1
830,import,__imp__Rva01358D0CReset@4,0x00F58D0C,2,48,102,game/GameEngine/Source/Common/Rva008876E0Singletons.cpp; +1 more,name:__imp__Rva01358D0CReset@4,nothing defines it (import),tools/import_binding.py,007ae4e6b1
831,data,?TheBfmeShared012D6E2C@@3PAVBfmeShared012D6E2C@@A,0x00ED6E2C,1,48,48,game/GameEngine/Source/Common/Bfme/S4Made0090F650Constructor.cpp,name:?TheBfmeShared012D6E2C@@3PAVBfmeShared012D6E2C@@A,nothing defines it (data),tools/provider_repair.py data-next,007ae4e6b1
832,provider,?b_006cb1e0@@YAXXZ,0x002CB1E0,1,48,48,game/GameEngineDevice/Source/W3DDevice/GameClient/Gen_00730e20_StructForward.cpp,name:?b_006cb1e0@@YAXXZ,nothing defines it (alias),tools/provider_repair.py,007ae4e6b1
833,provider,?b_00755e10@@YAXXZ,0x00355E10,1,48,48,game/GameEngine/Source/Common/Bfme/Rva009DB2F0.cpp,name:?b_00755e10@@YAXXZ,nothing defines it (alias),tools/provider_repair.py,007ae4e6b1
834,provider,?bfmeAddAY@BfmeSinkAY@@QAEXPAHH@Z,0x00037A56,1,48,48,game/GameEngine/Source/Common/BfmeConv1748.cpp,name:?bfmeAddAY@BfmeSinkAY@@QAEXPAHH@Z,nothing defines it (pinned-elsewhere),tools/provider_repair.py,007ae4e6b1
835,provider,?bfmeCallDRB@BfmeOtherDRB@@QAEXPAH@Z,0x00487B60,1,48,48,game/GameEngine/Source/Common/BfmeConv764.cpp,name:?bfmeCallDRB@BfmeOtherDRB@@QAEXPAH@Z,nothing defines it (alias),tools/provider_repair.py,007ae4e6b1
836,provider,?bfmeCallDRC@BfmeOtherDRC@@QAEXPAH@Z,0x00487B60,1,48,48,game/GameEngine/Source/Common/BfmeConv765.cpp,name:?bfmeCallDRC@BfmeOtherDRC@@QAEXPAH@Z,nothing defines it (alias),tools/provider_repair.py,007ae4e6b1
837,provider,?bfmeCallDSI@BfmeSubDSI@@QAEXPAPAX@Z,0x000013ED,1,48,48,game/GameEngine/Source/Common/BfmeConv772.cpp,name:?bfmeCallDSI@BfmeSubDSI@@QAEXPAPAX@Z,nothing defines it (pinned-elsewhere),tools/provider_repair.py,007ae4e6b1
838,body,?bfmeClose@Gen009D6DD0@@QAEXXZ,0x009D6DD0,1,48,48,game/Libraries/Source/xfer/Gen009D6DD0.cpp,source:game/Libraries/Source/xfer/Gen009D6DD0.cpp,unrelocated in-image immediate 0x00454E44 in `mov dword ptr ,tools/probe.py,007ae4e6b1
839,provider,?bfmeFindSC@BfmeMapSC@@QAEPAUBfmeSlotSC@@PAUBfmeKeySC@@@Z,0x00040430,1,48,48,game/GameEngine/Source/Common/BfmeThreeHundredThirtyOne.cpp,name:?bfmeFindSC@BfmeMapSC@@QAEPAUBfmeSlotSC@@PAUBfmeKeySC@@@Z,nothing defines it (pinned-elsewhere),tools/provider_repair.py,007ae4e6b1
840,provider,?bfmeImplVMG@BfmeStrVMG@@QAEXHHHPAD@Z,0x004300B0,1,48,48,game/GameEngine/Source/Common/BfmeConv1429.cpp,name:?bfmeImplVMG@BfmeStrVMG@@QAEXHHHPAD@Z,nothing defines it (alias),tools/provider_repair.py,007ae4e6b1
841,provider,?bfmePrepWJ@@YGXPAUBfmeObjWJ@@@Z,0x000044C1,1,48,48,game/GameEngine/Source/Common/BfmeGrokVirt.cpp,name:?bfmePrepWJ@@YGXPAUBfmeObjWJ@@@Z,nothing defines it (pinned-elsewhere),tools/provider_repair.py,007ae4e6b1
842,provider,_bfme_MallocAlloc0OomMalloc_82B820,0x0042B820,1,48,48,game/Libraries/Source/WWVegas/WWLib/STLMallocAlloc0Allocate.cpp,name:_bfme_MallocAlloc0OomMalloc_82B820,nothing defines it (alias),tools/provider_repair.py,007ae4e6b1
843,data,?TheAudioClientUpdate@@3PAVBfmeAudioManager002EF2A0@@A,0x00EED668,1,47,47,game/GameEngine/Source/GameLogic/ScriptEngine/ScriptActions_d_002ef2a0.cpp,name:?TheAudioClientUpdate@@3PAVBfmeAudioManager002EF2A0@@A,nothing defines it (data),tools/provider_repair.py data-next,007ae4e6b1
844,bridge,?b_001f96e0@@YAXXZ,0x001F96E0,1,47,47,game/GameEngine/Source/GameLogic/Object/Update/Rva001F9D20CreateEntry.cpp,name:?b_001f96e0@@YAXXZ,nothing defines it (dump),tools/next_work.py,007ae4e6b1
845,provider,?bfmeAllocRX@@YAPAXI@Z,0x0042E540,1,47,47,game/GameEngine/Source/Common/BfmeThreeHundredTwentySix.cpp,name:?bfmeAllocRX@@YAPAXI@Z,nothing defines it (alias),tools/provider_repair.py,007ae4e6b1
846,provider,?bfmeCallCXA@@YAXPAUBfmePairCXA@@PAX11@Z,0x000391E9,1,47,47,game/GameEngine/Source/Common/BfmeConv660.cpp,name:?bfmeCallCXA@@YAXPAUBfmePairCXA@@PAX11@Z,nothing defines it (pinned-elsewhere),tools/provider_repair.py,007ae4e6b1
847,provider,?bfmeCallCXB@@YAXPAUBfmePairCXB@@PAX11@Z,0x000391E9,1,47,47,game/GameEngine/Source/Common/BfmeConv661.cpp,name:?bfmeCallCXB@@YAXPAUBfmePairCXB@@PAX11@Z,nothing defines it (pinned-elsewhere),tools/provider_repair.py,007ae4e6b1
848,provider,?bfmeCallCXC@@YAXPAUBfmePairCXC@@PAX11@Z,0x0002E1BD,1,47,47,game/GameEngine/Source/Common/BfmeConv662.cpp,name:?bfmeCallCXC@@YAXPAUBfmePairCXC@@PAX11@Z,nothing defines it (pinned-elsewhere),tools/provider_repair.py,007ae4e6b1
849,provider,?bfmeCallCXD@@YAXPAUBfmePairCXD@@PAX11@Z,0x0002E1BD,1,47,47,game/GameEngine/Source/Common/BfmeConv663.cpp,name:?bfmeCallCXD@@YAXPAUBfmePairCXD@@PAX11@Z,nothing defines it (pinned-elsewhere),tools/provider_repair.py,007ae4e6b1
850,provider,?bfmeImplVMR@BfmeStrVMR@@QAEXHHH@Z,0x00430410,1,47,47,game/GameEngine/Source/Common/BfmeConv1438.cpp,name:?bfmeImplVMR@BfmeStrVMR@@QAEXHHH@Z,nothing defines it (alias),tools/provider_repair.py,007ae4e6b1
851,provider,?bfmeRefreshAW@BfmeOwnAW@@QAEXXZ,0x00047B6D,1,47,47,game/GameEngine/Source/Common/BfmeConv1747.cpp,name:?bfmeRefreshAW@BfmeOwnAW@@QAEXXZ,nothing defines it (pinned-elsewhere),tools/provider_repair.py,007ae4e6b1
852,provider,?copyFrom@BfmeElemFC@@QAEXPAU1@@Z,0x0002B355,1,47,47,game/GameEngine/Source/Common/Rva0087FFC0Copy.cpp,name:?copyFrom@BfmeElemFC@@QAEXPAU1@@Z,nothing defines it (pinned-elsewhere),tools/provider_repair.py,007ae4e6b1
853,data,_iswspace,0x00F59438,1,46,92,game/GameEngine/Source/Common/System/SkipWhitespaceW.c,source:game/Libraries/Source/WWVegas/WWLib/StringBaseWideTrim.cpp,"zero-fill, but retail holds 0xD6 at +0x0 (0x00F59438)",tools/provider_repair.py data-next,007ae4e6b1
854,provider,?Rva007E9B70Get@@YAPAURva007E9B70Obj@@XZ,0x003E9B70,1,46,46,game/GameEngine/Source/GameNetwork/FeslTransactor_timeoutStamp_rva007F95A0.cpp,name:?Rva007E9B70Get@@YAPAURva007E9B70Obj@@XZ,nothing defines it (alias),tools/provider_repair.py,007ae4e6b1
855,provider,?b_0028ee70@@YAXXZ,0x0028EE70,1,46,46,game/GameEngine/Source/GameLogic/Object/BfmeChainTail001C1F70.cpp,name:?b_0028ee70@@YAXXZ,nothing defines it (alias),tools/provider_repair.py,007ae4e6b1
856,provider,?bfmeAllocRU@@YAPAXI@Z,0x0042E540,1,46,46,game/GameEngine/Source/Common/BfmeThreeHundredTwentyThree.cpp,name:?bfmeAllocRU@@YAPAXI@Z,nothing defines it (alias),tools/provider_repair.py,007ae4e6b1
857,provider,?bfmeAllocRW@@YAPAXI@Z,0x0042E540,1,46,46,game/GameEngine/Source/Common/BfmeThreeHundredTwentyFive.cpp,name:?bfmeAllocRW@@YAPAXI@Z,nothing defines it (alias),tools/provider_repair.py,007ae4e6b1
858,provider,?bfmeCalcVKH@@YGXPAUBfmeMat4VKH@@PAVBfmeThingVKH@@H@Z,0x005FACAD,1,46,46,game/GameEngine/Source/Common/BfmeConv1401.cpp,name:?bfmeCalcVKH@@YGXPAUBfmeMat4VKH@@PAVBfmeThingVKH@@H@Z,nothing defines it (alias),tools/provider_repair.py,007ae4e6b1
859,provider,?bfmeCallDPD@BfmeOtherDPD@@QAEXPAX@Z,0x0001AB86,1,46,46,game/GameEngine/Source/Common/BfmeConv751.cpp,name:?bfmeCallDPD@BfmeOtherDPD@@QAEXPAX@Z,nothing defines it (pinned-elsewhere),tools/provider_repair.py,007ae4e6b1
860,provider,?bfmeMakeASB@@YAPAXHH@Z,0x000283D5,1,46,46,game/GameEngine/Source/Common/BfmeConv420.cpp,name:?bfmeMakeASB@@YAPAXHH@Z,nothing defines it (pinned-elsewhere),tools/provider_repair.py,007ae4e6b1
861,provider,?bfmeRunCLE@BfmeXCLE@@QAE_NPAVBfmeSubCLE@@PAXH@Z,0x0002E85C,1,46,46,game/GameEngine/Source/GameLogic/AI/BannerCarrierCondition.cpp,name:?bfmeRunCLE@BfmeXCLE@@QAE_NPAVBfmeSubCLE@@PAXH@Z,nothing defines it (pinned-elsewhere),tools/provider_repair.py,007ae4e6b1
862,provider,?bfmeStepRZ@BfmeThingRZ@@QAEXPAX@Z,0x00029311,1,46,46,game/GameEngine/Source/Common/BfmeThreeHundredTwentyEight.cpp,name:?bfmeStepRZ@BfmeThingRZ@@QAEXPAX@Z,nothing defines it (alias),tools/provider_repair.py,007ae4e6b1
863,data,?g_bfmeSinkSB@@3PAVBfmeSinkSB@@A,0x00AED668,1,46,46,game/GameEngine/Source/Common/BfmeThreeHundredThirty.cpp,name:?g_bfmeSinkSB@@3PAVBfmeSinkSB@@A,nothing defines it (data),tools/provider_repair.py data-next,007ae4e6b1
864,data,?g_rva0049B060Fallback@@3URva0049B060Item@@A,0x00F36E50,1,46,46,game/GameEngine/Source/Common/Rva0049B060ClampedIndex.cpp,name:?g_rva0049B060Fallback@@3URva0049B060Item@@A,nothing defines it (data),tools/provider_repair.py data-next,007ae4e6b1
865,provider,?helper@Rva006AE610@@AAEXHPAX@Z,0x00021C1F,1,46,46,game/GameEngine/Source/GameClient/Rva006AE610SetIfGreater.cpp,name:?helper@Rva006AE610@@AAEXHPAX@Z,nothing defines it (pinned-elsewhere),tools/provider_repair.py,007ae4e6b1
866,provider,?step@Gen0035F050@@QAEHXZ,0x00049AE4,1,46,46,game/GameEngine/Source/GameLogic/ScriptEngine/Gen0035F050Poll.cpp,name:?step@Gen0035F050@@QAEHXZ,nothing defines it (pinned-elsewhere),tools/provider_repair.py,007ae4e6b1
867,provider,?handle@Gen00020B5D@@QAEXH@Z,0x00020B5D,1,46,20,game/GameEngine/Source/Common/S1ByteFlagBranches.cpp,name:?handle@Gen00020B5D@@QAEXH@Z,nothing defines it (pinned-elsewhere),tools/provider_repair.py,007ae4e6b1
868,data,?g_bfmeFreeDWF@@3P6AXPAX@ZA,0x00B3782C,1,45,86,game/Libraries/Source/WWVegas/WWDebug/Rva00893960ListClear.cpp,name:?g_bfmeFreeDWF@@3P6AXPAX@ZA,nothing defines it (data),tools/provider_repair.py data-next,007ae4e6b1
869,provider,?bfmeAskRJ@BfmeAskerRJ@@QAE_NPAX0@Z,0x0001DA34,1,45,45,game/GameEngine/Source/Common/BfmeThreeHundredFifteen.cpp,name:?bfmeAskRJ@BfmeAskerRJ@@QAE_NPAX0@Z,nothing defines it (pinned-elsewhere),tools/provider_repair.py,007ae4e6b1
870,provider,?bfmeGrow1039@@YAXPAUBfmeQ1039@@H@Z,0x005959C0,1,45,45,game/GameEngine/Source/Common/BfmeConv1039.cpp,name:?bfmeGrow1039@@YAXPAUBfmeQ1039@@H@Z,nothing defines it (alias),tools/provider_repair.py,007ae4e6b1
871,provider,?bfmeInitCMC@BfmeItemCMC@@QAEXPAX@Z,0x00027B01,1,45,45,game/GameEngine/Source/GameLogic/Map/BfmeConv622.cpp,name:?bfmeInitCMC@BfmeItemCMC@@QAEXPAX@Z,nothing defines it (pinned-elsewhere),tools/provider_repair.py,007ae4e6b1
872,provider,?bfmeNotifyCJF@BfmeThingCJF@@QAEXXZ,0x0047EE60,1,45,45,game/GameEngine/Source/Common/BfmeConv614.cpp,name:?bfmeNotifyCJF@BfmeThingCJF@@QAEXXZ,nothing defines it (alias),tools/provider_repair.py,007ae4e6b1
873,provider,?bfmeNotifyCJG@BfmeThingCJG@@QAEXXZ,0x0047EE60,1,45,45,game/GameEngine/Source/Common/BfmeConv615.cpp,name:?bfmeNotifyCJG@BfmeThingCJG@@QAEXXZ,nothing defines it (alias),tools/provider_repair.py,007ae4e6b1
874,provider,?bfmeRunLA@BfmeTgtLA@@QAEXVBfmeArgLA@@PAX1@Z,0x0004461B,1,45,45,game/GameEngine/Source/Common/BfmeConv1724.cpp,name:?bfmeRunLA@BfmeTgtLA@@QAEXVBfmeArgLA@@PAX1@Z,nothing defines it (pinned-elsewhere),tools/provider_repair.py,007ae4e6b1
875,provider,?bfmeRunLB@BfmeTgtLB@@QAEXVBfmeArgLB@@PAX1@Z,0x00010B72,1,45,45,game/GameEngine/Source/Common/BfmeConv1725.cpp,name:?bfmeRunLB@BfmeTgtLB@@QAEXVBfmeArgLB@@PAX1@Z,nothing defines it (pinned-elsewhere),tools/provider_repair.py,007ae4e6b1
876,provider,?bfmeRva0083A2D0CopyWide@@YA?AV?$ostreambuf_iterator@GV?$char_traits@G@_STL@@@_STL@@PBG0V12@ABUrandom_access_iterator_tag@2@PAH@Z,0x0043A2D0,1,45,45,game/stlport/WideStreamCopy.cpp,name:?bfmeRva0083A2D0CopyWide@@YA?AV?$ostreambuf_iterator@GV?$char_traits@G@_STL@@@_STL@@PBG0V12@ABUrandom_access_iterator_tag@2@PAH@Z,nothing defines it (alias),tools/provider_repair.py,007ae4e6b1
877,data,?g_bfmeStepCG@@3MA,0x00CF1BC8,1,45,23,game/GameEngine/Source/Common/Bfme5TinySixteen.cpp,name:?g_bfmeStepCG@@3MA,nothing defines it (data),tools/provider_repair.py data-next,007ae4e6b1
878,data,?TheAudioClientUpdate@@3RAVBfmeAudioManager002EF310@@A,0x00EED668,1,44,44,game/GameEngine/Source/GameLogic/ScriptEngine/ScriptActions_d_002ef310.cpp,name:?TheAudioClientUpdate@@3RAVBfmeAudioManager002EF310@@A,nothing defines it (data),tools/provider_repair.py data-next,007ae4e6b1
879,provider,?at@Gen_00064730@@QAEPAVGen003BBA00Element@@H@Z,0x00064800,1,44,44,game/GameEngine/Source/Common/V4SubObjectSizeGuard.cpp,name:?at@Gen_00064730@@QAEPAVGen003BBA00Element@@H@Z,nothing defines it (alias),tools/provider_repair.py,007ae4e6b1
880,provider,?bfmeAddAV@BfmeSinkAV@@QAEXPAX@Z,0x0002B7E2,1,44,44,game/GameEngine/Source/Common/BfmeConv1746.cpp,name:?bfmeAddAV@BfmeSinkAV@@QAEXPAX@Z,nothing defines it (pinned-elsewhere),tools/provider_repair.py,007ae4e6b1
881,provider,?bfmeCallCIC@@YAHPAX000@Z,0x003ECE60,1,44,44,game/GameEngine/Source/Common/BfmeConv607.cpp,name:?bfmeCallCIC@@YAHPAX000@Z,nothing defines it (alias),tools/provider_repair.py,007ae4e6b1
882,provider,?bfmeConv998@BfmeC998@@QAEHH@Z,0x00527230,1,44,44,game/GameEngine/Source/Common/BfmeConv998.cpp,name:?bfmeConv998@BfmeC998@@QAEHH@Z,nothing defines it (alias),tools/provider_repair.py,007ae4e6b1
883,provider,?bfmeMakeRG@@YAPAVBfmeMakerRG@@XZ,0x003F4D50,1,44,44,game/GameEngine/Source/Common/BfmeThreeHundredThirteen.cpp,name:?bfmeMakeRG@@YAPAVBfmeMakerRG@@XZ,nothing defines it (alias),tools/provider_repair.py,007ae4e6b1
884,provider,?erase@Rva006DF050Slot@@QAEIABH@Z,0x0002F0EA,1,44,44,game/GameEngine/Source/Common/Bfme/Rva006DF050EraseTen.cpp,name:?erase@Rva006DF050Slot@@QAEIABH@Z,nothing defines it (pinned-elsewhere),tools/provider_repair.py,007ae4e6b1
885,provider,?handle@Rva0021C8A0StatusGate@@QAE_NPAVObject@@0@Z,0x0002B2D8,1,44,44,game/GameEngine/Source/GameLogic/Object/Contain/Rva0021C8A0StatusGate.cpp,name:?handle@Rva0021C8A0StatusGate@@QAE_NPAVObject@@0@Z,nothing defines it (pinned-elsewhere),tools/provider_repair.py,007ae4e6b1
886,provider,??0BfmeRecWL@@QAE@ABV0@@Z,0x00015398,1,43,43,game/GameEngine/Source/Common/BfmeGrokIdx.cpp,name:??0BfmeRecWL@@QAE@ABV0@@Z,nothing defines it (pinned-elsewhere),tools/provider_repair.py,007ae4e6b1
887,provider,?bfmeCallDIA@@YAXPAPAXPAX1@Z,0x00016275,1,43,43,game/GameEngine/Source/Common/BfmeConv704.cpp,name:?bfmeCallDIA@@YAXPAPAXPAX1@Z,nothing defines it (pinned-elsewhere),tools/provider_repair.py,007ae4e6b1
888,provider,?bfmeCallDIB@@YAXPAPAXPAX1@Z,0x00016275,1,43,43,game/GameEngine/Source/Common/BfmeConv705.cpp,name:?bfmeCallDIB@@YAXPAPAXPAX1@Z,nothing defines it (pinned-elsewhere),tools/provider_repair.py,007ae4e6b1
889,provider,?bfmeCallDIC@@YAXPAPAXPAX1@Z,0x000044EE,1,43,43,game/GameEngine/Source/Common/BfmeConv706.cpp,name:?bfmeCallDIC@@YAXPAPAXPAX1@Z,nothing defines it (pinned-elsewhere),tools/provider_repair.py,007ae4e6b1
890,provider,?bfmeCallDID@@YAXPAPAXPAX1@Z,0x000044EE,1,43,43,game/GameEngine/Source/Common/BfmeConv707.cpp,name:?bfmeCallDID@@YAXPAPAXPAX1@Z,nothing defines it (pinned-elsewhere),tools/provider_repair.py,007ae4e6b1
891,provider,?bfmeDoPF@BfmeThingPF@@QAEXPADPAXH@Z,0x0042E160,1,43,43,game/GameEngine/Source/Common/BfmeTwoHundredSixtySix.cpp,name:?bfmeDoPF@BfmeThingPF@@QAEXPADPAXH@Z,nothing defines it (alias),tools/provider_repair.py,007ae4e6b1
892,provider,?bfmeDoPG@BfmeThingPG@@QAEXPADPAXH@Z,0x0042E1F0,1,43,43,game/GameEngine/Source/Common/BfmeTwoHundredSixtySeven.cpp,name:?bfmeDoPG@BfmeThingPG@@QAEXPADPAXH@Z,nothing defines it (alias),tools/provider_repair.py,007ae4e6b1
893,provider,?bfmeDoPH@BfmeThingPH@@QAEXPADPAXH@Z,0x0042EC00,1,43,43,game/GameEngine/Source/Common/BfmeTwoHundredSixtyEight.cpp,name:?bfmeDoPH@BfmeThingPH@@QAEXPADPAXH@Z,nothing defines it (alias),tools/provider_repair.py,007ae4e6b1
894,provider,?bfmeDoPI@BfmeThingPI@@QAEXPADPAXH@Z,0x0042F7C0,1,43,43,game/GameEngine/Source/Common/BfmeTwoHundredSixtyNine.cpp,name:?bfmeDoPI@BfmeThingPI@@QAEXPADPAXH@Z,nothing defines it (alias),tools/provider_repair.py,007ae4e6b1
895,provider,?bfmeDoPJ@BfmeThingPJ@@QAEXPADPAXH@Z,0x0003DA4B,1,43,43,game/GameEngine/Source/Common/BfmeTwoHundredSeventy.cpp,name:?bfmeDoPJ@BfmeThingPJ@@QAEXPADPAXH@Z,nothing defines it (pinned-elsewhere),tools/provider_repair.py,007ae4e6b1
896,provider,?bfmeDropARB@BfmeGotARB@@QAEXH@Z,0x00043C8E,1,43,43,game/GameEngine/Source/Common/BfmeConv416.cpp,name:?bfmeDropARB@BfmeGotARB@@QAEXH@Z,nothing defines it (pinned-elsewhere),tools/provider_repair.py,007ae4e6b1
897,provider,?bfmeImplVMT@BfmeStrVMT@@QAEXHH@Z,0x00036DE0,1,43,43,game/GameEngine/Source/Common/BfmeConv1440.cpp,name:?bfmeImplVMT@BfmeStrVMT@@QAEXHH@Z,nothing defines it (pinned-elsewhere),tools/provider_repair.py,007ae4e6b1
898,provider,?bfmeNotifyCIE@BfmeSubCIE@@QAEXXZ,0x0002191D,1,43,43,game/GameEngine/Source/Common/BfmeConv609.cpp,name:?bfmeNotifyCIE@BfmeSubCIE@@QAEXXZ,nothing defines it (pinned-elsewhere),tools/provider_repair.py,007ae4e6b1
899,provider,_bfmeMakeBZ,0x00040F3E,1,43,43,game/GameEngine/Source/Common/BfmeConv1922.cpp,name:_bfmeMakeBZ,nothing defines it (pinned-elsewhere),tools/provider_repair.py,007ae4e6b1
900,provider,?Rva0093DCE0Target@@YAXXZ,0x0053DCE0,2,42,42,game/GameEngine/Source/GameNetwork/Rva0093E820TreeFind.cpp; +1 more,name:?Rva0093DCE0Target@@YAXXZ,nothing defines it (alias),tools/provider_repair.py,007ae4e6b1
901,data,?TheMouse@@3PAURva005A63D0Mouse@@A,0x00EF4C5C,1,42,42,game/GameEngine/Source/Common/SmallGaps/mouseHasAnyCursorImage.cpp,name:?TheMouse@@3PAURva005A63D0Mouse@@A,nothing defines it (data),tools/provider_repair.py data-next,007ae4e6b1
902,bridge,?aptHelper008AE3A0@@YAPAVAptValue@@PAXHH@Z,0x004AE3A0,2,42,42,game/Libraries/Source/EA/Apt/Rva008AE450AptHelperDispatch.cpp; +1 more,name:?aptHelper008AE3A0@@YAPAVAptValue@@PAXHH@Z,nothing defines it (dump),tools/next_work.py,007ae4e6b1
903,provider,?bfmeImplVMF@BfmeStrVMF@@QAEXHHHPAD@Z,0x00430410,1,42,42,game/GameEngine/Source/Common/BfmeConv1428.cpp,name:?bfmeImplVMF@BfmeStrVMF@@QAEXHHHPAD@Z,nothing defines it (alias),tools/provider_repair.py,007ae4e6b1
904,provider,?bfmeKindCGG@BfmeOtherCGG@@QAEHPAX@Z,0x0004A719,1,42,42,game/GameEngine/Source/Common/BfmeConv600.cpp,name:?bfmeKindCGG@BfmeOtherCGG@@QAEHPAX@Z,nothing defines it (alias),tools/provider_repair.py,007ae4e6b1
905,data,?g_Rva012F6464Target@@3PAVRva006FA040Target@@A,0x00EF64BC,1,42,42,game/GameEngine/Source/Common/Rva006FA040GlobalDispatch.cpp,name:?g_Rva012F6464Target@@3PAVRva006FA040Target@@A,nothing defines it (data),tools/provider_repair.py data-next,007ae4e6b1
906,data,?g_Rva01337A28Index@@3PAXA,0x00F37A28,1,42,42,game/GameEngine/Source/Common/Rva00898D20GlobalLookup.cpp,name:?g_Rva01337A28Index@@3PAXA,nothing defines it (data),tools/provider_repair.py data-next,007ae4e6b1
907,provider,_Rva0051D1E0Forward,0x0003EA45,1,42,42,game/GameEngine/Source/Common/Rva0051D2A0Forwarders.cpp,name:_Rva0051D1E0Forward,nothing defines it (pinned-elsewhere),tools/provider_repair.py,007ae4e6b1
908,data,?FRAME_DATA_LENGTH@@3HA,0x00EBA088,1,41,348,game/GameEngine/Source/GameNetwork/Network_AllCommandsReady.cpp,name:?FRAME_DATA_LENGTH@@3HA,nothing defines it (data),tools/provider_repair.py data-next,007ae4e6b1
909,data,?Data00F58F30@@3P6GXH@ZA,0x00F58F30,1,41,41,game/GameEngine/Source/Common/Rva0082BE10Shift.cpp,name:?Data00F58F30@@3P6GXH@ZA,nothing defines it (data),tools/provider_repair.py data-next,007ae4e6b1
910,provider,?bfmeAddCFE@BfmeSubCFE@@QAEXPAXH@Z,0x0003D735,1,41,41,game/GameEngine/Source/Common/BfmeConv592.cpp,name:?bfmeAddCFE@BfmeSubCFE@@QAEXPAXH@Z,nothing defines it (pinned-elsewhere),tools/provider_repair.py,007ae4e6b1
911,provider,?bfmeAskCFC@BfmeOuterCFC@@QAE_NXZ,0x0004425B,1,41,41,game/GameEngine/Source/Common/BfmeConv590.cpp,name:?bfmeAskCFC@BfmeOuterCFC@@QAE_NXZ,nothing defines it (pinned-elsewhere),tools/provider_repair.py,007ae4e6b1
912,provider,?bfmeBaseCGA@BfmeThingCGA@@QAEXPAX@Z,0x00487B60,1,41,41,game/GameEngine/Source/Common/BfmeConv594.cpp,name:?bfmeBaseCGA@BfmeThingCGA@@QAEXPAX@Z,nothing defines it (alias),tools/provider_repair.py,007ae4e6b1
913,provider,?bfmeFindInRange@@YAPAXPAX0HPBH@Z,0x000434E6,1,41,41,game/GameEngine/Source/GameClient/GUI/BannerMovieFindEntry.cpp,name:?bfmeFindInRange@@YAPAXPAX0HPBH@Z,nothing defines it (pinned-elsewhere),tools/provider_repair.py,007ae4e6b1
914,provider,?bfmeMakeCGE@@YAHPAVBfmeSubCGE@@@Z,0x0057F5D0,1,41,41,game/GameEngine/Source/Common/BfmeConv598.cpp,name:?bfmeMakeCGE@@YAHPAVBfmeSubCGE@@@Z,nothing defines it (alias),tools/provider_repair.py,007ae4e6b1
915,provider,?forward@Rva007E32A0State@@QAE_NHHHPAHH@Z,0x0003F80F,1,41,41,game/GameEngine/Source/Common/Rva007E32A0DispatchWhenReady.cpp,name:?forward@Rva007E32A0State@@QAE_NHHHPAHH@Z,nothing defines it (pinned-elsewhere),tools/provider_repair.py,007ae4e6b1
916,provider,?getState@Rva0024D4E0Owner@@QAEPAURva0024D4E0State@@XZ,0x00021017,1,41,41,game/GameEngine/Source/GameLogic/Object/Contain/Rva0024D4E0PositiveClamp.cpp,name:?getState@Rva0024D4E0Owner@@QAEPAURva0024D4E0State@@XZ,nothing defines it (pinned-elsewhere),tools/provider_repair.py,007ae4e6b1
917,data,?g_bfmeLimitsDF@@3PAHA,0x00EF401C,1,40,68,game/GameEngine/Source/Common/Bfme5BandChecked.cpp,name:?g_bfmeLimitsDF@@3PAHA,nothing defines it (data),tools/provider_repair.py data-next,007ae4e6b1
918,data,?TheBfmeMaskTable@@3PAHA,0x00D2EC4C,1,40,40,game/GameEngine/Source/Common/S3MaskedTableTest.cpp,name:?TheBfmeMaskTable@@3PAHA,nothing defines it (data),tools/provider_repair.py data-next,007ae4e6b1
919,provider,?bfmeBaseCEC@BfmeThingCEC@@QAEXPAX@Z,0x00487B60,1,40,40,game/GameEngine/Source/Common/BfmeConv586.cpp,name:?bfmeBaseCEC@BfmeThingCEC@@QAEXPAX@Z,nothing defines it (alias),tools/provider_repair.py,007ae4e6b1
920,provider,?bfmeBaseRD@BfmeThingRD@@QAEXPAV1@@Z,0x00487B60,1,40,40,game/GameEngine/Source/Common/BfmeThreeHundredEleven.cpp,name:?bfmeBaseRD@BfmeThingRD@@QAEXPAV1@@Z,nothing defines it (alias),tools/provider_repair.py,007ae4e6b1
921,provider,?bfmeCallDOD@BfmeSubDOD@@QAEXPAX@Z,0x0000C815,1,40,40,game/GameEngine/Source/Common/BfmeConv743.cpp,name:?bfmeCallDOD@BfmeSubDOD@@QAEXPAX@Z,nothing defines it (pinned-elsewhere),tools/provider_repair.py,007ae4e6b1
922,provider,?bfmeCallDOE@BfmeSubDOE@@QAEXPAX@Z,0x0003B647,1,40,40,game/GameEngine/Source/Common/BfmeConv744.cpp,name:?bfmeCallDOE@BfmeSubDOE@@QAEXPAX@Z,nothing defines it (pinned-elsewhere),tools/provider_repair.py,007ae4e6b1
923,provider,?bfmeCallDOG@BfmeSubDOG@@QAEXPAX@Z,0x00036548,1,40,40,game/GameEngine/Source/Common/BfmeConv746.cpp,name:?bfmeCallDOG@BfmeSubDOG@@QAEXPAX@Z,nothing defines it (pinned-elsewhere),tools/provider_repair.py,007ae4e6b1
924,provider,?bfmeCallDPA@BfmeOtherDPA@@QAEXPAX@Z,0x0001AB86,1,40,40,game/GameEngine/Source/Common/BfmeConv748.cpp,name:?bfmeCallDPA@BfmeOtherDPA@@QAEXPAX@Z,nothing defines it (pinned-elsewhere),tools/provider_repair.py,007ae4e6b1
925,provider,?bfmeCallDPB@BfmeOtherDPB@@QAEXPAX@Z,0x00487B60,1,40,40,game/GameEngine/Source/Common/BfmeConv749.cpp,name:?bfmeCallDPB@BfmeOtherDPB@@QAEXPAX@Z,nothing defines it (alias),tools/provider_repair.py,007ae4e6b1
926,provider,?bfmeCallDPC@BfmeOtherDPC@@QAEXPAX@Z,0x0001AB86,1,40,40,game/GameEngine/Source/Common/BfmeConv750.cpp,name:?bfmeCallDPC@BfmeOtherDPC@@QAEXPAX@Z,nothing defines it (pinned-elsewhere),tools/provider_repair.py,007ae4e6b1
927,provider,?bfmeCallDQA@BfmeSubDQA@@QAEXPAX@Z,0x0003DA3C,1,40,40,game/GameEngine/Source/Common/BfmeConv756.cpp,name:?bfmeCallDQA@BfmeSubDQA@@QAEXPAX@Z,nothing defines it (pinned-elsewhere),tools/provider_repair.py,007ae4e6b1
928,provider,?bfmeCallDQB@BfmeSubDQB@@QAEXPAX@Z,0x00487B60,1,40,40,game/GameEngine/Source/Common/BfmeConv757.cpp,name:?bfmeCallDQB@BfmeSubDQB@@QAEXPAX@Z,nothing defines it (alias),tools/provider_repair.py,007ae4e6b1
929,provider,?bfmeDoSixRC@@YAXPAX0000H@Z,0x00028358,1,40,40,game/GameEngine/Source/Common/BfmeThreeHundredTen.cpp,name:?bfmeDoSixRC@@YAXPAX0000H@Z,nothing defines it (pinned-elsewhere),tools/provider_repair.py,007ae4e6b1
930,provider,?bfmeStepARA@BfmeThingARA@@QAEXXZ,0x000312A0,1,40,40,game/GameEngine/Source/Common/BfmeConv415.cpp,name:?bfmeStepARA@BfmeThingARA@@QAEXXZ,nothing defines it (pinned-elsewhere),tools/provider_repair.py,007ae4e6b1
931,bridge,?helper@Gen_00942BC0@@AAEXPAHPAX11H@Z,0x00542430,1,40,40,game/GameEngine/Source/Common/Gen_00942BC0.cpp,name:?helper@Gen_00942BC0@@AAEXPAHPAX11H@Z,nothing defines it (dump),tools/next_work.py,007ae4e6b1
932,import,__imp__bfmeStatusDXD@4,0x00B5958C,1,39,67,game/GameEngine/Source/Common/BfmeConv1667.cpp,name:__imp__bfmeStatusDXD@4,nothing defines it (import),tools/import_binding.py,007ae4e6b1
933,provider,?bfmeCallDOF@BfmeSubDOF@@QAEXPAX@Z,0x0003F382,1,39,39,game/GameEngine/Source/Common/BfmeConv745.cpp,name:?bfmeCallDOF@BfmeSubDOF@@QAEXPAX@Z,nothing defines it (pinned-elsewhere),tools/provider_repair.py,007ae4e6b1
934,provider,?bfmeCopyCEB@@YAXPADPBDI@Z,0x005F70BA,1,39,39,game/GameEngine/Source/Common/BfmeConv585.cpp,name:?bfmeCopyCEB@@YAXPADPBDI@Z,nothing defines it (alias),tools/provider_repair.py,007ae4e6b1
935,provider,?bfmeDoIC@BfmeThingIC@@QAEXPAXPAUBfmeNodeIC@@@Z,0x0000AD85,1,39,39,game/GameEngine/Source/Common/BfmeConv900.cpp,name:?bfmeDoIC@BfmeThingIC@@QAEXPAXPAUBfmeNodeIC@@@Z,nothing defines it (pinned-elsewhere),tools/provider_repair.py,007ae4e6b1
936,provider,?bfmeNotifyZT@BfmeSinkZT@@QAEX_N@Z,0x0004326B,1,39,39,game/GameEngine/Source/Common/BfmeConv2112.cpp,name:?bfmeNotifyZT@BfmeSinkZT@@QAEX_N@Z,nothing defines it (pinned-elsewhere),tools/provider_repair.py,007ae4e6b1
937,provider,?bfmeStop@BfmeStopF@@QAEXXZ,0x00015E2E,1,39,39,game/GameEngine/Source/Common/Bfme5GuardedStopClear.cpp,name:?bfmeStop@BfmeStopF@@QAEXXZ,nothing defines it (pinned-elsewhere),tools/provider_repair.py,007ae4e6b1
938,data,?g_c6GlobalReleaseTarget@@3PAVC6GlobalReleaseTarget@@A,0x00EF13DC,1,39,39,game/GameEngine/Source/Common/C6GlobalRelease.cpp,name:?g_c6GlobalReleaseTarget@@3PAVC6GlobalReleaseTarget@@A,nothing defines it (data),tools/provider_repair.py data-next,007ae4e6b1
939,provider,?notify@Rva000C7E30Sink@@QAEX_N@Z,0x0004326B,1,39,39,game/GameEngine/Source/Common/Rva000C7E30Accumulate.cpp,name:?notify@Rva000C7E30Sink@@QAEX_N@Z,nothing defines it (pinned-elsewhere),tools/provider_repair.py,007ae4e6b1
940,provider,?step@U1CallReceiver_005C5BD0@@QAEXH@Z,0x0001B77A,1,39,39,game/GameEngine/Source/Common/U1RepeatStep_005C6600.cpp,name:?step@U1CallReceiver_005C5BD0@@QAEXH@Z,nothing defines it (pinned-elsewhere),tools/provider_repair.py,007ae4e6b1
941,provider,?assign@LifeEventAsciiStringAssignShim@FXParticleSystem@@QAEXPBX@Z,0x00487C90,2,38,792,game/GameEngine/Source/GameClient/System/FXParticleSystem/LifeEventConcreteModuleTemplateAssign.cpp; +1 more,name:?assign@LifeEventAsciiStringAssignShim@FXParticleSystem@@QAEXPBX@Z,nothing defines it (alias),tools/provider_repair.py,007ae4e6b1
942,data,?Gen01128BD0@@3HA,0x00D28BD0,1,38,38,game/GameEngineDevice/Source/W3DDevice/GameClient/ScreenMotionBlurFilterConstructor.cpp,name:?Gen01128BD0@@3HA,nothing defines it (data),tools/provider_repair.py data-next,007ae4e6b1
943,body,?Rva00490250IntegerLerp@@YAHHHH@Z,0x00490250,1,38,38,game/GameEngine/Source/Common/Rva00490250IntegerLerp.cpp,source:game/GameEngine/Source/Common/Rva00490250IntegerLerp.cpp,unrelocated address 0x01076C24 in `fmul dword ptr [0x1076c24,tools/probe.py,007ae4e6b1
944,data,?TheBFMEDrawableFactory@@3PAVBFMEDrawableFactory@@A,0x00EF1464,1,38,38,game/GameEngine/Source/Common/Thing/BFMEThingFactory_newDrawable.cpp,name:?TheBFMEDrawableFactory@@3PAVBFMEDrawableFactory@@A,nothing defines it (data),tools/provider_repair.py data-next,007ae4e6b1
945,provider,?bfmeApplyCDB@@YAXPAX0@Z,0x0001224C,1,38,38,game/GameEngine/Source/Common/BfmeConv580.cpp,name:?bfmeApplyCDB@@YAXPAX0@Z,nothing defines it (pinned-elsewhere),tools/provider_repair.py,007ae4e6b1
946,provider,?bfmeAskCCD@BfmeOuterCCD@@QAE_NXZ,0x0004425B,1,38,38,game/GameEngine/Source/Common/BfmeConv575.cpp,name:?bfmeAskCCD@BfmeOuterCCD@@QAE_NXZ,nothing defines it (pinned-elsewhere),tools/provider_repair.py,007ae4e6b1
947,provider,?bfmeAskCCE@BfmeOuterCCE@@QAE_NXZ,0x0004425B,1,38,38,game/GameEngine/Source/Common/BfmeConv576.cpp,name:?bfmeAskCCE@BfmeOuterCCE@@QAE_NXZ,nothing defines it (pinned-elsewhere),tools/provider_repair.py,007ae4e6b1
948,provider,?bfmeDoOS@BfmeThingOS@@QAEXPAXPAH@Z,0x0042F610,1,38,38,game/GameEngine/Source/Common/BfmeTwoHundredFiftyFour.cpp,name:?bfmeDoOS@BfmeThingOS@@QAEXPAXPAH@Z,nothing defines it (alias),tools/provider_repair.py,007ae4e6b1
949,provider,?bfmeDoOV@@YAXPAX000PAE@Z,0x0042E680,1,38,38,game/GameEngine/Source/Common/BfmeTwoHundredFiftySeven.cpp,name:?bfmeDoOV@@YAXPAX000PAE@Z,nothing defines it (alias),tools/provider_repair.py,007ae4e6b1
950,provider,?bfmeNotifyCCA@BfmeSubCCA@@QAEXXZ,0x0002191D,1,38,38,game/GameEngine/Source/Common/BfmeConv572.cpp,name:?bfmeNotifyCCA@BfmeSubCCA@@QAEXXZ,nothing defines it (pinned-elsewhere),tools/provider_repair.py,007ae4e6b1
951,provider,?bfmeNotifyCCB@BfmeSubCCB@@QAEXXZ,0x0002191D,1,38,38,game/GameEngine/Source/Common/BfmeConv573.cpp,name:?bfmeNotifyCCB@BfmeSubCCB@@QAEXXZ,nothing defines it (pinned-elsewhere),tools/provider_repair.py,007ae4e6b1
952,provider,?bfmeNotifyCCC@BfmeSubCCC@@QAEXXZ,0x0002191D,1,38,38,game/GameEngine/Source/Common/BfmeConv574.cpp,name:?bfmeNotifyCCC@BfmeSubCCC@@QAEXXZ,nothing defines it (pinned-elsewhere),tools/provider_repair.py,007ae4e6b1
953,provider,?step@Gen_0093D0F0_Item@@QAEXXZ,0x00534820,1,38,38,game/GameEngine/Source/Common/Gen_0093D0F0.cpp,name:?step@Gen_0093D0F0_Item@@QAEXXZ,nothing defines it (alias),tools/provider_repair.py,007ae4e6b1
954,data,_g_bfmeHeadEQB,0x00B0B198,1,38,38,game/GameEngine/Source/Common/BfmeConv1668.cpp,name:_g_bfmeHeadEQB,nothing defines it (data),tools/provider_repair.py data-next,007ae4e6b1
955,provider,?isAnyKindOf@Thing@@QBE_NABV?$BitFlags@$0EF@@@@Z,0x0004250A,2,37,260,game/GameEngine/Source/Common/Rva001DCD30Kind.cpp; +1 more,name:?isAnyKindOf@Thing@@QBE_NABV?$BitFlags@$0EF@@@@Z,nothing defines it (pinned-elsewhere),tools/provider_repair.py,007ae4e6b1
956,provider,??0Rva00124F60AllocatorProxy@@QAE@PBXI@Z,0x00124F60,1,37,37,game/GameEngine/Source/Common/RTS/Rva00126460HashBaseCtor.cpp,name:??0Rva00124F60AllocatorProxy@@QAE@PBXI@Z,nothing defines it (alias),tools/provider_repair.py,007ae4e6b1
957,provider,??0Rva009CBC00AllocatorProxy@@QAE@PBXI@Z,0x005CBC00,1,37,37,game/GameEngine/Source/Common/Rva009CBCC0BaseCtor.cpp,name:??0Rva009CBC00AllocatorProxy@@QAE@PBXI@Z,nothing defines it (alias),tools/provider_repair.py,007ae4e6b1
958,provider,?Rva009A1990Target@@YAXXZ,0x005A1990,1,37,37,game/GameEngine/Source/Common/Small03fAudioInit.cpp,name:?Rva009A1990Target@@YAXXZ,nothing defines it (alias),tools/provider_repair.py,007ae4e6b1
959,provider,?b_0048e790@@YAXXZ,0x0008E790,1,37,37,game/GameEngine/Source/Common/Rva0048E9D0LayoutCall.cpp,name:?b_0048e790@@YAXXZ,nothing defines it (alias),tools/provider_repair.py,007ae4e6b1
960,provider,?bfmeAskCAE@BfmeOuterCAE@@QAE_NXZ,0x0004425B,1,37,37,game/GameEngine/Source/Common/BfmeConv565.cpp,name:?bfmeAskCAE@BfmeOuterCAE@@QAE_NXZ,nothing defines it (pinned-elsewhere),tools/provider_repair.py,007ae4e6b1
961,provider,?bfmeCallDOA@BfmeOtherDOA@@QAEXPAVBfmeItemDOA@@@Z,0x00487B60,1,37,37,game/GameEngine/Source/Common/BfmeConv740.cpp,name:?bfmeCallDOA@BfmeOtherDOA@@QAEXPAVBfmeItemDOA@@@Z,nothing defines it (alias),tools/provider_repair.py,007ae4e6b1
962,provider,?bfmeCallDOB@BfmeOtherDOB@@QAEXPAVBfmeItemDOB@@@Z,0x00487B60,1,37,37,game/GameEngine/Source/Common/BfmeConv741.cpp,name:?bfmeCallDOB@BfmeOtherDOB@@QAEXPAVBfmeItemDOB@@@Z,nothing defines it (alias),tools/provider_repair.py,007ae4e6b1
963,provider,?bfmeCallDOC@BfmeOtherDOC@@QAEXPAVBfmeItemDOC@@@Z,0x00487B60,1,37,37,game/GameEngine/Source/Common/BfmeConv742.cpp,name:?bfmeCallDOC@BfmeOtherDOC@@QAEXPAVBfmeItemDOC@@@Z,nothing defines it (alias),tools/provider_repair.py,007ae4e6b1
964,provider,?bfmeCallDQC@BfmeOtherDQC@@QAEXPAX@Z,0x00487B60,1,37,37,game/GameEngine/Source/Common/BfmeConv758.cpp,name:?bfmeCallDQC@BfmeOtherDQC@@QAEXPAX@Z,nothing defines it (alias),tools/provider_repair.py,007ae4e6b1
965,provider,?bfmeLowerRQ@@YAPAPAXPAPAX00UBfmeCmpRQ@@H@Z,0x00016B21,1,37,37,game/GameEngine/Source/Common/Rva003CEAA0LowerRQ.cpp,name:?bfmeLowerRQ@@YAPAPAXPAPAX00UBfmeCmpRQ@@H@Z,nothing defines it (pinned-elsewhere),tools/provider_repair.py,007ae4e6b1
966,provider,?bfmeNotifyVT@BfmeOwnerVT@@QAEXXZ,0x000030B2,1,37,37,game/GameEngine/Source/Common/BfmeConv1802.cpp,name:?bfmeNotifyVT@BfmeOwnerVT@@QAEXXZ,nothing defines it (pinned-elsewhere),tools/provider_repair.py,007ae4e6b1
967,provider,?bfmeTailCAA@BfmeThingCAA@@QAEXXZ,0x000428AC,1,37,37,game/GameEngine/Source/Common/BfmeConv560.cpp,name:?bfmeTailCAA@BfmeThingCAA@@QAEXXZ,nothing defines it (pinned-elsewhere),tools/provider_repair.py,007ae4e6b1
968,body,?copy@Rva003A6F40@@SAXPAURva003A6F40Record@@PBU2@@Z,0x003A6F40,1,37,37,game/GameEngine/Source/Common/Bfme/Rva003A6F40CopyRecord.cpp,source:game/GameEngine/Source/Common/Bfme/Rva003A6F40CopyRecord.cpp,"unrelocated address 0x010EC760 (a ledger row, pin or placed ",tools/probe.py,007ae4e6b1
969,data,?g_Va013387D8@@3PAURva00899C20Registry@@A,0x00F387D8,1,37,37,game/Libraries/Source/EA/Apt/Bfme5AppendGlobal8CB020.cpp,name:?g_Va013387D8@@3PAURva00899C20Registry@@A,nothing defines it (data),tools/provider_repair.py data-next,007ae4e6b1
970,import,__imp_?bfmeFopenVIF@@YAPAXPBD0@Z,0x00B593BC,1,37,37,game/GameEngine/Source/Common/SmallGaps/Rva00879270FileProbeStatus.cpp,name:__imp_?bfmeFopenVIF@@YAPAXPBD0@Z,nothing defines it (import),tools/import_binding.py,007ae4e6b1
971,provider,?killDeliveryDecal@DeliverPayloadAIUpdate@@QAEXXZ,0x00C02149,1,37,11,game/GameEngine/Source/GameLogic/Object/Update/AIUpdate/DeliverPayloadAIUpdate.cpp,source:game/GameEngine/Source/GameLogic/Object/Update/AIUpdate/DeliverPayloadAIUpdate.cpp,+0x7 ?clear@RadiusDecal@@QAEXXZ (game_^game^engine_^source_^,tools/provider_repair.py,007ae4e6b1
972,data,?TheBfmeSpecialPowerAllowanceStore@@3PAVBfmeSpecialPowerAllowanceStore@@A,0x00EF0FF8,1,36,36,game/GameEngine/Source/Common/RTS/Player_bfme_allowsSpecialPower.cpp,name:?TheBfmeSpecialPowerAllowanceStore@@3PAVBfmeSpecialPowerAllowanceStore@@A,nothing defines it (data),tools/provider_repair.py data-next,007ae4e6b1
973,provider,?bfmeBaseBWA@BfmeThingBWA@@QAEXPAX@Z,0x00487B60,1,36,36,game/GameEngine/Source/Common/BfmeConv542.cpp,name:?bfmeBaseBWA@BfmeThingBWA@@QAEXPAX@Z,nothing defines it (alias),tools/provider_repair.py,007ae4e6b1
974,provider,?bfmeBaseBWB@BfmeThingBWB@@QAEXPAX@Z,0x00487B60,1,36,36,game/GameEngine/Source/Common/BfmeConv543.cpp,name:?bfmeBaseBWB@BfmeThingBWB@@QAEXPAX@Z,nothing defines it (alias),tools/provider_repair.py,007ae4e6b1
975,provider,?bfmeBaseBWC@BfmeThingBWC@@QAEXPAX@Z,0x00487B60,1,36,36,game/GameEngine/Source/Common/BfmeConv544.cpp,name:?bfmeBaseBWC@BfmeThingBWC@@QAEXPAX@Z,nothing defines it (alias),tools/provider_repair.py,007ae4e6b1
976,provider,?bfmeCalcBXA@@YAHHI@Z,0x00023254,1,36,36,game/GameEngine/Source/Common/BfmeConv548.cpp,name:?bfmeCalcBXA@@YAHHI@Z,nothing defines it (pinned-elsewhere),tools/provider_repair.py,007ae4e6b1
977,provider,?bfmeCalcBXB@@YAHHI@Z,0x0003F7CE,1,36,36,game/GameEngine/Source/Common/BfmeConv549.cpp,name:?bfmeCalcBXB@@YAHHI@Z,nothing defines it (pinned-elsewhere),tools/provider_repair.py,007ae4e6b1
978,provider,?bfmeCalcBXC@@YAHHI@Z,0x0003F7CE,1,36,36,game/GameEngine/Source/Common/BfmeConv550.cpp,name:?bfmeCalcBXC@@YAHHI@Z,nothing defines it (pinned-elsewhere),tools/provider_repair.py,007ae4e6b1
979,provider,?bfmeCalcBXG@@YAHHI@Z,0x000222AF,1,36,36,game/GameEngine/Source/Common/BfmeConv554.cpp,name:?bfmeCalcBXG@@YAHHI@Z,nothing defines it (pinned-elsewhere),tools/provider_repair.py,007ae4e6b1
980,provider,?bfmeCalcBXH@@YAHHI@Z,0x000222AF,1,36,36,game/GameEngine/Source/Common/BfmeConv555.cpp,name:?bfmeCalcBXH@@YAHHI@Z,nothing defines it (pinned-elsewhere),tools/provider_repair.py,007ae4e6b1
981,provider,?bfmeCopyBZD@@YAXPADPBDI@Z,0x005F70BA,1,36,36,game/GameEngine/Source/Common/BfmeConv559.cpp,name:?bfmeCopyBZD@@YAXPADPBDI@Z,nothing defines it (alias),tools/provider_repair.py,007ae4e6b1
982,provider,?bfmeMakeBZA@@YAPAVBfmeCacheBZA@@PAVBfmeThingBZA@@@Z,0x003F4810,1,36,36,game/GameEngine/Source/Common/BfmeConv556.cpp,name:?bfmeMakeBZA@@YAPAVBfmeCacheBZA@@PAVBfmeThingBZA@@@Z,nothing defines it (alias),tools/provider_repair.py,007ae4e6b1
983,provider,?bfmeSetBZC@BfmeSubBZC@@QAEXH@Z,0x00402C30,1,36,36,game/GameEngine/Source/Common/BfmeConv558.cpp,name:?bfmeSetBZC@BfmeSubBZC@@QAEXH@Z,nothing defines it (alias),tools/provider_repair.py,007ae4e6b1
984,provider,?bfmeSetReferenceEW@BfmeTargetEW@@QAEXPAVBfmeRefEW@@@Z,0x0051FC90,1,36,36,game/GameEngine/Source/Common/BfmeConv1685.cpp,name:?bfmeSetReferenceEW@BfmeTargetEW@@QAEXPAVBfmeRefEW@@@Z,nothing defines it (alias),tools/provider_repair.py,007ae4e6b1
985,provider,?helper@Rva0056C090@@QAEHXZ,0x00003EA4,1,36,36,game/GameEngine/Source/Common/Bfme/Rva0056C090SetState.cpp,name:?helper@Rva0056C090@@QAEHXZ,nothing defines it (pinned-elsewhere),tools/provider_repair.py,007ae4e6b1
986,provider,??0BfmeString52DBC0@@QAE@ABV0@@Z,0x00487B60,1,35,35,game/GameEngine/Source/Common/Rva0052DBC0Ctor.cpp,name:??0BfmeString52DBC0@@QAE@ABV0@@Z,nothing defines it (alias),tools/provider_repair.py,007ae4e6b1
987,provider,?bfmeAskBVF@BfmeOuterBVF@@QAE_NXZ,0x0004425B,1,35,35,game/GameEngine/Source/Common/BfmeConv541.cpp,name:?bfmeAskBVF@BfmeOuterBVF@@QAE_NXZ,nothing defines it (pinned-elsewhere),tools/provider_repair.py,007ae4e6b1
988,provider,?bfmeAskBVG@BfmeOuterBVG@@QAE_NXZ,0x0004425B,1,35,35,game/GameEngine/Source/Common/BfmeConv540.cpp,name:?bfmeAskBVG@BfmeOuterBVG@@QAE_NXZ,nothing defines it (pinned-elsewhere),tools/provider_repair.py,007ae4e6b1
989,provider,?bfmeCallDNA@BfmeOtherDNA@@QAEXPAVBfmeSubDNA@@@Z,0x00487B60,1,35,35,game/GameEngine/Source/Common/BfmeConv733.cpp,name:?bfmeCallDNA@BfmeOtherDNA@@QAEXPAVBfmeSubDNA@@@Z,nothing defines it (alias),tools/provider_repair.py,007ae4e6b1
990,provider,?bfmeCallDNB@BfmeOtherDNB@@QAEXPAVBfmeSubDNB@@@Z,0x00487B60,1,35,35,game/GameEngine/Source/Common/BfmeConv734.cpp,name:?bfmeCallDNB@BfmeOtherDNB@@QAEXPAVBfmeSubDNB@@@Z,nothing defines it (alias),tools/provider_repair.py,007ae4e6b1
991,provider,?bfmeFill1031@@YAXPAVBfmeG1031@@PAH@Z,0x000139BC,1,35,35,game/GameEngine/Source/Common/BfmeConv1031.cpp,name:?bfmeFill1031@@YAXPAVBfmeG1031@@PAH@Z,nothing defines it (pinned-elsewhere),tools/provider_repair.py,007ae4e6b1
992,provider,?bfmeKindBVD@BfmeSubBVD@@QAEHXZ,0x0001E33A,1,35,35,game/GameEngine/Source/Common/BfmeConv539.cpp,name:?bfmeKindBVD@BfmeSubBVD@@QAEHXZ,nothing defines it (pinned-elsewhere),tools/provider_repair.py,007ae4e6b1
993,provider,?bfmeSetWakeBJ@BfmeWakeBJ@@QAEXPAXH@Z,0x000157DA,1,35,35,game/GameEngine/Source/Common/BfmeConv1752.cpp,name:?bfmeSetWakeBJ@BfmeWakeBJ@@QAEXPAXH@Z,nothing defines it (pinned-elsewhere),tools/provider_repair.py,007ae4e6b1
994,provider,?bfmeStepBVA@BfmeThingBVA@@QAEXPAV1@@Z,0x00015280,1,35,35,game/GameEngine/Source/Common/Thing/ThingTemplateCopyAssignment.cpp,name:?bfmeStepBVA@BfmeThingBVA@@QAEXPAV1@@Z,nothing defines it (pinned-elsewhere),tools/provider_repair.py,007ae4e6b1
995,bridge,?bfmeStepCBC@BfmeThingCBC@@QAEXH@Z,0x004D2130,1,35,35,game/Libraries/Source/EA/Apt/Bfme5CounterCallbacks.cpp,name:?bfmeStepCBC@BfmeThingCBC@@QAEXH@Z,nothing defines it (dump),tools/next_work.py,007ae4e6b1
996,provider,?fiveArg@TerrainLogicP48@@QAEXHHPAHHH@Z,0x001A51F0,1,35,35,game/GameEngine/Source/GameLogic/Map/TerrainLogicP48Adapter.cpp,name:?fiveArg@TerrainLogicP48@@QAEXHHPAHHH@Z,nothing defines it (alias),tools/provider_repair.py,007ae4e6b1
997,provider,?fiveArg@TerrainLogicP48B@@QAEXHHPAEHH@Z,0x00002C39,1,35,35,game/GameEngine/Source/GameLogic/Map/TerrainLogicP48AdapterByte.cpp,name:?fiveArg@TerrainLogicP48B@@QAEXHHPAEHH@Z,nothing defines it (pinned-elsewhere),tools/provider_repair.py,007ae4e6b1
998,provider,?getAimPosition@WeaponTemplate@@QAEPAUCoord3D@@PAU2@PBVObject@@1H@Z,0x00001C17,1,35,35,game/GameEngine/Source/GameLogic/Object/Weapon_bfmeGetLOSVictimPos.cpp,name:?getAimPosition@WeaponTemplate@@QAEPAUCoord3D@@PAU2@PBVObject@@1H@Z,nothing defines it (pinned-elsewhere),tools/provider_repair.py,007ae4e6b1
999,data,?TheBfmeTarget_00C70C90@@3PAVGen_00C70C90Target@@A,0x00EC7464,1,35,11,game/GameEngine/Source/Common/S3VirtualDelegates.cpp,name:?TheBfmeTarget_00C70C90@@3PAVGen_00C70C90Target@@A,nothing defines it (data),tools/provider_repair.py data-next,007ae4e6b1
1000,body,?winGetLayout@GameWindow@@QAEPAVWindowLayout@@XZ,0x00478E20,1,34,94,game/GameEngine/Source/GameClient/GUI/GameWindowDestroyLayout.cpp,source:inputs/reference/CnC_Generals_Zero_Hour/Generals/Code/GameEngine/Source/GameClient/GUI/GameWindow.cpp,bytes differ at +0x2 (0x00478E22),tools/probe.py,007ae4e6b1
1001,body,?Set_Visible@RenderObjClass@@UAEXHH@Z,0x0091F880,1,34,64,game/Libraries/Source/WWVegas/WW3D2/ParticleEmitterVisibilityWrappers.cpp,source:game/GameEngineDevice/Source/W3DDevice/GameClient/BaseHeightMap.cpp,bytes differ at +0x3 (0x0091F883),tools/probe.py,007ae4e6b1
1002,provider,?Create@AptInteger@@SAPAVAptValue@@H@Z,0x004A11E0,2,34,34,game/Libraries/Source/EA/Apt/Rva008B6B40AptPack.cpp; +1 more,name:?Create@AptInteger@@SAPAVAptValue@@H@Z,nothing defines it (alias),tools/provider_repair.py,007ae4e6b1
1003,data,?Glo012F7048@@3PAVGlo012F7048CursorGate@@A,0x00EF7048,1,34,34,game/GameEngine/Source/Common/Rva0060D3E0CursorDisable.cpp,name:?Glo012F7048@@3PAVGlo012F7048CursorGate@@A,nothing defines it (data),tools/provider_repair.py data-next,007ae4e6b1
1004,provider,?Rva0001E6A5Helper@@YAPAXPAX00PADH@Z,0x0001E6A5,1,34,34,game/GameEngine/Source/Common/Rva000BD610Step.cpp,name:?Rva0001E6A5Helper@@YAPAXPAX00PADH@Z,nothing defines it (pinned-elsewhere),tools/provider_repair.py,007ae4e6b1
1005,data,?Rva01340534Device@@3PAURva00903C20Device@@A,0x00F40534,1,34,34,game/Libraries/Source/WWVegas/WW3D2/Rva00903C20DeviceQuery.cpp,name:?Rva01340534Device@@3PAURva00903C20Device@@A,nothing defines it (data),tools/provider_repair.py data-next,007ae4e6b1
1006,other,?apply@Rva00766A70W3DScriptedModelDraw@@AAEXPAXHHHH@Z,0x00001CA8,1,34,34,game/GameEngineDevice/Source/W3DDevice/GameClient/Drawable/Draw/Rva00766A70W3DScriptedModelDraw.cpp,name:?apply@Rva00766A70W3DScriptedModelDraw@@AAEXPAXHHHH@Z,nothing defines it,tools/link_check.py,007ae4e6b1
1007,provider,?bfmeAskDHA@BfmeOuterDHA@@QAE_NXZ,0x0004425B,1,34,34,game/GameEngine/Source/Common/BfmeConv698.cpp,name:?bfmeAskDHA@BfmeOuterDHA@@QAE_NXZ,nothing defines it (pinned-elsewhere),tools/provider_repair.py,007ae4e6b1
1008,provider,?bfmeAskDHB@BfmeOuterDHB@@QAE_NXZ,0x0004425B,1,34,34,game/GameEngine/Source/Common/BfmeConv699.cpp,name:?bfmeAskDHB@BfmeOuterDHB@@QAE_NXZ,nothing defines it (pinned-elsewhere),tools/provider_repair.py,007ae4e6b1
1009,provider,?bfmeAskDHC@BfmeOuterDHC@@QAE_NXZ,0x0004425B,1,34,34,game/GameEngine/Source/Common/BfmeConv700.cpp,name:?bfmeAskDHC@BfmeOuterDHC@@QAE_NXZ,nothing defines it (pinned-elsewhere),tools/provider_repair.py,007ae4e6b1
1010,provider,?bfmeAssignOT@BfmeThingOT@@QAEXPAD0@Z,0x0002B297,1,34,34,game/GameEngine/Source/Common/BfmeTwoHundredFiftyFive.cpp,name:?bfmeAssignOT@BfmeThingOT@@QAEXPAD0@Z,nothing defines it (pinned-elsewhere),tools/provider_repair.py,007ae4e6b1
1011,provider,?bfmeBaseBUF@BfmeThingBUF@@QAEXPAX@Z,0x00487B60,1,34,34,game/GameEngine/Source/Common/BfmeConv535.cpp,name:?bfmeBaseBUF@BfmeThingBUF@@QAEXPAX@Z,nothing defines it (alias),tools/provider_repair.py,007ae4e6b1
1012,provider,?bfmeCallDPF@BfmeOtherDPF@@QAEXPAVBfmeSubDPF@@@Z,0x0001CB11,1,34,34,game/GameEngine/Source/Common/BfmeConv753.cpp,name:?bfmeCallDPF@BfmeOtherDPF@@QAEXPAVBfmeSubDPF@@@Z,nothing defines it (pinned-elsewhere),tools/provider_repair.py,007ae4e6b1
1013,provider,?bfmeDoBUA@BfmeInnerBUA@@QAEXPAX@Z,0x00024D70,1,34,34,game/GameEngine/Source/Common/BfmeConv529.cpp,name:?bfmeDoBUA@BfmeInnerBUA@@QAEXPAX@Z,nothing defines it (pinned-elsewhere),tools/provider_repair.py,007ae4e6b1
1014,provider,?bfmeDoBUC@BfmeSubBUC@@QAEXPAX000@Z,0x00002A59,1,34,34,game/GameEngine/Source/Common/BfmeConv532.cpp,name:?bfmeDoBUC@BfmeSubBUC@@QAEXPAX000@Z,nothing defines it (pinned-elsewhere),tools/provider_repair.py,007ae4e6b1
1015,provider,?bfmeDoOR@@YAXPAX0EPAE@Z,0x0042D2D0,1,34,34,game/GameEngine/Source/Common/BfmeTwoHundredFiftyThree.cpp,name:?bfmeDoOR@@YAXPAX0EPAE@Z,nothing defines it (alias),tools/provider_repair.py,007ae4e6b1
1016,provider,?f_00881eb0@@YAXPAX@Z,0x00481EB0,1,34,34,game/GameEngine/Source/Common/Rva0058C440PointerOwner.cpp,name:?f_00881eb0@@YAXPAX@Z,nothing defines it (alias),tools/provider_repair.py,007ae4e6b1
1017,body,?getName@SpecialPowerTemplate@@QBE?AVAsciiString@@XZ,0x00098F80,1,33,117,game/GameEngine/Source/GameLogic/Object/SpecialPower/Rva0026AC60GetPowerName.cpp,source:game/GameEngine/Source/GameClient/InGameUI.cpp,bytes differ at +0x15 (0x00098F95),tools/probe.py,007ae4e6b1
1018,provider,??4Rva0093CEA0VectorBase@@QAEAAU0@ABU0@@Z,0x0053CEA0,1,33,33,game/Libraries/Source/WWVegas/WWLib/Rva0093DA50VectorAssignment.cpp,name:??4Rva0093CEA0VectorBase@@QAEAAU0@ABU0@@Z,nothing defines it (alias),tools/provider_repair.py,007ae4e6b1
1019,data,?TheTerrainLogic@@3PAVRva001A1DF0TerrainLogic@@A,0x00EEF4CC,1,33,33,game/GameEngine/Source/GameLogic/Map/Rva001A1DF0TerrainCheck.cpp,name:?TheTerrainLogic@@3PAVRva001A1DF0TerrainLogic@@A,nothing defines it (data),tools/provider_repair.py data-next,007ae4e6b1
1020,provider,?bfmeCallDPH@BfmeSubDPH@@QAEXPAVBfmeOtherDPH@@@Z,0x00031507,1,33,33,game/GameEngine/Source/Common/BfmeConv755.cpp,name:?bfmeCallDPH@BfmeSubDPH@@QAEXPAVBfmeOtherDPH@@@Z,nothing defines it (pinned-elsewhere),tools/provider_repair.py,007ae4e6b1
1021,provider,?bfmeCallDQD@BfmeOtherDQD@@QAEXPAX@Z,0x0001CB11,1,33,33,game/GameEngine/Source/Common/BfmeConv759.cpp,name:?bfmeCallDQD@BfmeOtherDQD@@QAEXPAX@Z,nothing defines it (pinned-elsewhere),tools/provider_repair.py,007ae4e6b1
1022,provider,?bfmeCallDQE@BfmeOtherDQE@@QAEXPAX@Z,0x0003050D,1,33,33,game/GameEngine/Source/Common/BfmeConv760.cpp,name:?bfmeCallDQE@BfmeOtherDQE@@QAEXPAX@Z,nothing defines it (pinned-elsewhere),tools/provider_repair.py,007ae4e6b1
1023,provider,?bfmeCallDQF@BfmeSubDQF@@QAEXPAVBfmeOtherDQF@@@Z,0x00588F60,1,33,33,game/GameEngine/Source/Common/BfmeConv761.cpp,name:?bfmeCallDQF@BfmeSubDQF@@QAEXPAVBfmeOtherDQF@@@Z,nothing defines it (alias),tools/provider_repair.py,007ae4e6b1
1024,provider,?bfmeDoKQ@BfmeSubKQ@@QAEXHHH@Z,0x0004A12E,1,33,33,game/GameEngine/Source/Common/Rva0024F730Owner.cpp,name:?bfmeDoKQ@BfmeSubKQ@@QAEXHHH@Z,nothing defines it (pinned-elsewhere),tools/provider_repair.py,007ae4e6b1
1025,provider,?bfmeHashFI@@YAIPAX0@Z,0x00007518,1,33,33,game/GameEngine/Source/Common/BfmeConv1692.cpp,name:?bfmeHashFI@@YAIPAX0@Z,nothing defines it (pinned-elsewhere),tools/provider_repair.py,007ae4e6b1
1026,provider,?bfmeMakeBTE@BfmeSlotBTE@@QAEPAPAXPAX@Z,0x00045EB7,1,33,33,game/GameEngine/Source/Common/BfmeConv530.cpp,name:?bfmeMakeBTE@BfmeSlotBTE@@QAEPAPAXPAX@Z,nothing defines it (pinned-elsewhere),tools/provider_repair.py,007ae4e6b1
1027,provider,?bfmeStepBTA@BfmeThingBTA@@QAEXXZ,0x000106AE,1,33,33,game/GameEngine/Source/Common/BfmeConv521.cpp,name:?bfmeStepBTA@BfmeThingBTA@@QAEXXZ,nothing defines it (pinned-elsewhere),tools/provider_repair.py,007ae4e6b1
1028,data,?g_Va012F7730@@3PAVGen00024B7C@@A,0x00EF7730,1,33,33,game/GameEngine/Source/Common/Rva005169B0Call.cpp,name:?g_Va012F7730@@3PAVGen00024B7C@@A,nothing defines it (data),tools/provider_repair.py data-next,007ae4e6b1
1029,provider,?testOwner@Rva0016AE80Owner@@AAE_NXZ,0x00029C3F,1,33,33,game/GameEngine/Source/Common/Rva0016AE80FallbackPredicate.cpp,name:?testOwner@Rva0016AE80Owner@@AAE_NXZ,nothing defines it (pinned-elsewhere),tools/provider_repair.py,007ae4e6b1
1030,provider,?bfmeDoBSC@BfmeThingBSC@@QAEXPAXH@Z,0x000157DA,1,32,32,game/GameEngine/Source/Common/BfmeConv523.cpp,name:?bfmeDoBSC@BfmeThingBSC@@QAEXPAXH@Z,nothing defines it (pinned-elsewhere),tools/provider_repair.py,007ae4e6b1
1031,provider,?bfmeDoPO@BfmeThingPO@@QAEXPAH@Z,0x0042F580,1,32,32,game/GameEngine/Source/Common/BfmeTwoHundredSeventyFour.cpp,name:?bfmeDoPO@BfmeThingPO@@QAEXPAH@Z,nothing defines it (alias),tools/provider_repair.py,007ae4e6b1
1032,provider,?bfmeSetBSF@BfmeSubBSF@@QAEXPAX@Z,0x00487B60,1,32,32,game/GameEngine/Source/Common/BfmeConv526.cpp,name:?bfmeSetBSF@BfmeSubBSF@@QAEXPAX@Z,nothing defines it (alias),tools/provider_repair.py,007ae4e6b1
1033,provider,?setRallyPoint@DefaultProductionExitUpdate@@UAEXPBUCoord3D@@@Z,0x002CFCA0,1,32,32,game/GameEngine/Source/GameLogic/Object/Update/ProductionExitUpdate/DefaultProductionExitUpdate.cpp,source:game/GameEngine/Source/GameLogic/Object/Update/ProductionExitUpdate/DefaultProductionExitUpdate.cpp,bytes match at several candidate addresses 0x002CFCA0/0x002D,tools/provider_repair.py,007ae4e6b1
1034,provider,??4Rva002E9E70Mid@@QAEAAV0@ABV0@@Z,0x00033640,1,31,31,game/GameEngine/Source/Common/Rva002E17F0Assign.cpp,name:??4Rva002E9E70Mid@@QAEAAV0@ABV0@@Z,nothing defines it (pinned-elsewhere),tools/provider_repair.py,007ae4e6b1
1035,data,?PostStaticInit@Debug@@SAXXZ,0x0088AF60,1,31,31,game/GameEngine/Source/Common/Rva0088C4E0PostStaticInitLookup.cpp,name:?PostStaticInit@Debug@@SAXXZ,nothing defines it (data),tools/provider_repair.py data-next,007ae4e6b1
1036,provider,?bfmeCallDPE@BfmeOtherDPE@@QAEXPAVBfmeSubDPE@@@Z,0x00003C56,1,31,31,game/GameEngine/Source/Common/BfmeConv752.cpp,name:?bfmeCallDPE@BfmeOtherDPE@@QAEXPAVBfmeSubDPE@@@Z,nothing defines it (pinned-elsewhere),tools/provider_repair.py,007ae4e6b1
1037,provider,?bfmeCheckBMC@BfmeSubBMC492@@QAEEPAUBfmePartBMC492@@0@Z,0x00008E68,1,31,31,game/GameEngine/Source/Common/Rva001DD890.cpp,name:?bfmeCheckBMC@BfmeSubBMC492@@QAEEPAUBfmePartBMC492@@0@Z,nothing defines it (pinned-elsewhere),tools/provider_repair.py,007ae4e6b1
1038,provider,?bfmeJoinBSE@@YAPAXPAX0@Z,0x00042FA0,1,31,31,game/GameEngine/Source/Common/BfmeConv525.cpp,name:?bfmeJoinBSE@@YAPAXPAX0@Z,nothing defines it (pinned-elsewhere),tools/provider_repair.py,007ae4e6b1
1039,provider,?bfmeSetBRC@BfmeSubBRC@@QAEXPAX@Z,0x0002F333,1,31,31,game/GameEngine/Source/Common/BfmeConv517.cpp,name:?bfmeSetBRC@BfmeSubBRC@@QAEXPAX@Z,nothing defines it (pinned-elsewhere),tools/provider_repair.py,007ae4e6b1
1040,provider,?bfmeStepBRF@BfmeThingBRF@@QAEXXZ,0x00047B6D,1,31,31,game/GameEngine/Source/Common/BfmeConv520.cpp,name:?bfmeStepBRF@BfmeThingBRF@@QAEXXZ,nothing defines it (pinned-elsewhere),tools/provider_repair.py,007ae4e6b1
1041,data,?g_bfmeSinkBRB@@3PAVLightPointSystem@@A,0x00EF0FF8,1,31,31,game/GameEngine/Source/Common/BfmeItemEUARunE.cpp,name:?g_bfmeSinkBRB@@3PAVLightPointSystem@@A,nothing defines it (data),tools/provider_repair.py data-next,007ae4e6b1
1042,data,?g_mgr12F4C5C@@3PAVBfmeMgr4C5@@A,0x00EF4C5C,1,31,31,game/GameEngine/Source/Common/dispatchBfmeMgr4C5.cpp,name:?g_mgr12F4C5C@@3PAVBfmeMgr4C5@@A,nothing defines it (data),tools/provider_repair.py data-next,007ae4e6b1
1043,provider,?getSlot@Rva0069F740Owner@@QAE?AURva0069F740Ref@@HH@Z,0x0001815B,1,31,31,game/GameEngine/Source/Common/BfmeConv2100.cpp,name:?getSlot@Rva0069F740Owner@@QAE?AURva0069F740Ref@@HH@Z,nothing defines it (pinned-elsewhere),tools/provider_repair.py,007ae4e6b1
1044,provider,?insert_unique@?$_Rb_tree@URva00063870Key@@U?$pair@$$CBURva00063870Key@@URva00063870Value@@@_STL@@U?$_Select1st@U?$pair@$$CBURva00063870Key@@URva00063870Value@@@_STL@@@3@U?$less@URva00063870Key@@@3@V?$allocator@U?$pair@$$CBURva00063870Key@@URva00063870Value@@@_STL@@@3@@_STL@@QAE?AU?$_Rb_tree_iterator@U?$pair@$$CBURva00063870Key@@URva00063870Value@@@_STL@@U?$_Nonconst_traits@U?$pair@$$CBURva00063870Key@@URva00063870Value@@@_STL@@@2@@2@U32@ABU?$pair@$$CBURva00063870Key@@URva00063870Value@@@2@@Z,0x0000A529,1,31,31,game/GameEngine/Source/Common/Rva00063870MapInsertBody.cpp,name:?insert_unique@?$_Rb_tree@URva00063870Key@@U?$pair@$$CBURva00063870Key@@URva00063870Value@@@_STL@@U?$_Select1st@U?$pair@$$CBURva00063870Key@@URva00063870Value@@@_STL@@@3@U?$less@URva00063870Key@@@3@V?$allocator@U?$pair@$$CBURva00063870Key@@URva00063870Value@@@_STL@@@3@@_STL@@QAE?AU?$_Rb_tree_iterator@U?$pair@$$CBURva00063870Key@@URva00063870Value@@@_STL@@U?$_Nonconst_traits@U?$pair@$$CBURva00063870Key@@URva00063870Value@@@_STL@@@2@@2@U32@ABU?$pair@$$CBURva00063870Key@@URva00063870Value@@@2@@Z,nothing defines it (pinned-elsewhere),tools/provider_repair.py,007ae4e6b1
1045,provider,?insert_unique@?$_Rb_tree@URva0007DEE0Key@@U?$pair@$$CBURva0007DEE0Key@@URva0007DEE0Value@@@_STL@@U?$_Select1st@U?$pair@$$CBURva0007DEE0Key@@URva0007DEE0Value@@@_STL@@@3@U?$less@URva0007DEE0Key@@@3@V?$allocator@U?$pair@$$CBURva0007DEE0Key@@URva0007DEE0Value@@@_STL@@@3@@_STL@@QAE?AU?$_Rb_tree_iterator@U?$pair@$$CBURva0007DEE0Key@@URva0007DEE0Value@@@_STL@@U?$_Nonconst_traits@U?$pair@$$CBURva0007DEE0Key@@URva0007DEE0Value@@@_STL@@@2@@2@U32@ABU?$pair@$$CBURva0007DEE0Key@@URva0007DEE0Value@@@2@@Z,0x00039423,1,31,31,game/GameEngine/Source/Common/Rva0007DEE0MapInsertBody.cpp,name:?insert_unique@?$_Rb_tree@URva0007DEE0Key@@U?$pair@$$CBURva0007DEE0Key@@URva0007DEE0Value@@@_STL@@U?$_Select1st@U?$pair@$$CBURva0007DEE0Key@@URva0007DEE0Value@@@_STL@@@3@U?$less@URva0007DEE0Key@@@3@V?$allocator@U?$pair@$$CBURva0007DEE0Key@@URva0007DEE0Value@@@_STL@@@3@@_STL@@QAE?AU?$_Rb_tree_iterator@U?$pair@$$CBURva0007DEE0Key@@URva0007DEE0Value@@@_STL@@U?$_Nonconst_traits@U?$pair@$$CBURva0007DEE0Key@@URva0007DEE0Value@@@_STL@@@2@@2@U32@ABU?$pair@$$CBURva0007DEE0Key@@URva0007DEE0Value@@@2@@Z,nothing defines it (pinned-elsewhere),tools/provider_repair.py,007ae4e6b1
1046,provider,?insert_unique@?$_Rb_tree@URva0008EF50Key@@U?$pair@$$CBURva0008EF50Key@@URva0008EF50Value@@@_STL@@U?$_Select1st@U?$pair@$$CBURva0008EF50Key@@URva0008EF50Value@@@_STL@@@3@U?$less@URva0008EF50Key@@@3@V?$allocator@U?$pair@$$CBURva0008EF50Key@@URva0008EF50Value@@@_STL@@@3@@_STL@@QAE?AU?$_Rb_tree_iterator@U?$pair@$$CBURva0008EF50Key@@URva0008EF50Value@@@_STL@@U?$_Nonconst_traits@U?$pair@$$CBURva0008EF50Key@@URva0008EF50Value@@@_STL@@@2@@2@U32@ABU?$pair@$$CBURva0008EF50Key@@URva0008EF50Value@@@2@@Z,0x00045A7F,1,31,31,game/GameEngine/Source/Common/Rva0008EF50MapInsertBody.cpp,name:?insert_unique@?$_Rb_tree@URva0008EF50Key@@U?$pair@$$CBURva0008EF50Key@@URva0008EF50Value@@@_STL@@U?$_Select1st@U?$pair@$$CBURva0008EF50Key@@URva0008EF50Value@@@_STL@@@3@U?$less@URva0008EF50Key@@@3@V?$allocator@U?$pair@$$CBURva0008EF50Key@@URva0008EF50Value@@@_STL@@@3@@_STL@@QAE?AU?$_Rb_tree_iterator@U?$pair@$$CBURva0008EF50Key@@URva0008EF50Value@@@_STL@@U?$_Nonconst_traits@U?$pair@$$CBURva0008EF50Key@@URva0008EF50Value@@@_STL@@@2@@2@U32@ABU?$pair@$$CBURva0008EF50Key@@URva0008EF50Value@@@2@@Z,nothing defines it (pinned-elsewhere),tools/provider_repair.py,007ae4e6b1
1047,provider,?insert_unique@?$_Rb_tree@URva00093D80Key@@U?$pair@$$CBURva00093D80Key@@URva00093D80Value@@@_STL@@U?$_Select1st@U?$pair@$$CBURva00093D80Key@@URva00093D80Value@@@_STL@@@3@U?$less@URva00093D80Key@@@3@V?$allocator@U?$pair@$$CBURva00093D80Key@@URva00093D80Value@@@_STL@@@3@@_STL@@QAE?AU?$_Rb_tree_iterator@U?$pair@$$CBURva00093D80Key@@URva00093D80Value@@@_STL@@U?$_Nonconst_traits@U?$pair@$$CBURva00093D80Key@@URva00093D80Value@@@_STL@@@2@@2@U32@ABU?$pair@$$CBURva00093D80Key@@URva00093D80Value@@@2@@Z,0x00032335,1,31,31,game/GameEngine/Source/Common/Rva00093D80MapInsertBody.cpp,name:?insert_unique@?$_Rb_tree@URva00093D80Key@@U?$pair@$$CBURva00093D80Key@@URva00093D80Value@@@_STL@@U?$_Select1st@U?$pair@$$CBURva00093D80Key@@URva00093D80Value@@@_STL@@@3@U?$less@URva00093D80Key@@@3@V?$allocator@U?$pair@$$CBURva00093D80Key@@URva00093D80Value@@@_STL@@@3@@_STL@@QAE?AU?$_Rb_tree_iterator@U?$pair@$$CBURva00093D80Key@@URva00093D80Value@@@_STL@@U?$_Nonconst_traits@U?$pair@$$CBURva00093D80Key@@URva00093D80Value@@@_STL@@@2@@2@U32@ABU?$pair@$$CBURva00093D80Key@@URva00093D80Value@@@2@@Z,nothing defines it (pinned-elsewhere),tools/provider_repair.py,007ae4e6b1
1048,provider,?insert_unique@?$_Rb_tree@URva000C0940Key@@U?$pair@$$CBURva000C0940Key@@URva000C0940Value@@@_STL@@U?$_Select1st@U?$pair@$$CBURva000C0940Key@@URva000C0940Value@@@_STL@@@3@U?$less@URva000C0940Key@@@3@V?$allocator@U?$pair@$$CBURva000C0940Key@@URva000C0940Value@@@_STL@@@3@@_STL@@QAE?AU?$_Rb_tree_iterator@U?$pair@$$CBURva000C0940Key@@URva000C0940Value@@@_STL@@U?$_Nonconst_traits@U?$pair@$$CBURva000C0940Key@@URva000C0940Value@@@_STL@@@2@@2@U32@ABU?$pair@$$CBURva000C0940Key@@URva000C0940Value@@@2@@Z,0x00036F70,1,31,31,game/GameEngine/Source/Common/Rva000C0940MapInsertBody.cpp,name:?insert_unique@?$_Rb_tree@URva000C0940Key@@U?$pair@$$CBURva000C0940Key@@URva000C0940Value@@@_STL@@U?$_Select1st@U?$pair@$$CBURva000C0940Key@@URva000C0940Value@@@_STL@@@3@U?$less@URva000C0940Key@@@3@V?$allocator@U?$pair@$$CBURva000C0940Key@@URva000C0940Value@@@_STL@@@3@@_STL@@QAE?AU?$_Rb_tree_iterator@U?$pair@$$CBURva000C0940Key@@URva000C0940Value@@@_STL@@U?$_Nonconst_traits@U?$pair@$$CBURva000C0940Key@@URva000C0940Value@@@_STL@@@2@@2@U32@ABU?$pair@$$CBURva000C0940Key@@URva000C0940Value@@@2@@Z,nothing defines it (pinned-elsewhere),tools/provider_repair.py,007ae4e6b1
1049,provider,?insert_unique@?$_Rb_tree@URva000C1CE0Key@@U?$pair@$$CBURva000C1CE0Key@@URva000C1CE0Value@@@_STL@@U?$_Select1st@U?$pair@$$CBURva000C1CE0Key@@URva000C1CE0Value@@@_STL@@@3@U?$less@URva000C1CE0Key@@@3@V?$allocator@U?$pair@$$CBURva000C1CE0Key@@URva000C1CE0Value@@@_STL@@@3@@_STL@@QAE?AU?$_Rb_tree_iterator@U?$pair@$$CBURva000C1CE0Key@@URva000C1CE0Value@@@_STL@@U?$_Nonconst_traits@U?$pair@$$CBURva000C1CE0Key@@URva000C1CE0Value@@@_STL@@@2@@2@U32@ABU?$pair@$$CBURva000C1CE0Key@@URva000C1CE0Value@@@2@@Z,0x00047D4D,1,31,31,game/GameEngine/Source/Common/Rva000C1CE0MapInsertBody.cpp,name:?insert_unique@?$_Rb_tree@URva000C1CE0Key@@U?$pair@$$CBURva000C1CE0Key@@URva000C1CE0Value@@@_STL@@U?$_Select1st@U?$pair@$$CBURva000C1CE0Key@@URva000C1CE0Value@@@_STL@@@3@U?$less@URva000C1CE0Key@@@3@V?$allocator@U?$pair@$$CBURva000C1CE0Key@@URva000C1CE0Value@@@_STL@@@3@@_STL@@QAE?AU?$_Rb_tree_iterator@U?$pair@$$CBURva000C1CE0Key@@URva000C1CE0Value@@@_STL@@U?$_Nonconst_traits@U?$pair@$$CBURva000C1CE0Key@@URva000C1CE0Value@@@_STL@@@2@@2@U32@ABU?$pair@$$CBURva000C1CE0Key@@URva000C1CE0Value@@@2@@Z,nothing defines it (pinned-elsewhere),tools/provider_repair.py,007ae4e6b1
1050,provider,?insert_unique@?$_Rb_tree@URva001291F0Key@@U?$pair@$$CBURva001291F0Key@@URva001291F0Value@@@_STL@@U?$_Select1st@U?$pair@$$CBURva001291F0Key@@URva001291F0Value@@@_STL@@@3@U?$less@URva001291F0Key@@@3@V?$allocator@U?$pair@$$CBURva001291F0Key@@URva001291F0Value@@@_STL@@@3@@_STL@@QAE?AU?$_Rb_tree_iterator@U?$pair@$$CBURva001291F0Key@@URva001291F0Value@@@_STL@@U?$_Nonconst_traits@U?$pair@$$CBURva001291F0Key@@URva001291F0Value@@@_STL@@@2@@2@U32@ABU?$pair@$$CBURva001291F0Key@@URva001291F0Value@@@2@@Z,0x0000228E,1,31,31,game/GameEngine/Source/Common/Rva001291F0MapInsertBody.cpp,name:?insert_unique@?$_Rb_tree@URva001291F0Key@@U?$pair@$$CBURva001291F0Key@@URva001291F0Value@@@_STL@@U?$_Select1st@U?$pair@$$CBURva001291F0Key@@URva001291F0Value@@@_STL@@@3@U?$less@URva001291F0Key@@@3@V?$allocator@U?$pair@$$CBURva001291F0Key@@URva001291F0Value@@@_STL@@@3@@_STL@@QAE?AU?$_Rb_tree_iterator@U?$pair@$$CBURva001291F0Key@@URva001291F0Value@@@_STL@@U?$_Nonconst_traits@U?$pair@$$CBURva001291F0Key@@URva001291F0Value@@@_STL@@@2@@2@U32@ABU?$pair@$$CBURva001291F0Key@@URva001291F0Value@@@2@@Z,nothing defines it (pinned-elsewhere),tools/provider_repair.py,007ae4e6b1
1051,provider,?insert_unique@?$_Rb_tree@URva00146AB0Key@@U?$pair@$$CBURva00146AB0Key@@URva00146AB0Value@@@_STL@@U?$_Select1st@U?$pair@$$CBURva00146AB0Key@@URva00146AB0Value@@@_STL@@@3@U?$less@URva00146AB0Key@@@3@V?$allocator@U?$pair@$$CBURva00146AB0Key@@URva00146AB0Value@@@_STL@@@3@@_STL@@QAE?AU?$_Rb_tree_iterator@U?$pair@$$CBURva00146AB0Key@@URva00146AB0Value@@@_STL@@U?$_Nonconst_traits@U?$pair@$$CBURva00146AB0Key@@URva00146AB0Value@@@_STL@@@2@@2@U32@ABU?$pair@$$CBURva00146AB0Key@@URva00146AB0Value@@@2@@Z,0x00009462,1,31,31,game/GameEngine/Source/Common/Rva00146AB0MapInsertBody.cpp,name:?insert_unique@?$_Rb_tree@URva00146AB0Key@@U?$pair@$$CBURva00146AB0Key@@URva00146AB0Value@@@_STL@@U?$_Select1st@U?$pair@$$CBURva00146AB0Key@@URva00146AB0Value@@@_STL@@@3@U?$less@URva00146AB0Key@@@3@V?$allocator@U?$pair@$$CBURva00146AB0Key@@URva00146AB0Value@@@_STL@@@3@@_STL@@QAE?AU?$_Rb_tree_iterator@U?$pair@$$CBURva00146AB0Key@@URva00146AB0Value@@@_STL@@U?$_Nonconst_traits@U?$pair@$$CBURva00146AB0Key@@URva00146AB0Value@@@_STL@@@2@@2@U32@ABU?$pair@$$CBURva00146AB0Key@@URva00146AB0Value@@@2@@Z,nothing defines it (pinned-elsewhere),tools/provider_repair.py,007ae4e6b1
1052,provider,?insert_unique@?$_Rb_tree@URva001DAE10Key@@U?$pair@$$CBURva001DAE10Key@@URva001DAE10Value@@@_STL@@U?$_Select1st@U?$pair@$$CBURva001DAE10Key@@URva001DAE10Value@@@_STL@@@3@U?$less@URva001DAE10Key@@@3@V?$allocator@U?$pair@$$CBURva001DAE10Key@@URva001DAE10Value@@@_STL@@@3@@_STL@@QAE?AU?$_Rb_tree_iterator@U?$pair@$$CBURva001DAE10Key@@URva001DAE10Value@@@_STL@@U?$_Nonconst_traits@U?$pair@$$CBURva001DAE10Key@@URva001DAE10Value@@@_STL@@@2@@2@U32@ABU?$pair@$$CBURva001DAE10Key@@URva001DAE10Value@@@2@@Z,0x0001F389,1,31,31,game/GameEngine/Source/Common/Rva001DAE10MapInsertBody.cpp,name:?insert_unique@?$_Rb_tree@URva001DAE10Key@@U?$pair@$$CBURva001DAE10Key@@URva001DAE10Value@@@_STL@@U?$_Select1st@U?$pair@$$CBURva001DAE10Key@@URva001DAE10Value@@@_STL@@@3@U?$less@URva001DAE10Key@@@3@V?$allocator@U?$pair@$$CBURva001DAE10Key@@URva001DAE10Value@@@_STL@@@3@@_STL@@QAE?AU?$_Rb_tree_iterator@U?$pair@$$CBURva001DAE10Key@@URva001DAE10Value@@@_STL@@U?$_Nonconst_traits@U?$pair@$$CBURva001DAE10Key@@URva001DAE10Value@@@_STL@@@2@@2@U32@ABU?$pair@$$CBURva001DAE10Key@@URva001DAE10Value@@@2@@Z,nothing defines it (pinned-elsewhere),tools/provider_repair.py,007ae4e6b1
1053,provider,?insert_unique@?$_Rb_tree@URva00225C90Key@@U?$pair@$$CBURva00225C90Key@@URva00225C90Value@@@_STL@@U?$_Select1st@U?$pair@$$CBURva00225C90Key@@URva00225C90Value@@@_STL@@@3@U?$less@URva00225C90Key@@@3@V?$allocator@U?$pair@$$CBURva00225C90Key@@URva00225C90Value@@@_STL@@@3@@_STL@@QAE?AU?$_Rb_tree_iterator@U?$pair@$$CBURva00225C90Key@@URva00225C90Value@@@_STL@@U?$_Nonconst_traits@U?$pair@$$CBURva00225C90Key@@URva00225C90Value@@@_STL@@@2@@2@U32@ABU?$pair@$$CBURva00225C90Key@@URva00225C90Value@@@2@@Z,0x00030698,1,31,31,game/GameEngine/Source/Common/Rva00225C90MapInsertBody.cpp,name:?insert_unique@?$_Rb_tree@URva00225C90Key@@U?$pair@$$CBURva00225C90Key@@URva00225C90Value@@@_STL@@U?$_Select1st@U?$pair@$$CBURva00225C90Key@@URva00225C90Value@@@_STL@@@3@U?$less@URva00225C90Key@@@3@V?$allocator@U?$pair@$$CBURva00225C90Key@@URva00225C90Value@@@_STL@@@3@@_STL@@QAE?AU?$_Rb_tree_iterator@U?$pair@$$CBURva00225C90Key@@URva00225C90Value@@@_STL@@U?$_Nonconst_traits@U?$pair@$$CBURva00225C90Key@@URva00225C90Value@@@_STL@@@2@@2@U32@ABU?$pair@$$CBURva00225C90Key@@URva00225C90Value@@@2@@Z,nothing defines it (pinned-elsewhere),tools/provider_repair.py,007ae4e6b1
1054,provider,?insert_unique@?$_Rb_tree@URva002271A0Key@@U?$pair@$$CBURva002271A0Key@@URva002271A0Value@@@_STL@@U?$_Select1st@U?$pair@$$CBURva002271A0Key@@URva002271A0Value@@@_STL@@@3@U?$less@URva002271A0Key@@@3@V?$allocator@U?$pair@$$CBURva002271A0Key@@URva002271A0Value@@@_STL@@@3@@_STL@@QAE?AU?$_Rb_tree_iterator@U?$pair@$$CBURva002271A0Key@@URva002271A0Value@@@_STL@@U?$_Nonconst_traits@U?$pair@$$CBURva002271A0Key@@URva002271A0Value@@@_STL@@@2@@2@U32@ABU?$pair@$$CBURva002271A0Key@@URva002271A0Value@@@2@@Z,0x00011D3D,1,31,31,game/GameEngine/Source/Common/Rva002271A0MapInsertBody.cpp,name:?insert_unique@?$_Rb_tree@URva002271A0Key@@U?$pair@$$CBURva002271A0Key@@URva002271A0Value@@@_STL@@U?$_Select1st@U?$pair@$$CBURva002271A0Key@@URva002271A0Value@@@_STL@@@3@U?$less@URva002271A0Key@@@3@V?$allocator@U?$pair@$$CBURva002271A0Key@@URva002271A0Value@@@_STL@@@3@@_STL@@QAE?AU?$_Rb_tree_iterator@U?$pair@$$CBURva002271A0Key@@URva002271A0Value@@@_STL@@U?$_Nonconst_traits@U?$pair@$$CBURva002271A0Key@@URva002271A0Value@@@_STL@@@2@@2@U32@ABU?$pair@$$CBURva002271A0Key@@URva002271A0Value@@@2@@Z,nothing defines it (pinned-elsewhere),tools/provider_repair.py,007ae4e6b1
1055,provider,?insert_unique@?$_Rb_tree@URva00240200Key@@U?$pair@$$CBURva00240200Key@@URva00240200Value@@@_STL@@U?$_Select1st@U?$pair@$$CBURva00240200Key@@URva00240200Value@@@_STL@@@3@U?$less@URva00240200Key@@@3@V?$allocator@U?$pair@$$CBURva00240200Key@@URva00240200Value@@@_STL@@@3@@_STL@@QAE?AU?$_Rb_tree_iterator@U?$pair@$$CBURva00240200Key@@URva00240200Value@@@_STL@@U?$_Nonconst_traits@U?$pair@$$CBURva00240200Key@@URva00240200Value@@@_STL@@@2@@2@U32@ABU?$pair@$$CBURva00240200Key@@URva00240200Value@@@2@@Z,0x0003A260,1,31,31,game/GameEngine/Source/Common/Rva00240200MapInsertBody.cpp,name:?insert_unique@?$_Rb_tree@URva00240200Key@@U?$pair@$$CBURva00240200Key@@URva00240200Value@@@_STL@@U?$_Select1st@U?$pair@$$CBURva00240200Key@@URva00240200Value@@@_STL@@@3@U?$less@URva00240200Key@@@3@V?$allocator@U?$pair@$$CBURva00240200Key@@URva00240200Value@@@_STL@@@3@@_STL@@QAE?AU?$_Rb_tree_iterator@U?$pair@$$CBURva00240200Key@@URva00240200Value@@@_STL@@U?$_Nonconst_traits@U?$pair@$$CBURva00240200Key@@URva00240200Value@@@_STL@@@2@@2@U32@ABU?$pair@$$CBURva00240200Key@@URva00240200Value@@@2@@Z,nothing defines it (pinned-elsewhere),tools/provider_repair.py,007ae4e6b1
1056,provider,?insert_unique@?$_Rb_tree@URva00344180Key@@U?$pair@$$CBURva00344180Key@@URva00344180Value@@@_STL@@U?$_Select1st@U?$pair@$$CBURva00344180Key@@URva00344180Value@@@_STL@@@3@U?$less@URva00344180Key@@@3@V?$allocator@U?$pair@$$CBURva00344180Key@@URva00344180Value@@@_STL@@@3@@_STL@@QAE?AU?$_Rb_tree_iterator@U?$pair@$$CBURva00344180Key@@URva00344180Value@@@_STL@@U?$_Nonconst_traits@U?$pair@$$CBURva00344180Key@@URva00344180Value@@@_STL@@@2@@2@U32@ABU?$pair@$$CBURva00344180Key@@URva00344180Value@@@2@@Z,0x00040034,1,31,31,game/GameEngine/Source/Common/Rva00344180MapInsertBody.cpp,name:?insert_unique@?$_Rb_tree@URva00344180Key@@U?$pair@$$CBURva00344180Key@@URva00344180Value@@@_STL@@U?$_Select1st@U?$pair@$$CBURva00344180Key@@URva00344180Value@@@_STL@@@3@U?$less@URva00344180Key@@@3@V?$allocator@U?$pair@$$CBURva00344180Key@@URva00344180Value@@@_STL@@@3@@_STL@@QAE?AU?$_Rb_tree_iterator@U?$pair@$$CBURva00344180Key@@URva00344180Value@@@_STL@@U?$_Nonconst_traits@U?$pair@$$CBURva00344180Key@@URva00344180Value@@@_STL@@@2@@2@U32@ABU?$pair@$$CBURva00344180Key@@URva00344180Value@@@2@@Z,nothing defines it (pinned-elsewhere),tools/provider_repair.py,007ae4e6b1
1057,provider,?insert_unique@?$_Rb_tree@URva003BA940Key@@U?$pair@$$CBURva003BA940Key@@URva003BA940Value@@@_STL@@U?$_Select1st@U?$pair@$$CBURva003BA940Key@@URva003BA940Value@@@_STL@@@3@U?$less@URva003BA940Key@@@3@V?$allocator@U?$pair@$$CBURva003BA940Key@@URva003BA940Value@@@_STL@@@3@@_STL@@QAE?AU?$_Rb_tree_iterator@U?$pair@$$CBURva003BA940Key@@URva003BA940Value@@@_STL@@U?$_Nonconst_traits@U?$pair@$$CBURva003BA940Key@@URva003BA940Value@@@_STL@@@2@@2@U32@ABU?$pair@$$CBURva003BA940Key@@URva003BA940Value@@@2@@Z,0x000144F2,1,31,31,game/GameEngine/Source/Common/Rva003BA940MapInsertBody.cpp,name:?insert_unique@?$_Rb_tree@URva003BA940Key@@U?$pair@$$CBURva003BA940Key@@URva003BA940Value@@@_STL@@U?$_Select1st@U?$pair@$$CBURva003BA940Key@@URva003BA940Value@@@_STL@@@3@U?$less@URva003BA940Key@@@3@V?$allocator@U?$pair@$$CBURva003BA940Key@@URva003BA940Value@@@_STL@@@3@@_STL@@QAE?AU?$_Rb_tree_iterator@U?$pair@$$CBURva003BA940Key@@URva003BA940Value@@@_STL@@U?$_Nonconst_traits@U?$pair@$$CBURva003BA940Key@@URva003BA940Value@@@_STL@@@2@@2@U32@ABU?$pair@$$CBURva003BA940Key@@URva003BA940Value@@@2@@Z,nothing defines it (pinned-elsewhere),tools/provider_repair.py,007ae4e6b1
1058,provider,?insert_unique@?$_Rb_tree@URva00406AE0Key@@U?$pair@$$CBURva00406AE0Key@@URva00406AE0Value@@@_STL@@U?$_Select1st@U?$pair@$$CBURva00406AE0Key@@URva00406AE0Value@@@_STL@@@3@U?$less@URva00406AE0Key@@@3@V?$allocator@U?$pair@$$CBURva00406AE0Key@@URva00406AE0Value@@@_STL@@@3@@_STL@@QAE?AU?$_Rb_tree_iterator@U?$pair@$$CBURva00406AE0Key@@URva00406AE0Value@@@_STL@@U?$_Nonconst_traits@U?$pair@$$CBURva00406AE0Key@@URva00406AE0Value@@@_STL@@@2@@2@U32@ABU?$pair@$$CBURva00406AE0Key@@URva00406AE0Value@@@2@@Z,0x00018D7C,1,31,31,game/GameEngine/Source/Common/Rva00406AE0MapInsertBody.cpp,name:?insert_unique@?$_Rb_tree@URva00406AE0Key@@U?$pair@$$CBURva00406AE0Key@@URva00406AE0Value@@@_STL@@U?$_Select1st@U?$pair@$$CBURva00406AE0Key@@URva00406AE0Value@@@_STL@@@3@U?$less@URva00406AE0Key@@@3@V?$allocator@U?$pair@$$CBURva00406AE0Key@@URva00406AE0Value@@@_STL@@@3@@_STL@@QAE?AU?$_Rb_tree_iterator@U?$pair@$$CBURva00406AE0Key@@URva00406AE0Value@@@_STL@@U?$_Nonconst_traits@U?$pair@$$CBURva00406AE0Key@@URva00406AE0Value@@@_STL@@@2@@2@U32@ABU?$pair@$$CBURva00406AE0Key@@URva00406AE0Value@@@2@@Z,nothing defines it (pinned-elsewhere),tools/provider_repair.py,007ae4e6b1
1059,provider,?insert_unique@?$_Rb_tree@URva00449B40Key@@U?$pair@$$CBURva00449B40Key@@URva00449B40Value@@@_STL@@U?$_Select1st@U?$pair@$$CBURva00449B40Key@@URva00449B40Value@@@_STL@@@3@U?$less@URva00449B40Key@@@3@V?$allocator@U?$pair@$$CBURva00449B40Key@@URva00449B40Value@@@_STL@@@3@@_STL@@QAE?AU?$_Rb_tree_iterator@U?$pair@$$CBURva00449B40Key@@URva00449B40Value@@@_STL@@U?$_Nonconst_traits@U?$pair@$$CBURva00449B40Key@@URva00449B40Value@@@_STL@@@2@@2@U32@ABU?$pair@$$CBURva00449B40Key@@URva00449B40Value@@@2@@Z,0x0002AD15,1,31,31,game/GameEngine/Source/Common/Rva00449B40MapInsertBody.cpp,name:?insert_unique@?$_Rb_tree@URva00449B40Key@@U?$pair@$$CBURva00449B40Key@@URva00449B40Value@@@_STL@@U?$_Select1st@U?$pair@$$CBURva00449B40Key@@URva00449B40Value@@@_STL@@@3@U?$less@URva00449B40Key@@@3@V?$allocator@U?$pair@$$CBURva00449B40Key@@URva00449B40Value@@@_STL@@@3@@_STL@@QAE?AU?$_Rb_tree_iterator@U?$pair@$$CBURva00449B40Key@@URva00449B40Value@@@_STL@@U?$_Nonconst_traits@U?$pair@$$CBURva00449B40Key@@URva00449B40Value@@@_STL@@@2@@2@U32@ABU?$pair@$$CBURva00449B40Key@@URva00449B40Value@@@2@@Z,nothing defines it (pinned-elsewhere),tools/provider_repair.py,007ae4e6b1
1060,provider,?insert_unique@?$_Rb_tree@URva0044B7D0Key@@U?$pair@$$CBURva0044B7D0Key@@URva0044B7D0Value@@@_STL@@U?$_Select1st@U?$pair@$$CBURva0044B7D0Key@@URva0044B7D0Value@@@_STL@@@3@U?$less@URva0044B7D0Key@@@3@V?$allocator@U?$pair@$$CBURva0044B7D0Key@@URva0044B7D0Value@@@_STL@@@3@@_STL@@QAE?AU?$_Rb_tree_iterator@U?$pair@$$CBURva0044B7D0Key@@URva0044B7D0Value@@@_STL@@U?$_Nonconst_traits@U?$pair@$$CBURva0044B7D0Key@@URva0044B7D0Value@@@_STL@@@2@@2@U32@ABU?$pair@$$CBURva0044B7D0Key@@URva0044B7D0Value@@@2@@Z,0x00014376,1,31,31,game/GameEngine/Source/Common/Rva0044B7D0MapInsertBody.cpp,name:?insert_unique@?$_Rb_tree@URva0044B7D0Key@@U?$pair@$$CBURva0044B7D0Key@@URva0044B7D0Value@@@_STL@@U?$_Select1st@U?$pair@$$CBURva0044B7D0Key@@URva0044B7D0Value@@@_STL@@@3@U?$less@URva0044B7D0Key@@@3@V?$allocator@U?$pair@$$CBURva0044B7D0Key@@URva0044B7D0Value@@@_STL@@@3@@_STL@@QAE?AU?$_Rb_tree_iterator@U?$pair@$$CBURva0044B7D0Key@@URva0044B7D0Value@@@_STL@@U?$_Nonconst_traits@U?$pair@$$CBURva0044B7D0Key@@URva0044B7D0Value@@@_STL@@@2@@2@U32@ABU?$pair@$$CBURva0044B7D0Key@@URva0044B7D0Value@@@2@@Z,nothing defines it (pinned-elsewhere),tools/provider_repair.py,007ae4e6b1
1061,provider,?insert_unique@?$_Rb_tree@URva00453E60Key@@U?$pair@$$CBURva00453E60Key@@URva00453E60Value@@@_STL@@U?$_Select1st@U?$pair@$$CBURva00453E60Key@@URva00453E60Value@@@_STL@@@3@U?$less@URva00453E60Key@@@3@V?$allocator@U?$pair@$$CBURva00453E60Key@@URva00453E60Value@@@_STL@@@3@@_STL@@QAE?AU?$_Rb_tree_iterator@U?$pair@$$CBURva00453E60Key@@URva00453E60Value@@@_STL@@U?$_Nonconst_traits@U?$pair@$$CBURva00453E60Key@@URva00453E60Value@@@_STL@@@2@@2@U32@ABU?$pair@$$CBURva00453E60Key@@URva00453E60Value@@@2@@Z,0x0001944D,1,31,31,game/GameEngine/Source/Common/Rva00453E60MapInsertBody.cpp,name:?insert_unique@?$_Rb_tree@URva00453E60Key@@U?$pair@$$CBURva00453E60Key@@URva00453E60Value@@@_STL@@U?$_Select1st@U?$pair@$$CBURva00453E60Key@@URva00453E60Value@@@_STL@@@3@U?$less@URva00453E60Key@@@3@V?$allocator@U?$pair@$$CBURva00453E60Key@@URva00453E60Value@@@_STL@@@3@@_STL@@QAE?AU?$_Rb_tree_iterator@U?$pair@$$CBURva00453E60Key@@URva00453E60Value@@@_STL@@U?$_Nonconst_traits@U?$pair@$$CBURva00453E60Key@@URva00453E60Value@@@_STL@@@2@@2@U32@ABU?$pair@$$CBURva00453E60Key@@URva00453E60Value@@@2@@Z,nothing defines it (pinned-elsewhere),tools/provider_repair.py,007ae4e6b1
1062,provider,?insert_unique@?$_Rb_tree@URva004631E0Key@@U?$pair@$$CBURva004631E0Key@@URva004631E0Value@@@_STL@@U?$_Select1st@U?$pair@$$CBURva004631E0Key@@URva004631E0Value@@@_STL@@@3@U?$less@URva004631E0Key@@@3@V?$allocator@U?$pair@$$CBURva004631E0Key@@URva004631E0Value@@@_STL@@@3@@_STL@@QAE?AU?$_Rb_tree_iterator@U?$pair@$$CBURva004631E0Key@@URva004631E0Value@@@_STL@@U?$_Nonconst_traits@U?$pair@$$CBURva004631E0Key@@URva004631E0Value@@@_STL@@@2@@2@U32@ABU?$pair@$$CBURva004631E0Key@@URva004631E0Value@@@2@@Z,0x00037AE7,1,31,31,game/GameEngine/Source/Common/Rva004631E0MapInsertBody.cpp,name:?insert_unique@?$_Rb_tree@URva004631E0Key@@U?$pair@$$CBURva004631E0Key@@URva004631E0Value@@@_STL@@U?$_Select1st@U?$pair@$$CBURva004631E0Key@@URva004631E0Value@@@_STL@@@3@U?$less@URva004631E0Key@@@3@V?$allocator@U?$pair@$$CBURva004631E0Key@@URva004631E0Value@@@_STL@@@3@@_STL@@QAE?AU?$_Rb_tree_iterator@U?$pair@$$CBURva004631E0Key@@URva004631E0Value@@@_STL@@U?$_Nonconst_traits@U?$pair@$$CBURva004631E0Key@@URva004631E0Value@@@_STL@@@2@@2@U32@ABU?$pair@$$CBURva004631E0Key@@URva004631E0Value@@@2@@Z,nothing defines it (pinned-elsewhere),tools/provider_repair.py,007ae4e6b1
1063,provider,?insert_unique@?$_Rb_tree@URva00475A90Key@@U?$pair@$$CBURva00475A90Key@@URva00475A90Value@@@_STL@@U?$_Select1st@U?$pair@$$CBURva00475A90Key@@URva00475A90Value@@@_STL@@@3@U?$less@URva00475A90Key@@@3@V?$allocator@U?$pair@$$CBURva00475A90Key@@URva00475A90Value@@@_STL@@@3@@_STL@@QAE?AU?$_Rb_tree_iterator@U?$pair@$$CBURva00475A90Key@@URva00475A90Value@@@_STL@@U?$_Nonconst_traits@U?$pair@$$CBURva00475A90Key@@URva00475A90Value@@@_STL@@@2@@2@U32@ABU?$pair@$$CBURva00475A90Key@@URva00475A90Value@@@2@@Z,0x00017B0C,1,31,31,game/GameEngine/Source/Common/Rva00475A90MapInsertBody.cpp,name:?insert_unique@?$_Rb_tree@URva00475A90Key@@U?$pair@$$CBURva00475A90Key@@URva00475A90Value@@@_STL@@U?$_Select1st@U?$pair@$$CBURva00475A90Key@@URva00475A90Value@@@_STL@@@3@U?$less@URva00475A90Key@@@3@V?$allocator@U?$pair@$$CBURva00475A90Key@@URva00475A90Value@@@_STL@@@3@@_STL@@QAE?AU?$_Rb_tree_iterator@U?$pair@$$CBURva00475A90Key@@URva00475A90Value@@@_STL@@U?$_Nonconst_traits@U?$pair@$$CBURva00475A90Key@@URva00475A90Value@@@_STL@@@2@@2@U32@ABU?$pair@$$CBURva00475A90Key@@URva00475A90Value@@@2@@Z,nothing defines it (pinned-elsewhere),tools/provider_repair.py,007ae4e6b1
1064,provider,?insert_unique@?$_Rb_tree@URva00476770Key@@U?$pair@$$CBURva00476770Key@@URva00476770Value@@@_STL@@U?$_Select1st@U?$pair@$$CBURva00476770Key@@URva00476770Value@@@_STL@@@3@U?$less@URva00476770Key@@@3@V?$allocator@U?$pair@$$CBURva00476770Key@@URva00476770Value@@@_STL@@@3@@_STL@@QAE?AU?$_Rb_tree_iterator@U?$pair@$$CBURva00476770Key@@URva00476770Value@@@_STL@@U?$_Nonconst_traits@U?$pair@$$CBURva00476770Key@@URva00476770Value@@@_STL@@@2@@2@U32@ABU?$pair@$$CBURva00476770Key@@URva00476770Value@@@2@@Z,0x0003335C,1,31,31,game/GameEngine/Source/Common/Rva00476770MapInsertBody.cpp,name:?insert_unique@?$_Rb_tree@URva00476770Key@@U?$pair@$$CBURva00476770Key@@URva00476770Value@@@_STL@@U?$_Select1st@U?$pair@$$CBURva00476770Key@@URva00476770Value@@@_STL@@@3@U?$less@URva00476770Key@@@3@V?$allocator@U?$pair@$$CBURva00476770Key@@URva00476770Value@@@_STL@@@3@@_STL@@QAE?AU?$_Rb_tree_iterator@U?$pair@$$CBURva00476770Key@@URva00476770Value@@@_STL@@U?$_Nonconst_traits@U?$pair@$$CBURva00476770Key@@URva00476770Value@@@_STL@@@2@@2@U32@ABU?$pair@$$CBURva00476770Key@@URva00476770Value@@@2@@Z,nothing defines it (pinned-elsewhere),tools/provider_repair.py,007ae4e6b1
1065,provider,?insert_unique@?$_Rb_tree@URva004767C0Key@@U?$pair@$$CBURva004767C0Key@@URva004767C0Value@@@_STL@@U?$_Select1st@U?$pair@$$CBURva004767C0Key@@URva004767C0Value@@@_STL@@@3@U?$less@URva004767C0Key@@@3@V?$allocator@U?$pair@$$CBURva004767C0Key@@URva004767C0Value@@@_STL@@@3@@_STL@@QAE?AU?$_Rb_tree_iterator@U?$pair@$$CBURva004767C0Key@@URva004767C0Value@@@_STL@@U?$_Nonconst_traits@U?$pair@$$CBURva004767C0Key@@URva004767C0Value@@@_STL@@@2@@2@U32@ABU?$pair@$$CBURva004767C0Key@@URva004767C0Value@@@2@@Z,0x0000FB41,1,31,31,game/GameEngine/Source/Common/Rva004767C0MapInsertBody.cpp,name:?insert_unique@?$_Rb_tree@URva004767C0Key@@U?$pair@$$CBURva004767C0Key@@URva004767C0Value@@@_STL@@U?$_Select1st@U?$pair@$$CBURva004767C0Key@@URva004767C0Value@@@_STL@@@3@U?$less@URva004767C0Key@@@3@V?$allocator@U?$pair@$$CBURva004767C0Key@@URva004767C0Value@@@_STL@@@3@@_STL@@QAE?AU?$_Rb_tree_iterator@U?$pair@$$CBURva004767C0Key@@URva004767C0Value@@@_STL@@U?$_Nonconst_traits@U?$pair@$$CBURva004767C0Key@@URva004767C0Value@@@_STL@@@2@@2@U32@ABU?$pair@$$CBURva004767C0Key@@URva004767C0Value@@@2@@Z,nothing defines it (pinned-elsewhere),tools/provider_repair.py,007ae4e6b1
1066,provider,?insert_unique@?$_Rb_tree@URva0054F8D0Key@@U?$pair@$$CBURva0054F8D0Key@@URva0054F8D0Value@@@_STL@@U?$_Select1st@U?$pair@$$CBURva0054F8D0Key@@URva0054F8D0Value@@@_STL@@@3@U?$less@URva0054F8D0Key@@@3@V?$allocator@U?$pair@$$CBURva0054F8D0Key@@URva0054F8D0Value@@@_STL@@@3@@_STL@@QAE?AU?$_Rb_tree_iterator@U?$pair@$$CBURva0054F8D0Key@@URva0054F8D0Value@@@_STL@@U?$_Nonconst_traits@U?$pair@$$CBURva0054F8D0Key@@URva0054F8D0Value@@@_STL@@@2@@2@U32@ABU?$pair@$$CBURva0054F8D0Key@@URva0054F8D0Value@@@2@@Z,0x00033D5C,1,31,31,game/GameEngine/Source/Common/Rva0054F8D0MapInsertBody.cpp,name:?insert_unique@?$_Rb_tree@URva0054F8D0Key@@U?$pair@$$CBURva0054F8D0Key@@URva0054F8D0Value@@@_STL@@U?$_Select1st@U?$pair@$$CBURva0054F8D0Key@@URva0054F8D0Value@@@_STL@@@3@U?$less@URva0054F8D0Key@@@3@V?$allocator@U?$pair@$$CBURva0054F8D0Key@@URva0054F8D0Value@@@_STL@@@3@@_STL@@QAE?AU?$_Rb_tree_iterator@U?$pair@$$CBURva0054F8D0Key@@URva0054F8D0Value@@@_STL@@U?$_Nonconst_traits@U?$pair@$$CBURva0054F8D0Key@@URva0054F8D0Value@@@_STL@@@2@@2@U32@ABU?$pair@$$CBURva0054F8D0Key@@URva0054F8D0Value@@@2@@Z,nothing defines it (pinned-elsewhere),tools/provider_repair.py,007ae4e6b1
1067,provider,?insert_unique@?$_Rb_tree@URva00614420Key@@U?$pair@$$CBURva00614420Key@@URva00614420Value@@@_STL@@U?$_Select1st@U?$pair@$$CBURva00614420Key@@URva00614420Value@@@_STL@@@3@U?$less@URva00614420Key@@@3@V?$allocator@U?$pair@$$CBURva00614420Key@@URva00614420Value@@@_STL@@@3@@_STL@@QAE?AU?$_Rb_tree_iterator@U?$pair@$$CBURva00614420Key@@URva00614420Value@@@_STL@@U?$_Nonconst_traits@U?$pair@$$CBURva00614420Key@@URva00614420Value@@@_STL@@@2@@2@U32@ABU?$pair@$$CBURva00614420Key@@URva00614420Value@@@2@@Z,0x00046A47,1,31,31,game/GameEngine/Source/Common/Rva00614420MapInsertBody.cpp,name:?insert_unique@?$_Rb_tree@URva00614420Key@@U?$pair@$$CBURva00614420Key@@URva00614420Value@@@_STL@@U?$_Select1st@U?$pair@$$CBURva00614420Key@@URva00614420Value@@@_STL@@@3@U?$less@URva00614420Key@@@3@V?$allocator@U?$pair@$$CBURva00614420Key@@URva00614420Value@@@_STL@@@3@@_STL@@QAE?AU?$_Rb_tree_iterator@U?$pair@$$CBURva00614420Key@@URva00614420Value@@@_STL@@U?$_Nonconst_traits@U?$pair@$$CBURva00614420Key@@URva00614420Value@@@_STL@@@2@@2@U32@ABU?$pair@$$CBURva00614420Key@@URva00614420Value@@@2@@Z,nothing defines it (pinned-elsewhere),tools/provider_repair.py,007ae4e6b1
1068,provider,?insert_unique@?$_Rb_tree@URva00635520Key@@U?$pair@$$CBURva00635520Key@@URva00635520Value@@@_STL@@U?$_Select1st@U?$pair@$$CBURva00635520Key@@URva00635520Value@@@_STL@@@3@U?$less@URva00635520Key@@@3@V?$allocator@U?$pair@$$CBURva00635520Key@@URva00635520Value@@@_STL@@@3@@_STL@@QAE?AU?$_Rb_tree_iterator@U?$pair@$$CBURva00635520Key@@URva00635520Value@@@_STL@@U?$_Nonconst_traits@U?$pair@$$CBURva00635520Key@@URva00635520Value@@@_STL@@@2@@2@U32@ABU?$pair@$$CBURva00635520Key@@URva00635520Value@@@2@@Z,0x0002AE46,1,31,31,game/GameEngine/Source/Common/Rva00635520MapInsertBody.cpp,name:?insert_unique@?$_Rb_tree@URva00635520Key@@U?$pair@$$CBURva00635520Key@@URva00635520Value@@@_STL@@U?$_Select1st@U?$pair@$$CBURva00635520Key@@URva00635520Value@@@_STL@@@3@U?$less@URva00635520Key@@@3@V?$allocator@U?$pair@$$CBURva00635520Key@@URva00635520Value@@@_STL@@@3@@_STL@@QAE?AU?$_Rb_tree_iterator@U?$pair@$$CBURva00635520Key@@URva00635520Value@@@_STL@@U?$_Nonconst_traits@U?$pair@$$CBURva00635520Key@@URva00635520Value@@@_STL@@@2@@2@U32@ABU?$pair@$$CBURva00635520Key@@URva00635520Value@@@2@@Z,nothing defines it (pinned-elsewhere),tools/provider_repair.py,007ae4e6b1
1069,provider,?insert_unique@?$_Rb_tree@URva0065E1F0Key@@U?$pair@$$CBURva0065E1F0Key@@URva0065E1F0Value@@@_STL@@U?$_Select1st@U?$pair@$$CBURva0065E1F0Key@@URva0065E1F0Value@@@_STL@@@3@U?$less@URva0065E1F0Key@@@3@V?$allocator@U?$pair@$$CBURva0065E1F0Key@@URva0065E1F0Value@@@_STL@@@3@@_STL@@QAE?AU?$_Rb_tree_iterator@U?$pair@$$CBURva0065E1F0Key@@URva0065E1F0Value@@@_STL@@U?$_Nonconst_traits@U?$pair@$$CBURva0065E1F0Key@@URva0065E1F0Value@@@_STL@@@2@@2@U32@ABU?$pair@$$CBURva0065E1F0Key@@URva0065E1F0Value@@@2@@Z,0x00030B43,1,31,31,game/GameEngine/Source/Common/Rva0065E1F0MapInsertBody.cpp,name:?insert_unique@?$_Rb_tree@URva0065E1F0Key@@U?$pair@$$CBURva0065E1F0Key@@URva0065E1F0Value@@@_STL@@U?$_Select1st@U?$pair@$$CBURva0065E1F0Key@@URva0065E1F0Value@@@_STL@@@3@U?$less@URva0065E1F0Key@@@3@V?$allocator@U?$pair@$$CBURva0065E1F0Key@@URva0065E1F0Value@@@_STL@@@3@@_STL@@QAE?AU?$_Rb_tree_iterator@U?$pair@$$CBURva0065E1F0Key@@URva0065E1F0Value@@@_STL@@U?$_Nonconst_traits@U?$pair@$$CBURva0065E1F0Key@@URva0065E1F0Value@@@_STL@@@2@@2@U32@ABU?$pair@$$CBURva0065E1F0Key@@URva0065E1F0Value@@@2@@Z,nothing defines it (pinned-elsewhere),tools/provider_repair.py,007ae4e6b1
1070,provider,?insert_unique@?$_Rb_tree@URva00669600Key@@U?$pair@$$CBURva00669600Key@@URva00669600Value@@@_STL@@U?$_Select1st@U?$pair@$$CBURva00669600Key@@URva00669600Value@@@_STL@@@3@U?$less@URva00669600Key@@@3@V?$allocator@U?$pair@$$CBURva00669600Key@@URva00669600Value@@@_STL@@@3@@_STL@@QAE?AU?$_Rb_tree_iterator@U?$pair@$$CBURva00669600Key@@URva00669600Value@@@_STL@@U?$_Nonconst_traits@U?$pair@$$CBURva00669600Key@@URva00669600Value@@@_STL@@@2@@2@U32@ABU?$pair@$$CBURva00669600Key@@URva00669600Value@@@2@@Z,0x00007A4A,1,31,31,game/GameEngine/Source/Common/Rva00669600MapInsertBody.cpp,name:?insert_unique@?$_Rb_tree@URva00669600Key@@U?$pair@$$CBURva00669600Key@@URva00669600Value@@@_STL@@U?$_Select1st@U?$pair@$$CBURva00669600Key@@URva00669600Value@@@_STL@@@3@U?$less@URva00669600Key@@@3@V?$allocator@U?$pair@$$CBURva00669600Key@@URva00669600Value@@@_STL@@@3@@_STL@@QAE?AU?$_Rb_tree_iterator@U?$pair@$$CBURva00669600Key@@URva00669600Value@@@_STL@@U?$_Nonconst_traits@U?$pair@$$CBURva00669600Key@@URva00669600Value@@@_STL@@@2@@2@U32@ABU?$pair@$$CBURva00669600Key@@URva00669600Value@@@2@@Z,nothing defines it (pinned-elsewhere),tools/provider_repair.py,007ae4e6b1
1071,provider,?insert_unique@?$_Rb_tree@URva00690320Key@@U?$pair@$$CBURva00690320Key@@URva00690320Value@@@_STL@@U?$_Select1st@U?$pair@$$CBURva00690320Key@@URva00690320Value@@@_STL@@@3@U?$less@URva00690320Key@@@3@V?$allocator@U?$pair@$$CBURva00690320Key@@URva00690320Value@@@_STL@@@3@@_STL@@QAE?AU?$_Rb_tree_iterator@U?$pair@$$CBURva00690320Key@@URva00690320Value@@@_STL@@U?$_Nonconst_traits@U?$pair@$$CBURva00690320Key@@URva00690320Value@@@_STL@@@2@@2@U32@ABU?$pair@$$CBURva00690320Key@@URva00690320Value@@@2@@Z,0x0003DC21,1,31,31,game/GameEngine/Source/Common/Rva00690320MapInsertBody.cpp,name:?insert_unique@?$_Rb_tree@URva00690320Key@@U?$pair@$$CBURva00690320Key@@URva00690320Value@@@_STL@@U?$_Select1st@U?$pair@$$CBURva00690320Key@@URva00690320Value@@@_STL@@@3@U?$less@URva00690320Key@@@3@V?$allocator@U?$pair@$$CBURva00690320Key@@URva00690320Value@@@_STL@@@3@@_STL@@QAE?AU?$_Rb_tree_iterator@U?$pair@$$CBURva00690320Key@@URva00690320Value@@@_STL@@U?$_Nonconst_traits@U?$pair@$$CBURva00690320Key@@URva00690320Value@@@_STL@@@2@@2@U32@ABU?$pair@$$CBURva00690320Key@@URva00690320Value@@@2@@Z,nothing defines it (pinned-elsewhere),tools/provider_repair.py,007ae4e6b1
1072,provider,?insert_unique@?$_Rb_tree@URva006ACAC0Key@@U?$pair@$$CBURva006ACAC0Key@@URva006ACAC0Value@@@_STL@@U?$_Select1st@U?$pair@$$CBURva006ACAC0Key@@URva006ACAC0Value@@@_STL@@@3@U?$less@URva006ACAC0Key@@@3@V?$allocator@U?$pair@$$CBURva006ACAC0Key@@URva006ACAC0Value@@@_STL@@@3@@_STL@@QAE?AU?$_Rb_tree_iterator@U?$pair@$$CBURva006ACAC0Key@@URva006ACAC0Value@@@_STL@@U?$_Nonconst_traits@U?$pair@$$CBURva006ACAC0Key@@URva006ACAC0Value@@@_STL@@@2@@2@U32@ABU?$pair@$$CBURva006ACAC0Key@@URva006ACAC0Value@@@2@@Z,0x0000F7D6,1,31,31,game/GameEngine/Source/Common/Rva006ACAC0MapInsertBody.cpp,name:?insert_unique@?$_Rb_tree@URva006ACAC0Key@@U?$pair@$$CBURva006ACAC0Key@@URva006ACAC0Value@@@_STL@@U?$_Select1st@U?$pair@$$CBURva006ACAC0Key@@URva006ACAC0Value@@@_STL@@@3@U?$less@URva006ACAC0Key@@@3@V?$allocator@U?$pair@$$CBURva006ACAC0Key@@URva006ACAC0Value@@@_STL@@@3@@_STL@@QAE?AU?$_Rb_tree_iterator@U?$pair@$$CBURva006ACAC0Key@@URva006ACAC0Value@@@_STL@@U?$_Nonconst_traits@U?$pair@$$CBURva006ACAC0Key@@URva006ACAC0Value@@@_STL@@@2@@2@U32@ABU?$pair@$$CBURva006ACAC0Key@@URva006ACAC0Value@@@2@@Z,nothing defines it (pinned-elsewhere),tools/provider_repair.py,007ae4e6b1
1073,data,_bfmeVftVC,0x008E75B0,1,31,31,game/GameEngine/Source/Common/Rva00337720Set.cpp,name:_bfmeVftVC,nothing defines it (data),tools/provider_repair.py data-next,007ae4e6b1
1074,data,?g_bfmeBase1285Vtable@@3DA,0x00D36854,1,31,30,game/GameEngine/Source/Common/Rva008AB8B0BaseConstructor.cpp,name:?g_bfmeBase1285Vtable@@3DA,nothing defines it (data),tools/provider_repair.py data-next,007ae4e6b1
1075,provider,?bfmeCall939G@BfmeSub939G@@QAEXXZ,0x00011900,1,30,54,game/GameEngine/Source/Common/Rva004C5EF0Handle.cpp,name:?bfmeCall939G@BfmeSub939G@@QAEXXZ,nothing defines it (pinned-elsewhere),tools/provider_repair.py,007ae4e6b1
1076,provider,?Rva00519C90Second@@YAXHH@Z,0x0001D561,2,30,30,game/GameEngine/Source/Common/Rva0055BD80Call.cpp; +1 more,name:?Rva00519C90Second@@YAXHH@Z,nothing defines it (pinned-elsewhere),tools/provider_repair.py,007ae4e6b1
1077,data,?_Bfme_classic_locale@_STL@@3PAV_Locale_impl@1@A,0x00F0BCA0,1,30,30,game/Libraries/Source/WWVegas/WWLib/stlport_locale_default_ctor.cpp,name:?_Bfme_classic_locale@_STL@@3PAV_Locale_impl@1@A,nothing defines it (data),tools/provider_repair.py data-next,007ae4e6b1
1078,provider,?bfmeCallDOH@BfmeSubDOH@@QAEXPAVBfmeOtherDOH@@@Z,0x00034045,1,30,30,game/GameEngine/Source/Common/BfmeConv747.cpp,name:?bfmeCallDOH@BfmeSubDOH@@QAEXPAVBfmeOtherDOH@@@Z,nothing defines it (pinned-elsewhere),tools/provider_repair.py,007ae4e6b1
1079,provider,?bfmeCallDPG@BfmeSubDPG@@QAEXPAVBfmeOtherDPG@@@Z,0x000424D3,1,30,30,game/GameEngine/Source/Common/BfmeConv754.cpp,name:?bfmeCallDPG@BfmeSubDPG@@QAEXPAVBfmeOtherDPG@@@Z,nothing defines it (pinned-elsewhere),tools/provider_repair.py,007ae4e6b1
1080,provider,?bfmeDoOU@BfmeThingOU@@QAEXE@Z,0x0003BC23,1,30,30,game/GameEngine/Source/Common/BfmeTwoHundredFiftySix.cpp,name:?bfmeDoOU@BfmeThingOU@@QAEXE@Z,nothing defines it (pinned-elsewhere),tools/provider_repair.py,007ae4e6b1
1081,provider,?bfmeStepBQA@BfmeThingBQA@@QAEXXZ,0x0000F966,1,30,30,game/GameEngine/Source/Common/BfmeConv511.cpp,name:?bfmeStepBQA@BfmeThingBQA@@QAEXXZ,nothing defines it (pinned-elsewhere),tools/provider_repair.py,007ae4e6b1
1082,provider,?classify@Rva005329Classify@@QAEXPAVRva005329C0Obj@@H@Z,0x00047807,1,30,30,game/GameEngine/Source/Common/Rva005329C0Classify.cpp,name:?classify@Rva005329Classify@@QAEXPAVRva005329C0Obj@@H@Z,nothing defines it (pinned-elsewhere),tools/provider_repair.py,007ae4e6b1
1083,data,?g_BFMEIndexBufferDebug@@3PAVBFMEIndexBufferDebugClass@@A,0x00F36E5C,1,30,30,game/GameEngine/Source/Common/Rva002E27F0Forward.cpp,name:?g_BFMEIndexBufferDebug@@3PAVBFMEIndexBufferDebugClass@@A,nothing defines it (data),tools/provider_repair.py data-next,007ae4e6b1
1084,data,?g_bfmeAngleTwoPi@@3MA,0x00C87B10,1,30,30,game/GameEngine/Source/Common/BfmeAngleDelta0079D150.cpp,name:?g_bfmeAngleTwoPi@@3MA,retail code reads the compiler literal __real@40c90fdb there,tools/provider_repair.py data-next,007ae4e6b1
1085,data,?g_sentinel012ADC38@@3IA,0x00EADC38,1,30,30,game/GameEngine/Source/Common/Rva001FC2F0Get.cpp,name:?g_sentinel012ADC38@@3IA,nothing defines it (data),tools/provider_repair.py data-next,007ae4e6b1
1086,provider,?bfmeDoBPF@@YAXPAXPAUBfmeSubBPF@@0@Z,0x00022AB6,1,29,106,game/GameEngine/Source/Common/BfmeConv510.cpp,name:?bfmeDoBPF@@YAXPAXPAUBfmeSubBPF@@0@Z,nothing defines it (pinned-elsewhere),tools/provider_repair.py,007ae4e6b1
1087,provider,?bfmeDoBPB@BfmeSubBPB0064C6C0@@QAEXPAX00@Z,0x00018A9D,1,29,29,game/GameEngine/Source/Common/BfmeConv506Twin0064C6C0.cpp,name:?bfmeDoBPB@BfmeSubBPB0064C6C0@@QAEXPAX00@Z,nothing defines it (pinned-elsewhere),tools/provider_repair.py,007ae4e6b1
1088,provider,?bfmeFindBPA@BfmeThingBPA@@QAEPAUBfmeGotBPA@@PAX@Z,0x0001DB92,1,29,29,game/GameEngine/Source/Common/BfmeConv501.cpp,name:?bfmeFindBPA@BfmeThingBPA@@QAEPAUBfmeGotBPA@@PAX@Z,nothing defines it (pinned-elsewhere),tools/provider_repair.py,007ae4e6b1
1089,provider,?bfmeFindDGE@@YGPAVBfmeSubDGE@@PAX@Z,0x0004446D,1,29,29,game/GameEngine/Source/Common/BfmeConv696.cpp,name:?bfmeFindDGE@@YGPAVBfmeSubDGE@@PAX@Z,nothing defines it (pinned-elsewhere),tools/provider_repair.py,007ae4e6b1
1090,provider,?bfmeOneBPE@BfmeSubBPE@@QAEXXZ,0x000461CD,1,29,29,game/GameEngine/Source/Common/BfmeConv509.cpp,name:?bfmeOneBPE@BfmeSubBPE@@QAEXXZ,nothing defines it (pinned-elsewhere),tools/provider_repair.py,007ae4e6b1
1091,provider,?bfmeSetBPD@BfmeSubBPD@@QAEXPAX@Z,0x00487B60,1,29,29,game/GameEngine/Source/Common/BfmeConv508.cpp,name:?bfmeSetBPD@BfmeSubBPD@@QAEXPAX@Z,nothing defines it (alias),tools/provider_repair.py,007ae4e6b1
1092,provider,?find@AptMovieRegistry@@QAEPAUAptMovieRecord@@ABVAsciiString@@@Z,0x00014D49,1,29,29,game/GameEngine/Source/GameClient/GUI/WindowManager_findAptMovieIndex.cpp,name:?find@AptMovieRegistry@@QAEPAUAptMovieRecord@@ABVAsciiString@@@Z,nothing defines it (pinned-elsewhere),tools/provider_repair.py,007ae4e6b1
1093,provider,?finishOwner@Rva0017AE40Owner@@AAEXXZ,0x000306BB,1,29,29,game/GameEngine/Source/Common/Rva0017AE40Finalize.cpp,name:?finishOwner@Rva0017AE40Owner@@AAEXXZ,nothing defines it (pinned-elsewhere),tools/provider_repair.py,007ae4e6b1
1094,data,?g_Rva0130A5B0@@3PAURva007F0060Allocator@@A,0x00F0A5B0,1,29,29,game/GameEngine/Source/Common/Rva007F0060GlobalRelease.cpp,name:?g_Rva0130A5B0@@3PAURva007F0060Allocator@@A,nothing defines it (data),tools/provider_repair.py data-next,007ae4e6b1
1095,data,?g_bfme929Ptr@@3PAXA,0x00B0A5B0,1,29,29,game/GameEngine/Source/GameNetwork/Rva007EFF10GlobalRelease.cpp,name:?g_bfme929Ptr@@3PAXA,nothing defines it (data),tools/provider_repair.py data-next,007ae4e6b1
1096,data,?g_destroy@@3P6GXPAX@ZA,0x00F590C4,1,29,29,game/GameEngine/Source/Common/CDCCacheDestructor.cpp,name:?g_destroy@@3P6GXPAX@ZA,nothing defines it (data),tools/provider_repair.py data-next,007ae4e6b1
1097,provider,?getObjectIdSlot@BfmeObjectReference@@QAEPAUBfmeObjectIdSlot@@XZ,0x00017436,1,29,29,game/GameEngine/Source/GameLogic/Object/BfmeObjectReferenceResolve.cpp,name:?getObjectIdSlot@BfmeObjectReference@@QAEPAUBfmeObjectIdSlot@@XZ,nothing defines it (pinned-elsewhere),tools/provider_repair.py,007ae4e6b1
1098,provider,?rva000190ABTransform@@YGHH@Z,0x000190AB,1,29,29,game/GameEngine/Source/Common/Rva007E4AA0Threshold.cpp,name:?rva000190ABTransform@@YGHH@Z,nothing defines it (pinned-elsewhere),tools/provider_repair.py,007ae4e6b1
1099,provider,??0?$StringBase@G@@QAE@ABV0@@Z,0x00488400,1,28,98,game/GameEngine/Source/Common/Rva0054D5A0Ctor.cpp,name:??0?$StringBase@G@@QAE@ABV0@@Z,nothing defines it (alias),tools/provider_repair.py,007ae4e6b1
1100,data,?TheScriptDebugWindowDLL@@3PAXA,0x00AF0758,1,28,56,game/GameEngine/Source/GameLogic/ScriptEngine/ScriptEngineForceUnfreezeTime.cpp,name:?TheScriptDebugWindowDLL@@3PAXA,nothing defines it (data),tools/provider_repair.py data-next,007ae4e6b1
1101,data,?Rva007EB710Global@@3PAVRva007EB710Object@@A,0x00F0A5A0,1,28,28,game/GameEngine/Source/GameNetwork/Rva007EB710GlobalRelease.cpp,name:?Rva007EB710Global@@3PAVRva007EB710Object@@A,nothing defines it (data),tools/provider_repair.py data-next,007ae4e6b1
1102,provider,?bfmeFreeBOG@@YAXPAX@Z,0x000126FC,1,28,28,game/GameEngine/Source/Common/BfmeConv505.cpp,name:?bfmeFreeBOG@@YAXPAX@Z,nothing defines it (pinned-elsewhere),tools/provider_repair.py,007ae4e6b1
1103,provider,?bfmeHelpVML@@YAXPAHHHH@Z,0x0001D30E,1,28,28,game/GameEngine/Source/Common/BfmeGrokFwd28.cpp,name:?bfmeHelpVML@@YAXPAHHHH@Z,nothing defines it (pinned-elsewhere),tools/provider_repair.py,007ae4e6b1
1104,provider,?bfmeMakeBOA@@YAPAXPAX@Z,0x0042B8E0,1,28,28,game/GameEngine/Source/Common/BfmeConv500.cpp,name:?bfmeMakeBOA@@YAPAXPAX@Z,nothing defines it (alias),tools/provider_repair.py,007ae4e6b1
1105,provider,?bfmeTailBOC@@YGXH@Z,0x00020509,1,28,28,game/GameEngine/Source/Common/BfmeConv502.cpp,name:?bfmeTailBOC@@YGXH@Z,nothing defines it (pinned-elsewhere),tools/provider_repair.py,007ae4e6b1
1106,data,?g_Va0130A5A0@@3PAVRva007EB830Target@@A,0x00F0A5A0,1,28,28,game/GameEngine/Source/Common/Rva007EB830GlobalRelease.cpp,name:?g_Va0130A5A0@@3PAVRva007EB830Target@@A,nothing defines it (data),tools/provider_repair.py data-next,007ae4e6b1
1107,provider,?initialize@Rva007B12F0Base@@QAEXXZ,0x0000AF38,1,28,28,game/GameEngine/Source/Common/Rva007B1350Ctor.cpp,name:?initialize@Rva007B12F0Base@@QAEXXZ,nothing defines it (pinned-elsewhere),tools/provider_repair.py,007ae4e6b1
1108,provider,?ready@Rva00412010Inner@@QAE_NXZ,0x00019B5F,1,28,28,game/GameEngine/Source/Common/Rva00412010Test.cpp,name:?ready@Rva00412010Inner@@QAE_NXZ,nothing defines it (pinned-elsewhere),tools/provider_repair.py,007ae4e6b1
1109,body,?Set_Force_Visible@RenderObjClass@@UAEXH@Z,0x0091F890,1,27,60,game/GameEngine/Source/Common/Rva0097EAB0VirtualVisibility.cpp,source:game/Libraries/Source/WWVegas/WW3D2/streak.cpp,bytes differ at +0x0 (0x0091F890),tools/probe.py,007ae4e6b1
1110,provider,??0Rva0060FD30Base@@QAE@ABV0@@Z,0x0000FA3D,1,27,27,game/GameEngine/Source/Common/Rva0060FD30Copy.cpp,name:??0Rva0060FD30Base@@QAE@ABV0@@Z,nothing defines it (pinned-elsewhere),tools/provider_repair.py,007ae4e6b1
1111,provider,?bfmeCallFCB@BfmeSubFCB@@QAEXPAXH@Z,0x00043135,1,27,27,game/GameEngine/Source/Common/Rva0020E100ForwardAndFinish.cpp,name:?bfmeCallFCB@BfmeSubFCB@@QAEXPAXH@Z,nothing defines it (pinned-elsewhere),tools/provider_repair.py,007ae4e6b1
1112,provider,?bfmeCopyAudioEvent@Rva00694D10Fields@@QAEXPBX@Z,0x00047B27,1,27,27,game/GameEngine/Source/Common/Rva00694D10AudioEventInitThunk.cpp,name:?bfmeCopyAudioEvent@Rva00694D10Fields@@QAEXPBX@Z,nothing defines it (pinned-elsewhere),tools/provider_repair.py,007ae4e6b1
1113,provider,?bfmeDoBNA@@YGHPAX@Z,0x000294E7,1,27,27,game/GameEngine/Source/Common/BfmeConv494.cpp,name:?bfmeDoBNA@@YGHPAX@Z,nothing defines it (pinned-elsewhere),tools/provider_repair.py,007ae4e6b1
1114,provider,?bfmeDoBNC@BfmeSubBNC@@QAEXPAX0@Z,0x00040412,1,27,27,game/GameEngine/Source/Common/BfmeConv495.cpp,name:?bfmeDoBNC@BfmeSubBNC@@QAEXPAX0@Z,nothing defines it (pinned-elsewhere),tools/provider_repair.py,007ae4e6b1
1115,provider,?bfmeDoBNE@BfmeOuterBNE@@QAEXXZ,0x0004908F,1,27,27,game/GameEngine/Source/Common/BfmeConv496.cpp,name:?bfmeDoBNE@BfmeOuterBNE@@QAEXXZ,nothing defines it (pinned-elsewhere),tools/provider_repair.py,007ae4e6b1
1116,provider,?bfmeMakeBNG@@YAPAXPAX0@Z,0x00002B8F,1,27,27,game/GameEngine/Source/Common/BfmeConv498.cpp,name:?bfmeMakeBNG@@YAPAXPAX0@Z,nothing defines it (pinned-elsewhere),tools/provider_repair.py,007ae4e6b1
1117,provider,?bfmeNotifyDDE@@YAXXZ,0x0000ADFD,1,27,27,game/GameEngine/Source/Common/BfmeConv674.cpp,name:?bfmeNotifyDDE@@YAXXZ,nothing defines it (pinned-elsewhere),tools/provider_repair.py,007ae4e6b1
1118,provider,?bfmeTailBNF@BfmeThingBNF@@QAEXXZ,0x00020B80,1,27,27,game/GameEngine/Source/Common/BfmeConv497.cpp,name:?bfmeTailBNF@BfmeThingBNF@@QAEXXZ,nothing defines it (pinned-elsewhere),tools/provider_repair.py,007ae4e6b1
1119,data,?bfmeTheDEE@@3PAVBfmeGlobalDEE@@A,0x00AF076C,1,27,27,game/GameEngine/Source/Common/BfmeConv681.cpp,name:?bfmeTheDEE@@3PAVBfmeGlobalDEE@@A,nothing defines it (data),tools/provider_repair.py data-next,007ae4e6b1
1120,data,?bfmeTheDEF@@3PAVBfmeGlobalDEF@@A,0x00AF076C,1,27,27,game/GameEngine/Source/Common/BfmeConv682.cpp,name:?bfmeTheDEF@@3PAVBfmeGlobalDEF@@A,nothing defines it (data),tools/provider_repair.py data-next,007ae4e6b1
1121,data,?bfmeTheDEG@@3PAVBfmeGlobalDEG@@A,0x00AF076C,1,27,27,game/GameEngine/Source/Common/BfmeConv683.cpp,name:?bfmeTheDEG@@3PAVBfmeGlobalDEG@@A,nothing defines it (data),tools/provider_repair.py data-next,007ae4e6b1
1122,data,?g_rva003A3E50Audio@@3PAVRva003A3E50Audio@@A,0x00EED668,1,27,27,game/GameEngine/Source/Common/Rva003A3E50Apply.cpp,name:?g_rva003A3E50Audio@@3PAVRva003A3E50Audio@@A,nothing defines it (data),tools/provider_repair.py data-next,007ae4e6b1
1123,data,?g_waypointListHead@@3PAVWaypoint@@A,0x00EEF4D0,1,27,27,game/GameEngine/Source/GameLogic/Map/Rva001A2D50WaypointDrain.cpp,name:?g_waypointListHead@@3PAVWaypoint@@A,nothing defines it (data),tools/provider_repair.py data-next,007ae4e6b1
1124,data,?g_bfmeStringPool1284@@3PAUBfmeStringPool3AF0@@A,0x00F37A30,1,26,537,game/GameEngine/Source/Common/Rva00891AE0ReleaseBlock.cpp,name:?g_bfmeStringPool1284@@3PAUBfmeStringPool3AF0@@A,nothing defines it (data),tools/provider_repair.py data-next,007ae4e6b1
1125,provider,?setWakeFrame@UpdateModule@@IAEXPAVObject@@I@Z,0x000157DA,1,26,55,game/GameEngine/Source/GameLogic/Object/Update/UpdateModule_resetWakeState.cpp,name:?setWakeFrame@UpdateModule@@IAEXPAVObject@@I@Z,nothing defines it (pinned-elsewhere),tools/provider_repair.py,007ae4e6b1
1126,provider,??0RespawnPolicyMember@@QAE@XZ,0x0003747A,1,26,26,game/GameEngine/Source/Common/Rva00281870Ctor.cpp,name:??0RespawnPolicyMember@@QAE@XZ,nothing defines it (pinned-elsewhere),tools/provider_repair.py,007ae4e6b1
1127,provider,??0Rva009F69B1Subobject@@QAE@XZ,0x0002C8E0,1,26,26,game/GameEngine/Source/Common/Rva009F69B1Ctor.cpp,name:??0Rva009F69B1Subobject@@QAE@XZ,nothing defines it (pinned-elsewhere),tools/provider_repair.py,007ae4e6b1
1128,provider,?bfmeBaseBMA@BfmeThingBMA@@QAEXPAX@Z,0x00487B60,1,26,26,game/GameEngine/Source/Common/BfmeConv488.cpp,name:?bfmeBaseBMA@BfmeThingBMA@@QAEXPAX@Z,nothing defines it (alias),tools/provider_repair.py,007ae4e6b1
1129,provider,?bfmeDoBMC@BfmeSubBMC@@QAEXPAUBfmePartBMC@@0@Z,0x00008E68,1,26,26,game/GameEngine/Source/Common/BfmeConv490.cpp,name:?bfmeDoBMC@BfmeSubBMC@@QAEXPAUBfmePartBMC@@0@Z,nothing defines it (pinned-elsewhere),tools/provider_repair.py,007ae4e6b1
1130,provider,?bfmeLen1223@BfmeSub1223@@QAEHXZ,0x0049CC10,1,26,26,game/GameEngine/Source/Common/BfmeConv1223.cpp,name:?bfmeLen1223@BfmeSub1223@@QAEHXZ,nothing defines it (alias),tools/provider_repair.py,007ae4e6b1
1131,provider,?bfmeStepBMB@BfmeThingBMB@@QAEXXZ,0x004FC4C0,1,26,26,game/GameEngine/Source/Common/BfmeConv489.cpp,name:?bfmeStepBMB@BfmeThingBMB@@QAEXXZ,nothing defines it (alias),tools/provider_repair.py,007ae4e6b1
1132,provider,?bfmeTailDBD@BfmeSubDBD@@QAEXPAX@Z,0x00007E50,1,26,26,game/GameEngine/Source/Common/BfmeConv672.cpp,name:?bfmeTailDBD@BfmeSubDBD@@QAEXPAX@Z,nothing defines it (pinned-elsewhere),tools/provider_repair.py,007ae4e6b1
1133,data,?g_Rva001B4980Global@@3PAVRva001B4980Global@@A,0x00EF0898,1,26,26,game/GameEngine/Source/Common/Rva001B4980GlobalOffsetSet.cpp,name:?g_Rva001B4980Global@@3PAVRva001B4980Global@@A,nothing defines it (data),tools/provider_repair.py data-next,007ae4e6b1
1134,data,?g_audio012ED668@@3PAVRva00411C30Audio@@A,0x00EED668,1,26,26,game/GameEngine/Source/Common/Rva00411C30Remove.cpp,name:?g_audio012ED668@@3PAVRva00411C30Audio@@A,nothing defines it (data),tools/provider_repair.py data-next,007ae4e6b1
1135,data,?g_rva01337abc@@3PAVRva00899FC0@@A,0x00F37ABC,1,26,26,game/GameEngine/Source/Common/Rva008A4AA0GuardedGlobal.cpp,name:?g_rva01337abc@@3PAVRva00899FC0@@A,nothing defines it (data),tools/provider_repair.py data-next,007ae4e6b1
1136,bridge,?unlink@Gen_00943CF0@@AAEXPAX@Z,0x00543430,1,26,26,game/Libraries/Source/WWVegas/WW3D2/Small03gUnlinkGuard.cpp,name:?unlink@Gen_00943CF0@@AAEXPAX@Z,nothing defines it (dump),tools/next_work.py,007ae4e6b1
1137,data,_bfmeVftUA,0x008E7524,1,26,26,game/GameEngine/Source/Common/BfmeThreeHundredFiftyTwo.cpp,name:_bfmeVftUA,nothing defines it (data),tools/provider_repair.py data-next,007ae4e6b1
1138,bridge,_d_0088d240,0x0048D240,1,26,26,game/Libraries/Source/debug/Rva00889760.cpp,name:_d_0088d240,nothing defines it (dump),tools/next_work.py,007ae4e6b1
1139,body,?testSetAndClear@?$BitFlags@$0HE@@@QBE_NABV1@0@Z,0x000E9910,1,25,259,game/GameEngine/Source/GameLogic/Object/PartitionFilterRejectByKindOf.cpp,source:game/GameEngine/Source/Common/RTS/Team.cpp,bytes differ at +0x2 (0x000E9912),tools/probe.py,007ae4e6b1
1140,data,?Rva008A30A0ReleasePtr@@3P6AXPAX@ZA,0x00F3782C,1,25,150,game/Libraries/Source/Apt/AptValue/Rva008A30A0ReleaseClear.cpp,name:?Rva008A30A0ReleasePtr@@3P6AXPAX@ZA,nothing defines it (data),tools/provider_repair.py data-next,007ae4e6b1
1141,data,?TheEmptyString@@3VAsciiString@@A,0x00F36E50,1,25,25,game/GameEngine/Source/Common/Rva000E0AD0Get.cpp,name:?TheEmptyString@@3VAsciiString@@A,nothing defines it (data),tools/provider_repair.py data-next,007ae4e6b1
1142,provider,?bfmeDoBLA@@YGXH@Z,0x00012878,1,25,25,game/GameEngine/Source/Common/BfmeConv479.cpp,name:?bfmeDoBLA@@YGXH@Z,nothing defines it (pinned-elsewhere),tools/provider_repair.py,007ae4e6b1
1143,provider,?bfmeDoBLB@@YGXPAXPAD@Z,0x0003FAEE,1,25,25,game/GameEngine/Source/Common/BfmeConv483.cpp,name:?bfmeDoBLB@@YGXPAXPAD@Z,nothing defines it (pinned-elsewhere),tools/provider_repair.py,007ae4e6b1
1144,provider,?bfmeDoBLF@@YAXPAUBfmeSubBLF@@PAXH@Z,0x005F70BA,1,25,25,game/GameEngine/Source/Common/BfmeConv487.cpp,name:?bfmeDoBLF@@YAXPAUBfmeSubBLF@@PAXH@Z,nothing defines it (alias),tools/provider_repair.py,007ae4e6b1
1145,provider,?bfmeFinishZG@BfmeEntryZG@@QAEXPAX_N@Z,0x0003FE09,1,25,25,game/GameEngine/Source/Common/BfmeConv2108.cpp,name:?bfmeFinishZG@BfmeEntryZG@@QAEXPAX_N@Z,nothing defines it (pinned-elsewhere),tools/provider_repair.py,007ae4e6b1
1146,provider,?bfmeTailDBE@@YAHPAUBfmeThingDBE@@@Z,0x00472810,1,25,25,game/GameEngine/Source/Common/BfmeConv673.cpp,name:?bfmeTailDBE@@YAHPAUBfmeThingDBE@@@Z,nothing defines it (alias),tools/provider_repair.py,007ae4e6b1
1147,data,?g_01075954@@3MA,0x00C75954,1,25,25,game/GameEngine/Source/Common/Rva0045B7D0ScaledForwarder.cpp,name:?g_01075954@@3MA,retail code reads the compiler literal __real@3c8efa35 there,tools/provider_repair.py data-next,007ae4e6b1
1148,provider,?handle@Callee0049AB20@@QAEXPAXHH@Z,0x0009A8F0,1,25,25,game/GameEngine/Source/Common/Bfme/Rva0049AB20Forward.cpp,name:?handle@Callee0049AB20@@QAEXPAXHH@Z,nothing defines it (alias),tools/provider_repair.py,007ae4e6b1
1149,bridge,?rva008AF650Implementation@@YAXHHH@Z,0x004AF650,1,25,25,game/GameEngine/Source/Common/Rva008C3E70CallAdapter.cpp,name:?rva008AF650Implementation@@YAXHHH@Z,nothing defines it (dump),tools/next_work.py,007ae4e6b1
1150,body,?set@Rva007F0210@@QAEAAV1@HH@Z,0x007F0210,1,25,25,game/GameEngine/Source/Common/Rva007F0210Set.cpp,source:game/GameEngine/Source/Common/Rva007F0210Set.cpp,"unrelocated address 0x0107301C (a ledger row, pin or placed ",tools/probe.py,007ae4e6b1
1151,import,__imp_?bfmeFreeUXB@@YAXPAX@Z,0x00B593A0,1,25,25,game/GameEngine/Source/Common/SmallGaps/Rva008792A0CloseFile.cpp,name:__imp_?bfmeFreeUXB@@YAXPAX@Z,nothing defines it (import),tools/import_binding.py,007ae4e6b1
1152,provider,?bfmeDoBKA@@YAXPAXH@Z,0x004FE0E0,1,24,24,game/GameEngine/Source/Common/BfmeConv475.cpp,name:?bfmeDoBKA@@YAXPAXH@Z,nothing defines it (alias),tools/provider_repair.py,007ae4e6b1
1153,provider,?bfmeDoBKC@BfmeSubBKC@@QAEXPAXH@Z,0x00033433,1,24,24,game/GameEngine/Source/Common/ExperienceLevelModelConditionState.cpp,name:?bfmeDoBKC@BfmeSubBKC@@QAEXPAXH@Z,nothing defines it (pinned-elsewhere),tools/provider_repair.py,007ae4e6b1
1154,bridge,?bfmeOneBKF@BfmePartBKF@@QAEXXZ,0x0050DF10,1,24,24,game/GameEngine/Source/Common/BfmeConv481.cpp,name:?bfmeOneBKF@BfmePartBKF@@QAEXXZ,nothing defines it (dump),tools/next_work.py,007ae4e6b1
1155,data,?g_bfmeClockBN@@3PAURva0016D560GameLogic@@A,0x00EF0898,1,24,24,game/GameEngine/Source/Common/Rva0016D560FrameStamp.cpp,name:?g_bfmeClockBN@@3PAURva0016D560GameLogic@@A,nothing defines it (data),tools/provider_repair.py data-next,007ae4e6b1
1156,data,?g_bfmeObjEDC@@3PAVBfmeObjEDC@@A,0x00AF7FE0,1,24,24,game/GameEngine/Source/Common/BfmeConv806.cpp,name:?g_bfmeObjEDC@@3PAVBfmeObjEDC@@A,nothing defines it (data),tools/provider_repair.py data-next,007ae4e6b1
1157,bridge,?bfmeCallEMA@@YAXPAXPAUBfmeThingEMA@@PAUBfmeSubEMA@@@Z,0x0036E4F0,1,23,49,game/GameEngineDevice/Source/W3DDevice/GameClient/Drawable/Draw/ParseParticleSysBone.cpp,name:?bfmeCallEMA@@YAXPAXPAUBfmeThingEMA@@PAUBfmeSubEMA@@@Z,nothing defines it (dump),tools/next_work.py,007ae4e6b1
1158,provider,?_M_range_initialize@?$basic_string@DV?$char_traits@D@_STL@@V?$allocator@D@2@@_STL@@AAEXPBD0ABUforward_iterator_tag@2@@Z,0x0002648B,1,23,23,game/Libraries/Source/WWVegas/WWLib/stlport_narrow_string_copy_ctor.cpp,name:?_M_range_initialize@?$basic_string@DV?$char_traits@D@_STL@@V?$allocator@D@2@@_STL@@AAEXPBD0ABUforward_iterator_tag@2@@Z,nothing defines it (pinned-elsewhere),tools/provider_repair.py,007ae4e6b1
1159,provider,?bfmeAskBJA@BfmeThingBJA@@QAE_NXZ,0x0002D538,1,23,23,game/GameEngine/Source/Common/BfmeConv468.cpp,name:?bfmeAskBJA@BfmeThingBJA@@QAE_NXZ,nothing defines it (pinned-elsewhere),tools/provider_repair.py,007ae4e6b1
1160,provider,?bfmeAskBJB@BfmeThingBJB@@QAE_NXZ,0x0002D538,1,23,23,game/GameEngine/Source/Common/BfmeConv472.cpp,name:?bfmeAskBJB@BfmeThingBJB@@QAE_NXZ,nothing defines it (pinned-elsewhere),tools/provider_repair.py,007ae4e6b1
1161,provider,?bfmeDoBJC@BfmeSubBJC@@QAEXPAX@Z,0x0001ABD1,1,23,23,game/GameEngine/Source/Common/BfmeConv474.cpp,name:?bfmeDoBJC@BfmeSubBJC@@QAEXPAX@Z,nothing defines it (pinned-elsewhere),tools/provider_repair.py,007ae4e6b1
1162,provider,?bfmeDoBJF@BfmeSubBJF@@QAEXPAX0H@Z,0x00006C58,1,23,23,game/GameEngine/Source/Common/BfmeConv477.cpp,name:?bfmeDoBJF@BfmeSubBJF@@QAEXPAX0H@Z,nothing defines it (pinned-elsewhere),tools/provider_repair.py,007ae4e6b1
1163,bridge,?d_009a5620@@YAXXZ,0x009A5620,1,23,23,game/GameEngine/Source/Common/Rva009A5800Forward.cpp,source:game/gen_asm/d_0099d0c0.asm,unrelocated call at +0xE leaves its section (not movable),tools/next_work.py,007ae4e6b1
1164,data,?g_Rva00789720Table@@3PAPAXA,0x00D26CB0,1,23,23,game/GameEngine/Source/Common/Q2ScatteredFieldConstructor.cpp,name:?g_Rva00789720Table@@3PAPAXA,nothing defines it (data),tools/provider_repair.py data-next,007ae4e6b1
1165,data,?g_Rva012F0898@@3PAVRva0020D830Nested@@A,0x00EF0898,1,23,23,game/GameEngine/Source/Common/Rva0020D830NestedSum.cpp,name:?g_Rva012F0898@@3PAVRva0020D830Nested@@A,nothing defines it (data),tools/provider_repair.py data-next,007ae4e6b1
1166,provider,?initializeRva006B3C50@@YGXPAX@Z,0x0004AC82,1,23,23,game/GameEngine/Source/Common/Rva006B3C50Reset.cpp,name:?initializeRva006B3C50@@YGXPAX@Z,nothing defines it (pinned-elsewhere),tools/provider_repair.py,007ae4e6b1
1167,provider,?Gen0082E5F0@@YAXPAXI@Z,0x0042E5F0,1,22,22,game/GameEngine/Source/Common/Rva0069C710SmallRelease.cpp,name:?Gen0082E5F0@@YAXPAXI@Z,nothing defines it (alias),tools/provider_repair.py,007ae4e6b1
1168,provider,?addAudioEventEx@AudioManager@@QAEIPBVAudioEventRTS@@HHH@Z,0x00020B08,1,22,22,game/GameEngine/Source/Common/Audio/AudioManagerRva006B9A80.cpp,name:?addAudioEventEx@AudioManager@@QAEIPBVAudioEventRTS@@HHH@Z,nothing defines it (pinned-elsewhere),tools/provider_repair.py,007ae4e6b1
1169,provider,?bfmeAskBIC@BfmeSubBIC@@QAEHXZ,0x0002CA61,1,22,22,game/GameEngine/Source/Common/BfmeConv470.cpp,name:?bfmeAskBIC@BfmeSubBIC@@QAEHXZ,nothing defines it (pinned-elsewhere),tools/provider_repair.py,007ae4e6b1
1170,provider,?bfmeDoBID@BfmeSubBID@@QAEXPAX@Z,0x0002F333,1,22,22,game/GameEngine/Source/Common/BfmeConv471.cpp,name:?bfmeDoBID@BfmeSubBID@@QAEXPAX@Z,nothing defines it (pinned-elsewhere),tools/provider_repair.py,007ae4e6b1
1171,provider,?bfmeFreeBIB@@YAXPAXI@Z,0x0042E5F0,1,22,22,game/GameEngine/Source/Common/BfmeConv469.cpp,name:?bfmeFreeBIB@@YAXPAXI@Z,nothing defines it (alias),tools/provider_repair.py,007ae4e6b1
1172,provider,?bfmeMakeBIF@BfmeSubBIF@@QAEPAPAXPAX@Z,0x000100A0,1,22,22,game/GameEngine/Source/Common/BfmeConv473.cpp,name:?bfmeMakeBIF@BfmeSubBIF@@QAEPAPAXPAX@Z,nothing defines it (pinned-elsewhere),tools/provider_repair.py,007ae4e6b1
1173,provider,?bfmeTailDDA@BfmeSubDDA@@QAEHXZ,0x0002E37A,1,22,22,game/GameEngine/Source/Common/BfmeConv664.cpp,name:?bfmeTailDDA@BfmeSubDDA@@QAEHXZ,nothing defines it (pinned-elsewhere),tools/provider_repair.py,007ae4e6b1
1174,provider,?bfmeTailDDB@BfmeSubDDB@@QAEHXZ,0x0002E37A,1,22,22,game/GameEngine/Source/Common/BfmeConv665.cpp,name:?bfmeTailDDB@BfmeSubDDB@@QAEHXZ,nothing defines it (pinned-elsewhere),tools/provider_repair.py,007ae4e6b1
1175,provider,?invoke@Rva00341C70@@QAE?AURva00343EB0Result@@PBX@Z,0x00341C70,1,22,22,game/Libraries/Source/STLport/Rva00343EB0.cpp,name:?invoke@Rva00341C70@@QAE?AURva00343EB0Result@@PBX@Z,nothing defines it (alias),tools/provider_repair.py,007ae4e6b1
1176,provider,?Rva009C9CE0Target@@YAXXZ,0x005C9CE0,1,21,21,game/GameEngine/Source/Common/System/Rva009CA440ArchiveTreeLowerBound.cpp,name:?Rva009C9CE0Target@@YAXXZ,nothing defines it (alias),tools/provider_repair.py,007ae4e6b1
1177,provider,?bfmeDoBHA@BfmeThingBHA@@QAEXPAXH@Z,0x000157DA,1,21,21,game/GameEngine/Source/Common/BfmeConv457.cpp,name:?bfmeDoBHA@BfmeThingBHA@@QAEXPAXH@Z,nothing defines it (pinned-elsewhere),tools/provider_repair.py,007ae4e6b1
1178,provider,?bfmeDoBHE@BfmeSubBHE@@QAEXXZ,0x0000F15F,1,21,21,game/GameEngine/Source/Common/BfmeConv464.cpp,name:?bfmeDoBHE@BfmeSubBHE@@QAEXXZ,nothing defines it (pinned-elsewhere),tools/provider_repair.py,007ae4e6b1
1179,provider,?bfmeFindBHF@BfmeSubBHF@@QAEPAUBfmeGotBHF@@XZ,0x00046538,1,21,21,game/GameEngine/Source/Common/BfmeConv465.cpp,name:?bfmeFindBHF@BfmeSubBHF@@QAEPAUBfmeGotBHF@@XZ,nothing defines it (pinned-elsewhere),tools/provider_repair.py,007ae4e6b1
1180,provider,?bfmeG@BfmeList2F260@@QAEXHH@Z,0x0002818C,1,21,21,game/GameEngine/Source/Common/Rva0022F260Fwd.cpp,name:?bfmeG@BfmeList2F260@@QAEXHH@Z,nothing defines it (pinned-elsewhere),tools/provider_repair.py,007ae4e6b1
1181,provider,?bfmeStepBGG@BfmeThingBGG@@QAEXXZ,0x00015E0B,1,21,21,game/GameEngine/Source/Common/BfmeConv462.cpp,name:?bfmeStepBGG@BfmeThingBGG@@QAEXXZ,nothing defines it (pinned-elsewhere),tools/provider_repair.py,007ae4e6b1
1182,provider,?find@Rva000F72B0AsciiHash@@QAEHABVAsciiString@@@Z,0x000043FE,1,21,21,game/GameEngine/Source/Common/Rva000F72B0AsciiHashContains.cpp,name:?find@Rva000F72B0AsciiHash@@QAEHABVAsciiString@@@Z,nothing defines it (pinned-elsewhere),tools/provider_repair.py,007ae4e6b1
1183,data,?g_bfmeSinkBHD@@3PAVBfmeSinkBHD@@A,0x00AED668,1,21,21,game/GameEngine/Source/Common/BfmeConv463.cpp,name:?g_bfmeSinkBHD@@3PAVBfmeSinkBHD@@A,nothing defines it (data),tools/provider_repair.py data-next,007ae4e6b1
1184,data,?g_rva002C8790Audio@@3PAVRva002C8790Audio@@A,0x00EED668,1,21,21,game/GameEngine/Source/Common/Rva002C8790Apply.cpp,name:?g_rva002C8790Audio@@3PAVRva002C8790Audio@@A,nothing defines it (data),tools/provider_repair.py data-next,007ae4e6b1
1185,body,?invoke@Rva0088D910Object@@QAEPAV1@H@Z,0x0088D910,1,21,21,game/GameEngine/Source/Common/Rva0088D910VirtualDispatch.cpp,source:game/GameEngine/Source/Common/Rva0088D910VirtualDispatch.cpp,"unrelocated address 0x0107301C (a ledger row, pin or placed ",tools/probe.py,007ae4e6b1
1186,body,?invoke@Rva0088D930Object@@QAEPAV1@H@Z,0x0088D930,1,21,21,game/GameEngine/Source/Common/Rva0088D930VirtualDispatch.cpp,source:game/GameEngine/Source/Common/Rva0088D930VirtualDispatch.cpp,unrelocated in-image immediate 0x01134280 in `push 0x1134280,tools/probe.py,007ae4e6b1
1187,provider,?releaseBuffer@BFMERetailAsciiString@@AAEXXZ,0x00887940,2,21,21,game/GameEngine/Source/Common/Rva0042F160Release.cpp; +1 more,name:?releaseBuffer@BFMERetailAsciiString@@AAEXXZ,nothing defines it (alias),tools/provider_repair.py,007ae4e6b1
1188,import,__imp__rva007e5820_import@16,0x00F58EBC,1,21,21,game/GameEngine/Source/Common/Rva007E5820ImportCall.cpp,name:__imp__rva007e5820_import@16,nothing defines it (import),tools/import_binding.py,007ae4e6b1
1189,data,?g_bfmeDefaultString1284@@3UBfmeStringData3AF0@@A,0x00ED5298,1,20,37,game/GameEngine/Source/Common/Rva00891B00StringAccessors.cpp,name:?g_bfmeDefaultString1284@@3UBfmeStringData3AF0@@A,nothing defines it (data),tools/provider_repair.py data-next,007ae4e6b1
1190,provider,?bfmeCallDSP@BfmeOwnerDSP@@QAEXPAX@Z,0x0003DB77,1,20,20,game/GameEngine/Source/Common/BfmeConv775.cpp,name:?bfmeCallDSP@BfmeOwnerDSP@@QAEXPAX@Z,nothing defines it (pinned-elsewhere),tools/provider_repair.py,007ae4e6b1
1191,provider,?bfmeDoBGB@BfmeSubBGB@@QAEXHH@Z,0x00014506,1,20,20,game/GameEngine/Source/Common/BfmeConv458.cpp,name:?bfmeDoBGB@BfmeSubBGB@@QAEXHH@Z,nothing defines it (pinned-elsewhere),tools/provider_repair.py,007ae4e6b1
1192,provider,?bfmeDoBGD@BfmeSinkBGD@@QAEXPAUBfmePartBGD@@0@Z,0x0003C2E5,1,20,20,game/GameEngine/Source/Common/BfmeConv460.cpp,name:?bfmeDoBGD@BfmeSinkBGD@@QAEXPAUBfmePartBGD@@0@Z,nothing defines it (pinned-elsewhere),tools/provider_repair.py,007ae4e6b1
1193,provider,?helper@@YGXPAH@Z,0x003EA0A0,1,20,20,game/GameEngine/Source/Common/forwardSentinel.cpp,name:?helper@@YGXPAH@Z,nothing defines it (alias),tools/provider_repair.py,007ae4e6b1
1194,provider,?rva0010ea60@Rva0010F100Receiver@@QAEXPAX0@Z,0x00036917,1,20,20,game/GameEngine/Source/Common/System/SaveGame/Rva0010F100CallbackForward.cpp,name:?rva0010ea60@Rva0010F100Receiver@@QAEXPAX0@Z,nothing defines it (pinned-elsewhere),tools/provider_repair.py,007ae4e6b1
1195,provider,?rva0010fe90@Rva00110790Receiver@@QAEXPAX0@Z,0x0001F546,1,20,20,game/GameEngine/Source/GameLogic/Object/Rva00110790CallbackForward.cpp,name:?rva0010fe90@Rva00110790Receiver@@QAEXPAX0@Z,nothing defines it (pinned-elsewhere),tools/provider_repair.py,007ae4e6b1
1196,bridge,?rva006F83F0@Rva006F8700Owner@@QAEHPAXH00@Z,0x002F83F0,1,20,20,game/GameEngineDevice/Source/W3DDevice/GameClient/Rva006F8700.cpp,name:?rva006F83F0@Rva006F8700Owner@@QAEHPAXH00@Z,nothing defines it (dump),tools/next_work.py,007ae4e6b1
1197,provider,_gameTextRelease,0x00481EF0,2,20,20,game/GameEngine/Source/Common/Rva00061BD0Release.cpp; +1 more,name:_gameTextRelease,nothing defines it (alias),tools/provider_repair.py,007ae4e6b1
1198,provider,?getInt@Rva007E8810Message@@QAEHPBDH@Z,0x003E8900,1,19,370,game/GameEngine/Source/GameNetwork/Rva007F51B0GameKeyRecord.cpp,name:?getInt@Rva007E8810Message@@QAEHPBDH@Z,nothing defines it (alias),tools/provider_repair.py,007ae4e6b1
1199,provider,?bfmeAskBFD@BfmeSubBFD@@QAE_NXZ,0x00048928,1,19,19,game/GameEngine/Source/Common/BfmeConv453.cpp,name:?bfmeAskBFD@BfmeSubBFD@@QAE_NXZ,nothing defines it (pinned-elsewhere),tools/provider_repair.py,007ae4e6b1
1200,provider,?bfmeDoBGC@BfmeSubBGC@@QAEXPAX@Z,0x000068B1,1,19,19,game/GameEngine/Source/Common/BfmeConv459.cpp,name:?bfmeDoBGC@BfmeSubBGC@@QAEXPAX@Z,nothing defines it (pinned-elsewhere),tools/provider_repair.py,007ae4e6b1
1201,provider,?bfmeStepBFF@BfmeSubBFF@@QAEXXZ,0x00488840,1,19,19,game/GameEngine/Source/Common/BfmeConv454.cpp,name:?bfmeStepBFF@BfmeSubBFF@@QAEXXZ,nothing defines it (alias),tools/provider_repair.py,007ae4e6b1
1202,provider,?bfmeStepBFH@BfmeThingBFH@@QAEXXZ,0x00025EFF,1,19,19,game/GameEngine/Source/Common/BfmeConv456.cpp,name:?bfmeStepBFH@BfmeThingBFH@@QAEXXZ,nothing defines it (pinned-elsewhere),tools/provider_repair.py,007ae4e6b1
1203,provider,?bfmeTailBFG@BfmeThingBFG@@QAEXXZ,0x000286A0,1,19,19,game/GameEngine/Source/Common/BfmeConv455.cpp,name:?bfmeTailBFG@BfmeThingBFG@@QAEXXZ,nothing defines it (pinned-elsewhere),tools/provider_repair.py,007ae4e6b1
1204,data,?g_Rva002E2B50Global@@3PAVRva002E2B50Global@@A,0x00EF060C,1,19,19,game/GameEngine/Source/Common/Rva002E2B50GlobalFlag.cpp,name:?g_Rva002E2B50Global@@3PAVRva002E2B50Global@@A,nothing defines it (data),tools/provider_repair.py data-next,007ae4e6b1
1205,data,?g_Rva002F0DF0Global@@3PAVRva002F0DF0Global@@A,0x00EF1464,1,19,19,game/GameEngine/Source/Common/Rva002F0DF0GlobalByteStore.cpp,name:?g_Rva002F0DF0Global@@3PAVRva002F0DF0Global@@A,nothing defines it (data),tools/provider_repair.py data-next,007ae4e6b1
1206,provider,?b_001bf2a0@@YAXXZ,0x001BF2A0,1,18,18,game/GameEngine/Source/Common/Rva001BF2E0SetAndNotify.cpp,name:?b_001bf2a0@@YAXXZ,nothing defines it (alias),tools/provider_repair.py,007ae4e6b1
1207,provider,?b_0026ec30@@YAXXZ,0x0026EC30,1,18,18,game/GameEngine/Source/Common/Rva0016C2E0LocomotorCall.cpp,name:?b_0026ec30@@YAXXZ,nothing defines it (alias),tools/provider_repair.py,007ae4e6b1
1208,provider,?bfmeAskBEB@BfmeSubBEB@@QAE_NXZ,0x00034211,1,18,18,game/GameEngine/Source/Common/BfmeConv445.cpp,name:?bfmeAskBEB@BfmeSubBEB@@QAE_NXZ,nothing defines it (pinned-elsewhere),tools/provider_repair.py,007ae4e6b1
1209,provider,?bfmeCallDSC@@YGHPAX@Z,0x00027471,1,18,18,game/GameEngine/Source/Common/BfmeConv769.cpp,name:?bfmeCallDSC@@YGHPAX@Z,nothing defines it (pinned-elsewhere),tools/provider_repair.py,007ae4e6b1
1210,bridge,?bfmeCallDSD@@YGDPAX@Z,0x004365B0,1,18,18,game/GameEngine/Source/Common/BfmeConv770.cpp,name:?bfmeCallDSD@@YGDPAX@Z,nothing defines it (dump),tools/next_work.py,007ae4e6b1
1211,provider,?bfmeFindBEC@BfmeSubBEC@@QAEPAVBfmeGotBEC@@XZ,0x0000F498,1,18,18,game/GameEngine/Source/Common/BfmeConv448.cpp,name:?bfmeFindBEC@BfmeSubBEC@@QAEPAVBfmeGotBEC@@XZ,nothing defines it (pinned-elsewhere),tools/provider_repair.py,007ae4e6b1
1212,provider,?bfmeStopBEH@BfmeThingBEH@@QAEXXZ,0x000193CB,1,18,18,game/GameEngine/Source/Common/BfmeConv451.cpp,name:?bfmeStopBEH@BfmeThingBEH@@QAEXXZ,nothing defines it (pinned-elsewhere),tools/provider_repair.py,007ae4e6b1
1213,provider,?bfmeTailBED@BfmeThingBED@@QAEXXZ,0x00012C6F,1,18,18,game/GameEngine/Source/Common/BfmeConv449.cpp,name:?bfmeTailBED@BfmeThingBED@@QAEXXZ,nothing defines it (pinned-elsewhere),tools/provider_repair.py,007ae4e6b1
1214,provider,?bfmeTailDSB@BfmeThingDSB@@QAE_NXZ,0x0002FE05,1,18,18,game/GameEngine/Source/Common/BfmeConv768.cpp,name:?bfmeTailDSB@BfmeThingDSB@@QAE_NXZ,nothing defines it (pinned-elsewhere),tools/provider_repair.py,007ae4e6b1
1215,data,?g_rva002B6A60Audio@@3PAVRva002B6A60Audio@@A,0x00EED668,1,18,18,game/GameEngine/Source/Common/Rva002B6A60Apply.cpp,name:?g_rva002B6A60Audio@@3PAVRva002B6A60Audio@@A,nothing defines it (data),tools/provider_repair.py data-next,007ae4e6b1
1216,data,?g_rva002B9EA0Audio@@3PAVRva002B9EA0Audio@@A,0x00EED668,1,18,18,game/GameEngine/Source/Common/Rva002B9EA0Apply.cpp,name:?g_rva002B9EA0Audio@@3PAVRva002B9EA0Audio@@A,nothing defines it (data),tools/provider_repair.py data-next,007ae4e6b1
1217,data,?g_rva006BC6C0Target@@3PAVRva006BC6C0Target@@A,0x00EF8058,1,18,18,game/GameEngine/Source/Common/Rva006BC6C0Apply.cpp,name:?g_rva006BC6C0Target@@3PAVRva006BC6C0Target@@A,nothing defines it (data),tools/provider_repair.py data-next,007ae4e6b1
1218,data,?g_rva006E6CC0Target@@3PAVRva006E6CC0Target@@A,0x00EF12CC,1,18,18,game/GameEngine/Source/Common/Rva006E6CC0Apply.cpp,name:?g_rva006E6CC0Target@@3PAVRva006E6CC0Target@@A,nothing defines it (data),tools/provider_repair.py data-next,007ae4e6b1
1219,provider,?handle@Gen000107D5@@QAEXH@Z,0x000107D5,1,18,18,game/GameEngine/Source/Common/Rva000C9770Wrap.cpp,name:?handle@Gen000107D5@@QAEXH@Z,nothing defines it (pinned-elsewhere),tools/provider_repair.py,007ae4e6b1
1220,body,?initialize@Rva000B5190TwoFieldInitializer@@QAEPAXH@Z,0x000B5190,1,18,18,game/GameEngine/Source/Common/Rva000B5190TwoFieldInitializer.cpp,source:game/GameEngine/Source/Common/Rva000B5190TwoFieldInitializer.cpp,"unrelocated address 0x010817AC (a ledger row, pin or placed ",tools/probe.py,007ae4e6b1
1221,import,__imp__gfree,0x00F593D4,1,18,18,game/GameEngine/Source/Common/Rva0005D7E0ListDtor.cpp,name:__imp__gfree,nothing defines it (import),tools/import_binding.py,007ae4e6b1
1222,provider,?_bfme_slotIsLocalOrLive@ConnectionManager@@QAE_NH@Z,0x0001F136,1,17,74,game/GameEngine/Source/GameNetwork/Network_slotIsLocalOrLive.cpp,name:?_bfme_slotIsLocalOrLive@ConnectionManager@@QAE_NH@Z,nothing defines it (pinned-elsewhere),tools/provider_repair.py,007ae4e6b1
1223,data,?g_Va0133F420@@3HA,0x00F3F420,1,17,23,game/GameEngine/Source/Common/Rva0095C7F0Initialize.cpp,name:?g_Va0133F420@@3HA,nothing defines it (data),tools/provider_repair.py data-next,007ae4e6b1
1224,provider,?begin@Rva006925D0Wrapper@@QAEXPAX@Z,0x002922E0,1,17,17,game/GameEngine/Source/Common/Rva006925D0Forward.cpp,name:?begin@Rva006925D0Wrapper@@QAEXPAX@Z,nothing defines it (alias),tools/provider_repair.py,007ae4e6b1
1225,provider,?bfmeAskBEE@BfmeThingBEE@@QAE_NXZ,0x000042BE,1,17,17,game/GameEngine/Source/Common/BfmeConv450.cpp,name:?bfmeAskBEE@BfmeThingBEE@@QAE_NXZ,nothing defines it (pinned-elsewhere),tools/provider_repair.py,007ae4e6b1
1226,provider,?bfmeDoBDF@@YAXPAX0@Z,0x00041164,1,17,17,game/GameEngine/Source/Common/BfmeConv446.cpp,name:?bfmeDoBDF@@YAXPAX0@Z,nothing defines it (pinned-elsewhere),tools/provider_repair.py,007ae4e6b1
1227,provider,?bfmeDoBDG@BfmeThingBDG@@QAEXXZ,0x0003FE5E,1,17,17,game/GameEngine/Source/Common/BfmeConv447.cpp,name:?bfmeDoBDG@BfmeThingBDG@@QAEXXZ,nothing defines it (pinned-elsewhere),tools/provider_repair.py,007ae4e6b1
1228,provider,?bfmeRunBDC@BfmeInnerBDC@@QAEXXZ,0x0003436A,1,17,17,game/GameEngine/Source/Common/BfmeConv444.cpp,name:?bfmeRunBDC@BfmeInnerBDC@@QAEXXZ,nothing defines it (pinned-elsewhere),tools/provider_repair.py,007ae4e6b1
1229,provider,?bfmeTailDSA@BfmeThingDSA@@QAEPAXPAX@Z,0x000294E7,1,17,17,game/GameEngine/Source/Common/BfmeConv766.cpp,name:?bfmeTailDSA@BfmeThingDSA@@QAEPAXPAX@Z,nothing defines it (pinned-elsewhere),tools/provider_repair.py,007ae4e6b1
1230,provider,?compare@Rva0039C7D0Owner@@ABE_NPBURva0039C7D0Payload@@0@Z,0x00028AF6,1,17,17,game/GameEngine/Source/Common/Rva0039C7D0Equals.cpp,name:?compare@Rva0039C7D0Owner@@ABE_NPBURva0039C7D0Payload@@0@Z,nothing defines it (pinned-elsewhere),tools/provider_repair.py,007ae4e6b1
1231,provider,?compute@Rva0018CF10Owner@@QBEMPBURva0018CF10Point@@0@Z,0x0002CEEE,1,17,17,game/GameEngine/Source/GameLogic/Object/Rva0018CF10DistanceSquaredTo.cpp,name:?compute@Rva0018CF10Owner@@QBEMPBURva0018CF10Point@@0@Z,nothing defines it (pinned-elsewhere),tools/provider_repair.py,007ae4e6b1
1232,provider,?erase@CRCParameterList@@QAEXPAVAsciiString@@0@Z,0x00024C17,1,17,17,game/GameEngine/Source/Common/CRCParameterCheckClear.cpp,name:?erase@CRCParameterList@@QAEXPAVAsciiString@@0@Z,nothing defines it (pinned-elsewhere),tools/provider_repair.py,007ae4e6b1
1233,provider,?handle@Rva002BC210@@QAE_NXZ,0x000042BE,1,17,17,game/GameEngine/Source/Common/Rva002BC210Call.cpp,name:?handle@Rva002BC210@@QAE_NXZ,nothing defines it (pinned-elsewhere),tools/provider_repair.py,007ae4e6b1
1234,provider,?initDevice@Win32Mouse@@QAEXXZ,0x001A4A40,1,17,17,game/GameEngineDevice/Source/Win32Device/GameClient/Win32Mouse_init.cpp,name:?initDevice@Win32Mouse@@QAEXXZ,nothing defines it (alias),tools/provider_repair.py,007ae4e6b1
1235,import,__imp__Rva01358E58Probe@8,0x00F58E58,1,17,17,game/GameEngine/Source/Common/Rva0082AD60ProbeForwarder.cpp,name:__imp__Rva01358E58Probe@8,nothing defines it (import),tools/import_binding.py,007ae4e6b1
1236,provider,?bfmeMakeBCE@@YAPAXXZ,0x003F4D50,1,16,16,game/GameEngine/Source/Common/BfmeConv441.cpp,name:?bfmeMakeBCE@@YAPAXXZ,nothing defines it (alias),tools/provider_repair.py,007ae4e6b1
1237,provider,?bfmeNextBCA@@YAXPAD@Z,0x00049413,1,16,16,game/GameEngine/Source/Common/BfmeConv437.cpp,name:?bfmeNextBCA@@YAXPAD@Z,nothing defines it (pinned-elsewhere),tools/provider_repair.py,007ae4e6b1
1238,provider,?bfmeSendBCF@BfmeSubBCF@@QAEXPAX@Z,0x005CBC90,1,16,16,game/GameEngine/Source/Common/BfmeConv442.cpp,name:?bfmeSendBCF@BfmeSubBCF@@QAEXPAX@Z,nothing defines it (alias),tools/provider_repair.py,007ae4e6b1
1239,data,?g_006fb9c0@@3HA,0x00EBB1CC,1,16,16,game/GameEngineDevice/Source/W3DDevice/GameClient/Gen_006fb9c0_Ftol.cpp,source:game/GameEngineDevice/Source/W3DDevice/GameClient/Gen_006fb9c0_Ftol.cpp,"zero-fill, but retail holds 0x21 at +0x0 (0x00EBB1CC)",tools/provider_repair.py data-next,007ae4e6b1
1240,bridge,?helper_006f4660@@YGXHHHH@Z,0x0053EB50,1,16,16,game/GameEngineDevice/Source/W3DDevice/GameClient/Gen_006f4660_Repeat.cpp,name:?helper_006f4660@@YGXHHHH@Z,nothing defines it (dump),tools/next_work.py,007ae4e6b1
1241,provider,?init@W3DSmudgeManager@@UAEXXZ,0x00722160,1,16,16,game/GameEngineDevice/Source/W3DDevice/GameClient/W3DSmudgeManagerInit.cpp,source:game/GameEngineDevice/Source/W3DDevice/GameClient/W3DSmudgeManagerInit.cpp,+0x4 ?init@SmudgeManager@@UAEXXZ (game_^game^engine_^source_,tools/provider_repair.py,007ae4e6b1
1242,body,?initialize@Rva189DF0PairInitializer@@QAEPAU1@XZ,0x00189DF0,1,16,16,game/GameEngine/Source/Common/Rva189DF0PairInitializer.cpp,source:game/GameEngine/Source/Common/Rva189DF0PairInitializer.cpp,"unrelocated address 0x0109B558 (a ledger row, pin or placed ",tools/probe.py,007ae4e6b1
1243,provider,?rva00573000@@YAXXZ,0x00011464,2,16,16,game/GameEngine/Source/Common/Rva005731C0Call.cpp; +1 more,name:?rva00573000@@YAXXZ,nothing defines it (pinned-elsewhere),tools/provider_repair.py,007ae4e6b1
1244,provider,?rva0077d6b0@@YAXXZ,0x00046CAE,2,16,16,game/GameEngine/Source/Common/Rva0077DB20Call.cpp; +1 more,name:?rva0077d6b0@@YAXXZ,nothing defines it (pinned-elsewhere),tools/provider_repair.py,007ae4e6b1
1245,provider,?set@RetailLayoutString@@QAEXPBDH@Z,0x00887D20,1,16,16,game/GameEngine/Source/Common/Rva001ED820Set.cpp,name:?set@RetailLayoutString@@QAEXPBDH@Z,nothing defines it (alias),tools/provider_repair.py,007ae4e6b1
1246,provider,?setWakeFrame@UpdateModule@@QAEXPAVObject@@I@Z,0x000157DA,1,16,16,game/GameEngine/Source/GameLogic/Object/Update/UpdateModule_setWakeFrameViaThunk.cpp,name:?setWakeFrame@UpdateModule@@QAEXPAVObject@@I@Z,nothing defines it (pinned-elsewhere),tools/provider_repair.py,007ae4e6b1
1247,data,?Rva008D29C0Head@@3PAURva008D29C0Node@@A,0x00F387D0,1,15,15,game/GameEngine/Source/Common/SmallGaps/Rva008D29C0LinkNode.cpp,name:?Rva008D29C0Head@@3PAURva008D29C0Node@@A,nothing defines it (data),tools/provider_repair.py data-next,007ae4e6b1
1248,data,?Rva008D2A20Head@@3PAURva008D2A20Node@@A,0x00F387D0,1,15,15,game/GameEngine/Source/Common/SmallGaps/Rva008D2A20LinkNode.cpp,name:?Rva008D2A20Head@@3PAURva008D2A20Node@@A,nothing defines it (data),tools/provider_repair.py data-next,007ae4e6b1
1249,data,?Rva008D2A30Head@@3PAURva008D2A30Node@@A,0x00F387D4,1,15,15,game/GameEngine/Source/Common/SmallGaps/Rva008D2A30LinkNode.cpp,name:?Rva008D2A30Head@@3PAURva008D2A30Node@@A,nothing defines it (data),tools/provider_repair.py data-next,007ae4e6b1
1250,data,?Rva008D2A90Head@@3PAURva008D2A90Node@@A,0x00F387D4,1,15,15,game/GameEngine/Source/Common/SmallGaps/Rva008D2A90LinkNode.cpp,name:?Rva008D2A90Head@@3PAURva008D2A90Node@@A,nothing defines it (data),tools/provider_repair.py data-next,007ae4e6b1
1251,body,?apply@Rva00841110@@QAEXXZ,0x00841110,1,15,15,game/GameEngine/Source/Common/Rva00841110Store.cpp,source:game/GameEngine/Source/Common/Rva00841110Store.cpp,"unrelocated address 0x0112F2FC (a ledger row, pin or placed ",tools/probe.py,007ae4e6b1
1252,body,?apply@Rva00841150@@QAEXXZ,0x00841150,1,15,15,game/GameEngine/Source/Common/Rva00841150Store.cpp,source:game/GameEngine/Source/Common/Rva00841150Store.cpp,"unrelocated address 0x0112F30C (a ledger row, pin or placed ",tools/probe.py,007ae4e6b1
1253,provider,?bfmeLookBBB@@YAPAXPAX@Z,0x0042B8E0,1,15,15,game/GameEngine/Source/Common/BfmeConv434.cpp,name:?bfmeLookBBB@@YAPAXPAX@Z,nothing defines it (alias),tools/provider_repair.py,007ae4e6b1
1254,provider,?notify@Rva00589690@@AAEXXZ,0x0003643A,1,15,15,game/GameEngine/Source/Common/Rva00589690Set.cpp,name:?notify@Rva00589690@@AAEXXZ,nothing defines it (pinned-elsewhere),tools/provider_repair.py,007ae4e6b1
1255,provider,?rva00793de0_inner@@YAXPAX@Z,0x0003D942,1,15,15,game/GameEngine/Source/Common/Rva00793DE0Call.cpp,name:?rva00793de0_inner@@YAXPAX@Z,nothing defines it (pinned-elsewhere),tools/provider_repair.py,007ae4e6b1
1256,provider,?use_facet@Rva005380A0@@QAEPAXPBX@Z,0x004321D0,1,15,15,game/GameEngine/Source/Common/Rva005380A0Facet.cpp,name:?use_facet@Rva005380A0@@QAEPAXPBX@Z,nothing defines it (alias),tools/provider_repair.py,007ae4e6b1
1257,provider,?use_facet@Rva005C0FD0@@QAEPAXPBX@Z,0x004321D0,1,15,15,game/GameEngine/Source/Common/Rva005C0FD0Facet.cpp,name:?use_facet@Rva005C0FD0@@QAEPAXPBX@Z,nothing defines it (alias),tools/provider_repair.py,007ae4e6b1
1258,body,?apply@Rva0045C1B0@@QAEXXZ,0x0045C1B0,1,14,14,game/GameEngine/Source/Common/Rva0045C1B0Init.cpp,source:game/GameEngine/Source/Common/Rva0045C1B0Init.cpp,"unrelocated address 0x01073744 (a ledger row, pin or placed ",tools/probe.py,007ae4e6b1
1259,other,?ji_009f6fac@@YANPBD@Z,0x005F6FAC,1,14,14,game/Libraries/Source/EA/Apt/Rva008921B0Atof.cpp,name:?ji_009f6fac@@YANPBD@Z,nothing defines it,tools/link_check.py,007ae4e6b1
1260,provider,?rva00782e80@@YAXH@Z,0x0002B823,1,14,14,game/GameEngine/Source/Common/Rva0078ADB0Call.cpp,name:?rva00782e80@@YAXH@Z,nothing defines it (pinned-elsewhere),tools/provider_repair.py,007ae4e6b1
1261,provider,?set@Rva002EECE0@@QAEXH@Z,0x0003D069,1,14,14,game/GameEngine/Source/Common/Rva002EECE0Set.cpp,name:?set@Rva002EECE0@@QAEXH@Z,nothing defines it (pinned-elsewhere),tools/provider_repair.py,007ae4e6b1
1262,provider,?set@Rva002EED00@@QAEXH@Z,0x0003D069,1,14,14,game/GameEngine/Source/Common/Rva002EED00Set.cpp,name:?set@Rva002EED00@@QAEXH@Z,nothing defines it (pinned-elsewhere),tools/provider_repair.py,007ae4e6b1
1263,data,?Rva008D2950Head@@3PAURva008D2950Node@@A,0x00F387CC,1,13,13,game/GameEngine/Source/Common/SmallGaps/Rva008D2950LinkNode.cpp,name:?Rva008D2950Head@@3PAURva008D2950Node@@A,nothing defines it (data),tools/provider_repair.py data-next,007ae4e6b1
1264,data,?Rva008D29B0Head@@3PAURva008D29B0Node@@A,0x00F387CC,1,13,13,game/GameEngine/Source/Common/SmallGaps/Rva008D29B0LinkNode.cpp,name:?Rva008D29B0Head@@3PAURva008D29B0Node@@A,nothing defines it (data),tools/provider_repair.py data-next,007ae4e6b1
1265,provider,?bar@Rva000946B0G@@QAEXPAX@Z,0x0001A7DF,1,13,13,game/GameEngine/Source/Common/Rva000946B0Call.cpp,name:?bar@Rva000946B0G@@QAEXPAX@Z,nothing defines it (pinned-elsewhere),tools/provider_repair.py,007ae4e6b1
1266,provider,?bar@Rva007B3E60G@@QAEXPAX@Z,0x000247FD,1,13,13,game/GameEngine/Source/Common/Rva007B3E60Call.cpp,name:?bar@Rva007B3E60G@@QAEXPAX@Z,nothing defines it (pinned-elsewhere),tools/provider_repair.py,007ae4e6b1
1267,provider,?bar@Rva007BAA90G@@QAEXPAX@Z,0x00047F46,1,13,13,game/GameEngine/Source/Common/Rva007BAA90Call.cpp,name:?bar@Rva007BAA90G@@QAEXPAX@Z,nothing defines it (pinned-elsewhere),tools/provider_repair.py,007ae4e6b1
1268,provider,?bfme_preloadAssets_impl@ControlBarSchemeManager@@QAEXXZ,0x00027566,1,13,13,game/GameEngine/Source/GameClient/GUI/ControlBar/ControlBarPreloadAssets.cpp,name:?bfme_preloadAssets_impl@ControlBarSchemeManager@@QAEXXZ,nothing defines it (pinned-elsewhere),tools/provider_repair.py,007ae4e6b1
1269,provider,?method@SubObject00739E70@@QAEXPAX@Z,0x00339E70,1,13,13,game/GameEngine/Source/Common/Bfme/Rva00739F70Call.cpp,name:?method@SubObject00739E70@@QAEXPAX@Z,nothing defines it (alias),tools/provider_repair.py,007ae4e6b1
1270,provider,?rva000b2cc0@@YGXPAXH@Z,0x00025306,1,13,13,game/GameEngine/Source/Common/Rva001178F0Call.cpp,name:?rva000b2cc0@@YGXPAXH@Z,nothing defines it (pinned-elsewhere),tools/provider_repair.py,007ae4e6b1
1271,provider,?rva006a0810@@YGXPAX@Z,0x00023A38,1,13,13,game/GameEngine/Source/Common/Rva006A3820Call.cpp,name:?rva006a0810@@YGXPAX@Z,nothing defines it (pinned-elsewhere),tools/provider_repair.py,007ae4e6b1
1272,data,?TheBfmeGlobal012F706C@@3PAVBfmeGlobal012F706C@@A,0x00EF706C,1,12,12,game/GameEngine/Source/Common/Bfme/Glo012F7048Type_test.cpp,name:?TheBfmeGlobal012F706C@@3PAVBfmeGlobal012F706C@@A,nothing defines it (data),tools/provider_repair.py data-next,007ae4e6b1
1273,provider,?run@Rva00694570@@QAEXXZ,0x000279A8,1,12,12,game/GameEngine/Source/Common/Rva00694700Call.cpp,name:?run@Rva00694570@@QAEXXZ,nothing defines it (pinned-elsewhere),tools/provider_repair.py,007ae4e6b1
1274,import,__imp__Rva006BB530Imported@4,0x00F59004,1,12,12,game/GameEngine/Source/Common/Rva006BB530ImportMask.cpp,name:__imp__Rva006BB530Imported@4,nothing defines it (import),tools/import_binding.py,007ae4e6b1
1275,data,?g_Va0134CB4D@@3EA,0x00F4CB4D,1,11,19,game/GameEngine/Source/Common/Rva00060990SetFlagAndReturn.cpp,name:?g_Va0134CB4D@@3EA,nothing defines it (data),tools/provider_repair.py data-next,007ae4e6b1
1276,provider,?Compute_Texture_Coordinate@MatrixMapperClass@@QAEXABVVector3@@PAV2@@Z,0x00524C30,1,11,11,game/Libraries/Source/WWVegas/WW3D2/projector.cpp,name:?Compute_Texture_Coordinate@MatrixMapperClass@@QAEXABVVector3@@PAV2@@Z,nothing defines it (alias),tools/provider_repair.py,007ae4e6b1
1277,data,?TheAptPalantir@@3PAVAptPalantir@@A,0x00AF4B98,1,11,11,game/GameEngine/Source/GameClient/GUI/AptPalantirRenderRadarViewBox.cpp,name:?TheAptPalantir@@3PAVAptPalantir@@A,nothing defines it (data),tools/provider_repair.py data-next,007ae4e6b1
1278,provider,?callee@Rva008A06F0Inner@@AAEXH@Z,0x004BDD70,1,11,11,game/GameEngine/Source/Common/Rva008A06F0Call.cpp,name:?callee@Rva008A06F0Inner@@AAEXH@Z,nothing defines it (alias),tools/provider_repair.py,007ae4e6b1
1279,provider,?handle@Gen0002644F@@QAEXXZ,0x0002644F,1,11,11,game/GameEngine/Source/Common/Rva002D34F0Invoke.cpp,name:?handle@Gen0002644F@@QAEXXZ,nothing defines it (pinned-elsewhere),tools/provider_repair.py,007ae4e6b1
1280,provider,?invoke@Rva0056E600@@UAEPAXI@Z,0x0016E830,1,11,11,game/GameEngine/Source/Common/Rva0056E600Adjustor.cpp,name:?invoke@Rva0056E600@@UAEPAXI@Z,nothing defines it (alias),tools/provider_repair.py,007ae4e6b1
1281,provider,?rva0046ef50@@YAXXZ,0x00018E8F,1,11,11,game/GameEngine/Source/Common/Rva000615E0Set.cpp,name:?rva0046ef50@@YAXXZ,nothing defines it (pinned-elsewhere),tools/provider_repair.py,007ae4e6b1
1282,import,__imp__Rva01358E74Leave@4,0x00F58E74,1,10,21,game/GameEngine/Source/Common/Rva009ECAC0Leave.cpp,name:__imp__Rva01358E74Leave@4,nothing defines it (import),tools/import_binding.py,007ae4e6b1
1283,provider,?callee@Rva0060A900@@AAEXPAX@Z,0x00019010,1,10,10,game/GameEngine/Source/Common/Rva0060A900Lea.cpp,name:?callee@Rva0060A900@@AAEXPAX@Z,nothing defines it (pinned-elsewhere),tools/provider_repair.py,007ae4e6b1
1284,provider,?callee@Rva0060A910@@AAEXPAX@Z,0x00019010,1,10,10,game/GameEngine/Source/Common/Rva0060A910Lea.cpp,name:?callee@Rva0060A910@@AAEXPAX@Z,nothing defines it (pinned-elsewhere),tools/provider_repair.py,007ae4e6b1
1285,data,?g_006f9fd0@@3EA,0x00ED6D75,1,10,10,game/GameEngineDevice/Source/W3DDevice/GameClient/Gen_006f9fd0_SetGlobal.cpp,source:game/GameEngineDevice/Source/W3DDevice/GameClient/Gen_006f9fd0_SetGlobal.cpp,"zero-fill, but retail holds 0x01 at +0x0 (0x00ED6D75)",tools/provider_repair.py data-next,007ae4e6b1
1286,data,?g_00710e20@@3EA,0x00ED6E04,1,10,10,game/GameEngineDevice/Source/W3DDevice/GameClient/Gen_00710e20_SetGlobal.cpp,source:game/GameEngineDevice/Source/W3DDevice/GameClient/Gen_00710e20_SetGlobal.cpp,"zero-fill, but retail holds 0x60 at +0x0 (0x00ED6E04)",tools/provider_repair.py data-next,007ae4e6b1
1287,provider,?handle@Gen0089CC10@@QAEHXZ,0x0049CC10,1,10,10,game/GameEngine/Source/Common/Rva00899D70Next.cpp,name:?handle@Gen0089CC10@@QAEHXZ,nothing defines it (alias),tools/provider_repair.py,007ae4e6b1
1288,body,?slot@Rva007F4860Owner@@UAEXXZ,0x007F4930,1,10,10,game/GameEngine/Source/GameNetwork/Rva007F4860VptrCtor.cpp,source:game/GameEngine/Source/GameNetwork/Rva007F4860VptrCtor.cpp,bytes differ at +0x0 (0x007F4930) (placed by ??_7Rva007F4860,tools/probe.py,007ae4e6b1
1289,provider,?HideControlBar@@YAXH@Z,0x00002847,1,9,9,game/GameEngine/Source/Common/Rva002EF530Hide.cpp,name:?HideControlBar@@YAXH@Z,nothing defines it (pinned-elsewhere),tools/provider_repair.py,007ae4e6b1
1290,provider,?ShowControlBar@@YAXH@Z,0x00024848,1,9,9,game/GameEngine/Source/Common/Rva002EF540Show.cpp,name:?ShowControlBar@@YAXH@Z,nothing defines it (pinned-elsewhere),tools/provider_repair.py,007ae4e6b1
1291,data,?TheBfmeLivingWorldCampaignState@@3PAVCampaignManager@@A,0x00EF1028,1,9,9,game/GameEngine/Source/GameLogic/LivingWorld/BfmeLivingWorldManagerIsCampaignVictorious.cpp,name:?TheBfmeLivingWorldCampaignState@@3PAVCampaignManager@@A,nothing defines it (data),tools/provider_repair.py data-next,007ae4e6b1
1292,provider,?_CxxThrowException@@YGXPAX0@Z,0x005F6D00,1,9,9,game/GameEngine/Source/Common/Rva00145BA4RethrowNull.cpp,name:?_CxxThrowException@@YGXPAX0@Z,nothing defines it (alias),tools/provider_repair.py,007ae4e6b1
1293,provider,?first@Rva005187E0@@QAEXXZ,0x0003CD94,1,8,8,game/GameEngine/Source/Common/Rva005187E0Call.cpp,name:?first@Rva005187E0@@QAEXXZ,nothing defines it (pinned-elsewhere),tools/provider_repair.py,007ae4e6b1
1294,data,?g_rva0018EC80@@3PAHA,0x00EACB50,1,8,8,game/GameEngine/Source/Common/Rva0018EC80Get.cpp,source:game/GameEngine/Source/Common/Rva0018EC80Get.cpp,"zero-fill, but retail holds 0x1C at +0x0 (0x00EACB50)",tools/provider_repair.py data-next,007ae4e6b1
1295,provider,?m@T_008f8c30@@QAEXHP6AXHHH@Z@Z,0x004F8C30,1,8,8,game/GameEngine/Source/Common/RTS/PlayerListSetLocalPlayer.cpp,name:?m@T_008f8c30@@QAEXHP6AXHHH@Z@Z,nothing defines it (alias),tools/provider_repair.py,007ae4e6b1
1296,provider,?rva00536870@@YAXXZ,0x000436E9,1,8,8,game/GameEngine/Source/Common/Rva00536DB0Call.cpp,name:?rva00536870@@YAXXZ,nothing defines it (pinned-elsewhere),tools/provider_repair.py,007ae4e6b1
1297,provider,?rva00547730@@YAXXZ,0x0003F2C9,1,8,8,game/GameEngine/Source/Common/Rva005484D0Call.cpp,name:?rva00547730@@YAXXZ,nothing defines it (pinned-elsewhere),tools/provider_repair.py,007ae4e6b1
1298,provider,?rva0055bd40@@YAXXZ,0x0001F181,1,8,8,game/GameEngine/Source/Common/Rva00548D20Call.cpp,name:?rva0055bd40@@YAXXZ,nothing defines it (pinned-elsewhere),tools/provider_repair.py,007ae4e6b1
1299,provider,?rva00595230@@YAXXZ,0x00012FC6,1,8,8,game/GameEngine/Source/Common/Rva00595A70Call.cpp,name:?rva00595230@@YAXXZ,nothing defines it (pinned-elsewhere),tools/provider_repair.py,007ae4e6b1
1300,provider,?rva006ca4f0@@YAXXZ,0x0003B309,1,8,8,game/GameEngine/Source/Common/Rva006D1C70Zero.cpp,name:?rva006ca4f0@@YAXXZ,nothing defines it (pinned-elsewhere),tools/provider_repair.py,007ae4e6b1
1301,provider,?update@Rva009A45A0CollisionData@@QAEXXZ,0x005A4A30,1,8,8,game/GameEngine/Source/Common/System/CollisionManager_update.cpp,name:?update@Rva009A45A0CollisionData@@QAEXXZ,nothing defines it (alias),tools/provider_repair.py,007ae4e6b1
1302,provider,_BfmeNodeAllocLockAcquire,0x0042C760,1,8,8,game/GameEngine/Source/Common/NodeAllocMutexAcquireLock.cpp,name:_BfmeNodeAllocLockAcquire,nothing defines it (alias),tools/provider_repair.py,007ae4e6b1
1303,import,__imp_?i_008793a0@@YGXH@Z,0x00F5939C,1,8,8,game/Libraries/Source/Benchmark/d_00879390.cpp,name:__imp_?i_008793a0@@YGXH@Z,nothing defines it (import),tools/import_binding.py,007ae4e6b1
1304,provider,?rva0078C300Dispatch@@YIXPAXH@Z,0x00031A52,1,7,7,game/GameEngine/Source/GameClient/GUI/Rva0078C430DoubleDispatch.cpp,name:?rva0078C300Dispatch@@YIXPAXH@Z,nothing defines it (pinned-elsewhere),tools/provider_repair.py,007ae4e6b1
1305,body,?Rva0006063CGet@@YAPAXXZ,0x0006063C,1,6,6,game/GameEngine/Source/Common/Bfme/Rva0006063CGet.cpp,source:game/GameEngine/Source/Common/Bfme/Rva0006063CGet.cpp,"unrelocated in-image immediate 0x004604D3 in `mov eax, 0x460",tools/probe.py,007ae4e6b1
1306,body,?Rva0006BD33Get@@YAPAXXZ,0x0006BD33,1,6,6,game/GameEngine/Source/Common/Bfme/Rva0006BD33Get.cpp,source:game/GameEngine/Source/Common/Bfme/Rva0006BD33Get.cpp,"unrelocated in-image immediate 0x0046BCED in `mov eax, 0x46b",tools/probe.py,007ae4e6b1
1307,body,?Rva000B7F60Get@@YAPAXXZ,0x000B7F60,1,6,6,game/GameEngine/Source/Common/Bfme/Rva000B7F60Get.cpp,source:game/GameEngine/Source/Common/Bfme/Rva000B7F60Get.cpp,"unrelocated address 0x010FA3B8 (a ledger row, pin or placed ",tools/probe.py,007ae4e6b1
1308,body,?Rva000B8060Get@@YAPAXXZ,0x000B8060,1,6,6,game/GameEngine/Source/Common/Bfme/Rva000B8060Get.cpp,source:game/GameEngine/Source/Common/Bfme/Rva000B8060Get.cpp,"unrelocated address 0x010FC430 (a ledger row, pin or placed ",tools/probe.py,007ae4e6b1
1309,body,?Rva000B8150Get@@YAPAXXZ,0x000B8150,1,6,6,game/GameEngine/Source/Common/Bfme/Rva000B8150Get.cpp,source:game/GameEngine/Source/Common/Bfme/Rva000B8150Get.cpp,"unrelocated address 0x01082958 (a ledger row, pin or placed ",tools/probe.py,007ae4e6b1
1310,body,?Rva000B8260Get@@YAPAXXZ,0x000B8260,1,6,6,game/GameEngine/Source/Common/Bfme/Rva000B8260Get.cpp,source:game/GameEngine/Source/Common/Bfme/Rva000B8260Get.cpp,"unrelocated address 0x010F1638 (a ledger row, pin or placed ",tools/probe.py,007ae4e6b1
1311,body,?Rva000C2410Get@@YAPAXXZ,0x000C2410,1,6,6,game/GameEngine/Source/Common/Bfme/Rva000C2410Get.cpp,source:game/GameEngine/Source/Common/Bfme/Rva000C2410Get.cpp,"unrelocated address 0x0110FF08 (a ledger row, pin or placed ",tools/probe.py,007ae4e6b1
1312,body,?Rva000C25E0Get@@YAPAXXZ,0x000C25E0,1,6,6,game/GameEngine/Source/Common/Bfme/Rva000C25E0Get.cpp,source:game/GameEngine/Source/Common/Bfme/Rva000C25E0Get.cpp,"unrelocated address 0x0107F6D8 (a ledger row, pin or placed ",tools/probe.py,007ae4e6b1
1313,body,?Rva000C25F0Get@@YAPAXXZ,0x000C25F0,1,6,6,game/GameEngine/Source/Common/Bfme/Rva000C25F0Get.cpp,source:game/GameEngine/Source/Common/Bfme/Rva000C25F0Get.cpp,"unrelocated address 0x0107F718 (a ledger row, pin or placed ",tools/probe.py,007ae4e6b1
1314,body,?Rva000C29F0Get@@YAPAXXZ,0x000C29F0,1,6,6,game/GameEngine/Source/Common/Bfme/Rva000C29F0Get.cpp,source:game/GameEngine/Source/Common/Bfme/Rva000C29F0Get.cpp,"unrelocated address 0x01080BF8 (a ledger row, pin or placed ",tools/probe.py,007ae4e6b1
1315,body,?Rva000C2A00Get@@YAPAXXZ,0x000C2A00,1,6,6,game/GameEngine/Source/Common/Bfme/Rva000C2A00Get.cpp,source:game/GameEngine/Source/Common/Bfme/Rva000C2A00Get.cpp,"unrelocated in-image immediate 0x0108132C in `mov eax, 0x108",tools/probe.py,007ae4e6b1
1316,body,?Rva000C2D30Get@@YAPAXXZ,0x000C2D30,1,6,6,game/GameEngine/Source/Common/Bfme/Rva000C2D30Get.cpp,source:game/GameEngine/Source/Common/Bfme/Rva000C2D30Get.cpp,"unrelocated address 0x01114BF0 (a ledger row, pin or placed ",tools/probe.py,007ae4e6b1
1317,body,?Rva000C2ED0Get@@YAPAXXZ,0x000C2ED0,1,6,6,game/GameEngine/Source/Common/Bfme/Rva000C2ED0Get.cpp,source:game/GameEngine/Source/Common/Bfme/Rva000C2ED0Get.cpp,"unrelocated address 0x01114BB0 (a ledger row, pin or placed ",tools/probe.py,007ae4e6b1
1318,body,?Rva000C3040Get@@YAPAXXZ,0x000C3040,1,6,6,game/GameEngine/Source/Common/Bfme/Rva000C3040Get.cpp,source:game/GameEngine/Source/Common/Bfme/Rva000C3040Get.cpp,"unrelocated in-image immediate 0x0109FC28 in `mov eax, 0x109",tools/probe.py,007ae4e6b1
1319,body,?Rva000C3050Get@@YAPAXXZ,0x000C3050,1,6,6,game/GameEngine/Source/Common/Bfme/Rva000C3050Get.cpp,source:game/GameEngine/Source/Common/Bfme/Rva000C3050Get.cpp,"unrelocated in-image immediate 0x0109FBC8 in `mov eax, 0x109",tools/probe.py,007ae4e6b1
1320,body,?Rva000C35F0Get@@YAPAXXZ,0x000C35F0,1,6,6,game/GameEngine/Source/Common/Bfme/Rva000C35F0Get.cpp,source:game/GameEngine/Source/Common/Bfme/Rva000C35F0Get.cpp,"unrelocated address 0x010F6C00 (a ledger row, pin or placed ",tools/probe.py,007ae4e6b1
1321,body,?Rva000C3600Get@@YAPAXXZ,0x000C3600,1,6,6,game/GameEngine/Source/Common/Bfme/Rva000C3600Get.cpp,source:game/GameEngine/Source/Common/Bfme/Rva000C3600Get.cpp,"unrelocated address 0x010F6CD0 (a ledger row, pin or placed ",tools/probe.py,007ae4e6b1
1322,body,?Rva000E3750Get@@YAPAXXZ,0x000E3750,1,6,6,game/GameEngine/Source/Common/Bfme/Rva000E3750Get.cpp,source:game/GameEngine/Source/Common/Bfme/Rva000E3750Get.cpp,"unrelocated address 0x010847E0 (a ledger row, pin or placed ",tools/probe.py,007ae4e6b1
1323,body,?Rva000EB100Get@@YAPAXXZ,0x000EB100,1,6,6,game/GameEngine/Source/Common/Bfme/Rva000EB100Get.cpp,source:game/GameEngine/Source/Common/Bfme/Rva000EB100Get.cpp,"unrelocated address 0x012A8FA0 (a ledger row, pin or placed ",tools/probe.py,007ae4e6b1
1324,body,?Rva000EB110Get@@YAPAXXZ,0x000EB110,1,6,6,game/GameEngine/Source/Common/Bfme/Rva000EB110Get.cpp,source:game/GameEngine/Source/Common/Bfme/Rva000EB110Get.cpp,"unrelocated address 0x012A8D40 (a ledger row, pin or placed ",tools/probe.py,007ae4e6b1
1325,body,?Rva0010A720Get@@YAPAXXZ,0x0010A720,1,6,6,game/GameEngine/Source/Common/Bfme/Rva0010A720Get.cpp,source:game/GameEngine/Source/Common/Bfme/Rva0010A720Get.cpp,"unrelocated address 0x01088B60 (a ledger row, pin or placed ",tools/probe.py,007ae4e6b1
1326,body,?Rva00111D58Get@@YAPAXXZ,0x00111D58,1,6,6,game/GameEngine/Source/Common/Bfme/Rva00111D58Get.cpp,source:game/GameEngine/Source/Common/Bfme/Rva00111D58Get.cpp,"unrelocated in-image immediate 0x00511D38 in `mov eax, 0x511",tools/probe.py,007ae4e6b1
1327,body,?Rva001141E0Get@@YAPAXXZ,0x001141E0,1,6,6,game/GameEngine/Source/Common/Bfme/Rva001141E0Get.cpp,source:game/GameEngine/Source/Common/Bfme/Rva001141E0Get.cpp,"unrelocated address 0x010898A0 (a ledger row, pin or placed ",tools/probe.py,007ae4e6b1
1328,body,?Rva00122290Get@@YAPAXXZ,0x00122290,1,6,6,game/GameEngine/Source/Common/Bfme/Rva00122290Get.cpp,source:game/GameEngine/Source/Common/Bfme/Rva00122290Get.cpp,"unrelocated address 0x012A68D8 (a ledger row, pin or placed ",tools/probe.py,007ae4e6b1
1329,body,?Rva001AC305Get@@YAPAXXZ,0x001AC305,1,6,6,game/GameEngine/Source/Common/Bfme/Rva001AC305Get.cpp,source:game/GameEngine/Source/Common/Bfme/Rva001AC305Get.cpp,"unrelocated in-image immediate 0x005AC30B in `mov eax, 0x5ac",tools/probe.py,007ae4e6b1
1330,body,?Rva001B4230Get@@YAPAXXZ,0x001B4230,1,6,6,game/GameEngine/Source/Common/Bfme/Rva001B4230Get.cpp,source:game/GameEngine/Source/Common/Bfme/Rva001B4230Get.cpp,"unrelocated in-image immediate 0x0109D860 in `mov eax, 0x109",tools/probe.py,007ae4e6b1
1331,body,?Rva002E99BFConstant@@YAIXZ,0x002E99BF,1,6,6,game/GameEngine/Source/Common/Rva002E99BFConstant.cpp,source:game/GameEngine/Source/Common/Rva002E99BFConstant.cpp,"unrelocated in-image immediate 0x006E991D in `mov eax, 0x6e9",tools/probe.py,007ae4e6b1
1332,body,?Rva002E9D4EConstant@@YAIXZ,0x002E9D4E,1,6,6,game/GameEngine/Source/Common/Rva002E9D4EConstant.cpp,source:game/GameEngine/Source/Common/Rva002E9D4EConstant.cpp,"unrelocated in-image immediate 0x006E9D01 in `mov eax, 0x6e9",tools/probe.py,007ae4e6b1
1333,body,?Rva005165C0Constant@@YAIXZ,0x005165C0,1,6,6,game/GameEngine/Source/Common/Rva005165C0Constant.cpp,source:game/GameEngine/Source/Common/Rva005165C0Constant.cpp,"unrelocated address 0x00441141 (a ledger row, pin or placed ",tools/probe.py,007ae4e6b1
1334,body,?Rva0063F8CDConstant@@YAIXZ,0x0063F8CD,1,6,6,game/GameEngine/Source/Common/Rva0063F8CDConstant.cpp,source:game/GameEngine/Source/Common/Rva0063F8CDConstant.cpp,"unrelocated in-image immediate 0x00A3ECE5 in `mov eax, 0xa3e",tools/probe.py,007ae4e6b1
1335,body,?Rva00641FF3Constant@@YAIXZ,0x00641FF3,1,6,6,game/GameEngine/Source/Common/Rva00641FF3Constant.cpp,source:game/GameEngine/Source/Common/Rva00641FF3Constant.cpp,"unrelocated in-image immediate 0x00A41F09 in `mov eax, 0xa41",tools/probe.py,007ae4e6b1
1336,body,?Rva006510A5Constant@@YAIXZ,0x006510A5,1,6,6,game/GameEngine/Source/Common/Rva006510A5Constant.cpp,source:game/GameEngine/Source/Common/Rva006510A5Constant.cpp,"unrelocated in-image immediate 0x00A5109F in `mov eax, 0xa51",tools/probe.py,007ae4e6b1
1337,body,?Rva00660E21Constant@@YAIXZ,0x00660E21,1,6,6,game/GameEngine/Source/Common/Rva00660E21Constant.cpp,source:game/GameEngine/Source/Common/Rva00660E21Constant.cpp,"unrelocated in-image immediate 0x00A60C9E in `mov eax, 0xa60",tools/probe.py,007ae4e6b1
1338,data,?TheBfmeWeaponSetFlagNames@@3PAPBDA,0x00EAD6B0,1,6,6,game/GameEngine/Source/Common/Rva0022A1E0ConstantGetter.cpp,name:?TheBfmeWeaponSetFlagNames@@3PAPBDA,nothing defines it (data),tools/provider_repair.py data-next,007ae4e6b1
1339,provider,?b_0045dc70@@YAXXZ,0x0005DC70,1,6,6,game/GameEngine/Source/Common/Rva00465730ConstantGetter.cpp,name:?b_0045dc70@@YAXXZ,nothing defines it (alias),tools/provider_repair.py,007ae4e6b1
1340,data,?g_007207e0@@3DA,0x00D20FA8,1,6,6,game/GameEngineDevice/Source/W3DDevice/GameClient/Gen_007207e0_ReturnAddr.cpp,source:game/GameEngineDevice/Source/W3DDevice/GameClient/Gen_007207e0_ReturnAddr.cpp,"zero-fill, but retail holds 0x57 at +0x0 (0x00D20FA8)",tools/provider_repair.py data-next,007ae4e6b1
1341,data,?g_bfmeNames012A68B0@@3QBQBDB,0x00EA68B0,1,6,6,game/GameEngine/Source/Common/Rva00268100ConstantGetter.cpp,name:?g_bfmeNames012A68B0@@3QBQBDB,nothing defines it (data),tools/provider_repair.py data-next,007ae4e6b1
1342,data,?g_get_006f9290@@3DA,0x00D20374,1,6,6,game/GameEngineDevice/Source/W3DDevice/GameClient/Gen_006f9290_ReturnAddr.cpp,source:game/GameEngineDevice/Source/W3DDevice/GameClient/Gen_006f9290_ReturnAddr.cpp,"zero-fill, but retail holds 0x57 at +0x0 (0x00D20374)",tools/provider_repair.py data-next,007ae4e6b1
1343,data,?g_get_006f9fe0@@3EA,0x00ED6D75,1,6,6,game/GameEngineDevice/Source/W3DDevice/GameClient/Gen_006f9fe0_GlobalByte.cpp,source:game/GameEngineDevice/Source/W3DDevice/GameClient/Gen_006f9fe0_GlobalByte.cpp,"zero-fill, but retail holds 0x01 at +0x0 (0x00ED6D75)",tools/provider_repair.py data-next,007ae4e6b1
1344,data,?g_get_00702fb0@@3DA,0x00D209EC,1,6,6,game/GameEngineDevice/Source/W3DDevice/GameClient/Gen_00702fb0_ReturnAddr.cpp,source:game/GameEngineDevice/Source/W3DDevice/GameClient/Gen_00702fb0_ReturnAddr.cpp,"zero-fill, but retail holds 0x57 at +0x0 (0x00D209EC)",tools/provider_repair.py data-next,007ae4e6b1
1345,data,?g_get_00710e60@@3EA,0x00ED6DAD,1,6,6,game/GameEngineDevice/Source/W3DDevice/GameClient/Gen_00710e60_GlobalByte.cpp,source:game/GameEngineDevice/Source/W3DDevice/GameClient/Gen_00710e60_GlobalByte.cpp,"zero-fill, but retail holds 0x01 at +0x0 (0x00ED6DAD)",tools/provider_repair.py data-next,007ae4e6b1
1346,data,?g_get_00730520@@3DA,0x00D213D8,1,6,6,game/GameEngineDevice/Source/W3DDevice/GameClient/Gen_00730520_ReturnAddr.cpp,source:game/GameEngineDevice/Source/W3DDevice/GameClient/Gen_00730520_ReturnAddr.cpp,"zero-fill, but retail holds 0x57 at +0x0 (0x00D213D8)",tools/provider_repair.py data-next,007ae4e6b1
1347,data,?q4Fields002DD2B0@@3QBUFieldParse@@B,0x00CCEE68,1,6,6,game/GameEngine/Source/Common/Rva002DD280ConstantGetter.cpp,name:?q4Fields002DD2B0@@3QBUFieldParse@@B,nothing defines it (data),tools/provider_repair.py data-next,007ae4e6b1
1348,body,?rva00340c90@@YAHXZ,0x00340C90,1,6,6,game/GameEngine/Source/Common/Rva00340C90Const.cpp,source:game/GameEngine/Source/Common/Rva00340C90Const.cpp,"unrelocated in-image immediate 0x00740C96 in `mov eax, 0x740",tools/probe.py,007ae4e6b1
1349,body,?rva_001d5f70_constant@@YAIXZ,0x001D5F70,1,6,6,game/GameEngine/Source/Common/Rva001D5F70Constant.cpp,source:game/GameEngine/Source/Common/Rva001D5F70Constant.cpp,"unrelocated address 0x0109F320 (a ledger row, pin or placed ",tools/probe.py,007ae4e6b1
1350,body,?rva_007920c0_constant@@YAIXZ,0x007920C0,1,6,6,game/GameEngine/Source/Common/Rva007920C0Constant.cpp,source:game/GameEngine/Source/Common/Rva007920C0Constant.cpp,"unrelocated address 0x00421BBB (a ledger row, pin or placed ",tools/probe.py,007ae4e6b1
1351,body,?rva_189b20_constant_return@@YAIXZ,0x00189B20,1,6,6,game/GameEngine/Source/Common/Rva189B20ConstantReturn.cpp,source:game/GameEngine/Source/Common/Rva189B20ConstantReturn.cpp,"unrelocated in-image immediate 0x0109B4FC in `mov eax, 0x109",tools/probe.py,007ae4e6b1
1352,body,?rva_18ac90_constant_return@@YAIXZ,0x0018AC90,1,6,6,game/GameEngine/Source/Common/Rva18AC90ConstantReturn.cpp,source:game/GameEngine/Source/Common/Rva18AC90ConstantReturn.cpp,"unrelocated in-image immediate 0x0109B5C8 in `mov eax, 0x109",tools/probe.py,007ae4e6b1
1353,body,?rva_18acf0_constant_return@@YAIXZ,0x0018ACF0,1,6,6,game/GameEngine/Source/Common/Rva18ACF0ConstantReturn.cpp,source:game/GameEngine/Source/Common/Rva18ACF0ConstantReturn.cpp,"unrelocated in-image immediate 0x0109B634 in `mov eax, 0x109",tools/probe.py,007ae4e6b1
1354,body,?rva_18ad50_constant_return@@YAIXZ,0x0018AD50,1,6,6,game/GameEngine/Source/Common/Rva18AD50ConstantReturn.cpp,source:game/GameEngine/Source/Common/Rva18AD50ConstantReturn.cpp,"unrelocated in-image immediate 0x0109B6B8 in `mov eax, 0x109",tools/probe.py,007ae4e6b1
1355,body,?rva_18adb0_constant_return@@YAIXZ,0x0018ADB0,1,6,6,game/GameEngine/Source/Common/Rva18ADB0ConstantReturn.cpp,source:game/GameEngine/Source/Common/Rva18ADB0ConstantReturn.cpp,"unrelocated in-image immediate 0x0109B728 in `mov eax, 0x109",tools/probe.py,007ae4e6b1
1356,body,?rva_18aee0_constant_return@@YAIXZ,0x0018AEE0,1,6,6,game/GameEngine/Source/Common/Rva18AEE0ConstantReturn.cpp,source:game/GameEngine/Source/Common/Rva18AEE0ConstantReturn.cpp,"unrelocated in-image immediate 0x0109B7F4 in `mov eax, 0x109",tools/probe.py,007ae4e6b1
1357,data,?s_objectFieldParseTable@ThingTemplate@@1QBUFieldParse@@B,0x00C910A0,1,6,6,game/GameEngine/Source/Common/Rva13D280FixedAddress.cpp,name:?s_objectFieldParseTable@ThingTemplate@@1QBUFieldParse@@B,nothing defines it (data),tools/provider_repair.py data-next,007ae4e6b1
1358,body,?value@Rva00505DA0@@SAHXZ,0x00505DA0,1,6,6,game/GameEngine/Source/Common/Bfme/Rva00505DA0Constant.cpp,source:game/GameEngine/Source/Common/Bfme/Rva00505DA0Constant.cpp,"unrelocated address 0x00441AF6 (a ledger row, pin or placed ",tools/probe.py,007ae4e6b1
1359,body,?value@Rva0050E590@@SAHXZ,0x0050E590,1,6,6,game/GameEngine/Source/Common/Bfme/Rva0050E590Constant.cpp,source:game/GameEngine/Source/Common/Bfme/Rva0050E590Constant.cpp,"unrelocated address 0x004286C8 (a ledger row, pin or placed ",tools/probe.py,007ae4e6b1
1360,body,?value@Rva0050FD80@@SAHXZ,0x0050FD80,1,6,6,game/GameEngine/Source/Common/Bfme/Rva0050FD80Constant.cpp,source:game/GameEngine/Source/Common/Bfme/Rva0050FD80Constant.cpp,"unrelocated address 0x004023EC (a ledger row, pin or placed ",tools/probe.py,007ae4e6b1
1361,import,__imp__GdipAllocIat@4,0x00F591C0,1,6,6,game/GameEngine/Source/Common/GdipAllocImportThunk.cpp,name:__imp__GdipAllocIat@4,nothing defines it (import),tools/import_binding.py,007ae4e6b1
1362,import,__imp__InterlockedExchangeIat@8,0x00F58E58,1,6,6,game/GameEngineDevice/Source/Win32Device/Common/Rva0005B790InterlockedExchange.cpp,name:__imp__InterlockedExchangeIat@8,nothing defines it (import),tools/import_binding.py,007ae4e6b1
1363,import,__imp__SleepIat@4,0x00F58F30,1,6,6,game/GameEngine/Source/Common/SleepImportThunk.cpp,name:__imp__SleepIat@4,nothing defines it (import),tools/import_binding.py,007ae4e6b1
1364,import,__imp__XcptFilterIat,0x00F59258,1,6,6,game/GameEngine/Source/Common/XcptFilterImportThunk.cpp,name:__imp__XcptFilterIat,nothing defines it (import),tools/import_binding.py,007ae4e6b1
1365,import,__imp__bfmeCIasinImport,0x00F59234,1,6,6,game/Libraries/Source/WWVegas/WWMath/CIasinThunk.cpp,name:__imp__bfmeCIasinImport,nothing defines it (import),tools/import_binding.py,007ae4e6b1
1366,import,__imp__bfmeCIpowImport,0x00F59244,1,6,6,game/Libraries/Source/WWVegas/WWMath/CIpowThunk.cpp,name:__imp__bfmeCIpowImport,nothing defines it (import),tools/import_binding.py,007ae4e6b1
1367,import,__imp__mbslenIat,0x00F5930C,1,6,6,game/GameEngine/Source/Common/MbslenImportThunk.cpp,name:__imp__mbslenIat,nothing defines it (import),tools/import_binding.py,007ae4e6b1
1368,import,__imp__timeGetTimeIat@0,0x00F59544,1,6,6,game/GameEngine/Source/Common/TimeGetTimeImportThunk.cpp,name:__imp__timeGetTimeIat@0,nothing defines it (import),tools/import_binding.py,007ae4e6b1
1369,body,?setSize@Shadow@@QAEXMM@Z,0x001E4250,1,5,114,game/GameEngine/Source/Common/BfmeConv2133Forward.cpp,source:game/GameEngineDevice/Source/W3DDevice/GameClient/Drawable/Draw/W3DModelDraw.cpp,bytes differ at +0x0 (0x001E4250),tools/probe.py,007ae4e6b1
1370,other,?d_002a5a30@@YAXXZ,0x002A5A30,1,5,84,game/GameEngine/Source/GameLogic/Object/Update/SpecialAbilityUpdate_bfmeAbortAbility_Thunk.cpp,name:?d_002a5a30@@YAXXZ,nothing defines it (unpinned),tools/link_check.py,007ae4e6b1
1371,bridge,?attack@AIGroupGroupAttackObjectPrivateShim@@QAEX_NPAVObject@@HW4CommandSourceType@@@Z,0x00155DA0,1,5,55,game/GameEngine/Source/GameLogic/AI/AIGroupGroupAttackObjectPrivateThunk.cpp,name:?attack@AIGroupGroupAttackObjectPrivateShim@@QAEX_NPAVObject@@HW4CommandSourceType@@@Z,nothing defines it (dump),tools/next_work.py,007ae4e6b1
1372,provider,??1SentenceDataStruct@Render2DSentenceClass@@QAE@XZ,0x00018FCF,1,5,21,game/Libraries/Source/WWVegas/WW3D2/Render2DSentenceClass_Allocate_New_Surface.cpp,source:game/Libraries/Source/WWVegas/WW3D2/Render2DSentenceClass_Allocate_New_Surface.cpp,+0x1 ??1W3DRadarResetSurface@@QAE@XZ (game_^game^engine^devi,tools/provider_repair.py,007ae4e6b1
1373,provider,?destroy@GameMessageListDestructorShim@@QAEXXZ,0x0008A450,1,5,13,game/GameEngine/Source/Common/GameMessageListDestructorThunk.cpp,name:?destroy@GameMessageListDestructorShim@@QAEXXZ,nothing defines it (alias),tools/provider_repair.py,007ae4e6b1
1374,provider,?ScienceVectorInsertOverflow@@YAXXZ,0x000BC600,1,5,5,game/GameEngine/Source/Common/INI/Rva00023588ScienceVectorInsertThunk.cpp,name:?ScienceVectorInsertOverflow@@YAXXZ,nothing defines it (alias),tools/provider_repair.py,007ae4e6b1
1375,provider,?_bfme_insert_impl@?$_Rb_tree@VAsciiString@@U?$pair@$$CBVAsciiString@@UCoord3D@@@_STL@@U?$_Select1st@U?$pair@$$CBVAsciiString@@UCoord3D@@@_STL@@@3@U?$less@VAsciiString@@@3@V?$allocator@U?$pair@$$CBVAsciiString@@UCoord3D@@@_STL@@@3@@_STL@@AAE?AU?$_Rb_tree_iterator@U?$pair@$$CBVAsciiString@@UCoord3D@@@_STL@@U?$_Nonconst_traits@U?$pair@$$CBVAsciiString@@UCoord3D@@@_STL@@@2@@2@PAU?$_Rb_tree_node_base@U?$pair@$$CBVAsciiString@@UCoord3D@@@_STL@@@2@0ABU?$pair@$$CBVAsciiString@@UCoord3D@@@2@0@Z,0x0024C3D0,1,5,5,game/Libraries/Source/WWVegas/WWLib/STLAsciiCoordTreeInsertThunk.cpp,name:?_bfme_insert_impl@?$_Rb_tree@VAsciiString@@U?$pair@$$CBVAsciiString@@UCoord3D@@@_STL@@U?$_Select1st@U?$pair@$$CBVAsciiString@@UCoord3D@@@_STL@@@3@U?$less@VAsciiString@@@3@V?$allocator@U?$pair@$$CBVAsciiString@@UCoord3D@@@_STL@@@3@@_STL@@AAE?AU?$_Rb_tree_iterator@U?$pair@$$CBVAsciiString@@UCoord3D@@@_STL@@U?$_Nonconst_traits@U?$pair@$$CBVAsciiString@@UCoord3D@@@_STL@@@2@@2@PAU?$_Rb_tree_node_base@U?$pair@$$CBVAsciiString@@UCoord3D@@@_STL@@@2@0ABU?$pair@$$CBVAsciiString@@UCoord3D@@@2@0@Z,nothing defines it (alias),tools/provider_repair.py,007ae4e6b1
1376,provider,?apply@ControlBarSetLowConfigShim@@QAEXXZ,0x0009E120,1,5,5,game/GameEngine/Source/GameClient/GUI/ControlBar/ControlBarSetLowControlBarConfigILT.cpp,name:?apply@ControlBarSetLowConfigShim@@QAEXXZ,nothing defines it (alias),tools/provider_repair.py,007ae4e6b1
1377,provider,?at@ModuleTemplateMapOperatorShim@@QAEAAVModuleTemplate@ModuleFactory@@ABH@Z,0x001296E0,1,5,5,game/GameEngine/Source/Common/Thing/ModuleTemplateMapOperatorThunk.cpp,name:?at@ModuleTemplateMapOperatorShim@@QAEAAVModuleTemplate@ModuleFactory@@ABH@Z,nothing defines it (alias),tools/provider_repair.py,007ae4e6b1
1378,other,?b_000CC2C0@@YAXXZ,0x000CC2C0,1,5,5,game/GameEngine/Source/Common/RTS/PlayerEnableRadarThunk.cpp,name:?b_000CC2C0@@YAXXZ,nothing defines it,tools/link_check.py,007ae4e6b1
1379,provider,?b_004507a0@@YAXXZ,0x000507A0,1,5,5,game/GameEngine/Source/GameClient/MapCacheLoadStandardMapsThunk.cpp,name:?b_004507a0@@YAXXZ,nothing defines it (alias),tools/provider_repair.py,007ae4e6b1
1380,provider,?b_00451460@@YAXXZ,0x00051460,1,5,5,game/GameEngine/Source/GameClient/MapCacheGetUserMapDirThunk.cpp,name:?b_00451460@@YAXXZ,nothing defines it (alias),tools/provider_repair.py,007ae4e6b1
1381,provider,?b_006c39d0@@YAXXZ,0x002C39D0,1,5,5,game/Libraries/Source/WWVegas/WWLib/W3DRadarBuildTerrainTextureThunk.cpp,name:?b_006c39d0@@YAXXZ,nothing defines it (alias),tools/provider_repair.py,007ae4e6b1
1382,other,?bitFlags116Parse@@YAXXZ,0x00129810,1,5,5,game/GameEngine/Source/Common/Rva0002032EBitFlagsParseThunk.cpp,name:?bitFlags116Parse@@YAXXZ,nothing defines it,tools/link_check.py,007ae4e6b1
1383,provider,?clear@GameWindowHashtableClearShim@_STL@@QAEXXZ,0x000984F0,1,5,5,game/GameEngine/Source/GameClient/GUI/WindowVideoManagerGameWindowHashtableClearThunk.cpp,name:?clear@GameWindowHashtableClearShim@_STL@@QAEXXZ,nothing defines it (alias),tools/provider_repair.py,007ae4e6b1
1384,bridge,?compare@GameSortStructCallOperatorShim@@QAE_NPAVGameSpyStagingRoom@@0@Z,0x0013EDD0,1,5,5,game/GameEngine/Source/GameNetwork/GameSpy/GameSortStructCallOperatorThunk.cpp,name:?compare@GameSortStructCallOperatorShim@@QAE_NPAVGameSpyStagingRoom@@0@Z,nothing defines it (dump),tools/next_work.py,007ae4e6b1
1385,provider,?construct@Coord3DPairConstructShim@_STL@@SAXPAU?$pair@UICoord2D@@UCoord3D@@@2@ABU32@@Z,0x00134F70,1,5,5,game/GameEngine/Source/GameClient/Coord3DPairConstruct.cpp,name:?construct@Coord3DPairConstructShim@_STL@@SAXPAU?$pair@UICoord2D@@UCoord3D@@@2@ABU32@@Z,nothing defines it (alias),tools/provider_repair.py,007ae4e6b1
1386,provider,?construct@PrereqUnitRecConstructShim@_STL@@SAXPAUPrereqUnitRec@ProductionPrerequisite@@ABU34@@Z,0x00182750,1,5,5,game/GameEngine/Source/Common/RTS/PrereqUnitRecConstruct.cpp,name:?construct@PrereqUnitRecConstructShim@_STL@@SAXPAUPrereqUnitRec@ProductionPrerequisite@@ABU34@@Z,nothing defines it (alias),tools/provider_repair.py,007ae4e6b1
1387,bridge,?construct@Rva000287C7FactoryCtorTarget@@QAEXXZ,0x00285F10,1,5,5,game/GameEngine/Source/GameLogic/Object/Update/BannerCarrierUpdateCtorThunk.cpp,name:?construct@Rva000287C7FactoryCtorTarget@@QAEXXZ,nothing defines it (dump),tools/next_work.py,007ae4e6b1
1388,provider,?copy@AsciiCoordTreeCopyShim@_STL@@QAEPAU?$_Rb_tree_node@U?$pair@$$CBVAsciiString@@UCoord3D@@@_STL@@@2@PAU32@0@Z,0x000BFF50,1,5,5,game/GameEngine/Source/Common/Rva0002E15EAsciiStringCoordTreeCopyThunk.cpp,name:?copy@AsciiCoordTreeCopyShim@_STL@@QAEPAU?$_Rb_tree_node@U?$pair@$$CBVAsciiString@@UCoord3D@@@_STL@@@2@PAU32@0@Z,nothing defines it (alias),tools/provider_repair.py,007ae4e6b1
1389,provider,?create_node@AnimateWindowListCreateNodeShim@_STL@@QAEPAU?$_List_node@PAVAnimateWindow@@@2@ABQAVAnimateWindow@@@Z,0x0005DAE0,1,5,5,game/Libraries/Source/WWVegas/WWLib/ListAnimateWindowCreateNodeThunk.cpp,name:?create_node@AnimateWindowListCreateNodeShim@_STL@@QAEPAU?$_List_node@PAVAnimateWindow@@@2@ABQAVAnimateWindow@@@Z,nothing defines it (alias),tools/provider_repair.py,007ae4e6b1
1390,provider,?d_000681c0@@YAXXZ,0x000681C0,1,5,5,game/GameEngine/Source/Common/CarvedJmp00014475.cpp,name:?d_000681c0@@YAXXZ,nothing defines it (alias),tools/provider_repair.py,007ae4e6b1
1391,bridge,?d_00069070@@YAXXZ,0x00069070,1,5,5,game/GameEngine/Source/Common/CarvedJmp00017FB2.cpp,source:game/gen_asm/d_0001466e.asm,unrelocated call at +0x47 leaves its section (not movable),tools/next_work.py,007ae4e6b1
1392,other,?drawableListInsertTarget@@YAXXZ,0x001C53B0,1,5,5,game/GameEngine/Source/GameClient/DrawableListInsertThunk.cpp,name:?drawableListInsertTarget@@YAXXZ,nothing defines it,tools/link_check.py,007ae4e6b1
1393,provider,?dup_000e2e50@@YAXXZ,0x000E2E50,1,5,5,game/GameEngine/Source/Common/RTS/PlayerTemplateCopyCtorILT.cpp,name:?dup_000e2e50@@YAXXZ,nothing defines it (alias),tools/provider_repair.py,007ae4e6b1
1394,provider,?erase@WindowVideoHashtableEraseShim@_STL@@QAEXPBX@Z,0x00098A90,1,5,5,game/GameEngine/Source/GameClient/GUI/WindowVideoManagerHashtableEraseThunk.cpp,name:?erase@WindowVideoHashtableEraseShim@_STL@@QAEXPBX@Z,nothing defines it (alias),tools/provider_repair.py,007ae4e6b1
1395,provider,?evaluate@ScriptConditionsEvaluateTeamInsideAreaEntirelyShim@@QAE_NPAVParameter@@00@Z,0x00324AC0,1,5,5,game/GameEngine/Source/GameLogic/ScriptEngine/ScriptConditionsInsideAreaEntirelyILT.cpp,name:?evaluate@ScriptConditionsEvaluateTeamInsideAreaEntirelyShim@@QAE_NPAVParameter@@00@Z,nothing defines it (alias),tools/provider_repair.py,007ae4e6b1
1396,provider,?evaluateNamedInsideArea@ScriptConditions@@QAE_NPAVParameter@@0@Z,0x003247A0,1,5,5,game/GameEngine/Source/GameLogic/ScriptEngine/ScriptConditionsNamedInsideAreaThunk.cpp,name:?evaluateNamedInsideArea@ScriptConditions@@QAE_NPAVParameter@@0@Z,nothing defines it (alias),tools/provider_repair.py,007ae4e6b1
1397,provider,?fill_insert@BitVectorFillInsertShim@_STL@@QAEXU?$_Bit_iter@U_Bit_reference@_STL@@PAU12@@2@I_N@Z,0x002CC290,1,5,5,game/Libraries/Source/WWVegas/WWLib/BitVectorFillInsertThunk.cpp,name:?fill_insert@BitVectorFillInsertShim@_STL@@QAEXU?$_Bit_iter@U_Bit_reference@_STL@@PAU12@@2@I_N@Z,nothing defines it (alias),tools/provider_repair.py,007ae4e6b1
1398,provider,?find@DataChunkTableOfContentsFindMappingShim@@QAEPAVMapping@@ABVAsciiString@@@Z,0x00103CA0,1,5,5,game/GameEngine/Source/Common/System/Rva0001587ADataChunkFindMappingThunk.cpp,name:?find@DataChunkTableOfContentsFindMappingShim@@QAEPAVMapping@@ABVAsciiString@@@Z,nothing defines it (alias),tools/provider_repair.py,007ae4e6b1
1399,provider,?find@SparseBitFlagsTreeFindShim@_STL@@QBEPAU?$_Rb_tree_node@U?$pair@$$CBV?$BitFlags@$0LL@@@PBVWeaponTemplateSet@@@_STL@@@2@ABV?$BitFlags@$0LL@@@@Z,0x00141220,1,5,5,game/GameEngine/Source/GameLogic/Object/SparseMatchFinderBitFlagsTreeFindThunk.cpp,name:?find@SparseBitFlagsTreeFindShim@_STL@@QBEPAU?$_Rb_tree_node@U?$pair@$$CBV?$BitFlags@$0LL@@@PBVWeaponTemplateSet@@@_STL@@@2@ABV?$BitFlags@$0LL@@@@Z,nothing defines it (alias),tools/provider_repair.py,007ae4e6b1
1400,provider,?get@ObjectDefectionHelperPoolShim@@SAPAVMemoryPool@@XZ,0x002731A0,1,5,5,game/GameEngine/Source/Common/ExactStaticThunks.cpp,name:?get@ObjectDefectionHelperPoolShim@@SAPAVMemoryPool@@XZ,nothing defines it (alias),tools/provider_repair.py,007ae4e6b1
1401,provider,?getNATPortAllocationScheme@FirewallHelperClassGetNATPortAllocationSchemeShim@@QAEHHPAG0AA_N1@Z,0x0026E870,1,5,5,game/GameEngine/Source/GameNetwork/FirewallHelperGetNATPortAllocationSchemeThunk.cpp,name:?getNATPortAllocationScheme@FirewallHelperClassGetNATPortAllocationSchemeShim@@QAEHHPAG0AA_N1@Z,nothing defines it (alias),tools/provider_repair.py,007ae4e6b1
1402,bridge,?getTexture@BFMEShadowManagerLayoutGetTextureShim@@QAEPAVW3DShadowTexture@@PBD@Z,0x003AFD10,1,5,5,game/GameEngineDevice/Source/W3DDevice/GameClient/Shadow/BFMEShadowManagerLayoutGetTextureThunk.cpp,name:?getTexture@BFMEShadowManagerLayoutGetTextureShim@@QAEPAVW3DShadowTexture@@PBD@Z,nothing defines it (dump),tools/next_work.py,007ae4e6b1
1403,other,?insert@RelationshipHashtableInsertShim@_STL@@QAEAAU?$pair@$$CBHW4Relationship@@@2@ABU32@@Z,0x00387140,1,5,5,game/GameEngine/Source/Common/RelationshipHashInsertThunk000013E8.cpp,name:?insert@RelationshipHashtableInsertShim@_STL@@QAEAAU?$pair@$$CBHW4Relationship@@@2@ABU32@@Z,nothing defines it,tools/link_check.py,007ae4e6b1
1404,provider,?insert_aux@BitVectorInsertAuxShim@_STL@@QAEXU?$_Bit_iter@U_Bit_reference@_STL@@PAU12@@2@_N@Z,0x002CBF30,1,5,5,game/Libraries/Source/WWVegas/WWLib/BitVectorInsertAuxThunk.cpp,name:?insert_aux@BitVectorInsertAuxShim@_STL@@QAEXU?$_Bit_iter@U_Bit_reference@_STL@@PAU12@@2@_N@Z,nothing defines it (alias),tools/provider_repair.py,007ae4e6b1
1405,provider,?insert_overflow@AsciiStringInsertOverflowShim@_STL@@QAEXPAVAsciiString@@ABV3@ABU__false_type@2@I_N@Z,0x00357C70,1,5,5,game/Libraries/Source/WWVegas/WWLib/AsciiStringVectorInsertThunk000112C0.cpp,name:?insert_overflow@AsciiStringInsertOverflowShim@_STL@@QAEXPAVAsciiString@@ABV3@ABU__false_type@2@I_N@Z,nothing defines it (alias),tools/provider_repair.py,007ae4e6b1
1406,provider,?insert_overflow@GenericObjectCreationNuggetAnimSetInsertOverflowShim@_STL@@QAEXPAUAnimSet@GenericObjectCreationNugget@@ABU34@ABU__false_type@2@I_N@Z,0x00355CA0,1,5,5,game/GameEngine/Source/GameLogic/Object/AnimSetVectorInsertThunk0000DB2F.cpp,name:?insert_overflow@GenericObjectCreationNuggetAnimSetInsertOverflowShim@_STL@@QAEXPAUAnimSet@GenericObjectCreationNugget@@ABU34@ABU__false_type@2@I_N@Z,nothing defines it (alias),tools/provider_repair.py,007ae4e6b1
1407,provider,?insert_overflow@StateTransitionInfoInsertOverflowShim@_STL@@QAEXPAUTransitionInfo@State@@ABU34@ABU__false_type@2@I_N@Z,0x002109B0,1,5,5,game/Libraries/Source/WWVegas/WWLib/Rva0000E868VectorInsertThunk.cpp,name:?insert_overflow@StateTransitionInfoInsertOverflowShim@_STL@@QAEXPAUTransitionInfo@State@@ABU34@ABU__false_type@2@I_N@Z,nothing defines it (alias),tools/provider_repair.py,007ae4e6b1
1408,provider,?insert_overflow@UnicodeStringInsertOverflowShim@_STL@@QAEXPAVUnicodeString@@ABV3@ABU__false_type@2@I_N@Z,0x00132A00,1,5,5,game/GameEngine/Source/Common/UnicodeStringVectorInsertThunk.cpp,name:?insert_overflow@UnicodeStringInsertOverflowShim@_STL@@QAEXPAVUnicodeString@@ABV3@ABU__false_type@2@I_N@Z,nothing defines it (alias),tools/provider_repair.py,007ae4e6b1
1409,provider,?queue@TransportQueueSendShim@@QAE_NIGPBEH@Z,0x00283830,1,5,5,game/GameEngine/Source/GameNetwork/TransportQueueSendThunk.cpp,name:?queue@TransportQueueSendShim@@QAE_NIGPBEH@Z,nothing defines it (alias),tools/provider_repair.py,007ae4e6b1
1410,provider,?resize@ICoord2DVectorResizeShim@_STL@@QAEXI@Z,0x00053DF0,1,5,5,game/Libraries/Source/WWVegas/WWLib/Rva0000366BICoord2DVectorResizeThunk.cpp,name:?resize@ICoord2DVectorResizeShim@_STL@@QAEXI@Z,nothing defines it (alias),tools/provider_repair.py,007ae4e6b1
1411,provider,?run@MessageBoxOkShim@@SAPAVGameWindow@@VUnicodeString@@0P6AXXZ@Z,0x000C6730,1,5,5,game/GameEngine/Source/GameClient/GUI/GUICallbacks/MessageBoxOk.cpp,name:?run@MessageBoxOkShim@@SAPAVGameWindow@@VUnicodeString@@0P6AXXZ@Z,nothing defines it (alias),tools/provider_repair.py,007ae4e6b1
1412,provider,?run@Rva000AB6D0QuickMatchCtor@@QAEXXZ,0x000AB6D0,1,5,5,game/GameEngine/Source/GameClient/GUI/OnlineQuickMatchPreferencesThunk0002E802.cpp,name:?run@Rva000AB6D0QuickMatchCtor@@QAEXXZ,nothing defines it (alias),tools/provider_repair.py,007ae4e6b1
1413,other,?rva000032a6Target@@YAXXZ,0x003AA480,1,5,5,game/Libraries/Source/WWVegas/WWLib/ModelConditionInfoHideShowSubObjInfoUninitializedCopyThunk.cpp,name:?rva000032a6Target@@YAXXZ,nothing defines it,tools/link_check.py,007ae4e6b1
1414,other,?rva00008837Target@@YAXXZ,0x003B0E90,1,5,5,game/Libraries/Source/WWVegas/WWLib/Rva00008837Thunk.cpp,name:?rva00008837Target@@YAXXZ,nothing defines it,tools/link_check.py,007ae4e6b1
1415,other,?rva000097CDTarget@@YAXXZ,0x0036D980,1,5,5,game/GameEngine/Source/GameLogic/Object/DeliverPayloadNuggetPayloadCopyThunk.cpp,name:?rva000097CDTarget@@YAXXZ,nothing defines it,tools/link_check.py,007ae4e6b1
1416,provider,?rva0000f277Target@@YAXXZ,0x00184650,1,5,5,game/GameEngine/Source/Common/RTS/ProductionPrerequisitePrereqUnitRecInsertOverflowThunk.cpp,name:?rva0000f277Target@@YAXXZ,nothing defines it (alias),tools/provider_repair.py,007ae4e6b1
1417,other,?rva0000f727Target@@YAXXZ,0x001C76A0,1,5,5,game/GameEngine/Source/Common/Rva0000F727ParticleHashFindThunk.cpp,name:?rva0000f727Target@@YAXXZ,nothing defines it,tools/link_check.py,007ae4e6b1
1418,other,?rva0001819cTarget@@YAXXZ,0x0036B010,1,5,5,game/Libraries/Source/WWVegas/WWLib/ModuleInfoNuggetUninitializedCopyThunk.cpp,name:?rva0001819cTarget@@YAXXZ,nothing defines it,tools/link_check.py,007ae4e6b1
1419,other,?rva000181a1Target@@YAXXZ,0x00353280,1,5,5,game/GameEngine/Source/Common/RTS/ProductionPrerequisiteCopyThunk.cpp,name:?rva000181a1Target@@YAXXZ,nothing defines it,tools/link_check.py,007ae4e6b1
1420,other,?rva0001e902Target@@YAXXZ,0x002CF800,1,5,5,game/GameEngine/Source/GameLogic/Object/Update/DockUpdate/Rva0001E902Forward.cpp,name:?rva0001e902Target@@YAXXZ,nothing defines it,tools/link_check.py,007ae4e6b1
1421,other,?rva0001fe92Target@@YAXXZ,0x003AFE10,1,5,5,game/GameEngine/Source/Common/Thing/ProductionPrerequisiteVectorClearThunk.cpp,name:?rva0001fe92Target@@YAXXZ,nothing defines it,tools/link_check.py,007ae4e6b1
1422,other,?rva000251D0Target@@YAXXZ,0x002A3DB0,1,5,5,game/Libraries/Source/WWVegas/WWLib/ModelConditionInfoHideShowSubObjInfoInsertOverflowThunk.cpp,name:?rva000251D0Target@@YAXXZ,nothing defines it,tools/link_check.py,007ae4e6b1
1423,other,?rva0002af86Target@@YAXXZ,0x000A7AA0,1,5,5,game/GameEngineDevice/Source/W3DDevice/GameClient/Drawable/Draw/ParticleSysBoneInfoUninitializedCopyThunk.cpp,name:?rva0002af86Target@@YAXXZ,nothing defines it,tools/link_check.py,007ae4e6b1
1424,other,?rva0002cca5Target@@YAMMMPADH@Z,0x00096DD0,1,5,5,game/GameEngine/Source/Common/Rva0002CCA5GetGameLogicRandomValueRealThunk.cpp,name:?rva0002cca5Target@@YAMMMPADH@Z,nothing defines it,tools/link_check.py,007ae4e6b1
1425,other,?rva00030d69Target@@YAXXZ,0x003B4C80,1,5,5,game/GameEngineDevice/Source/W3DDevice/GameClient/Drawable/Draw/ModelConditionInfoHideShowSubObjInfoAllocateAndCopyThunk.cpp,name:?rva00030d69Target@@YAXXZ,nothing defines it,tools/link_check.py,007ae4e6b1
1426,provider,?rva00036057Target@@YAXXZ,0x000D5380,1,5,5,game/GameEngine/Source/Common/RTS/PlayerAddScienceIncrementalThunk.cpp,name:?rva00036057Target@@YAXXZ,nothing defines it (alias),tools/provider_repair.py,007ae4e6b1
1427,other,?rva00037024Target@@YAXXZ,0x00388030,1,5,5,game/GameEngineDevice/Source/W3DDevice/GameClient/Drawable/Draw/Rva00037024W3DAnimationInfoInsertOverflowThunk.cpp,name:?rva00037024Target@@YAXXZ,nothing defines it,tools/link_check.py,007ae4e6b1
1428,other,?rva00039577Target@@YAXXZ,0x000A78A0,1,5,5,game/GameEngineDevice/Source/W3DDevice/GameClient/Drawable/Draw/ParticleSysBoneInfoCopyThunk.cpp,name:?rva00039577Target@@YAXXZ,nothing defines it,tools/link_check.py,007ae4e6b1
1429,other,?rva0003D3C5Target@@YAXXZ,0x003B5000,1,5,5,game/GameEngineDevice/Source/W3DDevice/GameClient/Drawable/Draw/W3DAnimationInfoAllocateAndCopyBody.cpp,name:?rva0003D3C5Target@@YAXXZ,nothing defines it,tools/link_check.py,007ae4e6b1
1430,provider,?rva000481e9Target@@YAXXZ,0x00371D00,1,5,5,game/GameEngine/Source/Common/Containers/Rva000481E9VectorClearThunk.cpp,name:?rva000481e9Target@@YAXXZ,nothing defines it (alias),tools/provider_repair.py,007ae4e6b1
1431,other,?structureCollapseUpdateTarget@@YAXXZ,0x002AE200,1,5,5,game/GameEngine/Source/Common/CarvedJmp0004A345.cpp,name:?structureCollapseUpdateTarget@@YAXXZ,nothing defines it,tools/link_check.py,007ae4e6b1
1432,provider,?tg_004c4500@@YAXXZ,0x000C4500,1,5,5,game/GameEngine/Source/Common/Rva00008DCDListCtorThunk.cpp,name:?tg_004c4500@@YAXXZ,nothing defines it (alias),tools/provider_repair.py,007ae4e6b1
1433,provider,?upper_bound@AsciiStringTreeUpperBoundShim@_STL@@QBEPAU?$_Rb_tree_node@VAsciiString@@@2@ABVAsciiString@@@Z,0x000804D0,1,5,5,game/Libraries/Source/WWVegas/WWLib/Rva00018ADEAsciiStringUpperBoundThunk.cpp,name:?upper_bound@AsciiStringTreeUpperBoundShim@_STL@@QBEPAU?$_Rb_tree_node@VAsciiString@@@2@ABVAsciiString@@@Z,nothing defines it (alias),tools/provider_repair.py,007ae4e6b1
1434,provider,?w3dSmudgeManagerReleaseResources@@YAXXZ,0x00322190,1,5,5,game/GameEngineDevice/Source/W3DDevice/GameClient/W3DSmudgeManagerReleaseResourcesThunk.cpp,name:?w3dSmudgeManagerReleaseResources@@YAXXZ,nothing defines it (alias),tools/provider_repair.py,007ae4e6b1
1435,other,_UpgradeModuleModuleDataCtor,0x00128D20,1,5,5,game/GameEngine/Source/GameLogic/Object/Upgrade/UpgradeModuleDataCtorThunk.cpp,name:_UpgradeModuleModuleDataCtor,nothing defines it,tools/link_check.py,007ae4e6b1
1436,import,__imp__GdipCloneImageIat@8,0x00F591CC,1,5,5,game/GameEngine/Source/Common/GdipCloneImageImportThunk.cpp,name:__imp__GdipCloneImageIat@8,nothing defines it (import),tools/import_binding.py,007ae4e6b1
1437,other,_customMatchPreferencesCtorTarget,0x000AB7F0,1,5,5,game/GameEngine/Source/Common/CustomMatchPreferencesCtorThunk.cpp,name:_customMatchPreferencesCtorTarget,nothing defines it,tools/link_check.py,007ae4e6b1
1438,body,??1AptElement@@QAE@XZ,0x004672A0,1,1,1,game/GameEngine/Source/GameClient/GUI/WindowManagerDestructor.cpp,source:game/GameEngine/Source/GameClient/GUI/WindowManagerDestructor.cpp,bytes differ at +0x0 (0x004672A0),tools/probe.py,007ae4e6b1
