rank,name,kind,family,bytes_unlocked,files,hint,census
1,?_M_deallocate@?$__node_alloc@$00$0A@@_STL@@CAXPAXI@Z,wrong_selected,stlport,20283,game/GameEngine/Source/Common/Bfme/Rva009EC4B0SetMerge.cpp;game/GameEngine/Source/Common/Bfme5KeyErase.cpp;game/GameEngine/Source/Common/BfmeGen003A8910VectorCopy.cpp;game/GameEngine/Source/Common/BfmePackedUshortMapErase406430.cpp;game/GameEngine/Source/Common/BigBlockReleases.cpp;game/GameEngine/Source/Common/ChainVictimVectorPushBack.cpp;game/GameEngine/Source/Common/Element32Construct.cpp;game/GameEngine/Source/Common/ExperienceLevelListCopyConstructor.cpp;game/GameEngine/Source/Common/Gen00371090Remove.cpp;game/GameEngine/Source/Common/Gen003C55F0Destructor.cpp;game/GameEngine/Source/Common/Glo012F1028Type_Rva003C1C50.cpp;game/GameEngine/Source/Common/INI/Rva000BD9F0DAF0IndexVectorParse.cpp;game/GameEngine/Source/Common/LGA_MemberObjDestructor.cpp;game/GameEngine/Source/Common/R3VectorOwnerDestructors.cpp;game/GameEngine/Source/Common/RTS/ResourceGatheringManagerLists.cpp;game/GameEngine/Source/Common/RTS/ScoreKeeperReset.cpp;game/GameEngine/Source/Common/RTS/TeamFactoryList.cpp;game/GameEngine/Source/Common/Rva00089CE0DequePushBackAux.cpp;game/GameEngine/Source/Common/Rva00095230NodeDeallocate.cpp;game/GameEngine/Source/Common/Rva00134230Release.cpp;game/GameEngine/Source/Common/Rva001B6F20Destructor.cpp;game/GameEngine/Source/Common/Rva0026B230Collect.cpp;game/GameEngine/Source/Common/Rva0035AE40DequePushBackAux.cpp;game/GameEngine/Source/Common/Rva0035AEC0DequePushBackAux.cpp;game/GameEngine/Source/Common/Rva0035B2A0DequePushBackAux.cpp;game/GameEngine/Source/Common/Rva0035B320DequePushBackAux.cpp;game/GameEngine/Source/Common/Rva0036B6B0OwnedPointerCleanup.cpp;game/GameEngine/Source/Common/Rva0037BF60TwoTreeCtor.cpp;game/GameEngine/Source/Common/Rva0037FDF0_push.cpp;game/GameEngine/Source/Common/Rva003C2280VectorAppend.cpp;game/GameEngine/Source/Common/Rva003C5890VectorAppend.cpp;game/GameEngine/Source/Common/Rva003C58E0SortedInsert.cpp;game/GameEngine/Source/Common/Rva00406C50MapIndex.cpp;game/GameEngine/Source/Common/Rva00452150TwoListCtor.cpp;game/GameEngine/Source/Common/Rva004B1880MapSubscript.cpp;game/GameEngine/Source/Common/Rva00591F10ListTransfer.cpp;game/GameEngine/Source/Common/Rva005A3B20Destructor.cpp;game/GameEngine/Source/Common/Rva005A41F0Tick.cpp;game/GameEngine/Source/Common/Rva006070E0NativeTreeConstructor.cpp;game/GameEngine/Source/Common/Rva0069D8A0ListPop.cpp;game/GameEngine/Source/Common/Rva0069DBE0ListErase.cpp;game/GameEngine/Source/Common/Rva0069DC90ListPopBack.cpp;game/GameEngine/Source/Common/Rva0069E7A0ListClear.cpp;game/GameEngine/Source/Common/Rva0069E810DequePopFront.cpp;game/GameEngine/Source/Common/Rva006A0810BucketUnlink.cpp;game/GameEngine/Source/Common/Rva009C8F40Release.cpp;game/GameEngine/Source/Common/Rva009C91C0Release.cpp;game/GameEngine/Source/Common/Rva009CBA60Release.cpp;game/GameEngine/Source/Common/Rva009CBD90VectorRelease.cpp;game/GameEngine/Source/Common/Rva009F4A40Allocator.cpp;game/GameEngine/Source/Common/S3VectorBaseDestructors.cpp;game/GameEngine/Source/Common/STLIntHashSetClear.cpp;game/GameEngine/Source/Common/Small03hStlDealloc.cpp;game/GameEngine/Source/Common/SmallGaps/Rva004F1210Deallocate.cpp;game/GameEngine/Source/Common/System/FileExistCacheIntKey.cpp;game/GameEngine/Source/Common/System/RecorderHandleCRCMessage.cpp;game/GameEngine/Source/Common/ThingRefDequeClear.cpp;game/GameEngine/Source/Common/Y3VectorOwningDestructors.cpp;game/GameEngine/Source/Common/Y4VectorCloneAssignment.cpp;game/GameEngine/Source/Common/Y4VectorCloneCopyCtor.cpp;game/GameEngine/Source/GameClient/Drawable/Behavior/Rva00608FE0ElementCtor.cpp;game/GameEngine/Source/GameClient/GameClientMember00593980Ctor.cpp;game/GameEngine/Source/GameClient/InGameUIDeselectAllDrawables.cpp;game/GameEngine/Source/GameClient/Rva009F5280VectorBuffer.cpp;game/GameEngine/Source/GameLogic/AI/PathfindCellPairMerge00406EC0.cpp;game/GameEngine/Source/GameLogic/AI/Rva002493A0.cpp;game/GameEngine/Source/GameLogic/Object/Contain/OpenContainModelConditionMap.cpp;game/GameEngine/Source/GameLogic/Object/Contain/Rva0023A730Slot03.cpp;game/GameEngine/Source/GameLogic/Object/Update/Rva002581B0ListReset.cpp;game/GameEngine/Source/GameLogic/Object/Upgrade/SubObjectsUpgradeRecordPointerVectorInsertOverflow.cpp;game/GameEngine/Source/GameLogic/Object/WeaponTemplate_parseClearNuggets.cpp;game/GameEngine/Source/GameNetwork/DownloadManagerListClear.cpp;game/GameEngine/Source/GameNetwork/GameSpy/Thread/MultiByteToWideCharSingleLine.cpp;game/GameEngine/Source/GameNetwork/GameSpy/Thread/updateBuddyStatus.cpp;game/GameEngine/Source/GameNetwork/NetPacketListLifetime.cpp;game/GameEngineDevice/Source/MilesAudioDevice/PlayingAudioDequeErase006A6F00.cpp;game/GameEngineDevice/Source/MilesAudioDevice/RequestFlags006A6B40.cpp;game/GameEngineDevice/Source/MilesAudioDevice/Rva0069D1C0PurgeFinishedSounds.cpp;game/GameEngineDevice/Source/W3DDevice/GameClient/Drawable/Draw/W3DModelDrawPristineBoneInfoMapDestructor.cpp;game/GameEngineDevice/Source/W3DDevice/GameClient/Rva006DED60RoadBuffer_rva006DEB70.cpp;game/Libraries/Source/WWVegas/WWDownload/RegistryGetString.cpp;game/Libraries/Source/WWVegas/WWLib/Deque20ByteElement.cpp;game/Libraries/Source/WWVegas/WWLib/Rva00134420AllocatorAllocate.cpp;game/Libraries/Source/WWVegas/WWLib/Rva00135230VectorDtor.cpp;game/Libraries/Source/WWVegas/WWLib/Rva00197480NestedVectorCopy.cpp;game/Libraries/Source/WWVegas/WWLib/Rva001A6BD0VectorDtor.cpp;game/Libraries/Source/WWVegas/WWLib/Rva00236550VectorDtor.cpp;game/Libraries/Source/WWVegas/WWLib/Rva002E4F50VectorDtor28.cpp;game/Libraries/Source/WWVegas/WWLib/Rva002E7240VectorDtor.cpp;game/Libraries/Source/WWVegas/WWLib/Rva00712290VectorDtor.cpp;game/Libraries/Source/WWVegas/WWLib/Rva0081DA00VectorDtor.cpp;game/Libraries/Source/WWVegas/WWLib/Rva00850D80AllocatorAllocate.cpp;game/Libraries/Source/WWVegas/WWLib/Rva008F9180DequeIncrement.cpp;game/Libraries/Source/WWVegas/WWLib/Rva008F9C90Alloc20.cpp;game/Libraries/Source/WWVegas/WWLib/Rva008F9DA0AllocDealloc8.cpp;game/Libraries/Source/WWVegas/WWLib/Rva008FA450DequeDestroyAux.cpp;game/Libraries/Source/WWVegas/WWLib/Rva0090EAD0VectorDtor.cpp;game/Libraries/Source/WWVegas/WWLib/Rva00926700NodeDeallocate.cpp;game/Libraries/Source/WWVegas/WWLib/Rva00927650TreeBaseCtor.cpp;game/Libraries/Source/WWVegas/WWLib/Rva009C9310AllocatorAllocate.cpp;game/Libraries/Source/WWVegas/WWLib/Rva009C9490TreeBaseCtor.cpp;game/Libraries/Source/WWVegas/WWLib/Rva009CBBA0VectorDtor.cpp;game/Libraries/Source/WWVegas/WWLib/Rva009CBFA0VectorPushBack.cpp;game/Libraries/Source/WWVegas/WWLib/Rva009CED00AllocatorAllocate.cpp;game/Libraries/Source/WWVegas/WWLib/Rva009D7100AllocatorAllocate.cpp;game/Libraries/Source/WWVegas/WWLib/Rva009D7310Release.cpp;game/Libraries/Source/WWVegas/WWLib/Rva009ECF60AllocDealloc4.cpp;game/Libraries/Source/WWVegas/WWLib/Rva009ED030AllocDealloc8.cpp;game/Libraries/Source/WWVegas/WWLib/Rva009ED710Allocator.cpp;game/Libraries/Source/WWVegas/WWLib/Rva009F5B10VectorPushBack24.cpp;game/Libraries/Source/WWVegas/WWLib/UIntStdStringMapOperator.cpp;game/Libraries/Source/assetmanager/AssetRegistryQueueKeys009EFBF0.cpp;game/Libraries/Source/assetmanager/Q1Receiver0134FAAC_m009F1AE0.cpp,the link keeps a non-retail definition: fix or remove the wrong emitter ahead of retail's copy,bb1f0edd39
2,_gpDisconnect,wrong_selected,,10306,game/GameEngine/Source/GameNetwork/GameSpy/gp/gp.c,the link keeps a non-retail definition: fix or remove the wrong emitter ahead of retail's copy,bb1f0edd39
3,??1AsciiString@@QAE@XZ,duplicates,strings,5288,game/GameEngine/Source/Common/Bfme/Rva00C6DC10StaticInit.cpp;game/GameEngine/Source/Common/Bfme7NarrowSetterHeads.cpp;game/GameEngine/Source/Common/BfmeCloudSetEQDtor.cpp;game/GameEngine/Source/Common/BfmeScriptEngineSlashName.cpp;game/GameEngine/Source/Common/DamageFXStore_findDamageFX_Thunk.cpp;game/GameEngine/Source/Common/Gen_dtor_004b05d0.cpp;game/GameEngine/Source/Common/Open2Destructors.cpp;game/GameEngine/Source/Common/P7ByValueStringSetters.cpp;game/GameEngine/Source/Common/Rva001C2E50Xfer.cpp;game/GameEngine/Source/Common/Rva00471F80Destructor.cpp;game/GameEngine/Source/Common/Rva007E3450Destructor.cpp;game/GameEngine/Source/Common/StaticInit/Rva012ED4ECGlobal.cpp;game/GameEngine/Source/Common/StaticInit/Rva012ED4F0Global.cpp;game/GameEngine/Source/Common/StaticInit/Rva012ED60CGlobal.cpp;game/GameEngine/Source/Common/StaticInit/Rva012EF430Global.cpp;game/GameEngine/Source/Common/StringRefRecordDestructors.cpp;game/GameEngine/Source/Common/System/UpgradeFindVeterancyUpgradeThunk.cpp;game/GameEngine/Source/GameClient/ParticleSystemFXNugget_dtor_Thunk.cpp;game/GameEngine/Source/GameClient/W3DDisplayStringManagerUnlink.cpp;game/GameEngine/Source/GameLogic/Map/Gen_dtor_001a7350.cpp;game/GameEngine/Source/GameLogic/Object/Update/EmotionTrackerUpdateEntryDestructor.cpp;game/GameEngine/Source/GameLogic/ScriptEngine/LuaScriptEngineScanEventKeys.cpp;game/GameEngineDevice/Source/W3DDevice/GameClient/Drawable/Draw/W3DTruckDrawModuleDataDestructor.cpp,"two strong definitions: keep the retail-proven one, remove the definition nothing verified needs",bb1f0edd39
4,?compare@AsciiString@@QBEHABV1@@Z,duplicates,strings,5004,game/GameEngine/Source/Common/Gen_000AA4A0_recordEqual.cpp;game/GameEngine/Source/Common/PlayerAITypeSetFind.cpp;game/GameEngine/Source/Common/Rva000B3FA0OwnerSet.cpp;game/GameEngine/Source/Common/Rva000D4360Owner.cpp;game/GameEngine/Source/Common/Rva003568C0StringRecordFindNameIndex.cpp;game/GameEngine/Source/Common/S3KindAndNameMatch.cpp;game/GameEngine/Source/GameClient/Rva00743BF0NamedEntryStart.cpp;game/GameEngine/Source/GameLogic/LivingWorld/BfmeLwcmFindByKey.cpp;game/GameEngine/Source/GameLogic/LivingWorld/BfmeLwcmFindIndex.cpp;game/GameEngine/Source/GameLogic/Object/Update/BfmeAttributeNamedEntryFind.cpp;game/GameEngine/Source/GameLogic/System/ExperienceLevelSystem_findExperienceScalarTable.cpp;game/GameEngine/Source/GameNetwork/Rva00692570KeyLess.cpp;game/GameEngineDevice/Source/MilesAudioDevice/MilesAudioManagerGetProviderIndex.cpp;game/GameEngineDevice/Source/MilesAudioDevice/MilesAudioManagerIsPlayingAlready.cpp;game/Libraries/Source/WWVegas/WWLib/Rva00197430PairLess.cpp;game/Libraries/Source/WWVegas/WWLib/RvaTreeFindStringPair.cpp;game/Libraries/Source/WWVegas/WWLib/TreeLowerBoundStringPair0019A8E0.cpp,"two strong definitions: keep the retail-proven one, remove the definition nothing verified needs",bb1f0edd39
5,?rva003e5b80@Rva003E5A50Info@@QAEHPAVPathfindCell@@0HH@Z,unresolved,,4302,game/GameEngine/Source/GameLogic/AI/PathfinderIterateCellsAlongLineCallbacks.cpp,"nothing defines it: define the datum once (add_data_match.py), map the import to retail's IAT name, or fix the callee's name",bb1f0edd39
6,_g_Rva0112CB48,unresolved,,3033,game/Libraries/Source/DirtySock/ProtoSSLParseCertificate.c,"nothing defines it: define the datum once (add_data_match.py), map the import to retail's IAT name, or fix the callee's name",bb1f0edd39
7,?g_BFMEIndexBufferDebug@@3PAVBfmeLogIBD@@A,unresolved,,2380,game/GameEngineDevice/Source/W3DDevice/GameClient/Rva006D53A0Update.cpp;game/GameEngineDevice/Source/W3DDevice/GameClient/Rva006D5750Update.cpp;game/GameEngineDevice/Source/W3DDevice/GameClient/Rva006D5B10Update.cpp,"nothing defines it: define the datum once (add_data_match.py), map the import to retail's IAT name, or fix the callee's name",bb1f0edd39
8,?bfmeVec3Hermite@@YGPAUBfmeVector3@@PAU1@PBUCoord3D@@111M@Z,unresolved,,2344,game/GameEngine/Source/Common/CatmullRom003A14C0.cpp;game/GameEngine/Source/GameClient/BFMERopeDrawableInterpolatedPosition.cpp,"nothing defines it: define the datum once (add_data_match.py), map the import to retail's IAT name, or fix the callee's name",bb1f0edd39
9,_gpiProcessRecvBuddyMessage,losers,,2305,game/GameEngine/Source/GameNetwork/GameSpy/gp/gpi.c,a COMDAT copy that is not retail's body: fix or remove the wrong emitter,bb1f0edd39
10,??_7SmudgeManager@@6B@,losers,,2185,game/GameEngine/Source/GameClient/System/Smudge.cpp,a COMDAT copy that is not retail's body: fix or remove the wrong emitter,bb1f0edd39
11,?Rva006A16B0Empty@@3PADA,unresolved,,2007,game/GameEngine/Source/Common/Rva007E55F0Vp6StreamInvoke.cpp;game/Libraries/Source/WWVegas/WWLib/chunkio.cpp,"nothing defines it: define the datum once (add_data_match.py), map the import to retail's IAT name, or fix the callee's name",bb1f0edd39
12,??4Rva0036CA00Str@@QAEAAV0@ABV0@@Z,unresolved,,2000,game/GameEngine/Source/Common/Rva000DF920Assign.cpp;game/GameEngine/Source/Common/Rva000EB280Set.cpp;game/GameEngine/Source/Common/Rva000FC550Assign.cpp;game/GameEngine/Source/Common/Rva000FC640Assign.cpp;game/GameEngine/Source/Common/Rva0013A0C0Assign.cpp;game/GameEngine/Source/Common/Rva0013A1A0Copy.cpp;game/GameEngine/Source/Common/Rva0013E4D0Take.cpp;game/GameEngine/Source/Common/Rva0014A470Assign.cpp;game/GameEngine/Source/Common/Rva001BDA20Set.cpp;game/GameEngine/Source/Common/Rva00336C90Assign.cpp;game/GameEngine/Source/Common/Rva0034FE00Assign.cpp;game/GameEngine/Source/Common/Rva00383B40Set.cpp;game/GameEngine/Source/Common/Rva003A4040Assign.cpp;game/GameEngine/Source/Common/Rva003ACF60Assign.cpp;game/GameEngine/Source/Common/Rva003AD010Assign.cpp;game/GameEngine/Source/Common/Rva003B3000Assign.cpp;game/GameEngine/Source/Common/Rva003B3080Assign.cpp;game/GameEngine/Source/Common/Rva00415A60Take.cpp;game/GameEngine/Source/Common/Rva00415AE0Take.cpp;game/GameEngine/Source/Common/Rva00458450Assign.cpp;game/GameEngine/Source/Common/Rva004666C0Set.cpp;game/GameEngine/Source/Common/Rva00630D60Assign.cpp;game/GameEngine/Source/Common/Rva006EAFA0Assign.cpp;game/GameEngine/Source/Common/Rva0073D400Set.cpp;game/GameEngine/Source/Common/Rva0075B750Assign.cpp,"nothing defines it: define the datum once (add_data_match.py), map the import to retail's IAT name, or fix the callee's name",bb1f0edd39
13,_ciEnteringChannelComparator,unresolved,,1977,game/GameEngine/Source/GameNetwork/GameSpy/chat/chatChannel.c,"nothing defines it: define the datum once (add_data_match.py), map the import to retail's IAT name, or fix the callee's name",bb1f0edd39
14,_g_Rva0130ACC8Text,unresolved,,1900,game/Libraries/Source/Y4DirtySock/Y4DirtySockAddrText.c,"nothing defines it: define the datum once (add_data_match.py), map the import to retail's IAT name, or fix the callee's name",bb1f0edd39
15,?bfmeCompare@BfmeNameAU@@QBEHPBV1@@Z,losers,,1891,game/GameEngine/Source/Common/Bfme5AdjustHeapAV.cpp;game/GameEngine/Source/Common/Bfme5SortHeapAU.cpp;game/GameEngine/Source/Common/Bfme5SortHeapAV.cpp;game/GameEngine/Source/Common/Q4FunctionPointerSortHelpers.cpp,a COMDAT copy that is not retail's body: fix or remove the wrong emitter,bb1f0edd39
16,?TheScriptEngine@@3PAVScriptEngine@@A,unresolved,globals,1873,game/GameEngine/Source/Common/BfmeScriptUnitBitTest.cpp;game/GameEngine/Source/Common/BfmeScriptUnitTemplateBitEq.cpp;game/GameEngine/Source/Common/Rva000C9530Wrap.cpp;game/GameEngine/Source/GameLogic/Object/Behavior/CastleBehaviorRva00371EE0StatusBit.cpp;game/GameEngine/Source/GameLogic/ScriptEngine/BfmeLookupDrawF350.cpp;game/GameEngine/Source/GameLogic/ScriptEngine/Rva0032B190Condition.cpp;game/GameEngine/Source/GameLogic/ScriptEngine/ScriptActionsGates.cpp;game/GameEngine/Source/GameLogic/ScriptEngine/ScriptActionsNamedSetModelCondition.cpp;game/GameEngine/Source/GameLogic/ScriptEngine/ScriptActions_doFreezeTime.cpp;game/GameEngine/Source/GameLogic/ScriptEngine/ScriptConditionsObjectDistanceRva003239A0.cpp,"nothing defines it: define the datum once (add_data_match.py), map the import to retail's IAT name, or fix the callee's name",bb1f0edd39
17,?Rva012D88D0Round@@3QBGB,unresolved,,1815,game/GameEngine/Source/Common/Rva009C6390BinkMmx.cpp;game/GameEngine/Source/Common/Rva009C6470BinkMmx.cpp;game/GameEngine/Source/Common/Rva009C6540BinkMmx.cpp;game/GameEngine/Source/Common/Rva009C6620BinkMmx.cpp;game/GameEngine/Source/Common/Rva009C66F0BinkMmx.cpp;game/GameEngine/Source/Common/Rva009C6780BinkMmx.cpp;game/GameEngine/Source/Common/Rva009C6800.cpp;game/GameEngine/Source/Common/Rva009C6A30.cpp,"nothing defines it: define the datum once (add_data_match.py), map the import to retail's IAT name, or fix the callee's name",bb1f0edd39
18,?getSepsColon@INI@@QBEPBDXZ,losers,,1763,game/GameEngine/Source/Common/MultiPlayMultParseCallbacks.cpp,a COMDAT copy that is not retail's body: fix or remove the wrong emitter,bb1f0edd39
19,?g_bfmeDefaultBU@@3MA,unresolved,,1753,game/GameEngine/Source/Common/Bfme/Rva001B46B0NormalizedDeltaZ.cpp;game/GameEngine/Source/Common/BfmeConv1813.cpp;game/GameEngine/Source/Common/BfmeConv2037.cpp;game/GameEngine/Source/Common/BfmeConv2044.cpp;game/GameEngine/Source/Common/Rva0022FC80Curve.cpp;game/GameEngine/Source/Common/Rva0040E170Extra.cpp;game/GameEngine/Source/Common/Rva006FCC10NormalizedRange.cpp;game/GameEngine/Source/Common/Rva0075C9F0Dispatch.cpp;game/GameEngine/Source/Common/SmallGaps/Rva0090FE40ExtractReset.cpp;game/GameEngine/Source/GameClient/System/FXParticleSystem/SphereEmissionVolumeModuleGetVelocity.cpp;game/GameEngine/Source/GameLogic/Object/Update/Rva00267930FloatUpdate.cpp;game/GameEngine/Source/GameLogic/Object/Update/Rva0029C380BuildableStatus.cpp;game/GameEngineDevice/Source/W3DDevice/GameClient/Drawable/Draw/Rva0075C8B0RenderState.cpp;game/GameEngineDevice/Source/W3DDevice/GameClient/GUI/W3DAptAux.cpp;game/GameEngineDevice/Source/W3DDevice/GameClient/W3DShrubBuffer_updateTopplingTree.cpp,"nothing defines it: define the datum once (add_data_match.py), map the import to retail's IAT name, or fix the callee's name",bb1f0edd39
20,?SendNewPort@Cftp@@QAEHXZ,wrong_selected,,1746,game/Libraries/Source/WWVegas/WWDownload/CftpGetNextFileBlock.cpp;game/Libraries/Source/WWVegas/WWDownload/CftpSendNewPort.cpp,the link keeps a non-retail definition: fix or remove the wrong emitter ahead of retail's copy,bb1f0edd39
21,_SBServerParseQR2FullKeys,wrong_selected,,1691,game/GameEngine/Source/GameNetwork/GameSpy/serverbrowsing/sb_queryengine.c,the link keeps a non-retail definition: fix or remove the wrong emitter ahead of retail's copy,bb1f0edd39
22,_g_bfmeTerrainVisual,unresolved,,1627,game/GameEngine/Source/Common/Rva001A3410TerrainDispatch.cpp;game/GameEngine/Source/GameLogic/Map/Rva001A51F0GridVisitInt.cpp;game/GameEngine/Source/GameLogic/Map/Rva001A55E0GridVisitByte.cpp,"nothing defines it: define the datum once (add_data_match.py), map the import to retail's IAT name, or fix the callee's name",bb1f0edd39
23,?Gen0082E5F0@@YAXPAXI@Z,unresolved,,1626,game/GameEngine/Source/Common/Q3VectorStorageRelease.cpp;game/GameEngine/Source/Common/R4VectorStorageReleaseWide.cpp;game/GameEngine/Source/Common/Rva0069C710SmallRelease.cpp,"nothing defines it: define the datum once (add_data_match.py), map the import to retail's IAT name, or fix the callee's name",bb1f0edd39
24,??0Coord3D@@QAE@XZ,duplicates,,1490,game/GameEngine/Source/GameClient/System/FXParticleSystem/LineEmissionVolumeModuleGetPosition.cpp;game/GameEngine/Source/GameClient/System/FXParticleSystem/SphereEmissionVolumeModuleGetPosition.cpp;game/GameEngine/Source/GameLogic/AI/PathGetLastValidWaypointPosition.cpp;game/GameEngine/Source/GameLogic/Map/BridgeIsCellEntryPoint.cpp;game/GameEngineDevice/Source/W3DDevice/Common/System/W3DRadar_reconstructViewBox_rva006C0C00.cpp,"two strong definitions: keep the retail-proven one, remove the definition nothing verified needs",bb1f0edd39
25,?g_bfmeEmptyAscii@@3QBDB,unresolved,,1471,game/GameEngine/Source/Common/Rva003C0110NameLookup.cpp;game/GameEngine/Source/Common/Rva003C5360StringFind.cpp;game/GameEngine/Source/Common/Rva006FE5A0.cpp;game/GameEngine/Source/GameClient/GameTextStringLookUpBounds.cpp;game/GameEngine/Source/GameClient/GameTextStringLookUpInsert.cpp;game/GameEngine/Source/GameClient/GameTextStringLookUpPartition.cpp;game/GameEngine/Source/GameLogic/LivingWorld/LivingWorldRegionManager_Rva003C8A50.cpp;game/GameEngine/Source/GameLogic/ScriptEngine/Rva002E7E00TokenDispatch.cpp,"nothing defines it: define the datum once (add_data_match.py), map the import to retail's IAT name, or fix the callee's name",bb1f0edd39
26,?g_bfmeDirtyBG@@3IA,unresolved,,1463,game/GameEngine/Source/Common/SmallGaps/Rva0018EEF0ScaleTriples.cpp;game/GameEngineDevice/Source/W3DDevice/GameClient/Water/WaterRenderObjUpdate.cpp,"nothing defines it: define the datum once (add_data_match.py), map the import to retail's IAT name, or fix the callee's name",bb1f0edd39
27,??1BfmeHandleCX@@QAE@XZ,duplicates,,1459,game/GameEngine/Source/Common/Bfme5FiftyEight.cpp;game/GameEngine/Source/Common/Bfme5FiftyThree.cpp;game/GameEngine/Source/Common/Bfme5ThirtyFive.cpp;game/GameEngine/Source/Common/Bfme5ThirtySix.cpp;game/GameEngine/Source/Common/Rva006FD510MeshMatDescGetTexture.cpp;game/GameEngine/Source/Common/Rva00C6C520StaticInit.cpp;game/GameEngineDevice/Source/W3DDevice/GameClient/WorldHeightMapRva0074C690.cpp;game/Libraries/Source/WWVegas/WW3D2/TextureHandleDestructor.cpp,"two strong definitions: keep the retail-proven one, remove the definition nothing verified needs",bb1f0edd39
28,?_M_insert@?$_Rb_tree@PAURva00296ED0Target@@PAU1@U?$_Identity@PAURva00296ED0Target@@@_STL@@U?$less@PAURva00296ED0Target@@@3@V?$allocator@PAURva00296ED0Target@@@3@@_STL@@AAE?AU?$_Rb_tree_iterator@PAURva00296ED0Target@@U?$_Nonconst_traits@PAURva00296ED0Target@@@_STL@@@2@PAU_Rb_tree_node_base@2@0ABQAURva00296ED0Target@@0@Z,losers,stlport,1432,game/Libraries/Source/WWVegas/WWLib/RvaTreeMInsertIdentity.cpp,a COMDAT copy that is not retail's body: fix or remove the wrong emitter,bb1f0edd39
29,_Rva0081BDAE@4,unresolved,,1422,game/Libraries/Source/DirtySock/Rva00813100ConnectionSetup.cpp,"nothing defines it: define the datum once (add_data_match.py), map the import to retail's IAT name, or fix the callee's name",bb1f0edd39
30,?Gen007EFFC0@@YAPAVGenAlloc@@XZ,unresolved,,1405,game/GameEngine/Source/Common/S3AllocatorOperatorNewDelete.cpp;game/GameEngine/Source/Common/S3PolymorphicArrayClear.cpp;game/GameEngine/Source/GameNetwork/Rva00801B70FeslAlloc.cpp;game/GameEngine/Source/GameNetwork/Rva00801BD0FeslAlloc.cpp;game/GameEngine/Source/GameNetwork/Rva00802C30FeslAlloc.cpp;game/GameEngine/Source/GameNetwork/Y2FeslBufferAndChain.cpp,"nothing defines it: define the datum once (add_data_match.py), map the import to retail's IAT name, or fix the callee's name",bb1f0edd39
31,??1AudioEventRTS@@QAE@XZ,wrong_selected,,1306,game/GameEngine/Source/Common/Audio/AudioEventRTSDeletingDestructor.cpp;game/GameEngine/Source/Common/Rva00221570Audio.cpp;game/GameEngine/Source/Common/Rva00221630Audio.cpp;game/GameEngine/Source/GameLogic/Object/Collide/CrateCollide/HealCrateCollide_executeCrateBehavior.cpp;game/GameEngine/Source/GameLogic/Object/ObjectAttemptDamageHook.cpp,the link keeps a non-retail definition: fix or remove the wrong emitter ahead of retail's copy,bb1f0edd39
32,?g_bfmeClampTable@@3QBEB,unresolved,,1275,game/GameEngine/Source/Common/BfmeLoopFilterHoriz.cpp;game/GameEngine/Source/Common/BfmeLoopFilterVert.cpp;game/GameEngine/Source/Common/Rva009AF570FilterVert.cpp;game/GameEngine/Source/Common/Rva009AF6A0FilterHoriz.cpp,"nothing defines it: define the datum once (add_data_match.py), map the import to retail's IAT name, or fix the callee's name",bb1f0edd39
33,?functorSlotWrapperAnchor@FunctorSlotWrapperHead@@UAEXXZ,unresolved,,1269,game/GameEngine/Source/Common/FunctorBindSlotWrapperCtors.cpp,"nothing defines it: define the datum once (add_data_match.py), map the import to retail's IAT name, or fix the callee's name",bb1f0edd39
34,??1BfmeDtorMemberC@@QAE@XZ,unresolved,,1267,game/GameEngine/Source/Common/Bfme5RefReleaseDestructors.cpp;game/GameEngine/Source/Common/Bfme5TwoMemberDestructors.cpp;game/GameEngine/Source/Common/Bfme7NarrowStringChainDestructors.cpp;game/GameEngine/Source/Common/Rva004ACD70ZeroingDestructor.cpp,"nothing defines it: define the datum once (add_data_match.py), map the import to retail's IAT name, or fix the callee's name",bb1f0edd39
35,?fast_float_floor@@YAMM@Z,losers,,1220,game/GameEngine/Source/GameLogic/AI/Rva003D8530PathfinderCellDrop.cpp;game/GameEngine/Source/GameLogic/AI/pathfind_getcell.cpp;game/GameEngineDevice/Source/W3DDevice/GameClient/HeightMapLineMaxHeight_006C6910.cpp,a COMDAT copy that is not retail's body: fix or remove the wrong emitter,bb1f0edd39
36,?bfmeDeallocate@@YAXPAXI@Z,unresolved,,1215,game/GameEngine/Source/Common/Bfme5BucketClear.cpp;game/GameEngine/Source/Common/Bfme5DequeAdvance.cpp;game/GameEngine/Source/Common/Bfme5HoldingListClears.cpp;game/GameEngine/Source/Common/Bfme5ListClears.cpp;game/GameEngine/Source/Common/Bfme5ListReset.cpp;game/GameEngine/Source/Common/Bfme5SlotRemoveAll.cpp;game/GameEngine/Source/Common/Rva006152A0IntrusiveVectorDestroy.cpp;game/GameEngine/Source/GameClient/GUI/Palantir/Rva00595160PanelUpdate.cpp;game/GameEngine/Source/GameClient/GameClient_clearOwnedList004302B0.cpp;game/GameEngine/Source/GameClient/GameClient_drawIconUIGroup.cpp;game/GameEngine/Source/GameClient/Rva00605820TreeErase.cpp,"nothing defines it: define the datum once (add_data_match.py), map the import to retail's IAT name, or fix the callee's name",bb1f0edd39
37,?TheBfmeFree@@3P6AXPAXI@ZA,unresolved,globals,1190,game/GameEngine/Source/Common/BfmeConv1996.cpp;game/GameEngine/Source/Common/BfmeCopyBackVPD.cpp;game/GameEngine/Source/Common/BfmeHolder95670.cpp;game/GameEngine/Source/Common/Gen008C6020Destructor.cpp;game/GameEngine/Source/Common/Rva008953C0RefRangeCopy.cpp;game/GameEngine/Source/Common/Rva00895430RefRangeCopy.cpp;game/GameEngine/Source/Common/Rva008956C0Contains.cpp;game/GameEngine/Source/Common/Rva008C6220Clear.cpp,"nothing defines it: define the datum once (add_data_match.py), map the import to retail's IAT name, or fix the callee's name",bb1f0edd39
38,?trackTargets@GarrisonContain@@IAEXXZ,duplicates,,1180,game/GameEngine/Source/GameLogic/Object/Contain/GarrisonContainTrackTargets.cpp,"two strong definitions: keep the retail-proven one, remove the definition nothing verified needs",bb1f0edd39
39,?TheTerrainRenderObject@@3PAVRva0074B480TerrainAbi@@A,unresolved,globals,1179,game/GameEngineDevice/Source/W3DDevice/GameClient/WorldHeightMapRva0074B480.cpp,"nothing defines it: define the datum once (add_data_match.py), map the import to retail's IAT name, or fix the callee's name",bb1f0edd39
40,?Get_Bytes_Per_Pixel@@YAIW4WW3DFormat@@@Z,unresolved,,1176,game/Libraries/Source/WWVegas/WW3D2/bitmaphandler.cpp,"nothing defines it: define the datum once (add_data_match.py), map the import to retail's IAT name, or fix the callee's name",bb1f0edd39
41,?fill@U1SupplierLow@@QAEXPAVU1FillTargetLow@@PAX@Z,unresolved,,1176,game/GameEngine/Source/Common/U1Slot2FieldCollectors.cpp,"nothing defines it: define the datum once (add_data_match.py), map the import to retail's IAT name, or fix the callee's name",bb1f0edd39
42,?select008AC460@Rva008AC190Node@@QAEPAU1@H@Z,losers,,1154,game/GameEngine/Source/Common/Rva008AC190TreeSelect.cpp,a COMDAT copy that is not retail's body: fix or remove the wrong emitter,bb1f0edd39
43,?allocate@__new_alloc@_STL@@SAPAXI@Z,duplicates,stlport,1130,game/GameEngine/Source/Common/Bfme5ListSurgery.cpp;game/GameEngine/Source/Common/Rva000C0B00ListConstructor.cpp;game/GameEngine/Source/Common/Rva000E4520StlAllocate.cpp;game/GameEngine/Source/Common/Rva00134720StlAllocate.cpp;game/GameEngine/Source/Common/Rva002E0930ListConstructor.cpp;game/GameEngine/Source/Common/Rva00425680.cpp;game/GameEngine/Source/Common/Rva00473900AllocProxyCtor.cpp;game/GameEngine/Source/Common/Rva00473930AllocProxyCtor.cpp;game/GameEngine/Source/GameClient/Drawable/Behavior/AnimationSoundClientBehaviorModuleDataConstructor.cpp;game/GameEngine/Source/GameClient/GUI/Shell/Rva00784AD0StlAllocate.cpp;game/GameEngine/Source/GameClient/Rva00427130VectorResize.cpp;game/GameEngine/Source/GameLogic/Object/Weapon_rva001F01D0.cpp;game/Libraries/Source/WWVegas/WWLib/Small03gStlAlloc.cpp;game/Libraries/Source/WWVegas/WWLib/Small03hStlAlloc.cpp,"two strong definitions: keep the retail-proven one, remove the definition nothing verified needs",bb1f0edd39
44,?bfmeTwoDSU@BfmeSubDSU@@QAEPAPAXPAPAX@Z,unresolved,,1117,game/GameEngine/Source/GameLogic/Object/Contain/HordeContain/MemberSelection00244680.cpp;game/GameEngine/Source/GameLogic/Object/Contain/HordeContain/Rva002458B0FormationPosition.cpp,"nothing defines it: define the datum once (add_data_match.py), map the import to retail's IAT name, or fix the callee's name",bb1f0edd39
45,?Add_Mesh@DX8TextureCategoryClass@@QAEIAAVVertex_Split_Table@@IIPAVIndexBufferClass@@I@Z,duplicates,,1107,game/Libraries/Source/WWVegas/WW3D2/DX8TextureCategoryAddMesh.cpp,"two strong definitions: keep the retail-proven one, remove the definition nothing verified needs",bb1f0edd39
46,?TheWritableGlobalData@@3PAUGlobalData@@A,unresolved,globals,1100,game/GameEngine/Source/Common/Bfme/Rva002ED8A0Setters.cpp;game/GameEngine/Source/GameLogic/Object/Behavior/BuildingBehavior.cpp;game/GameEngineDevice/Source/W3DDevice/GameClient/BaseHeightMapAllocateScorchBuffers.cpp;game/GameEngineDevice/Source/W3DDevice/GameClient/W3DViewGetHeightAroundPosBfme.cpp;game/GameEngineDevice/Source/W3DDevice/GameClient/Water/WaterSkyBoxPositionSetter.cpp,"nothing defines it: define the datum once (add_data_match.py), map the import to retail's IAT name, or fix the callee's name",bb1f0edd39
47,?bfmeQuery@Pathfinder@@QAEXPAVObject@@PAHPAE@Z,unresolved,,1082,game/GameEngine/Source/GameLogic/AI/PathfindE1f10.cpp;game/GameEngine/Source/GameLogic/AI/PathfinderBfmeLayerForPosition.cpp;game/GameEngine/Source/GameLogic/Pathfinder/PathfindE1fe0.cpp;game/GameEngine/Source/GameLogic/Pathfinder/pathfinder.cpp,"nothing defines it: define the datum once (add_data_match.py), map the import to retail's IAT name, or fix the callee's name",bb1f0edd39
48,?g_bfmeBinkRound@@3QBGB,unresolved,,1075,game/GameEngine/Source/Common/Rva009C6F20BinkSse.cpp;game/GameEngine/Source/Common/Rva009C6FC0BinkSse.cpp;game/GameEngine/Source/Common/Rva009C7060BinkSse.cpp;game/GameEngine/Source/Common/Rva009C70D0BinkSse.cpp;game/GameEngine/Source/Common/Rva009C7140BinkSse.cpp;game/GameEngine/Source/Common/Rva009C7200BinkSse.cpp;game/GameEngine/Source/Common/Rva009C72C0BinkSse.cpp;game/GameEngine/Source/Common/Rva009C7320BinkSse.cpp,"nothing defines it: define the datum once (add_data_match.py), map the import to retail's IAT name, or fix the callee's name",bb1f0edd39
49,??4AsciiString@@QAEAAV0@ABV0@@Z,losers,strings,1058,game/GameEngine/Source/Common/Open2Copies.cpp;game/GameEngine/Source/Common/Rva0028BDF0RecordCopy.cpp;game/GameEngine/Source/GameLogic/ScriptEngine/NamedRevealCopyBody.cpp;game/GameEngineDevice/Source/W3DDevice/GameClient/Drawable/Draw/W3DProjectileStreamEntryCopy.cpp;game/GameEngineDevice/Source/Win32Device/Common/Small03gCopyBack.cpp;game/GameEngineDevice/Source/Win32Device/Common/Small03gCopyWrap.cpp;game/Libraries/Source/WWVegas/WWLib/FactionVictoryParametersCopy.cpp;game/Libraries/Source/WWVegas/WWLib/Gen_t_00776240Assignment.cpp,a COMDAT copy that is not retail's body: fix or remove the wrong emitter,bb1f0edd39
50,<hard-coded image addresses>,addresses,,1053,game/GameEngine/Source/Common/Bfme/Rva0006063CGet.cpp;game/GameEngine/Source/Common/Bfme/Rva0006BD33Get.cpp;game/GameEngine/Source/Common/Bfme/Rva00111D58Get.cpp;game/GameEngine/Source/Common/Bfme/Rva001AC305Get.cpp;game/GameEngine/Source/Common/BfmeThing929G_Init.cpp;game/GameEngine/Source/Common/Rva002E99BFConstant.cpp;game/GameEngine/Source/Common/Rva002E9D4EConstant.cpp;game/GameEngine/Source/Common/Rva00340C90Const.cpp;game/GameEngine/Source/Common/Rva0063F8CDConstant.cpp;game/GameEngine/Source/Common/Rva00641FF3Constant.cpp;game/GameEngine/Source/Common/Rva006510A5Constant.cpp;game/GameEngine/Source/Common/Rva00660E21Constant.cpp;game/GameEngine/Source/Common/Rva00841060Ctor.cpp;game/GameEngine/Source/Common/SmallGaps/hashLower.cpp;game/GameEngine/Source/GameLogic/Map/PolygonTrigger_pointInTrigger.cpp;game/gen_small/fun_002.cpp;game/gen_small/getters_000.cpp,hard-coded image addresses: name them (tools/link_debt.py),bb1f0edd39
51,?bfmeDoBRD@BfmeThingBRD@@QAEXPAX00@Z,unresolved,,1023,game/GameEngine/Source/Common/BfmeConv518.cpp;game/GameEngineDevice/Source/W3DDevice/GameClient/W3DViewCameraUpdateAlternateBfme.cpp;game/GameEngineDevice/Source/W3DDevice/GameClient/W3DViewCameraUpdateBfme.cpp;game/GameEngineDevice/Source/W3DDevice/GameClient/W3DViewResetCameraBfme.cpp;game/GameEngineDevice/Source/W3DDevice/GameClient/W3DViewRotateCameraBfme.cpp;game/GameEngineDevice/Source/W3DDevice/GameClient/W3DViewZoomCameraBfme.cpp,"nothing defines it: define the datum once (add_data_match.py), map the import to retail's IAT name, or fix the callee's name",bb1f0edd39
52,?firstNode@LList@@QAEPAVLListNode@@XZ,losers,,1022,game/GameEngine/Source/Common/System/List.cpp,a COMDAT copy that is not retail's body: fix or remove the wrong emitter,bb1f0edd39
53,?ErrorExit@@YAXXZ,unresolved,,985,game/Libraries/Source/Benchmark/nbench0.cpp,"nothing defines it: define the datum once (add_data_match.py), map the import to retail's IAT name, or fix the callee's name",bb1f0edd39
54,?TheBfmeAwakenDebug@@3PAVBfmeAwakenDebug@@A,unresolved,globals,970,game/GameEngine/Source/Common/Rva0088C500PureVirtualReport.cpp;game/GameEngine/Source/Common/WatchdogReport.cpp;game/GameEngineDevice/Source/MilesAudioDevice/BufferedStreamStarter006B7E70.cpp;game/Libraries/Source/debug/Rva00889300DebugForwarders.cpp,"nothing defines it: define the datum once (add_data_match.py), map the import to retail's IAT name, or fix the callee's name",bb1f0edd39
55,??1UnicodeString@@QAE@XZ,duplicates,strings,968,game/GameEngine/Source/Common/Rva0058BE30FourStringCopy.cpp;game/GameEngine/Source/GameClient/GUI/BfmeAptScreenLanLobby_showError.cpp;game/GameEngine/Source/GameClient/GUI/GUICallbacks/Apt/GameSpyAddText.cpp;game/GameEngine/Source/GameClient/GUI/GUICallbacks/Menus/GameInfoWindowInit_Thunk.cpp,"two strong definitions: keep the retail-proven one, remove the definition nothing verified needs",bb1f0edd39
56,?assign@Open269B800Ref@@QAEXPAVRefCountedThing@@@Z,duplicates,,961,game/GameEngine/Source/Common/Rva0069B800ThingRefAssign.cpp;game/GameEngineDevice/Source/MilesAudioDevice/QueueAudioReference006A2B50.cpp,"two strong definitions: keep the retail-proven one, remove the definition nothing verified needs",bb1f0edd39
57,??1Base000A1B30@@UAE@XZ,unresolved,,954,game/GameEngine/Source/Common/Q4OwnedPtrDtors.cpp,"nothing defines it: define the datum once (add_data_match.py), map the import to retail's IAT name, or fix the callee's name",bb1f0edd39
58,?_M_handle_exception@?$basic_ios@DV?$char_traits@D@_STL@@@_STL@@QAEXH@Z,losers,stlport,950,game/GameEngine/Source/GameClient/System/FXParticleSystem/FXParticleSystemOstreamPut.cpp;game/GameEngine/Source/GameClient/System/FXParticleSystem/FXParticleSystemOstreamPutChar.cpp;game/GameEngine/Source/GameClient/System/FXParticleSystem/FXParticleSystemOstreamPutNowiden.cpp,a COMDAT copy that is not retail's body: fix or remove the wrong emitter,bb1f0edd39
59,?Read_Props@ParticleEmitterDefClass@@MAE_NAAVChunkLoadClass@@@Z,losers,,942,game/Libraries/Source/WWVegas/WW3D2/ParticleEmitterDefClassReadPropsBool.cpp,a COMDAT copy that is not retail's body: fix or remove the wrong emitter,bb1f0edd39
60,?g_bfmeOffsetDF@@3MA,unresolved,,931,game/GameEngine/Source/GameLogic/Object/WeaponTemplate_bfmeRangeBase.cpp;game/GameEngine/Source/GameLogic/Object/Weapon_isGoalPosWithinAttackRange.cpp;game/GameEngine/Source/GameLogic/Object/Weapon_isSourceObjectWithGoalPositionWithinAttackRange.cpp,"nothing defines it: define the datum once (add_data_match.py), map the import to retail's IAT name, or fix the callee's name",bb1f0edd39
61,?TheVictoryConditions@@3PAVVictoryConditions@@A,unresolved,globals,928,game/GameEngine/Source/Common/BfmeScoreEntrySort.cpp,"nothing defines it: define the datum once (add_data_match.py), map the import to retail's IAT name, or fix the callee's name",bb1f0edd39
62,_REF_encode@16,wrong_selected,,920,game/Libraries/Source/Compression/CompressionManager_decompressData.cpp,the link keeps a non-retail definition: fix or remove the wrong emitter ahead of retail's copy,bb1f0edd39
63,?winGetUserData@GameWindow@@QAEPAXXZ,wrong_selected,,919,game/GameEngine/Source/Common/Rva004B5A10Get.cpp;game/GameEngine/Source/Common/Rva00548CE0Set.cpp;game/GameEngine/Source/Common/Rva007903E0Get.cpp;game/GameEngine/Source/GameClient/GUI/GUICallbacks/Apt/Rva00523460ComboSelectByData.cpp;game/GameEngine/Source/GameClient/GUI/GUICallbacks/Apt/Rva00525080PlayerState.cpp;game/GameEngine/Source/GameClient/GUI/GUICallbacks/Apt/SkirmishScreenOnInitGadget.cpp;game/GameEngine/Source/GameClient/Rva00516660Predicate.cpp,the link keeps a non-retail definition: fix or remove the wrong emitter ahead of retail's copy,bb1f0edd39
64,?W3DRadarResetUnlock@@YAXXZ,unresolved,,889,game/GameEngineDevice/Source/W3DDevice/GameClient/BfmeChipsetDetector.cpp;game/GameEngineDevice/Source/W3DDevice/GameClient/W3DShrubBuffer_freeTreeBuffers.cpp;game/GameEngineDevice/Source/W3DDevice/GameClient/W3DSmudgeManagerReleaseResources.cpp,"nothing defines it: define the datum once (add_data_match.py), map the import to retail's IAT name, or fix the callee's name",bb1f0edd39
65,?D3DDevice@DX8Wrapper@@2PAURva009038B0Device@@A,unresolved,,874,game/Libraries/Source/WWVegas/WW3D2/Rva009038B0Capture.cpp,"nothing defines it: define the datum once (add_data_match.py), map the import to retail's IAT name, or fix the callee's name",bb1f0edd39
66,??0AABoxClass@@QAE@PAVVector3@@H@Z,duplicates,,871,game/Libraries/Source/WWVegas/WWMath/AABoxClassPointsConstructor.cpp,"two strong definitions: keep the retail-proven one, remove the definition nothing verified needs",bb1f0edd39
67,?j_0001569f@@YIXPAX@Z,unresolved,,857,game/Libraries/Source/WWVegas/WW3D2/Rva00785FD0RendererAppend.cpp;game/Libraries/Source/WWVegas/WW3D2/Rva00785FD0RendererApply.cpp,"nothing defines it: define the datum once (add_data_match.py), map the import to retail's IAT name, or fix the callee's name",bb1f0edd39
68,?Clamp_Color@DX8Wrapper@@SAXAAVVector4@@@Z,duplicates,,850,game/Libraries/Source/WWVegas/WW3D2/DX8WrapperClampColor.cpp;game/Libraries/Source/WWVegas/WW3D2/Rva0090F950PackColor.cpp,"two strong definitions: keep the retail-proven one, remove the definition nothing verified needs",bb1f0edd39
69,??4?$vector@VAsciiString@@V?$allocator@VAsciiString@@@_STL@@@_STL@@QAEAAV01@ABV01@@Z,losers,stlport,845,game/GameEngine/Source/Common/Rva004A32E0Assign.cpp,a COMDAT copy that is not retail's body: fix or remove the wrong emitter,bb1f0edd39
70,?get_planes@MeshGeometryClass@@IAEPAVVector4@@_N@Z,duplicates,,845,game/Libraries/Source/WWVegas/WW3D2/MeshGeometryClass_Compute_Vertex_Normals_Candidate.cpp;game/Libraries/Source/WWVegas/WW3D2/Rva00925030GetPlanesChecked.cpp,"two strong definitions: keep the retail-proven one, remove the definition nothing verified needs",bb1f0edd39
71,?decode@Rva0048CE70@@QAEGII@Z,unresolved,,839,game/GameEngine/Source/GameClient/GUI/IMEManagerServiceMessage.cpp,"nothing defines it: define the datum once (add_data_match.py), map the import to retail's IAT name, or fix the callee's name",bb1f0edd39
72,?TheWritableGlobalData@@3PAXA,unresolved,globals,827,game/GameEngine/Source/GameLogic/Object/Body/ActiveBody_updateBodyParticleSystems_Thunk.cpp,"nothing defines it: define the datum once (add_data_match.py), map the import to retail's IAT name, or fix the callee's name",bb1f0edd39
73,?g_q3IndexedFallback@@3UQ3IndexedItem@@A,unresolved,,826,game/GameEngine/Source/Common/Q3IndexedVectorAccessors.cpp,"nothing defines it: define the datum once (add_data_match.py), map the import to retail's IAT name, or fix the callee's name",bb1f0edd39
74,??_EW3DTerrainBackground@@QAEPAXI@Z,losers,,825,game/GameEngineDevice/Source/W3DDevice/GameClient/TerrainTiles006D2730.cpp,a COMDAT copy that is not retail's body: fix or remove the wrong emitter,bb1f0edd39
75,?_Force_Link_catmullromspline@@YAXXZ,unresolved,,824,game/Libraries/Source/WWVegas/WWMath/wwmath.cpp,"nothing defines it: define the datum once (add_data_match.py), map the import to retail's IAT name, or fix the callee's name",bb1f0edd39
76,??_7Snapshot@@6B@,losers,,820,game/GameEngine/Source/Common/RTS/PlayerListDestructorThunk.cpp;game/GameEngine/Source/Common/SubsystemSnapshotStateOwnerConstructor.cpp;game/GameEngine/Source/Common/System/RadarConstructor.cpp;game/GameEngine/Source/GameClient/BuffEntryDestructor.cpp;game/GameEngineDevice/Source/W3DDevice/GameClient/Drawable/Draw/W3DOverlordTankDrawModuleDataDestructor.cpp,a COMDAT copy that is not retail's body: fix or remove the wrong emitter,bb1f0edd39
77,?g_bfmeFallbackDB@@3HA,unresolved,,801,game/GameEngine/Source/Common/Bfme5ThirtyFour.cpp;game/GameEngine/Source/Common/BfmeRva008C6BC0Reset.cpp;game/Libraries/Source/Apt/BfmeFlushSlots1289.cpp,"nothing defines it: define the datum once (add_data_match.py), map the import to retail's IAT name, or fix the callee's name",bb1f0edd39
78,_ntohl@4,unresolved,,801,game/GameEngine/Source/GameNetwork/GameSpy/peer/peerMangle.c,"nothing defines it: define the datum once (add_data_match.py), map the import to retail's IAT name, or fix the callee's name",bb1f0edd39
79,?g_bfmeScaleB3@@3MA,unresolved,,799,game/GameEngine/Source/GameClient/GUI/CrossFadeImage_draw.cpp;game/GameEngine/Source/GameClient/GUI/FadeImage_draw.cpp;game/GameEngineDevice/Source/W3DDevice/GameClient/BaseHeightMap_initDestAlphaLUT.cpp,"nothing defines it: define the datum once (add_data_match.py), map the import to retail's IAT name, or fix the callee's name",bb1f0edd39
80,?g_retailWaterDevice@@3PAUBfmeRetailWaterDevice@@A,unresolved,,797,game/GameEngineDevice/Source/W3DDevice/GameClient/Water/WaterRenderObjGenerateVertexBuffer.cpp,"nothing defines it: define the datum once (add_data_match.py), map the import to retail's IAT name, or fix the callee's name",bb1f0edd39
81,??E?$_Rb_tree_iterator@HU?$_Const_traits@H@_STL@@@_STL@@QAEAAU01@XZ,losers,stlport,793,game/GameEngine/Source/GameLogic/Object/Behavior/CastleBehaviorRva00370340.cpp,a COMDAT copy that is not retail's body: fix or remove the wrong emitter,bb1f0edd39
82,?g_bfmeHolderBU@@3PAUBfmePickWorld1284@@A,unresolved,,792,game/GameEngine/Source/Common/BfmePicker1284.cpp,"nothing defines it: define the datum once (add_data_match.py), map the import to retail's IAT name, or fix the callee's name",bb1f0edd39
83,?g_bfme927Vft@@3PADA,unresolved,,785,game/GameEngine/Source/Common/Rva0090C280Ctor.cpp;game/Libraries/Source/WWVegas/WW3D2/BfmeConv2067.cpp;game/Libraries/Source/WWVegas/WW3D2/BfmeConv2069.cpp;game/Libraries/Source/WWVegas/WW3D2/Rva0090D210CreateStats.cpp,"nothing defines it: define the datum once (add_data_match.py), map the import to retail's IAT name, or fix the callee's name",bb1f0edd39
84,?TheGameClient@@3PAVClientRoot4120@@A,unresolved,globals,784,game/GameEngine/Source/Common/System/Rva00107140RadarEventLoc.cpp;game/GameEngine/Source/GameClient/DrawableSetInstanceMatrixBFME.cpp,"nothing defines it: define the datum once (add_data_match.py), map the import to retail's IAT name, or fix the callee's name",bb1f0edd39
85,?push_back@?$vector@URva00746420Record@@V?$allocator@URva00746420Record@@@_STL@@@_STL@@QAEXABURva00746420Record@@@Z,losers,stlport,782,game/GameEngineDevice/Source/W3DDevice/GameClient/W3DViewScreenToTerrain.cpp,a COMDAT copy that is not retail's body: fix or remove the wrong emitter,bb1f0edd39
86,?Rva007E9B70Get@@YAPAURva007E9B70Obj@@XZ,unresolved,,781,game/GameEngine/Source/GameNetwork/FeslTransactor_timeoutStamp_rva007F95A0.cpp;game/GameEngine/Source/GameNetwork/Rva007EA5E0Dispatch.cpp;game/GameEngine/Source/GameNetwork/Rva007F8790Demangler.cpp;game/GameEngine/Source/GameNetwork/Y2FeslDemanglerConnect.cpp;game/GameEngine/Source/GameNetwork/Y2FeslGameBrowserPingerAdd.cpp,"nothing defines it: define the datum once (add_data_match.py), map the import to retail's IAT name, or fix the callee's name",bb1f0edd39
87,?Get_View_Space_Frustum@CameraClass@@QBEABVFrustumClass@@XZ,duplicates,,779,game/Libraries/Source/WWVegas/WW3D2/CameraClass_Get_View_Space_Frustum.cpp;game/Libraries/Source/WWVegas/WW3D2/Gen_00944360.cpp,"two strong definitions: keep the retail-proven one, remove the definition nothing verified needs",bb1f0edd39
88,?normalize@Coord3D@@QAEXXZ,duplicates,,774,game/GameEngineDevice/Source/MilesAudioDevice/Rva0069A2E0Refresh.cpp,"two strong definitions: keep the retail-proven one, remove the definition nothing verified needs",bb1f0edd39
89,?refreshPair@@YGXHH@Z,unresolved,,771,game/GameEngine/Source/Common/Rva006995F0Attenuate.cpp;game/GameEngine/Source/Common/Rva006996F0EnvelopeUpdate.cpp;game/GameEngine/Source/Common/Rva00699850SetVolume.cpp;game/GameEngine/Source/Common/Rva006998C0SetParams.cpp,"nothing defines it: define the datum once (add_data_match.py), map the import to retail's IAT name, or fix the callee's name",bb1f0edd39
90,??4MeshGeometryClass@@QAEAAV0@ABV0@@Z,wrong_selected,,760,game/Libraries/Source/WWVegas/WW3D2/MeshGeometryClassAssignment.cpp,the link keeps a non-retail definition: fix or remove the wrong emitter ahead of retail's copy,bb1f0edd39
91,?rva0072A3D0@Rva00729D30Terrain@@QAEXHHHHHHHH@Z,unresolved,,759,game/GameEngineDevice/Source/W3DDevice/GameClient/Rva0072B1C0TerrainEdgeSplit.cpp,"nothing defines it: define the datum once (add_data_match.py), map the import to retail's IAT name, or fix the callee's name",bb1f0edd39
92,??4W3DRadarResetSurface@@QAEAAV0@ABV0@@Z,duplicates,,747,game/GameEngineDevice/Source/W3DDevice/GameClient/Water/WaterRenderObjInitBumpMap.cpp,"two strong definitions: keep the retail-proven one, remove the definition nothing verified needs",bb1f0edd39
93,?bfmeRelease@BfmeTagged@@QAEXXZ,unresolved,,738,game/GameEngine/Source/Common/S3TaggedAssignments.cpp,"nothing defines it: define the datum once (add_data_match.py), map the import to retail's IAT name, or fix the callee's name",bb1f0edd39
94,?bfmeCalcTGC@@YAXPAXPAH@Z,unresolved,,733,game/GameEngine/Source/Common/S3VersionBlocksNearTwin.cpp;game/GameEngine/Source/GameLogic/AI/Rva001515C0Xfer.cpp;game/GameEngine/Source/GameLogic/Pathfinder/PathfindCellXfer.cpp,"nothing defines it: define the datum once (add_data_match.py), map the import to retail's IAT name, or fix the callee's name",bb1f0edd39
95,?processPathfindQueue@Pathfinder@@QAEXXZ,wrong_selected,,715,game/GameEngine/Source/GameLogic/Pathfinder/PathfinderProcessPathfindQueue.cpp,the link keeps a non-retail definition: fix or remove the wrong emitter ahead of retail's copy,bb1f0edd39
96,_GSISocketSelect,losers,,707,game/GameEngine/Source/GameNetwork/GameSpy/gp/gpiUtility.c,a COMDAT copy that is not retail's body: fix or remove the wrong emitter,bb1f0edd39
97,_bfmeCiThinkFromEsi,unresolved,,701,game/GameEngine/Source/GameNetwork/GameSpy/chat/chatEnumUsers.c;game/GameEngine/Source/GameNetwork/GameSpy/chat/chatGetChannelModeA.c;game/GameEngine/Source/GameNetwork/GameSpy/chat/chatGetChannelPasswordA.c,"nothing defines it: define the datum once (add_data_match.py), map the import to retail's IAT name, or fix the callee's name",bb1f0edd39
98,??1LineGroupClass@@UAE@XZ,duplicates,,696,game/Libraries/Source/WWVegas/WW3D2/LineGroupClassDeletingDestructor.cpp;game/Libraries/Source/WWVegas/WW3D2/linegrp.cpp,"two strong definitions: keep the retail-proven one, remove the definition nothing verified needs",bb1f0edd39
99,?TheGameLogic@@3PAVBfmeGameLogic@@A,unresolved,globals,689,game/GameEngine/Source/GameLogic/Object/Contain/Rva00236E10HordeApplyToMembers.cpp;game/GameEngine/Source/GameLogic/Object/Contain/Rva00237070HordeContainRecentDamage.cpp;game/GameEngine/Source/GameLogic/Object/Contain/Rva0023A100HordeMemberWalk.cpp,"nothing defines it: define the datum once (add_data_match.py), map the import to retail's IAT name, or fix the callee's name",bb1f0edd39
100,?findObjectByID@GameLogic@@QAEPAVObject@@W4ObjectID@@@Z,losers,,674,game/GameEngineDevice/Source/W3DDevice/GameClient/W3DViewRotateCameraOneFrameBfme.cpp,a COMDAT copy that is not retail's body: fix or remove the wrong emitter,bb1f0edd39
101,?Collide@CollisionMath@@SA_NABVLineSegClass@@ABVOBBoxClass@@PAUCastResultStruct@@@Z,duplicates,,665,game/Libraries/Source/WWVegas/WWMath/CollisionMathCollideLineSegObb.cpp,"two strong definitions: keep the retail-proven one, remove the definition nothing verified needs",bb1f0edd39
102,?doDrawModule@W3DTruckDraw@@UAEXPBVMatrix3D@@@Z,wrong_selected,,663,game/GameEngineDevice/Source/W3DDevice/GameClient/Drawable/Draw/W3DPoliceCarDrawDoDrawModule.cpp,the link keeps a non-retail definition: fix or remove the wrong emitter ahead of retail's copy,bb1f0edd39
103,??4TAiData@@QAEAAV0@ABV0@@Z,duplicates,,655,game/GameEngine/Source/GameLogic/AI/TAiDataAssign.cpp,"two strong definitions: keep the retail-proven one, remove the definition nothing verified needs",bb1f0edd39
104,?aiIdle@AICommandInterface@@QAEXW4CommandSourceType@@@Z,duplicates,,651,game/GameEngine/Source/Common/Rva002CA0E0Apply.cpp;game/GameEngine/Source/GameLogic/Object/ObjectUpdateContainedTeam.cpp;game/GameEngine/Source/GameLogic/Object/Update/AIUpdate/Rva002B9B10DozerTaskCancel.cpp;game/GameEngine/Source/GameLogic/Object/Update/AIUpdateInterface_setAttitude.cpp;game/GameEngine/Source/GameLogic/Object/Update/GiveUpgradeUpdateUpdate.cpp,"two strong definitions: keep the retail-proven one, remove the definition nothing verified needs",bb1f0edd39
105,?openFile@FileSystem@@QAEPAVFile@@PBDH@Z,duplicates,,650,game/GameEngine/Source/Common/Bfme/Rva0044F410FileLoader.cpp;game/GameEngine/Source/Common/System/RAMFileOpen.cpp;game/GameEngine/Source/Common/System/Rva00696370OpenFile.cpp;game/GameEngine/Source/GameLogic/ScriptEngine/LuaScriptEngineParseTokenFile.cpp,"two strong definitions: keep the retail-proven one, remove the definition nothing verified needs",bb1f0edd39
106,?bfmeAllocNode@@YAPAXI@Z,unresolved,,645,game/GameEngine/Source/Common/Bfme5ListInserts.cpp;game/GameEngine/Source/Common/Bfme5MakeAndAppend.cpp;game/GameEngine/Source/Common/Rva003B9610Ctor.cpp;game/GameEngine/Source/Common/Rva003C2F40TreeCtor.cpp;game/Libraries/Source/WWVegas/WW3D2/Small03eListNode.cpp,"nothing defines it: define the datum once (add_data_match.py), map the import to retail's IAT name, or fix the callee's name",bb1f0edd39
107,_g_bfmeGameCW,unresolved,,644,game/GameEngineDevice/Source/W3DDevice/GameClient/Rva006FE730CameraBounds.cpp,"nothing defines it: define the datum once (add_data_match.py), map the import to retail's IAT name, or fix the callee's name",bb1f0edd39
108,?getOwner@StateMachine@@QAEPAVObject@@XZ,losers,,640,game/GameEngine/Source/GameLogic/AI/AIHordeExitState_rva0016FB20.cpp;game/GameEngine/Source/GameLogic/AI/Rva0016CF40State_xfer.cpp;game/GameEngine/Source/GameLogic/AI/Rva0016D9C0State_xfer.cpp,a COMDAT copy that is not retail's body: fix or remove the wrong emitter,bb1f0edd39
109,?g_bfmeGameCW@@3PAVBfmeGameCW@@A,unresolved,,635,game/GameEngine/Source/Common/Rva003A3DC0.cpp;game/GameEngine/Source/Common/Rva00603110TinyBodies.cpp;game/GameEngine/Source/GameLogic/LivingWorld/Rva003A4BD0NameTransition.cpp;game/GameEngineDevice/Source/W3DDevice/GameClient/Rva006FD090Projection.cpp;game/GameEngineDevice/Source/W3DDevice/GameClient/Shadow/Rva006FE140ShadowToggle.cpp,"nothing defines it: define the datum once (add_data_match.py), map the import to retail's IAT name, or fix the callee's name",bb1f0edd39
110,?Glo012F4B98@@3PAVGlo012F4B98Type@@A,unresolved,,629,game/GameEngine/Source/Common/BfmeGoVLF.cpp;game/GameEngineDevice/Source/W3DDevice/Common/System/W3DRadarViewBoxRva006C0FA0.cpp,"nothing defines it: define the datum once (add_data_match.py), map the import to retail's IAT name, or fix the callee's name",bb1f0edd39
111,?rva0041FCE0@Drawable@@QAEXAAUCoord3D@@@Z,unresolved,,627,game/GameEngine/Source/GameClient/DrawableVeterancyIcons.cpp,"nothing defines it: define the datum once (add_data_match.py), map the import to retail's IAT name, or fix the callee's name",bb1f0edd39
112,?DrawPixel@SurfaceClass@@QAEXIII@Z,duplicates,,626,game/GameEngineDevice/Source/W3DDevice/Common/System/W3DRadar_taintCell_rva006C2710.cpp,"two strong definitions: keep the retail-proven one, remove the definition nothing verified needs",bb1f0edd39
113,?Rva0088EB90@@YAPAXPAXI@Z,unresolved,,622,game/Libraries/Source/debug/Debug_GetInput_00889E10.cpp;game/Libraries/Source/debug/Debug_Update_0088C3F0.cpp;game/Libraries/Source/debug/Rva00889C90.cpp,"nothing defines it: define the datum once (add_data_match.py), map the import to retail's IAT name, or fix the callee's name",bb1f0edd39
114,??$_Construct@URva00381D80Element@@U1@@_STL@@YAXPAURva00381D80Element@@ABU1@@Z,unresolved,stlport,616,game/Libraries/Source/WWVegas/WWLib/RvaListInsertRange.cpp,"nothing defines it: define the datum once (add_data_match.py), map the import to retail's IAT name, or fix the callee's name",bb1f0edd39
115,?compare@AsciiString@@QBEHPBD@Z,losers,strings,611,game/GameEngine/Source/GameClient/GUI/GUICallbacks/Menus/updateMPBattleHonors.cpp;game/GameEngine/Source/GameLogic/System/LivingWorld/LivingWorldRegionManager_Rva003C8C60.cpp,a COMDAT copy that is not retail's body: fix or remove the wrong emitter,bb1f0edd39
116,?findObjectByID@GameLogic@@QAEPAVObject@@H@Z,duplicates,,609,game/GameEngine/Source/Common/Thing/GameLogicFindObjectByID.cpp;game/GameEngine/Source/GameClient/GUI/Palantir/SelectionAll00595230.cpp,"two strong definitions: keep the retail-proven one, remove the definition nothing verified needs",bb1f0edd39
117,?validMovement@BfmeAttackQuery@@QAE_NHHGPBX@Z,unresolved,,603,game/GameEngine/Source/GameLogic/AI/BfmeAttackQueryCandidateE2B0.cpp,"nothing defines it: define the datum once (add_data_match.py), map the import to retail's IAT name, or fix the callee's name",bb1f0edd39
118,?g_bfmeGlo012F15F8@@3PAVBfmeOverride1137@@A,unresolved,,597,game/GameEngine/Source/Common/BfmeConv1137CachedRandom.cpp;game/GameEngine/Source/Common/BfmeConv1137CopyFromOverride.cpp;game/GameEngine/Source/Common/BfmeThingTBARva007243A0.cpp,"nothing defines it: define the datum once (add_data_match.py), map the import to retail's IAT name, or fix the callee's name",bb1f0edd39
119,?Free@MeshClass@@IAEXXZ,duplicates,,594,game/Libraries/Source/WWVegas/WW3D2/MeshClass_Load_W3D_Bool_Local.cpp,"two strong definitions: keep the retail-proven one, remove the definition nothing verified needs",bb1f0edd39
120,?friend_getFinalOverride@LocomotorOverridable@@QAEPAV1@XZ,unresolved,,592,game/GameEngine/Source/Common/BfmeConv2088.cpp;game/GameEngine/Source/Common/BfmeOwnerXOCheck2.cpp;game/GameEngine/Source/GameLogic/AI/Rva003DB760MovementPositionContext.cpp;game/GameEngine/Source/GameLogic/Object/Contain/Rva0023D850HordeSnapToMember.cpp,"nothing defines it: define the datum once (add_data_match.py), map the import to retail's IAT name, or fix the callee's name",bb1f0edd39
121,?Glo012F1028@@3PAVGlo012F1028Type@@A,unresolved,,591,game/GameEngine/Source/Common/BfmeConv2113.cpp;game/GameEngine/Source/GameClient/GUI/BfmeAptScreenObjectivesProvide.cpp;game/GameEngine/Source/GameLogic/LivingWorld/Rva00618A90Update.cpp,"nothing defines it: define the datum once (add_data_match.py), map the import to retail's IAT name, or fix the callee's name",bb1f0edd39
122,?TheTerrainLogic@@3PAVRva002C96D0TerrainLogicPre@@A,unresolved,globals,590,game/GameEngine/Source/GameLogic/Object/Update/AIUpdate/WorkerAIUpdate_construct.cpp,"nothing defines it: define the datum once (add_data_match.py), map the import to retail's IAT name, or fix the callee's name",bb1f0edd39
123,?g_bfmeTableC7E0@@3HA,unresolved,,590,game/GameEngine/Source/Common/BfmeGo79D0.cpp,"nothing defines it: define the datum once (add_data_match.py), map the import to retail's IAT name, or fix the callee's name",bb1f0edd39
124,?TheGen001336E5C@@3PAVBfmeDebugManager@@A,unresolved,globals,580,game/GameEngineDevice/Source/VideoDevice/Bink/SubtitleEntryAlignment.cpp;game/Libraries/Source/debug/debug_internal.cpp,"nothing defines it: define the datum once (add_data_match.py), map the import to retail's IAT name, or fix the callee's name",bb1f0edd39
125,?releaseBuffer@BFMERetailAsciiString@@AAEXXZ,unresolved,strings,575,game/GameEngine/Source/Common/Gen003A4310Destructor.cpp;game/GameEngine/Source/Common/Rva00387D90OwnerAt.cpp;game/GameEngine/Source/Common/Rva0040B200Destructor.cpp;game/GameEngine/Source/Common/Rva0042F160Release.cpp;game/GameEngine/Source/Common/Rva0043DED0AsciiReleaseThunk.cpp;game/GameEngine/Source/GameLogic/Object/Update/DynamicShroudClearingRangeUpdateModuleDataDestructorThunk.cpp;game/GameEngine/Source/GameLogic/Object/Update/FadeAndDieOrnamentUpdateModuleDataCtorThunk.cpp,"nothing defines it: define the datum once (add_data_match.py), map the import to retail's IAT name, or fix the callee's name",bb1f0edd39
126,?clearAndSetModelConditionFlags@Object@@QAEXABVBfmeC1166@@0@Z,unresolved,,566,game/GameEngine/Source/Common/BfmeGo1274.cpp;game/GameEngine/Source/GameLogic/Object/Update/AIUpdateInterface_bfmeClearModelConditions.cpp;game/GameEngine/Source/GameLogic/Object/Upgrade/ModelConditionUpgradeUpgradeImplementation.cpp;game/GameEngine/Source/GameLogic/Object/Upgrade/Rva002D6840FlagPairUpgrade.cpp,"nothing defines it: define the datum once (add_data_match.py), map the import to retail's IAT name, or fix the callee's name",bb1f0edd39
127,?Log@DX8PolygonRendererClass@@QAEXXZ,losers,,563,game/Libraries/Source/WWVegas/WW3D2/dx8polygonrenderer.cpp,a COMDAT copy that is not retail's body: fix or remove the wrong emitter,bb1f0edd39
128,?getCommand@NetCommandRef@@QAEPAVNetCommandMsg@@XZ,losers,,560,game/GameEngine/Source/GameNetwork/NetPacket_ackCommands.cpp;game/GameEngine/Source/GameNetwork/NetPacket_fillGameSpyStatsAuthKey.cpp,a COMDAT copy that is not retail's body: fix or remove the wrong emitter,bb1f0edd39
129,?updateTexture@W3DProjectedShadow@@QAEXAAVVector3@@@Z,duplicates,,554,game/GameEngineDevice/Source/W3DDevice/GameClient/Shadow/W3DProjectedShadowUpdateTexture.cpp,"two strong definitions: keep the retail-proven one, remove the definition nothing verified needs",bb1f0edd39
130,?getProjectileUpdateInterface@Object@@QBEPAVProjectileUpdateInterface@@XZ,duplicates,,550,game/GameEngine/Source/GameLogic/Object/Behavior/CastleBehaviorRva00371B00.cpp;game/GameEngine/Source/GameLogic/Object/Helper/Rva002D53F0Dispatch.cpp,"two strong definitions: keep the retail-proven one, remove the definition nothing verified needs",bb1f0edd39
131,?insert_unique@?$_Rb_tree@HU?$pair@$$CBHUGen_t_000648f0_p24pod@@@_STL@@U?$_Select1st@U?$pair@$$CBHUGen_t_000648f0_p24pod@@@_STL@@@2@U?$less@H@2@V?$allocator@U?$pair@$$CBHUGen_t_000648f0_p24pod@@@_STL@@@2@@_STL@@QAE?AU?$pair@UGen003BBA40Iterator@_STL@@_N@2@ABU?$pair@$$CBHUGen_t_000648f0_p24pod@@@2@@Z,unresolved,stlport,549,game/GameEngine/Source/Common/V4XferSlotSequences.cpp,"nothing defines it: define the datum once (add_data_match.py), map the import to retail's IAT name, or fix the callee's name",bb1f0edd39
132,??0AsciiString@@QAE@ABV0@@Z,losers,strings,545,game/GameEngine/Source/Common/Rva001B6070.cpp;game/GameEngine/Source/Common/Rva0036DEF0Copy.cpp;game/GameEngine/Source/Common/Rva14B630StringRecordCopy.cpp;game/GameEngine/Source/Common/System/GeometryRecordCopy.cpp;game/GameEngine/Source/GameClient/Drawable/Behavior/AnimationSoundInfoCtor.cpp;game/GameEngine/Source/GameClient/Rva00741830NamedCtor.cpp,a COMDAT copy that is not retail's body: fix or remove the wrong emitter,bb1f0edd39
133,??_7RefCountClass@@6B@,losers,,545,game/Libraries/Source/WWVegas/WW3D2/MeshGeometryClass_read_user_text_Thunk.cpp;game/Libraries/Source/WWVegas/WWMath/cullsys.cpp,a COMDAT copy that is not retail's body: fix or remove the wrong emitter,bb1f0edd39
134,?bfmeLogMsg574@@YAXPBD@Z,unresolved,,544,game/GameEngine/Source/GameLogic/ScriptEngine/Rva002E51C0LuaErrorFrame.cpp;game/Libraries/Source/Lua/luaB_debug.cpp;game/Libraries/Source/Lua/luaB_print.cpp,"nothing defines it: define the datum once (add_data_match.py), map the import to retail's IAT name, or fix the callee's name",bb1f0edd39
135,?g_bfmeZeroCY@@3MA,unresolved,,543,game/GameEngine/Source/Common/Bfme5Forty.cpp;game/GameEngine/Source/GameLogic/Object/Behavior/Rva0020A900SpawnTwin.cpp;game/GameEngine/Source/GameLogic/Object/Locomotor_queryClamp.cpp;game/GameEngine/Source/GameLogic/Object/Update/ToggleHiddenSpecialAbilityUpdate_maybeApply.cpp,"nothing defines it: define the datum once (add_data_match.py), map the import to retail's IAT name, or fix the callee's name",bb1f0edd39
136,?g_Rva0107301CEmptyString@@3QBDB,unresolved,,542,game/GameEngine/Source/Common/Rva007F0210Set.cpp;game/GameEngine/Source/Common/Rva0088D910VirtualDispatch.cpp;game/GameEngine/Source/GameNetwork/BfmeHostBT_bfmeReportBT.cpp;game/GameEngine/Source/GameNetwork/GameSpy/Rva00858150SmallBodies.cpp;game/GameEngine/Source/GameNetwork/Rva007F6A80Setup.cpp;game/GameEngine/Source/GameNetwork/readAsciiFieldFromBuffer.cpp;game/Libraries/Source/debug/Rva00889780.cpp,"nothing defines it: define the datum once (add_data_match.py), map the import to retail's IAT name, or fix the callee's name",bb1f0edd39
137,??2Bucket@@SAPAXIW4BucketMagicEnum@0@@Z,losers,,536,game/GameEngine/Source/Common/BfmeMakeBZB.cpp;game/GameEngine/Source/Common/BucketPlacementNew.cpp;game/GameEngine/Source/Common/Rva009A5C40Initialize.cpp;game/GameEngine/Source/Common/Rva009A8910Initialize.cpp,a COMDAT copy that is not retail's body: fix or remove the wrong emitter,bb1f0edd39
138,??0GameLODManager@@QAE@XZ,duplicates,,535,game/GameEngine/Source/Common/GameLODManagerConstructor.cpp,"two strong definitions: keep the retail-proven one, remove the definition nothing verified needs",bb1f0edd39
139,?set@AsciiString@@QAEXABV1@@Z,losers,strings,535,game/GameEngine/Source/Common/RTS/PrereqUnitRecCopyBody.cpp;game/GameEngine/Source/Common/Rva0036D9E0CopyRange.cpp;game/GameEngine/Source/GameLogic/LivingWorld/Rva00365C20PlayerArmyAppend.cpp,a COMDAT copy that is not retail's body: fix or remove the wrong emitter,bb1f0edd39
140,?TheBfmeGameLogic@@3PAVBfmeGameLogic@@A,unresolved,globals,534,game/GameEngine/Source/GameLogic/Object/Contain/Rva00239950HordeContain.cpp;game/GameEngine/Source/GameLogic/Object/Contain/Rva0023A270HordeContain.cpp,"nothing defines it: define the datum once (add_data_match.py), map the import to retail's IAT name, or fix the callee's name",bb1f0edd39
141,?bfmePredV30@@YAHHHD@Z,unresolved,,533,game/GameEngine/Source/Common/BfmeConv1470.cpp,"nothing defines it: define the datum once (add_data_match.py), map the import to retail's IAT name, or fix the callee's name",bb1f0edd39
142,_chatGetBasicUserInfoNoWaitA,unresolved,,533,game/GameEngine/Source/GameNetwork/GameSpy/peer/peerChannelUserJoined.cpp,"nothing defines it: define the datum once (add_data_match.py), map the import to retail's IAT name, or fix the callee's name",bb1f0edd39
143,?g_011207C0@@3PAPBXA,unresolved,,532,game/GameEngineDevice/Source/W3DDevice/GameClient/Rva006FC970Constructor.cpp;game/GameEngineDevice/Source/W3DDevice/GameClient/Rva006FD550Destructor.cpp,"nothing defines it: define the datum once (add_data_match.py), map the import to retail's IAT name, or fix the callee's name",bb1f0edd39
144,?winSetPosition@GameWindow@@QAEHHH@Z,wrong_selected,,523,game/GameEngine/Source/GameClient/GUI/ProcessAnimateWindowSlideFromBottom_reverseAnimateWindow.cpp;game/GameEngine/Source/GameClient/GUI/ProcessAnimateWindowSlideFromRightFast_reverseAnimateWindow.cpp,the link keeps a non-retail definition: fix or remove the wrong emitter ahead of retail's copy,bb1f0edd39
145,?Rva009B60E0BuildTree@@YAXPAI0H@Z,unresolved,,521,game/GameEngine/Source/Common/Rva009AB320BuildTables.cpp,"nothing defines it: define the datum once (add_data_match.py), map the import to retail's IAT name, or fix the callee's name",bb1f0edd39
146,?W3DLogicalScreenToPixelScreen@@YAXMMPAH0HH@Z,losers,,517,game/GameEngineDevice/Source/W3DDevice/Common/W3DConvert.cpp;game/GameEngineDevice/Source/W3DDevice/GameClient/Rva006FD180MouseWorldToScreen.cpp;game/GameEngineDevice/Source/W3DDevice/GameClient/W3DViewWorldToScreenBfme.cpp,a COMDAT copy that is not retail's body: fix or remove the wrong emitter,bb1f0edd39
147,?TheBfmeGameLogic@@3PAVRva00367E30Logic@@A,unresolved,globals,515,game/GameEngine/Source/GameLogic/Object/Behavior/Rva00371D10OwnerPathfindScan.cpp;game/GameEngine/Source/GameLogic/Object/Contain/Rva00236F50Interface.cpp,"nothing defines it: define the datum once (add_data_match.py), map the import to retail's IAT name, or fix the callee's name",bb1f0edd39
148,??0?$_Vector_base@PAVGen_ve_0039d5d0@@V?$allocator@PAVGen_ve_0039d5d0@@@_STL@@@_STL@@QAE@IABV?$allocator@PAVGen_ve_0039d5d0@@@1@@Z,losers,stlport,511,game/GameEngine/Source/GameLogic/Object/Update/BfmeAttrERTCopyConstructor.cpp,a COMDAT copy that is not retail's body: fix or remove the wrong emitter,bb1f0edd39
149,?TheAudioClientUpdate@@3PAVClientSubsystem@@A,unresolved,globals,511,game/GameEngine/Source/Common/BfmeTwoHundredNineteen.cpp;game/GameEngine/Source/Common/Rva0039B2B0Xfer.cpp;game/GameEngine/Source/GameLogic/AI/Gen0016B140Handle.cpp;game/GameEngine/Source/GameNetwork/BFMEConnectionManager_hasLeaveRequestTimedOut.cpp,"nothing defines it: define the datum once (add_data_match.py), map the import to retail's IAT name, or fix the callee's name",bb1f0edd39
150,?getStringFromRegistry@@YA_NPAXVUnicodeString@@1AAV1@@Z,wrong_selected,,505,game/GameEngine/Source/Common/System/RegistryGetUnicodeString.cpp;game/GameEngine/Source/Common/Upgrade_loadPostProcessMethodThunk.cpp,the link keeps a non-retail definition: fix or remove the wrong emitter ahead of retail's copy,bb1f0edd39
151,__imp_?bfmeFree1035@@YAXPAX@Z,unresolved,,504,game/GameEngine/Source/Common/GameEngineRva0006C180.cpp;game/GameEngine/Source/Common/Rva0084D220GuardedFree.cpp;game/GameEngine/Source/GameNetwork/GameSpy/chat/Rva0086FD80FreeCallback.cpp,"nothing defines it: define the datum once (add_data_match.py), map the import to retail's IAT name, or fix the callee's name",bb1f0edd39
152,?TheTerrainLogic@@3PAURva003FD060TerrainLogic@@A,unresolved,globals,501,game/GameEngine/Source/Common/SmallGaps/Rva003FD060AnyBlocked.cpp;game/GameEngineDevice/Source/W3DDevice/GameClient/W3DTreeBufferRva007331F0.cpp,"nothing defines it: define the datum once (add_data_match.py), map the import to retail's IAT name, or fix the callee's name",bb1f0edd39
153,?isEmpty@AsciiString@@QBE_NXZ,losers,strings,501,game/GameEngine/Source/GameLogic/Object/Behavior/GettingBuiltBehaviorRva001FF1C0.cpp;game/GameEngine/Source/GameLogic/Object/Update/CommandButtonHuntUpdate_onObjectCreated.cpp,a COMDAT copy that is not retail's body: fix or remove the wrong emitter,bb1f0edd39
154,?Rva002EE330ThePlayers@@3PAURva002EE330PlayerList@@A,unresolved,,499,game/GameEngine/Source/GameLogic/System/CastleBehaviorRva0036F4D0EvaNotify.cpp,"nothing defines it: define the datum once (add_data_match.py), map the import to retail's IAT name, or fix the callee's name",bb1f0edd39
155,?Rva007F91D0@@YAXPAURva00800E50Header@@PBD@Z,losers,,498,game/GameEngine/Source/GameNetwork/Rva007F91D0DemanglerLog.cpp;game/GameEngine/Source/GameNetwork/Rva007F93B0BadMessage.cpp,a COMDAT copy that is not retail's body: fix or remove the wrong emitter,bb1f0edd39
156,__imp__BfmeFloorER,unresolved,,496,game/GameEngine/Source/Common/BfmeConv2039.cpp;game/GameEngine/Source/Common/BfmeConv2040.cpp;game/GameEngine/Source/Common/RTS/Player_addSkillPoints.cpp,"nothing defines it: define the datum once (add_data_match.py), map the import to retail's IAT name, or fix the callee's name",bb1f0edd39
157,?g_bfmeDefaultString1284@@3URva0089DC40StringData@@A,unresolved,,495,game/GameEngine/Source/Common/Rva0089CompactHelpers.cpp,"nothing defines it: define the datum once (add_data_match.py), map the import to retail's IAT name, or fix the callee's name",bb1f0edd39
158,?Make_Unique@MeshClass@@QAEX_N@Z,duplicates,,494,game/Libraries/Source/WWVegas/WW3D2/MeshClass_Make_UniqueMethodThunk.cpp;game/Libraries/Source/WWVegas/WW3D2/MeshShaderFixup.cpp;game/Libraries/Source/WWVegas/WW3D2/Rva008FEB90MaterialUnique.cpp,"two strong definitions: keep the retail-proven one, remove the definition nothing verified needs",bb1f0edd39
159,?Render@WW3D@@SA?AW4WW3DErrorType@@PAVSceneClass@@PAVCameraClass@@_N2ABVVector3@@@Z,unresolved,,491,game/GameEngine/Source/Common/Rva00789900ViewportRender.cpp,"nothing defines it: define the datum once (add_data_match.py), map the import to retail's IAT name, or fix the callee's name",bb1f0edd39
160,_bfme_memmove_ptr,unresolved,,483,game/GameEngine/Source/GameLogic/Object/Behavior/SiegeDockingBehavior_stopDocking.cpp;game/Libraries/Source/WWVegas/WW3D2/UnsignedShortVectorResizeThunk.cpp;game/Libraries/Source/WWVegas/WWDebug/Rva00889BF0EntryInsert.cpp;game/Libraries/Source/WWVegas/WWLib/NumPutInsertGroupingChar.cpp,"nothing defines it: define the datum once (add_data_match.py), map the import to retail's IAT name, or fix the callee's name",bb1f0edd39
161,?g_bfmeSwitchCJ@@3PAVBfmeClockCJ@@A,unresolved,,481,game/GameEngine/Source/Common/Bfme5SeventyTwo.cpp;game/GameEngine/Source/Common/Bfme5ThirtyEight.cpp;game/GameEngine/Source/Common/Bfme5TinyTwentyOne.cpp,"nothing defines it: define the datum once (add_data_match.py), map the import to retail's IAT name, or fix the callee's name",bb1f0edd39
162,?Rva007FFC10TextAddr@@YAIPBD@Z,unresolved,,480,game/Libraries/Source/DirtySock/Y2ProtoMangleNextProbe.cpp,"nothing defines it: define the datum once (add_data_match.py), map the import to retail's IAT name, or fix the callee's name",bb1f0edd39
163,?compareNoCase@?$StringBase@D@@QBEHABV1@@Z,duplicates,strings,477,game/GameEngine/Source/Common/Rva000AF530TableFind.cpp;game/Libraries/Source/WWVegas/WWLib/RvaTreeFindNoCase00195EC0.cpp,"two strong definitions: keep the retail-proven one, remove the definition nothing verified needs",bb1f0edd39
164,?onEnter@AIGuardOuterState@@UAE?AW4StateReturnType@@XZ,duplicates,,476,game/GameEngine/Source/GameLogic/AI/AIGuardOuterState_onEnter_Bfme.cpp,"two strong definitions: keep the retail-proven one, remove the definition nothing verified needs",bb1f0edd39
165,?clear@UnicodeString@@QAEXXZ,losers,strings,473,game/GameEngine/Source/GameClient/Input/Rva005A4BF0MouseTooltipClear.cpp;game/GameEngine/Source/GameNetwork/GameSpy/Rva00512890BuddyLookup.cpp,a COMDAT copy that is not retail's body: fix or remove the wrong emitter,bb1f0edd39
166,??1?$RefCountPtr@VTextureClass@@@@QAE@XZ,losers,,471,game/Libraries/Source/WWVegas/WW3D2/PointGroupClassDestructor.cpp;game/Libraries/Source/WWVegas/WW3D2/TextureVectorBaseCtorShimAssignment.cpp,a COMDAT copy that is not retail's body: fix or remove the wrong emitter,bb1f0edd39
167,?onExit@AIInternalMoveToState@@UAEXW4StateExitType@@@Z,losers,,471,game/GameEngine/Source/GameLogic/AI/Rva00177A40State_onExit.cpp;game/GameEngine/Source/GameLogic/AI/Rva00178B40State_onExit.cpp;game/GameEngine/Source/GameLogic/AI/Rva00179A90State_onExit.cpp;game/GameEngine/Source/GameLogic/AI/Rva0017ADC0State_onExit.cpp;game/GameEngine/Source/GameLogic/AI/Rva0017AE70State_onExit.cpp;game/GameEngine/Source/GameLogic/AI/Rva0017EE60State_onExit.cpp,a COMDAT copy that is not retail's body: fix or remove the wrong emitter,bb1f0edd39
168,?g_bfmePathfindFreeList@@3PAVPathfindCellInfo@@A,unresolved,,469,game/GameEngine/Source/GameLogic/AI/PathfindCell_setGoalAircraft.cpp;game/GameEngine/Source/GameLogic/Pathfinder/PathfindCell_setGoalUnit.cpp;game/GameEngine/Source/GameLogic/Pathfinder/PathfindCell_setPosUnit.cpp,"nothing defines it: define the datum once (add_data_match.py), map the import to retail's IAT name, or fix the callee's name",bb1f0edd39
169,?constructGameMessage@NetGameCommandMsg@@QAEPAVGameMessage@@XZ,duplicates,,467,game/GameEngine/Source/GameNetwork/NetGameCommandMsg_constructGameMessage.cpp,"two strong definitions: keep the retail-proven one, remove the definition nothing verified needs",bb1f0edd39
170,??0BfmeSubA@@QAE@ABV0@@Z,unresolved,,466,game/GameEngine/Source/Common/Rva001C0B40Copy.cpp;game/GameEngine/Source/Common/Rva001DE4F0Copy.cpp;game/GameEngine/Source/Common/Rva0028BC20Copy.cpp;game/GameEngine/Source/Common/Rva002DFC30Copy.cpp;game/GameEngine/Source/Common/Rva003AD070Copy.cpp;game/GameEngine/Source/Common/Rva003AD0A0Copy.cpp;game/GameEngine/Source/Common/Rva0052D6E0Copy.cpp;game/GameEngine/Source/Common/Rva00752630Copy.cpp;game/GameEngine/Source/Common/Rva0075E420Copy.cpp;game/GameEngine/Source/Common/Rva00761A80Copy.cpp,"nothing defines it: define the datum once (add_data_match.py), map the import to retail's IAT name, or fix the callee's name",bb1f0edd39
171,?getSpecialPowerTemplate@CommandButton@@QBEPBVSpecialPowerTemplate@@XZ,losers,,465,game/GameEngine/Source/GameLogic/Object/ObjectCommandButtons.cpp;game/GameEngine/Source/GameLogic/Object/Update/SpecialAbilityUpdate_isPowerCurrentlyInUse.cpp,a COMDAT copy that is not retail's body: fix or remove the wrong emitter,bb1f0edd39
172,?sleepUntil@ObjectHelper@@QAEXI@Z,unresolved,,464,game/GameEngine/Source/GameLogic/AI/Rva0017DD40Apply.cpp;game/GameEngine/Source/GameLogic/Object/ObjectStatusBits.cpp,"nothing defines it: define the datum once (add_data_match.py), map the import to retail's IAT name, or fix the callee's name",bb1f0edd39
173,?TheTerrainVisual@@3PAVTerrainVisual@@A,unresolved,globals,461,game/GameEngine/Source/GameLogic/Map/TerrainLogicP48Clear.cpp;game/GameEngine/Source/GameLogic/Map/TerrainLogicP48ClearNear.cpp;game/GameEngine/Source/GameLogic/Map/TerrainLogicP48Find.cpp,"nothing defines it: define the datum once (add_data_match.py), map the import to retail's IAT name, or fix the callee's name",bb1f0edd39
174,?d_00955a00@@YAXXZ,unresolved,,461,game/GameEngineDevice/Source/W3DDevice/GameClient/Drawable/Draw/W3DStreakDrawBody.cpp,"nothing defines it: define the datum once (add_data_match.py), map the import to retail's IAT name, or fix the callee's name",bb1f0edd39
175,_Rva011139E4_W3D_Extension,unresolved,,460,game/Libraries/Source/WWVegas/WW3D2/AggregatePrototype_load.cpp;game/Libraries/Source/WWVegas/WW3D2/Rva00972480Proto_LoadBox.cpp,"nothing defines it: define the datum once (add_data_match.py), map the import to retail's IAT name, or fix the callee's name",bb1f0edd39
176,?notify@T_007ea120@@QAEXPAX@Z,unresolved,,458,game/GameEngine/Source/GameNetwork/Rva007EA120Teardown.cpp,"nothing defines it: define the datum once (add_data_match.py), map the import to retail's IAT name, or fix the callee's name",bb1f0edd39
177,_png_warning@8,wrong_selected,,457,game/Libraries/Source/LibPNG/pngget.c,the link keeps a non-retail definition: fix or remove the wrong emitter ahead of retail's copy,bb1f0edd39
178,??$__push_heap@PAUS4SortElem8@@HU1@US4Cmp00575AA0@@@_STL@@YAXPAUS4SortElem8@@HHU1@US4Cmp00575AA0@@@Z,wrong_selected,stlport,456,game/GameEngine/Source/GameClient/GUI/ScoreRowIntrosort.cpp;game/Libraries/Source/WWVegas/WWLib/stlport_adjust_heap_s4sortelem8_score.cpp;game/Libraries/Source/WWVegas/WWLib/stlport_push_heap_s4sortelem8_score.cpp,the link keeps a non-retail definition: fix or remove the wrong emitter ahead of retail's copy,bb1f0edd39
179,?findControlBarScheme@ControlBarSchemeManagerSetControlBarSchemeByPlayerTemplate@@QAEPAVControlBarScheme@@VControlBarSchemeAsciiString@@@Z,unresolved,,453,game/GameEngine/Source/GameClient/GUI/ControlBar/ControlBarSchemeManagerSetControlBarSchemeByPlayerTemplate_4ADE40.cpp,"nothing defines it: define the datum once (add_data_match.py), map the import to retail's IAT name, or fix the callee's name",bb1f0edd39
180,?winGetScreenPosition@GameWindow@@QAEHPAH0@Z,wrong_selected,,453,game/GameEngine/Source/GameClient/GUI/GameWindowManagerScriptParseScreenRectThunk.cpp,the link keeps a non-retail definition: fix or remove the wrong emitter ahead of retail's copy,bb1f0edd39
181,?bfmeReset@BfmeStopOther@@QAEXPAX@Z,unresolved,,450,game/GameEngine/Source/Common/Bfme5StopAndReset.cpp,"nothing defines it: define the datum once (add_data_match.py), map the import to retail's IAT name, or fix the callee's name",bb1f0edd39
182,?appendObjectIDArgument@GameMessage@@QAEXW4ObjectID@@@Z,unresolved,,449,game/GameEngine/Source/GameClient/MessageStream/GUICommandTranslator.cpp,"nothing defines it: define the datum once (add_data_match.py), map the import to retail's IAT name, or fix the callee's name",bb1f0edd39
183,?bfmeTwoBZB@@YAXPAX@Z,unresolved,,441,game/GameEngine/Source/Common/BfmeConv557.cpp;game/GameEngine/Source/Common/BfmeReleaseSetBZB.cpp;game/GameEngine/Source/Common/Rva009A6EC0Release.cpp;game/GameEngine/Source/Common/Rva009A8880Release.cpp,"nothing defines it: define the datum once (add_data_match.py), map the import to retail's IAT name, or fix the callee's name",bb1f0edd39
184,?forceFireWeapon@Weapon@@QAEPAVObject@@PBV2@PBUCoord3D@@@Z,duplicates,,441,game/GameEngine/Source/GameLogic/Object/Behavior/FireWeaponWhenDamagedBehavior_onDamage.cpp;game/GameEngine/Source/GameLogic/Object/Behavior/FireWeaponWhenDamagedBehavior_update.cpp,"two strong definitions: keep the retail-proven one, remove the definition nothing verified needs",bb1f0edd39
185,?nameToLowercaseKey@NameKeyGenerator@@QAE?AW4NameKeyType@@PBD@Z,wrong_selected,,438,game/GameEngineDevice/Source/W3DDevice/GameClient/BfmeObjEME_bfmeGetEME.cpp;game/Libraries/Source/assetmanager/Gen_009EBA60Target_bfmeInvoke.cpp,the link keeps a non-retail definition: fix or remove the wrong emitter ahead of retail's copy,bb1f0edd39
186,?bfmeGetLastShotPosition@BfmeFiringTracker@@QBE?AUBfmeFiringPosition@@XZ,unresolved,,436,game/GameEngine/Source/GameLogic/Object/ObjectDamageAndWeapons.cpp,"nothing defines it: define the datum once (add_data_match.py), map the import to retail's IAT name, or fix the callee's name",bb1f0edd39
187,?hasHigherPathPriority@AIUpdateInterface@@QBE_NPAV1@@Z,duplicates,,435,game/GameEngine/Source/GameLogic/Object/Update/AIUpdatePathPriority.cpp,"two strong definitions: keep the retail-proven one, remove the definition nothing verified needs",bb1f0edd39
188,__imp__u2_import_01359474,unresolved,,435,game/stlport/IosBaseCallbackArrayGrow.cpp;game/stlport/IosBaseWordArrayGrow.cpp,"nothing defines it: define the datum once (add_data_match.py), map the import to retail's IAT name, or fix the callee's name",bb1f0edd39
189,?Rva0109BF40ZeroRange@@3MB,unresolved,,432,game/GameEngine/Source/Common/FillDamageInfo002DD390.cpp,"nothing defines it: define the datum once (add_data_match.py), map the import to retail's IAT name, or fix the callee's name",bb1f0edd39
190,_locale_buffer_0084DE40,unresolved,,432,game/Libraries/Source/STLport/Rva0084DE40DateFormat.c,"nothing defines it: define the datum once (add_data_match.py), map the import to retail's IAT name, or fix the callee's name",bb1f0edd39
191,??1Rva006A1790EventRef@@QAE@XZ,losers,,428,game/GameEngineDevice/Source/MilesAudioDevice/SubmitAudioEvent006AD790.cpp,a COMDAT copy that is not retail's body: fix or remove the wrong emitter,bb1f0edd39
192,?vptrZeroAnchor@VptrZeroHead@@UAEXXZ,unresolved,,426,game/GameEngine/Source/Common/VptrZeroPrefixCtors.cpp,"nothing defines it: define the datum once (add_data_match.py), map the import to retail's IAT name, or fix the callee's name",bb1f0edd39
193,?getExtraAlphaUVData@WorldHeightMap@@QAE_NHHQAM0QAEPA_N2@Z,duplicates,,423,game/GameEngineDevice/Source/W3DDevice/GameClient/WorldHeightMapGetExtraAlphaUVData.cpp,"two strong definitions: keep the retail-proven one, remove the definition nothing verified needs",bb1f0edd39
194,?rva008F80A0@BfmeSmallFillRange@@QAE_NHHH@Z,unresolved,,418,game/GameEngine/Source/GameLogic/Object/PartitionData_doSmallFill.cpp,"nothing defines it: define the datum once (add_data_match.py), map the import to retail's IAT name, or fix the callee's name",bb1f0edd39
195,?GenFloat00C75350@@3MB,unresolved,,415,game/GameEngine/Source/Common/S3BackStepGuardedVirtualFloats.cpp,"nothing defines it: define the datum once (add_data_match.py), map the import to retail's IAT name, or fix the callee's name",bb1f0edd39
196,??1facet@locale@_STL@@MAE@XZ,unresolved,stlport,414,game/Libraries/Source/WWVegas/WWLib/stlport_moneypunct_destructors.cpp;game/stlport/MessagesDtor.cpp,"nothing defines it: define the datum once (add_data_match.py), map the import to retail's IAT name, or fix the callee's name",bb1f0edd39
197,?g00242270Va012EF214@@3PAVRoute00242270@@A,unresolved,,411,game/GameEngine/Source/GameLogic/Object/Contain/HordeContain/MemberAttack00242270.cpp,"nothing defines it: define the datum once (add_data_match.py), map the import to retail's IAT name, or fix the callee's name",bb1f0edd39
198,?getMachine@State@@QAEPAVStateMachine@@XZ,losers,,411,game/GameEngine/Source/GameLogic/Object/Update/AIUpdate/GiantBirdGuardInnerState_onEnter.cpp,a COMDAT copy that is not retail's body: fix or remove the wrong emitter,bb1f0edd39
199,??0?$StringBase@D@@QAE@ABV0@@Z,unresolved,strings,410,game/GameEngine/Source/Common/BfmeObjZHSetZH.cpp;game/GameEngine/Source/Common/Rva002E8FC0Copy.cpp;game/GameEngine/Source/Common/Rva003877A0Copy.cpp;game/GameEngine/Source/Common/Rva0042F400Copy.cpp;game/GameEngine/Source/Common/Rva00605690OwnerConstructor.cpp,"nothing defines it: define the datum once (add_data_match.py), map the import to retail's IAT name, or fix the callee's name",bb1f0edd39
200,?onEnter@AIInternalMoveToState@@UAE?AW4StateReturnType@@XZ,duplicates,,410,game/GameEngine/Source/GameLogic/AI/Rva00174670State_onEnter.cpp;game/GameEngine/Source/GameLogic/AI/WanderWaypointEntry0017AEC0.cpp,"two strong definitions: keep the retail-proven one, remove the definition nothing verified needs",bb1f0edd39
201,?GetEnvironmentVariableWFake@ATL@@YGKPBGPAGK@Z,duplicates,,409,game/GameEngine/Source/Common/W3Win9xGetEnvironmentVariable.cpp,"two strong definitions: keep the retail-proven one, remove the definition nothing verified needs",bb1f0edd39
202,??0LockClass@FastCriticalSectionClass@@QAE@AAV1@@Z,losers,,408,game/Libraries/Source/WWVegas/WWLib/FastAllocator.cpp,a COMDAT copy that is not retail's body: fix or remove the wrong emitter,bb1f0edd39
203,?apply@Rva00367E30Sink@@QAEXPAHH@Z,unresolved,,403,game/GameEngine/Source/Common/BfmeBaseA97HandleMatch.cpp,"nothing defines it: define the datum once (add_data_match.py), map the import to retail's IAT name, or fix the callee's name",bb1f0edd39
204,?g_0112C1C0@@3QBDB,unresolved,,402,game/GameEngine/Source/GameNetwork/Rva007FF250Base64Decode.cpp,"nothing defines it: define the datum once (add_data_match.py), map the import to retail's IAT name, or fix the callee's name",bb1f0edd39
205,?bfmeAdjustHeap00531B20@@YAXPAUS4SortElem12Pod@@HHU1@PAX@Z,unresolved,,399,game/GameEngine/Source/Common/Rva00531980PopHeap12.cpp;game/GameEngine/Source/Common/S4MakeHeapElem12Pod.cpp;game/GameEngine/Source/Common/S4SortHeapElem12Pod.cpp,"nothing defines it: define the datum once (add_data_match.py), map the import to retail's IAT name, or fix the callee's name",bb1f0edd39
206,?aiDoCommand@WorkerAIUpdate@@UAEXPBUAICommandParms@@@Z,duplicates,,397,game/GameEngine/Source/GameLogic/Object/Update/AIUpdate/WorkerAIUpdate_aiDoCommand.cpp,"two strong definitions: keep the retail-proven one, remove the definition nothing verified needs",bb1f0edd39
207,_SBServerListConnectAndQuery,losers,,395,game/GameEngine/Source/GameNetwork/GameSpy/peer/peerSBStartListingAutoMatches.c;game/GameEngine/Source/GameNetwork/GameSpy/peer/peerSBStartListingGroups.c,a COMDAT copy that is not retail's body: fix or remove the wrong emitter,bb1f0edd39
208,?Rva008A5380Holder@@3PADA,unresolved,,392,game/Libraries/Source/Apt/Rva008A1460AptCleanup.cpp,"nothing defines it: define the datum once (add_data_match.py), map the import to retail's IAT name, or fix the callee's name",bb1f0edd39
209,?getString@Rva007E8810Message@@QAE_NPBDPADH@Z,unresolved,,392,game/GameEngine/Source/GameNetwork/Rva007F03C0BlobRecordNextAttribute.cpp;game/GameEngine/Source/GameNetwork/Rva007F96C0Txn.cpp,"nothing defines it: define the datum once (add_data_match.py), map the import to retail's IAT name, or fix the callee's name",bb1f0edd39
210,?get@Rva003D4C50@@QAE_NXZ,unresolved,,390,game/GameEngine/Source/GameLogic/AI/PathfindObstacleCallbackDebb0.cpp,"nothing defines it: define the datum once (add_data_match.py), map the import to retail's IAT name, or fix the callee's name",bb1f0edd39
211,?set@AsciiString@@QAEXPBDH@Z,wrong_selected,strings,385,game/GameEngine/Source/GameClient/GUI/OnlineCustomMatchCopyListRow.cpp;game/GameEngine/Source/GameLogic/System/assignRandomStillImage.cpp,the link keeps a non-retail definition: fix or remove the wrong emitter ahead of retail's copy,bb1f0edd39
212,?Find_Matching_Texture_Category@DX8FVFCategoryContainer@@IAEPAVDX8TextureCategoryClass@@PAVVertexMaterialClass@@IPAV2@@Z,duplicates,,384,game/Libraries/Source/WWVegas/WW3D2/DX8FVFCategoryFindMatchingMaterialBFME.cpp,"two strong definitions: keep the retail-proven one, remove the definition nothing verified needs",bb1f0edd39
213,?TheWritableGlobalData@@3PAURva006C9270GlobalData@@A,unresolved,globals,383,game/GameEngine/Source/GameLogic/LivingWorld/Rva00361250IndicatorColor.cpp;game/GameEngineDevice/Source/W3DDevice/GameClient/W3DViewShakeBfme.cpp,"nothing defines it: define the datum once (add_data_match.py), map the import to retail's IAT name, or fix the callee's name",bb1f0edd39
214,??0BfmeSubB@@QAE@ABV0@@Z,unresolved,,382,game/GameEngine/Source/Common/Rva001DE830Copy.cpp;game/GameEngine/Source/Common/Rva002DFFA0Copy.cpp;game/GameEngine/Source/Common/Rva0043FC20Copy.cpp;game/GameEngine/Source/Common/Rva0052E200Copy.cpp;game/GameEngine/Source/Common/Rva00762E80Copy.cpp;game/GameEngine/Source/Common/Rva00762ED0Copy.cpp;game/GameEngine/Source/Common/Rva00765150Copy.cpp;game/GameEngine/Source/Common/Rva00767F20Copy.cpp,"nothing defines it: define the datum once (add_data_match.py), map the import to retail's IAT name, or fix the callee's name",bb1f0edd39
215,?bfmeGet920D@BfmeX920D@@QAEPAVBfmeRes920D@@XZ,unresolved,,378,game/GameEngine/Source/Common/BfmeConv920.cpp;game/GameEngine/Source/GameLogic/AI/Rva001743C0Run.cpp;game/GameEngine/Source/GameLogic/Object/Update/Rva0026FBE0StateSelection.cpp,"nothing defines it: define the datum once (add_data_match.py), map the import to retail's IAT name, or fix the callee's name",bb1f0edd39
216,?g_bfmeSubB3@@3NA,unresolved,,378,game/GameEngine/Source/Common/BfmeConv2047.cpp;game/GameEngineDevice/Source/W3DDevice/GameClient/W3DViewCameraModFinalTimeMultiplierBfme.cpp,"nothing defines it: define the datum once (add_data_match.py), map the import to retail's IAT name, or fix the callee's name",bb1f0edd39
217,?getPingValue@GameSpyInfo@@UAEHABVAsciiString@@@Z,wrong_selected,,378,game/GameEngine/Source/GameNetwork/GameSpy/GameSpyInfo_getPingValue.cpp,the link keeps a non-retail definition: fix or remove the wrong emitter ahead of retail's copy,bb1f0edd39
218,?winPointInChild@GameWindow@@QAEPAV1@HH_N0@Z,wrong_selected,,377,game/GameEngine/Source/GameClient/GUI/GameWindowManager_getWindowUnderCursor_Thunk.cpp,the link keeps a non-retail definition: fix or remove the wrong emitter ahead of retail's copy,bb1f0edd39
219,?g_bfmeStateEE@@3PAVBfmeStateEE@@A,unresolved,,374,game/GameEngine/Source/Common/Bfme5FiftyNine.cpp;game/GameEngine/Source/Common/Bfme5SeventyFive.cpp;game/GameEngine/Source/Common/BfmeClampedKind.cpp,"nothing defines it: define the datum once (add_data_match.py), map the import to retail's IAT name, or fix the callee's name",bb1f0edd39
220,?bfmeDoYR@BfmeSubYR@@QAEDPAX000H@Z,unresolved,,372,game/GameEngine/Source/GameLogic/Object/Update/SpecialAbilityUpdate_isWithinAbilityAbortRange.cpp,"nothing defines it: define the datum once (add_data_match.py), map the import to retail's IAT name, or fix the callee's name",bb1f0edd39
221,??0LightEnvironmentClass@@QAE@XZ,wrong_selected,,369,game/Libraries/Source/WWVegas/WW3D2/LightEnvironmentClassConstructor.cpp,the link keeps a non-retail definition: fix or remove the wrong emitter ahead of retail's copy,bb1f0edd39
222,?initializeRva006B3C50@@YGXPAX@Z,unresolved,,368,game/GameEngine/Source/Common/Rva006B3C50Reset.cpp;game/GameEngine/Source/Common/Rva006B3C70ResetMask.cpp;game/GameEngine/Source/Common/Rva006B6910State.cpp,"nothing defines it: define the datum once (add_data_match.py), map the import to retail's IAT name, or fix the callee's name",bb1f0edd39
223,?read_vertex_influences@MeshGeometryClass@@IAE_NAAVChunkLoadClass@@@Z,unresolved,,367,game/Libraries/Source/WWVegas/WW3D2/MeshGeometryReadChunks.cpp,"nothing defines it: define the datum once (add_data_match.py), map the import to retail's IAT name, or fix the callee's name",bb1f0edd39
224,??$__copy@PAUNugget@Rva001417F0ModuleInfo@@PAU12@H@_STL@@YAPAUNugget@Rva001417F0ModuleInfo@@PAU12@00ABUrandom_access_iterator_tag@0@PAH@Z,losers,stlport,366,game/GameEngine/Source/Common/Thing/ModuleInfoClearCopiedFromDefaultEntries.cpp;game/GameEngine/Source/Common/Thing/Rva0013C1D0NuggetVectorBodies.cpp;game/GameEngine/Source/Common/Thing/Rva001417F0ModuleInfoClear.cpp,a COMDAT copy that is not retail's body: fix or remove the wrong emitter,bb1f0edd39
225,?Get_Char_Data@Rva00941400Font@@QAEPBURva00941400CharRecord@@G@Z,unresolved,,365,game/GameEngine/Source/Common/BfmeConv1890Lookup.cpp;game/Libraries/Source/WWVegas/WW3D2/FontCharsClassGetCharSpacingThunk.cpp;game/Libraries/Source/WWVegas/WW3D2/FontCharsClass_Get_Char_Metric.cpp,"nothing defines it: define the datum once (add_data_match.py), map the import to retail's IAT name, or fix the callee's name",bb1f0edd39
226,??1Gen_0081E480@@UAE@XZ,unresolved,,361,game/GameEngine/Source/Common/Rva007E3C20Vp6StreamCtor.cpp;game/GameEngine/Source/Common/Rva007E3C20Vp6StreamDtor.cpp,"nothing defines it: define the datum once (add_data_match.py), map the import to retail's IAT name, or fix the callee's name",bb1f0edd39
227,?bfmeAccept@Gen_0016B250@@AAEXPAVBfmeSeedTarget@@@Z,unresolved,,361,game/GameEngine/Source/Common/Gen0016C690Seed.cpp;game/GameEngine/Source/Common/S3SeedC730Accept.cpp,"nothing defines it: define the datum once (add_data_match.py), map the import to retail's IAT name, or fix the callee's name",bb1f0edd39
228,?Rva005A3C00InsertOverflow@BfmeKeyboardEventVector@@QAEXPAUKeyboardIO@@ABU2@ABUBfmeFalseType@@I_N@Z,unresolved,,359,game/GameEngine/Source/GameClient/Input/KeyboardEventProcessing.cpp,"nothing defines it: define the datum once (add_data_match.py), map the import to retail's IAT name, or fix the callee's name",bb1f0edd39
229,?addShadowCore@BFMEShadowManagerLayout@@QAEPAVW3DProjectedShadow@@PAVW3DShadowTexture@@PAVRenderObjClass@@W4ShadowType@@_NMMHMMPAPAV2@3PAVDrawable@@3@Z,unresolved,,359,game/GameEngineDevice/Source/W3DDevice/GameClient/Shadow/Rva007B4180Decal.cpp,"nothing defines it: define the datum once (add_data_match.py), map the import to retail's IAT name, or fix the callee's name",bb1f0edd39
230,?method@Rva00925860@@QAEXPAX0@Z,unresolved,,356,game/GameEngineDevice/Source/W3DDevice/GameClient/Shadow/BfmeVolumetricShadowBufferEntryUpdate.cpp,"nothing defines it: define the datum once (add_data_match.py), map the import to retail's IAT name, or fix the callee's name",bb1f0edd39
231,??0AIAttackState@@QAE@PAVStateMachine@@_N11PAVAttackExitConditionsInterface@@@Z,duplicates,,354,game/GameEngine/Source/GameLogic/Object/Update/AIUpdate/GiantBirdGuardAttackAggressorState_onEnter.cpp,"two strong definitions: keep the retail-proven one, remove the definition nothing verified needs",bb1f0edd39
232,?rva007F76D0@Rva00801670Host@@QAEPAHPAVBfmeVecCZ@@H@Z,unresolved,,354,game/GameEngine/Source/GameNetwork/Rva00801EC0FeslFill.cpp,"nothing defines it: define the datum once (add_data_match.py), map the import to retail's IAT name, or fix the callee's name",bb1f0edd39
233,?testForNone@?$BitFlags@$0MA@@@QBE_NABV1@@Z,unresolved,,353,game/GameEngine/Source/GameLogic/Object/Upgrade/UpgradeMux_Rva002D70F0.cpp;game/GameEngine/Source/GameLogic/Object/Upgrade/UpgradeMux_wouldUpgrade.cpp,"nothing defines it: define the datum once (add_data_match.py), map the import to retail's IAT name, or fix the callee's name",bb1f0edd39
234,?TheGameLogic@@3PAVGameLogicNetView@@A,unresolved,globals,352,game/GameEngine/Source/GameNetwork/Network_GetCommandsFromCommandList.cpp,"nothing defines it: define the datum once (add_data_match.py), map the import to retail's IAT name, or fix the callee's name",bb1f0edd39
235,?evaluateAsVisibleCliff@BaseHeightMapRenderObjClass@@QAE_NHHM@Z,duplicates,,352,game/GameEngineDevice/Source/W3DDevice/GameClient/BaseHeightMapEvaluateVisibleCliff.cpp,"two strong definitions: keep the retail-proven one, remove the definition nothing verified needs",bb1f0edd39
236,?getBodyModule@Object@@QBEPAVBodyModuleInterface@@XZ,losers,,352,game/GameEngine/Source/Common/RTS/PlayerBattlePlanBonuses_apply.cpp,a COMDAT copy that is not retail's body: fix or remove the wrong emitter,bb1f0edd39
237,?call@Gen00036A9D@@QAEXXZ,unresolved,,349,game/GameEngine/Source/Common/Y1EightSlotRefCounts.cpp,"nothing defines it: define the datum once (add_data_match.py), map the import to retail's IAT name, or fix the callee's name",bb1f0edd39
238,?g_bfmeFallbackDB@@3PAVAptValue@@A,unresolved,,349,game/Libraries/Source/EA/Apt/Bfme5AppendFallback8CAFF0.cpp;game/Libraries/Source/EA/Apt/Rva008B9020PopCache.cpp;game/Libraries/Source/EA/Apt/Rva008C4F90.cpp;game/Libraries/Source/EA/Apt/Rva008CAF00IntegerAppend.cpp,"nothing defines it: define the datum once (add_data_match.py), map the import to retail's IAT name, or fix the callee's name",bb1f0edd39
239,?Rva008C5D70Alloc@@3P6APAXI@ZA,unresolved,,348,game/GameEngine/Source/Common/BfmeVecEVE_ctor.cpp;game/GameEngine/Source/Common/Rva00897760AllocFamily.cpp;game/GameEngine/Source/Common/SmallGaps/Rva008C5D70AllocBuffer.cpp;game/Libraries/Source/EA/Apt/Rva008C4650HeaderedAlloc.cpp,"nothing defines it: define the datum once (add_data_match.py), map the import to retail's IAT name, or fix the callee's name",bb1f0edd39
240,?g0023C310Va012F0898@@3PAULogic0023C310@@A,unresolved,,348,game/GameEngine/Source/GameLogic/Object/Contain/HordeContain/FormationFlags0023C310.cpp,"nothing defines it: define the datum once (add_data_match.py), map the import to retail's IAT name, or fix the callee's name",bb1f0edd39
241,?freeBlocks@PathfindZoneManager@@AAEXXZ,duplicates,,345,game/GameEngine/Source/GameLogic/AI/PathfindZoneManager_freeBlocks.cpp,"two strong definitions: keep the retail-proven one, remove the definition nothing verified needs",bb1f0edd39
242,?bfmeReset@BfmeMapObjectExtra@@QAEXXZ,unresolved,,344,game/GameEngine/Source/Common/Bfme5IndexedNodeRelease.cpp,"nothing defines it: define the datum once (add_data_match.py), map the import to retail's IAT name, or fix the callee's name",bb1f0edd39
243,?g_bfmeScaleBK@@3MB,unresolved,,344,game/GameEngineDevice/Source/W3DDevice/GameClient/Rva0061E080ScaleTransform.cpp,"nothing defines it: define the datum once (add_data_match.py), map the import to retail's IAT name, or fix the callee's name",bb1f0edd39
244,?g_rva001B5860TwoPi@@3MB,unresolved,,344,game/GameEngineDevice/Source/W3DDevice/GameClient/Rva0061E230MatrixTransform.cpp,"nothing defines it: define the datum once (add_data_match.py), map the import to retail's IAT name, or fix the callee's name",bb1f0edd39
245,?damageTeamMembers@Team@@QAE_NM@Z,wrong_selected,,342,game/GameEngine/Source/Common/RTS/Team_damageTeamMembers.cpp,the link keeps a non-retail definition: fix or remove the wrong emitter ahead of retail's copy,bb1f0edd39
246,?getNaturalRallyPoint@QueueProductionExitUpdate@@UBE_NAAUCoord3D@@_N@Z,duplicates,,342,game/GameEngine/Source/GameLogic/Object/Update/ProductionExitUpdate/QueueProductionExitUpdateGetNaturalRallyPoint.cpp,"two strong definitions: keep the retail-proven one, remove the definition nothing verified needs",bb1f0edd39
247,?getNaturalRallyPoint@SupplyCenterProductionExitUpdate@@UBE_NAAUCoord3D@@_N@Z,duplicates,,342,game/GameEngine/Source/GameLogic/Object/Update/ProductionExitUpdate/SupplyCenterProductionExitUpdateGetNaturalRallyPoint.cpp,"two strong definitions: keep the retail-proven one, remove the definition nothing verified needs",bb1f0edd39
248,?TheTerrainLogic@@3PAVRva00733FD0TerrainLogic@@A,unresolved,globals,340,game/GameEngineDevice/Source/W3DDevice/GameClient/W3DTreeBuffer_removeTreeAtIndex_Rva00733FD0.cpp,"nothing defines it: define the datum once (add_data_match.py), map the import to retail's IAT name, or fix the callee's name",bb1f0edd39
249,?assign@Q2FlagOwner@@QAEXH@Z,unresolved,,340,game/GameEngine/Source/Common/Q2QueriedIndexAssignments.cpp,"nothing defines it: define the datum once (add_data_match.py), map the import to retail's IAT name, or fix the callee's name",bb1f0edd39
250,?getBridgeBehaviorInterfaceFromObject@BridgeBehavior@@SAPAVBridgeBehaviorInterface@@PAVObject@@@Z,duplicates,,339,game/GameEngine/Source/GameLogic/Object/Behavior/BridgeBehaviorGetInterface.cpp;game/GameEngine/Source/GameLogic/Object/Update/AIUpdate/DozerAIUpdate_findGoodBuildOrRepairPositionAndTarget.cpp,"two strong definitions: keep the retail-proven one, remove the definition nothing verified needs",bb1f0edd39
251,??$min@I@_STL@@YAABIABI0@Z,losers,stlport,338,game/Libraries/Source/WWVegas/WWLib/stlport_narrow_streambuf_xs.cpp,a COMDAT copy that is not retail's body: fix or remove the wrong emitter,bb1f0edd39
252,??1Rva00597FC0Client@@UAE@XZ,wrong_selected,,337,game/GameEngine/Source/GameClient/GUI/AptPalantirDestructor.cpp;game/GameEngine/Source/GameClient/GameClientDeletingDestructor.cpp,the link keeps a non-retail definition: fix or remove the wrong emitter ahead of retail's copy,bb1f0edd39
253,?D3DDevice@DX8Wrapper@@0PAUIDirect3DDevice8@@A,unresolved,,336,game/Libraries/Source/WWVegas/WW3D2/DX8Wrapper_Clear.cpp,"nothing defines it: define the datum once (add_data_match.py), map the import to retail's IAT name, or fix the callee's name",bb1f0edd39
254,??1BfmeNodeY@@QAE@XZ,unresolved,,334,game/GameEngine/Source/GameLogic/ScriptEngine/Rva00359E40ClearActiveRecords.cpp,"nothing defines it: define the datum once (add_data_match.py), map the import to retail's IAT name, or fix the callee's name",bb1f0edd39
255,??0SimpleSceneClass@@QAE@XZ,duplicates,,329,game/GameEngineDevice/Source/W3DDevice/GameClient/Rva00700030Initialize.cpp,"two strong definitions: keep the retail-proven one, remove the definition nothing verified needs",bb1f0edd39
256,?findUpdateModule@Object@@QAEPAVStealthUpdate@@W4NameKeyType@@@Z,unresolved,,329,game/GameEngine/Source/Common/BfmeOwnerXR_bfmeCheckXR.cpp,"nothing defines it: define the datum once (add_data_match.py), map the import to retail's IAT name, or fix the callee's name",bb1f0edd39
257,??0Rva00364980HeapElement@@QAE@ABU0@@Z,unresolved,,328,game/GameEngine/Source/Common/Rva00363B80UnguardedInsertionSort.cpp;game/GameEngine/Source/Common/Rva003648E0MakeHeap.cpp;game/GameEngine/Source/Common/Rva00364980PopHeapAux.cpp;game/GameEngine/Source/Common/Rva00366320InsertionSort.cpp,"nothing defines it: define the datum once (add_data_match.py), map the import to retail's IAT name, or fix the callee's name",bb1f0edd39
258,?g_bfmeEmptyUnicode@@3QBDB,unresolved,,328,game/Libraries/Source/WWVegas/WWLib/Rva0068FA20LowerBoundWideWalk.cpp;game/Libraries/Source/WWVegas/WWLib/RvaTreeLowerBoundWideWalk.cpp,"nothing defines it: define the datum once (add_data_match.py), map the import to retail's IAT name, or fix the callee's name",bb1f0edd39
259,?g_d3dDevice@@3PAUIDirect3DDevice9@@A,unresolved,,326,game/GameEngineDevice/Source/W3DDevice/GameClient/W3DSmudge_copyRect.cpp,"nothing defines it: define the datum once (add_data_match.py), map the import to retail's IAT name, or fix the callee's name",bb1f0edd39
260,?g_lgaKeyRecordSentinel@@3PAULargeGroupAudioKeyRecord@@A,unresolved,,326,game/GameEngine/Source/Common/LargeGroupAudioKeyMapBfmeRetainMembers.cpp;game/GameEngine/Source/GameLogic/LargeGroupAudio/LargeGroupAudioKeyMapBfmeMerge.cpp;game/GameEngine/Source/GameLogic/LargeGroupAudio/LargeGroupAudioKeyMapRva003D36E0ClearIntersection.cpp,"nothing defines it: define the datum once (add_data_match.py), map the import to retail's IAT name, or fix the callee's name",bb1f0edd39
261,?getAIUpdateInterface@Object@@QAEPAVAIUpdateInterface@@XZ,losers,,326,game/GameEngine/Source/GameLogic/AI/AIGroup_getMinMaxAndCenter_Thunk.cpp,a COMDAT copy that is not retail's body: fix or remove the wrong emitter,bb1f0edd39
262,?getContain@Object@@QBEPAVContainModuleInterface@@XZ,losers,,325,game/GameEngine/Source/Common/RTS/ActionManagerAppearsToContainFriendlies.cpp;game/GameEngine/Source/Common/RTS/Rva000C4740.cpp;game/GameEngine/Source/GameLogic/AI/PathfinderTintSlowObject.cpp,a COMDAT copy that is not retail's body: fix or remove the wrong emitter,bb1f0edd39
263,?hasError@Rva007E8810Message@@QAE_NXZ,unresolved,,325,game/GameEngine/Source/GameNetwork/Rva007F4530Fesl.cpp;game/GameEngine/Source/GameNetwork/V2FeslBrowserPlayer.cpp,"nothing defines it: define the datum once (add_data_match.py), map the import to retail's IAT name, or fix the callee's name",bb1f0edd39
264,?Rva002B7240Lookup@@YAPAURva002B7240Source@@H@Z,unresolved,,324,game/GameEngine/Source/GameLogic/Object/Update/AIUpdate/Rva002B7F80WorkerAIUpdateOnDelete.cpp,"nothing defines it: define the datum once (add_data_match.py), map the import to retail's IAT name, or fix the callee's name",bb1f0edd39
265,?rva000C9CC0Visit@@YAXPAVObject@@PAX@Z,unresolved,,323,game/GameEngine/Source/Common/RTS/PlayerObjectCounts.cpp,"nothing defines it: define the datum once (add_data_match.py), map the import to retail's IAT name, or fix the callee's name",bb1f0edd39
266,_piAddListingGamesCallback,unresolved,,323,game/GameEngine/Source/GameNetwork/GameSpy/peer/peerSBGamesEngineCallback.c;game/GameEngine/Source/GameNetwork/GameSpy/peer/peerSBGamesListCallback.c,"nothing defines it: define the datum once (add_data_match.py), map the import to retail's IAT name, or fix the callee's name",bb1f0edd39
267,??$BfmeElementConstruct@URva001999C0Element@@@_STL@@YAXPAURva001999C0Element@@ABU1@@Z,unresolved,stlport,322,game/GameEngine/Source/Common/Rva0019A2D0KeyedAppend.cpp,"nothing defines it: define the datum once (add_data_match.py), map the import to retail's IAT name, or fix the callee's name",bb1f0edd39
268,?friend_adjustPowerForPlayer@Object@@QAEX_N@Z,wrong_selected,,322,game/GameEngine/Source/GameLogic/Object/ObjectFriendAdjustPower.cpp,the link keeps a non-retail definition: fix or remove the wrong emitter ahead of retail's copy,bb1f0edd39
269,_piSBQueryVersion,unresolved,,322,game/GameEngine/Source/GameNetwork/GameSpy/peer/peerSBInit.c,"nothing defines it: define the datum once (add_data_match.py), map the import to retail's IAT name, or fix the callee's name",bb1f0edd39
270,?productClamp@Rva00699430Owner@@QAEXH@Z,duplicates,,315,game/GameEngine/Source/Common/ResetAudioSlot006AB9F0.cpp,"two strong definitions: keep the retail-proven one, remove the definition nothing verified needs",bb1f0edd39
271,??$__push_heap@PAHHHUQ4Sort003D15A0@@@_STL@@YAXPAHHHHUQ4Sort003D15A0@@@Z,wrong_selected,stlport,314,game/GameEngine/Source/Common/Q4SortHeap003CFA90.cpp;game/Libraries/Source/WWVegas/WWLib/stlport_adjust_heap_q4sort.cpp;game/Libraries/Source/WWVegas/WWLib/stlport_push_heap_q4sort.cpp,the link keeps a non-retail definition: fix or remove the wrong emitter ahead of retail's copy,bb1f0edd39
272,?g_BFMEIndexBufferDebug@@3PAVBFMEIndexBufferDebugClass@@A,unresolved,,314,game/GameEngine/Source/Common/BfmeMovieThreadWait.cpp;game/GameEngine/Source/Common/Rva002E27F0Forward.cpp;game/Libraries/Source/WWVegas/WW3D2/BfmeDebugReport00280040.cpp,"nothing defines it: define the datum once (add_data_match.py), map the import to retail's IAT name, or fix the callee's name",bb1f0edd39
273,?Rva00C75350Zero@@3MB,unresolved,,313,game/GameEngineDevice/Source/W3DDevice/GameClient/Rva006DFDB0Ray.cpp,"nothing defines it: define the datum once (add_data_match.py), map the import to retail's IAT name, or fix the callee's name",bb1f0edd39
274,?g_bfmeDirtyBG@@3HA,unresolved,,313,game/GameEngine/Source/Common/Bfme5IndexedVector3Insert.cpp;game/GameEngine/Source/Common/Bfme5IndexedVector3Setter.cpp,"nothing defines it: define the datum once (add_data_match.py), map the import to retail's IAT name, or fix the callee's name",bb1f0edd39
275,?Release_Ref@BFMETextureRelease@@QAEXXZ,unresolved,,311,game/GameEngineDevice/Source/W3DDevice/GameClient/W3DShrubBuffer_clearAllTrees.cpp;game/Libraries/Source/WWVegas/WW3D2/MaterialPassClassGetTexture.cpp,"nothing defines it: define the datum once (add_data_match.py), map the import to retail's IAT name, or fix the callee's name",bb1f0edd39
276,?g_bfmeEmptyF9@@3PADA,unresolved,,311,game/Libraries/Source/geometry/Rva0087FA50UpdateFlags.cpp,"nothing defines it: define the datum once (add_data_match.py), map the import to retail's IAT name, or fix the callee's name",bb1f0edd39
277,?isKindOfMulti@Object@@QBE_NABV?$BitFlags@$0MA@@@0@Z,unresolved,,310,game/GameEngine/Source/Common/RTS/PlayerObjectWalk.cpp,"nothing defines it: define the datum once (add_data_match.py), map the import to retail's IAT name, or fix the callee's name",bb1f0edd39
278,?allocate@W3DVideoBuffer@@UAE_NII_N@Z,losers,,308,game/GameEngineDevice/Source/W3DDevice/GameClient/W3DVideoBufferAllocateBfme.cpp,a COMDAT copy that is not retail's body: fix or remove the wrong emitter,bb1f0edd39
279,?g_Va0130A5A0@@3PAURva007EB810Diag@@A,unresolved,,308,game/GameEngine/Source/GameNetwork/Rva007EB920Assert.cpp,"nothing defines it: define the datum once (add_data_match.py), map the import to retail's IAT name, or fix the callee's name",bb1f0edd39
280,??0Rva0036CA00Str@@QAE@ABV0@@Z,unresolved,,306,game/GameEngine/Source/Common/Rva000C3380Copy.cpp;game/GameEngine/Source/Common/Rva00133290Copy.cpp;game/GameEngine/Source/Common/Rva00338CA0Copy.cpp;game/GameEngine/Source/Common/Rva0036CA00Copy.cpp;game/GameEngine/Source/Common/Rva003AD160Copy.cpp;game/GameEngine/Source/Common/Rva009CEA90Copy.cpp,"nothing defines it: define the datum once (add_data_match.py), map the import to retail's IAT name, or fix the callee's name",bb1f0edd39
281,?_M_insert_overflow@?$vector@URva0076D560Record@@V?$allocator@URva0076D560Record@@@_STL@@@_STL@@IAEXPAURva0076D560Record@@ABU3@ABU__false_type@2@I_N@Z,losers,stlport,306,game/GameEngine/Source/Common/Rva0076D560VectorFillInsert.cpp,a COMDAT copy that is not retail's body: fix or remove the wrong emitter,bb1f0edd39
282,?g_q1Shared0107C7D0@@3VQ1SharedTarget0107C7D0@@A,unresolved,,304,game/GameEngine/Source/Common/Q1SharedStoreForwarders.cpp,"nothing defines it: define the datum once (add_data_match.py), map the import to retail's IAT name, or fix the callee's name",bb1f0edd39
283,??RQ3SortCompare@@QBE_NABUQ3SortElem4@@0@Z,duplicates,,303,game/GameEngine/Source/Common/Q3Median009CCB60.cpp;game/GameEngine/Source/Common/Q3SortCompareUnderscore.cpp,"two strong definitions: keep the retail-proven one, remove the definition nothing verified needs",bb1f0edd39
284,?Invalidate@DX8MeshRendererClass@@QAEX_N@Z,wrong_selected,,303,game/GameEngine/Source/Common/Rva008FD2A0Inv.cpp;game/Libraries/Source/WWVegas/WW3D2/DX8MeshRendererClass_Invalidate_Thunk.cpp,the link keeps a non-retail definition: fix or remove the wrong emitter ahead of retail's copy,bb1f0edd39
285,?bfmeTestME@BfmeThingME@@QAEHXZ,unresolved,,300,game/GameEngine/Source/GameClient/GUI/Rva56E070CheckMsg.cpp,"nothing defines it: define the datum once (add_data_match.py), map the import to retail's IAT name, or fix the callee's name",bb1f0edd39
286,?g_bfmeFallbackDB@@3PAVRva008A9B00@@A,unresolved,,300,game/Libraries/Source/EA/Apt/EnsureName008CDAD0.cpp,"nothing defines it: define the datum once (add_data_match.py), map the import to retail's IAT name, or fix the callee's name",bb1f0edd39
287,?getSlot@Rva0069F740Owner@@QAE?AURva0069F740Ref@@HH@Z,unresolved,,299,game/GameEngine/Source/Common/BfmeConv2100.cpp;game/GameEngine/Source/Common/Rva0069F740Check.cpp,"nothing defines it: define the datum once (add_data_match.py), map the import to retail's IAT name, or fix the callee's name",bb1f0edd39
288,?isCursorVisible@Win32Mouse@@QAE_NXZ,unresolved,,298,game/GameEngine/Source/GameClient/GUI/GUICallbacks/Menus/BfmeGameLogicPause_setGamePaused.cpp,"nothing defines it: define the datum once (add_data_match.py), map the import to retail's IAT name, or fix the callee's name",bb1f0edd39
289,??_GBFMERetailAsciiString@@QAEPAXI@Z,losers,strings,296,game/GameEngine/Source/GameLogic/Map/SidesListClearSideStorage.cpp,a COMDAT copy that is not retail's body: fix or remove the wrong emitter,bb1f0edd39
290,?Rva007FE780Printf@@YAHPBDZZ,unresolved,,296,game/Libraries/Source/DirtySock/commtcp.cpp;game/Libraries/Source/DirtySock/netgameutil.cpp,"nothing defines it: define the datum once (add_data_match.py), map the import to retail's IAT name, or fix the callee's name",bb1f0edd39
291,?applyMotiveForce@PhysicsBehavior@@QAEXPBUCoord3D@@@Z,wrong_selected,,295,game/GameEngine/Source/GameLogic/Object/Object_rva001C7CF0.cpp,the link keeps a non-retail definition: fix or remove the wrong emitter ahead of retail's copy,bb1f0edd39
292,?g_bfmeTableERJ@@3PAVBfmeTableERJ@@A,unresolved,,295,game/GameEngine/Source/Common/Rva0034F950ReleaseBfmeTable.cpp;game/GameEngine/Source/GameLogic/ScriptEngine/Rva0033CA50CollectScriptAssets.cpp,"nothing defines it: define the datum once (add_data_match.py), map the import to retail's IAT name, or fix the callee's name",bb1f0edd39
293,??4SegLineRendererClass@@QAEAAV0@ABV0@@Z,wrong_selected,,294,game/Libraries/Source/WWVegas/WW3D2/SegLineRendererClassAssignThunk.cpp;game/Libraries/Source/WWVegas/WW3D2/SegLineRendererClassCopyCtorThunk.cpp,the link keeps a non-retail definition: fix or remove the wrong emitter ahead of retail's copy,bb1f0edd39
294,?g_bfmeArenaCursor@@3PADA,unresolved,,294,game/GameEngine/Source/Common/BfmeArenaReady.cpp;game/GameEngine/Source/Common/Rva008915C0ArenaRetreat.cpp;game/GameEngine/Source/Common/Rva00897030ArenaHelpers.cpp;game/GameEngine/Source/Common/Rva00897110ArenaReadyThunk.cpp,"nothing defines it: define the datum once (add_data_match.py), map the import to retail's IAT name, or fix the callee's name",bb1f0edd39
295,??0ClosestKindOfData@@QAE@XZ,duplicates,,292,game/GameEngine/Source/Common/RTS/ClosestKindOfDataConstructor.cpp;game/GameEngine/Source/Common/RTS/PlayerFindClosestByObject.cpp,"two strong definitions: keep the retail-proven one, remove the definition nothing verified needs",bb1f0edd39
296,??YCoord3D@@QAEAAV0@ABUCoord3DBase@@@Z,duplicates,,292,game/GameEngine/Source/GameClient/System/FXParticleSystem/Rva005FDC70Method.cpp,"two strong definitions: keep the retail-proven one, remove the definition nothing verified needs",bb1f0edd39
297,?process@Rva00407030@@QAEXPAPAVPathfindCell@@ABUIRegion2D@@1PAVPathfindZoneManager@@@Z,unresolved,,292,game/GameEngine/Source/GameLogic/AI/PathfindZoneManagerCalculateZonesIncrementalStep00408480.cpp,"nothing defines it: define the datum once (add_data_match.py), map the import to retail's IAT name, or fix the callee's name",bb1f0edd39
298,?set@Gen0002A1B2@@QAEXHHM@Z,unresolved,,292,game/GameEngine/Source/Common/S2SubobjectSetCtors.cpp;game/GameEngineDevice/Source/W3DDevice/GameClient/Rva0073C700Configure.cpp,"nothing defines it: define the datum once (add_data_match.py), map the import to retail's IAT name, or fix the callee's name",bb1f0edd39
299,?evaluateBezSegmentAtT@BezierSegment@@QBEXMPAUCoord3D@@@Z,duplicates,,291,game/GameEngine/Source/Common/Bezier/BezierSegmentEvaluation.cpp;game/GameEngine/Source/Common/Bezier/Rva000059EDBezierSegmentThunk.cpp,"two strong definitions: keep the retail-proven one, remove the definition nothing verified needs",bb1f0edd39
300,??_7W3DTreeBuffer@@6B@,losers,,290,game/GameEngineDevice/Source/W3DDevice/GameClient/W3DTreeBufferDestructor.cpp,a COMDAT copy that is not retail's body: fix or remove the wrong emitter,bb1f0edd39
301,?getControllingPlayer@Rva00107A50Object@@QAEPAVRva00107A50Player@@XZ,unresolved,,290,game/GameEngine/Source/Common/System/Rva00107A50RadarColor.cpp,"nothing defines it: define the datum once (add_data_match.py), map the import to retail's IAT name, or fix the callee's name",bb1f0edd39
302,?isGoalPosWithinAttackRange@Weapon@@QBE_NPBVObject@@PBUCoord3D@@01H@Z,unresolved,,290,game/GameEngine/Source/GameLogic/AI/PathfindAdjustDeab0.cpp;game/GameEngine/Source/GameLogic/Object/Weapon_isWithinAttackRange.cpp,"nothing defines it: define the datum once (add_data_match.py), map the import to retail's IAT name, or fix the callee's name",bb1f0edd39
303,?TheBfmeGameLogic@@3PAURva00367E30Logic@@A,unresolved,globals,287,game/GameEngine/Source/GameClient/GUI/GUICallbacks/Menus/BfmeStopPT.cpp;game/GameEngine/Source/GameLogic/Object/ObjectPreFireCurrentWeapon.cpp,"nothing defines it: define the datum once (add_data_match.py), map the import to retail's IAT name, or fix the callee's name",bb1f0edd39
304,?_M_insert_overflow@?$vector@UGen002E9E10@@V?$allocator@UGen002E9E10@@@_STL@@@_STL@@IAEXPAUGen002E9E10@@ABU3@ABU__false_type@2@I_N@Z,losers,stlport,287,game/Libraries/Source/WWVegas/WWLib/Rva002EB770VectorInsertOverflow.cpp,a COMDAT copy that is not retail's body: fix or remove the wrong emitter,bb1f0edd39
305,?addRect006e@BfmeRender2D@@QAEXABUBfmeFloatRect@@H@Z,unresolved,,286,game/GameEngineDevice/Source/W3DDevice/GameClient/W3DDisplayDrawFillRect.cpp,"nothing defines it: define the datum once (add_data_match.py), map the import to retail's IAT name, or fix the callee's name",bb1f0edd39
306,??$BfmeElementConstruct@V?$vector@W4ScienceType@@V?$allocator@W4ScienceType@@@_STL@@@_STL@@@_STL@@YAXPAV?$vector@W4ScienceType@@V?$allocator@W4ScienceType@@@_STL@@@0@ABV10@@Z,unresolved,stlport,284,game/GameEngine/Source/Common/INI/ScienceGroupVectorInsertOverflow.cpp,"nothing defines it: define the datum once (add_data_match.py), map the import to retail's IAT name, or fix the callee's name",bb1f0edd39
307,?bfmeFindBOB@BfmeSubBOB@@QAEPAUBfmeGotBOB@@XZ,unresolved,,284,game/GameEngine/Source/Common/Rva0037D730CompareBOB.cpp;game/GameEngine/Source/Common/Rva0037F0F0ExperienceLookup.cpp,"nothing defines it: define the datum once (add_data_match.py), map the import to retail's IAT name, or fix the callee's name",bb1f0edd39
308,?freeMapResources@BaseHeightMapRenderObjClass@@UAEHXZ,duplicates,,284,game/GameEngineDevice/Source/W3DDevice/GameClient/BaseHeightMapFreeMapResources.cpp,"two strong definitions: keep the retail-proven one, remove the definition nothing verified needs",bb1f0edd39
309,??1Rva009EBCE0AssetReference@@QAE@XZ,losers,,282,game/GameEngine/Source/Common/BfmeConv2140.cpp;game/GameEngine/Source/Common/BfmeConv2141.cpp,a COMDAT copy that is not retail's body: fix or remove the wrong emitter,bb1f0edd39
310,?bfmeClearVUV@BfmeStrVUV@@QAEXXZ,unresolved,,282,game/GameEngine/Source/Common/BfmeConv1655.cpp,"nothing defines it: define the datum once (add_data_match.py), map the import to retail's IAT name, or fix the callee's name",bb1f0edd39
311,?findObjectByID@GameLogic@@QAEPAVObject@@I@Z,losers,,281,game/GameEngine/Source/GameLogic/Object/Contain/Rva00237E50MemberRange.cpp,a COMDAT copy that is not retail's body: fix or remove the wrong emitter,bb1f0edd39
312,?_M_insert_overflow@?$vector@UGen_t_004019b0_m4pod@@V?$allocator@UGen_t_004019b0_m4pod@@@_STL@@@_STL@@IAEXPAUGen_t_004019b0_m4pod@@ABU3@ABU__false_type@2@I_N@Z,losers,stlport,280,game/GameEngine/Source/GameLogic/Object/Locomotor/Rva00401B10Update.cpp,a COMDAT copy that is not retail's body: fix or remove the wrong emitter,bb1f0edd39
313,?g_bfmeG1059@@3PAVBfmeG1059@@A,unresolved,,279,game/GameEngineDevice/Source/W3DDevice/GameClient/TerrainTextureMatrix.cpp,"nothing defines it: define the datum once (add_data_match.py), map the import to retail's IAT name, or fix the callee's name",bb1f0edd39
314,?TheAttributeModifierDefinitionStore@@3PAVAttributeModifierDefinitionStore@@A,unresolved,globals,278,game/GameEngine/Source/GameLogic/Object/Update/AttributeModifierPoolUpdate_bfmeGetBonus.cpp,"nothing defines it: define the datum once (add_data_match.py), map the import to retail's IAT name, or fix the callee's name",bb1f0edd39
315,?bfmeCompare1294@AsciiString@@QBEHPBD@Z,unresolved,strings,278,game/GameEngine/Source/Common/Audio/Rva006B1E60ProviderState.cpp,"nothing defines it: define the datum once (add_data_match.py), map the import to retail's IAT name, or fix the callee's name",bb1f0edd39
316,?bfmeGetHM@BfmeHolderHM@@QAEPAVBfmeItemHM@@XZ,unresolved,,277,game/GameEngine/Source/Common/BfmeConv1781.cpp;game/GameEngine/Source/GameLogic/AI/Rva002C1930Owner_method.cpp,"nothing defines it: define the datum once (add_data_match.py), map the import to retail's IAT name, or fix the callee's name",bb1f0edd39
317,?GetFrameEntry@Debug@@AAEPAUFrameHashEntry@1@IIPBDH@Z,duplicates,,276,game/Libraries/Source/debug/Debug_LogBegin_0088B8F0.cpp,"two strong definitions: keep the retail-proven one, remove the definition nothing verified needs",bb1f0edd39
318,?g_BFMEIndexBufferDebug@@3PAVBFMEDebugClass008FCF40@@A,unresolved,,276,game/Libraries/Source/WWVegas/WW3D2/SurfaceClass_Rva008FCF40.cpp,"nothing defines it: define the datum once (add_data_match.py), map the import to retail's IAT name, or fix the callee's name",bb1f0edd39
319,?Rva00579160TheManager@@3PAURva00579160Manager@@A,unresolved,,275,game/GameEngine/Source/Common/Gen00783F60_00466610.cpp;game/GameEngine/Source/GameClient/GUI/Palantir/BfmeConv2043.cpp;game/GameEngine/Source/GameClient/Input/Rva005A6790.cpp,"nothing defines it: define the datum once (add_data_match.py), map the import to retail's IAT name, or fix the callee's name",bb1f0edd39
320,?g_bfmeDirectionWeight1285@@3MA,unresolved,,275,game/GameEngine/Source/GameLogic/Object/Update/AIUpdate/GiantBirdGuardReturnState_update.cpp,"nothing defines it: define the datum once (add_data_match.py), map the import to retail's IAT name, or fix the callee's name",bb1f0edd39
321,?set@Rva0052DD50AsciiString@@QAEXPBDH@Z,unresolved,strings,275,game/GameEngine/Source/GameClient/GUI/Rva0052DD50CopyListRowCdecl.cpp,"nothing defines it: define the datum once (add_data_match.py), map the import to retail's IAT name, or fix the callee's name",bb1f0edd39
322,__imp__strzcat,unresolved,,275,game/GameEngine/Source/GameNetwork/GameSpy/peer/peerAutoMatchStartReporting.c,"nothing defines it: define the datum once (add_data_match.py), map the import to retail's IAT name, or fix the callee's name",bb1f0edd39
323,??4EvaMessageTail@@QAEAAV0@ABV0@@Z,unresolved,,274,game/GameEngine/Source/GameClient/EvaMessageCopyBackward.cpp;game/GameEngine/Source/GameClient/EvaMessageInfoCopy.cpp;game/GameEngine/Source/GameClient/EvaMessageInfoCopyWalk.cpp,"nothing defines it: define the datum once (add_data_match.py), map the import to retail's IAT name, or fix the callee's name",bb1f0edd39
324,?g_bfmeHeadDX@@3PAVBfmeItemDX@@A,unresolved,,274,game/GameEngine/Source/Common/Bfme5FiftyFour.cpp,"nothing defines it: define the datum once (add_data_match.py), map the import to retail's IAT name, or fix the callee's name",bb1f0edd39
325,?g_bfmeJ1023@@3PAVBfmeJ1023@@A,unresolved,,274,game/GameEngine/Source/GameLogic/Object/Update/LargeGroupAudioUpdate_update.cpp,"nothing defines it: define the datum once (add_data_match.py), map the import to retail's IAT name, or fix the callee's name",bb1f0edd39
326,?TheGameClientClientUpdate@@3PAVClientFrameSubsystem@@A,unresolved,globals,273,game/GameEngine/Source/GameClient/ShadowRva00459960.cpp;game/GameEngineDevice/Source/W3DDevice/GameClient/Shadow/W3DProjectedShadowManagerRva007AFB50.cpp,"nothing defines it: define the datum once (add_data_match.py), map the import to retail's IAT name, or fix the callee's name",bb1f0edd39
327,?readLine@GameTextManager@@IAE_NPADHPAVFile@@@Z,duplicates,,272,game/GameEngine/Source/GameClient/GameTextManager_getStringCount.cpp,"two strong definitions: keep the retail-proven one, remove the definition nothing verified needs",bb1f0edd39
328,?_M_insert_overflow@?$vector@UGen_t_00617d60_p16cd@@V?$allocator@UGen_t_00617d60_p16cd@@@_STL@@@_STL@@IAEXPAUGen_t_00617d60_p16cd@@ABU3@ABU__false_type@2@I_N@Z,losers,stlport,270,game/Libraries/Source/WWVegas/WWLib/Rva00617070VectorInsertOverflow.cpp,a COMDAT copy that is not retail's body: fix or remove the wrong emitter,bb1f0edd39
329,?nameToKey@NameKeyGenerator@@QAEHPBD@Z,unresolved,,270,game/GameEngine/Source/GameLogic/Object/Update/AssistedTargetingUpdate_makeFeedbackLaser.cpp,"nothing defines it: define the datum once (add_data_match.py), map the import to retail's IAT name, or fix the callee's name",bb1f0edd39
330,?_M_insert_overflow@?$vector@UGen_t_003491e0_p16cd@@V?$allocator@UGen_t_003491e0_p16cd@@@_STL@@@_STL@@IAEXPAUGen_t_003491e0_p16cd@@ABU3@ABU__false_type@2@I_N@Z,losers,stlport,269,game/Libraries/Source/WWVegas/WWLib/Rva00347A50VectorInsertOverflow.cpp,a COMDAT copy that is not retail's body: fix or remove the wrong emitter,bb1f0edd39
331,?createPlayerEvent@Radar@@QAEXPAVPlayer@@PBUCoord3D@@W4RadarEventType@@M@Z,duplicates,,267,game/GameEngine/Source/Common/System/Radar_createPlayerEvent.cpp,"two strong definitions: keep the retail-proven one, remove the definition nothing verified needs",bb1f0edd39
332,?getBridgeHeight@Bridge@@QAEMPBUCoord3D@@PAU2@@Z,duplicates,,267,game/GameEngineDevice/Source/W3DDevice/GameLogic/W3DTerrainLogicGetLayerHeight.cpp,"two strong definitions: keep the retail-proven one, remove the definition nothing verified needs",bb1f0edd39
333,??1Rva00800780Addr@@QAE@XZ,unresolved,,266,game/GameEngine/Source/GameNetwork/Rva007FA790Fesl.cpp,"nothing defines it: define the datum once (add_data_match.py), map the import to retail's IAT name, or fix the callee's name",bb1f0edd39
334,??0HTreeClass@@QAE@ABV0@@Z,duplicates,,264,game/Libraries/Source/WWVegas/WW3D2/HTreeClassCopyCtor.cpp,"two strong definitions: keep the retail-proven one, remove the definition nothing verified needs",bb1f0edd39
335,?perNode@Rva006F8F00Payload@@QAEXPAX0PAH1@Z,unresolved,,264,game/GameEngineDevice/Source/W3DDevice/GameClient/Rva006F8F00Owner_updateBuffers.cpp,"nothing defines it: define the datum once (add_data_match.py), map the import to retail's IAT name, or fix the callee's name",bb1f0edd39
336,?bfmeAdd@BfmeCell@@QAEXMHH@Z,unresolved,,262,game/GameEngine/Source/GameLogic/System/VictorySystemRva001DFC10.cpp,"nothing defines it: define the datum once (add_data_match.py), map the import to retail's IAT name, or fix the callee's name",bb1f0edd39
337,_jpeg_add_quant_table@20,losers,,260,game/Libraries/Source/JPEG/jcparam.c,a COMDAT copy that is not retail's body: fix or remove the wrong emitter,bb1f0edd39
338,?onDisabledEdge@Object@@IAEX_N@Z,duplicates,,259,game/GameEngine/Source/GameLogic/Object/Object_onDisabledEdge_Thunk.cpp,"two strong definitions: keep the retail-proven one, remove the definition nothing verified needs",bb1f0edd39
339,?rva001F1620@BezierProjectileBehavior@@QAEX_N@Z,unresolved,,259,game/GameEngine/Source/GameLogic/Object/Behavior/BezierProjectileBehavior_rva001F1B90.cpp,"nothing defines it: define the datum once (add_data_match.py), map the import to retail's IAT name, or fix the callee's name",bb1f0edd39
340,??1T1A1_005DD290@@UAE@XZ,unresolved,,257,game/GameEngine/Source/GameClient/System/FXParticleSystem/LightningDrawModuleCtor005F4E90.cpp,"nothing defines it: define the datum once (add_data_match.py), map the import to retail's IAT name, or fix the callee's name",bb1f0edd39
341,?Rva006B0850XferAsciiStringRealMap@@YAPAVXfer@@PAV1@PAX@Z,losers,,257,game/GameEngine/Source/Common/Rva006ABC60Xfer.cpp,a COMDAT copy that is not retail's body: fix or remove the wrong emitter,bb1f0edd39
342,?bfmeRefreshCompletedUpgrades@Rva0038AD90Object@@QAEXXZ,unresolved,,257,game/GameEngine/Source/GameLogic/Object/Object_rva001CBC20DefectionComplete.cpp,"nothing defines it: define the datum once (add_data_match.py), map the import to retail's IAT name, or fix the callee's name",bb1f0edd39
343,?g_rva00892640Deleter@@3PAURva00892640Deleter@@A,unresolved,,257,game/GameEngine/Source/Common/Rva00892640RefcountCopy.cpp,"nothing defines it: define the datum once (add_data_match.py), map the import to retail's IAT name, or fix the callee's name",bb1f0edd39
344,?BfmeShadowZLimit@@3MB,unresolved,,252,game/GameEngine/Source/Common/System/Rva009A2420CollisionNodeMovementScore.cpp,"nothing defines it: define the datum once (add_data_match.py), map the import to retail's IAT name, or fix the callee's name",bb1f0edd39
345,?affectedByUpgrade@Object@@QBE_NPBVUpgradeTemplate@@@Z,wrong_selected,,252,game/GameEngine/Source/GameLogic/Object/Behavior/CastleBehaviorUpgrade0036FBE0.cpp,the link keeps a non-retail definition: fix or remove the wrong emitter ahead of retail's copy,bb1f0edd39
346,?g_rva0088e970Found@@3PAXA,unresolved,,252,game/Libraries/Source/WWVegas/WWDebug/DebugImportHook0088E970.cpp,"nothing defines it: define the datum once (add_data_match.py), map the import to retail's IAT name, or fix the callee's name",bb1f0edd39
347,?refreshRva00215650@BfmeOwnFCB@@QAEXXZ,unresolved,,252,game/GameEngine/Source/GameLogic/Object/Completion215930.cpp,"nothing defines it: define the datum once (add_data_match.py), map the import to retail's IAT name, or fix the callee's name",bb1f0edd39
348,?Reset@MeshMatDescClass@@QAEXHHH@Z,wrong_selected,,251,game/Libraries/Source/WWVegas/WW3D2/MeshMatDescClass_Reset_BFME.cpp,the link keeps a non-retail definition: fix or remove the wrong emitter ahead of retail's copy,bb1f0edd39
349,__imp__lstrcpynA@12,unresolved,,251,game/Libraries/Source/WWVegas/WW3D2/ParticleEmitterDefClassSaveUserDataBool.cpp,"nothing defines it: define the datum once (add_data_match.py), map the import to retail's IAT name, or fix the callee's name",bb1f0edd39
350,?bfmeApply1VNI@BfmeOwnerVNI@@QAEXXZ,unresolved,,250,game/GameEngine/Source/GameLogic/Object/Rva0015FC60ClearCondition.cpp;game/GameEngine/Source/GameLogic/Object/Rva001B7CD0ConditionMove.cpp;game/GameEngine/Source/GameLogic/Object/Rva002D9F30SetCondition.cpp,"nothing defines it: define the datum once (add_data_match.py), map the import to retail's IAT name, or fix the callee's name",bb1f0edd39
351,?g_aiTargetDispatchSuppressed@@3_NA,unresolved,,250,game/GameEngine/Source/Common/GridDispatch006D2130.cpp,"nothing defines it: define the datum once (add_data_match.py), map the import to retail's IAT name, or fix the callee's name",bb1f0edd39
352,?replaceModelConditionState@Drawable@@QAEXABVModelConditionFlags@@_NI@Z,unresolved,,250,game/GameEngine/Source/GameLogic/Object/ObjectStateReset001CE3F0.cpp,"nothing defines it: define the datum once (add_data_match.py), map the import to retail's IAT name, or fix the callee's name",bb1f0edd39
353,?Get_Texture@MaterialInfoClass@@QBE?AVBfmeHandleCX@@H@Z,unresolved,,249,game/GameEngineDevice/Source/W3DDevice/GameClient/Water/WaterRenderObjClamp007A0960.cpp,"nothing defines it: define the datum once (add_data_match.py), map the import to retail's IAT name, or fix the callee's name",bb1f0edd39
354,?TheBfmeImpl_002EFC30@@3PAUGen_002EFC30Impl@@A,unresolved,globals,249,game/GameEngine/Source/Common/S3GuardedSetters.cpp,"nothing defines it: define the datum once (add_data_match.py), map the import to retail's IAT name, or fix the callee's name",bb1f0edd39
355,?g_bfmeBiasMC@@3MA,unresolved,,249,game/GameEngine/Source/Common/Bfme5NinetyNine.cpp,"nothing defines it: define the datum once (add_data_match.py), map the import to retail's IAT name, or fix the callee's name",bb1f0edd39
356,?g_pool01337A30@@3PAURva00891B80Pool@@A,unresolved,,249,game/GameEngine/Source/Common/Rva008A9830StringDtor.cpp;game/GameEngine/Source/Common/Rva008A9A70StringAssign.cpp;game/GameEngine/Source/Common/Rva008AD2C0Assign.cpp,"nothing defines it: define the datum once (add_data_match.py), map the import to retail's IAT name, or fix the callee's name",bb1f0edd39
357,?g_bfme0130A714@@3PAXA,unresolved,,248,game/GameEngine/Source/Common/Rva007F3980AttributeSerialize.cpp,"nothing defines it: define the datum once (add_data_match.py), map the import to retail's IAT name, or fix the callee's name",bb1f0edd39
358,?xfer@?$BitFlags@$0HE@@@QAEXPAVXfer@@@Z,losers,,248,game/GameEngine/Source/Common/BitFlags116Xfer.cpp,a COMDAT copy that is not retail's body: fix or remove the wrong emitter,bb1f0edd39
359,?g_bfme0130A6A8@@3PAXA,unresolved,,247,game/GameEngine/Source/Common/Rva007F2C10RankSerialize.cpp,"nothing defines it: define the datum once (add_data_match.py), map the import to retail's IAT name, or fix the callee's name",bb1f0edd39
360,?Gen01085F58@@3NA,unresolved,,244,game/GameEngine/Source/Common/Bfme/Rva00385FB0State.cpp;game/GameEngine/Source/Common/Rva006DF090Recompute.cpp,"nothing defines it: define the datum once (add_data_match.py), map the import to retail's IAT name, or fix the callee's name",bb1f0edd39
361,??4UnicodeString@@QAEAAV0@ABV0@@Z,duplicates,strings,243,game/GameEngine/Source/GameClient/GUI/AptScreenLanLobbyCopyName.cpp;game/GameEngine/Source/GameClient/GUI/Rva00784900GetText.cpp,"two strong definitions: keep the retail-proven one, remove the definition nothing verified needs",bb1f0edd39
362,?TheGen001336E5C@@3PAVGen001336E5C@@A,unresolved,globals,243,game/GameEngine/Source/Common/Bfme/Rva00889340.cpp;game/GameEngine/Source/Common/Debug_recordCallsite.cpp;game/GameEngine/Source/Common/S2DebugCommandRegistrars.cpp;game/GameEngine/Source/Common/T3Gen001336E5CForwarders.cpp,"nothing defines it: define the datum once (add_data_match.py), map the import to retail's IAT name, or fix the callee's name",bb1f0edd39
363,?prefMapIncrement@@YAPAUPrefMapNodeShim@@PAU1@@Z,unresolved,,243,game/GameEngine/Source/Common/Rva0036E3E0KeyScan.cpp;game/GameEngine/Source/Common/Rva0036E560PointerScan.cpp,"nothing defines it: define the datum once (add_data_match.py), map the import to retail's IAT name, or fix the callee's name",bb1f0edd39
364,_g_bfmeD1206,unresolved,,241,game/GameEngine/Source/Common/Rva008AC6C0Accumulate.cpp;game/Libraries/Source/Apt/BfmeConv1206.cpp,"nothing defines it: define the datum once (add_data_match.py), map the import to retail's IAT name, or fix the callee's name",bb1f0edd39
365,?clearAndSetModelConditionFlags@Object@@QAEXABVModelConditionFlags@@0@Z,unresolved,,240,game/GameEngine/Source/GameLogic/Object/FiringTrackerCooldown.cpp,"nothing defines it: define the datum once (add_data_match.py), map the import to retail's IAT name, or fix the callee's name",bb1f0edd39
366,??0Rva0033CopyBase@@QAE@ABV0@@Z,unresolved,,238,game/GameEngine/Source/Common/Rva001937D0Ctor.cpp;game/GameEngine/Source/Common/Rva0033A4C0Copy.cpp;game/GameEngine/Source/Common/Rva0033A4F0Copy.cpp;game/GameEngine/Source/Common/Rva0033A7B0Ctor.cpp;game/GameEngine/Source/Common/Rva0033A7E0Ctor.cpp;game/GameEngine/Source/Common/Rva0033A810Ctor.cpp;game/GameEngine/Source/Common/Rva0033ACA0Copy.cpp;game/GameEngine/Source/Common/Rva0033ACD0Copy.cpp,"nothing defines it: define the datum once (add_data_match.py), map the import to retail's IAT name, or fix the callee's name",bb1f0edd39
367,?KINDOFMASK_NONE@@3V?$BitFlags@$0HE@@@B,unresolved,,238,game/GameEngine/Source/GameLogic/Object/Contain/Rva0022D830PassengerConditions.cpp,"nothing defines it: define the datum once (add_data_match.py), map the import to retail's IAT name, or fix the callee's name",bb1f0edd39
368,?bfmeTake@BfmeSinkAB@@QAEXPAVBfmeVecAB@@@Z,unresolved,,238,game/GameEngine/Source/Common/Bfme5DropAndHandOver.cpp,"nothing defines it: define the datum once (add_data_match.py), map the import to retail's IAT name, or fix the callee's name",bb1f0edd39
369,_g_Rva01358EA8Print,unresolved,,238,game/Libraries/Source/Y4DirtySock/Y4DirtySockDebug.c,"nothing defines it: define the datum once (add_data_match.py), map the import to retail's IAT name, or fix the callee's name",bb1f0edd39
370,?Collide@CollisionMath@@SA_NABVAABoxClass@@ABVVector3@@0PAUCastResultStruct@@@Z,duplicates,,237,game/Libraries/Source/WWVegas/WWMath/CollisionMathMovingAABox.cpp,"two strong definitions: keep the retail-proven one, remove the definition nothing verified needs",bb1f0edd39
371,??0DX8IndexBufferClass@@QAE@GW4UsageType@0@@Z,unresolved,,236,game/GameEngineDevice/Source/W3DDevice/GameClient/W3DBridgeBufferAllocateBridgeBuffers.cpp,"nothing defines it: define the datum once (add_data_match.py), map the import to retail's IAT name, or fix the callee's name",bb1f0edd39
372,?createAndFireTempWeapon@WeaponStore@@QAEXPBVWeaponTemplate@@PBVObject@@PAV3@@Z,duplicates,,236,game/GameEngine/Source/GameLogic/Object/Behavior/BezierProjectileBehavior_projectileFire.cpp,"two strong definitions: keep the retail-proven one, remove the definition nothing verified needs",bb1f0edd39
373,__imp_??3@YAXPAXI@Z,unresolved,,236,game/GameEngine/Source/Common/Bfme5FreeSizedBuffer.cpp;game/GameEngine/Source/Common/Rva008A0D60SizedFree.cpp,"nothing defines it: define the datum once (add_data_match.py), map the import to retail's IAT name, or fix the callee's name",bb1f0edd39
374,_g_rva0130E988LoadLibraryA,unresolved,,236,game/GameEngine/Source/Common/System/Rva00882050ImportPatch.cpp,"nothing defines it: define the datum once (add_data_match.py), map the import to retail's IAT name, or fix the callee's name",bb1f0edd39
375,?bfmeSetVKC@BfmeUniVKC@@QAEXABV1@@Z,unresolved,,235,game/GameEngine/Source/Common/BfmeConv1397.cpp,"nothing defines it: define the datum once (add_data_match.py), map the import to retail's IAT name, or fix the callee's name",bb1f0edd39
376,??4?$VectorClass@VModelNodeClass@HLodClass@@@@QAEAAV0@ABV0@@Z,losers,,234,game/Libraries/Source/WWVegas/WW3D2/VectorClassModelNodeHlodAssignmentThunk.cpp,a COMDAT copy that is not retail's body: fix or remove the wrong emitter,bb1f0edd39
377,?Init@StreakRendererClass@@QAEXABUW3dEmitterLinePropertiesStruct@@@Z,duplicates,,234,game/Libraries/Source/WWVegas/WW3D2/StreakRendererInit.cpp,"two strong definitions: keep the retail-proven one, remove the definition nothing verified needs",bb1f0edd39
378,?bfmeBaseAB@BfmeThingAB@@QAEXPAX@Z,unresolved,,234,game/GameEngine/Source/Common/BfmeThreeHundredEightyTwo.cpp;game/GameEngine/Source/Common/Rva005A84D0RecordConstruct.cpp,"nothing defines it: define the datum once (add_data_match.py), map the import to retail's IAT name, or fix the callee's name",bb1f0edd39
379,?deleteAllParticleSystems@ActiveBody@@IAEXXZ,duplicates,,234,game/GameEngine/Source/GameLogic/Object/Body/ActiveBody_deleteAllParticleSystems.cpp,"two strong definitions: keep the retail-proven one, remove the definition nothing verified needs",bb1f0edd39
380,?Register@SimpleSceneClass@@UAEXPAVRenderObjClass@@W4RegType@SceneClass@@@Z,duplicates,,232,game/Libraries/Source/WWVegas/WW3D2/SimpleSceneClass_Register_Thunk.cpp,"two strong definitions: keep the retail-proven one, remove the definition nothing verified needs",bb1f0edd39
381,?g_bfmeOwnerBR@@3PAVBfmeOwnerBR@@A,unresolved,,232,game/GameEngine/Source/GameLogic/Object/Update/Rva00272CD0RefreshCachedFlags.cpp,"nothing defines it: define the datum once (add_data_match.py), map the import to retail's IAT name, or fix the callee's name",bb1f0edd39
382,?g_bfmeTableDH@@3PAEA,unresolved,,232,game/GameEngine/Source/Common/Bfme5ThirtyNine.cpp;game/GameEngine/Source/Common/Rva001409F0MaskedChecksum.cpp,"nothing defines it: define the datum once (add_data_match.py), map the import to retail's IAT name, or fix the callee's name",bb1f0edd39
383,??1Gen006E2310@@UAE@XZ,duplicates,,231,game/GameEngine/Source/Common/Gen006E2310Ctor.cpp,"two strong definitions: keep the retail-proven one, remove the definition nothing verified needs",bb1f0edd39
384,?bfmeOne934G@BfmeThing934G@@QAEHXZ,unresolved,,231,game/GameEngine/Source/Common/Rva000CDA90Compare.cpp,"nothing defines it: define the datum once (add_data_match.py), map the import to retail's IAT name, or fix the callee's name",bb1f0edd39
385,?rva00035FF8Target@@YAXXZ,unresolved,,230,game/GameEngine/Source/Common/RvaShard2TailThunks.cpp,"nothing defines it: define the datum once (add_data_match.py), map the import to retail's IAT name, or fix the callee's name",bb1f0edd39
386,??4MapMetaData@@QAEAAV0@ABV0@@Z,duplicates,,229,game/GameEngine/Source/GameClient/MapMetaData_assign.cpp,"two strong definitions: keep the retail-proven one, remove the definition nothing verified needs",bb1f0edd39
387,?GenPartition00261010@@YAPAUQ3SortElem8@@PAU1@0U1@P6A_NABU1@2@Z@Z,unresolved,,229,game/GameEngine/Source/Common/Rva00261AE0Introsort.cpp,"nothing defines it: define the datum once (add_data_match.py), map the import to retail's IAT name, or fix the callee's name",bb1f0edd39
388,?OnGameStartTimer@LANAPI@@UAEXH@Z,wrong_selected,,228,game/GameEngine/Source/GameNetwork/LANAPIOnGameStartTimer.cpp,the link keeps a non-retail definition: fix or remove the wrong emitter ahead of retail's copy,bb1f0edd39
389,?TheBfmeGameLogic@@3PAVObjectRegistry0036F1B0@@A,unresolved,globals,227,game/GameEngine/Source/GameLogic/Object/Behavior/SetMemberPayload0036F1B0.cpp,"nothing defines it: define the datum once (add_data_match.py), map the import to retail's IAT name, or fix the callee's name",bb1f0edd39
390,?compare@?$StringBase@G@@QBEHABV1@@Z,duplicates,strings,225,game/Libraries/Source/WWVegas/WWLib/RvaTreeFindWide.cpp,"two strong definitions: keep the retail-proven one, remove the definition nothing verified needs",bb1f0edd39
391,?g_bfmeSrc1007@@3PAVBfmeSrc1007@@A,unresolved,,225,game/GameEngine/Source/Common/BfmeConv1007.cpp,"nothing defines it: define the datum once (add_data_match.py), map the import to retail's IAT name, or fix the callee's name",bb1f0edd39
392,?rva0087ED70@GeometryShape@@QBEMXZ,duplicates,,225,game/GameEngine/Source/Common/System/GeometryShapeRva0087ED70.cpp,"two strong definitions: keep the retail-proven one, remove the definition nothing verified needs",bb1f0edd39
393,?g0023FDB0Va012EF214@@3PAUAIHub0023FDB0@@A,unresolved,,224,game/GameEngine/Source/GameLogic/Object/Contain/HordeContain/MemberSync0023FDB0.cpp,"nothing defines it: define the datum once (add_data_match.py), map the import to retail's IAT name, or fix the callee's name",bb1f0edd39
394,?g_bfmeSinkY@@3PAVBfmeSinkY@@A,unresolved,,224,game/GameEngine/Source/Common/Bfme5HandOffClears.cpp,"nothing defines it: define the datum once (add_data_match.py), map the import to retail's IAT name, or fix the callee's name",bb1f0edd39
395,?set@RetailLayoutString@@QAEXPBDH@Z,unresolved,,224,game/GameEngine/Source/Common/Bfme5IniNamedValue.cpp;game/GameEngine/Source/Common/Rva001ED820Set.cpp,"nothing defines it: define the datum once (add_data_match.py), map the import to retail's IAT name, or fix the callee's name",bb1f0edd39
396,?store@Gen000A9490Owner@@QAEXVQ2AsciiString@@H@Z,unresolved,,224,game/GameEngine/Source/Common/Q2TemporaryKeyStores.cpp,"nothing defines it: define the datum once (add_data_match.py), map the import to retail's IAT name, or fix the callee's name",bb1f0edd39
397,?transform@BfmeRvaTransform@@QAEXPBUBfmeRvaCoord3D@@PAU2@@Z,unresolved,,222,game/GameEngine/Source/GameLogic/AI/Rva00248DB0.cpp,"nothing defines it: define the datum once (add_data_match.py), map the import to retail's IAT name, or fix the callee's name",bb1f0edd39
398,?bfmeBitVectorEqual@@YA_NABV?$vector@_NV?$allocator@_N@_STL@@@_STL@@0@Z,duplicates,,221,game/GameEngine/Source/Common/BitIteratorEqual.cpp,"two strong definitions: keep the retail-proven one, remove the definition nothing verified needs",bb1f0edd39
399,?getVolume@AudioEventRTS@@QBEMXZ,wrong_selected,,220,game/GameEngine/Source/Common/Audio/AudioEventRTSGetPitchShiftThunk.cpp,the link keeps a non-retail definition: fix or remove the wrong emitter ahead of retail's copy,bb1f0edd39
400,?g_bfmeK1266A@@3MB,unresolved,,219,game/GameEngine/Source/Common/FCurve.cpp,"nothing defines it: define the datum once (add_data_match.py), map the import to retail's IAT name, or fix the callee's name",bb1f0edd39
401,?onContaining@OpenContain@@UAEXPAVObject@@_N@Z,duplicates,,219,game/GameEngine/Source/GameLogic/Object/Contain/CaveContainOnContaining.cpp;game/GameEngine/Source/GameLogic/Object/Contain/GarrisonContain_onContaining.cpp,"two strong definitions: keep the retail-proven one, remove the definition nothing verified needs",bb1f0edd39
402,??$__push_heap@PAUS4SortElem8@@HU1@US4Cmp009F3400@@@_STL@@YAXPAUS4SortElem8@@HHU1@US4Cmp009F3400@@@Z,wrong_selected,stlport,218,game/Libraries/Source/WWVegas/WWLib/stlport_adjust_heap_s4sortelem8.cpp;game/Libraries/Source/WWVegas/WWLib/stlport_push_heap_s4sortelem8.cpp,the link keeps a non-retail definition: fix or remove the wrong emitter ahead of retail's copy,bb1f0edd39
403,??$__push_heap@PAUS4SortElem8@@HU1@US4Cmp009F34B0@@@_STL@@YAXPAUS4SortElem8@@HHU1@US4Cmp009F34B0@@@Z,wrong_selected,stlport,218,game/Libraries/Source/WWVegas/WWLib/stlport_adjust_heap_s4sortelem8_desc.cpp;game/Libraries/Source/WWVegas/WWLib/stlport_push_heap_s4sortelem8_desc.cpp,the link keeps a non-retail definition: fix or remove the wrong emitter ahead of retail's copy,bb1f0edd39
404,??4?$VectorClass@VResolutionDescClass@@@@QAEAAV0@ABV0@@Z,duplicates,,217,game/Libraries/Source/WWVegas/WW3D2/ResolutionDescVectorAssign.cpp,"two strong definitions: keep the retail-proven one, remove the definition nothing verified needs",bb1f0edd39
405,__imp___strdup,unresolved,,217,game/Libraries/Source/WWVegas/WW3D2/ParticleEmitterDefClassReadHeaderBool.cpp;game/Libraries/Source/WWVegas/WWDownload/Rva008859D0.cpp,"nothing defines it: define the datum once (add_data_match.py), map the import to retail's IAT name, or fix the callee's name",bb1f0edd39
406,?TheGameMessageDispatcher@@3PAVGameMessageDispatcher@@A,unresolved,globals,215,game/GameEngine/Source/Common/Bfme/Rva0073B8C0Set.cpp,"nothing defines it: define the datum once (add_data_match.py), map the import to retail's IAT name, or fix the callee's name",bb1f0edd39
407,?buildFieldParse@CrateCollideModuleData@@SAXAAVMultiIniFieldParse@@@Z,unresolved,,214,game/GameEngine/Source/GameLogic/Object/Collide/CrateCollide/HealCrateCollideFriendNewModuleDataThunk.cpp;game/GameEngine/Source/GameLogic/Object/Collide/CrateCollide/ShroudCrateCollideFriendNewModuleDataThunk.cpp,"nothing defines it: define the datum once (add_data_match.py), map the import to retail's IAT name, or fix the callee's name",bb1f0edd39
408,?ModelConditionNames@@3QBQBDB,unresolved,,213,game/GameEngine/Source/Common/parseModelConditionFlags.cpp,"nothing defines it: define the datum once (add_data_match.py), map the import to retail's IAT name, or fix the callee's name",bb1f0edd39
409,?TheGameLogic@@3PAVGameLogicPortraitShim@@A,unresolved,globals,213,game/GameEngine/Source/Common/BfmeMpSkirmishFlagGate.cpp;game/GameEngine/Source/Common/Rva0024F810Owner.cpp;game/GameEngine/Source/Common/Rva0037F220ExperienceLevelSystem.cpp,"nothing defines it: define the datum once (add_data_match.py), map the import to retail's IAT name, or fix the callee's name",bb1f0edd39
410,?_M_reallocate_map@?$deque@VThingRef@@V?$allocator@VThingRef@@@_STL@@@_STL@@IAEXI_N@Z,unresolved,stlport,212,game/GameEngine/Source/Common/ThingRefDequePushBackAux.cpp,"nothing defines it: define the datum once (add_data_match.py), map the import to retail's IAT name, or fix the callee's name",bb1f0edd39
411,?bfmeCompareVSC@@YAHPBD0@Z,unresolved,,212,game/Libraries/Source/EA/Apt/ValuePredicates008C4940.cpp,"nothing defines it: define the datum once (add_data_match.py), map the import to retail's IAT name, or fix the callee's name",bb1f0edd39
412,?update@AIUpdateInterface@@UAE?AW4UpdateSleepTime@@XZ,losers,,212,game/GameEngine/Source/GameLogic/Object/Update/AIUpdate/HordeAIUpdate_update.cpp,a COMDAT copy that is not retail's body: fix or remove the wrong emitter,bb1f0edd39
413,_bfmeVftBTB,unresolved,,212,game/GameEngine/Source/Common/Rva003CC780RecordCopyConstructor.cpp,"nothing defines it: define the datum once (add_data_match.py), map the import to retail's IAT name, or fix the callee's name",bb1f0edd39
414,??0W3DTerrainBackground@@QAE@XZ,duplicates,,211,game/GameEngineDevice/Source/W3DDevice/GameClient/W3DTerrainBackgroundConstructor.cpp,"two strong definitions: keep the retail-proven one, remove the definition nothing verified needs",bb1f0edd39
415,?find@BfmeMemberIndexMap@@QAE?AUBfmeMemberIndexIterator@@ABH@Z,unresolved,,211,game/GameEngine/Source/GameLogic/Object/Contain/Rva00243C40HordeMemberCommand.cpp,"nothing defines it: define the datum once (add_data_match.py), map the import to retail's IAT name, or fix the callee's name",bb1f0edd39
416,?TheGameClient@@3PAVRva006C1280Client@@A,unresolved,globals,210,game/GameEngineDevice/Source/W3DDevice/Common/System/W3DRadarEventRva006C1280.cpp,"nothing defines it: define the datum once (add_data_match.py), map the import to retail's IAT name, or fix the callee's name",bb1f0edd39
417,?slot0@BfmeAptScreenBase@@UAEXXZ,unresolved,,210,game/GameEngine/Source/GameClient/GUI/BfmeAptScreenBaseConstructor.cpp,"nothing defines it: define the datum once (add_data_match.py), map the import to retail's IAT name, or fix the callee's name",bb1f0edd39
418,_GiveUpgradeUpdateFieldParse,unresolved,,209,game/GameEngine/Source/GameLogic/Object/Update/GiveUpgradeUpdateFactories.cpp,"nothing defines it: define the datum once (add_data_match.py), map the import to retail's IAT name, or fix the callee's name",bb1f0edd39
419,_LevelGrantSpecialPowerFieldParse,unresolved,,209,game/GameEngine/Source/GameLogic/Object/Update/LevelGrantSpecialPowerFactories.cpp,"nothing defines it: define the datum once (add_data_match.py), map the import to retail's IAT name, or fix the callee's name",bb1f0edd39
420,_RousingSpeechUpdateFieldParse,unresolved,,209,game/GameEngine/Source/GameLogic/Object/Update/RousingSpeechUpdateFactories.cpp,"nothing defines it: define the datum once (add_data_match.py), map the import to retail's IAT name, or fix the callee's name",bb1f0edd39
421,??0RoadSegment@@QAE@XZ,duplicates,,208,game/GameEngineDevice/Source/W3DDevice/GameClient/RoadSegmentConstructor.cpp,"two strong definitions: keep the retail-proven one, remove the definition nothing verified needs",bb1f0edd39
422,?find@Rva00769260Tree@@QAE?AURva00769260Iterator@@ABQAX@Z,unresolved,,208,game/GameEngine/Source/Common/Rva00769260Lookup.cpp;game/GameEngine/Source/Common/Rva007692D0LookupCoord.cpp,"nothing defines it: define the datum once (add_data_match.py), map the import to retail's IAT name, or fix the callee's name",bb1f0edd39
423,?isValid@ObjectFilter@@QBE_NXZ,unresolved,,208,game/GameEngine/Source/GameLogic/Object/Weapon_bfmeComputeStatus.cpp,"nothing defines it: define the datum once (add_data_match.py), map the import to retail's IAT name, or fix the callee's name",bb1f0edd39
424,?g_0112B9C0@@3PAPBXA,unresolved,,207,game/GameEngine/Source/GameNetwork/Rva007F9B80Ctor.cpp,"nothing defines it: define the datum once (add_data_match.py), map the import to retail's IAT name, or fix the callee's name",bb1f0edd39
425,??_7Watchdog@@6B@,losers,,206,game/GameEngine/Source/Common/WatchdogDestructor.cpp,a COMDAT copy that is not retail's body: fix or remove the wrong emitter,bb1f0edd39
426,?WideAllocPtr@@3P6APAXI@ZA,unresolved,,206,game/GameEngine/Source/Common/Bfme5AllocAndClear.cpp;game/GameEngine/Source/Common/Bfme5PushNode.cpp;game/GameEngine/Source/Common/Bfme5PushValue.cpp;game/Libraries/Source/Apt/AptValue/Bfme5CountedBuffer.cpp,"nothing defines it: define the datum once (add_data_match.py), map the import to retail's IAT name, or fix the callee's name",bb1f0edd39
427,_GeometryUpgradeFieldParse,unresolved,,206,game/GameEngine/Source/GameLogic/Object/Upgrade/GeometryUpgradeFactories.cpp,"nothing defines it: define the datum once (add_data_match.py), map the import to retail's IAT name, or fix the callee's name",bb1f0edd39
428,?bfmeCmpVKQ@BfmeBlockVKQ@@QAEDABV1@@Z,unresolved,,205,game/GameEngine/Source/Common/BfmeConv1408.cpp,"nothing defines it: define the datum once (add_data_match.py), map the import to retail's IAT name, or fix the callee's name",bb1f0edd39
429,?addAudioEventInfo@AudioManager@@UAEXPAUAudioEventInfo@@@Z,duplicates,,204,game/GameEngine/Source/Common/Audio/AudioManagerAddAudioEventInfo.cpp,"two strong definitions: keep the retail-proven one, remove the definition nothing verified needs",bb1f0edd39
430,?g_012D8C10@@3QBEB,unresolved,,204,game/GameEngine/Source/Common/Rva009C7380BinkSse.cpp,"nothing defines it: define the datum once (add_data_match.py), map the import to retail's IAT name, or fix the callee's name",bb1f0edd39
431,?g_012F8228@@3PAHA,unresolved,,204,game/GameEngineDevice/Source/W3DDevice/GameClient/Open_W3D_File.cpp,"nothing defines it: define the datum once (add_data_match.py), map the import to retail's IAT name, or fix the callee's name",bb1f0edd39
432,?g_bfmeByteFormat@@3QBDB,unresolved,,204,game/GameEngine/Source/Common/Gen009D9360.cpp,"nothing defines it: define the datum once (add_data_match.py), map the import to retail's IAT name, or fix the callee's name",bb1f0edd39
433,_chatConnectDoit,unresolved,,204,game/GameEngine/Source/GameNetwork/GameSpy/chat/chatConnectLogin.c;game/GameEngine/Source/GameNetwork/GameSpy/chat/chatConnectSecure.c,"nothing defines it: define the datum once (add_data_match.py), map the import to retail's IAT name, or fix the callee's name",bb1f0edd39
434,?bfmeDoRY@BfmeItemRY@@QAEXPAX0@Z,unresolved,,203,game/GameEngine/Source/Common/BfmeThreeHundredTwentySeven.cpp;game/GameEngine/Source/GameLogic/AI/Rva00150D80GroupCommands.cpp,"nothing defines it: define the datum once (add_data_match.py), map the import to retail's IAT name, or fix the callee's name",bb1f0edd39
435,?evaluate@U4Curve006095D0@@QBEMH@Z,unresolved,,203,game/GameEngine/Source/Common/U4Blend00609600.cpp;game/GameEngine/Source/Common/U4Blend006096A0.cpp,"nothing defines it: define the datum once (add_data_match.py), map the import to retail's IAT name, or fix the callee's name",bb1f0edd39
436,?g_bfmeDefaultQA@@3HA,unresolved,,203,game/GameEngine/Source/Common/BfmeOneHundredEight.cpp,"nothing defines it: define the datum once (add_data_match.py), map the import to retail's IAT name, or fix the callee's name",bb1f0edd39
437,_AnimationSoundClientBehaviorFieldParse,unresolved,,203,game/GameEngine/Source/GameClient/Drawable/Behavior/AnimationSoundClientBehaviorFactories.cpp,"nothing defines it: define the datum once (add_data_match.py), map the import to retail's IAT name, or fix the callee's name",bb1f0edd39
438,_SlaveWatcherBehaviorFieldParse,unresolved,,203,game/GameEngine/Source/GameLogic/Object/Behavior/SlaveWatcherBehaviorFactories.cpp,"nothing defines it: define the datum once (add_data_match.py), map the import to retail's IAT name, or fix the callee's name",bb1f0edd39
439,_SpawnUnitBehaviorFieldParse,unresolved,,203,game/GameEngine/Source/GameLogic/Object/Behavior/SpawnUnitBehaviorFactories.cpp,"nothing defines it: define the datum once (add_data_match.py), map the import to retail's IAT name, or fix the callee's name",bb1f0edd39
440,?D3DDevice@DX8Wrapper@@2PAXA,unresolved,,202,game/GameEngineDevice/Source/W3DDevice/GameClient/ScreenFilterResets.cpp,"nothing defines it: define the datum once (add_data_match.py), map the import to retail's IAT name, or fix the callee's name",bb1f0edd39
441,?TheWritableGlobalData@@3PAVRva00747670GlobalData@@A,unresolved,globals,202,game/GameEngineDevice/Source/W3DDevice/GameClient/Rva00747670SetDrawOrg.cpp,"nothing defines it: define the datum once (add_data_match.py), map the import to retail's IAT name, or fix the callee's name",bb1f0edd39
442,?bfmeGoJB@InGameUI@@QBE_NXZ,unresolved,,202,game/GameEngine/Source/GameClient/Rva00459060SelectionFlags.cpp,"nothing defines it: define the datum once (add_data_match.py), map the import to retail's IAT name, or fix the callee's name",bb1f0edd39
443,?bfmeMax@@YAABMABM0@Z,losers,,202,game/GameEngine/Source/Common/System/GeometryInfo_getMaxHeightAbovePosition.cpp,a COMDAT copy that is not retail's body: fix or remove the wrong emitter,bb1f0edd39
444,?drawCursorText@Mouse@@QAEXXZ,duplicates,,201,game/GameEngine/Source/GameClient/Input/Mouse_drawCursorText.cpp,"two strong definitions: keep the retail-proven one, remove the definition nothing verified needs",bb1f0edd39
445,?query1A6320@TerrainLogic@@QAEPAUBfme1A6320Record@@PAVBfmeE5B30Object@@PAUCoord3D@@M@Z,unresolved,,201,game/GameEngine/Source/Common/Rva000E5B30.cpp,"nothing defines it: define the datum once (add_data_match.py), map the import to retail's IAT name, or fix the callee's name",bb1f0edd39
446,?Rva0048EC80TheManager@@3PAVRva0048EC80Manager@@A,unresolved,,200,game/GameEngine/Source/GameClient/Rva0040F160.cpp,"nothing defines it: define the datum once (add_data_match.py), map the import to retail's IAT name, or fix the callee's name",bb1f0edd39
447,?rva00411DD0@Drawable@@QAEX_N@Z,unresolved,,200,game/GameEngine/Source/GameLogic/Object/Contain/OpenContainAddOrRemoveObjFromWorld.cpp,"nothing defines it: define the datum once (add_data_match.py), map the import to retail's IAT name, or fix the callee's name",bb1f0edd39
448,?getInfoForAudioEvent@AudioManager@@UBEXPBVAudioEventRTS@@@Z,duplicates,,199,game/GameEngine/Source/Common/Audio/AudioManagerGetInfoForAudioEvent.cpp,"two strong definitions: keep the retail-proven one, remove the definition nothing verified needs",bb1f0edd39
449,?allow@PartitionFilterRejectBehind@@UAE_NPAVObject@@@Z,duplicates,,198,game/GameEngine/Source/GameLogic/Object/PartitionFilterRejectBehind_allow.cpp,"two strong definitions: keep the retail-proven one, remove the definition nothing verified needs",bb1f0edd39
450,?update@AIFaceState@@UAE?AW4StateReturnType@@XZ,duplicates,,198,game/GameEngine/Source/GameLogic/AI/AIFaceState_update_Bfme.cpp,"two strong definitions: keep the retail-proven one, remove the definition nothing verified needs",bb1f0edd39
451,_bfmeVftTF,unresolved,,198,game/GameEngine/Source/Common/BfmeConv2021.cpp,"nothing defines it: define the datum once (add_data_match.py), map the import to retail's IAT name, or fix the callee's name",bb1f0edd39
452,?calcStealthedStatusForPlayer@StealthUpdate@@IAE?AW4StealthLookType@@PBVObject@@PBVPlayer@@@Z,duplicates,,197,game/GameEngine/Source/GameLogic/Object/Update/StealthUpdate_calcStealthedStatusForPlayer.cpp,"two strong definitions: keep the retail-proven one, remove the definition nothing verified needs",bb1f0edd39
453,?getCanAnySlavesAttackSpecificTarget@SpawnBehavior@@UAE?AW4CanAttackResult@@W4AbleToAttackType@@PBVObject@@W4CommandSourceType@@@Z,duplicates,,197,game/GameEngine/Source/GameLogic/Object/Behavior/SpawnBehavior_getCanAnySlavesAttackSpecificTarget.cpp,"two strong definitions: keep the retail-proven one, remove the definition nothing verified needs",bb1f0edd39
454,??0Rva00741830@@QAE@ABVAsciiString@@ABUCoord3D@@MMMMMM@Z,unresolved,,195,game/GameEngineDevice/Source/W3DDevice/GameClient/W3DView_createNamedCamera_rva00741C00.cpp,"nothing defines it: define the datum once (add_data_match.py), map the import to retail's IAT name, or fix the callee's name",bb1f0edd39
455,??4BfmeHandleCX@@QAEAAV0@ABV0@@Z,losers,,194,game/Libraries/Source/WWVegas/WW3D2/MaterialRemapTexture.cpp,a COMDAT copy that is not retail's body: fix or remove the wrong emitter,bb1f0edd39
456,?reset@Rva007E8810Message@@QAEXXZ,unresolved,,194,game/GameEngine/Source/GameNetwork/Y4FeslSimpleRequests.cpp,"nothing defines it: define the datum once (add_data_match.py), map the import to retail's IAT name, or fix the callee's name",bb1f0edd39
457,??RQ4Cmp00453BB0@@QBE_NHH@Z,unresolved,,193,game/GameEngine/Source/Common/Rva00453200AdjustHeap.cpp;game/GameEngine/Source/Common/Rva00454680SortHeap.cpp,"nothing defines it: define the datum once (add_data_match.py), map the import to retail's IAT name, or fix the callee's name",bb1f0edd39
458,??RQ4Cmp00753DD0@@QBE_NHH@Z,unresolved,,193,game/GameEngine/Source/Common/Rva007538A0AdjustHeap.cpp;game/GameEngine/Source/Common/Rva007547E0SortHeap.cpp,"nothing defines it: define the datum once (add_data_match.py), map the import to retail's IAT name, or fix the callee's name",bb1f0edd39
459,?g_01075954@@3MA,unresolved,,193,game/GameEngine/Source/Common/Rva0045B7D0ScaledForwarder.cpp;game/GameEngineDevice/Source/W3DDevice/GameClient/W3DViewPitchCameraOneFrame.cpp,"nothing defines it: define the datum once (add_data_match.py), map the import to retail's IAT name, or fix the callee's name",bb1f0edd39
460,?g_bfme5RefVtableC@@3PAXA,unresolved,,193,game/GameEngine/Source/Common/Bfme5TrackPoints.cpp,"nothing defines it: define the datum once (add_data_match.py), map the import to retail's IAT name, or fix the callee's name",bb1f0edd39
461,_skipWhitespace_keep,duplicates,,193,game/GameEngine/Source/Common/System/SkipWhitespaceW.c;game/Libraries/Source/WWVegas/WWLib/StringBaseWideTrim.cpp,"two strong definitions: keep the retail-proven one, remove the definition nothing verified needs",bb1f0edd39
462,??RQ4Cmp00344A60@@QBE_NHH@Z,unresolved,,192,game/GameEngine/Source/Common/Rva00342D60AdjustHeap.cpp;game/GameEngine/Source/Common/Rva00349230SortHeap.cpp,"nothing defines it: define the datum once (add_data_match.py), map the import to retail's IAT name, or fix the callee's name",bb1f0edd39
463,?onDelete@WorkerAIUpdate@@UAEXXZ,duplicates,,192,game/GameEngine/Source/GameLogic/Object/Update/AIUpdate/WorkerAIUpdateOnDelete.cpp,"two strong definitions: keep the retail-proven one, remove the definition nothing verified needs",bb1f0edd39
464,??0ScriptAction@@QAE@W4ScriptActionType@0@@Z,duplicates,,190,game/GameEngine/Source/GameLogic/ScriptEngine/ScriptEngineDebugVictory.cpp,"two strong definitions: keep the retail-proven one, remove the definition nothing verified needs",bb1f0edd39
465,??1Gen00887940@@QAE@XZ,unresolved,,190,game/GameEngine/Source/Common/Gen0045AFE0Destructor.cpp;game/GameEngine/Source/Common/Rva000C3980Destructor.cpp,"nothing defines it: define the datum once (add_data_match.py), map the import to retail's IAT name, or fix the callee's name",bb1f0edd39
466,?isKindOf@ThingTemplate@@QBE_NW4KindOfType@@@Z,losers,,190,game/GameEngine/Source/GameLogic/Object/Contain/OpenContainPips.cpp,a COMDAT copy that is not retail's body: fix or remove the wrong emitter,bb1f0edd39
467,?probe@Gen003C0350Owner@@QAEPAXPAX@Z,unresolved,,190,game/GameEngine/Source/GameClient/System/CampaignManagerIsMissionObjectiveComplete.cpp;game/GameEngine/Source/GameClient/System/CampaignManagerIsMissionObjectiveEligible.cpp,"nothing defines it: define the datum once (add_data_match.py), map the import to retail's IAT name, or fix the callee's name",bb1f0edd39
468,??0Gen00193760@@QAE@ABU0@@Z,unresolved,,189,game/GameEngine/Source/Common/S3PairCopyConstructors.cpp,"nothing defines it: define the datum once (add_data_match.py), map the import to retail's IAT name, or fix the callee's name",bb1f0edd39
469,?_M_allocate_buffers@?$basic_filebuf@DV?$char_traits@D@_STL@@@_STL@@AAE_NPADH@Z,losers,stlport,189,game/Libraries/Source/WWVegas/WWLib/stlport_narrow_filebuf_allocate_buffers.cpp,a COMDAT copy that is not retail's body: fix or remove the wrong emitter,bb1f0edd39
470,?bfmeAdd955@BfmeSink955@@QAEXPAHH@Z,unresolved,,189,game/GameEngine/Source/Common/BfmeConv955.cpp,"nothing defines it: define the datum once (add_data_match.py), map the import to retail's IAT name, or fix the callee's name",bb1f0edd39
471,?rva003E4680@Rva003E4680Pathfinder@@QAEHPAVObject@@PBUCoord3D@@PAI@Z,unresolved,,189,game/GameEngine/Source/GameLogic/Object/Contain/HordeContain/Rva0023BE60NearbyObjectsCheck.cpp,"nothing defines it: define the datum once (add_data_match.py), map the import to retail's IAT name, or fix the callee's name",bb1f0edd39
472,?rva006E6E50@@YAXPBUCoord3D@@MHURva006E6E50Triple@@@Z,unresolved,,189,game/GameEngine/Source/GameLogic/System/BfmeCellRva001DE2A0.cpp,"nothing defines it: define the datum once (add_data_match.py), map the import to retail's IAT name, or fix the callee's name",bb1f0edd39
473,_g_bfmeO1146,unresolved,,189,game/GameEngine/Source/Common/BfmeConv1146.cpp,"nothing defines it: define the datum once (add_data_match.py), map the import to retail's IAT name, or fix the callee's name",bb1f0edd39
474,??4Y3AssignTail_005CBEE0@@QAEAAV0@ABV0@@Z,unresolved,,188,game/GameEngine/Source/Common/Y3CloneAssignPairs.cpp,"nothing defines it: define the datum once (add_data_match.py), map the import to retail's IAT name, or fix the callee's name",bb1f0edd39
475,?_M_allocate_buffers@?$basic_filebuf@GV?$char_traits@G@_STL@@@_STL@@AAE_NPAGH@Z,losers,stlport,188,game/Libraries/Source/WWVegas/WWLib/stlport_filebuf_allocate_buffers.cpp,a COMDAT copy that is not retail's body: fix or remove the wrong emitter,bb1f0edd39
476,?g_012A718C@@3PAPBDA,unresolved,,188,game/GameEngine/Source/Common/INI/Rva0006AF00FunctionCurveParse.cpp,"nothing defines it: define the datum once (add_data_match.py), map the import to retail's IAT name, or fix the callee's name",bb1f0edd39
477,??$_Construct@U?$pair@$$CBURva0019BC70Key@@URva00198190Value@@@_STL@@U12@@_STL@@YAXPAU?$pair@$$CBURva0019BC70Key@@URva00198190Value@@@0@ABU10@@Z,wrong_selected,stlport,187,game/Libraries/Source/WWVegas/WWLib/RvaTreeMInsertRva00198190.cpp,the link keeps a non-retail definition: fix or remove the wrong emitter ahead of retail's copy,bb1f0edd39
478,??RRva00140EA0Compare@@QBE_NABH0@Z,unresolved,,187,game/Libraries/Source/WWVegas/WWLib/RvaTreeMInsertArmorMap00140EA0.cpp,"nothing defines it: define the datum once (add_data_match.py), map the import to retail's IAT name, or fix the callee's name",bb1f0edd39
479,??$_Construct@U?$pair@$$CBURva0019BC70Key@@URva0033F4B0Value@@@_STL@@U12@@_STL@@YAXPAU?$pair@$$CBURva0019BC70Key@@URva0033F4B0Value@@@0@ABU10@@Z,unresolved,stlport,186,game/Libraries/Source/WWVegas/WWLib/RvaTreeMInsertRva0033F4B0.cpp,"nothing defines it: define the datum once (add_data_match.py), map the import to retail's IAT name, or fix the callee's name",bb1f0edd39
480,??$_Construct@U?$pair@$$CBURva0019BC70Key@@URva0033F690Value@@@_STL@@U12@@_STL@@YAXPAU?$pair@$$CBURva0019BC70Key@@URva0033F690Value@@@0@ABU10@@Z,unresolved,stlport,186,game/Libraries/Source/WWVegas/WWLib/RvaTreeMInsertRva0033F690.cpp,"nothing defines it: define the datum once (add_data_match.py), map the import to retail's IAT name, or fix the callee's name",bb1f0edd39
481,??RRva00141060Compare@@QBE_NABH0@Z,unresolved,,186,game/Libraries/Source/WWVegas/WWLib/RvaTreeMInsertWeaponMap00141060.cpp,"nothing defines it: define the datum once (add_data_match.py), map the import to retail's IAT name, or fix the callee's name",bb1f0edd39
482,?bfmeNext1115@@YAPAUBfmeNode1115@@PAU1@@Z,unresolved,,186,game/GameEngine/Source/Common/BfmeConv1115.cpp,"nothing defines it: define the datum once (add_data_match.py), map the import to retail's IAT name, or fix the callee's name",bb1f0edd39
483,??0AutoFindHealingUpdateModuleData@@QAE@XZ,duplicates,,185,game/GameEngine/Source/GameLogic/Object/Update/AutoFindHealingUpdate.cpp,"two strong definitions: keep the retail-proven one, remove the definition nothing verified needs",bb1f0edd39
484,?addPlayer@LANAPI@@IAEXPAVLANPlayer@@@Z,duplicates,,185,game/GameEngine/Source/GameNetwork/LANAPIAddPlayer.cpp,"two strong definitions: keep the retail-proven one, remove the definition nothing verified needs",bb1f0edd39
485,?g_bfmeScaleBC@@3MA,unresolved,,185,game/GameEngine/Source/Common/Bfme/Rva00239600Body.cpp,"nothing defines it: define the datum once (add_data_match.py), map the import to retail's IAT name, or fix the callee's name",bb1f0edd39
486,?g_rva01142308@@3PAHA,unresolved,,185,game/GameEngine/Source/Common/SmallGaps/Rva009A6F70QuantError.cpp,"nothing defines it: define the datum once (add_data_match.py), map the import to retail's IAT name, or fix the callee's name",bb1f0edd39
487,_g_bfmeOwnerBR,unresolved,,185,game/GameEngine/Source/Common/Rva002E0E30RecordDispatch.cpp,"nothing defines it: define the datum once (add_data_match.py), map the import to retail's IAT name, or fix the callee's name",bb1f0edd39
488,??$_Construct@U?$pair@$$CBURva0019BC70Key@@URva0033F5A0Value@@@_STL@@U12@@_STL@@YAXPAU?$pair@$$CBURva0019BC70Key@@URva0033F5A0Value@@@0@ABU10@@Z,unresolved,stlport,184,game/Libraries/Source/WWVegas/WWLib/RvaTreeMInsertRva0033F5A0.cpp,"nothing defines it: define the datum once (add_data_match.py), map the import to retail's IAT name, or fix the callee's name",bb1f0edd39
489,??$_Construct@U?$pair@$$CBURva0019BC70Key@@URva0033F780Value@@@_STL@@U12@@_STL@@YAXPAU?$pair@$$CBURva0019BC70Key@@URva0033F780Value@@@0@ABU10@@Z,unresolved,stlport,184,game/Libraries/Source/WWVegas/WWLib/RvaTreeMInsertRva0033F780.cpp,"nothing defines it: define the datum once (add_data_match.py), map the import to retail's IAT name, or fix the callee's name",bb1f0edd39
490,??1FunctorNotSet@@UAE@XZ,duplicates,,184,game/GameEngine/Source/Common/FunctorNotSetDeletingDestructor.cpp;game/GameEngine/Source/Common/Rva00522830MessageBox.cpp,"two strong definitions: keep the retail-proven one, remove the definition nothing verified needs",bb1f0edd39
491,?Rva012AA3D8@@3PAHA,unresolved,,184,game/GameEngine/Source/Common/Rva00105DF0Startup.cpp,"nothing defines it: define the datum once (add_data_match.py), map the import to retail's IAT name, or fix the callee's name",bb1f0edd39
492,?dispatchC20@Rva00720BB0Context@@QAEXHPAX@Z,unresolved,,183,game/GameEngine/Source/GameLogic/Rva00720C20RadiusDispatch.cpp,"nothing defines it: define the datum once (add_data_match.py), map the import to retail's IAT name, or fix the callee's name",bb1f0edd39
493,?getDockUpdateInterface@Object@@QAEPAVDockUpdateInterface@@XZ,wrong_selected,,183,game/GameEngine/Source/GameLogic/AI/AIDockMachineAbleToAdvanceTwin.cpp;game/GameEngine/Source/GameLogic/AI/AIDockWaitForClearanceUpdateTwin.cpp,the link keeps a non-retail definition: fix or remove the wrong emitter ahead of retail's copy,bb1f0edd39
494,??0ParticleSystemHandle@@QAE@PAVParticleSystem@@@Z,losers,,182,game/GameEngine/Source/GameClient/System/FXParticleSystem/ParticleSystemManagerCreateParticleSystem.cpp,a COMDAT copy that is not retail's body: fix or remove the wrong emitter,bb1f0edd39
495,?getClosestSlave@SpawnBehavior@@UAEPAVObject@@PBUCoord3D@@@Z,duplicates,,182,game/GameEngine/Source/GameLogic/Object/Behavior/SpawnBehavior_getClosestSlave.cpp,"two strong definitions: keep the retail-proven one, remove the definition nothing verified needs",bb1f0edd39
496,??0W3DSupplyDrawModuleDataBase@@QAE@XZ,unresolved,,181,game/GameEngineDevice/Source/W3DDevice/GameClient/Drawable/Draw/W3DTruckDrawModuleDataConstructor.cpp,"nothing defines it: define the datum once (add_data_match.py), map the import to retail's IAT name, or fix the callee's name",bb1f0edd39
497,?bfmeReleaseVGS@BfmeTexVGS@@QAEXXZ,unresolved,,181,game/GameEngine/Source/Common/BfmeConv1358.cpp,"nothing defines it: define the datum once (add_data_match.py), map the import to retail's IAT name, or fix the callee's name",bb1f0edd39
498,?g_BFMEIndexBufferDebug@@3PAVBFMEDebugClass008FC710@@A,unresolved,,181,game/Libraries/Source/WWVegas/WW3D2/surfaceclass_lock_rectangle.cpp,"nothing defines it: define the datum once (add_data_match.py), map the import to retail's IAT name, or fix the callee's name",bb1f0edd39
499,__imp__BfmeMemMove,unresolved,,181,game/GameEngine/Source/Common/Rva003BF4C0OwnedVectorErase.cpp;game/GameEngine/Source/Common/Rva006449B0StringErase.cpp,"nothing defines it: define the datum once (add_data_match.py), map the import to retail's IAT name, or fix the callee's name",bb1f0edd39
500,??1BfmeElementA@@QAE@XZ,unresolved,,180,game/GameEngine/Source/Common/BfmeOwnVVHDestructor.cpp,"nothing defines it: define the datum once (add_data_match.py), map the import to retail's IAT name, or fix the callee's name",bb1f0edd39
