name,target_rva,target_size,source,notes
??1Gen_dtorv_0005e7b0@@UAE@XZ,0x0005DBE0,12,game/gen_small/dtorsv_000.cpp,reloc-derived;call-sites=1;identity=generated
??$__uninitialized_copy@PAVAsciiString@@PAV1@@_STL@@YAPAVAsciiString@@PAV1@00ABU__false_type@0@@Z,0x00062110,45,game/GameEngineDevice/Source/Win32Device/Common/Win32BIGFileSystem_vectorFillInsert.cpp,reloc-derived;call-sites=2;identity=real
?j_00026887@@YAXXZ,0x00064BF0,483,game/GameEngine/Source/Common/Rva003BBE50TreeStep.cpp,reloc-derived;call-sites=1;identity=real
?_M_insert_overflow@?$vector@URva0006AA90Element@@V?$allocator@URva0006AA90Element@@@_STL@@@_STL@@IAEXPAURva0006AA90Element@@ABU3@ABU__false_type@2@I_N@Z,0x0006A1D0,305,game/GameEngine/Source/Common/Rva0006AA90VectorInsert.cpp,reloc-derived;call-sites=1;identity=generated
?evaluate@U4Curve006095D0@@QBEMH@Z,0x0006A520,611,game/GameEngine/Source/Common/BfmeConv1704.cpp,reloc-derived;call-sites=10;identity=real
?Gen0006EF90@@YAHHH@Z,0x0006EF90,215,game/GameEngine/Source/Common/BigObfHookWrappers.cpp,reloc-derived;call-sites=1;identity=generated
?Gen0006F0D0@@YAHHH@Z,0x0006F0D0,216,game/GameEngine/Source/Common/BigObfHookWrappers.cpp,reloc-derived;call-sites=1;identity=generated
?Gen0006F200@@YAHHH@Z,0x0006F200,215,game/GameEngine/Source/Common/BigObfHookWrappers.cpp,reloc-derived;call-sites=1;identity=generated
?Gen0006F330@@YAHHH@Z,0x0006F330,216,game/GameEngine/Source/Common/BigObfHookWrappers.cpp,reloc-derived;call-sites=1;identity=generated
?bfmeBaseTGE@BfmeThingTGE@@QAEXXZ,0x00078640,502,game/GameEngine/Source/Common/BfmeConv1313.cpp,reloc-derived;call-sites=1;identity=real
??1Mem00078B80@@QAE@XZ,0x00078B80,181,game/GameEngine/Source/Common/BigPairMemberDtors.cpp,reloc-derived;call-sites=1;identity=real
?getPath_UserData@ScreenshotGlobalData@@QBE?AVScreenshotAsciiString@@XZ,0x00083DD0,401,game/GameEngineDevice/Source/W3DDevice/GameClient/W3DDisplay.cpp,reloc-derived;call-sites=1;identity=real
?j_000487d9@@YAXXZ,0x000869A0,95,game/GameEngine/Source/GameClient/GUI/GUICallbacks/Menus/LanMapSelectMenu.cpp,reloc-derived;call-sites=1;identity=real
??1AudioEventInfoRef@@QAE@XZ,0x000877B0,35,game/GameEngine/Source/Common/Audio/GameAudio.cpp,reloc-derived;call-sites=5;identity=real
?nameToLowercaseKey@NameKeyGenerator@@QAE?AW4NameKeyType@@PBD@Z,0x00090140,259,game/GameEngine/Source/GameClient/System/Image.cpp,reloc-derived;call-sites=2;identity=real
?getIPstring@EnumeratedIP@@QAE?AVAsciiString@@XZ,0x000904B0,29,game/GameEngine/Source/GameClient/GUI/GUICallbacks/Menus/OptionPreferences_getLANIPAddress_Thunk.cpp,reloc-derived;call-sites=2;identity=real
??1Gen_dtor_00094910@@UAE@XZ,0x00094940,31,game/gen_small/dtors_000.cpp,reloc-derived;call-sites=1;identity=generated
??$__copy_ptrs@PBUGen_t_00095d30_p8pod@@PAU1@@_STL@@YAPAUGen_t_00095d30_p8pod@@PBU1@0PAU1@ABU__false_type@0@@Z,0x00095390,46,game/gen_small/tgrid_101.cpp,reloc-derived;call-sites=2;identity=generated
?Gen00098C80@@YAHHH@Z,0x00098C80,216,game/GameEngine/Source/Common/BigObfHookWrappers.cpp,reloc-derived;call-sites=2;identity=generated
?insert@PlayTimeList@@QAE?AU?$_List_iterator@IU?$_Nonconst_traits@I@_STL@@@_STL@@U23@ABI@Z,0x0009A3E0,53,game/GameEngine/Source/GameClient/FXList_bfmeIsBlocked.cpp,reloc-derived;call-sites=1;identity=real
?testVersionPlayback@RecorderClass@@QAE_NVAsciiString@@@Z,0x0009BDF0,391,game/GameEngine/Source/GameClient/GUI/Rva56E070FinishState14.cpp,reloc-derived;call-sites=1;identity=real
?bfmeTakeZH@BfmeSubZH@@QAEXPAX@Z,0x0009DC60,36,game/GameEngine/Source/Common/BfmeConv1875.cpp,reloc-derived;call-sites=1;identity=real
?b_0009e650@@YAXXZ,0x0009E650,111,game/GameEngine/Source/GameClient/GUI/BfmeAptScreenSkirmishRva0057BE50.cpp,reloc-derived;call-sites=1;identity=real
?_bfme_updateOnlinePlayerStats@@YAXPAVPlayer@@@Z,0x000A5D40,4125,game/GameEngine/Source/GameClient/GUI/GUICallbacks/Apt/Rva00576C20.cpp,reloc-derived;call-sites=1;identity=real
?getLastLadderAddr@QuickMatchPreferences@@QAE?AVAsciiString@@XZ,0x000ABE20,98,game/GameEngine/Source/GameClient/GUI/GUICallbacks/Menus/WOLQuickMatchPopulateLadder.cpp,reloc-derived;call-sites=1;identity=real
?_M_insert_overflow@?$vector@UGen_t_000b0910_p8pod@@V?$allocator@UGen_t_000b0910_p8pod@@@_STL@@@_STL@@IAEXPAUGen_t_000b0910_p8pod@@ABU3@ABU__false_type@2@I_N@Z,0x000B0760,302,game/gen_small/tgrid_102.cpp,reloc-derived;call-sites=1;identity=generated
?generatePlayInfo@AudioEventRTS@@QAEXXZ,0x000B3C60,664,game/GameEngine/Source/Common/Audio/AudioManager_getAudioLengthMS_Thunk.cpp,reloc-derived;call-sites=2;identity=real
?resolveOwnerPosition@AudioEventRTS@@QAEXPAUCoord3D@@PA_N@Z,0x000B4020,367,game/GameEngine/Source/Common/Audio/AudioEventRTSCopyAndLifetime.cpp,reloc-derived;call-sites=9;identity=real
?rva000b5710@Rva0041D290AudioInfo@@QAEXPAVXfer@@@Z,0x000B5710,609,game/GameEngine/Source/GameClient/DrawableXfer.cpp,reloc-derived;call-sites=2;identity=generated
??$__uninitialized_copy@PAUCoord3D@@PAU1@@_STL@@YAPAUCoord3D@@PAU1@00ABU__false_type@0@@Z,0x000B77D0,45,game/Libraries/Source/WWVegas/WWLib/Coord3DVectorFillInsert.cpp,reloc-derived;call-sites=2;identity=real
??$uninitialized_fill_n@PAUCoord3D@@IU1@@_STL@@YAPAUCoord3D@@PAU1@IABU1@@Z,0x000B7810,41,game/Libraries/Source/WWVegas/WWLib/Coord3DVectorFillInsert.cpp,reloc-derived;call-sites=1;identity=real
?getSegmentPoints@BezierSegment@@QBEXHPAV?$vector@UCoord3D@@V?$allocator@UCoord3D@@@_STL@@@_STL@@@Z,0x000B7D30,249,game/GameEngine/Source/GameLogic/Object/Behavior/BezierProjectileBehaviorCalcFlightPath.cpp,reloc-derived;call-sites=2;identity=real
??1Rva000C0B90MapMetaDataReader@@QAE@XZ,0x000C0B90,158,game/GameEngine/Source/Common/INI/Rva000C1E50MapCacheDefinition.cpp,reloc-derived;call-sites=1;identity=generated
?rva000C4080@BFMEActionManager@@QAE_NPBVObject@@0W4CommandSourceType@@@Z,0x000C4080,113,game/GameEngine/Source/GameClient/InGameUICanSelectedObjectsDoAction.cpp,reloc-derived;call-sites=2;identity=generated
?canDoSpecialPower@ActionManager@@QAE_NPBVObject@@PBVSpecialPowerTemplate@@W4CommandSourceType@@I_N@Z,0x000C47F0,275,game/GameEngine/Source/GameClient/GUI/ControlBar/ControlBar.cpp,reloc-derived;call-sites=3;identity=real
??0?$BitFlags@$0MA@@@QAE@W4BogusInitType@0@H@Z,0x000C4B00,57,game/GameEngine/Source/GameLogic/Map/TerrainArea001ACCC0.cpp,reloc-derived;call-sites=13;identity=real
?rva000C6820@BFMEActionManager@@QAE_NPBVObject@@0W4CommandSourceType@@@Z,0x000C6820,209,game/GameEngine/Source/GameClient/InGameUICanSelectedObjectsDoAction.cpp,reloc-derived;call-sites=1;identity=generated
?getRva0058B590Value@Player@@QBEJH@Z,0x000D6100,236,game/GameEngine/Source/Common/Rva0058B590Value.cpp,reloc-derived;call-sites=1;identity=generated
?Rva000D6CF0@Rva000D6CF0Field@@QAEXPAVBfmeSeedTarget@@@Z,0x000D6CF0,476,game/GameEngine/Source/Common/Rva00286C40.cpp,reloc-derived;call-sites=6;identity=generated
?gen000D6FB0@@YAPAXXZ,0x000D6FB0,65,game/GameEngine/Source/Common/CachedPointerFills.cpp,reloc-derived;call-sites=2;identity=generated
??0Rva000DFBD0PlayerStorage@@QAE@H@Z,0x000DD980,898,game/GameEngine/Source/Common/RTS/PlayerListConstructorClean.cpp,reloc-derived;call-sites=1;identity=generated
?parseBlock@BfmePlayerAITypeSet@@QAEXPAVINI@@@Z,0x000DEEC0,578,game/GameEngine/Source/Common/INI/INIPlayerAIType.cpp,reloc-derived;call-sites=1;identity=real
??1PlayerTemplate@@QAE@XZ,0x000E27A0,702,game/GameEngine/Source/Common/RTS/PlayerTemplate.cpp,reloc-derived;call-sites=8;identity=real
?j_00018449@@YAXXZ,0x000EDED0,13,game/GameEngine/Source/GameLogic/ScriptEngine/ScriptActions_doTeamGiveTeamUpgrade.cpp,reloc-derived;call-sites=1;identity=real
?tryToRecruit@Rva000F2A00Team@@QAEPAVObject@@PBVThingTemplate@@PBUCoord3D@@M@Z,0x000F2A00,665,game/GameEngine/Source/GameLogic/AI/AIPlayerSelectTeamToReinforce.cpp,reloc-derived;call-sites=1;identity=generated
?j_000043f9@@YAXXZ,0x000F2D50,468,game/GameEngine/Source/GameLogic/ScriptEngine/ScriptActions_d_002f5ca0.cpp,reloc-derived;call-sites=1;identity=real
?j_000439d2@@YAXXZ,0x000F2FB0,528,game/GameEngine/Source/GameLogic/ScriptEngine/ScriptActionsTeamRecruit.cpp,reloc-derived;call-sites=2;identity=real
?rva000F4E20@Team@@QAE_NXZ,0x000F4E20,214,game/GameEngine/Source/Common/RTS/Team_updateState.cpp,reloc-derived;call-sites=1;identity=generated
?j_0000b866@@YAXXZ,0x000F5E40,1272,game/GameEngine/Source/GameLogic/ScriptEngine/ScriptActionsTeamRecruit.cpp,reloc-derived;call-sites=2;identity=real
?refresh@Rva000F72D0FrameCachedValue@@AAEXM@Z,0x000F67B0,403,game/GameEngine/Source/Common/Rva000F72D0FrameCachedValue.cpp,reloc-derived;call-sites=1;identity=generated
?getEntry@Rva000FA830PortraitList@@QAEPAVRva000FA830PortraitEntry@@H@Z,0x000F9450,68,game/GameEngine/Source/GameClient/GUI/ControlBar/Rva000FA830PortraitEntry.cpp,reloc-derived;call-sites=1;identity=generated
?j_0000a7a9@@YAXXZ,0x000FA8B0,188,game/GameEngine/Source/GameLogic/AI/AIPlayer_findFactory.cpp,reloc-derived;call-sites=1;identity=real
?push_back@?$list@PAVDrawable@@V?$allocator@PAVDrawable@@@_STL@@@_STL@@QAEXABQAVDrawable@@@Z,0x000FDE20,45,game/GameEngine/Source/Common/System/Rva00101820BuildObjectNow.cpp,reloc-derived;call-sites=7;identity=real
?bfmeLocalUserMapsReady@@YA_NXZ,0x00109EB0,136,game/GameEngine/Source/GameClient/MapCacheLoad.cpp,reloc-derived;call-sites=1;identity=real
?xferInteger_272CD@@YAXAAVXfer@@AAH@Z,0x0010C320,25,game/GameEngine/Source/GameClient/System/FXParticleSystem/fx_particle_system_bulk.cpp,reloc-derived;call-sites=1;identity=real
?rva0010ea60@Rva0010F100Receiver@@QAEXPAX0@Z,0x0010EA60,122,game/GameEngine/Source/Common/System/SaveGame/Rva0010F100CallbackForward.cpp,reloc-derived;call-sites=1;identity=generated
?loadGame@BfmePopupSaveGameState@@QAE?AW4SaveCode@@UAvailableGameInfo@@@Z,0x001107B0,463,game/GameEngine/Source/Common/System/SaveGame/GameStateRva001127F0LoadByFilename.cpp,reloc-derived;call-sites=2;identity=real
??0?$_STLP_alloc_proxy@PAUGen_t_001263a0_m4pod@@U1@V?$allocator@UGen_t_001263a0_m4pod@@@_STL@@@_STL@@QAE@ABV?$allocator@UGen_t_001263a0_m4pod@@@1@PAUGen_t_001263a0_m4pod@@@Z,0x00124F40,11,game/gen_small/fam_017.cpp,reloc-derived;call-sites=1;identity=generated
??0?$_STLP_alloc_proxy@PAUGen_t_001263d0_m4pod@@U1@V?$allocator@UGen_t_001263d0_m4pod@@@_STL@@@_STL@@QAE@ABV?$allocator@UGen_t_001263d0_m4pod@@@1@PAUGen_t_001263d0_m4pod@@@Z,0x00124F50,11,game/gen_small/fam_017.cpp,reloc-derived;call-sites=1;identity=generated
??$_Destroy@PAURva00138F00Element@@@_STL@@YAXPAURva00138F00Element@@0@Z,0x00136300,33,game/Libraries/Source/WWVegas/WWLib/Rva00138F00VectorAssign.cpp,reloc-derived;call-sites=1;identity=generated
??1Gen00776240Field60@@QAE@XZ,0x0013C2D0,220,game/GameEngineDevice/Source/W3DDevice/GameClient/Drawable/Draw/ModelConditionInfoDestructorThunk.cpp,reloc-derived;call-sites=2;identity=generated
?bfmeCallENI@BfmeHolderENI@@QAEXPAX@Z,0x0013C720,1334,game/GameEngine/Source/Common/BfmeConv880.cpp,reloc-derived;call-sites=1;identity=real
??$__uninitialized_copy@PAUBfmeElemVKN@@PAU1@@_STL@@YAPAUBfmeElemVKN@@PAU1@00ABU__false_type@0@@Z,0x0013D9F0,53,game/GameEngine/Source/Common/Rva00143E50BfmeElemVKNVectorInsertOverflow.cpp,reloc-derived;call-sites=2;identity=real
??$make_pair@VAsciiString@@PBVFXList@@@_STL@@YA?AU?$pair@VAsciiString@@PBVFXList@@@0@ABVAsciiString@@ABQBVFXList@@@Z,0x0013F870,40,game/GameEngine/Source/Common/Thing/ThingTemplate_parseArbitraryFXIntoMap.cpp,reloc-derived;call-sites=1;identity=real
?query@Rva002BCB60AerialPathfinder@@QAE_NPAVRva002BCB60Thing@@PAVRva002BCB60QueryObject@@MPAX@Z,0x00149010,219,game/GameEngine/Source/GameLogic/Object/Update/AIUpdate/Rva002BCB60GoalRouting.cpp,reloc-derived;call-sites=3;identity=generated
?initialize@Rva002BC260Global@@QAEXPAX00000@Z,0x00149470,1932,game/GameEngine/Source/GameLogic/Object/Update/AIUpdate/Rva002BC260GoalSetup.cpp,reloc-derived;call-sites=1;identity=generated
?findClosestRepulsor@AI@@QAEPAVObject@@PBV2@M@Z,0x0014B090,154,game/GameEngine/Source/GameLogic/AI/AIIdleState_update.cpp,reloc-derived;call-sites=5;identity=real
?j_0003d104@@YAXXZ,0x00150100,160,game/GameEngine/Source/GameLogic/AI/AIFollowWaypointPathState_computeGoal.cpp,reloc-derived;call-sites=1;identity=real
??$__uninitialized_copy@PBUGen_t_00152530_p12pod@@PAU1@@_STL@@YAPAUGen_t_00152530_p12pod@@PBU1@0PAU1@ABU__false_type@0@@Z,0x00150420,45,game/gen_small/tgrid_105.cpp,reloc-derived;call-sites=1;identity=generated
?j_0002059a@@YAXXZ,0x00150A70,181,game/GameEngine/Source/Common/BfmeOneHundredOne.cpp,reloc-derived;call-sites=1;identity=real
?groupAttackObjectPrivate@AIGroup@@AAEX_NPAVObject@@HW4CommandSourceType@@@Z,0x00155DA0,576,game/GameEngine/Source/GameLogic/ScriptEngine/ScriptActions.cpp,reloc-derived;call-sites=4;identity=real
?prepFollow@AIGroup@@QAEXW4CommandSourceType@@H@Z,0x0015AB50,2416,game/GameEngine/Source/GameLogic/AI/AIGroupAttackMoveOrder.cpp,reloc-derived;call-sites=2;identity=real
?lookForInnerTarget@AIGuardMachine@@QAE_NXZ,0x0015D530,2514,game/GameEngine/Source/GameLogic/AI/AIGuard.cpp,reloc-derived;call-sites=4;identity=real
?lookForInnerTarget@AIGuardRetaliateMachine@@QAE_NXZ,0x0015ECE0,491,game/GameEngine/Source/GameLogic/AI/AIGuardRetaliateReturnState_update.cpp,reloc-derived;call-sites=1;identity=real
?isLocationSafe@AIPlayer@@QAE_NPBUCoord3D@@PBVThingTemplate@@@Z,0x00163030,388,game/GameEngine/Source/GameLogic/AI/AIPlayer.cpp,reloc-derived;call-sites=2;identity=real
?check@Rva0003BC05State@@QAE_NPAUCoord3D@@PAVObject@@@Z,0x0016E9C0,669,game/GameEngine/Source/GameLogic/AI/AIMoveToStateSA_computePath_rva00173680.cpp,reloc-derived;call-sites=1;identity=generated
?j_0001041a@@YAXXZ,0x0016EE00,669,game/GameEngine/Source/GameLogic/AI/AIAttackApproachTargetState_computePath_Bfme.cpp,reloc-derived;call-sites=1;identity=real
?j_0001e0d3@@YAXXZ,0x001752A0,943,game/GameEngine/Source/GameLogic/AI/AIAttackMeleeEngageState_computePath.cpp,reloc-derived;call-sites=1;identity=real
?lookForInnerTarget@AITNGuardMachine@@QAE_NXZ,0x0018A240,437,game/GameEngine/Source/GameLogic/AI/AITNGuardIdleState_update_Bfme.cpp,reloc-derived;call-sites=1;identity=real
?removeObject@Squad@@QAEXPAVObject@@@Z,0x0018B620,62,game/GameEngine/Source/Common/RTS/Player.cpp,reloc-derived;call-sites=1;identity=real
?bfmeClipSegment6DF730@BfmePolygon6DF1F0@@QBEDPBUBfmeCoord6DF1F0@@0PAU2@H@Z,0x0018FBF0,951,game/GameEngine/Source/Common/Rva006DF730ClampToArea.cpp,reloc-derived;call-sites=1;identity=real
??$make_pair@VAsciiString@@PAVSidesList@@@_STL@@YA?AU?$pair@VAsciiString@@PAVSidesList@@@0@ABVAsciiString@@ABQAVSidesList@@@Z,0x00194FD0,40,game/GameEngine/Source/GameLogic/Map/CachedSidesLoader0019EC80.cpp,reloc-derived;call-sites=1;identity=real
?j_0000bf2d@@YAXXZ,0x00196C60,161,game/GameEngine/Source/Common/Gen00375590PlayerObjectCreate.cpp,reloc-derived;call-sites=1;identity=real
?rva0019B030@BfmeTableERJ@@QAEXXZ,0x0019B030,641,game/GameEngine/Source/GameLogic/System/GameLogicInit.cpp,reloc-derived;call-sites=1;identity=generated
?buildScriptData@Rva001A0320Owner@@AAEXPAURva001A0320Record@@PAVScriptList@@PAVRva0019A1D0Owner@@@Z,0x0019D200,178,game/GameEngine/Source/Common/Rva0019FD00Fill.cpp,reloc-derived;call-sites=1;identity=generated
??0BfmeTmpACH@@QAE@PAX@Z,0x0019D2E0,232,game/GameEngine/Source/Common/BfmeConv1768.cpp,reloc-derived;call-sites=1;identity=real
?rva0019F500@BfmeTableERJ@@QAEXXZ,0x0019F500,725,game/GameEngine/Source/GameLogic/System/GameLogicInit.cpp,reloc-derived;call-sites=1;identity=generated
?fillHelper@Rva001A0320Owner@@AAEXHPAVRva0019A7D0Vector@@PAXPAVRva00197AE0Temporary@@PAVScriptList@@PAVRva0019A1D0Owner@@@Z,0x0019F890,900,game/GameEngine/Source/Common/Rva0019FD00Fill.cpp,reloc-derived;call-sites=2;identity=generated
?j_0003ed60@@YAXXZ,0x001A12D0,306,game/GameEngine/Source/GameLogic/Map/TerrainLogicFlattenTerrain.cpp,reloc-derived;call-sites=4;identity=real
?j_00042ccb@@YAXXZ,0x001A1460,1071,game/GameEngine/Source/GameLogic/Map/TerrainLogicFlattenTerrain.cpp,reloc-derived;call-sites=1;identity=real
?j_00002ae5@@YAXXZ,0x001A3D10,24,game/GameEngine/Source/GameLogic/System/GameLogic_loadAmbientLightMap.cpp,reloc-derived;call-sites=1;identity=real
?j_0002784a@@YAXXZ,0x001A6370,126,game/GameEngine/Source/GameLogic/ScriptEngine/Rva003248E0Condition.cpp,reloc-derived;call-sites=1;identity=real
?getPathLabel1@Waypoint@@QBE?AVAsciiString@@XZ,0x001A6F60,32,game/GameEngine/Source/GameLogic/Map/TerrainLogicNameLookups.cpp,reloc-derived;call-sites=5;identity=real
?getBridgeHeight@Bridge@@QAEMPBUCoord3D@@PAU2@@Z,0x001A7520,664,game/GameEngine/Source/GameLogic/AI/PathfinderGetLayerHeight.cpp,reloc-derived;call-sites=8;identity=real
?Rva001A78B0@Gen_t_001ac070_p48cd@@QAEXPAVXfer@@@Z,0x001A78B0,329,game/GameEngine/Source/GameLogic/Map/TerrainLogic_xferTerrainState.cpp,reloc-derived;call-sites=1;identity=generated
?j_00010c8f@@YAXXZ,0x001A9110,516,game/GameEngine/Source/GameLogic/System/GameLogic_loadAmbientLightMap.cpp,reloc-derived;call-sites=1;identity=real
??0Rva001A2D50Node@@QAE@HVAsciiString@@ABURva001AB600Arg@@000_NH0@Z,0x001AB600,550,game/GameEngine/Source/GameLogic/Map/TerrainLogicAddWaypoint.cpp,reloc-derived;call-sites=2;identity=generated
??1Gen_dtor_001ac1b0@@UAE@XZ,0x001ABA80,235,game/gen_small/dtors_002.cpp,reloc-derived;call-sites=1;identity=generated
?adjust@HealingArmor001B0200@@QAEMPAXPAVObject@@H@Z,0x001B0200,232,game/GameEngine/Source/GameLogic/Object/Body/ActiveBody_attemptHealing.cpp,reloc-derived;call-sites=1;identity=real
?create001B0E90@EffectFactory0040A260@@QAEPAUSnapshot0040A260@@PBVThingTemplate@@PAX@Z,0x001B0E90,337,game/GameEngine/Source/GameClient/BuffTransfer0040A260.cpp,reloc-derived;call-sites=1;identity=real
?addExperiencePoints@ExperienceTracker@@QAEXM_N000@Z,0x001B28C0,260,game/GameEngine/Source/Common/Rva0037D120ExperienceWrappers.cpp,reloc-derived;call-sites=5;identity=real
??1Gen_dtor_001b3020@@UAE@XZ,0x001B2B10,25,game/gen_small/dtors_002.cpp,reloc-derived;call-sites=1;identity=generated
?finish@BfmeSub1CC_EC3@@QAEXPAUMat12@@HHH@Z,0x001B8400,1878,game/GameEngine/Source/GameLogic/Object/Locomotor_copyMatrixAndGo.cpp,reloc-derived;call-sites=1;identity=real
?move@Rva001B9D00Mover@@QAEXPAVObject@@PBUCoord3D@@MM@Z,0x001B9D00,972,game/GameEngine/Source/GameLogic/Object/Locomotor_rva001BC820.cpp,reloc-derived;call-sites=1;identity=generated
?behavior@Rva001BA1C0Handler@@QAEXPAVObject@@PBUCoord3D@@@Z,0x001BA1C0,1615,game/GameEngine/Source/GameLogic/Object/Locomotor_rva001BC820.cpp,reloc-derived;call-sites=1;identity=generated
?move@Rva001BB0D0Mover@@QAEXPAVObject@@PBUCoord3D@@MM@Z,0x001BB0D0,890,game/GameEngine/Source/GameLogic/Object/Locomotor_rva001BC820.cpp,reloc-derived;call-sites=2;identity=generated
?move@Rva001BB530Mover@@QAEXPAVObject@@PBUCoord3D@@MM@Z,0x001BB530,1330,game/GameEngine/Source/GameLogic/Object/Locomotor_rva001BC820.cpp,reloc-derived;call-sites=1;identity=generated
?locoQuery@Rva002C12E0Locomotor@@QAEEPAXM00@Z,0x001BBC50,1791,game/GameEngine/Source/GameLogic/Object/Update/AIUpdate/Rva002C12E0GiantBirdLocomotorUpdate.cpp,reloc-derived;call-sites=1;identity=generated
?locoUpdate2@Rva002C12E0Locomotor@@QAEXPAX0@Z,0x001BCE20,542,game/GameEngine/Source/GameLogic/Object/Update/AIUpdate/Rva002C12E0GiantBirdLocomotorUpdate.cpp,reloc-derived;call-sites=1;identity=generated
?set@DisabledMaskType@@QAEXIH@Z,0x001C3AA0,45,game/GameEngine/Source/GameLogic/Object/ObjectSetDisabledUntil.cpp,reloc-derived;call-sites=1;identity=real
?j_000108f2@@YAXXZ,0x001C3AE0,53,game/GameEngine/Source/GameLogic/Object/Object_clearDisabled_Thunk.cpp,reloc-derived;call-sites=1;identity=real
?rva001c7200@Object@@QAEXXZ,0x001C7200,280,game/GameEngine/Source/GameLogic/Object/ObjectRva001CFF30.cpp,reloc-derived;call-sites=1;identity=generated
?bfmeGetPosition421AE@Object@@QAEPBUCoord3D@@PAU2@0@Z,0x001C86B0,302,game/GameEngine/Source/GameClient/DrawableUpdateDrawable.cpp,reloc-derived;call-sites=3;identity=real
?invoke@Rva001C8D80Object@@QAEXXZ,0x001C8D80,1002,game/GameEngine/Source/GameLogic/Object/Object.cpp,reloc-derived;call-sites=1;identity=generated
?j_0001cd91@@YAXXZ,0x001C9310,80,game/GameEngine/Source/Common/RTS/PlayerDoBountyForKill.cpp,reloc-derived;call-sites=1;identity=real
?d_001cdbe0@@YAXXZ,0x001CDBE0,56,game/GameEngine/Source/GameClient/MessageStream/CommandXlatVoice.cpp,reloc-derived;call-sites=1;identity=real
?bfmeUpdFBA@BfmeThingFBA@@QAEXPAX@Z,0x001CF710,384,game/GameEngine/Source/Common/BfmeConv891.cpp,reloc-derived;call-sites=1;identity=real
?bfmeApplyABG@BfmeK1094@@QAEXPAX0@Z,0x001D21F0,159,game/GameEngine/Source/Common/BfmeConv2130.cpp,reloc-derived;call-sites=1;identity=real
??1Object@@MAE@XZ,0x001D4010,1049,game/GameEngine/Source/GameLogic/Object/ObjectDeletingDestructor.cpp,reloc-derived;call-sites=1;identity=real
?_M_fill_insert@?$vector@HV?$allocator@H@_STL@@@_STL@@QAEXPAHIABH@Z,0x001DBAB0,282,game/GameEngine/Source/GameLogic/Object/IntVectorResizeThunk.cpp,reloc-derived;call-sites=2;identity=real
?bfmeRunEQT@BfmeObjEQT@@QAEDPAX@Z,0x001DD8F0,264,game/GameEngine/Source/Common/BfmeConv1946.cpp,reloc-derived;call-sites=2;identity=real
?bfmeNotifyCell@VictorySystem@@QAEXIPAUBfmeVec1268@@@Z,0x001DF930,292,game/GameEngine/Source/GameLogic/System/VictorySystemApplyCells.cpp,reloc-derived;call-sites=1;identity=real
??$__copy_ptrs@PBUGen_t_001e7330_p8pod@@PAU1@@_STL@@YAPAUGen_t_001e7330_p8pod@@PBU1@0PAU1@ABU__false_type@0@@Z,0x001E3DA0,46,game/gen_small/tgrid_107.cpp,reloc-derived;call-sites=2;identity=generated
?getAimPosition@WeaponTemplate@@QAEPAUCoord3D@@PAU2@PBVObject@@1H@Z,0x001E65C0,444,game/GameEngine/Source/GameLogic/Object/Behavior/BezierProjectileBehavior_projectileFireAtObjectOrPosition.cpp,reloc-derived;call-sites=3;identity=real
?getPreAttackDelay@Weapon@@QBEHPBVObject@@0PBUCoord3D@@@Z,0x001E6F10,275,game/GameEngine/Source/GameLogic/Object/Weapon_preFireWeapon.cpp,reloc-derived;call-sites=1;identity=real
?privateFireWeapon@Weapon@@QAE_NPBVObject@@PBUCoord3D@@0H1HHHPAH@Z,0x001E9FD0,1253,game/GameEngine/Source/GameLogic/Object/WeaponFireForwarders.cpp,reloc-derived;call-sites=10;identity=real
?j_0004705f@@YAXXZ,0x001EBA30,214,game/GameEngine/Source/GameLogic/Object/Object_rva001CEA50_setWeaponLock.cpp,reloc-derived;call-sites=2;identity=real
??1AimWeaponBehavior@@MAE@XZ,0x001ECEB0,25,game/GameEngine/Source/GameLogic/Object/Behavior/AimWeaponBehaviorDeletingDestructor.cpp,reloc-derived;call-sites=1;identity=real
?rva001EFB20@BezierProjectileBehavior@@QAEXPAVObject@@@Z,0x001EFB20,356,game/GameEngine/Source/GameLogic/Object/Behavior/BezierProjectileBehavior_rva001F1CE0.cpp,reloc-derived;call-sites=1;identity=generated
?rva001F1620@BezierProjectileBehavior@@QAEX_N@Z,0x001F1620,449,game/GameEngine/Source/GameLogic/Object/Behavior/BezierProjectileBehavior_rva001F1B90.cpp,reloc-derived;call-sites=2;identity=generated
?getScaffoldObjectName@TerrainRoadType@@QAE?AVAsciiString@@XZ,0x001F28B0,32,game/GameEngine/Source/GameLogic/Object/Behavior/BridgeBehaviorCreateScaffoldingThunk.cpp,reloc-derived;call-sites=1;identity=real
?getScaffoldSupportObjectName@TerrainRoadType@@QAE?AVAsciiString@@XZ,0x001F28E0,32,game/GameEngine/Source/GameLogic/Object/Behavior/BridgeBehaviorCreateScaffoldingThunk.cpp,reloc-derived;call-sites=1;identity=real
??1BuildingBehavior@@MAE@XZ,0x001F6740,25,game/GameEngine/Source/GameLogic/Object/Behavior/BuildingBehaviorDeletingDestructor.cpp,reloc-derived;call-sites=1;identity=real
??1DualWeaponBehavior@@MAE@XZ,0x001F7DD0,25,game/GameEngine/Source/GameLogic/Object/Behavior/DualWeaponBehaviorDeletingDestructor.cpp,reloc-derived;call-sites=1;identity=real
??1Gen_dtor_001f8a70@@UAE@XZ,0x001F8340,32,game/gen_small/dtors_002.cpp,reloc-derived;call-sites=1;identity=generated
?j_00026044@@YAXXZ,0x001F96E0,973,game/GameEngine/Source/GameLogic/Object/SpecialPower/Rva00266EB0SiegeDeployBaseTransition.cpp,reloc-derived;call-sites=2;identity=real
?_M_insert_overflow@?$vector@UGen_t_001fa030_p8pod@@V?$allocator@UGen_t_001fa030_p8pod@@@_STL@@@_STL@@IAEXPAUGen_t_001fa030_p8pod@@ABU3@ABU__false_type@2@I_N@Z,0x001F9E80,302,game/GameEngine/Source/GameLogic/AI/Rva001FAB70ParseWayPoint.cpp,reloc-derived;call-sites=2;identity=generated
??1EnragedBehavior@@MAE@XZ,0x001FAD80,25,game/GameEngine/Source/GameLogic/Object/Behavior/EnragedBehaviorDeletingDestructor.cpp,reloc-derived;call-sites=1;identity=real
?rva001FE970@GettingBuiltBehavior@@QAEXXZ,0x001FE970,339,game/GameEngine/Source/GameLogic/Object/Behavior/GettingBuiltBehavior_update.cpp,reloc-derived;call-sites=1;identity=generated
?rva001FF060@GettingBuiltBehavior@@QAE_NXZ,0x001FF060,242,game/GameEngine/Source/GameLogic/Object/Behavior/GettingBuiltBehavior_update.cpp,reloc-derived;call-sites=1;identity=generated
??1HitReactionBehavior@@MAE@XZ,0x00200160,25,game/GameEngine/Source/GameLogic/Object/Behavior/HitReactionBehaviorDeletingDestructor.cpp,reloc-derived;call-sites=1;identity=real
??1OathbreakersFadeAwayBehavior@@UAE@XZ,0x00201AE0,25,game/GameEngine/Source/GameLogic/Object/Behavior/OathbreakersFadeAwayBehaviorDeletingDestructor.cpp,reloc-derived;call-sites=1;identity=real
??1RampageBehavior@@MAE@XZ,0x00203BC0,25,game/GameEngine/Source/GameLogic/Object/Behavior/RampageBehaviorDeletingDestructor.cpp,reloc-derived;call-sites=1;identity=real
??1ReplenishUnitsBehavior@@UAE@XZ,0x002043A0,32,game/GameEngine/Source/GameLogic/Object/Behavior/ReplenishUnitsBehaviorDeletingDestructor.cpp,reloc-derived;call-sites=1;identity=real
?createSpawn@SpawnBehavior@@AAE_NXZ,0x0020C3B0,737,game/GameEngine/Source/GameLogic/Object/Behavior/SpawnBehaviorUpdate.cpp,reloc-derived;call-sites=1;identity=real
??1SpawnTownsmenBehavior@@MAE@XZ,0x0020CC30,25,game/GameEngine/Source/GameLogic/Object/Behavior/SpawnTownsmenBehaviorDeletingDestructor.cpp,reloc-derived;call-sites=1;identity=real
?xfer@PackedFlags0020ECA0@@QAEXPAVXfer@@@Z,0x0020ECA0,80,game/GameEngine/Source/Common/BitFlagSnapshot0020F000.cpp,reloc-derived;call-sites=1;identity=real
?setCorrectDamageState@ActiveBody@@QAEX_N@Z,0x00210BF0,1574,game/GameEngine/Source/GameLogic/Object/Body/ActiveBody_Constructor.cpp,reloc-derived;call-sites=1;identity=real
?applyAt@Rva00211890Owner@@QAEXMPBURva00211890Coord@@@Z,0x002115C0,575,game/GameEngine/Source/GameLogic/Object/Body/Rva00211890ForwardSourcePosition.cpp,reloc-derived;call-sites=1;identity=generated
?apply@Rva002147E0Owner@@QAEXMPAUDamageInfo@@@Z,0x002147E0,394,game/GameEngine/Source/GameLogic/Object/Body/Rva00212980DelayedDeathDamage.cpp,reloc-derived;call-sites=2;identity=generated
?refreshRva00215650@BfmeOwnFCB@@QAEXXZ,0x00215650,283,game/GameEngine/Source/GameLogic/Object/Completion215930.cpp,reloc-derived;call-sites=1;identity=generated
??1Gen_dtor_00216360@@UAE@XZ,0x002161B0,25,game/gen_small/dtors_002.cpp,reloc-derived;call-sites=1;identity=generated
??1HordeMemberCollide@@MAE@XZ,0x00216760,25,game/GameEngine/Source/GameLogic/Object/Collide/HordeMemberCollideDeletingDestructor.cpp,reloc-derived;call-sites=1;identity=real
??1SquishCollide@@MAE@XZ,0x00216AF0,25,game/GameEngine/Source/GameLogic/Object/Collide/SquishCollideDeletingDestructor.cpp,reloc-derived;call-sites=1;identity=real
??1CivilianSpawnCollide@@MAE@XZ,0x00217320,25,game/GameEngine/Source/GameLogic/Object/Collide/CivilianSpawnCollideDeletingDestructor.cpp,reloc-derived;call-sites=1;identity=real
?prepare@Rva21C710Owner@@QAEXPAVRva21C710Object@@@Z,0x0021C4B0,485,game/GameEngine/Source/GameLogic/Object/Contain/Rva21C710MemberDispatch.cpp,reloc-derived;call-sites=1;identity=real
?handle@Gen0021CE60@@QAEXH@Z,0x0021CE60,214,game/GameEngine/Source/Common/R1ForwardToStoredObject.cpp,reloc-derived;call-sites=4;identity=generated
?bfmeDoBDB@BfmeSubBDB@@QAEXPAXH@Z,0x0021D070,213,game/GameEngine/Source/Common/BfmeConv443.cpp,reloc-derived;call-sites=1;identity=real
?visit@Rva21ABF0Worker@@QAEXPAX@Z,0x00225700,484,game/GameEngine/Source/Common/Rva21ABF0RingDispatch.cpp,reloc-derived;call-sites=2;identity=real
?bfmeAccept@Gen_0022A170@@AAEXPAVBfmeSeedTarget@@@Z,0x0022C2A0,559,game/GameEngine/Source/Common/S3SeedPairsSweep.cpp,reloc-derived;call-sites=1;identity=generated
?finish@BfmeRvaB7E0Owner@@QAEXPAVBfmeRvaB7E0Object@@_N@Z,0x0022ED10,268,game/GameEngine/Source/GameLogic/AI/Rva0024B7E0.cpp,reloc-derived;call-sites=2;identity=real
??0BfmeRva449E0Value@@QAE@XZ,0x00233CA0,16,game/GameEngine/Source/GameLogic/AI/Rva002449E0.cpp,reloc-derived;call-sites=1;identity=real
?j_00025f77@@YAXXZ,0x00234E60,475,game/GameEngine/Source/GameLogic/Object/Contain/FormationRefresh0023FA80.cpp,reloc-derived;call-sites=1;identity=real
?bfmeRunFDB@BfmeThingFDB@@QAEXPAX@Z,0x0023BB90,567,game/GameEngine/Source/Common/BfmeConv893.cpp,reloc-derived;call-sites=1;identity=real
?rva0023cdd0@Rva0023CDD0Owner@@QAEHHPAH@Z,0x0023CDD0,184,game/GameEngine/Source/GameLogic/Object/Contain/HordeContainAddMemberSyncXP_rva00245b20.cpp,reloc-derived;call-sites=1;identity=generated
?bfmeRefreshFormation@BfmeHordeContainOwner@@QAEXXZ,0x0023CEC0,492,game/GameEngine/Source/GameLogic/Object/Contain/HordeContainTryScheduleReformation.cpp,reloc-derived;call-sites=1;identity=real
?bfmeReleaseOld@Gen_0023E120@@QAEXXZ,0x0023DD00,64,game/GameEngine/Source/Common/Bfme5VectorReserves.cpp,reloc-derived;call-sites=1;identity=generated
?bfmeAfter@Gen_0022F900@@QAEXPAVObject@@PAX@Z,0x0023F1A0,507,game/GameEngine/Source/Common/Rva0022F900GainLevel.cpp,reloc-derived;call-sites=1;identity=generated
?updateFormationMembers@BfmeAODHordeContainOwner@@QAEXXZ,0x00241050,1540,game/GameEngine/Source/GameLogic/Object/Contain/AODHordeContainUpdateFormation.cpp,reloc-derived;call-sites=1;identity=real
?j_0001fb9a@@YAXXZ,0x002417E0,1467,game/GameEngine/Source/GameLogic/Object/Contain/HordeContain/HordeMemberOrder00245420.cpp,reloc-derived;call-sites=3;identity=real
?resize@?$vector@URva00244A80Element@@V?$allocator@URva00244A80Element@@@_STL@@@_STL@@QAEXIURva00244A80Element@@@Z,0x00246850,95,game/Libraries/Source/WWVegas/WWLib/Rva00247130VectorDefaultResize.cpp,reloc-derived;call-sites=1;identity=generated
?j_0000e200@@YAXXZ,0x0024DA80,1742,game/GameEngine/Source/GameLogic/Object/Contain/HordeContain/MemberTurnAndGoal0024E310.cpp,reloc-derived;call-sites=1;identity=real
??1Gen_dtor_00250710@@UAE@XZ,0x00250640,25,game/gen_small/dtors_003.cpp,reloc-derived;call-sites=1;identity=generated
??1BoneFXDamage@@MAE@XZ,0x00250660,25,game/GameEngine/Source/GameLogic/Object/Damage/BoneFXDamageDeletingDestructor.cpp,reloc-derived;call-sites=1;identity=real
??1ReflectDamage@@MAE@XZ,0x00251690,25,game/GameEngine/Source/GameLogic/Object/Damage/ReflectDamageDeletingDestructor.cpp,reloc-derived;call-sites=1;identity=real
?bfmeStepBZ@BfmeOwnBZ@@QAEDXZ,0x002579D0,529,game/GameEngine/Source/Common/BfmeConv1762.cpp,reloc-derived;call-sites=1;identity=real
?finish@Rva00259670Primary@@QAEXPAVRva0025D7E0Subject@@@Z,0x002593F0,496,game/GameEngine/Source/GameLogic/Object/SpecialPower/Rva00259670Dispatch.cpp,reloc-derived;call-sites=1;identity=generated
?applyAt0025C010@Rva0025C7C0Owner@@QAEPAXPAVRva0025C7C0Location@@ABVAsciiString@@@Z,0x0025C010,382,game/GameEngine/Source/GameLogic/Object/SpecialPower/Rva0025C7C0ElvenWoodChoice.cpp,reloc-derived;call-sites=1;identity=generated
?finish@ElvenWoodSpecialPower@@QAEXPAVSpecialPowerLocation@@@Z,0x0025C220,1146,game/GameEngine/Source/GameLogic/Object/SpecialPower/ElvenWoodSpecialPowerDoSpecialPowerAtLocation.cpp,reloc-derived;call-sites=1;identity=real
?update@Rva0025E0B0Module@@QAEXPAVObject@@@Z,0x0025E0B0,128,game/GameEngine/Source/GameLogic/Object/Update/GiveUpgradeUpdate_rva0025E610.cpp,reloc-derived;call-sites=1;identity=generated
?clearAffected@Rva0025EB90Owner@@QAEXXZ,0x0025EB90,179,game/GameEngine/Source/GameLogic/Object/Update/GloriousChargeUpdateUpdate.cpp,reloc-derived;call-sites=1;identity=generated
?_M_insert_overflow@?$vector@UGen_t_002619d0_p8pod@@V?$allocator@UGen_t_002619d0_p8pod@@@_STL@@@_STL@@IAEXPAUGen_t_002619d0_p8pod@@ABU3@ABU__false_type@2@I_N@Z,0x00261750,302,game/gen_small/tgrid_133.cpp,reloc-derived;call-sites=1;identity=generated
?buildPairsAt00261CC0@Rva00261F40Owner@@QAEXPAV?$vector@URva00261E40InputEntry@@V?$allocator@URva00261E40InputEntry@@@_STL@@@_STL@@PAVRva00261F40Subject@@PAV?$vector@U?$pair@MPAV?$vector@PAVRva00261F40Subject@@V?$allocator@PAVRva00261F40Subject@@@_STL@@@_STL@@@_STL@@V?$allocator@U?$pair@MPAV?$vector@PAVRva00261F40Subject@@V?$allocator@PAVRva00261F40Subject@@@_STL@@@_STL@@@_STL@@@2@@3@@Z,0x00261CC0,298,game/GameEngine/Source/GameLogic/Object/SpecialPower/Rva00261F40Distribution.cpp,reloc-derived;call-sites=1;identity=generated
?m00267B10@Rva00267B10@@QAEXE@Z,0x00267B10,390,game/GameEngine/Source/GameLogic/Object/Update/Rva00267D00.cpp,reloc-derived;call-sites=1;identity=generated
?finishSpecialPower@SpecialPowerModule@@QAEXI@Z,0x00269C50,1073,game/GameEngine/Source/GameLogic/Object/SpecialPower/PlayerUpgradeSpecialPowerDoSpecialPower.cpp,reloc-derived;call-sites=5;identity=real
?after@TaintSpecialPower@@QAEXPBVCoord3D@@@Z,0x0026B9D0,1103,game/GameEngine/Source/GameLogic/Object/SpecialPower/TaintSpecialPowerDoSpecialPowerAtLocation.cpp,reloc-derived;call-sites=1;identity=real
?test@Rva00270360Query@@QAE_NXZ,0x00270360,212,game/GameEngine/Source/GameLogic/Object/Locomotor_rva001BC820.cpp,reloc-derived;call-sites=1;identity=generated
?j_00023209@@YAXXZ,0x00274E30,3472,game/GameEngine/Source/GameLogic/Object/Update/AIUpdate.cpp,reloc-derived;call-sites=1;identity=real
?j_00005637@@YAXXZ,0x00275F30,1929,game/GameEngine/Source/GameLogic/Object/Update/AIUpdate.cpp,reloc-derived;call-sites=1;identity=real
?attackOrdinaryTarget@AIStateTargetDispatch@@QAEXPAVThing@@@Z,0x0027CF60,972,game/GameEngine/Source/GameLogic/AI/AIStateTargetDispatch_attackOptimizedTarget.cpp,reloc-derived;call-sites=2;identity=real
?slot36@Rva0027DB50@@QAEXPBUCoord3D@@HW4CommandSourceType@@@Z,0x0027DB50,562,game/GameEngine/Source/GameLogic/Object/Update/AIUpdate/TransportAIUpdatePrivateAttackObject.cpp,reloc-derived;call-sites=1;identity=generated
??1AssistedTargetingUpdate@@MAE@XZ,0x0027FAF0,25,game/GameEngine/Source/GameLogic/Object/Update/AssistedTargetingUpdateDeletingDestructor.cpp,reloc-derived;call-sites=1;identity=real
??1AutoDepositUpdate@@MAE@XZ,0x00280CD0,25,game/GameEngine/Source/GameLogic/Object/Update/AutoDepositUpdateDeletingDestructor.cpp,reloc-derived;call-sites=1;identity=real
??1AutoFindHealingUpdate@@MAE@XZ,0x002813E0,25,game/GameEngine/Source/GameLogic/Object/Update/AutoFindHealingUpdateDeletingDestructor.cpp,reloc-derived;call-sites=1;identity=real
??1BannerCarrierUpdate@@MAE@XZ,0x00282E70,25,game/GameEngine/Source/GameLogic/Object/Update/BannerCarrierUpdateDeletingDestructor.cpp,reloc-derived;call-sites=1;identity=real
??0BannerCarrierUpdate@@QAE@PAVThing@@PBVModuleData@@@Z,0x00283330,76,game/GameEngine/Source/GameLogic/Object/Update/BannerCarrierUpdateFriendNewModuleInstanceThunk.cpp,reloc-derived;call-sites=1;identity=real
??0Rva00283DF0ExpLevelDrawEntry@@QAE@XZ,0x00283DF0,118,game/GameEngine/Source/GameLogic/AI/BannerCarrierParseExpLevelDraw.cpp,reloc-derived;call-sites=1;identity=generated
?j0003767d@Rva00285300Base@@QAEXXZ,0x002850A0,479,game/GameEngine/Source/GameLogic/Object/Update/BannerCarrierUpdate_update.cpp,reloc-derived;call-sites=1;identity=generated
??1Gen_dtor_0028a450@@UAE@XZ,0x0028A240,25,game/gen_small/dtors_003.cpp,reloc-derived;call-sites=1;identity=generated
?scanClosestTarget@CommandButtonHuntUpdate@@IAEPAVObject@@XZ,0x0028AE90,974,game/GameEngine/Source/GameLogic/Object/Update/CommandButtonHuntUpdate_huntSpecialPower.cpp,reloc-derived;call-sites=1;identity=real
??1DeletionUpdate@@MAE@XZ,0x0028C490,25,game/GameEngine/Source/GameLogic/Object/Update/DeletionUpdateDeletingDestructor.cpp,reloc-derived;call-sites=1;identity=real
??1DemoTrapUpdate@@MAE@XZ,0x0028C7B0,25,game/GameEngine/Source/GameLogic/Object/Update/DemoTrapUpdateDeletingDestructor.cpp,reloc-derived;call-sites=1;identity=real
?bfmeFindModule@@YAPAVBfmeDestroyable@@XZ,0x0028CCD0,43,game/GameEngine/Source/Common/Bfme5OwnedObjectRelease.cpp,reloc-derived;call-sites=3;identity=real
??1DetachableRiderUpdate@@MAE@XZ,0x0028D3A0,25,game/GameEngine/Source/GameLogic/Object/Update/DetachableRiderUpdateDeletingDestructor.cpp,reloc-derived;call-sites=1;identity=real
??1EntEnragedUpdate@@MAE@XZ,0x00291890,25,game/GameEngine/Source/GameLogic/Object/Update/EntEnragedUpdateDeletingDestructor.cpp,reloc-derived;call-sites=1;identity=real
??1FadeAndDieOrnamentUpdate@@MAE@XZ,0x002921D0,25,game/GameEngine/Source/GameLogic/Object/Update/FadeAndDieOrnamentUpdateDeletingDestructor.cpp,reloc-derived;call-sites=1;identity=real
??1FireSpreadUpdate@@MAE@XZ,0x00292550,25,game/GameEngine/Source/GameLogic/Object/Update/FireSpreadUpdateDeletingDestructor.cpp,reloc-derived;call-sites=1;identity=real
??1FloatUpdate@@MAE@XZ,0x00294EA0,25,game/GameEngine/Source/GameLogic/Object/Update/FloatUpdateDeletingDestructor.cpp,reloc-derived;call-sites=1;identity=real
??1HeightDieUpdate@@MAE@XZ,0x002954C0,25,game/GameEngine/Source/GameLogic/Object/Update/HeightDieUpdateDeletingDestructor.cpp,reloc-derived;call-sites=1;identity=real
??1HijackerUpdate@@MAE@XZ,0x00295AC0,25,game/GameEngine/Source/GameLogic/Object/Update/HijackerUpdateDeletingDestructor.cpp,reloc-derived;call-sites=1;identity=real
?rva0029B350@PhysicsBehavior@@QAEX_N@Z,0x0029B350,315,game/GameEngine/Source/GameLogic/Object/Update/PhysicsBehaviorRva0029B4E0.cpp,reloc-derived;call-sites=1;identity=generated
??1ProneUpdate@@MAE@XZ,0x0029FDF0,25,game/GameEngine/Source/GameLogic/Object/Update/ProneUpdateDeletingDestructor.cpp,reloc-derived;call-sites=1;identity=real
??1RadarUpdate@@MAE@XZ,0x002A0180,25,game/GameEngine/Source/GameLogic/Object/Update/RadarUpdateDeletingDestructor.cpp,reloc-derived;call-sites=1;identity=real
??1RespawnUpdate@@MAE@XZ,0x002A16F0,25,game/GameEngine/Source/GameLogic/Object/Update/RespawnUpdateDeletingDestructor.cpp,reloc-derived;call-sites=1;identity=real
?j_00004345@@YAXXZ,0x002A22E0,155,game/GameEngine/Source/Common/Rva000FB210ElementFromObject.cpp,reloc-derived;call-sites=1;identity=real
?bfmeTwo940B@BfmeThing940B@@QAEXXZ,0x002A9000,833,game/GameEngine/Source/Common/BfmeConv940.cpp,reloc-derived;call-sites=1;identity=real
?prep@Rva0026CBE0Owner@@QAEXXZ,0x002AA4B0,734,game/GameEngine/Source/GameLogic/Object/SpecialPower/Rva0026CBE0SetStatus.cpp,reloc-derived;call-sites=1;identity=generated
??1Gen_dtor_002ab080@@UAE@XZ,0x002AAEF0,25,game/gen_small/dtors_003.cpp,reloc-derived;call-sites=1;identity=generated
??1StealthDetectorUpdate@@MAE@XZ,0x002AB3B0,25,game/GameEngine/Source/GameLogic/Object/Update/StealthDetectorUpdateDeletingDestructor.cpp,reloc-derived;call-sites=1;identity=real
??1StealthUpdate@@MAE@XZ,0x002AC070,25,game/GameEngine/Source/GameLogic/Object/Update/StealthUpdateDeletingDestructor.cpp,reloc-derived;call-sites=1;identity=real
?d_002acd90@@YAXXZ,0x002ACD90,693,game/GameEngine/Source/GameClient/MessageStream/CommandXlatVoice.cpp,reloc-derived;call-sites=2;identity=real
?update002AD250@StealthUpdate@@QAEXXZ,0x002AD250,238,game/GameEngine/Source/GameLogic/AI/AIGroupForwardedOrders.cpp,reloc-derived;call-sites=2;identity=real
?doToppleStartFX@BfmeStructureToppleUpdateCall@@QAEXPAVObject@@PBVDamageInfo@@@Z,0x002AFAA0,100,game/GameEngine/Source/GameLogic/Object/Update/StructureToppleUpdate.cpp,reloc-derived;call-sites=1;identity=real
?j_0000fbaa@@YAXXZ,0x002B2490,210,game/GameEngine/Source/GameLogic/Object/Update/WallUpgradeUpdate_update.cpp,reloc-derived;call-sites=1;identity=real
?bfmeCETC@BfmeBaseETC@@QAEXPAX000@Z,0x002BB170,1254,game/GameEngine/Source/Common/BfmeConv1982.cpp,reloc-derived;call-sites=1;identity=real
?helper002BD940@Rva002C12E0Owner@@QAEXXZ,0x002BD940,358,game/GameEngine/Source/GameLogic/Object/Update/AIUpdate/Rva002C12E0GiantBirdLocomotorUpdate.cpp,reloc-derived;call-sites=1;identity=generated
??0Rva002C1260StateMachine@@QAE@PAXVAsciiString@@@Z,0x002BFB00,1671,game/GameEngine/Source/GameLogic/Object/Update/AIUpdate/Rva002C1260GiantBirdStateMachineFactory.cpp,reloc-derived;call-sites=1;identity=generated
?bfmeDoBESE@BfmeHostESE@@QAEXPAVBfmeThingESE@@PAX@Z,0x002C4910,86,game/GameEngine/Source/Common/BfmeConv1969.cpp,reloc-derived;call-sites=1;identity=real
?bfmeDoAESE@BfmeHostESE@@QAEXPAVBfmeThingESE@@PAX@Z,0x002C4FD0,378,game/GameEngine/Source/Common/BfmeConv1969.cpp,reloc-derived;call-sites=2;identity=real
?bfmeThreeTEC@BfmeBaseTEC@@QAEXXZ,0x002CEA90,446,game/GameEngine/Source/Common/BfmeConv1311.cpp,reloc-derived;call-sites=1;identity=real
??1ArmorUpgrade@@MAE@XZ,0x002D2A60,32,game/GameEngine/Source/GameLogic/Object/Upgrade/ArmorUpgradeDeletingDestructor.cpp,reloc-derived;call-sites=1;identity=real
??1AttributeModifierUpgrade@@MAE@XZ,0x002D2E30,32,game/GameEngine/Source/GameLogic/Object/Upgrade/AttributeModifierUpgradeDeletingDestructor.cpp,reloc-derived;call-sites=1;identity=real
??1BaseUpgrade@@MAE@XZ,0x002D3770,32,game/GameEngine/Source/GameLogic/Object/Upgrade/BaseUpgradeDeletingDestructor.cpp,reloc-derived;call-sites=1;identity=real
??1CastleUpgrade@@MAE@XZ,0x002D3DA0,32,game/GameEngine/Source/GameLogic/Object/Upgrade/CastleUpgradeDeletingDestructor.cpp,reloc-derived;call-sites=1;identity=real
??1CommandSetUpgrade@@MAE@XZ,0x002D40E0,32,game/GameEngine/Source/GameLogic/Object/Upgrade/CommandSetUpgradeDeletingDestructor.cpp,reloc-derived;call-sites=1;identity=real
??1DelayedUpgrade@@MAE@XZ,0x002D4CC0,32,game/GameEngine/Source/GameLogic/Object/Upgrade/DelayedUpgradeDeletingDestructor.cpp,reloc-derived;call-sites=1;identity=real
??1ExperienceScalarUpgrade@@MAE@XZ,0x002D4F50,32,game/GameEngine/Source/GameLogic/Object/Upgrade/ExperienceScalarUpgradeDeletingDestructor.cpp,reloc-derived;call-sites=1;identity=real
??1Gen_dtor_002d5380@@UAE@XZ,0x002D5240,32,game/gen_small/dtors_004.cpp,reloc-derived;call-sites=1;identity=generated
??1LevelUpUpgrade@@MAE@XZ,0x002D5E90,32,game/GameEngine/Source/GameLogic/Object/Upgrade/LevelUpUpgradeDeletingDestructor.cpp,reloc-derived;call-sites=1;identity=real
??1LocomotorSetUpgrade@@MAE@XZ,0x002D6110,32,game/GameEngine/Source/GameLogic/Object/Upgrade/LocomotorSetUpgradeDeletingDestructor.cpp,reloc-derived;call-sites=1;identity=real
??1MaxHealthUpgrade@@MAE@XZ,0x002D6320,32,game/GameEngine/Source/GameLogic/Object/Upgrade/MaxHealthUpgradeDeletingDestructor.cpp,reloc-derived;call-sites=1;identity=real
??1ModelConditionUpgrade@@MAE@XZ,0x002D6650,32,game/GameEngine/Source/GameLogic/Object/Upgrade/ModelConditionUpgradeDeletingDestructor.cpp,reloc-derived;call-sites=1;identity=real
??1ProductionSpeedBonusUpgrade@@MAE@XZ,0x002D76F0,32,game/GameEngine/Source/GameLogic/Object/Upgrade/ProductionSpeedBonusUpgradeDeletingDestructor.cpp,reloc-derived;call-sites=1;identity=real
??1RadarUpgrade@@MAE@XZ,0x002D7A20,32,game/GameEngine/Source/GameLogic/Object/Upgrade/RadarUpgradeDeletingDestructor.cpp,reloc-derived;call-sites=1;identity=real
??1StatusBitsUpgrade@@MAE@XZ,0x002D7D50,32,game/GameEngine/Source/GameLogic/Object/Upgrade/StatusBitsUpgradeDeletingDestructor.cpp,reloc-derived;call-sites=1;identity=real
??1StealthUpgrade@@MAE@XZ,0x002D7FC0,32,game/GameEngine/Source/GameLogic/Object/Upgrade/StealthUpgradeDeletingDestructor.cpp,reloc-derived;call-sites=1;identity=real
??1SubObjectsUpgrade@@MAE@XZ,0x002D81F0,32,game/GameEngine/Source/GameLogic/Object/Upgrade/SubObjectsUpgradeDeletingDestructor.cpp,reloc-derived;call-sites=1;identity=real
??1Gen_dtor_002d94e0@@UAE@XZ,0x002D9340,32,game/gen_small/dtors_004.cpp,reloc-derived;call-sites=1;identity=generated
??1UnpauseSpecialPowerUpgrade@@MAE@XZ,0x002D96E0,32,game/GameEngine/Source/GameLogic/Object/Upgrade/UnpauseSpecialPowerUpgradeDeletingDestructor.cpp,reloc-derived;call-sites=1;identity=real
??1WeaponBonusUpgrade@@MAE@XZ,0x002DA2D0,32,game/GameEngine/Source/GameLogic/Object/Upgrade/WeaponBonusUpgradeDeletingDestructor.cpp,reloc-derived;call-sites=1;identity=real
??1WeaponSetUpgrade@@MAE@XZ,0x002DA4A0,32,game/GameEngine/Source/GameLogic/Object/Upgrade/WeaponSetUpgradeDeletingDestructor.cpp,reloc-derived;call-sites=1;identity=real
?j_000384f6@@YAXXZ,0x002DB880,584,game/GameEngine/Source/Common/BfmeConv1845ApplyXJ.cpp,reloc-derived;call-sites=1;identity=real
?testOne@Rva002DF100@@QAEEPAX@Z,0x002DEFE0,229,game/GameEngine/Source/Common/Rva001E4090.cpp,reloc-derived;call-sites=4;identity=generated
?BfmeRva002E7C50TailCopy@_STL@@YAPAVRva002E7C50Element@@PAV2@00ABU__false_type@1@@Z,0x002E3050,48,game/GameEngine/Source/Common/Rva002E7C50VectorInsertOverflowBody.cpp,reloc-derived;call-sites=1;identity=generated
?_M_insert_overflow@?$vector@UGen_t_002e8eb0_m4pod@@V?$allocator@UGen_t_002e8eb0_m4pod@@@_STL@@@_STL@@IAEXPAUGen_t_002e8eb0_m4pod@@ABU3@ABU__false_type@2@I_N@Z,0x002E7940,282,game/gen_small/fam_019.cpp,reloc-derived;call-sites=1;identity=generated
?rva002E9590ParseScriptedEvent@LuaScriptEngine@@QAEXPAVBfmeLexEAN@@@Z,0x002E9590,186,game/GameEngine/Source/GameLogic/ScriptEngine/LuaScriptEngineParseTokenEvents.cpp,reloc-derived;call-sites=1;identity=generated
?rva002E9680ParseModelConditionEvent@LuaScriptEngine@@QAEXPAVBfmeLexEAN@@@Z,0x002E9680,746,game/GameEngine/Source/GameLogic/ScriptEngine/LuaScriptEngineParseTokenEvents.cpp,reloc-derived;call-sites=1;identity=generated
?rva002E9AA0ParseObjectStatusEvent@LuaScriptEngine@@QAEXPAVBfmeLexEAN@@@Z,0x002E9AA0,686,game/GameEngine/Source/GameLogic/ScriptEngine/LuaScriptEngineParseTokenEvents.cpp,reloc-derived;call-sites=1;identity=generated
?rva002EC770ParseTokenEventList@LuaScriptEngine@@QAEXPAVBfmeLexEAN@@@Z,0x002EC0A0,1382,game/GameEngine/Source/GameLogic/ScriptEngine/LuaScriptEngineParseToken.cpp,reloc-derived;call-sites=1;identity=generated
?applyModelCondition_002FDEF0@@YAXPAVObject@@H_N@Z,0x002FDEF0,131,game/GameEngine/Source/GameLogic/ScriptEngine/ScriptActionsNamedSetModelCondition.cpp,reloc-derived;call-sites=2;identity=real
?j_00012855@@YAXXZ,0x00327A00,646,game/GameEngine/Source/GameLogic/ScriptEngine/Rva0032D720Dispatcher.cpp,reloc-derived;call-sites=2;identity=real
?d_00329fb0@@YAXXZ,0x00329FB0,491,game/GameEngine/Source/GameLogic/ScriptEngine/Rva0032D720Dispatcher.cpp,reloc-derived;call-sites=4;identity=real
?d_0032a550@@YAXXZ,0x0032A550,252,game/GameEngine/Source/GameLogic/ScriptEngine/Rva0032D720Dispatcher.cpp,reloc-derived;call-sites=2;identity=real
?d_0032b730@@YAXXZ,0x0032B730,211,game/GameEngine/Source/GameLogic/ScriptEngine/Rva0032D720Dispatcher.cpp,reloc-derived;call-sites=2;identity=real
?d_0032c7f0@@YAXXZ,0x0032C7F0,324,game/GameEngine/Source/GameLogic/ScriptEngine/Rva0032D720Dispatcher.cpp,reloc-derived;call-sites=2;identity=real
?d_0032c990@@YAXXZ,0x0032C990,288,game/GameEngine/Source/GameLogic/ScriptEngine/Rva0032D720Dispatcher.cpp,reloc-derived;call-sites=2;identity=real
?j_00005ace@@YAXXZ,0x0032CFC0,651,game/GameEngine/Source/GameLogic/ScriptEngine/Rva0032D720Dispatcher.cpp,reloc-derived;call-sites=2;identity=real
?Rva003369d0@ScriptEngine@@IAEXPAVScriptAction@@@Z,0x003369D0,245,game/GameEngine/Source/GameLogic/ScriptEngine/ScriptEngineExecuteActions.cpp,reloc-derived;call-sites=1;identity=generated
??1Gen_dtor_0034b970@@UAE@XZ,0x003492A0,928,game/gen_small/dtors_004.cpp,reloc-derived;call-sites=1;identity=generated
?setPriority@AttackPriorityInfo@@QAEXPBVThingTemplate@@H@Z,0x0034ECE0,146,game/GameEngine/Source/GameLogic/ScriptEngine/AttackPriorityInfoXfer.cpp,reloc-derived;call-sites=5;identity=real
??0Rva003525E0Pair@@QAE@ABV0@@Z,0x003525E0,160,game/GameEngine/Source/Common/Rva003529B0Clone.cpp,reloc-derived;call-sites=5;identity=generated
??0Rva0035D2B0Node@@QAE@XZ,0x00354C10,76,game/GameEngine/Source/Common/StringRecordTableAddDefaultNode.cpp,reloc-derived;call-sites=1;identity=generated
?findOrCreateIndex@Rva0035D2B0StringRecordTable@@AAEHPAVAsciiString@@@Z,0x0035C620,428,game/GameEngine/Source/Common/BfmeConv1700.cpp,reloc-derived;call-sites=4;identity=generated
??0Gen0035E3B0@@QAE@PAVHost0035E450@@@Z,0x0035E3B0,123,game/GameEngine/Source/Common/Q4NewOwnerFactories.cpp,reloc-derived;call-sites=1;identity=generated
?bfmeDoZN@Rva0035E710Owner@@QAEXPAXPAPAUBfmeNodeZN@@0@Z,0x0035E5A0,284,game/GameEngine/Source/Common/Rva0035E710LinkWalk.cpp,reloc-derived;call-sites=1;identity=generated
?getName@BfmeElementDVB@@QBE?AVBfmeStrAVTV@@XZ,0x00361990,32,game/GameEngine/Source/Common/BfmeConv787.cpp,reloc-derived;call-sites=1;identity=real
?j_0002c8f9@@YAXXZ,0x00361D10,191,game/GameEngine/Source/GameLogic/System/Rva003855F0Transition.cpp,reloc-derived;call-sites=1;identity=real
?visit@Rva00365C20Visitor@@QAEXABVUnicodeString@@IIURva000F99C0Payload@@HPBE@Z,0x00365C20,368,game/GameEngine/Source/Common/Rva000F99C0RecordDispatch.cpp,reloc-derived;call-sites=1;identity=generated
?j_00031313@@YAXXZ,0x00365DF0,498,game/GameEngine/Source/GameLogic/System/Rva003855F0Transition.cpp,reloc-derived;call-sites=1;identity=real
?_M_insert_overflow@?$vector@UGen_t_00369920_p8pod@@V?$allocator@UGen_t_00369920_p8pod@@@_STL@@@_STL@@IAEXPAUGen_t_00369920_p8pod@@ABU3@ABU__false_type@2@I_N@Z,0x00369590,302,game/GameEngine/Source/Common/INI/Rva00369B90AttributeValuesSet.cpp,reloc-derived;call-sites=2;identity=generated
?applyAttributeModifier@AttributeModifierPoolUpdate@@QAE_NABVAsciiString@@H@Z,0x0036A570,1037,game/GameEngine/Source/GameLogic/Object/Contain/Rva00239AF0.cpp,reloc-derived;call-sites=2;identity=real
?rva0036B250ConditionsAt@AttributeModifierDefinitionStore@@QBE?AV?$BitFlags@$0BEA@@@H@Z,0x0036B250,169,game/GameEngine/Source/GameLogic/Object/Update/BfmeTargetXIUseXI.cpp,reloc-derived;call-sites=1;identity=generated
?j_00045c7d@@YAXXZ,0x00370DE0,541,game/GameEngine/Source/Common/Rva00372BA0ConditionalDispatcher.cpp,reloc-derived;call-sites=1;identity=real
?rva00371650@CastleBehavior@@QAEPAVObject@@PAVBuildListInfo@@_N@Z,0x00371650,947,game/GameEngine/Source/Common/Rva00374F20InstantiateBuildListObjects.cpp,reloc-derived;call-sites=1;identity=generated
?j_00013935@@YAXXZ,0x00372BD0,490,game/GameEngine/Source/GameLogic/Object/Behavior/ConstructionRecovery00373B30.cpp,reloc-derived;call-sites=1;identity=real
?build@Gen_00371340@@QAEPAVObject@@PAVThingTemplate@@HPAX@Z,0x00372FA0,178,game/GameEngine/Source/GameLogic/ScriptEngine/ScriptActionsBuildBase.cpp,reloc-derived;call-sites=2;identity=generated
?j_000084d6@@YAXXZ,0x00376590,1104,game/GameEngine/Source/GameLogic/Object/Behavior/CastleBehaviorInitiateUnpack.cpp,reloc-derived;call-sites=1;identity=real
?Rva0037C310@Rva0037C310Owner@@QAE_NHHPAVObject@@@Z,0x0037C310,465,game/GameEngine/Source/GameLogic/Object/Update/TargetEligibility00290990.cpp,reloc-derived;call-sites=1;identity=generated
?getName@EmotionNugget@@QBE?AVBfmeEmotionName@@XZ,0x0037CB90,29,game/GameEngine/Source/Common/INI/INI_Emotion.cpp,reloc-derived;call-sites=2;identity=real
?call@Gen0002B7F6@@QAEXPAVExperienceLevelData@@PAVObject@@_N@Z,0x0037F280,459,game/GameEngine/Source/Common/ExperienceLevelSystemUpdate.cpp,reloc-derived;call-sites=1;identity=generated
?Gen003859B0@@YAHHH@Z,0x003859B0,216,game/GameEngine/Source/Common/BigObfHookWrappers.cpp,reloc-derived;call-sites=1;identity=generated
?Gen00385AE0@@YAHHH@Z,0x00385AE0,216,game/GameEngine/Source/Common/BigObfHookWrappers.cpp,reloc-derived;call-sites=1;identity=generated
?push_back@BFMECRCStreamList@@QAEXABQAVBfmeByteStream@@@Z,0x00387F20,45,game/GameEngine/Source/GameLogic/System/GameLogicPeerCRC.cpp,reloc-derived;call-sites=1;identity=real
?_M_bkt_num_key@?$hashtable@URva0038ED80Value@@VAsciiString@@U?$hash@VAsciiString@@@rts@@URva0038ED80ExtractKey@@U?$equal_to@VAsciiString@@@_STL@@V?$allocator@URva0038ED80Value@@@7@@_STL@@ABEIABVAsciiString@@I@Z,0x00388520,41,game/Libraries/Source/WWVegas/WWLib/RvaHashInsertAsciiString.cpp,reloc-derived;call-sites=1;identity=generated
?_M_bkt_num_key@?$hashtable@URva0038EE10Value@@VAsciiString@@U?$hash@VAsciiString@@@rts@@URva0038EE10ExtractKey@@U?$equal_to@VAsciiString@@@_STL@@V?$allocator@URva0038EE10Value@@@7@@_STL@@ABEIABVAsciiString@@I@Z,0x00388560,41,game/Libraries/Source/WWVegas/WWLib/RvaHashInsertAsciiString.cpp,reloc-derived;call-sites=1;identity=generated
?bfme_reportDesync@GameLogic@@QAEXPAVBfmeByteStream@@IH@Z,0x00388C10,1744,game/GameEngine/Source/GameLogic/System/GameLogicPeerCRC.cpp,reloc-derived;call-sites=2;identity=real
?gen0038EEA0@@YAPAXXZ,0x0038EEA0,65,game/GameEngine/Source/Common/CachedPointerFills.cpp,reloc-derived;call-sites=1;identity=generated
?gen0038EF00@@YAPAXXZ,0x0038EF00,65,game/GameEngine/Source/Common/CachedPointerFills.cpp,reloc-derived;call-sites=1;identity=generated
?updateObjectReference@BfmeObjectReferenceStore@@QAEXPAVObject@@_N@Z,0x0039B160,264,game/GameEngine/Source/GameLogic/Object/Update/BfmeObjectReferenceStoreClear.cpp,reloc-derived;call-sites=2;identity=real
?bfmeDestroyAttributeEntry@@YAXPAUGen_t_0039e9d0_p128pod@@@Z,0x0039E2B0,907,game/GameEngine/Source/GameLogic/Object/Update/BfmeAttributeEntryAssignment.cpp,reloc-derived;call-sites=2;identity=generated
?accepts@Rva0039F0A0@@QAE_NPBXPAVPlayer@@1@Z,0x0039F0A0,778,game/GameEngine/Source/GameClient/GUI/BannerThingCounterAdd.cpp,reloc-derived;call-sites=3;identity=generated
??0Rva003A35A0Element@@QAE@XZ,0x003A18D0,270,game/GameEngine/Source/Common/Containers/Rva003A39C0RecordInsertion.cpp,reloc-derived;call-sites=3;identity=generated
?bfmeCheckGK@BfmeMgrGK@@QAEDPAVBfmeObjGK@@HH@Z,0x003A1A30,563,game/GameEngine/Source/Common/BfmeConv2065.cpp,reloc-derived;call-sites=1;identity=real
?finalize@Rva002BC260Goal@@QAEXXZ,0x003A2700,2282,game/GameEngine/Source/GameLogic/Object/Update/AIUpdate/Rva002BC260GoalSetup.cpp,reloc-derived;call-sites=1;identity=generated
?rva003A50F0@Gen003BDE80Element@@QAEXXZ,0x003A50F0,179,game/GameEngine/Source/Common/Rva003A51D0ElementProcess.cpp,reloc-derived;call-sites=1;identity=generated
??1Gen_dtor_003a58b0@@UAE@XZ,0x003A5670,388,game/gen_small/dtors_004.cpp,reloc-derived;call-sites=1;identity=generated
?j_000250d6@Glo012F1024Item@@QAEXXZ,0x003AD560,548,game/GameEngine/Source/Common/Glo012F1024Entry_bfmeStep.cpp,reloc-derived;call-sites=1;identity=real
?j_0001eb9b@Glo012F1024Item@@QAEXXZ,0x003AD8B0,524,game/GameEngine/Source/Common/Glo012F1024Entry_bfmeStep.cpp,reloc-derived;call-sites=1;identity=real
?j_0000d1d4@Glo012F1024Item@@QAEXXZ,0x003ADB40,182,game/GameEngine/Source/Common/Glo012F1024Entry_bfmeStep.cpp,reloc-derived;call-sites=1;identity=real
?j_00021f26@Glo012F1024Item@@QAEXXZ,0x003ADCC0,183,game/GameEngine/Source/Common/Glo012F1024Entry_bfmeStep.cpp,reloc-derived;call-sites=2;identity=real
?j_0002eeec@Glo012F1024Item@@QAEXXZ,0x003ADDB0,224,game/GameEngine/Source/Common/Glo012F1024Entry_bfmeStep.cpp,reloc-derived;call-sites=1;identity=real
?j_0002a969@Glo012F1024Item@@QAEXXZ,0x003AE030,313,game/GameEngine/Source/Common/Glo012F1024Entry_bfmeStep.cpp,reloc-derived;call-sites=2;identity=real
?j_0000df76@Glo012F1024Item@@QAEXXZ,0x003AE490,288,game/GameEngine/Source/Common/Glo012F1024Entry_bfmeStep.cpp,reloc-derived;call-sites=1;identity=real
?bfmeDestroy@Gen_003B48B0@@QAEXXZ,0x003B48B0,82,game/GameEngine/Source/Common/Rva003B6DF0VectorInsertOverflow.cpp,reloc-derived;call-sites=1;identity=generated
??1Gen_dtor_003bc060@@UAE@XZ,0x003BBC20,145,game/gen_small/dtors_005.cpp,reloc-derived;call-sites=1;identity=generated
?tail003C12A0@Transfer003C3D90@@QAEXPAVXfer@@@Z,0x003C12A0,443,game/GameEngine/Source/GameLogic/LivingWorld/Load003C4160.cpp,reloc-derived;call-sites=2;identity=real
?j_00035ff3@@YAXXZ,0x003C2100,300,game/GameEngine/Source/GameLogic/LivingWorld/LivingWorldLogicRva003C3850.cpp,reloc-derived;call-sites=1;identity=real
?j_0001d688@@YAXXZ,0x003C22E0,473,game/GameEngine/Source/Common/Rva003C2530GameClientUpdate.cpp,reloc-derived;call-sites=1;identity=real
?vector003C3480@Transfer003C3D90@@QAEXPAVXfer@@PAX@Z,0x003C3480,477,game/GameEngine/Source/GameLogic/LivingWorld/Load003C4160.cpp,reloc-derived;call-sites=4;identity=real
?rva0003b313@Glo012F1028Type@@QAEXXZ,0x003C3760,191,game/GameEngine/Source/GameClient/GUI/GUICallbacks/Menus/RestartMissionMenu.cpp,reloc-derived;call-sites=1;identity=generated
?records003C3BA0@Transfer003C3D90@@QAEXPAVXfer@@@Z,0x003C3BA0,395,game/GameEngine/Source/GameLogic/LivingWorld/Load003C4160.cpp,reloc-derived;call-sites=2;identity=real
?rva003C3F40@Glo012F1028Type@@QAEXXZ,0x003C3F40,431,game/GameEngine/Source/GameLogic/LivingWorld/OwnerNotify003C4740.cpp,reloc-derived;call-sites=1;identity=generated
?b_003c48e0@@YAXXZ,0x003C48E0,421,game/GameEngine/Source/GameClient/GUI/Fade0060F010.cpp,reloc-derived;call-sites=1;identity=real
?d_003c5270@@YAXXZ,0x003C5270,181,game/GameEngine/Source/Common/Rva003C5820AppendMatch.cpp,reloc-derived;call-sites=1;identity=real
?Gen003C7780@@YAHHH@Z,0x003C7780,216,game/GameEngine/Source/Common/BigObfHookWrappers.cpp,reloc-derived;call-sites=1;identity=generated
?Gen003C78B0@@YAHHH@Z,0x003C78B0,216,game/GameEngine/Source/Common/BigObfHookWrappers.cpp,reloc-derived;call-sites=1;identity=generated
?prepare@Rva003C8340@@QAEXPAVRva003C8340Item@@@Z,0x003C7D20,37,game/GameEngine/Source/Common/Rva003C8340.cpp,reloc-derived;call-sites=1;identity=generated
?consume@Glo012F1028Sub@@QAEXPAVAsciiString@@@Z,0x003C88E0,283,game/GameEngine/Source/Common/Glo012F1024Type_selectEntry.cpp,reloc-derived;call-sites=1;identity=real
?drop@Gen003C8A50@@QAEXPAVGen003C8A50Result@@@Z,0x003CA9D0,662,game/GameEngine/Source/Common/V4GuardedLookupFieldReads.cpp,reloc-derived;call-sites=1;identity=generated
?j_000483ba@@YAXXZ,0x003CAEB0,782,game/GameEngine/Source/GameLogic/LivingWorld/LivingWorldRegionManager_Rva003CB290.cpp,reloc-derived;call-sites=1;identity=real
?probe@Gen003BFB20Owner@@QAE_NPAX@Z,0x003CB790,334,game/GameEngine/Source/Common/Rva003BFAB0_gate.cpp,reloc-derived;call-sites=2;identity=generated
?j_0004afcf@@YAXXZ,0x003CD050,415,game/GameEngine/Source/Common/Rva003D2B80ElementApply.cpp,reloc-derived;call-sites=4;identity=real
?bfmeInsertRQ@BfmeVecRQ@@QAEXPAPAX0@Z,0x003CFE10,168,game/GameEngine/Source/Common/Rva003D0190Ensure.cpp,reloc-derived;call-sites=1;identity=real
?_M_insert_overflow@?$vector@UGen_t_003d12a0_p8pod@@V?$allocator@UGen_t_003d12a0_p8pod@@@_STL@@@_STL@@IAEXPAUGen_t_003d12a0_p8pod@@ABU3@ABU__false_type@2@I_N@Z,0x003CFF30,302,game/gen_small/tgrid_134.cpp,reloc-derived;call-sites=1;identity=generated
?apply@Gen00006D20@@QAEXPAVY1RangeWrapper@@@Z,0x003D0320,227,game/GameEngine/Source/Common/Y1GatedRangeDispatch.cpp,reloc-derived;call-sites=1;identity=generated
?apply@Gen00025C75@@QAEXPAVY1RangeContext@@@Z,0x003D0440,224,game/GameEngine/Source/Common/Y1GatedRangeDispatch.cpp,reloc-derived;call-sites=1;identity=generated
?j_0000f2ea@@YAXXZ,0x003D0560,351,game/GameEngine/Source/Common/Y1MemberVectorForEach.cpp,reloc-derived;call-sites=2;identity=real
?call@Gen00025603@@QAEXXZ,0x003D1A60,1450,game/GameEngine/Source/Common/Y1MemberVectorForEach.cpp,reloc-derived;call-sites=2;identity=generated
??0Rva003D2B80Child@@QAE@PAVRva003D2B80Source@@PAM@Z,0x003D28D0,540,game/GameEngine/Source/Common/Rva003D2B80ElementApply.cpp,reloc-derived;call-sites=1;identity=generated
?bfmeResetA@BfmeActivationPartA@@QAEXXZ,0x003D3C60,42,game/GameEngine/Source/Common/Gen009D6300.cpp,reloc-derived;call-sites=1;identity=real
?bfmeGetCellByIndicesTwin@Pathfinder@@QAEPAVPathfindCell@@W4PathfindLayerEnum@@HH@Z,0x003D4F00,95,game/GameEngine/Source/GameLogic/AI/PathfinderGetCellTwin.cpp,reloc-derived;call-sites=2;identity=real
?checkForPossible@Pathfinder@@QAE_NABUPathfindMovementProfile@@H_NHHW4PathfindLayerEnum@@PAUCoord3D@@1@Z,0x003D6210,181,game/GameEngine/Source/GameLogic/AI/PathfindAdjustDeab0.cpp,reloc-derived;call-sites=6;identity=real
?rva003DAE40@Pathfinder@@QAEXPAVPathfindCell@@PAVObject@@@Z,0x003DAE40,633,game/GameEngine/Source/GameLogic/AI/PathfinderStepD4F90.cpp,reloc-derived;call-sites=1;identity=generated
??0Rva003DB640Info@@QAE@PAVPathfinder@@PAVObject@@H@Z,0x003DB640,226,game/GameEngine/Source/GameLogic/AI/PathfinderLineQueries.cpp,reloc-derived;call-sites=1;identity=generated
?clearCellForDiameter@Pathfinder@@QAEHHHHHHH@Z,0x003DC810,723,game/GameEngine/Source/GameLogic/AI/PathfindCellCallbackDeda0.cpp,reloc-derived;call-sites=3;identity=real
?prependCells@Pathfinder@@QAEXPAVPath@@PBUCoord3D@@PAVPathfindCell@@_N@Z,0x003DD930,987,game/GameEngine/Source/GameLogic/AI/PathfindBuildActualPathE10f0.cpp,reloc-derived;call-sites=2;identity=real
?j_000073b5@@YAXXZ,0x003DFF70,808,game/GameEngine/Source/GameLogic/AI/PathfinderRva003F1690.cpp,reloc-derived;call-sites=1;identity=real
?bfmeStepE05B0@Pathfinder@@QAE_NPAVObject@@PAUICoord2D@@@Z,0x003E05B0,715,game/GameEngine/Source/GameLogic/AI/LinePassableStruct_linePassableCallback.cpp,reloc-derived;call-sites=2;identity=real
?bfmeStepE0930@Pathfinder@@QAE_NPAVObject@@PAUICoord2D@@1@Z,0x003E0930,938,game/GameEngine/Source/GameLogic/AI/ExamineCellsStructCellCallback.cpp,reloc-derived;call-sites=3;identity=real
?j_0001e6fa@@YAXXZ,0x003E17A0,1514,game/GameEngine/Source/GameLogic/Object/Update/AIUpdateInterfaceHelpers.cpp,reloc-derived;call-sites=1;identity=real
?iterateCellsAlongLine@Pathfinder@@QAEHABUICoord2D@@0W4PathfindLayerEnum@@PAURva003E3650Struct@@@Z,0x003E3650,538,game/GameEngine/Source/GameLogic/AI/pathfind_iterateCellsAlongLine_world.cpp,reloc-derived;call-sites=1;identity=generated
?removePos@Pathfinder@@QAEXPAVObject@@@Z,0x003E3F70,424,game/GameEngine/Source/GameLogic/Object/Contain/OpenContainExitObjectInAHurry.cpp,reloc-derived;call-sites=4;identity=real
?bfmeCheckAttackViewAltHelper@Pathfinder@@QAEHPAVObject@@PAUCoord3D@@PAX@Z,0x003E4330,672,game/GameEngine/Source/GameLogic/AI/PathfinderAttackViewForwarders.cpp,reloc-derived;call-sites=1;identity=real
?rva003E4680@Rva003E4680Pathfinder@@QAEHPAVObject@@PBUCoord3D@@PAI@Z,0x003E4680,687,game/GameEngine/Source/GameLogic/Object/Contain/HordeContain/Rva0023BE60NearbyObjectsCheck.cpp,reloc-derived;call-sites=1;identity=generated
?bfmeCheckAttackViewHelper@Pathfinder@@QAEHPAVObject@@PAUCoord3D@@PAX@Z,0x003E49F0,750,game/GameEngine/Source/GameLogic/AI/PathfinderAttackViewForwarders.cpp,reloc-derived;call-sites=1;identity=real
?j_000392ca@@YAXXZ,0x003E5010,1262,game/GameEngine/Source/GameLogic/Object/Contain/HordeContain/HordeMemberOrder00245420.cpp,reloc-derived;call-sites=2;identity=real
??0BfmeCheckMovementInfo@@QAE@PAVPathfinder@@PAVObject@@HHHHH@Z,0x003E5640,379,game/GameEngine/Source/GameLogic/AI/PathfinderLineQueries.cpp,reloc-derived;call-sites=2;identity=real
??0Rva003E5A50Info@@QAE@PAVPathfinder@@PAVObject@@H@Z,0x003E5A50,232,game/GameEngine/Source/GameLogic/AI/PathfinderLineQueries.cpp,reloc-derived;call-sites=1;identity=generated
?rva003e5b80@Rva003E5A50Info@@QAEHPAVPathfindCell@@0HH@Z,0x003E5B80,224,game/GameEngine/Source/GameLogic/AI/PathfinderIterateCellsAlongLineCallbacks.cpp,reloc-derived;call-sites=1;identity=generated
?j_0002f3c9@@YAXXZ,0x003E6300,1437,game/GameEngine/Source/GameLogic/Object/Update/MeleeApproach002705D0.cpp,reloc-derived;call-sites=1;identity=real
?j_000296b8@@YAXXZ,0x003E8E10,1852,game/GameEngine/Source/Common/Rva0016D5F0PathTest.cpp,reloc-derived;call-sites=3;identity=real
?updatePos@Pathfinder@@QAEXPAVObject@@PBUCoord3D@@@Z,0x003E9D80,1213,game/GameEngine/Source/GameLogic/Object/Contain/OpenContainExitObjectInAHurry.cpp,reloc-derived;call-sites=6;identity=real
?j_000441c0@@YAXXZ,0x003EA570,775,game/GameEngine/Source/GameLogic/Object/Weapon_isGoalPosWithinAttackRange.cpp,reloc-derived;call-sites=1;identity=real
?j_00034c16@@YAXXZ,0x003EB1F0,1672,game/GameEngine/Source/GameLogic/AI/AIInternalMoveToState_onEnter.cpp,reloc-derived;call-sites=1;identity=real
?validMovement@BfmeAttackQuery@@QAE_NHHGPBX@Z,0x003ED070,1705,game/GameEngine/Source/GameLogic/AI/BfmeAttackQueryCandidateE2B0.cpp,reloc-derived;call-sites=1;identity=real
?j_000328a3@@YAXXZ,0x003EDC50,657,game/GameEngine/Source/GameLogic/Object/Update/AIUpdateComputeQuickPath.cpp,reloc-derived;call-sites=1;identity=real
?bfmeInnerEQC@Rva003F0EC0Owner@@QAEH_NIPAXPBX2I0@Z,0x003EEB90,4836,game/GameEngine/Source/Common/Rva003F0EC0Forward.cpp,reloc-derived;call-sites=2;identity=generated
?checkForAdjust@Pathfinder@@QAEEPAVObject@@ABVLocomotorSet@@EHHHHEPAUCoord3D@@PBU4@MPAPAVPathfindCell@@H@Z,0x003F0F40,1496,game/GameEngine/Source/GameLogic/AI/PathfindTightenCallback.cpp,reloc-derived;call-sites=2;identity=real
?j_0004a561@@YAXXZ,0x003F6F60,146,game/GameEngine/Source/GameLogic/AI/PathfindCellInfoPoolReset.cpp,reloc-derived;call-sites=1;identity=real
?j_000135ac@@YAXXZ,0x003F7020,146,game/GameEngine/Source/GameLogic/AI/PathfindCellInfoPoolReset.cpp,reloc-derived;call-sites=1;identity=real
?j_00009a89@@YAXXZ,0x003FBB20,85,game/GameEngine/Source/GameLogic/AI/PathfinderVectorAdjust003E3B20.cpp,reloc-derived;call-sites=1;identity=real
?Rva003FDCF0@Path@@QAEXAAUCoord3D@@@Z,0x003FDCF0,153,game/GameEngine/Source/GameLogic/Object/Locomotor_rva001B7200.cpp,reloc-derived;call-sites=1;identity=generated
?bfmeOptimizeDir@Path@@QAEXPBVObject@@PBUCoord3D@@H_N@Z,0x00401070,851,game/GameEngine/Source/GameLogic/AI/PathfindBuildActualPathE10f0.cpp,reloc-derived;call-sites=3;identity=real
?_M_insert_overflow@?$vector@UGen_t_004019b0_m4pod@@V?$allocator@UGen_t_004019b0_m4pod@@@_STL@@@_STL@@IAEXPAUGen_t_004019b0_m4pod@@ABU3@ABU__false_type@2@I_N@Z,0x004014A0,282,game/GameEngine/Source/GameLogic/Object/Locomotor/Rva00401B10Update.cpp,reloc-derived;call-sites=2;identity=generated
?xfer00401C70@Path@@QAEXPAVXfer@@@Z,0x00401C70,946,game/GameEngine/Source/GameLogic/AI/AICommandParmsStorageXfer.cpp,reloc-derived;call-sites=1;identity=real
?bfmeZonePhase004042C0@PathfindZoneManager@@AAEXPAPAVPathfindCell@@ABUIRegion2D@@@Z,0x004042C0,1205,game/GameEngine/Source/GameLogic/AI/PathfindZoneManagerDispatch00408CD0.cpp,reloc-derived;call-sites=1;identity=real
?process@Rva00407030@@QAEXPAPAVPathfindCell@@ABUIRegion2D@@1PAVPathfindZoneManager@@@Z,0x00407030,3932,game/GameEngine/Source/GameLogic/AI/PathfindZoneManagerCalculateZonesIncrementalStep00408480.cpp,reloc-derived;call-sites=1;identity=generated
?phase004085F0@PathfindZoneManager@@AAEXPAPAVPathfindCell@@ABUIRegion2D@@@Z,0x004085F0,979,game/GameEngine/Source/GameLogic/AI/PathfindZoneManagerDispatch00408CD0.cpp,reloc-derived;call-sites=1;identity=real
?transition00409610@BuffEntry00409E20@@QAE_NHHPAX0H@Z,0x00409610,226,game/GameEngine/Source/GameClient/BuffState00409E20.cpp,reloc-derived;call-sites=1;identity=real
??0Rva006E1700Base@@QAE@XZ,0x0040B190,25,game/GameEngine/Source/Common/Rva006E1700Ctor.cpp,reloc-derived;call-sites=1;identity=generated
?push_back@?$list@PAVCreditsLine@@V?$allocator@PAVCreditsLine@@@_STL@@@_STL@@QAEXABQAVCreditsLine@@@Z,0x0040CDC0,45,game/GameEngine/Source/GameClient/CreditsAddText0040D540List.cpp,reloc-derived;call-sites=2;identity=real
?update0040E680@MovieOpen0040E3B0@@QAE_N_N@Z,0x0040E680,616,game/GameEngine/Source/GameClient/MovieFrame0040E9E0.cpp,reloc-derived;call-sites=2;identity=real
??0BfmeObjEE@@QAE@XZ,0x0040F260,508,game/GameEngineDevice/Source/W3DDevice/GameClient/Gen006EF850Constructor.cpp,reloc-derived;call-sites=1;identity=real
?calcPhysicsXformHoverOrWings@Drawable@@IAEXPBVLocomotor@@AAUPhysicsXformInfo@1@@Z,0x00410E10,195,game/GameEngine/Source/GameClient/Drawable.cpp,reloc-derived;call-sites=1;identity=real
?drawAmmo@Drawable@@AAEXXZ,0x00410F90,276,game/GameEngine/Source/GameClient/Drawable_drawIconUI_Dispatch.cpp,reloc-derived;call-sites=1;identity=real
?j_00048b26@@YAXXZ,0x00411220,60,game/GameEngine/Source/GameClient/DrawableRegionRenderA.cpp,reloc-derived;call-sites=1;identity=real
?bfmeSendRC@BfmeOwnerRC@@QAEDPAVBfmeUnitRC@@PAVBfmeHolderRC@@PAX222@Z,0x00413A40,919,game/GameEngine/Source/GameClient/BfmeOwnerRCRva0041EFD0.cpp,reloc-derived;call-sites=2;identity=real
?applySecond@Rva002D9510Target@@QAEXPAVRva002D9510Value@@@Z,0x00415AA0,46,game/GameEngine/Source/GameLogic/Object/Upgrade/Rva002D9510ControlBar.cpp,reloc-derived;call-sites=1;identity=generated
?j_0000f763@@YAXXZ,0x00416820,390,game/GameEngine/Source/Common/BfmeConv892.cpp,reloc-derived;call-sites=2;identity=real
?d_00417060@@YAXXZ,0x00417060,99,game/GameEngine/Source/GameClient/MessageStream/CommandXlatVoice.cpp,reloc-derived;call-sites=1;identity=real
?Rva00417430AudioSelector@BfmeHostQR@@QAEXPAXH@Z,0x00417430,351,game/GameEngine/Source/Common/BfmeConv2143.cpp,reloc-derived;call-sites=1;identity=generated
?bfmeEmit@Gen_00417cb0@@AAEXPAX0@Z,0x00417710,681,game/GameEngine/Source/Common/Bfme/Gen_00417cb0_tail.cpp,reloc-derived;call-sites=3;identity=generated
?nearest004182A0@Object@@QAEPAV1@XZ,0x004182A0,271,game/GameEngine/Source/GameClient/DrawableNotify00419F00.cpp,reloc-derived;call-sites=2;identity=real
?drawDisabled@Drawable@@AAEXXZ,0x00420670,373,game/GameEngine/Source/GameClient/Drawable_drawIconUI_Dispatch.cpp,reloc-derived;call-sites=1;identity=real
?calcPhysicsXformThrust@Drawable@@IAEXPBVLocomotor@@AAUPhysicsXformInfo@1@@Z,0x00420B60,1740,game/GameEngine/Source/GameClient/Drawable.cpp,reloc-derived;call-sites=1;identity=real
?_bfme_serviceHighestPriorityCheck@Eva@@AAEXXZ,0x004237E0,716,game/GameEngine/Source/GameClient/EvaUpdate.cpp,reloc-derived;call-sites=1;identity=real
?_M_bkt_num_key@?$hashtable@U?$pair@$$CBVAsciiString@@PAURva00424D30Value@@@_STL@@VAsciiString@@U?$hash@VAsciiString@@@rts@@U?$_Select1st@U?$pair@$$CBVAsciiString@@PAURva00424D30Value@@@_STL@@@2@U?$equal_to@VAsciiString@@@5@V?$allocator@U?$pair@$$CBVAsciiString@@PAURva00424D30Value@@@_STL@@@2@@_STL@@ABEIABVAsciiString@@I@Z,0x00423DB0,41,game/GameEngine/Source/Common/STLAsciiStringPtrHashtableInsertUniqueNoresize00424D30.cpp,reloc-derived;call-sites=1;identity=generated
?gen00424E90@@YAPAXXZ,0x00424E90,65,game/GameEngine/Source/Common/CachedPointerFills.cpp,reloc-derived;call-sites=1;identity=generated
?reallyDoFX@ParticleSystemFXNugget@@IBEXPBUCoord3D@@PBVMatrix3D@@PBVObject@@2@Z,0x0042A270,3002,game/GameEngine/Source/GameClient/FXList.cpp,reloc-derived;call-sites=2;identity=real
?clone@FxClone0042CDF0@@QAE?AVFxHandle0042CDF0@@PBD@Z,0x0042CDF0,351,game/GameEngineDevice/Source/W3DDevice/GameClient/Drawable/Draw/FXEventParser007764E0.cpp,reloc-derived;call-sites=1;identity=real
??1Gen_dtor_00432750@@UAE@XZ,0x00431380,1040,game/gen_small/dtors_005.cpp,reloc-derived;call-sites=1;identity=generated
??0Rva00020004@@QAE@XZ,0x00433340,612,game/GameEngine/Source/Common/Rva006FB500Ctor.cpp,reloc-derived;call-sites=1;identity=generated
?setRect@Rva00435270Layout@@AAEXMMMMHH@Z,0x00433DC0,360,game/GameEngine/Source/GameClient/GUI/Rva00435270ApplyLayout.cpp,reloc-derived;call-sites=1;identity=generated
?refresh@Rva00435270Layout@@AAEXXZ,0x00435170,195,game/GameEngine/Source/GameClient/GUI/Rva00435270ApplyLayout.cpp,reloc-derived;call-sites=1;identity=generated
?publish@Rva00435A40Sink@@QAEXABV?$StringBase@G@@I@Z,0x00435A40,747,game/GameEngine/Source/GameClient/Rva006EE520SubtitleUpdate.cpp,reloc-derived;call-sites=1;identity=generated
?updateMilitarySubtitle@Rva0043E700InGameUI@@QAEXXZ,0x0043E700,995,game/GameEngine/Source/GameClient/InGameUI.cpp,reloc-derived;call-sites=1;identity=generated
?rva004498d0@Rva004488B0FourBlockRecord@@QAEXVAsciiStringBL@@H@Z,0x004498D0,302,game/GameEngine/Source/Common/BfmeSinkSubmitBL.cpp,reloc-derived;call-sites=1;identity=generated
??A?$map@VAsciiString@@V?$list@PAVSuperweaponInfo@@V?$allocator@PAVSuperweaponInfo@@@_STL@@@_STL@@U?$less@VAsciiString@@@3@V?$allocator@U?$pair@$$CBVAsciiString@@V?$list@PAVSuperweaponInfo@@V?$allocator@PAVSuperweaponInfo@@@_STL@@@_STL@@@_STL@@@3@@_STL@@QAEAAV?$list@PAVSuperweaponInfo@@V?$allocator@PAVSuperweaponInfo@@@_STL@@@1@ABVAsciiString@@@Z,0x0044C120,242,game/GameEngine/Source/GameClient/InGameUIDoXfer.cpp,reloc-derived;call-sites=1;identity=real
?d_00454b00@@YAXXZ,0x00454B00,802,game/GameEngine/Source/GameClient/MapCacheAddMap.cpp,reloc-derived;call-sites=1;identity=real
?writeCacheINI@MapCache@@AAEX_N@Z,0x004550C0,1814,game/GameEngine/Source/GameClient/MapUtil.cpp,reloc-derived;call-sites=1;identity=real
?positionStartSpots@@YAXVAsciiString@@QAPAVGameWindow@@PAV2@_N@Z,0x00455F60,1069,game/GameEngine/Source/GameClient/GUI/GUICallbacks/Menus/LanMapSelectMenu.cpp,reloc-derived;call-sites=4;identity=real
?loadUserMaps@MapCache@@AAE_NXZ,0x004577C0,288,game/GameEngine/Source/GameClient/MapUtil.cpp,reloc-derived;call-sites=1;identity=real
??$for_each@U?$_Ht_iterator@U?$pair@$$CBVAsciiString@@UWindowRecord@@@_STL@@U?$_Nonconst_traits@U?$pair@$$CBVAsciiString@@UWindowRecord@@@_STL@@@2@VAsciiString@@U?$hash@VAsciiString@@@rts@@U?$_Select1st@U?$pair@$$CBVAsciiString@@UWindowRecord@@@_STL@@@2@U?$equal_to@VAsciiString@@@6@V?$allocator@U?$pair@$$CBVAsciiString@@UWindowRecord@@@_STL@@@2@@_STL@@UNameClearFunctor00462540@@@_STL@@YA?AUNameClearFunctor00462540@@U?$_Ht_iterator@U?$pair@$$CBVAsciiString@@UWindowRecord@@@_STL@@U?$_Nonconst_traits@U?$pair@$$CBVAsciiString@@UWindowRecord@@@_STL@@@2@VAsciiString@@U?$hash@VAsciiString@@@rts@@U?$_Select1st@U?$pair@$$CBVAsciiString@@UWindowRecord@@@_STL@@@2@U?$equal_to@VAsciiString@@@6@V?$allocator@U?$pair@$$CBVAsciiString@@UWindowRecord@@@_STL@@@2@@0@0U1@@Z,0x00462540,360,game/GameEngine/Source/GameClient/GUI/AptScreenClose.cpp,reloc-derived;call-sites=1;identity=real
?bfmeLookup46C7D0@Rva00579160Manager@@QAEPAXH@Z,0x0046C7D0,272,game/GameEngine/Source/Common/Rva0046F060DrawImageAt.cpp,reloc-derived;call-sites=2;identity=generated
?j_0001df43@@YAXXZ,0x0046CF80,251,game/GameEngine/Source/GameClient/GUI/Rva00783280CallbackWrappers.cpp,reloc-derived;call-sites=1;identity=real
?getMode@Rva0046F3D0ModeSource@@QAEHXZ,0x0046F280,257,game/GameEngine/Source/Common/Rva0046F3D0DrawImageAt.cpp,reloc-derived;call-sites=1;identity=generated
??0Locomotor@@IAE@PBVLocomotorTemplate@@@Z,0x00470720,199,game/GameEngine/Source/GameLogic/Object/LocomotorStore_newLocomotor_dup.cpp,reloc-derived;call-sites=1;identity=real
?rva00478ED0@GameWindow@@QAEXP6AXPAV1@@Z@Z,0x00478ED0,13,game/GameEngine/Source/GameClient/GUI/ControlBar/ControlBar_setControlCommand_GameWindow.cpp,reloc-derived;call-sites=1;identity=generated
?dispatchFactory@Rva0078F830Owner@@QAEHPAURva0078F950Record@@HHH@Z,0x0047D2B0,471,game/GameEngine/Source/Common/Rva0078F950FactoryDispatch.cpp,reloc-derived;call-sites=1;identity=generated
?parseData@@YA_NPAPAXPAD1@Z,0x004850C0,736,game/GameEngine/Source/GameClient/GUI/GameWindowManagerScriptParseWindow.cpp,reloc-derived;call-sites=1;identity=real
??0ControlBar@@QAE@XZ,0x0049D660,787,game/GameEngine/Source/GameClient/InGameUIBodies.cpp,reloc-derived;call-sites=1;identity=real
?j_0000d495@@YAXXZ,0x004A5E30,1378,game/GameEngine/Source/GameClient/GUI/ControlBar/ControlBar.cpp,reloc-derived;call-sites=1;identity=real
?j_0000efe8@@YAXXZ,0x004A9300,634,game/GameEngine/Source/GameClient/GUI/ControlBar/ControlBar.cpp,reloc-derived;call-sites=1;identity=real
?push_back@?$list@PAVControlBarScheme@@V?$allocator@PAVControlBarScheme@@@_STL@@@_STL@@QAEXABQAVControlBarScheme@@@Z,0x004AE3F0,45,game/GameEngine/Source/GameClient/GUI/ControlBar/ControlBarScheme.cpp,reloc-derived;call-sites=1;identity=real
?bfmeTailA1044@BfmeB1044@@QAEXXZ,0x004B0850,355,game/GameEngine/Source/GameClient/GUI/AnimateButtons004B1C80.cpp,reloc-derived;call-sites=1;identity=real
?apply@Rva004B19E0@@QAEXPAX@Z,0x004B19E0,342,game/GameEngine/Source/GameClient/GUI/ControlBar/ControlBarUnderConstruction.cpp,reloc-derived;call-sites=1;identity=generated
?gen004B4010@@YAXPAX000@Z,0x004B4010,539,game/GameEngine/Source/Common/ExplicitThisForwarders.cpp,reloc-derived;call-sites=1;identity=generated
?gen004B5530@@YAXPAX000@Z,0x004B5530,951,game/GameEngine/Source/Common/ExplicitThisForwarders.cpp,reloc-derived;call-sites=1;identity=generated
?rva004BD400@@YAXPAVGameWindow@@VUnicodeString@@@Z,0x004BD400,98,game/GameEngine/Source/GameClient/GUI/GameWindowManager_gogoGadgetRadioButton.cpp,reloc-derived;call-sites=1;identity=generated
?GadgetTextEntrySetCursorPosition@@YAXPAVGameWindow@@I@Z,0x004BE210,242,game/GameEngine/Source/GameClient/GUI/Gadget/GadgetTextEntry.cpp,reloc-derived;call-sites=4;identity=real
?GadgetTextEntryUpdateComposition@@YAXPAVGameWindow@@@Z,0x004BE800,348,game/GameEngine/Source/GameClient/GUI/Gadget/GadgetTextEntryInsertCharacter.cpp,reloc-derived;call-sites=1;identity=real
?bfmeCall928E@@YAXPAVBfmeThing928E@@PAX11@Z,0x004BEBD0,126,game/GameEngine/Source/Common/BfmeConv928.cpp,reloc-derived;call-sites=1;identity=real
?bfmeShowDN@ControlBar@@QAEXPAUBfmeMsgDN@@@Z,0x004C15D0,678,game/GameEngine/Source/Common/BfmeConv1941.cpp,reloc-derived;call-sites=3;identity=real
?bfmeReg1033@@YAXP6AXXZ0@Z,0x004C6AA0,51,game/GameEngine/Source/Common/BfmeConv1033.cpp,reloc-derived;call-sites=1;identity=real
??0BfmeSetUpRankPoints@@QAE@XZ,0x004DAFA0,206,game/GameEngine/Source/GameNetwork/GameSpy/PeerDefs_SetUpGameSpy_Thunk.cpp,reloc-derived;call-sites=1;identity=real
?grabSinglePlayerInfo@@YAXXZ,0x004E8320,1002,game/GameEngine/Source/GameClient/GUI/GUICallbacks/Menus/ScoreScreenInitSinglePlayer.cpp,reloc-derived;call-sites=2;identity=real
?j_0002a112@@YAXXZ,0x004EE1C0,416,game/GameEngine/Source/GameClient/GUI/BfmeAptScreenInGameChatSend.cpp,reloc-derived;call-sites=1;identity=real
?j_00031e0d@@YAXXZ,0x005063E0,34,game/GameEngine/Source/GameClient/GUI/GUICallbacks/Menus/WOLQuickMatchMenuShutdown_Clean.cpp,reloc-derived;call-sites=2;identity=real
?j_00035701@@YAXXZ,0x005082D0,726,game/GameEngine/Source/GameClient/GUI/GUICallbacks/Menus/WOLQuickMatchMenuInitGadgets.cpp,reloc-derived;call-sites=3;identity=real
?setup@Rva0051A5A0Host@@QAEXH@Z,0x00518FF0,282,game/GameEngine/Source/Common/Rva0051A5A0HostApply.cpp,reloc-derived;call-sites=1;identity=generated
??1Gen_dtor_0051be60@@UAE@XZ,0x0051B7E0,546,game/gen_small/dtors_006.cpp,reloc-derived;call-sites=1;identity=generated
??0LoadScreen0051BF30@@QAE@I@Z,0x0051BF30,739,game/GameEngine/Source/GameLogic/System/GameLogicGetLoadScreen.cpp,reloc-derived;call-sites=2;identity=real
?getFilename@Image@@QBE?AVAsciiString@@XZ,0x00520640,32,game/GameEngine/Source/GameClient/GUI/AptPalantirConstructor.cpp,reloc-derived;call-sites=4;identity=real
?rva00521000@AptMapPreview@@QAEXPAVMapMetaData@@@Z,0x00521000,273,game/GameEngine/Source/GameClient/GUI/AptMapPreview.cpp,reloc-derived;call-sites=2;identity=generated
?rva00521390@AptMapPreview@@QAEXPAVMapMetaData@@@Z,0x00521390,591,game/GameEngine/Source/GameClient/GUI/AptMapPreview.cpp,reloc-derived;call-sites=2;identity=generated
?assign@ReferencePointerAssignmentThunk@@QAEPAU1@PBU1@@Z,0x005226A0,57,game/GameEngine/Source/Common/ReleaseWindowLayoutShim.cpp,reloc-derived;call-sites=1;identity=real
?Gen00525450@@YAHHH@Z,0x00525450,219,game/GameEngine/Source/Common/BigObfHookWrappers.cpp,reloc-derived;call-sites=1;identity=generated
?Gen00525590@@YAHHH@Z,0x00525590,220,game/GameEngine/Source/Common/BigObfHookWrappers.cpp,reloc-derived;call-sites=1;identity=generated
?Gen005256D0@@YAHHH@Z,0x005256D0,219,game/GameEngine/Source/Common/BigObfHookWrappers.cpp,reloc-derived;call-sites=1;identity=generated
?Gen00525800@@YAHHH@Z,0x00525800,220,game/GameEngine/Source/Common/BigObfHookWrappers.cpp,reloc-derived;call-sites=1;identity=generated
?bfmeFlush15@SkirmishScreenState@@QAEXXZ,0x005260F0,574,game/GameEngine/Source/GameClient/GUI/SkirmishScreenStateFlushPendingUpdates.cpp,reloc-derived;call-sites=1;identity=real
?rva00528370@SkirmishScreenState@@QAEXABVAsciiString@@@Z,0x00528370,296,game/GameEngine/Source/GameClient/GUI/SkirmishScreenStateBfmeFlush11.cpp,reloc-derived;call-sites=1;identity=generated
?dispatch@Rva00529EC0State@@QAEHHPAX0@Z,0x00529EC0,843,game/GameEngine/Source/GameClient/GUI/SkirmishProfileMessage0057E9A0.cpp,reloc-derived;call-sites=1;identity=generated
?rva0052A2E0@SkirmishScreenState@@QAEXH@Z,0x0052A2E0,1306,game/GameEngine/Source/GameClient/GUI/SkirmishScreenStateBfmeFlush11.cpp,reloc-derived;call-sites=1;identity=generated
?d_0052ae20@@YAXXZ,0x0052AE20,77,game/GameEngine/Source/GameClient/GUI/BfmeAptScreenObjectivesProvide.cpp,reloc-derived;call-sites=2;identity=real
?_M_insert_overflow@?$vector@UGen_t_0052c1e0_p4pod@@V?$allocator@UGen_t_0052c1e0_p4pod@@@_STL@@@_STL@@IAEXPAUGen_t_0052c1e0_p4pod@@ABU3@ABU__false_type@2@I_N@Z,0x0052C050,282,game/gen_small/tgrid_117.cpp,reloc-derived;call-sites=1;identity=generated
??$__uninitialized_copy@PBUGen_t_0052d610_m12cd@@PAU1@@_STL@@YAPAUGen_t_0052d610_m12cd@@PBU1@0PAU1@ABU__false_type@0@@Z,0x0052D210,120,game/gen_small/fam_013.cpp,reloc-derived;call-sites=1;identity=generated
??$__uninitialized_copy@PBUGen_t_00531f10_m12cd@@PAU1@@_STL@@YAPAUGen_t_00531f10_m12cd@@PBU1@0PAU1@ABU__false_type@0@@Z,0x005313B0,627,game/gen_small/fam_014.cpp,reloc-derived;call-sites=1;identity=generated
?rva00536870@@YAXXZ,0x00536870,240,game/GameEngine/Source/Common/Rva00536DB0Call.cpp,reloc-derived;call-sites=1;identity=generated
?j_00014709@@YAXXZ,0x00538530,276,game/GameEngine/Source/GameClient/GUI/OnlineStateUpdate00544E40.cpp,reloc-derived;call-sites=1;identity=real
?bfmeFill1031@@YAXPAVBfmeG1031@@PAH@Z,0x0053CA40,262,game/GameEngine/Source/Common/BfmeConv1031.cpp,reloc-derived;call-sites=1;identity=real
?j_00017481@@YAXXZ,0x0053E870,1090,game/GameEngine/Source/GameClient/GUI/OnlineStateUpdate00544E40.cpp,reloc-derived;call-sites=1;identity=real
?j_000080ad@@YAXXZ,0x005406E0,560,game/GameEngine/Source/GameClient/GUI/OnlineStateUpdate00544E40.cpp,reloc-derived;call-sites=1;identity=real
??0S4Guarded0055BCA0@@QAE@H@Z,0x00545310,1935,game/GameEngine/Source/Common/S4GuardedNewWithOneArg.cpp,reloc-derived;call-sites=1;identity=real
?j_00047974@@YAXXZ,0x00545DE0,345,game/GameEngine/Source/GameClient/GUI/OnlineHomeRefresh00547730.cpp,reloc-derived;call-sites=4;identity=real
?Gen0054BCA0@@YAHHH@Z,0x0054BCA0,219,game/GameEngine/Source/Common/BigObfHookWrappers.cpp,reloc-derived;call-sites=1;identity=generated
?Gen0054BDD0@@YAHHH@Z,0x0054BDD0,215,game/GameEngine/Source/Common/BigObfHookWrappers.cpp,reloc-derived;call-sites=1;identity=generated
?Gen0054BF00@@YAHHH@Z,0x0054BF00,215,game/GameEngine/Source/Common/BigObfHookWrappers.cpp,reloc-derived;call-sites=1;identity=generated
?Gen0054C030@@YAHHH@Z,0x0054C030,219,game/GameEngine/Source/Common/BigObfHookWrappers.cpp,reloc-derived;call-sites=1;identity=generated
?Gen0054C170@@YAHHH@Z,0x0054C170,220,game/GameEngine/Source/Common/BigObfHookWrappers.cpp,reloc-derived;call-sites=1;identity=generated
?Gen0054C2B0@@YAHHH@Z,0x0054C2B0,215,game/GameEngine/Source/Common/BigObfHookWrappers.cpp,reloc-derived;call-sites=1;identity=generated
?Gen0054C3E0@@YAHHH@Z,0x0054C3E0,216,game/GameEngine/Source/Common/BigObfHookWrappers.cpp,reloc-derived;call-sites=1;identity=generated
?Gen0054C510@@YAHHH@Z,0x0054C510,216,game/GameEngine/Source/Common/BigObfHookWrappers.cpp,reloc-derived;call-sites=1;identity=generated
?Gen0054C640@@YAHHH@Z,0x0054C640,220,game/GameEngine/Source/Common/BigObfHookWrappers.cpp,reloc-derived;call-sites=1;identity=generated
?Gen0054C780@@YAHHH@Z,0x0054C780,216,game/GameEngine/Source/Common/BigObfHookWrappers.cpp,reloc-derived;call-sites=1;identity=generated
?_bfme_populateCountryList@BfmeAptScreenOnlineLogin@@QAEXXZ,0x005506F0,791,game/GameEngine/Source/GameClient/GUI/BfmeAptScreenOnlineLogin_onInitGadget.cpp,reloc-derived;call-sites=1;identity=real
?setup@OnlineQuickMatchColorSetup@@QAEXXZ,0x00558BE0,335,game/GameEngine/Source/GameClient/GUI/OnlineQuickMatchInitGadget.cpp,reloc-derived;call-sites=1;identity=real
?_bfme_sendStartQuickMatchRequest@BfmeAptScreenOnlineQuickMatch@@QAEXXZ,0x0055B200,1552,game/GameEngine/Source/GameClient/GUI/BfmeAptScreenOnlineQuickMatchUpdate.cpp,reloc-derived;call-sites=1;identity=real
?getPristineMapName@GameState@@QAE?AVAsciiString@@XZ,0x00569D50,32,game/GameEngine/Source/GameClient/GUI/GUICallbacks/Menus/RestartMissionMenu.cpp,reloc-derived;call-sites=2;identity=real
?rva00569D80@@YAXXZ,0x00569D80,68,game/GameEngine/Source/GameClient/MessageStream/CommandXlat.cpp,reloc-derived;call-sites=1;identity=generated
?Gen0056C3F0@@YAHHH@Z,0x0056C3F0,219,game/GameEngine/Source/Common/BigObfHookWrappers.cpp,reloc-derived;call-sites=1;identity=generated
?Gen0056C530@@YAHHH@Z,0x0056C530,220,game/GameEngine/Source/Common/BigObfHookWrappers.cpp,reloc-derived;call-sites=1;identity=generated
?Gen0056C670@@YAHHH@Z,0x0056C670,219,game/GameEngine/Source/Common/BigObfHookWrappers.cpp,reloc-derived;call-sites=1;identity=generated
?Gen0056C7A0@@YAHHH@Z,0x0056C7A0,220,game/GameEngine/Source/Common/BigObfHookWrappers.cpp,reloc-derived;call-sites=1;identity=generated
??1Gen_dtor_0056e830@@UAE@XZ,0x0056E230,753,game/gen_small/dtors_006.cpp,reloc-derived;call-sites=1;identity=generated
??0BfmeAptScreenSaveLoad@@QAE@PAX@Z,0x0056E980,1719,game/GameEngine/Source/GameClient/GUI/AptScreenFactories.cpp,reloc-derived;call-sites=1;identity=real
?prepareFinish@Rva56E070StateOwner@@QAEXXZ,0x0056F1F0,2280,game/GameEngine/Source/GameClient/GUI/Rva56E070StateDispatch.cpp,reloc-derived;call-sites=1;identity=real
?_M_insert_overflow@?$vector@UGen_t_00574d30_p8pod@@V?$allocator@UGen_t_00574d30_p8pod@@@_STL@@@_STL@@IAEXPAUGen_t_00574d30_p8pod@@ABU3@ABU__false_type@2@I_N@Z,0x005740A0,302,game/gen_small/tgrid_134.cpp,reloc-derived;call-sites=1;identity=generated
?_bfme_populateSinglePlayer@BfmeAptScreenScoreScreen@@QAEXXZ,0x00575B70,3400,game/GameEngine/Source/GameClient/GUI/GUICallbacks/Apt/AptScoreScreen.cpp,reloc-derived;call-sites=1;identity=real
?j_000490a8@@YA_NXZ,0x005778E0,1636,game/GameEngine/Source/Common/BfmeConv1076.cpp,reloc-derived;call-sites=1;identity=real
?_bfme_updateProfileDisplay@BfmeAptScreenSkirmish@@QAEXXZ,0x0057A470,5296,game/GameEngine/Source/GameClient/GUI/BfmeAptScreenSkirmishRva0057BE50.cpp,reloc-derived;call-sites=3;identity=real
??1Gen_dtor_00580840@@UAE@XZ,0x00580830,12,game/gen_small/dtors_006.cpp,reloc-derived;call-sites=1;identity=generated
?BfmeRva00583330TailCopy@_STL@@YAPAVRva00583330Element@@PAV2@00ABU__false_type@1@@Z,0x00581C50,48,game/GameEngine/Source/Common/Rva00583330VectorInsertOverflowBody.cpp,reloc-derived;call-sites=1;identity=generated
?bfmeUseDXI@BfmeGlobDXI@@QAEXH@Z,0x00583190,287,game/GameEngine/Source/Common/BfmeConv794.cpp,reloc-derived;call-sites=1;identity=real
??$__uninitialized_copy@PBUGen_t_005859c0_m12cd@@PAU1@@_STL@@YAPAUGen_t_005859c0_m12cd@@PBU1@0PAU1@ABU__false_type@0@@Z,0x00585310,120,game/gen_small/fam_014.cpp,reloc-derived;call-sites=1;identity=generated
?appendText005867D0@@YAXAAVUnicodeString@@ABVAsciiString@@HABV1@@Z,0x005867D0,185,game/GameEngine/Source/GameClient/GUI/PopupCountdown005868D0.cpp,reloc-derived;call-sites=4;identity=real
?_M_insert_overflow@?$vector@UGen_t_00587480_m4pod@@V?$allocator@UGen_t_00587480_m4pod@@@_STL@@@_STL@@IAEXPAUGen_t_00587480_m4pod@@ABU3@ABU__false_type@2@I_N@Z,0x00587230,282,game/GameEngine/Source/Common/Gen00587600Apply.cpp,reloc-derived;call-sites=2;identity=generated
?bfmeCallDUL@@YGXPAXPBX@Z,0x0058C2B0,170,game/GameEngine/Source/Common/BfmeConv785.cpp,reloc-derived;call-sites=5;identity=real
?Gen0058C6C0@@YAHHH@Z,0x0058C6C0,215,game/GameEngine/Source/Common/BigObfHookWrappers.cpp,reloc-derived;call-sites=1;identity=generated
?Gen0058C7F0@@YAHHH@Z,0x0058C7F0,216,game/GameEngine/Source/Common/BigObfHookWrappers.cpp,reloc-derived;call-sites=1;identity=generated
?Gen0058C920@@YAHHH@Z,0x0058C920,216,game/GameEngine/Source/Common/BigObfHookWrappers.cpp,reloc-derived;call-sites=1;identity=generated
?rva005900C0@Rva00593E60State@@QAEXPAVRva0058BE30FourString@@@Z,0x005900C0,764,game/GameEngine/Source/GameClient/Rva00593E60HelpBoxRecordUpdate.cpp,reloc-derived;call-sites=1;identity=generated
?j_0002f51d@@YAXXZ,0x00590480,498,game/GameEngine/Source/GameClient/GameClientUpdate00598950.cpp,reloc-derived;call-sites=1;identity=real
?j_0003760a@@YAXXZ,0x00591640,319,game/GameEngine/Source/GameClient/GameClientDestructor.cpp,reloc-derived;call-sites=1;identity=real
?rva00593440@@YA?AURva00593440Record@@PAVObject@@@Z,0x00593440,482,game/GameEngine/Source/GameClient/GUI/AptPalantirRva00594740.cpp,reloc-derived;call-sites=3;identity=generated
?bfmeUnlinkBU@BfmeSubBU@@QAEXPAVBfmeHostBU@@@Z,0x00594FD0,308,game/GameEngine/Source/Common/BfmeConv1919.cpp,reloc-derived;call-sites=1;identity=real
?j_00034a86@@YAXXZ,0x00595E60,1350,game/GameEngine/Source/GameClient/GameClientUpdate00598950.cpp,reloc-derived;call-sites=1;identity=real
?j_0003f198@@YAXXZ,0x00597A30,961,game/GameEngine/Source/GameClient/GameClientUpdate00598950.cpp,reloc-derived;call-sites=1;identity=real
??0GameClient@@QAE@XZ,0x00597FC0,1953,game/GameEngine/Source/GameClient/GUI/AptPalantirConstructor.cpp,reloc-derived;call-sites=1;identity=real
??1ButtonFlashTransition@@MAE@XZ,0x0059A690,18,game/GameEngine/Source/GameClient/GUI/ButtonFlashTransitionDeletingDestructor.cpp,reloc-derived;call-sites=1;identity=real
?Rva005A00B0FlagVolume@@YAMH@Z,0x0059FF70,250,game/GameEngine/Source/Common/SmallGaps/Rva005A00B0UpdateAudioFlags.cpp,reloc-derived;call-sites=2;identity=generated
?setCursorTooltip@Mouse@@QAEXVUnicodeString@@HPBURGBColor@@M@Z,0x005A56F0,481,game/GameEngine/Source/GameClient/GUI/FadeScreenRegionToMapBlack.cpp,reloc-derived;call-sites=29;identity=real
?setMouseText@Mouse@@QAEXVUnicodeString@@PBURGBAColorInt@@1@Z,0x005A5950,178,game/GameEngine/Source/Common/Rva0060EE80Manager.cpp,reloc-derived;call-sites=3;identity=real
?setCursor@Mouse@@UAEXW4MouseCursor@1@@Z,0x005A5A30,140,game/GameEngineDevice/Source/W3DDevice/GameClient/W3DMouse.cpp,reloc-derived;call-sites=3;identity=real
?rva005A9C90@CommandTranslator@@AAEXPBVGameMessage@@@Z,0x005A9C90,159,game/GameEngine/Source/GameClient/MessageStream/CommandXlat.cpp,reloc-derived;call-sites=1;identity=generated
?evaluateContextCommand@CommandTranslator@@AAE?AW4CommandEvaluateType@@PAVDrawable@@PBVCoord3D@@W42@@Z,0x005ADE90,5859,game/GameEngine/Source/GameClient/MessageStream/CommandXlat.cpp,reloc-derived;call-sites=3;identity=real
?Rva005B18C0@@YA?AW4CommandStatus@@PBVCommandButton@@PBUICoord2D@@@Z,0x005B18C0,179,game/GameEngine/Source/GameClient/MessageStream/Rva005B1C70.cpp,reloc-derived;call-sites=1;identity=generated
?dispatch@BfmeTransitionMD@@QAE_NPAVAsciiString@@_N@Z,0x005B3AD0,687,game/GameEngine/Source/GameClient/MessageStream/HotKeyTranslator_translateGameMessage_Thunk.cpp,reloc-derived;call-sites=1;identity=real
?rva005B4D40@Calls004329D0@@QAEXXZ,0x005B4D40,902,game/GameEngine/Source/GameClient/ClientUpdate004329D0.cpp,reloc-derived;call-sites=1;identity=generated
?rva005B5590@Calls004329D0@@QAEXXZ,0x005B5590,1791,game/GameEngine/Source/GameClient/ClientUpdate004329D0.cpp,reloc-derived;call-sites=1;identity=generated
??1Campaign@@UAE@XZ,0x005BC020,186,game/GameEngine/Source/GameClient/System/CampaignDeletingDestructor.cpp,reloc-derived;call-sites=1;identity=real
?computeParticleVelocity@ParticleSystem@@IAE?AUCoord3D@@PBU2@@Z,0x005C3630,104,game/GameEngine/Source/GameClient/System/ParticleSystem_generateParticleInfo_BFME.cpp,reloc-derived;call-sites=1;identity=real
??$make_pair@VAsciiString@@PAVParticleSystemTemplate@@@_STL@@YA?AU?$pair@VAsciiString@@PAVParticleSystemTemplate@@@0@ABVAsciiString@@ABQAVParticleSystemTemplate@@@Z,0x005C42E0,40,game/GameEngine/Source/GameClient/System/ParticleSystemManager_bfmeRegisterEAU.cpp,reloc-derived;call-sites=2;identity=real
??$make_pair@VAsciiString@@H@_STL@@YA?AU?$pair@VAsciiString@@H@0@ABVAsciiString@@ABH@Z,0x005C4350,40,game/GameEngine/Source/GameClient/System/ParticleSystemDebugDisplay.cpp,reloc-derived;call-sites=1;identity=real
??$make_pair@VAsciiString@@I@_STL@@YA?AU?$pair@VAsciiString@@I@0@ABVAsciiString@@ABI@Z,0x005C4390,40,game/GameEngine/Source/GameClient/System/ParticleSystemDebugDisplay.cpp,reloc-derived;call-sites=1;identity=real
??$make_pair@VAsciiString@@M@_STL@@YA?AU?$pair@VAsciiString@@M@0@ABVAsciiString@@ABM@Z,0x005C43D0,40,game/GameEngine/Source/GameClient/System/ParticleSystemDebugDisplay.cpp,reloc-derived;call-sites=1;identity=real
?update@Rva005CCA10Particle@@QAE_NXZ,0x005CC6C0,324,game/GameEngine/Source/GameClient/System/Rva005CCA10ParticleSystemUpdate.cpp,reloc-derived;call-sites=1;identity=generated
??1ParticleSystem@@MAE@XZ,0x005CE090,623,game/GameEngine/Source/GameClient/System/ParticleSystemDeletingDestructor.cpp,reloc-derived;call-sites=1;identity=real
?j_0003e59f@@YAXXZ,0x005D0950,834,game/GameEngine/Source/GameClient/System/ParticleSystemUpdate.cpp,reloc-derived;call-sites=1;identity=real
??1Gen_dtor_005ebc60@@UAE@XZ,0x005E23D0,100,game/gen_small/dtors_007.cpp,reloc-derived;call-sites=1;identity=generated
??1Gen_dtor_005ecdf0@@UAE@XZ,0x005E2C70,139,game/gen_small/dtors_007.cpp,reloc-derived;call-sites=1;identity=generated
??1Gen_dtor_005ed200@@UAE@XZ,0x005E2D20,139,game/gen_small/dtors_007.cpp,reloc-derived;call-sites=1;identity=generated
??0CompositeRenderObjClass@@QAE@ABV0@@Z,0x005EC3E0,128,game/Libraries/Source/WWVegas/WW3D2/DistLODClassCopyCtor.cpp,reloc-derived;call-sites=1;identity=real
??0Rva005EE8A0@@QAE@PAXPAVV3HostRva005E7420@@@Z,0x005EE8A0,285,game/GameEngine/Source/Common/V3NewInlineCtorFactories.cpp,reloc-derived;call-sites=1;identity=generated
??0BaseY005E5D90@@QAE@PAVOwnerY005E5D90@@@Z,0x005EFF60,349,game/GameEngine/Source/Common/Q4NewInlineCtorAdjusted.cpp,reloc-derived;call-sites=1;identity=real
??0Rva006008D0@@QAE@PAXPAVV3HostRva005E7AD0@@@Z,0x006008D0,178,game/GameEngine/Source/Common/V3NewInlineCtorFactories.cpp,reloc-derived;call-sites=1;identity=generated
??0BaseY005E7940@@QAE@PAVOwnerY005E7940@@@Z,0x006009B0,440,game/GameEngine/Source/Common/Q4NewInlineCtorAdjusted.cpp,reloc-derived;call-sites=1;identity=real
?getBridgeModelNameDamaged@TerrainRoadType@@QAE?AVAsciiString@@XZ,0x006015F0,32,game/GameEngine/Source/GameClient/Terrain/TerrainRoads.cpp,reloc-derived;call-sites=1;identity=real
?getTextureDamaged@TerrainRoadType@@QAE?AVAsciiString@@XZ,0x00601680,32,game/GameEngine/Source/GameClient/Terrain/TerrainRoads.cpp,reloc-derived;call-sites=1;identity=real
?getTextureReallyDamaged@TerrainRoadType@@QAE?AVAsciiString@@XZ,0x006016B0,32,game/GameEngine/Source/GameClient/Terrain/TerrainRoads.cpp,reloc-derived;call-sites=1;identity=real
?getTextureBroken@TerrainRoadType@@QAE?AVAsciiString@@XZ,0x006016E0,32,game/GameEngine/Source/GameClient/Terrain/TerrainRoads.cpp,reloc-derived;call-sites=1;identity=real
?update006059F0@Node004092A0@@QAEXXZ,0x006059F0,896,game/GameEngine/Source/Common/SpatialList004092A0.cpp,reloc-derived;call-sites=1;identity=real
?j_0003d893@@YAXXZ,0x0060B900,147,game/GameEngine/Source/Common/Rva003A3DC0.cpp,reloc-derived;call-sites=1;identity=real
?rva0060d5a0@BfmeGameCW@@QAE_NI@Z,0x0060D5A0,5,game/GameEngine/Source/Common/Rva00618740MoveArmyToPosition.cpp,reloc-derived;call-sites=2;identity=generated
?j_00016dec@@YAXXZ,0x0060F3C0,184,game/GameEngine/Source/Common/Rva003C2530GameClientUpdate.cpp,reloc-derived;call-sites=1;identity=real
?j_000309ea@@YAXXZ,0x00613D60,516,game/GameEngine/Source/Common/Rva003C2530GameClientUpdate.cpp,reloc-derived;call-sites=1;identity=real
?registerItem@BfmeSinkAM@@QAEXHPAVGen_003BEA30@@H@Z,0x006176A0,700,game/GameEngine/Source/Common/Gen_003BEBA0Add.cpp,reloc-derived;call-sites=4;identity=generated
??1Gen_dtor_00618570@@UAE@XZ,0x00617FB0,1168,game/gen_small/dtors_007.cpp,reloc-derived;call-sites=1;identity=generated
??1Gen_dtor_00618860@@UAE@XZ,0x00618660,31,game/gen_small/dtors_007.cpp,reloc-derived;call-sites=1;identity=generated
?rva0001895d@Rva00615D50Object@@QAE?AUCoord3D@@XZ,0x006186C0,97,game/GameEngine/Source/GameLogic/LivingWorld/LivingWorldManagerRva00615D50.cpp,reloc-derived;call-sites=2;identity=generated
?rva0004a444@Rva00615D50Object@@QAE_NPBUICoord2D@@@Z,0x00618C90,276,game/GameEngine/Source/GameLogic/LivingWorld/LivingWorldManagerRva00615D50.cpp,reloc-derived;call-sites=1;identity=generated
?Gen00619540@@YAHHH@Z,0x00619540,215,game/GameEngine/Source/Common/BigObfHookWrappers.cpp,reloc-derived;call-sites=1;identity=generated
??0Rva0061AF80Region@@QAE@ABVAsciiString@@@Z,0x0061AF80,304,game/GameEngine/Source/GameLogic/LivingWorld/LivingWorldRegionManager_ParseNamedSubBlock.cpp,reloc-derived;call-sites=1;identity=generated
?j_00002e46@@YAXXZ,0x0061B500,894,game/GameEngine/Source/GameLogic/LivingWorld/LivingWorldLogicRva003C3850.cpp,reloc-derived;call-sites=1;identity=real
??1LivingWorldSound@@UAE@XZ,0x0061BD90,179,game/GameEngine/Source/GameLogic/LivingWorld/LivingWorldSoundDeletingDestructor.cpp,reloc-derived;call-sites=1;identity=real
?getConstSlot@GameInfo@@QBEPBVGameSlot@@H@Z,0x0061E8E0,25,game/GameEngine/Source/GameClient/GUI/BfmeAptScreenMapTransferConstructor.cpp,reloc-derived;call-sites=3;identity=real
??0IPEnumeration@@QAE@XZ,0x00624B90,13,game/GameEngine/Source/GameClient/GUI/GUICallbacks/Apt/AptLanLobby.cpp,reloc-derived;call-sites=9;identity=real
?_M_insert@?$_Rb_tree@PAVGameWindow@@PAV1@U?$_Identity@PAVGameWindow@@@_STL@@U?$less@PAVGameWindow@@@3@V?$allocator@PAVGameWindow@@@3@@_STL@@AAE?AU?$_Rb_tree_iterator@PAVGameWindow@@U?$_Nonconst_traits@PAVGameWindow@@@_STL@@@2@PAU_Rb_tree_node_base@2@0ABQAVGameWindow@@0@Z,0x006257F0,179,game/GameEngine/Source/GameNetwork/GameSpy/GameWindowTreeInsertUnique.cpp,reloc-derived;call-sites=1;identity=real
?OnProgressUpdate@DownloadManagerProgressView@@QAEJHHHH@Z,0x00626980,5,game/GameEngine/Source/GameClient/GUI/GUICallbacks/Menus/DownloadMenu.cpp,reloc-derived;call-sites=1;identity=real
?j_00049c4c@@YAXXZ,0x00627520,32,game/GameEngine/Source/Common/StaticInit/Rva00C6C3F0Init.cpp,reloc-derived;call-sites=1;identity=real
?push_back@?$list@PAVLadderInfo@@V?$allocator@PAVLadderInfo@@@_STL@@@_STL@@QAEXABQAVLadderInfo@@@Z,0x0062A790,45,game/GameEngine/Source/GameNetwork/GameSpy/LadderListConstructor.cpp,reloc-derived;call-sites=3;identity=real
?j_0001ccba@@YAXXZ,0x0062A7D0,248,game/GameEngine/Source/GameClient/GUI/GUICallbacks/Menus/WOLQuickMatchPopulateLadder.cpp,reloc-derived;call-sites=2;identity=real
?RefreshGameListBox@@YAXPAVGameWindow@@_N@Z,0x0062E2E0,418,game/GameEngine/Source/GameNetwork/GameSpy/LobbyUtils.cpp,reloc-derived;call-sites=7;identity=real
?d_006304a0@@YAXXZ,0x006304A0,218,game/GameEngine/Source/GameClient/GUI/AptMainMenuReplayAndOnline.cpp,reloc-derived;call-sites=1;identity=real
?connectCallback@BuddyThreadClass@@QAEXPAVGPConnection@@PAUGPConnectResponseArg@@@Z,0x0063E490,1042,game/GameEngine/Source/GameNetwork/GameSpy/Thread/BuddyThread.cpp,reloc-derived;call-sites=1;identity=real
?bfmeInvoke@Gen_0064C6A0Target@@QAEXPAX0@Z,0x00649790,659,game/GameEngine/Source/Common/S3GuardedDispatchers.cpp,reloc-derived;call-sites=1;identity=generated
?handleLadderRankResponse@Rva0065B350@@QAEHPAXHPBDHH@Z,0x0065B100,466,game/GameEngine/Source/GameNetwork/Rva0065B350MapLookupResponse.cpp,reloc-derived;call-sites=1;identity=generated
?pop@?$queue@VPingRequest@@V?$deque@VPingRequest@@V?$allocator@VPingRequest@@@_STL@@@_STL@@@_STL@@QAEXXZ,0x00660410,75,game/GameEngine/Source/GameNetwork/GameSpy/Thread/PingThread.cpp,reloc-derived;call-sites=1;identity=real
?pop@?$queue@VPingResponse@@V?$deque@VPingResponse@@V?$allocator@VPingResponse@@@_STL@@@_STL@@@_STL@@QAEXXZ,0x006605B0,75,game/GameEngine/Source/GameNetwork/GameSpy/Thread/PingThread.cpp,reloc-derived;call-sites=1;identity=real
?ConstructNetCommandMsgFromRawData@NetPacket@@SAPAVNetCommandRef@@PAEG@Z,0x0067EE40,937,game/GameEngine/Source/GameNetwork/NetCommandWrapperList_getReadyCommands.cpp,reloc-derived;call-sites=1;identity=real
?getCommandList@NetPacket@@QAEPAVNetCommandList@@XZ,0x00680980,1380,game/GameEngine/Source/GameNetwork/Connection_sendNetCommandMsg.cpp,reloc-derived;call-sites=2;identity=real
?writeLANGameInfo@@YAXPBVLANGameInfo@@PADI@Z,0x0068E090,1037,game/GameEngine/Source/GameNetwork/LANAPISendPath.cpp,reloc-derived;call-sites=3;identity=real
?ParseGameOptionsString@@YA_NPAVLANGameInfo@@VAsciiString@@PADI@Z,0x00690490,954,game/GameEngine/Source/GameNetwork/LANAPIhandlers_handleGameAnnounce_Thunk.cpp,reloc-derived;call-sites=2;identity=real
?notify@Gen0002857EOwner@@QAEXPAVGen0002857E@@@Z,0x00693EC0,191,game/GameEngine/Source/Common/Gen0002857ERelease.cpp,reloc-derived;call-sites=1;identity=generated
?run@Rva00694570@@QAEXXZ,0x00694570,315,game/GameEngine/Source/Common/Rva00694700Call.cpp,reloc-derived;call-sites=1;identity=generated
?j_0003f6fc@@YAXXZ,0x00695B80,382,game/GameEngineDevice/Source/MilesAudioDevice/MilesAudioManagerRva006AF840.cpp,reloc-derived;call-sites=2;identity=real
?j_0000b60e@@YAXXZ,0x00696810,73,game/GameEngineDevice/Source/MilesAudioDevice/StartAudioStream006AE2C0.cpp,reloc-derived;call-sites=1;identity=real
?j_00047f3c@@YAXXZ,0x00699AF0,63,game/GameEngine/Source/Common/Rva006B4970SetClient.cpp,reloc-derived;call-sites=5;identity=real
?j_00037ac9@@YAXXZ,0x0069AE40,90,game/GameEngineDevice/Source/MilesAudioDevice/Rva006B9320RequestDispatch.cpp,reloc-derived;call-sites=1;identity=real
?notify@Rva0069F4D0Block@@QAEXPAXH@Z,0x0069F3B0,181,game/GameEngine/Source/Common/Rva0069F4D0ChannelNotify.cpp,reloc-derived;call-sites=2;identity=generated
?bfmePrep@Gen_006A6AF0@@QAEXHH@Z,0x0069F5D0,295,game/GameEngine/Source/Common/Bfme/Rva006A6AF0Grid.cpp,reloc-derived;call-sites=5;identity=generated
?push_back@?$list@PAURequest006AD790@@V?$allocator@PAURequest006AD790@@@_STL@@@_STL@@QAEXABQAURequest006AD790@@@Z,0x0069FCD0,45,game/GameEngineDevice/Source/MilesAudioDevice/SubmitAudioEvent006AD790.cpp,reloc-derived;call-sites=1;identity=real
?rva006A1C60@Rva006B3F90Owner@@QAEXPAURva006B3F90Wrapper@@PAE@Z,0x006A1C60,745,game/GameEngineDevice/Source/MilesAudioDevice/Rva006B3F90InitFilters3D.cpp,reloc-derived;call-sites=1;identity=generated
?rva006A20D0@MilesAudioManager@@QAE_NIPAX0@Z,0x006A20D0,1320,game/GameEngineDevice/Source/MilesAudioDevice/MilesAudioManagerIsCurrentlyPlaying.cpp,reloc-derived;call-sites=1;identity=generated
?rva006A59F0@MilesAudioManager@@QAEXPAVPlayingAudio@@@Z,0x006A59F0,885,game/GameEngineDevice/Source/MilesAudioDevice/MilesAudioManagerRva006A5E60.cpp,reloc-derived;call-sites=6;identity=generated
?_M_insert_overflow@?$vector@UGen_t_006aadf0_p8pod@@V?$allocator@UGen_t_006aadf0_p8pod@@@_STL@@@_STL@@IAEXPAUGen_t_006aadf0_p8pod@@ABU3@ABU__false_type@2@I_N@Z,0x006A7400,302,game/gen_small/tgrid_135.cpp,reloc-derived;call-sites=1;identity=generated
?add@Rva006ABFD0@@AAEXPAVRva006ABFD0Slot@@@Z,0x006ABDA0,437,game/GameEngine/Source/GameClient/Rva006ABFD0AudioLoop.cpp,reloc-derived;call-sites=2;identity=generated
?adjust@Rva006AE150Entry@@QAEMPAVRva006AE150Argument@@@Z,0x006ACD70,153,game/GameEngine/Source/Common/Rva006AE150ScaledValue.cpp,reloc-derived;call-sites=1;identity=generated
?j_0002d17d@@YAXXZ,0x006AFD00,1027,game/GameEngineDevice/Source/MilesAudioDevice/Rva006B9320RequestDispatch.cpp,reloc-derived;call-sites=1;identity=real
?j_00021ff3@@YAXXZ,0x006B15A0,184,game/GameEngineDevice/Source/MilesAudioDevice/SampleStarter006B4090.cpp,reloc-derived;call-sites=1;identity=real
?j_00015fc3@@YAXXZ,0x006B1690,695,game/GameEngineDevice/Source/MilesAudioDevice/Rva006B9320RequestDispatch.cpp,reloc-derived;call-sites=1;identity=real
?j_00023d21@@YAXXZ,0x006B24D0,1772,game/GameEngine/Source/Common/Rva006B4310EntryUpdate.cpp,reloc-derived;call-sites=3;identity=real
?initializeRva006B3C50@@YGXPAX@Z,0x006B2FC0,2568,game/GameEngine/Source/Common/Rva006B3C50Reset.cpp,reloc-derived;call-sites=10;identity=generated
?j_0001dff2@@YAXXZ,0x006B5900,304,game/GameEngineDevice/Source/MilesAudioDevice/BufferedStreamStarter006B7E70.cpp,reloc-derived;call-sites=1;identity=real
?j_00029910@@YAXXZ,0x006B5A80,1480,game/GameEngineDevice/Source/MilesAudioDevice/BufferedStreamStarter006B7E70.cpp,reloc-derived;call-sites=1;identity=real
?bfmeCall935A@BfmeGlob935A@@QAEXXZ,0x006B61C0,558,game/GameEngine/Source/Common/BfmeConv935.cpp,reloc-derived;call-sites=1;identity=real
?canPlayNow@SoundManager@@QAE_NPAVAudioEventRTS@@@Z,0x006B64A0,404,game/GameEngineDevice/Source/MilesAudioDevice/MilesAudioManagerRequests.cpp,reloc-derived;call-sites=1;identity=real
?j_00044661@@YAXXZ,0x006B7AE0,187,game/GameEngineDevice/Source/MilesAudioDevice/MilesAudioManagerRva006B86D0.cpp,reloc-derived;call-sites=1;identity=real
?j_000147f9@@YAXXZ,0x006B8A60,379,game/GameEngineDevice/Source/MilesAudioDevice/Rva006B9320RequestDispatch.cpp,reloc-derived;call-sites=1;identity=real
?removeParentObject@W3DGhostObject@@IAEXXZ,0x006BC750,72,game/GameEngineDevice/Source/W3DDevice/GameLogic/W3DGhostObjectSetLocalPlayerIndex.cpp,reloc-derived;call-sites=1;identity=real
??$__copy_ptrs@PBUGen_t_006bea40_p8pod@@PAU1@@_STL@@YAPAUGen_t_006bea40_p8pod@@PBU1@0PAU1@ABU__false_type@0@@Z,0x006BE5A0,46,game/gen_small/tgrid_121.cpp,reloc-derived;call-sites=2;identity=generated
?rva006C96B0@BaseHeightMapRenderObjClass@@IAEXXZ,0x006C96B0,1578,game/GameEngineDevice/Source/W3DDevice/GameClient/BaseHeightMapRenderTrees.cpp,reloc-derived;call-sites=1;identity=generated
?rva006DC970@Rva006DED60RoadBuffer@@QAEXPAX0@Z,0x006DC970,5758,game/GameEngineDevice/Source/W3DDevice/GameClient/Gen_006CDF70Target_bfmeInvoke.cpp,reloc-derived;call-sites=1;identity=generated
?build@Rva006E0580State@@QAEXPAVGen_006DFC60@@@Z,0x006E0580,3400,game/GameEngineDevice/Source/W3DDevice/GameClient/W3DViewBuildCameraTransformBfme.cpp,reloc-derived;call-sites=1;identity=generated
?getText@SubtitleEntry@@QBE?AVAsciiString@@XZ,0x006ED320,32,game/GameEngine/Source/GameClient/SubtitleManagerAccessors.cpp,reloc-derived;call-sites=1;identity=real
?perNode@Rva006F8F00Payload@@QAEXPAX0PAH1@Z,0x006F8E60,121,game/GameEngineDevice/Source/W3DDevice/GameClient/Rva006F8F00Owner_updateBuffers.cpp,reloc-derived;call-sites=1;identity=generated
?push_back@?$list@PAVBaseHeightMapFloorElement@@V?$allocator@PAVBaseHeightMapFloorElement@@@_STL@@@_STL@@QAEXABQAVBaseHeightMapFloorElement@@@Z,0x006F91A0,45,game/GameEngine/Source/Common/Rva006F9900AddElement.cpp,reloc-derived;call-sites=1;identity=real
?j_0000b0af@@YAXXZ,0x006FD700,524,game/GameEngineDevice/Source/W3DDevice/GameClient/Rva006FDCB0CameraProjection.cpp,reloc-derived;call-sites=1;identity=real
?j_0003d01e@@YAXXZ,0x006FF160,3023,game/GameEngineDevice/Source/W3DDevice/GameClient/Rva00700030Initialize.cpp,reloc-derived;call-sites=1;identity=real
?getPath@RoadType@@QAEPAVBfmeRoadPath@@PAV2@@Z,0x00707F00,32,game/GameEngineDevice/Source/W3DDevice/GameClient/W3DRoadBuffer.cpp,reloc-derived;call-sites=1;identity=real
?j_00017238@@YAXXZ,0x00713780,2478,game/GameEngineDevice/Source/W3DDevice/GameClient/RTS3DSceneCustomizedRender.cpp,reloc-derived;call-sites=4;identity=real
?startRenderToTexture@W3DShaderManager@@SAXXZ,0x007171F0,445,game/GameEngineDevice/Source/W3DDevice/GameClient/W3DShaderManager.cpp,reloc-derived;call-sites=5;identity=real
?LoadAndCreateD3DShader@BfmeShaderLoader16@@SAHPBDPAI@Z,0x00718B70,424,game/GameEngineDevice/Source/W3DDevice/GameClient/ScreenFilterRva007D6B70Init.cpp,reloc-derived;call-sites=7;identity=real
?bfmeHighlightApply@@YAXIPAXIPAUTexture@@PAUIDirect3DSurface8@@12@Z,0x00719090,1936,game/GameEngineDevice/Source/W3DDevice/GameClient/ScreenHilightFilterPostRender.cpp,reloc-derived;call-sites=1;identity=real
?bfmeCopyCuSnap@@YAXPAX0@Z,0x00719CD0,534,game/GameEngine/Source/Common/Rva007D85C0FilterPreRender.cpp,reloc-derived;call-sites=8;identity=real
?rva0071DF10@W3DShrubBuffer@@QAEXPAX@Z,0x0071DF10,2233,game/GameEngineDevice/Source/W3DDevice/GameClient/W3DShrubBufferRva0071EEC0.cpp,reloc-derived;call-sites=1;identity=generated
?setFlipRecursive@W3DTerrainBackground@@IAEXHHHH@Z,0x007282A0,821,game/GameEngineDevice/Source/W3DDevice/GameClient/W3DTerrainBackgroundSetFlipExtra.cpp,reloc-derived;call-sites=1;identity=real
?j_00013de5@@YAXXZ,0x00729180,287,game/GameEngine/Source/Common/GridDispatch006D2130.cpp,reloc-derived;call-sites=1;identity=real
?setFlipRecursive@W3DTerrainBackground@@IAEXHHH@Z,0x00729700,792,game/GameEngineDevice/Source/W3DDevice/GameClient/W3DTerrainBackground.cpp,reloc-derived;call-sites=3;identity=real
?rva0072B580@W3DTerrainBackground@@IAEXPAGHHHH0AAH@Z,0x0072B580,3775,game/GameEngineDevice/Source/W3DDevice/GameClient/W3DTerrainBackgroundTesselatedUpdate.cpp,reloc-derived;call-sites=2;identity=generated
?rva0072D210@W3DTerrainBackground@@QAEXABURva0072E150Region@@PAVWorldHeightMap@@_N2@Z,0x0072D210,1912,game/GameEngineDevice/Source/W3DDevice/GameClient/W3DTerrainBackgroundRva0072DC30.cpp,reloc-derived;call-sites=2;identity=generated
?j_0002db41@@YAXXZ,0x0072EAA0,35,game/GameEngine/Source/Common/GridDispatch006D2130.cpp,reloc-derived;call-sites=1;identity=real
?rva00734CB0@W3DTreeBuffer@@QAEXPAX@Z,0x00734CB0,3276,game/GameEngineDevice/Source/W3DDevice/GameClient/W3DTreeBufferDrawTreesBfme.cpp,reloc-derived;call-sites=1;identity=generated
?rva0073a050@Rva00739C70State@@QAE_NIIIIII@Z,0x0073A050,378,game/GameEngineDevice/Source/W3DDevice/GameClient/W3DVideoBufferAllocateBfme.cpp,reloc-derived;call-sites=1;identity=generated
?moveAlongWaypointPath@W3DView@@AAEXH@Z,0x0073CB10,1537,game/GameEngineDevice/Source/W3DDevice/GameClient/W3DViewCameraModLookTowardBfme.cpp,reloc-derived;call-sites=2;identity=real
?getName@Rva007409A0@@QBE?AVAsciiString@@XZ,0x00740970,32,game/GameEngineDevice/Source/W3DDevice/GameClient/Rva007409A0Assign.cpp,reloc-derived;call-sites=1;identity=generated
?moveAlongWaypointPath@W3DView@@AAEXH_N@Z,0x00741360,545,game/GameEngineDevice/Source/W3DDevice/GameClient/W3DViewUpdateCameraMovementsBfme.cpp,reloc-derived;call-sites=2;identity=real
??0Gen00745B10@@QAE@XZ,0x00745B10,977,game/GameEngine/Source/Common/Q4NewNiladicFactories.cpp,reloc-derived;call-sites=1;identity=generated
?bfmeBlendTileEmit@@YAXPAD0HH@Z,0x00747940,180,game/GameEngineDevice/Source/W3DDevice/GameClient/BFMERetailWorldHeightMapBlendTileData.cpp,reloc-derived;call-sites=1;identity=real
?bfmeUninitializedFillN36@@YAPAUGen_t_0074d9c0_p128pod@@PAU1@IABU1@@Z,0x0074AB30,46,game/GameEngine/Source/Common/BfmeVectorFillInsert36.cpp,reloc-derived;call-sites=1;identity=generated
?rva0074C4F0@WorldHeightMap@@QAE?AVShroudTexture@@HHHHH@Z,0x0074C4F0,324,game/GameEngineDevice/Source/W3DDevice/GameClient/W3DTerrainBackgroundTesselatedUpdate.cpp,reloc-derived;call-sites=2;identity=generated
?test@Rva0074CDD0@@QAE_NHH@Z,0x0074CDD0,271,game/GameEngineDevice/Source/W3DDevice/GameClient/WorldHeightMapGetTerrainTexture.cpp,reloc-derived;call-sites=1;identity=generated
?bfmeInitJK@BfmeSubAJK@@QAEXH@Z,0x0074E820,122,game/GameEngine/Source/Common/BfmeConv2077.cpp,reloc-derived;call-sites=1;identity=real
?bfmeAttachYS@BfmeHelperYS@@QAEXPAVGen_00755E70@@@Z,0x00754970,119,game/GameEngine/Source/Common/BfmeHelperAttachYS.cpp,reloc-derived;call-sites=1;identity=generated
?insertDefault@List00754E70@@QAE?AUIter00754E70@@U2@@Z,0x00754E70,128,game/GameEngineDevice/Source/W3DDevice/GameClient/Drawable/Draw/Rva00755170RenderSynchronization.cpp,reloc-derived;call-sites=1;identity=real
??0BfmeHelperYS@@QAE@XZ,0x00754F70,102,game/GameEngine/Source/Common/BfmeHelperAttachYS.cpp,reloc-derived;call-sites=1;identity=real
?bfmeQuery@Gen01304B64@@QAEHXZ,0x00755A70,413,game/GameEngine/Source/Common/Rva00755C80GuardedQuery.cpp,reloc-derived;call-sites=1;identity=generated
??0W3DLaserDraw@@QAE@PAVThing@@PBVModuleData@@@Z,0x00757E70,982,game/GameEngineDevice/Source/W3DDevice/GameClient/Drawable/Draw/W3DDrawModuleFactories.cpp,reloc-derived;call-sites=1;identity=real
?angle0075F210@AttachmentTransform007629F0@@QAE_NPAM@Z,0x0075F210,349,game/GameEngineDevice/Source/W3DDevice/GameClient/Drawable/Draw/AttachmentTransform007629F0.cpp,reloc-derived;call-sites=1;identity=real
?rva0075F400@Rva0077B3F0@@QAEXXZ,0x0075F400,823,game/GameEngineDevice/Source/W3DDevice/GameClient/Drawable/Draw/Rva0077B3F0.cpp,reloc-derived;call-sites=1;identity=generated
?j_0002e7b7@@YAXXZ,0x00763AC0,1490,game/GameEngineDevice/Source/W3DDevice/GameClient/Drawable/Draw/Rva00767B30ObjectDrawLookup.cpp,reloc-derived;call-sites=1;identity=real
?_M_insert@?$_Rb_tree@W4Rva00768A00Key@@W41@U?$_Identity@W4Rva00768A00Key@@@_STL@@U?$less@W4Rva00768A00Key@@@3@V?$allocator@W4Rva00768A00Key@@@3@@_STL@@AAE?AU?$_Rb_tree_iterator@W4Rva00768A00Key@@U?$_Nonconst_traits@W4Rva00768A00Key@@@_STL@@@2@PAU_Rb_tree_node_base@2@0ABW4Rva00768A00Key@@0@Z,0x00765440,179,game/GameEngine/Source/Common/Containers/Rva00768A00TreeInsert.cpp,reloc-derived;call-sites=1;identity=generated
?extractNugget007656B0@@YAXPBUFxNugget007764E0@@PAURva0076CEE0Element@@@Z,0x007656B0,250,game/GameEngineDevice/Source/W3DDevice/GameClient/Drawable/Draw/FXEventParser007764E0.cpp,reloc-derived;call-sites=1;identity=generated
?bfmeLookupBI@@YGPAVBfmeThingBI@@H@Z,0x00765B70,473,game/GameEngine/Source/Common/BfmeNameForKeyBI.cpp,reloc-derived;call-sites=1;identity=real
?findByCondition@RvaModuleData@@QBEPBURvaModelConditionInfo@@ABV?$BitFlags@$0HF@@@@Z,0x00765DC0,384,game/GameEngineDevice/Source/W3DDevice/GameClient/Drawable/Draw/Rva0076C080AdvanceAnimation.cpp,reloc-derived;call-sites=2;identity=real
?apply@Rva00766A70W3DScriptedModelDraw@@AAEXPAXHHHH@Z,0x00765FB0,2190,game/GameEngineDevice/Source/W3DDevice/GameClient/Drawable/Draw/Rva00766A70W3DScriptedModelDraw.cpp,reloc-derived;call-sites=3;identity=generated
?forward00769C30@Rva00766AA0Owner@@QAE_NPAURva00766AA0Buffer@@VAsciiString@@PAPAX2@Z,0x00766AA0,3386,game/GameEngine/Source/Common/Rva00769C30StringForwarder.cpp,reloc-derived;call-sites=1;identity=generated
?bfmeFinishYS@Gen_00755E70@@QAEXXZ,0x0076E7F0,593,game/GameEngine/Source/Common/BfmeHelperAttachYS.cpp,reloc-derived;call-sites=1;identity=generated
?rva0076EFF0@Rva0077B3F0@@QAEXXZ,0x0076EFF0,1251,game/GameEngineDevice/Source/W3DDevice/GameClient/Drawable/Draw/Rva0077B3F0.cpp,reloc-derived;call-sites=1;identity=generated
??0?$pair@$$CBUGen_t_0013a700_k4@@UGen_t_0013a700_p12cd@@@_STL@@QAE@ABU01@@Z,0x00772390,992,game/GameEngine/Source/Common/Rva0013BB90VectorCopy.cpp,reloc-derived;call-sites=2;identity=generated
??0W3DScriptedModelDraw@@QAE@PAVThing@@PBVModuleData@@@Z,0x00773360,1185,game/GameEngineDevice/Source/W3DDevice/GameClient/Drawable/Draw/W3DDrawModuleFactories.cpp,reloc-derived;call-sites=6;identity=real
?rva00779F10@Rva0077B3F0@@QAEXXZ,0x00779F10,2480,game/GameEngineDevice/Source/W3DDevice/GameClient/Drawable/Draw/Rva0077B3F0.cpp,reloc-derived;call-sites=1;identity=generated
?cleanup@Rva00785FD0Item@@QAEXXZ,0x00785300,1264,game/GameEngine/Source/GameClient/GUI/Rva00785FD0AptFlush.cpp,reloc-derived;call-sites=1;identity=generated
?gen00785F80@@YAPAXXZ,0x00785F80,59,game/GameEngine/Source/Common/CachedPointerFills.cpp,reloc-derived;call-sites=1;identity=generated
??0Geometry00786B70@@QAE@XZ,0x00786B70,40,game/GameEngine/Source/GameClient/GUI/Rva00788A30GeometryParser.cpp,reloc-derived;call-sites=1;identity=real
?bfmeStep2@Gen_007892D0@@AAEXXZ,0x00788460,755,game/GameEngine/Source/Common/S3TeardownHelpers.cpp,reloc-derived;call-sites=1;identity=generated
??1Gen_dtor_00789950@@UAE@XZ,0x007897D0,184,game/gen_small/dtors_008.cpp,reloc-derived;call-sites=1;identity=generated
?bfmeEnd982C@BfmeHub982@@QAEXXZ,0x0078B4F0,1694,game/GameEngine/Source/GameClient/GUI/Rva00786060AptRoundedBounds.cpp,reloc-derived;call-sites=1;identity=real
?j_0001569f@@YIXPAX@Z,0x0078BD40,641,game/Libraries/Source/WWVegas/WW3D2/Rva00785FD0RendererAppend.cpp,reloc-derived;call-sites=3;identity=real
?initializeRva0078C070@Rva00785FD0Renderer@@QAEXXZ,0x0078C070,514,game/Libraries/Source/WWVegas/WW3D2/RendererInitialize00782ED0.cpp,reloc-derived;call-sites=1;identity=generated
??1Gen_dtor_0078c9d0@@UAE@XZ,0x0078C920,70,game/gen_small/dtors_008.cpp,reloc-derived;call-sites=1;identity=generated
?BFME_Get_Font_Chars@@YAPAVFontCharsClass@@PBDM_NH@Z,0x0078CC10,284,game/GameEngineDevice/Source/W3DDevice/GameClient/GUI/W3DFontLibraryLoadFontDataBFME.cpp,reloc-derived;call-sites=2;identity=real
?bfmeHandle_00790310@@YAXPAVGen_00790310@@PAX@Z,0x0078FF40,546,game/GameEngineDevice/Source/W3DDevice/GameClient/Shadow/S3ShadowSubmits.cpp,reloc-derived;call-sites=1;identity=generated
?bfmeHandle_00790330@@YAXPAVGen_00790330@@PAX@Z,0x007901F0,223,game/GameEngineDevice/Source/W3DDevice/GameClient/Shadow/S3ShadowSubmits.cpp,reloc-derived;call-sites=1;identity=generated
?bfmeHandle_00791710@@YAXPAVGen_00791710@@PAX@Z,0x00790EA0,690,game/GameEngineDevice/Source/W3DDevice/GameClient/Shadow/S3ShadowSubmits.cpp,reloc-derived;call-sites=1;identity=generated
?drawListBoxText@@YAXPAVGameWindow@@PAVWinInstanceData@@HHHH_N@Z,0x00792350,1379,game/GameEngineDevice/Source/W3DDevice/GameClient/GUI/Gadget/W3DListBox.cpp,reloc-derived;call-sites=2;identity=real
?bfmeHandle_00793a70@@YAXPAVGen_00793a70@@PAX@Z,0x00793260,553,game/GameEngineDevice/Source/W3DDevice/GameClient/Shadow/S3ShadowSubmits.cpp,reloc-derived;call-sites=1;identity=generated
?W3DGadgetPushButtonImageDrawOne@@YAXPAVGameWindow@@PAVWinInstanceData@@@Z,0x00795140,2761,game/GameEngineDevice/Source/W3DDevice/GameClient/GUI/Gadget/W3DPushButtonImageDispatch_Thunk.cpp,reloc-derived;call-sites=2;identity=real
?bfmeHandle_007969c0@@YAXPAVGen_007969c0@@PAX@Z,0x00796480,519,game/GameEngineDevice/Source/W3DDevice/GameClient/Shadow/S3ShadowSubmits.cpp,reloc-derived;call-sites=1;identity=generated
?bfmeHandle_007969e0@@YAXPAVGen_007969e0@@PAX@Z,0x00796710,539,game/GameEngineDevice/Source/W3DDevice/GameClient/Shadow/S3ShadowSubmits.cpp,reloc-derived;call-sites=1;identity=generated
?drawStaticTextText@@YAXPAVGameWindow@@HH@Z,0x00796BA0,346,game/GameEngineDevice/Source/W3DDevice/GameClient/GUI/Gadget/W3DStaticTextDraw_Thunk.cpp,reloc-derived;call-sites=2;identity=real
?bfmeHandle_007995e0@@YAXPAVGen_007995e0@@PAX@Z,0x00798F30,495,game/GameEngineDevice/Source/W3DDevice/GameClient/Shadow/S3ShadowSubmits.cpp,reloc-derived;call-sites=1;identity=generated
?bfmeHandle_00799600@@YAXPAVGen_00799600@@PAX@Z,0x007991A0,860,game/GameEngineDevice/Source/W3DDevice/GameClient/Shadow/S3ShadowSubmits.cpp,reloc-derived;call-sites=1;identity=generated
?bfmeHandle_00799cb0@@YAXPAVGen_00799cb0@@PAX@Z,0x00799900,718,game/GameEngineDevice/Source/W3DDevice/GameClient/Shadow/S3ShadowSubmits.cpp,reloc-derived;call-sites=1;identity=generated
??1VisPolyClass@@MAE@XZ,0x007A00F0,70,game/Libraries/Source/WWVegas/WW3D2/VisPolyClassDeletingDestructor.cpp,reloc-derived;call-sites=1;identity=real
?getWaterHeight@WaterRenderObjClass@@QAEMMM@Z,0x007A4B40,384,game/GameEngineDevice/Source/W3DDevice/GameClient/BaseHeightMap.cpp,reloc-derived;call-sites=4;identity=real
?rebuildPolygonList007A50A0@WaterRenderObjClass@@QAEXH@Z,0x007A50A0,178,game/GameEngineDevice/Source/W3DDevice/GameClient/Water/WaterRenderObjUpdate.cpp,reloc-derived;call-sites=1;identity=real
?helper@Rva007A2330@@QAEXPAPAVRva007A2330Target@@@Z,0x007AA820,416,game/GameEngine/Source/Common/Rva007A2330InvertThenHelper.cpp,reloc-derived;call-sites=1;identity=generated
?getTexture@BFMEShadowManagerLayout@@QAEPAVW3DShadowTexture@@PBD@Z,0x007AFD10,396,game/GameEngineDevice/Source/W3DDevice/GameClient/Shadow/W3DProjectedShadow.cpp,reloc-derived;call-sites=5;identity=real
?flush007B14A0@W3DProjectedShadowManager@@QAEXIPAUShadowTexture007B6D30@@0H@Z,0x007B14A0,3124,game/GameEngineDevice/Source/W3DDevice/GameClient/Shadow/W3DProjectedShadowRenderShadows.cpp,reloc-derived;call-sites=8;identity=real
?project007B23F0@W3DProjectedShadowManager@@QAEXPAUShadowPair007B6D30@@@Z,0x007B23F0,4814,game/GameEngineDevice/Source/W3DDevice/GameClient/Shadow/W3DProjectedShadowRenderShadows.cpp,reloc-derived;call-sites=1;identity=real
?addShadowCore@BFMEShadowManagerLayout@@QAEPAVW3DProjectedShadow@@PAVW3DShadowTexture@@PAVRenderObjClass@@W4ShadowType@@_NMMHMMPAPAV2@3PAVDrawable@@3@Z,0x007B3E70,460,game/GameEngineDevice/Source/W3DDevice/GameClient/Shadow/W3DProjectedShadow.cpp,reloc-derived;call-sites=2;identity=real
??1W3DProjectedShadowManager@@UAE@XZ,0x007B4E40,251,game/GameEngineDevice/Source/W3DDevice/GameClient/Shadow/W3DProjectedShadowManagerDeletingDestructor.cpp,reloc-derived;call-sites=1;identity=real
?queue007B4FE0@W3DProjectedShadowManager@@QAEXPAUShadow007B6D30@@HH@Z,0x007B4FE0,4332,game/GameEngineDevice/Source/W3DDevice/GameClient/Shadow/W3DProjectedShadowRenderShadows.cpp,reloc-derived;call-sites=3;identity=real
?render007B6520@W3DProjectedShadowManager@@QAEHAAVRenderInfoClass@@@Z,0x007B6520,1637,game/GameEngineDevice/Source/W3DDevice/GameClient/Shadow/W3DProjectedShadowRenderShadows.cpp,reloc-derived;call-sites=1;identity=real
?addShadow@W3DShadowManager@@QAEPAVShadow@@PAVRenderObjClass@@PAUShadowTypeInfo@2@PAVDrawable@@@Z,0x007B76C0,147,game/GameEngineDevice/Source/W3DDevice/GameClient/Drawable/Draw/W3DDebrisDraw.cpp,reloc-derived;call-sites=2;identity=real
?Rva007B93E0@@YAXPAURva007BB060Surface@@@Z,0x007B93E0,553,game/GameEngineDevice/Source/W3DDevice/GameClient/Shadow/Rva007BB060.cpp,reloc-derived;call-sites=1;identity=generated
??1Gen_dtor_007bd2f0@@UAE@XZ,0x007BBB20,45,game/gen_small/dtors_009.cpp,reloc-derived;call-sites=1;identity=generated
?copy@BfmeShadowBufferEntry@@QAEIPAXG0PAG@Z,0x007C05E0,1726,game/GameEngineDevice/Source/W3DDevice/GameClient/Shadow/W3DVolumetricShadowV2.cpp,reloc-derived;call-sites=1;identity=real
?fill@BfmeShadowBufferEntry@@QAEXPAE@Z,0x007C1F30,1089,game/GameEngineDevice/Source/W3DDevice/GameClient/Shadow/BfmeVolumetricShadowBufferOwnerRender.cpp,reloc-derived;call-sites=2;identity=real
?render@BfmeShadowBufferEntry@@QAEXPAXG0PAG@Z,0x007C2490,1069,game/GameEngineDevice/Source/W3DDevice/GameClient/Shadow/BfmeVolumetricShadowBufferOwnerRender.cpp,reloc-derived;call-sites=1;identity=real
??0BfmeVolumetricShadowBufferOwner@@QAE@PAPAV0@PAVBfmeShadowResource@@@Z,0x007C2F20,662,game/GameEngineDevice/Source/W3DDevice/GameClient/Shadow/BfmeShadowBufferManagerCreate.cpp,reloc-derived;call-sites=1;identity=real
?forward@Rva007E32A0State@@QAE_NHHHPAHH@Z,0x007E2F50,236,game/GameEngine/Source/Common/Rva007E32A0DispatchWhenReady.cpp,reloc-derived;call-sites=2;identity=generated
??0Rva009F69B1Subobject@@QAE@XZ,0x007E5840,24,game/GameEngine/Source/Common/Rva009F69B1Ctor.cpp,reloc-derived;call-sites=1;identity=generated
?d_007e8b00@@YAXXZ,0x007E8B00,549,game/GameEngine/Source/GameNetwork/Rva007E8D30FeslSetField.cpp,reloc-derived;call-sites=1;identity=real
?m@T_007ea5e0@@QAEXXZ,0x007EA5E0,87,game/GameEngine/Source/GameNetwork/Rva007FA3D0Fesl.cpp,reloc-derived;call-sites=1;identity=real
??0Rva007F01F0@@QAE@HH@Z,0x007F01F0,25,game/GameEngine/Source/Common/StaticRva007F01F0Initializers.cpp,reloc-derived;call-sites=58;identity=generated
?d_007f63f0@@YAXXZ,0x007F63F0,289,game/GameEngine/Source/GameNetwork/Rva007F6FE0Callbacks.cpp,reloc-derived;call-sites=1;identity=real
?notify@Rva00802A90Elem@@QAEXPAURva00802A90Query@@PAXHH@Z,0x00801CB0,523,game/GameEngine/Source/GameNetwork/Rva00802A90FeslBrowserQuery.cpp,reloc-derived;call-sites=2;identity=generated
?handle@Rva008091C0Owner@@QAEXPAVBfmeC994@@HPAD@Z,0x008091C0,361,game/GameEngine/Source/GameNetwork/Rva0080A280FeslHandler.cpp,reloc-derived;call-sites=2;identity=generated
_Rva00812690,0x00812690,1507,game/Libraries/Source/DirtySock/Y4CommTable.c,reloc-derived;call-sites=1;identity=generated
?_M_clear@?$vector@URva0081D280Element@@V?$allocator@URva0081D280Element@@@_STL@@@_STL@@IAEXXZ,0x0081D0F0,97,game/Libraries/Source/WWVegas/WWLib/Rva006F2C70VectorInsertOverflow.cpp,reloc-derived;call-sites=1;identity=generated
??$__copy@PBDV?$ostreambuf_iterator@DV?$char_traits@D@_STL@@@_STL@@H@_STL@@YA?AV?$ostreambuf_iterator@DV?$char_traits@D@_STL@@@0@PBD0V10@ABUrandom_access_iterator_tag@0@PAH@Z,0x00835590,114,game/Libraries/Source/WWVegas/WWLib/NumPutCopyFloatNarrow.cpp,reloc-derived;call-sites=7;identity=real
??$__write_decimal_backward@J@_STL@@YAPADPADJHABU__true_type@0@@Z,0x00835A20,118,game/Libraries/Source/STLport/WriteIntegerBackward.cpp,reloc-derived;call-sites=1;identity=real
??$__copy@PBGV?$ostreambuf_iterator@GV?$char_traits@G@_STL@@@_STL@@H@_STL@@YA?AV?$ostreambuf_iterator@GV?$char_traits@G@_STL@@@0@PBG0V10@ABUrandom_access_iterator_tag@0@PAH@Z,0x00835EF0,106,game/Libraries/Source/WWVegas/WWLib/NumPutCopyFloatWide.cpp,reloc-derived;call-sites=7;identity=real
?bfmeCallDSD@@YGDPAX@Z,0x008365B0,257,game/GameEngine/Source/Common/BfmeConv770.cpp,reloc-derived;call-sites=1;identity=real
?bfmeRva0083A2D0CopyWide@@YA?AV?$ostreambuf_iterator@GV?$char_traits@G@_STL@@@_STL@@PBG0V12@ABUrandom_access_iterator_tag@2@PAH@Z,0x0083A2D0,106,game/stlport/WideStreamCopy.cpp,reloc-derived;call-sites=1;identity=generated
??$__find@PADD@_STL@@YAPADPAD0ABDABUrandom_access_iterator_tag@0@@Z,0x0083B940,105,game/Libraries/Source/WWVegas/WWLib/NumPutFloatNarrow.cpp,reloc-derived;call-sites=1;identity=real
??$__find@PAGG@_STL@@YAPAGPAG0ABGABUrandom_access_iterator_tag@0@@Z,0x0083C3A0,119,game/Libraries/Source/WWVegas/WWLib/NumPutFloatWide.cpp,reloc-derived;call-sites=1;identity=real
?_M_copy_state@ios_base@_STL@@IAEXABV12@@Z,0x0083F3F0,432,game/Libraries/Source/WWVegas/WWLib/stlport_basic_ios_copyfmt.cpp,reloc-derived;call-sites=2;identity=real
?init@?$basic_ios@GV?$char_traits@G@_STL@@@_STL@@IAEXPAV?$basic_streambuf@GV?$char_traits@G@_STL@@@2@@Z,0x0083F9B0,195,game/Libraries/Source/STLport/FstreamDefaultProtectionNameCtors.cpp,reloc-derived;call-sites=30;identity=real
_peerJoinStagingRoomA,0x00858B70,40,game/GameEngine/Source/GameNetwork/GameSpy/Thread/PeerThread_ThreadFunction.cpp,reloc-derived;call-sites=1;identity=real
_SBServerGetPrivateInetAddress,0x00859F20,8,game/GameEngine/Source/GameNetwork/GameSpy/Thread/Rva00648220PeerThreadStaleServerLookup.cpp,reloc-derived;call-sites=5;identity=real
?AddSubInternalFPF@@YAXEPAUInternalFPF@@00@Z,0x00879900,154,game/Libraries/Source/Benchmark/emfloat.cpp,reloc-derived;call-sites=2;identity=real
?MultiplyInternalFPF@@YAXPAUInternalFPF@@00@Z,0x00879C80,137,game/Libraries/Source/Benchmark/emfloat.cpp,reloc-derived;call-sites=1;identity=real
?DivideInternalFPF@@YAXPAUInternalFPF@@00@Z,0x00879F60,736,game/Libraries/Source/Benchmark/emfloat.cpp,reloc-derived;call-sites=3;identity=real
?rva0087ED00@GeometryShape@@QBEMXZ,0x0087ED00,101,game/GameEngine/Source/Common/System/GeometryInfoCalcBoundingStuff.cpp,reloc-derived;call-sites=1;identity=generated
?bfmeFillBE@@YAPAUBfmeElemBE@@PAU1@IABU1@ABUBfmeFalseBE@@@Z,0x0087F020,109,game/GameEngine/Source/Common/Rva0087FBE0Overflow.cpp,reloc-derived;call-sites=2;identity=real
??6@YAAAVDebug@@AAV0@ABVSignature@DebugStackwalk@@@Z,0x0088CC40,369,game/Libraries/Source/WWVegas/WWDebug/DebugFinishAssert0088B530.cpp,reloc-derived;call-sites=2;identity=real
_d_0088d240,0x0088D240,437,game/Libraries/Source/debug/DebugExceptionhandler_ExceptionFilter.cpp,reloc-derived;call-sites=2;identity=real
??0Rva00891540DebugIOCon@@QAE@XZ,0x00891320,493,game/Libraries/Source/WWVegas/WWDebug/Rva00891540DebugIOConCreate.cpp,reloc-derived;call-sites=1;identity=generated
?bfmeCall936F@@YAXH@Z,0x00893820,314,game/GameEngine/Source/Common/BfmeConv936.cpp,reloc-derived;call-sites=1;identity=real
?b_008939c0@@YAXXZ,0x008939C0,359,game/GameEngine/Source/Common/Gen00896320Append.cpp,reloc-derived;call-sites=3;identity=real
?Rva00893B30ResizeItems@@YAPAURva00892640Item@@PAU1@HH@Z,0x00893B30,346,game/GameEngine/Source/Common/Rva00893CE0ContainerResize.cpp,reloc-derived;call-sites=3;identity=generated
?helper@Rva00894120Vector@@QAEXPAX00@Z,0x00893F10,457,game/GameEngine/Source/Common/Rva00894120VectorInsert.cpp,reloc-derived;call-sites=1;identity=generated
?configureWindowParameters@@YAXPAVGen_004659D0@@@Z,0x00894800,524,game/GameEngine/Source/GameClient/GUI/WindowManagerInit.cpp,reloc-derived;call-sites=1;identity=generated
?d_00894a90@@YAXXZ,0x00894A90,410,game/GameEngine/Source/Common/Gen00783F60_00466610.cpp,reloc-derived;call-sites=2;identity=real
?d_00895510@@YAXXZ,0x00895510,308,game/GameEngine/Source/Common/Rva008956C0Contains.cpp,reloc-derived;call-sites=1;identity=real
?bfmeBuildEVB@Rva00893030Manager@@QAE?AUBfmeResultEVB@@PAVBfmeStrVKI@@@Z,0x00895A00,274,game/GameEngine/Source/Common/BfmeConv1993.cpp,reloc-derived;call-sites=1;identity=generated
?helper@Gen_00896320@@QAEXPAX00@Z,0x008961E0,316,game/GameEngine/Source/Common/Gen00896320Append.cpp,reloc-derived;call-sites=1;identity=generated
?rva00896AF0@Rva00896AF0Tracker@@QAEXPAVRva8CD130String@@V2@@Z,0x00896AF0,1272,game/GameEngine/Source/Common/BfmeApplyESP.cpp,reloc-derived;call-sites=6;identity=generated
?d_0089abc0@@YAXXZ,0x0089ABC0,4137,game/Libraries/Source/EA/Apt/Rva0089BBF0InitGlobals.cpp,reloc-derived;call-sites=1;identity=real
?bfmeTest1220@BfmeNode1220@@QAEHPAHH@Z,0x0089C290,837,game/Libraries/Source/EA/Apt/BfmeNode1220_bfmeAllows.cpp,reloc-derived;call-sites=6;identity=real
?bfmeErase1279@BfmeLookup1279@@QAEXAAUBfmeKey1279@@@Z,0x0089CC80,617,game/GameEngine/Source/Common/BfmeQueryProcess1279.cpp,reloc-derived;call-sites=4;identity=real
?rva0089EA60Append@Rva8CD130String@@QAEAAV1@PBD@Z,0x0089EA60,204,game/GameEngine/Source/Common/BfmeApplyEVF.cpp,reloc-derived;call-sites=21;identity=generated
?rva0089EB30@@YA?AVBfmeStrVKI@@PBDABV1@@Z,0x0089EB30,285,game/GameEngine/Source/Common/BfmeApplyEVF.cpp,reloc-derived;call-sites=1;identity=generated
?rva0089EDF0@@YAXPAVBfmeStrVKI@@PBDZZ,0x0089EDF0,256,game/GameEngine/Source/Common/BfmeApplyEVF.cpp,reloc-derived;call-sites=1;identity=generated
?rva0089FDA0@EAStringC@@QAEAAV1@PBDH@Z,0x0089FDA0,466,game/Libraries/Source/EA/Apt/Rva008A9E20CodepointStringValue.cpp,reloc-derived;call-sites=1;identity=generated
?rva008A0320@Rva008A0320String@@QAEAAV1@H@Z,0x008A0320,345,game/GameEngine/Source/Common/Rva008AA2B0BuildString.cpp,reloc-derived;call-sites=1;identity=generated
?remove008A1C20@Manager008C3F10@@QAEXPAVRva008C3F10Value@@@Z,0x008A1C20,196,game/Libraries/Source/EA/Apt/Rva008C3F10Cleanup.cpp,reloc-derived;call-sites=1;identity=generated
?helper@BfmeFixup2580@@QAEXPAXPAVBfmeFixupChunk2580@@0@Z,0x008A2130,1047,game/GameEngine/Source/Common/BfmeFixup008A2580.cpp,reloc-derived;call-sites=1;identity=real
?run@Rva008A25C0Object@@QAEXPAX@Z,0x008A25C0,1454,game/GameEngine/Source/Common/BfmeDtorVBW.cpp,reloc-derived;call-sites=1;identity=generated
?d_008accf0@@YAXXZ,0x008ACCF0,203,game/Libraries/Source/EA/Apt/Rva008AE490AptDispatch.cpp,reloc-derived;call-sites=1;identity=real
?bfmeApply1236@BfmeB1236@@QAEXPAX@Z,0x008AD8F0,603,game/GameEngine/Source/Common/BfmeConv1236.cpp,reloc-derived;call-sites=2;identity=real
?bfmeVisit1236@BfmeNode1236@@QAEXXZ,0x008ADB50,116,game/GameEngine/Source/Common/BfmeConv1236.cpp,reloc-derived;call-sites=1;identity=real
?bfmeEmit1236@BfmeB1236@@QAEXPAXH0@Z,0x008ADBD0,1452,game/GameEngine/Source/Common/BfmeConv1236.cpp,reloc-derived;call-sites=2;identity=real
?bfmeDo1235@BfmeN1235@@QAEXPAX0@Z,0x008AE180,303,game/GameEngine/Source/Common/BfmeConv1235.cpp,reloc-derived;call-sites=4;identity=real
?aptHelper008AE3A0@@YAPAVAptValue@@PAXHH@Z,0x008AE3A0,166,game/Libraries/Source/EA/Apt/Rva008AE450AptHelperDispatch.cpp,reloc-derived;call-sites=2;identity=real
?rva008AF650Implementation@@YAXHHH@Z,0x008AF650,2633,game/GameEngine/Source/Common/Rva008C3E70CallAdapter.cpp,reloc-derived;call-sites=1;identity=generated
?finish008B06C0@BfmeNodeDX@@QAEXXZ,0x008B06C0,730,game/GameEngine/Source/Common/BfmeSubmitColors1283.cpp,reloc-derived;call-sites=1;identity=real
??8@YA_NABUGen_t_008c3e50_m12cd@@0@Z,0x008B0EE0,6731,game/gen_small/fam_016.cpp,reloc-derived;call-sites=1;identity=generated
??1Rva008B2F20HeaderedDeleting@@UAE@XZ,0x008B2DF0,97,game/GameEngine/Source/Common/HeaderedDeleteDestructors.cpp,reloc-derived;call-sites=1;identity=generated
?lookup@PropertyLookup008B2F50@@QAEPAURva00899560Value@@PAVNativeProperties008B3C40@@PAUString008B3C40@@@Z,0x008B2F50,2324,game/Libraries/Source/EA/Apt/NativeProperties008B3C40.cpp,reloc-derived;call-sites=1;identity=generated
?rva008B66B0@Rva008B6880@@QAEHHHH@Z,0x008B66B0,450,game/Libraries/Source/EA/Apt/Rva008B6880FormatString.cpp,reloc-derived;call-sites=1;identity=generated
?bfmeBuildString1284@BfmeStringWriter1284@@QAEXPAVBfmeString1284@@H@Z,0x008B8E70,261,game/GameEngine/Source/Common/BfmeStringWriter1284.cpp,reloc-derived;call-sites=3;identity=real
_compareValues008B90F0,0x008B90F0,250,game/Libraries/Source/EA/Apt/ArraySortFieldHandler008B91F0.cpp,reloc-derived;call-sites=2;identity=real
?bfmeApplySlot1281@BfmeSlotDispatcher1281@@QAEXPAXH0@Z,0x008BB200,468,game/GameEngine/Source/Common/BfmeVisibleSlotDispatcher1281.cpp,reloc-derived;call-sites=2;identity=real
?bfmeMirror1281@BfmeSlotDispatcher1281@@QAEXHHI@Z,0x008BC120,544,game/Libraries/Source/Apt/AptInput.cpp,reloc-derived;call-sites=1;identity=real
?bfmeResolve1281@BfmeSlotDispatcher1281@@QAEXHHPAPAXPA_N@Z,0x008BC3E0,767,game/Libraries/Source/Apt/AptInput.cpp,reloc-derived;call-sites=1;identity=real
?bfmeFallback1281@BfmeSlotDispatcher1281@@QAEXPAXHH@Z,0x008BC710,1412,game/Libraries/Source/Apt/AptInput.cpp,reloc-derived;call-sites=1;identity=real
?bfmeAdd1038@BfmeSubF1038@@QAEXHH@Z,0x008BDBB0,266,game/GameEngine/Source/Common/BfmeConv1038.cpp,reloc-derived;call-sites=1;identity=real
?create008BE760@BfmeSubmitter1283@@QAEXHPAXHHHHPAPAVBfmeNodeDX@@PAH@Z,0x008BE760,1162,game/GameEngine/Source/Common/BfmeSubmitColors1283.cpp,reloc-derived;call-sites=1;identity=real
?d_008c4a30@@YAXXZ,0x008C4A30,867,game/Libraries/Source/EA/Apt/LessThan008C8840.cpp,reloc-derived;call-sites=2;identity=real
?d_008c5360@@YAXXZ,0x008C5360,271,game/Libraries/Source/EA/Apt/Rva008C6990StringTransform.cpp,reloc-derived;call-sites=1;identity=real
?d_008c54a0@@YAXXZ,0x008C54A0,261,game/Libraries/Source/EA/Apt/Rva008C6840StringTransform.cpp,reloc-derived;call-sites=1;identity=real
?parse@Rva008CF3C0State@@QAEPADPADPAVRva008CF3C0String@@1@Z,0x008C55B0,193,game/Libraries/Source/EA/Apt/Rva008CF3C0ParseAppend.cpp,reloc-derived;call-sites=2;identity=generated
?d_008c6320@@YAXXZ,0x008C6320,314,game/Libraries/Source/EA/Apt/Rva8CC570Resolve.cpp,reloc-derived;call-sites=2;identity=real
?gen008CBDF0@@YAXPAX0H0@Z,0x008CBDF0,1757,game/GameEngine/Source/Common/ConstantZeroForwarders.cpp,reloc-derived;call-sites=4;identity=generated
?createString@Rva008AE770Stack@@QAEPAVRva00899770@@PAXHPAVBfmeStrVKI@@HHH@Z,0x008CC940,917,game/Libraries/Source/EA/Apt/EnsureName008CDAD0.cpp,reloc-derived;call-sites=17;identity=generated
?bfmeAdd1226@BfmeR1226@@QAEXPAX0H@Z,0x008CCED0,375,game/GameEngine/Source/Common/BfmeConv1226.cpp,reloc-derived;call-sites=5;identity=real
?rva8CDE50Continue@@YAXPAVRva8CEE00State@@PAURva8CEE00Cursor@@@Z,0x008CDE50,907,game/Libraries/Source/EA/Apt/PushOperandContinue008CE9E0.cpp,reloc-derived;call-sites=2;identity=real
?bfmeEmit1231@BfmeA1231@@QAEXPAX0PAVBfmeE1231@@10H@Z,0x008CF5A0,408,game/GameEngine/Source/Common/BfmeConv1231.cpp,reloc-derived;call-sites=1;identity=real
?run@Rva008CF740@@QAEXPAVRva008CF740Value@@0H@Z,0x008CF740,2353,game/Libraries/Source/EA/Apt/ArraySortScriptFunction008B9850.cpp,reloc-derived;call-sites=4;identity=generated
?create@Rva8D0D80State@@QAEPAVRva8D0D80Result@@PAX00HH@Z,0x008D0080,2563,game/Libraries/Source/EA/Apt/Rva008D1540ConvertPairDispatch.cpp,reloc-derived;call-sites=2;identity=real
?bfmeApplyXS@BfmeThingXS@@QAEXPAX0@Z,0x008D2E20,544,game/GameEngine/Source/Common/BfmeConv1852.cpp,reloc-derived;call-sites=1;identity=real
?bfmeSetState1285@BfmeNode1285@@QAEXH@Z,0x008D3050,127,game/Libraries/Source/Apt/AptInput.cpp,reloc-derived;call-sites=6;identity=real
?bfmeProcess1236@BfmeNode1236List@@QAEXPAX0H@Z,0x008D3860,473,game/GameEngine/Source/Common/BfmeNode1236Activate.cpp,reloc-derived;call-sites=1;identity=real
?bfmeBase1055@BfmeB1055@@QAEXHHH@Z,0x008D60C0,414,game/GameEngine/Source/Common/BfmeConv1055.cpp,reloc-derived;call-sites=2;identity=real
?d_008f7f00@@YAXXZ,0x008F7F00,415,game/GameEngine/Source/GameLogic/Object/PartitionData_updateCellsTouched.cpp,reloc-derived;call-sites=1;identity=real
?rva008F80A0@BfmeSmallFillRange@@QAE_NHHH@Z,0x008F80A0,112,game/GameEngine/Source/GameLogic/Object/PartitionData_doSmallFill.cpp,reloc-derived;call-sites=2;identity=generated
?bfmeForwardZX@BfmeSubZX@@QAEXH@Z,0x008F8110,399,game/GameEngine/Source/Common/BfmeConv1888.cpp,reloc-derived;call-sites=1;identity=real
?d_008f8520@@YAXXZ,0x008F8520,734,game/GameEngine/Source/GameLogic/Object/PartitionData_updateCellsTouched.cpp,reloc-derived;call-sites=1;identity=real
?clear@W3DRadarResetSurface@@QAEXI@Z,0x008FC830,508,game/GameEngineDevice/Source/W3DDevice/Common/System/W3DRadar.cpp,reloc-derived;call-sites=3;identity=real
??0Rva00900FF0VecOfVec@@QAE@H@Z,0x008FFA50,301,game/GameEngine/Source/Common/Rva00900FF0Constructor.cpp,reloc-derived;call-sites=3;identity=generated
??0Rva00900FF0VecOfVec@@QAE@ABV0@@Z,0x008FFB80,289,game/GameEngine/Source/Common/Rva00900E40Constructor.cpp,reloc-derived;call-sites=10;identity=generated
?rva00901160@@YAHAAV?$vector@V?$basic_string@DV?$char_traits@D@_STL@@V?$allocator@D@2@@_STL@@V?$allocator@V?$basic_string@DV?$char_traits@D@_STL@@V?$allocator@D@2@@_STL@@@2@@_STL@@PBD1@Z,0x00901160,562,game/GameEngine/Source/Common/Rva009013A0DescriptorParse.cpp,reloc-derived;call-sites=1;identity=generated
?Rva009016A0@@YAPAVRenderObjClass@@PBDMHAAV?$vector@V?$basic_string@DV?$char_traits@D@_STL@@V?$allocator@D@2@@_STL@@V?$allocator@V?$basic_string@DV?$char_traits@D@_STL@@V?$allocator@D@2@@_STL@@@2@@_STL@@11H@Z,0x009016A0,1098,game/GameEngineDevice/Source/W3DDevice/GameClient/CreateScaledRenderObj00901F80.cpp,reloc-derived;call-sites=1;identity=generated
?Create_Render_Target@DX8Wrapper@@SA?AVGen_005D2040@@HHW4WW3DFormat@@@Z,0x00905140,358,game/GameEngineDevice/Source/W3DDevice/GameClient/Water/WaterRenderObjReAcquireResources.cpp,reloc-derived;call-sites=1;identity=generated
??1?$DynamicVectorClass@K@@UAE@XZ,0x00906410,45,game/Libraries/Source/WWVegas/WW3D2/DynamicVectorUnsignedLongDeletingDestructor.cpp,reloc-derived;call-sites=1;identity=real
??1?$DynamicVectorClass@PAX@@UAE@XZ,0x00906630,45,game/Libraries/Source/WWVegas/WWLib/DynamicVectorVoidDeletingDestructor.cpp,reloc-derived;call-sites=1;identity=real
?Set_Render_Target_With_Z@DX8Wrapper@@SAXPAVTextureClass@@PAVZTextureClass@@@Z,0x00906F10,132,game/GameEngineDevice/Source/W3DDevice/GameClient/Water/W3DWater.cpp,reloc-derived;call-sites=1;identity=real
?d_00907960@@YAXXZ,0x00907960,401,game/Libraries/Source/WWVegas/WW3D2/Rva00907B00ReleaseDevice.cpp,reloc-derived;call-sites=1;identity=real
?End_Scene@DX8Wrapper@@SAX_N@Z,0x00908FE0,616,game/Libraries/Source/WWVegas/WW3D2/WW3DEndRender.cpp,reloc-derived;call-sites=1;identity=real
??1?$DynamicVectorClass@VRenderDeviceDescClass@@@@UAE@XZ,0x0090B5F0,70,game/Libraries/Source/WWVegas/WW3D2/RenderDeviceDescVectorDeletingDestructor.cpp,reloc-derived;call-sites=1;identity=real
?bfmeCall937B@BfmeSub937B@@QAEXPAX@Z,0x0090CD00,649,game/GameEngine/Source/Common/BfmeConv937.cpp,reloc-derived;call-sites=1;identity=real
?bfmeOneBKF@BfmePartBKF@@QAEXXZ,0x0090DF10,281,game/GameEngine/Source/Common/BfmeConv481.cpp,reloc-derived;call-sites=1;identity=real
?Load_Texture@@YA?AVBfmeHandleCX@@AAVChunkLoadClass@@@Z,0x0090EB00,800,game/Libraries/Source/WWVegas/WW3D2/MeshModelMaterialLoading.cpp,reloc-derived;call-sites=2;identity=real
?bfmePrep911E@BfmeSub911E@@QAEXXZ,0x0090F140,200,game/GameEngine/Source/Common/BfmeConv911.cpp,reloc-derived;call-sites=1;identity=real
?Apply@ShaderClass@@AAEXXZ,0x00911020,2915,game/Libraries/Source/WWVegas/WW3D2/DX8Wrapper_DrawPrimitives.cpp,reloc-derived;call-sites=1;identity=real
?rva009148C0@PointGroupClass@@QAEXPAVVector3@@PAMPAEH@Z,0x009148C0,9159,game/Libraries/Source/WWVegas/WW3D2/PointGroupClassRender.cpp,reloc-derived;call-sites=1;identity=generated
??1?$SimpleDynVecClass@M@@UAE@XZ,0x00918500,70,game/Libraries/Source/WWVegas/WW3D2/SimpleDynVecFloatDeletingDestructor.cpp,reloc-derived;call-sites=1;identity=real
?read_vertex_influences@MeshGeometryClass@@IAE_NAAVChunkLoadClass@@@Z,0x00925380,553,game/Libraries/Source/WWVegas/WW3D2/MeshGeometryReadChunks.cpp,reloc-derived;call-sites=2;identity=real
?get_deformed_vertices@MeshGeometryClass@@IAEXPAVVector3@@0PBVHTreeClass@@@Z,0x00925D10,1623,game/Libraries/Source/WWVegas/WW3D2/mesh.cpp,reloc-derived;call-sites=1;identity=real
?read_vertices@MeshGeometryClass@@IAE_NAAVChunkLoadClass@@_N@Z,0x00927360,350,game/Libraries/Source/WWVegas/WW3D2/MeshGeometryReadChunks.cpp,reloc-derived;call-sites=3;identity=real
?getEdges@BfmeShadowEdgeSource@@QAEPAUBfmeShadowEdge@@PAH@Z,0x00928820,1719,game/GameEngineDevice/Source/W3DDevice/GameClient/Shadow/W3DVolumetricShadowSilhouetteEdges.cpp,reloc-derived;call-sites=1;identity=real
?Get_Deformed_Vertices@BfmeShadowMesh@@QAEXPAVVector3@@@Z,0x0092C390,67,game/GameEngineDevice/Source/W3DDevice/GameClient/Shadow/BfmeVolumetricShadowBufferEntryUpdate.cpp,reloc-derived;call-sites=1;identity=real
??1?$VectorClass@VShaderClass@@@@UAE@XZ,0x0092FD10,45,game/Libraries/Source/WWVegas/WW3D2/VectorShaderDeletingDestructor.cpp,reloc-derived;call-sites=1;identity=real
??1?$DynamicVectorClass@UPtrRemapStruct@PointerRemapClass@@@@UAE@XZ,0x00930040,45,game/Libraries/Source/WWVegas/WWSaveLoad/PtrRemapDynamicVectorDeletingDestructor.cpp,reloc-derived;call-sites=1;identity=real
?setRenderObj@MapObject@@QAEXPAVRenderObjClass@@@Z,0x009334D0,39,game/GameEngineDevice/Source/W3DDevice/GameClient/RTS3DSceneConstructor.cpp,reloc-derived;call-sites=2;identity=real
?allocateGeometry006e@Render2DClass@@AAEPAUBfmeRenderVertex@@IIPAPAKPAK@Z,0x009369A0,773,game/Libraries/Source/WWVegas/WW3D2/Render2DClassAddLine.cpp,reloc-derived;call-sites=5;identity=real
??1Gen_dtorv_00937400@@UAE@XZ,0x00937390,12,game/gen_small/dtorsv_000.cpp,reloc-derived;call-sites=1;identity=generated
??1?$DynamicVectorClass@PAVTextureClass@@@@UAE@XZ,0x0093DF80,45,game/Libraries/Source/WWVegas/WW3D2/DynamicVectorTextureDeletingDestructor.cpp,reloc-derived;call-sites=1;identity=real
?loadCharacterData@FontCharsClass@@QAEPBUFontCharsClassCharDataStruct@@G@Z,0x00940D40,1347,game/Libraries/Source/WWVegas/WW3D2/FontCharsClass_Get_Char_Data_BFME.cpp,reloc-derived;call-sites=1;identity=real
?Get_Char_Data@Rva00941400Font@@QAEPBURva00941400CharRecord@@G@Z,0x009412F0,260,game/GameEngine/Source/Common/BfmeConv1890Lookup.cpp,reloc-derived;call-sites=5;identity=generated
?clear@BfmeSceneVector@@AAEXPAUGen_uw_0002e866@@@Z,0x00943F70,124,game/Libraries/Source/WWVegas/WW3D2/scene.cpp,reloc-derived;call-sites=2;identity=generated
?recurse@Gen_009431F0@@QAEXPAX0HHHHHHHH@Z,0x009441D0,392,game/Libraries/Source/WWVegas/WW3D2/Gen_00944360.cpp,reloc-derived;call-sites=1;identity=generated
?Render@DX8TextureCategoryClass@@QAEXXZ,0x00948BD0,4389,game/Libraries/Source/WWVegas/WW3D2/dx8renderer.cpp,reloc-derived;call-sites=1;identity=real
??0Rva0094D1E0List@@QAE@HH@Z,0x0094D1E0,101,game/GameEngineDevice/Source/W3DDevice/GameClient/W3DShrubBufferConstructor.cpp,reloc-derived;call-sites=4;identity=generated
?rva0094D250@Rva0094D1E0List@@QAEXABVBFMEWaterTrackTextureHandle@@@Z,0x0094D250,253,game/GameEngineDevice/Source/W3DDevice/GameClient/W3DShrubBufferRva0071DAF0.cpp,reloc-derived;call-sites=4;identity=generated
??1?$DynamicVectorClass@VVector4@@@@UAE@XZ,0x0094EA80,45,game/Libraries/Source/WWVegas/WW3D2/DynamicVectorVector4DeletingDestructor.cpp,reloc-derived;call-sites=1;identity=real
??1?$DynamicVectorClass@PAULegacyMaterialClass@MeshLoadContextClass@@@@UAE@XZ,0x0094EAB0,45,game/Libraries/Source/WWVegas/WW3D2/DynamicVectorLegacyMaterialDeletingDestructor.cpp,reloc-derived;call-sites=1;identity=real
?Free@HTreeClass@@AAEXXZ,0x00952230,42,game/Libraries/Source/WWVegas/WW3D2/HTreeClassLoadW3D.cpp,reloc-derived;call-sites=1;identity=real
?Set_Texture@Rva0095C7A0SegLineRendererClass@@QAEXPAVTextureClass@@@Z,0x0095C7A0,47,game/Libraries/Source/WWVegas/WW3D2/streak.cpp,reloc-derived;call-sites=1;identity=generated
?RenderStreak@StreakRendererClass@@QAEXAAVRenderInfoClass@@ABVMatrix3D@@IPAVVector3@@PAVVector4@@PAMABVSphereClass@@PAI@Z,0x0095CE80,12233,game/Libraries/Source/WWVegas/WW3D2/StreakLineRender.cpp,reloc-derived;call-sites=1;identity=real
?Render@SegLineRendererClass@@QAEXAAVRenderInfoClass@@ABVMatrix3D@@IPAVVector3@@ABVSphereClass@@PAVVector4@@@Z,0x00960A30,14081,game/Libraries/Source/WWVegas/WW3D2/ParticleBufferClassRenderLine.cpp,reloc-derived;call-sites=3;identity=real
??0AABTreeBuilderClass@@QAE@XZ,0x0096B350,22,game/Libraries/Source/WWVegas/WW3D2/MeshGeometryClass_Generate_Culling_Tree.cpp,reloc-derived;call-sites=1;identity=real
??1Gen_dtor_0096ea40@@UAE@XZ,0x0096E900,45,game/gen_small/dtors_009.cpp,reloc-derived;call-sites=1;identity=generated
??1Gen_dtor_009746f0@@UAE@XZ,0x00973F10,45,game/gen_small/dtors_010.cpp,reloc-derived;call-sites=1;identity=generated
??1Gen_dtor_00974710@@UAE@XZ,0x00973F90,45,game/gen_small/dtors_010.cpp,reloc-derived;call-sites=1;identity=generated
??1TextureRef@@QAE@XZ,0x00975010,12,game/Libraries/Source/WWVegas/WW3D2/Bitmap2DObjDestructor.cpp,reloc-derived;call-sites=1;identity=real
?Render@BfmeThingVGX@@QAEXAAVRenderInfoClass@@ABVMatrix3D@@IPAVVector3@@PAMABVSphereClass@@@Z,0x00975100,9814,game/Libraries/Source/WWVegas/WW3D2/simplestreak.cpp,reloc-derived;call-sites=1;identity=real
??1Gen_dtor_0097c950@@UAE@XZ,0x0097B720,45,game/gen_small/dtors_010.cpp,reloc-derived;call-sites=1;identity=generated
??1Gen_dtorv_0097bae0@@UAE@XZ,0x0097B750,45,game/gen_small/dtorsv_000.cpp,reloc-derived;call-sites=1;identity=generated
??1Gen_dtor_009815a0@@UAE@XZ,0x00981120,45,game/gen_small/dtors_010.cpp,reloc-derived;call-sites=1;identity=generated
??1Gen_dtor_009815c0@@UAE@XZ,0x009812E0,45,game/gen_small/dtors_010.cpp,reloc-derived;call-sites=1;identity=generated
?_M_insert_overflow@?$vector@U?$pair@PAVSubsystemInterface@@PAX@_STL@@V?$allocator@U?$pair@PAVSubsystemInterface@@PAX@_STL@@@2@@_STL@@IAEXPAU?$pair@PAVSubsystemInterface@@PAX@2@ABU32@ABU__false_type@2@I_N@Z,0x009A1E50,302,game/Libraries/Source/subsystem/SubsystemInterface.cpp,reloc-derived;call-sites=2;identity=real
?releaseContents@Rva009A2030OwnedRecord@@AAEXXZ,0x009A1F90,93,game/GameEngine/Source/Common/Rva009A2030OwnedRecordDtor.cpp,reloc-derived;call-sites=1;identity=generated
?bfmeAccept@BfmeSinkC@@QAEXPAVBfmeFlagTarget@@@Z,0x009A2FC0,27,game/GameEngine/Source/Common/S3InsertAndDescribe.cpp,reloc-derived;call-sites=1;identity=real
?bfmeOneCGD@BfmeThingCGD@@QAEXXZ,0x009A2FE0,193,game/GameEngine/Source/Common/BfmeConv597.cpp,reloc-derived;call-sites=1;identity=real
?bfmeTwoCGD@BfmeThingCGD@@QAEXXZ,0x009A30B0,333,game/GameEngine/Source/Common/BfmeConv597.cpp,reloc-derived;call-sites=1;identity=real
?unlinkChain@Rva009A36F0Owner@@QAEXPAVRva009A36F0Thing@@@Z,0x009A3630,190,game/GameEngine/Source/Common/Rva009A36F0Owner.cpp,reloc-derived;call-sites=1;identity=generated
?bfmeGlobalCGD@@YAXXZ,0x009A3AD0,1244,game/GameEngine/Source/Common/BfmeConv597.cpp,reloc-derived;call-sites=1;identity=real
??0Rva009A45A0CollisionData@@QAE@XZ,0x009A45A0,117,game/GameEngine/Source/Common/System/CollisionManagerConstructor.cpp,reloc-derived;call-sites=1;identity=generated
?d_009a5620@@YAXXZ,0x009A5620,477,game/masm_dumps/Rva009A5800Forward_009A5800.asm,reloc-derived;call-sites=1;identity=real
?bfmeInitD70@@YAXPAX0@Z,0x009A5D70,176,game/GameEngine/Source/Common/BfmeCheckJX.cpp,reloc-derived;call-sites=2;identity=real
?bfmeGo76A0@@YAXHPAHPAXHHH1@Z,0x009A76A0,177,game/GameEngine/Source/Common/BfmeGo7820.cpp,reloc-derived;call-sites=1;identity=real
?Rva009A86F0Allocate@@YAHPAX@Z,0x009A86F0,396,game/GameEngine/Source/Common/BfmeCheckJX.cpp,reloc-derived;call-sites=1;identity=generated
?d_009aa4f0@@YAXXZ,0x009AA4F0,600,game/GameEngine/Source/Common/Rva009AA8F0Dispatch.cpp,reloc-derived;call-sites=1;identity=real
?Rva009AB530BuildProbabilityTables@@YAXPAE_N@Z,0x009AB530,550,game/GameEngine/Source/Common/Rva009ABFC0DecodeFrame.cpp,reloc-derived;call-sites=1;identity=generated
?Rva009ADAA0@@YAXPAURva009AF200Context@@PAE1IIHPBI@Z,0x009ADAA0,727,game/GameEngine/Source/Common/Rva009AF0D0CopyPlane.cpp,reloc-derived;call-sites=1;identity=generated
?copyPlane009AEEE0@@YAXPAURva009AF200Context@@HHH@Z,0x009AEEE0,488,game/GameEngine/Source/Common/Rva009AF200CopyPlanes.cpp,reloc-derived;call-sites=3;identity=generated
?Rva009B2530@@YAXPAURva009A6130Context@@PAE1@Z,0x009B2530,1299,game/GameEngine/Source/Common/Rva009A6130PostFilterDispatch.cpp,reloc-derived;call-sites=2;identity=generated
?Rva009B2A50@@YAXPAURva009A6130Context@@PAE1@Z,0x009B2A50,1832,game/GameEngine/Source/Common/Rva009A6130PostFilterDispatch.cpp,reloc-derived;call-sites=2;identity=generated
?Rva009B4390CodecCall@@YAXPAXH0HHHHHHHHHHHH@Z,0x009B4390,607,game/GameEngine/Source/Common/Rva009AABB0CodecDispatch.cpp,reloc-derived;call-sites=2;identity=generated
?d_009b5420@@YAXXZ,0x009B5420,265,game/GameEngine/Source/Common/Rva009B5DB0Vp6DecodeBlock.cpp,reloc-derived;call-sites=4;identity=real
?Rva009B5530Prepare@@YAXPAURva009B5830State@@PAXH@Z,0x009B5530,768,game/GameEngine/Source/Common/Rva009B5830ReconstructBlock.cpp,reloc-derived;call-sites=1;identity=generated
?d_009b58f0@@YAXXZ,0x009B58F0,511,game/GameEngine/Source/Common/Rva009B5DB0Vp6DecodeBlock.cpp,reloc-derived;call-sites=6;identity=real
?Rva009B60E0BuildTree@@YAXPAI0H@Z,0x009B60E0,435,game/GameEngine/Source/Common/Rva009AB320BuildTables.cpp,reloc-derived;call-sites=3;identity=generated
?Rva009B65F0Update@@YAXPAEE@Z,0x009B65F0,331,game/GameEngine/Source/Common/Rva009ABFC0DecodeFrame.cpp,reloc-derived;call-sites=1;identity=generated
?Rva009B6740BuildTable@@YAXPAE@Z,0x009B6740,514,game/GameEngine/Source/Common/Rva009B6A30LoadTables.cpp,reloc-derived;call-sites=1;identity=generated
?_M_insert_overflow@?$vector@URva009CBFA0Elem@@V?$allocator@URva009CBFA0Elem@@@_STL@@@_STL@@IAEXPAURva009CBFA0Elem@@ABU3@ABU__false_type@2@I_N@Z,0x009CBE10,302,game/Libraries/Source/WWVegas/WWLib/Rva009CBFA0VectorPushBack.cpp,reloc-derived;call-sites=1;identity=generated
?bfmeApplyVTU@BfmeOwnVTU@@QAEXH@Z,0x009CC020,450,game/GameEngine/Source/Common/BfmeOwnVTUCtor.cpp,reloc-derived;call-sites=1;identity=real
?bfmeSkipPrefixed@Gen009D8C30@@QAEXXZ,0x009D8C30,110,game/Libraries/Source/xfer/xfer_load.cpp,reloc-derived;call-sites=3;identity=generated
?equal_range@?$_Rb_tree@GU?$pair@$$CBGE@_STL@@U?$_Select1st@U?$pair@$$CBGE@_STL@@@2@U?$less@G@2@V?$allocator@U?$pair@$$CBGE@_STL@@@2@@_STL@@QAE?AU?$pair@U?$_Rb_tree_iterator@U?$pair@$$CBGE@_STL@@U?$_Nonconst_traits@U?$pair@$$CBGE@_STL@@@2@@_STL@@U12@@2@ABG@Z,0x009EC410,83,game/GameEngine/Source/GameNetwork/ConnectionManager.cpp,reloc-derived;call-sites=1;identity=real
?clear@?$hashtable@U?$pair@$$CBHUGen_t_009ee630_p12cd@@@_STL@@HU?$hash@H@2@U?$_Select1st@U?$pair@$$CBHUGen_t_009ee630_p12cd@@@_STL@@@2@U?$equal_to@H@2@V?$allocator@U?$pair@$$CBHUGen_t_009ee630_p12cd@@@_STL@@@2@@_STL@@QAEXXZ,0x009EDAC0,86,game/gen_small/tgrid_131.cpp,reloc-derived;call-sites=1;identity=generated
?gen009EE320@@YAPAXXZ,0x009EE320,59,game/GameEngine/Source/Common/CachedPointerFills.cpp,reloc-derived;call-sites=2;identity=generated
?Rva009EEDF0Lookup@AssetRegistry@@QAEPBDI@Z,0x009EEDF0,197,game/GameEngine/Source/Common/Bfme/Rva009EC0D0AssetRegistryName.cpp,reloc-derived;call-sites=1;identity=generated
?bfmeReg1024@BfmeP1024@@QAEXPAVBfmeE1024@@@Z,0x009EF280,868,game/GameEngine/Source/Common/BfmeConv1024.cpp,reloc-derived;call-sites=1;identity=real
?m009EFD40@Q1Receiver0134FAAC@@QAEXPAUQ1ReceiverLocalSet@@@Z,0x009EFD40,504,game/GameEngine/Source/Common/Bfme/Q1Receiver0134FAAC_m009F0E50.cpp,reloc-derived;call-sites=2;identity=real
?refresh@Q1Receiver0134FAAC@@QAEXXZ,0x009EFF50,3177,game/GameEngine/Source/Common/Bfme/Q1Receiver0134FAAC_Gen009F1510.cpp,reloc-derived;call-sites=5;identity=real
?_M_insert_overflow@?$vector@UUpgrades@OCLSpecialPowerModuleData@@V?$allocator@UUpgrades@OCLSpecialPowerModuleData@@@_STL@@@_STL@@IAEXPAUUpgrades@OCLSpecialPowerModuleData@@ABU34@ABU__false_type@2@I_N@Z,0x009F36F0,302,game/Libraries/Source/WWVegas/WWLib/Rva009F3C00ResultAppend.cpp,reloc-derived;call-sites=2;identity=real
?calculate@Gen009F5040@@QAEXPAUGen009F5040Node@@PAH11@Z,0x009F4900,225,game/GameEngine/Source/Common/Gen009F5040Handle.cpp,reloc-derived;call-sites=2;identity=generated
?bfmeAccept@BfmeSinkD@@QAEXPAVBfmeFlagTarget@@@Z,0x009F49F0,27,game/GameEngine/Source/Common/S3InsertAndDescribe.cpp,reloc-derived;call-sites=1;identity=real
??$__copy_ptrs@PBUICoord2D@@PAU1@@_STL@@YAPAUICoord2D@@PBU1@0PAU1@ABU__false_type@0@@Z,0x009F4B40,46,game/GameEngine/Source/Common/VectorUICoord2DAssignThunk.cpp,reloc-derived;call-sites=2;identity=real
?cleanup@Gen_dtor_009f2600@@QAEXXZ,0x009F4ED0,163,game/GameEngine/Source/Common/Bfme/T_009F4FB0.cpp,reloc-derived;call-sites=3;identity=generated
?bfmeMakeWideResult@BfmeWideResultSource@@QAE?AUBfmeWideResult@@HHHHHH@Z,0x009F63D0,555,game/GameEngine/Source/Common/BfmeWideResultForward.cpp,reloc-derived;call-sites=4;identity=real
?png_set_gray_1_2_4_to_8@D3DX@@YGXPAUpng_struct_def@1@@Z,0x00A64FDE,11,inputs/vendor/d3dx9/d3dx9.lib,reloc-derived;call-sites=1;identity=real
?png_set_tRNS_to_alpha@D3DX@@YGXPAUpng_struct_def@1@@Z,0x00A64FE9,11,inputs/vendor/d3dx9/d3dx9.lib,reloc-derived;call-sites=1;identity=real
??0CStringStack@D3DXCore@@QAE@XZ,0x00A9AEF9,16,inputs/vendor/d3dx9/d3dx9.lib,reloc-derived;call-sites=3;identity=real
__EH_prolog,0x00B028A4,31,inputs/vendor/d3dx9/d3dx9.lib,reloc-derived;call-sites=1;identity=real
