uData	0x810120
Lang\%s\Lotr.csf	0x4389e0,0x855810,0x855ba0
data\lotr.str	0x4389e0
E99E8455-CC9B-488a-BA22-0E8A8F74F9FA	0x5f2b0,0x600f0
IMMOBILE	0x357fc0
CAN_ATTACK	0x6f0300,0x1cb4e0,0x1c09c0
DESTROYED	0x6f0300,0x1cb4e0,0x1c09c0
CATAPULT_ROCK	0x1c7cf0
FXParticleSystemInfo	0x5c990
Uncaught exception in Main::WndProc... probably should not happen 	0x5d18d
ImmDisableTextFrameService	0x600f0
IMM32.dll	0x600f0
lotrbfme.ico	0x5f2b0,0x67d580,0x67d620,0x50ba40,0x62ad50,0x66d260,0x66d540,0x82190,0x546920,0x68e090
rtsbuild	0x600f0
EALA-RTS-BUILD5	0x600f0
17:15:10	0x600f0
Nov 28 2005	0x600f0
%sSplash.bmp	0x600f0
%sSplash.jpg	0x600f0
-automatch	0x600f0
ELITE	0x20f000,0x20e380,0x1c08d0,0x1c50b0
VETERAN	0x20f000,0x20e380,0x1c08d0,0x1c50b0
MOVING	0x26cf90
FIRING_OR_PREATTACK_B	0x26cf90
FIRING_OR_PREATTACK_A	0x26cf90
ATTACKING	0x26cf90
FRONTCRUSHED	0x2fabe0,0x2fad50,0x1b9980,0x6f0300,0x1cb270,0x1c0930
TOPPLED	0x2fabe0,0x2fad50,0x1b9980,0x6f0300,0x1cb270,0x6eff30,0x1c0930
ARMOR	0x3678e0
ATTRIBUTE_NONE	0x3678e0
-noshellmap	0x63ba0
*.big	0x63ba0
Position	0x244b10
ControlPoint::ParseINIBlock::Invalid data passed in.	0x64680
Desync detected on frame %d on %u-%u-%u %u:%u:%u  	0x65470
CLIENT_DESYNC_%s.txt	0x65470
GameLogic changed outside of GameLogic::update()!	0x65470
Vector must be empty on load	0x372670,0x1f11e0,0x6b0a60,0xd7010,0x9d6c90,0x3c2830,0x65a60
std::vector	0x372670,0x1f11e0,0x6b0a60,0xd7010,0x9d6c90,0x3c2830,0x65a60
CRCParameterCheck	0x65d90
Default	0x5dfb50,0x5dfde0,0x5dece0,0x4ae080,0x4ade40,0x5e0070,0x1e0370,0x5e0300,0x5e0590,0x65f80
Function curve tangent angle value must be less than 89.9 degrees	0x697b0
Function curve does not have any keyframes	0x6acf0
'I' or 'O' expected, and only one of them	0x6adc0
OutPadding	0x6af00
InPadding	0x6af00
  Uncaught INI exception in GameEngine::update	0x6bc3e
-%i.exe	0x6c180
_EA_RTS_FILENAME=	0x6c180
_EA_RTS_HEADLESS=%i	0x6c180
Menus/BlankWindow.wnd	0x397190,0x4e88e0,0x6e7a0
Uncaught Exception during initialization.	0x7ac33
  Uncaught INI exception during initialization.	0x7abb8
ERROR:D3DFailureMessage	0x7aa03
ERROR:D3DFailurePrompt	0x7aa03
_EA_RTS_HEADLESS	0x79060,0x580150,0x6854f0
music.big	0x79060
lotra.sec	0x79060
lotrsec.big	0x79060
lotrb.sec	0x79060
TheGameResultsQueue	0x79060
TheGameState	0x79060
TheGameStateMap	0x79060
TheActionManager	0x79060
Lang\%s\CommandMap.ini	0x79060
TheVictorySystem	0x79060
TheLivingWorldCampaignManager	0x79060
TheHouseColorSystem	0x79060
TheMetaMap	0x79060
TheVictoryConditions	0x79060
TheRadar	0x79060
TheRecorder	0x79060
TheGameLogic	0x79060
ThePlayerList	0x79060
TheCrateSystem	0x79060
TheTeamFactory	0x79060
TheLuaScriptEngine	0x79060
TheScriptEngine	0x79060
TheTaintManager	0x79060
TheAttributeModifierStore	0x79060
TheSplineService	0x79060
TheLivingWorldLogic	0x79060
TheAerialPathfinder	0x79060
TheAI	0x79060
TheGameClient	0x79060
TheLivingWorldManager	0x79060
TheAptPlayer	0x79060
TheExperienceLevelSystem	0x79060
TheLightPointSystem	0x79060
TheThingFactory	0x79060
TheEmotionSystem	0x79060
TheBuildAssistant	0x79060
TheArmorStore	0x79060
TheDamageFXStore	0x79060
TheSpecialPowerStore	0x79060
TheLocomotorStore	0x79060
TheObjectCreationListStore	0x79060
TheWeaponStore	0x79060
TheFXListStore	0x79060
TheFXParticleSystemManager	0x79060
ThePlayerTemplateStore	0x79060
ThePlayerAITypeSet	0x79060
TheRankInfoStore	0x79060
TheCaveSystem	0x79060
TheSidesList	0x79060
TheMessageStream	0x79060
TheModuleFactory	0x79060
TheFunctionLexicon	0x79060
TheGlobalWeatherSystem	0x79060
TheCDManager	0x79060
TheTerrainRoads	0x79060
TheTerrainTypes	0x79060
TheMultiplayerSettings	0x79060
TheUpgradeCenter	0x79060
TheScienceStore	0x79060
TheEva	0x79060
TheAudio	0x79060
TheGameText	0x79060
TheGlobalLanguageData	0x79060
Data\INI\Environment.ini	0x79060
Data\INI\Default\Environment.ini	0x79060
Data\INI\Water.ini	0x79060
Data\INI\Default\Water.ini	0x79060
TheWritableGlobalData	0x79060
Data\INI\Default\SubsystemLegend.ini	0x79060
TheSubsystemLegend	0x79060
Lang\%s	0x79060
GameEngine	0x79060
UseHighQualityVideo	0x7e5f0,0x91030,0x560280
ShowProps	0x7e5f0,0x90fb0,0x560280
GrassDrawSkip	0x7e5f0,0x91560,0x560280
MaxParticleCount	0x7e5f0,0x914b0,0x560280
Medium	0x3a4c80
VeryLow	0x7cdb0,0x7cfb0
Unknown	0x91c230,0x7c4d0,0xad548e,0x906660
GameLODManager::getAudioLODIndex - Invalid LOD name '	0x7d0c0
Unknown Audio LOD level '%s'	0x7d560
Resolution	0x7e0f0,0x4331d0
%d %d	0x7e0f0,0x4331d0
FixedStaticGameLOD	0x7eeb0,0x7e0f0,0x90a00
StaticGameLOD	0x7e0f0,0x90970
IdealStaticGameLOD	0x7e0f0,0x90900
SmoothWaterBorder	0x7e5f0,0x90f20,0x560280
AnisotropicTextureFiltering	0x7e5f0,0x90d90,0x560280
TerrainLighting	0x7e5f0,0x90ea0,0x560280
FPSLimit	0x7e5f0,0x560280
DynamicLOD	0x7e5f0,0x91130,0x560280
BuildingOcclusion	0x7e5f0,0x91330,0x560280
UsePixelShader	0x7e5f0,0x90e10,0x560280
2DShadows	0x7e5f0,0x912b0,0x560280
3DShadows	0x7e5f0,0x91230,0x560280
TextureReduction	0x7e5f0,0x915e0,0x560280
BenchProfile = %s %d %f %f %f	0x7eeb0
Benchmark.txt	0x7eeb0
Data\INI\GameLOD.ini	0x7eeb0
  Option Type Mismatch : 	0x7f470
Unknown game detail option : 	0x7f470
337Munkee	0x7fbf0
MemberName	0x5531d0,0x80b60
nick_%s = %s 	0x80f40
date_%s = %s 	0x80f40
pass_%s = %s 	0x80f40
useProfiles = %s 	0x80f40
useProfiles	0x501b90,0x80f40,0x550ad0
lastName = %s 	0x80f40
lastName	0x5531d0,0x501b90,0x80f40,0x550ad0
lastEmail = %s 	0x80f40
lastEmail	0x5531d0,0x501b90,0x80f40,0x550ad0
%c%c%c%c	0x813d0
nick_	0x82190
date_	0x82190
pass_	0x82190
GameSpyLogin.ini	0x82970
FirewallPortAllocationDelta	0x66fdf0,0x560052
FirewallBehavior	0x90b80,0x66fdf0,0x560052
Gravity	0x5fe210
UserDataLeafName	0x109d10
APPDATA:PictureFolder	0x83dd0
Maps\ShellMap1\ShellMap1.map	0x84510
MOTD.txt	0x84510
Network.ini	0x86480
UserName	0x5195b0,0x4d3970,0x4d33d0,0x4d3650,0x870f0,0x86540
StartingSupplies	0x5195b0,0x871d0,0x86750,0xac870,0xa9910
Color	0x5195b0,0x8bf100,0x9ea10,0x81de40,0x8d0080,0x5f0530,0x68a900,0x689f00,0xa97c0,0xa9790,0xad8c0,0x86840,0x86f30,0x525ab0,0x9e650,0x9dc60,0xac2a0
PlayerTemplate	0x5195b0,0x9ea10,0x68a900,0x689f00,0xada80,0x87010,0x868d0,0x525ab0,0xac3b0
UseSystemMapDir	0x90780,0x52a940,0x529ec0,0xadb60,0xac480,0x869a0,0x525210
NumRemoteIPs	0x5195b0,0x4d2d80,0x86c00
RemoteIP%d	0x4d2d80,0x86c70
ObjectsList	0x88f50,0x87610
Object	0x88e20,0x87610
 MapObjectAmb %d %s	0x88480
%s %d	0x35a060,0x89dc0,0x89450,0x862b80
MSG_CAN_GRAB_HINT	0x8b600
MSG_JOIN_HORDE_HINT	0x8b600
MSG_GIVE_UPGRADE_HINT	0x8b600
MSG_OBJECT_JOINED_TEAM	0x8b600
MSG_OBJECT_ORIENTATION	0x8b600
MSG_OBJECT_POSITION	0x8b600
MSG_OBJECT_DESTROYED	0x8b600
MSG_OBJECT_CREATED	0x8b600
MSG_TIMESTAMP	0x8b600
MSG_END_NETWORK_MESSAGES	0x8b600
MSG_BEGIN_NETWORK_MESSAGES	0x8b600
MSG_DO_INVALID_HINT	0x8b600
MSG_DO_SALVAGE_HINT	0x8b600
MSG_SET_RALLY_POINT_HINT	0x8b600
MSG_DEFECTOR_HINT	0x8b600
MSG_SNIPE_VEHICLE_HINT	0x8b600
MSG_APT_SKIP_NEXT_MSG	0x8b600
MSG_CAPTUREBUILDING_HINT	0x8b600
MSG_CONVERT_TO_CARBOMB_HINT	0x8b600
MSG_FIREBOMB_HINT	0x8b600
MSG_HIJACK_HINT	0x8b600
MSG_ADD_WAYPOINT_HINT	0x8b600
MSG_DO_ATTACKMOVETO_HINT	0x8b600
MSG_DO_MOVETO_HINT	0x8b600
MSG_HARVEST_HINT	0x8b600
MSG_DOCK_HINT	0x8b600
MSG_CONTEST_HINT	0x8b600
MSG_ENTER_HINT	0x8b600
MSG_RESUME_CONSTRUCTION_HINT	0x8b600
MSG_DO_REPAIR_HINT	0x8b600
MSG_GET_HEALED_HINT	0x8b600
MSG_GET_REPAIRED_HINT	0x8b600
MSG_DO_FORCE_ATTACK_GROUND_HINT	0x8b600
MSG_DO_FORCE_ATTACK_OBJECT_HINT	0x8b600
MSG_DO_ATTACK_OBJECT_AFTER_MOVING_HINT	0x8b600
MSG_DO_ATTACK_OBJECT_HINT	0x8b600
MSG_AREA_SELECTION_HINT	0x8b600
MSG_INVALID_GUICOMMAND_HINT	0x8b600
MSG_VALID_GUICOMMAND_HINT	0x8b600
MSG_MOUSEOVER_LOCATION_HINT	0x8b600
MSG_MOUSEOVER_DRAWABLE_HINT	0x8b600
MSG_END_META_MESSAGES	0x8b600
MSG_BEGIN_META_MESSAGES	0x8b600
MSG_START_LIVING_WORLD_LOGIC	0x8b600
MSG_NEW_GAME	0x8b600
MSG_CLEAR_GAME_DATA	0x8b600
MSG_MOUSE_RIGHT_DOUBLE_CLICK	0x8b600
MSG_MOUSE_RIGHT_CLICK	0x8b600
MSG_MOUSE_MIDDLE_DOUBLE_CLICK	0x8b600
MSG_MOUSE_MIDDLE_CLICK	0x8b600
MSG_MOUSE_LEFT_DOUBLE_CLICK	0x8b600
MSG_MOUSE_LEFT_CLICK	0x8b600
MSG_RAW_KEY_UP	0x8b600
MSG_RAW_KEY_DOWN	0x8b600
MSG_RAW_MOUSE_END	0x8b600
MSG_RAW_MOUSE_WHEEL	0x8b600
MSG_RAW_MOUSE_RIGHT_DRAG	0x8b600
MSG_RAW_MOUSE_RIGHT_BUTTON_UP	0x8b600
MSG_RAW_MOUSE_RIGHT_DOUBLE_CLICK	0x8b600
MSG_RAW_MOUSE_RIGHT_BUTTON_DOWN	0x8b600
MSG_RAW_MOUSE_MIDDLE_DRAG	0x8b600
MSG_RAW_MOUSE_MIDDLE_BUTTON_UP	0x8b600
MSG_RAW_MOUSE_MIDDLE_DOUBLE_CLICK	0x8b600
MSG_RAW_MOUSE_MIDDLE_BUTTON_DOWN	0x8b600
MSG_RAW_MOUSE_LEFT_DRAG	0x8b600
MSG_RAW_MOUSE_LEFT_CLICK	0x8b600
MSG_RAW_MOUSE_LEFT_BUTTON_UP	0x8b600
MSG_RAW_MOUSE_LEFT_DOUBLE_CLICK	0x8b600
MSG_RAW_MOUSE_LEFT_BUTTON_DOWN	0x8b600
MSG_RAW_MOUSE_POSITION	0x8b600
MSG_RAW_MOUSE_BEGIN	0x8b600
MSG_INVALID	0x8b600
MSG_ENABLE_RETALIATION_MODE	0x8b600
MSG_CREATE_SELECT_ALL_GROUP	0x8b600
MSG_HORDE_SET_FORMATION	0x8b600
MSG_CALL_IN_REINFORCEMENTS	0x8b600
MSG_SUMMON_REINFORCEMENTS	0x8b600
MSG_START_SELF_REPAIR	0x8b600
MSG_WAKE_AUTO_PICKUP	0x8b600
MSG_TOGGLE_NO_AUTO_ACQUIRE	0x8b600
MSG_REVIVE	0x8b600
MSG_DO_AUTO_ABILITY_WEAPON	0x8b600
MSG_DO_AUTO_ABILITY	0x8b600
MSG_WEAPONSET_TOGGLE	0x8b600
MSG_DO_SPELLBOOK_SPECIAL_POWER	0x8b600
MSG_CREW_EVACUATE	0x8b600
MSG_ONE_RING	0x8b600
MSG_HORDE_TOGGLE_FORMATION	0x8b600
MSG_CHANGE_CAMERA_ARRIVED_AT_WAYPOINTID	0x8b600
MSG_AUTO_SAVE	0x8b600
MSG_MOVE_ARMY_TO_POSITION	0x8b600
MSG_DO_USER4	0x8b600
MSG_DO_USER3	0x8b600
MSG_DO_USER2	0x8b600
MSG_DO_USER1	0x8b600
MSG_SET_MINE_CLEARING_DETAIL	0x8b600
MSG_LOGIC_CRC	0x8b600
MSG_CREATE_FORMATION	0x8b600
MSG_SELF_DESTRUCT	0x8b600
MSG_SET_REPLAY_CAMERA	0x8b600
MSG_SET_BEACON_TEXT	0x8b600
MSG_REMOVE_BEACON	0x8b600
MSG_PLACE_BEACON	0x8b600
MSG_CLEAR_INGAME_POPUP_MESSAGE	0x8b600
MSG_DO_SALVAGE	0x8b600
MSG_DO_SPECIAL_POWER_OVERRIDE_DESTINATION	0x8b600
MSG_SNIPE_VEHICLE	0x8b600
MSG_CASTLE_UNPACK_EXPLICIT_OBJECT	0x8b600
MSG_CASTLE_PACK	0x8b600
MSG_CASTLE_UNPACK	0x8b600
MSG_CAPTUREBUILDING	0x8b600
MSG_CONVERT_TO_CARBOMB	0x8b600
MSG_SWITCH_WEAPONS	0x8b600
MSG_CLOSE_GATE	0x8b600
MSG_DO_CHEER	0x8b600
MSG_OPEN_GATE	0x8b600
MSG_DO_SCATTER	0x8b600
MSG_DO_STOP	0x8b600
MSG_DO_GUARD_OBJECT	0x8b600
MSG_DO_GUARD_POSITION	0x8b600
MSG_ADD_WAYPOINT	0x8b600
MSG_DO_FORCEMOVETO	0x8b600
MSG_DO_ATTACKMOVETO	0x8b600
MSG_DO_MOVETO	0x8b600
MSG_HARVEST	0x8b600
MSG_DOCK	0x8b600
MSG_ENTER	0x8b600
MSG_RESUME_CONSTRUCTION	0x8b600
MSG_DO_REPAIR	0x8b600
MSG_GET_HEALED	0x8b600
MSG_GET_REPAIRED	0x8b600
MSG_DO_FORCE_ATTACK_GROUND	0x8b600
MSG_DO_FORCE_ATTACK_OBJECT	0x8b600
MSG_DO_ATTACK_OBJECT	0x8b600
MSG_AREA_SELECTION	0x8b600
MSG_COMBINE_HORDES_WITH_OBJECT	0x8b600
MSG_COMBATDROP_AT_OBJECT	0x8b600
MSG_COMBATDROP_AT_LOCATION	0x8b600
MSG_SACRIFICE	0x8b600
MSG_EVACUATE_CONTESTERS	0x8b600
MSG_EVACUATE	0x8b600
MSG_EXIT	0x8b600
MSG_SELL	0x8b600
MSG_DOZER_CANCEL_CONSTRUCT	0x8b600
MSG_UNUSED	0x8b600
MSG_FOUNDATION_CONSTRUCT	0x8b600
MSG_CANCEL_UNIT_CREATE	0x8b600
MSG_QUEUE_UNIT_CREATE	0x8b600
MSG_CANCEL_UPGRADE	0x8b600
MSG_QUEUE_UPGRADE	0x8b600
MSG_PURCHASE_SCIENCE	0x8b600
MSG_SET_RALLY_POINT	0x8b600
MSG_DO_SPECIAL_POWER_AT_OBJECT	0x8b600
MSG_DO_SPECIAL_POWER_AT_LOCATION	0x8b600
MSG_DO_SPECIAL_POWER	0x8b600
MSG_DO_WEAPON_AT_OBJECT	0x8b600
MSG_DO_WEAPON_AT_LOCATION	0x8b600
MSG_DO_WEAPON	0x8b600
MSG_DO_ATTACKSQUAD	0x8b600
MSG_ADD_TEAM9	0x8b600
MSG_ADD_TEAM8	0x8b600
MSG_ADD_TEAM7	0x8b600
MSG_ADD_TEAM6	0x8b600
MSG_ADD_TEAM5	0x8b600
MSG_ADD_TEAM4	0x8b600
MSG_ADD_TEAM3	0x8b600
MSG_ADD_TEAM2	0x8b600
MSG_ADD_TEAM1	0x8b600
MSG_ADD_TEAM0	0x8b600
MSG_SELECT_TEAM9	0x8b600
MSG_SELECT_TEAM8	0x8b600
MSG_SELECT_TEAM7	0x8b600
MSG_SELECT_TEAM6	0x8b600
MSG_SELECT_TEAM5	0x8b600
MSG_SELECT_TEAM4	0x8b600
MSG_SELECT_TEAM3	0x8b600
MSG_SELECT_TEAM2	0x8b600
MSG_SELECT_TEAM1	0x8b600
MSG_SELECT_TEAM0	0x8b600
MSG_CREATE_TEAM9	0x8b600
MSG_CREATE_TEAM8	0x8b600
MSG_CREATE_TEAM7	0x8b600
MSG_CREATE_TEAM6	0x8b600
MSG_CREATE_TEAM5	0x8b600
MSG_CREATE_TEAM4	0x8b600
MSG_CREATE_TEAM3	0x8b600
MSG_CREATE_TEAM2	0x8b600
MSG_CREATE_TEAM1	0x8b600
MSG_CREATE_TEAM0	0x8b600
MSG_REMOVE_FROM_SELECTED_GROUP	0x8b600
MSG_DESTROY_SELECTED_GROUP	0x8b600
MSG_CREATE_SELECTED_GROUP_NO_SOUND	0x8b600
MSG_CREATE_SELECTED_GROUP	0x8b600
MSG_META_TOGGLE_FAST_FORWARD_MODE	0x8b600
MSG_META_DEMO_PERFORM_STATISTICAL_DUMP	0x8b600
MSG_META_SPELL_STORE	0x8b600
MSG_META_DELETE_BEACON	0x8b600
MSG_META_PLACE_BEACON	0x8b600
MSG_META_END_CAMERA_SCROLL_DOWN	0x8b600
MSG_META_BEGIN_CAMERA_SCROLL_DOWN	0x8b600
MSG_META_END_CAMERA_SCROLL_UP	0x8b600
MSG_META_BEGIN_CAMERA_SCROLL_UP	0x8b600
MSG_META_END_CAMERA_SCROLL_RIGHT	0x8b600
MSG_META_BEGIN_CAMERA_SCROLL_RIGHT	0x8b600
MSG_META_END_CAMERA_SCROLL_LEFT	0x8b600
MSG_META_BEGIN_CAMERA_SCROLL_LEFT	0x8b600
MSG_META_CAMERA_RESET	0x8b600
MSG_META_END_CAMERA_ZOOM_OUT	0x8b600
MSG_META_BEGIN_CAMERA_ZOOM_OUT	0x8b600
MSG_META_END_CAMERA_ZOOM_IN	0x8b600
MSG_META_BEGIN_CAMERA_ZOOM_IN	0x8b600
MSG_META_END_CAMERA_ROTATE_RIGHT	0x8b600
MSG_META_BEGIN_CAMERA_ROTATE_RIGHT	0x8b600
MSG_META_END_CAMERA_ROTATE_LEFT	0x8b600
MSG_META_BEGIN_CAMERA_ROTATE_LEFT	0x8b600
MSG_META_TOGGLE_ATTACKMOVE	0x8b600
MSG_META_ALL_CHEER	0x8b600
MSG_META_TAKE_SCREENSHOT	0x8b600
MSG_META_END_PREFER_SELECTION	0x8b600
MSG_META_BEGIN_PREFER_SELECTION	0x8b600
MSG_META_END_WAYPOINTS	0x8b600
MSG_META_BEGIN_WAYPOINTS	0x8b600
MSG_META_END_FORCEMOVE	0x8b600
MSG_META_BEGIN_FORCEMOVE	0x8b600
MSG_META_END_FORCEATTACK	0x8b600
MSG_META_BEGIN_FORCEATTACK	0x8b600
MSG_META_END_PATH_BUILD	0x8b600
MSG_META_BEGIN_PATH_BUILD	0x8b600
MSG_META_TOGGLE_CONTROL_BAR	0x8b600
MSG_META_TOGGLE_LOWER_DETAILS	0x8b600
MSG_META_OPTIONS	0x8b600
MSG_META_DIPLOMACY	0x8b600
MSG_META_CHAT_EVERYONE	0x8b600
MSG_META_CHAT_ALLIES	0x8b600
MSG_META_CHAT_BUDDIES	0x8b600
MSG_META_CHAT_PLAYERS	0x8b600
MSG_META_FOLLOW	0x8b600
MSG_META_AUTO_SAVE	0x8b600
MSG_META_CREATE_FORMATION	0x8b600
MSG_META_DEPLOY	0x8b600
MSG_META_STOP	0x8b600
MSG_META_SCATTER	0x8b600
MSG_META_SELECT_ALL	0x8b600
MSG_META_SELECT_HERO	0x8b600
MSG_META_VIEW_LAST_RADAR_EVENT	0x8b600
MSG_META_VIEW_HOME_BASE	0x8b600
MSG_META_SELECT_PREV_WORKER	0x8b600
MSG_META_SELECT_NEXT_WORKER	0x8b600
MSG_META_SELECT_PREV_UNIT	0x8b600
MSG_META_SELECT_NEXT_UNIT	0x8b600
MSG_META_SELECT_MATCHING_UNITS	0x8b600
MSG_META_VIEW_TEAM9	0x8b600
MSG_META_VIEW_TEAM8	0x8b600
MSG_META_VIEW_TEAM7	0x8b600
MSG_META_VIEW_TEAM6	0x8b600
MSG_META_VIEW_TEAM5	0x8b600
MSG_META_VIEW_TEAM4	0x8b600
MSG_META_VIEW_TEAM3	0x8b600
MSG_META_VIEW_TEAM2	0x8b600
MSG_META_VIEW_TEAM1	0x8b600
MSG_META_VIEW_TEAM0	0x8b600
MSG_META_ADD_TEAM9	0x8b600
MSG_META_ADD_TEAM8	0x8b600
MSG_META_ADD_TEAM7	0x8b600
MSG_META_ADD_TEAM6	0x8b600
MSG_META_ADD_TEAM5	0x8b600
MSG_META_ADD_TEAM4	0x8b600
MSG_META_ADD_TEAM3	0x8b600
MSG_META_ADD_TEAM2	0x8b600
MSG_META_ADD_TEAM1	0x8b600
MSG_META_ADD_TEAM0	0x8b600
MSG_META_SELECT_TEAM9	0x8b600
MSG_META_SELECT_TEAM8	0x8b600
MSG_META_SELECT_TEAM7	0x8b600
MSG_META_SELECT_TEAM6	0x8b600
MSG_META_SELECT_TEAM5	0x8b600
MSG_META_SELECT_TEAM4	0x8b600
MSG_META_SELECT_TEAM3	0x8b600
MSG_META_SELECT_TEAM2	0x8b600
MSG_META_SELECT_TEAM1	0x8b600
MSG_META_SELECT_TEAM0	0x8b600
MSG_META_CREATE_TEAM9	0x8b600
MSG_META_CREATE_TEAM8	0x8b600
MSG_META_CREATE_TEAM7	0x8b600
MSG_META_CREATE_TEAM6	0x8b600
MSG_META_CREATE_TEAM5	0x8b600
MSG_META_CREATE_TEAM4	0x8b600
MSG_META_CREATE_TEAM3	0x8b600
MSG_META_CREATE_TEAM2	0x8b600
MSG_META_CREATE_TEAM1	0x8b600
MSG_META_CREATE_TEAM0	0x8b600
MSG_META_VIEW_VIEW8	0x8b600
MSG_META_VIEW_VIEW7	0x8b600
MSG_META_VIEW_VIEW6	0x8b600
MSG_META_VIEW_VIEW5	0x8b600
MSG_META_VIEW_VIEW4	0x8b600
MSG_META_VIEW_VIEW3	0x8b600
MSG_META_VIEW_VIEW2	0x8b600
MSG_META_VIEW_VIEW1	0x8b600
MSG_META_SAVE_VIEW8	0x8b600
MSG_META_SAVE_VIEW7	0x8b600
MSG_META_SAVE_VIEW6	0x8b600
MSG_META_SAVE_VIEW5	0x8b600
MSG_META_SAVE_VIEW4	0x8b600
MSG_META_SAVE_VIEW3	0x8b600
MSG_META_SAVE_VIEW2	0x8b600
MSG_META_SAVE_VIEW1	0x8b600
OUT OF RANGE COMMAND %d	0x8b600
UNKNOWN COMMAND %d	0x8b600
AudioLOD	0x92810,0x90a90
Options.ini	0x904e0
CampaignDifficulty	0x920f0,0x90630
ScrollFactor	0x560280,0x906c0
SendDelay	0x560280,0x91e40
FirewallNeedToRefresh	0x90d00,0x66fcc0,0x66ffd0
HasSeenLogoMovies	0x913b0
HasGotOnline	0x91430,0x550ad0
VoiceVolume	0x560280,0x91880
MusicVolume	0x560280,0x91930
MovieVolume	0x560280,0x919e0
AmbientVolume	0x560280,0x91a90
LanguageFilter	0x91b40
TurnOffMessengerInGame	0x91bc0
AllHealthBars	0x560280,0x91cc0
AlternateMouseSetup	0x560280,0x91d40
UnitDecals	0x91dc0,0x560280
DisplayForeignLanguage	0x91f40
UseEAX3	0x91fc0,0x560280
HeatEffects	0x560280,0x92070
IPAddress	0x921d0,0x92350,0x923f0
%d.%d.%d.%d	0x4d3650,0x923f0,0x92710,0x908680,0x7e86d0,0x624c80
GameSpyIPAddress	0x924f0,0x92670,0x92710
Render.UseCloudMap	0x92d70
Data\INI\OptionRegistry.ini	0x92d70
"%s" Option registry value multiply defined at %s:%d	0x94010
String	0x8d0080,0x945a0
logicrandom = %i (%s, %i) 	0x96cf0
logicrandom = %f (%s, %i) 	0x96dd0
F:\bfme\Code\gameengine\Source\Common\RandomValue.cpp	0x97020
00000000	0x98b40
BFMEREPL	0x9b6c0,0x99490
Beast	0x5307b0,0x554510,0x546e00
Squire	0x5307b0,0x554510,0x546e00
Replays\	0x98a50
ReplayControl.wnd:ParentReplayControl	0x99980
%s%08d%s	0x99a40,0x99e10
    %02d: UNKNOWN ARGUMENT TYPE:%d	0x9a580
    %02d: String:%C	0x9a580
    %02d: TimeStamp:%d	0x9a580
    %02d: Pixel Region: (x:%d,y:%d) to (x:%d,y:%d)	0x9a580
    %02d: Pixel: (x:%d,y:%d)	0x9a580
    %02d: Coord3D: (x:%f,y:%f,z:%f), %%g(%g,%g,%g), %%x(%08x,%08x,%08x)	0x9a580
    %02d: LivingWorldUniqueID:%d	0x9a580
    %02d: TeamID:%d	0x9a580
    %02d: Drawable:INVALID	0x9a580
    %02d: Drawable:%s(%d)	0x9a580
    %02d: Object:INVALID(%d)	0x9a580
    %02d: Object:%s(%d) Relationship:%s	0x9a580
    %02d: Bool:%s	0x9a580
FALSE	0x17a8e0,0x9a580,0x179b10,0x179150,0x179740,0x178ea0,0x87f590,0x3df580,0x272800,0x3f2b60,0x352e80,0x1724b0,0x3f0f40,0x3f6090,0x3eb1f0,0x9095a0,0x2c8a20,0x66ffd0,0x1c3160,0x803320,0x907be0,0x3f2f60
    %02d: Real:%f, %%g(%g), %%x(%08x)	0x9a580
    %02d: Integer:%d	0x9a580
    %02d: Integer:%d (SpecialPower=%s)	0x9a580
    %02d: Integer:%d (ThingTemplate:%s)	0x9a580
UNKNOWN	0x9a580,0x198a10,0x9dfd60,0x9de410,0x903010,0x902a00,0x902b20,0x902ce0,0x902cb0,0x902c50,0x902de0,0x902d40,0x902d10,0x902ec0,0x902e80,0x902e10,0x902fd0,0x682ff0,0x902fb0,0x902f60,0x902f30,0x647810
    %02d: Integer:%d (Science:%s)	0x9a580
    %02d: Integer:%d (PlayerIndex)	0x9a580
 Frame:%d, %s(%d): 	0x9a580
  ======================================================== Player Index: %d, Name: %S(%s), Template: %s  ========================================================= 	0x9a580
  ======================================================== Player Index: %d NOT FOUND! This could be bad... ========================================================= 	0x9a580
GUI:LastReplay	0x9b6c0,0x4de8e0,0x56f1f0,0x4e1450,0x4e0740
TimePlayed	0x9c220,0x9c2c0
Points	0x9c370,0x9c410
Apt:TimePlayed	0x9c4b0
Mordor	0x9de50,0x57c340,0x9c6f0,0x596d40,0x1c9490,0x46fa50,0x46fbb0,0x3a0860,0x5674f0,0x566b10
Isengard	0x9de50,0x57c340,0x9c6f0,0x596d40,0x1c9490,0x46fa50,0x46fbb0,0x3a0860,0x5674f0,0x566b10
Rohan	0x9de50,0x57c340,0x9c6f0,0x596d40,0x46fa50,0x46fbb0,0x3a0860,0x5674f0,0x566b10
Gondor	0x9de50,0x57c340,0x9c6f0,0x596d40,0x46fa50,0x46fbb0,0x3a0860,0x5674f0,0x566b10
Losses	0x9c830,0x9c8d0
WinStreak	0x9c970,0x9ca10
LossStreak	0x9cab0,0x9cb50
BestWinStreak	0x9cbf0,0x9cc90
WorstLossStreak	0x9cd30
WorstLostStreak	0x9cdd0
OverallWinStreak	0x9ce70,0x9cea0
OverallBestWinStreak	0x9ced0,0x9cf00
OverallLossStreak	0x9cf60,0x9cf30
OverallWorstLossStreak	0x9cfc0,0x9cf90
PreferredSide	0x9d0f0,0x9d020,0x9cff0
PreferredSideName	0x9d050
FavoriteSide	0x9df90,0x9d1c0,0x9d260
Challenge	0x9d570,0x9d5a0
%s_%d	0x9d850,0x9d770,0x9d3890,0x9d37e0,0x9d3730
LastHouse	0x9d930,0x9d9d0
LoyalGames	0x9da60,0x9da90
ProfileCreatedDate	0x9dac0,0x9dbd0
SlotList	0x9e130,0x9dd30,0x9ddc0
Side:%s	0x9df90
UseMapListTooltips	0x9e130,0x52a940
SkirmishStats.ini	0x9f560,0x9e130
SkirmishStats.ini	0x9e130
UserNames	0x9f850,0x9fc90
Skirmish.ini	0x9f850
CurrentUserName	0x9fa60,0x9fbb0
ScoreKeeper_BuildingsLost 	0xa2420
ScoreKeeper_BuildingsBuilt 	0xa2420
ScoreKeeper_BuildingsDestroyed 	0xa2420
ScoreKeeper_UnitsLost 	0xa2420
ScoreKeeper_UnitsBuilt 	0xa2420
ScoreKeeper_UnitsDestroyed 	0xa2420
ScoreKeeper_MoneyEarned 	0xa2420
ScoreKeeper_MoneySpent 	0xa2420
Neutrals_Killed 	0xa2420
Enemies_Killed 	0xa2420
Allies_Killed 	0xa2420
AI_Units 	0xa2420
Player_Units 	0xa2420
Player_Money_Deposited 	0xa2420
Player_Money_Withdrawn 	0xa2420
Player_Money_Amount 	0xa2420
Other_Commands_(N/A) 	0xa2420
Scroll_Time_in_Seconds 	0xa2420
Scroll_Map_Commands 	0xa2420
Attack_Commands 	0xa2420
Move_Commands 	0xa2420
Build_Commands 	0xa2420
Instant_Net_FPS 	0xa2420
Instant_Average_FPS 	0xa2420
Time* 	0xa2420
---------------------------------------------------  	0xa2420
Side: %s 	0xa2420
Map: %s 	0xa2420
Date: %s	0xa2420
--------------------------------------------------- 	0xa2900,0xa2420
%.1f 	0xa2620
* Times are in Game Seconds which are based on logic FPS: current logic FPS is %d, max update FPS (game speed) is %d 	0xa2900
End Time: %s 	0xa2900
%s%s%s.txt	0xa29e0
_%b%d_%I%M%p	0xa29e0
Civilian	0xa2d40
LOD%d	0xa5d40,0x4e5df0
mordor	0x65b500,0xa5d40
isengard	0x65b500,0xa5d40
rohan	0x65b500,0xa5d40
gondor	0x65b500,0xa5d40
DefaultTerrain	0xa8680
MaxFPS	0xac8f0
Locale	0xa99d0,0xa99a0
CachedStats	0xa9a00,0xa9a90
MaxMessagesPerUpdate	0xa9b30
%s = %s 	0xa9f60
QMResLock	0xaa650
LoTRB4MEOnline\QMPref%d.ini	0xab6d0
LoTRB4MEOnline\CustomPref%d.ini	0x4d6420,0xab7f0
LoTRB4MEOnline\GSMiscPref%d.ini	0xab910
LoTRB4MEOnline\IgnorePref%d.ini	0xaba30
LastLadderAddr	0xabe20,0xad140,0xad7a0,0xac1b0
LastLadderPort	0xabea0,0xad140,0xad7a0,0xac230
MaxDisconnects	0xabf10,0xad260
MaxPoints	0xabf80,0xad340
MinPoints	0xabff0,0xad420
WaitTime	0xad500
NumPlayers	0xad5e0,0xac0d0
MaxPing	0xad6c0,0xac140
ChatSlider	0xad9a0
AllowObservers	0xadd20,0xac510
DisallowAsianText	0xade00,0xac590
DisallowNonAsianText	0xadee0,0xac610
UseLongGameList	0x856900,0xadc40
LoTRB4MEOnline\Ladders%d.ini	0xae0a0
%s:%d	0x60acb0,0xae520
somewhere	0xaea60
somebody	0xaea60
%d.%d	0xaec40
Version:Format2	0xaed00
Version:Format4	0xaee00
Version:Format3	0xaee00
%s %s	0x857eb0,0xaefa0
Version:BuildTime	0xaf080
Version:BuildMachine	0xaf220
Version:BuildUser	0xaf3b0
RiverNoiseTextures	0xaf660
RiverSparkleTextures	0xaf660
WaterSkyTextures	0xaf660
RiverAlphaEdgeTextures	0xaf660
WaterBumpMapTextures	0xaf660
RiverTextures	0xaf660
Sounds	0xb4e00
Priority	0x5be2f0,0x5ccab0
Delay	0xbb0e0,0x1f22d0
DEFAULT	0x1c0870,0x1c4cc0
ENEMIES	0x39f470
ALLIES	0x39f470
NORMAL	0xa417b5
Bad delay values for audio event %s	0xaff40
Bad pitch shift values for audio event %s	0xafff0
Slider:slidername expected after VolumeSliderMultiplier	0xb0990
Multiplier:number expected after VolumeSliderMultiplier = Slider:slidername	0xb0990
Multiplier	0xb0990
Slider	0xb0990
F:\bfme\Code\gameengine\Source\Common\Audio\AudioEventRTS.cpp	0xb3c60,0xb2430,0xb4840
lang\	0xb33f0
AmbientStreams	0xb4e00
Streams	0xb4e00
Music	0xb4e00
Height	0xb7e70,0x880780
TriggerArea	0xb7e70
TSMorningT.tga	0xb83b0
TSMorningW.tga	0xb83b0
TSMorningS.tga	0xb83b0
TSMorningE.tga	0xb83b0
TSMorningN.tga	0xb83b0
iniParseFXList -- FXList %s not found! Either add the FXList or remove the reference to it.	0xb8e80
ALL, NONE, + or - expected	0xb9d90,0xb8ff0
ALL, NONE, +, or - expected	0xb9100
InitialDelay	0xb9ea0,0x5be2f0,0x5ccab0
ReleaseTime	0xb9ea0
SustainTime	0xb9ea0
DecayTime	0xb9ea0
AttackTime	0xb9ea0
SustainOpacity	0xb9ea0
PeakOpacity	0xb9ea0
InitialOpacity	0xb9ea0
Label '%s' not found in game text	0xba9b0
 requested near line 	0xbd060
Unknown FX list 	0xbd060
'FCurve' expected	0xbd900
FCurve	0xbd900
description	0x7f3870,0x7f3c50
Human	0x393880
Player_%d_Start	0x390f90,0x455f60,0x454ef0,0x394260,0x38a9f0,0xc1e50,0x521160
Object	0x391c40,0x10fe90
%s %s 	0xc2a30
Unable to find water texture type '%s' 	0xc2bc0
Redefining road '%s' as a bridge! 	0xc2d70
Redefining bridge '%s' as a road!	0xc2ee0
Upgrade	0x352e80
TheVictorySystem has not been initialized!. 	0xc3060,0xc31b0
Could not find/create FactionVictoryParameters in iniParseFactionVictoryDefinition!. 	0xc31b0
neutral	0xc31b0
DefaultVideoData	0xc3480
TWWater01.tga	0xc3730
No water setting found for time of day '%s'	0xc37e0
Weapon	0x10fe90
SupplyWarehouseDockUpdate	0x2f52b0,0x32d300,0x12c2e0,0xe6220,0x165d50,0x164c10,0xc4e80,0x4445c0
GrabPassengerSpecialPower	0x12c2e0,0xc60e1
HANDICAP_	0xc8220
BUILDINGS	0xc8220
GENERIC	0xc8220
BUILDTIME	0xc8220
BUILDCOST	0xc8220
Disabled	0x415d50,0xcfe80
Available	0xcfe80
Upgrade_EasyAISinglePlayer	0xce560
Upgrade_MediumAISinglePlayer	0xce560
Upgrade_HardAISinglePlayer	0xce560
Upgrade_EasyAIMultiPlayer	0xce560
Upgrade_MediumAIMultiPlayer	0xce560
Upgrade_HardAIMultiPlayer	0xce560
List must be empty on load	0xd0d50,0x20bed0,0x3428a0,0xe66f0,0x344310,0x344530,0x344750
std::list	0xd0d50,0x20bed0,0x3428a0,0xe66f0,0x344310,0x344530,0x344750
Upgrade_ElvenGift	0xd48e0
Upgrade_Anduril	0xd48e0
Upgrade_GandalfWhite	0xd48e0
Upgrade_RohanFaction	0xd48e0
Upgrade_MordorFaction	0xd48e0
Upgrade_IsengardFaction	0xd48e0
Upgrade_GondorFaction	0xd48e0
Upgrade_EvilDualEconomyChoice	0xd48e0
Upgrade_MordorDualEconomyChoice	0xd48e0
Upgrade_IsengardDualEconomyChoice	0xd48e0
Upgrade_RohanDualEconomyChoice	0xd48e0
GUI:AddCash	0x218320,0xfebe0,0xd5160,0x24ed40,0x280ee0
AutoDepositUpdate	0xd7680,0x12c2e0
StealthUpdate	0x159ad0,0x299250,0x21cf70,0xd77b0,0x156b10,0x155b90,0x2ab690,0x22a860,0x1cabe0,0x2a9850,0x5a8a10,0x228050,0x1086c0,0x1cf9f0,0x2ad380,0x1ec8e0,0x2acd90,0x12c2e0,0x2ac440,0x226800,0x226cf0,0x4a4240,0x2a6c40,0x2a6e60
SpecialDisguiseUpdate	0xd77b0,0x1caf20,0x2a9850,0x269780,0x2a8ce0,0x12c2e0,0x4445c0
SkirmishHuman	0xdb020
PlayerHuman	0xdb020,0x619c40
FactionObserver	0xdb020,0x49fc90,0x51c2d0,0x493120,0x392d00,0x492400,0x394260,0x3865b0
ReplayObserver	0xdb020,0x394260,0x3865b0,0x2efc50
Player	0x525ab0
PlayerSkillPointsScalarTable	0xdd980
PlayerList	0xdfa60
GUI:PlayerObservingSpecificHuman	0xdfcd0
GUI:PlayerObservingAll	0xdfcd0
Faction	0xe0640
FactionGLAWarlordCommand	0xe0f30
FactionGLABiowarCommand	0xe0f30
FactionGLATerrorCell	0xe0f30
FactionGLAChooseAGeneral	0xe0f30
FactionGLA	0xe0f30
FactionChinaSecretPolice	0xe0f30
FactionChinaSpecialWeapons	0xe0f30
FactionChinaRedArmy	0xe0f30
FactionChinaChooseAGeneral	0xe0f30
FactionChina	0xe0f30
FactionAmericaAirForce	0xe0f30
FactionAmericaSpecialForces	0xe0f30
FactionAmericaTankCommand	0xe0f30
FactionAmericaChooseAGeneral	0xe0f30
FactionAmerica	0xe0f30
CONTROLBAR:UpgradeRequired	0xe4be0
CONTROLBAR:GeneralsPromotion	0xe4be0
CONTROLBAR:OrRequirement	0xe4be0
Science name %s not known! (Did you define it in Science.ini?)	0xe7240
SPECIAL_DAISY_CUTTER	0x1cb730,0x1c0a30
SPECIAL_INVALID	0x1cb730,0x1c0a30
Special power '%s' already defined	0xebe90
DefaultSpecialPower	0xebe90
LuaEventParameters	0xedc30
Set must be empty on load	0x76aea0,0xefb00,0x6ac930
std::set	0x76aea0,0xefb00,0x6ac930
' run on team 	0xf1430
Generic script '	0xf1430
GateOpenAndCloseBehavior	0x15d530,0xf1950,0x1d1020,0x397540,0x128780,0x14d120,0x12c2e0,0x4a4240,0x323460,0x322430,0x2f0a20,0x2f0b00
__TempTeam%d	0xf7cd0
RespawnUpdate	0xfa1b0,0x211d40,0x12c2e0,0xfab10,0x2147e0
HIGandalTheGrey	0xfa610,0x143890
SCIENCE_GandalftheWhite	0xfa610,0xfab10
GondorGandalf	0xfa610,0x143890,0x143730
SpellBookAnduril	0xfab10
SCIENCE_Anduril	0xfab10
SpellBookGandalfWhite	0xfab10
CA5F8EE2-0630-4ef3-BD73-D71F832CD25F	0x1020d0
_tmpChunk.dat	0x1036c0,0x102ba0
DISABLED_UNUSED	0x1c0870,0x1c4cc0
SpellStore.apt	0x599490
InGameChat.apt	0x511cc0
CampaignReview.apt	0x50dcb0
ScoreScreen.apt	0x5774e0
PlayerStatus.apt	0x52b2a0
Objectives.apt	0x52b2a0
QuitMenu.apt	0x5699b0
Skirmish.apt	0x579440
SaveLoad.apt	0x56bfa0
Options.apt	0x55e290
OnlineShell.apt	0x55c180
MainMenu.apt	0x4329d0,0x394260,0x580150
LoadScreen.apt	0x51bf30
LanLobby.apt	0x516c10
DisconnectScreen.apt	0x50e9a0
NEUTRAL	0x39f470
MORNING	0xc37e0
SMALL_MISSILE	0x357fc0
SUPPLY_GATHERING_CENTER	0x357fc0
SELECTABLE	0xd6cf0,0xcb330
OBSTACLE	0x357fc0,0xd6cf0,0xcb330
 -bigmemorysentinals	0x105df0
 -poolbigblocks	0x105df0
--nozerofillmemory	0x105df0
-nozerofillmemory	0x105df0
RADAR:Infiltration	0x1083d0
SOFTWARE\EA Games\The Battle for Middle-earth	0x109560
DisplayName	0x109560
The Battle for Middle-earth	0x109560
SOFTWARE\Electronic Arts\EA Games\The Battle for Middle-earth	0x109a20,0x109640
SOFTWARE\Electronic Arts\EA Games\The Battle for Middle-earth	0x109830
Language	0x109c10,0x886b00,0x7fccc0
english	0x109c10
UserDataLeafName	0x109de0
UseLocalUserMaps	0x109eb0
Version	0x109f60,0x62e8f0,0x886b00
MapPackVersion	0x109ff0,0x886b00
Upgrade_Veterancy_	0x10ad90
GUI:NotEnoughMoneyToUpgrade	0x10af70
DefaultUpgrade	0x10b140
ModelConditionFlagType	0x10bdc0
GameDifficulty	0x10bde0
CommandSourceType	0x10be00
WhichTurretType	0x10be20
Relationship	0x10be40
FormationID	0x10be60
WaypointID	0x10be80
WeaponSlotType	0x10bf40
PathfindLayerEnum	0x10bf60
RadarEventType	0x10bf80
SaveFileType	0x10bfa0
BuildableStatus	0x10bfc0
WeaponStatus	0x10bfe0
AttitudeType	0x10c000
AICommandType	0x10c020
TurretTargetType	0x10c040
ScaffoldTargetMotion	0x10c080
BodyDamageType	0x10c0a0
BodySideDestroyedType	0x10c0c0
LocomotorSetType	0x10c0e0
GuardTargetType	0x10c100
FlammabilityStatusType	0x10c120
DeployStateTypes	0x10c140
DamageFXType	0x10c160
DamageType	0x10c180
DeathType	0x10c1a0
StealthLookType	0x10c1c0
FXTrigger	0x76e4f0,0x42c980,0x10c200
GameClientRandomVariable::DistributionType	0x10c4d0
GlobalWeatherType	0x10c280
GlobalWeatherAffectsType	0x10c2a0
AttributeModifierCategoryType	0x10c2c0
ParticleSystemID	0x10c2e0
ParticleType	0x10c300
ParticlePriorityType	0x10c320
ParticleShaderType	0x10c340
WindMotion	0x5ff310,0x10c360
RotationType	0x10c380
BridgeTowerType	0x10c3a0
ObjectID	0x10c3c0
DrawableID	0x10c3e0
LivingWorldUniqueID	0x10c400
RespawnModeType	0x10c420
SiegeTypeEnum	0x10c440
ScienceType	0x10c5e0
KindOfType	0x10c980
UserData\Maps\	0x10f820,0x10f280,0x10f550,0x10e580
00000000	0x10ef70
G_EOF	0x10fbd0
Snapshot	0x10fbd0
CHUNK_Audio	0x10fbd0
CHUNK_Palantir	0x10fbd0
CHUNK_LivingWorldLogic	0x10fbd0
CHUNK_Campaign	0x10fbd0
CHUNK_GameState	0x111a40,0x10fbd0
%08d%s	0x110010
GUI:ErrorSavingGame	0x1103d2
GUI:GameSaveComplete	0x110170
GUI:Error	0x55a240,0x639950,0x53e870,0x4de460,0x4dd2b0,0x4fc7c0,0x551060,0x551620,0x1109cf,0x110170,0x1103d2,0x1104e4,0x62ea60,0x56db70,0x501b90,0x506720
GUI:MissionSave	0x110600
GUI:ErrorLoadingGame	0x1109cf
GUI:NewSaveGame	0x1121a0
GUI:AutoSaveName	0x3bdb80,0x1121a0
__AUTO#SAVE__	0x3bdb80,0x1121a0
GameStateMap	0x112a20
PristineMap	0x112a50
InUseMap	0x112bf0
EmbeddedMap	0x112da0
Module	0x88dc68,0x113b90
module data may not be null 	0x113c60,0x113da0
DrawableModule	0x417e20
GateProxyBehavior	0x1fd780,0x1d1020,0x397540,0x12c2e0,0x4a4240,0x11a260
Selectable	0x2f8a50
UpgradeSoundSelectorClientBehavior	0x12c2e0
Proxy	0x630160
ModelConditionSoundSelectorClientBehavior	0x12c2e0
you may not mix normal and +- ops in bitstring lists	0x61c870,0x29c7b0,0x850e70,0x1eb180,0x208810,0x368ea0,0x128510,0x141320,0x204770
Not likely to duplicate this name, is he, Fred?	0x128d20
KindOf	0x2274a0
Radius	0x5faae0,0x5f95c0
RandomSoundSelectorClientBehavior	0x12c2e0
AnimationSoundClientBehavior	0x12c2e0,0x604bc0
BeaconClientUpdate	0x397540,0x12c2e0,0x603100
SwayClientUpdate	0x418da0,0x2b1bc0,0x12c2e0,0x604540
AnimatedParticleSysBoneClientUpdate	0x12c2e0,0x602f60
CombineHordeSpecialPower	0x12c2e0,0x2597d0
RepairSpecialPower	0x12c2e0
SplitHordeSpecialPower	0x12c2e0
DevastateSpecialPower	0x12c2e0,0x25a840
PlayerHealSpecialPower	0x12c2e0
PlayerUpgradeSpecialPower	0x12c2e0,0x263ff0,0x263f90
ManTheWallsSpecialPower	0x12c2e0
FellBeastSwoopPower	0x12c2e0
WoundArrowUpdate	0x12c2e0,0x26e000
StopSpecialPower	0x12c2e0
SiegeDeployHordeSpecialPower	0x12c2e0,0x265ed0,0x265c30
SiegeDeploySpecialPower	0x1752a0,0x24ae60,0x3ea570,0x3e8e10,0x14ca60,0x12c2e0,0x206460,0x22c560,0x3237f0,0x176a50,0x2662d0
DeflectSpecialPower	0x12c2e0,0x25a410
DarknessSpecialPower	0x12c2e0
FreezingRainSpecialPower	0x12c2e0
TaintSpecialPower	0x12c2e0,0x26b690
CloudBreakSpecialPower	0x12c2e0
ScavengerSpecialPower	0x12c2e0
WeaponChangeSpecialPowerModule	0x12c2e0
ElvenWoodSpecialPower	0x12c2e0,0x25b510
OCLSpecialPower	0x12c2e0
ProductionSpeedBonus	0x12c2e0,0x264490
LevelGrantSpecialPower	0x12c2e0
DefectorSpecialPower	0x12c2e0,0x259fd0,0x259f90
CashHackSpecialPower	0x12c2e0,0x2582f0
SpecialPowerModule	0x12c2e0
RespawnBody	0x12c2e0,0x2146d0
PorcupineFormationBodyModule	0x12c2e0
OathbreakerBody	0x12c2e0
DetachableRiderBody	0x12c2e0
FreeLifeBody	0x12c2e0
DelayedDeathBody	0x12c2e0
SymbioticStructuresBody	0x12c2e0
StructureBody	0x12c2e0
ImmortalBody	0x12c2e0
HighlanderBody	0x12c2e0
ActiveBody	0x12c2e0
InactiveBody	0x12c2e0,0x147f10
CivilianSpawnCollide	0x12c2e0,0x217440,0x217430
SalvageCrateCollide	0x12c2e0
VeterancyCrateCollide	0x12c2e0,0x218ca0
UnitCrateCollide	0x12c2e0
ShroudCrateCollide	0x12c2e0,0x218770
MoneyCrateCollide	0x12c2e0,0x217d50
HealCrateCollide	0x12c2e0,0x217b10
HordeMemberCollide	0x12c2e0
AODCrushCollide	0x12c2e0
SquishCollide	0x1d29a0,0x12c2e0
FireWeaponCollide	0x12c2e0
EvacuateDamage	0x12c2e0
ReflectDamage	0x12c2e0
TransitionDamageFX	0x2523e0,0x12c2e0
BoneFXDamage	0x12c2e0
ExperienceLevelCreate	0x12c2e0,0x24f5e0,0x24f5a0
GrantUpgradeCreate	0x12c2e0,0x24f8e0
SpecialPowerCreate	0x12c2e0,0x2500b0
SupplyWarehouseCreate	0x12c2e0,0x2504a0
SupplyCenterCreate	0x12c2e0,0x2502f0
PreorderCreate	0x12c2e0,0x24feb0,0x24ff00
LockWeaponCreate	0x12c2e0,0x24fcb0
TemporarilyDefectUpdate	0x25aee0,0x593440,0x12c2e0,0x1c5620,0x2b0ba0
DominateEnemySpecialPower	0x12c2e0
PassiveAreaEffectBehavior	0x12c2e0
AudioLoopUpgrade	0x12c2e0
TooltipUpgrade	0x12c2e0
GarrisonUpgrade	0x12c2e0,0x2d52f0
GeometryUpgrade	0x12c2e0,0x2d5830
CastleUpgrade	0x12c2e0,0x2d3e80
AttributeModifierUpgrade	0x12c2e0
ModelConditionUpgrade	0x12c2e0
MaxHealthUpgrade	0x12c2e0
ExperienceScalarUpgrade	0x12c2e0
WeaponSetUpgrade	0x12c2e0
WeaponBonusUpgrade	0x12c2e0,0x2da390
UnpauseSpecialPowerUpgrade	0x12c2e0
ObjectCreationUpgrade	0x12c2e0,0x2d6bd0
LocomotorSetUpgrade	0x12c2e0,0x2d61d0,0x2d61b0
RadarUpgrade	0x12c2e0,0x1c3550,0x2d7b10
StealthUpgrade	0x12c2e0,0x2d8050
SubObjectsUpgrade	0x12c2e0,0x2d8400
StatusBitsUpgrade	0x12c2e0,0x2d7e20
LevelUpUpgrade	0x12c2e0,0x2d5f60
DelayedUpgrade	0x12c2e0
CommandSetUpgrade	0x12c2e0,0x2d4210
BaseUpgrade	0x12c2e0
ArmorUpgrade	0x12c2e0
CostModifierUpgrade	0x594ad0,0x12c2e0
EmotionTrackerUpdate	0x1d29a0,0x12c2e0,0x28fdf0
AttributeModifierPoolUpdate	0x1bf830,0x12c2e0,0x369da0,0x369d90
BloodthirstyUpdate	0x12c2e0
DetachableRiderUpdate	0x213010,0x12c2e0,0x2049a0,0x28d630
WallUpgradeUpdate	0x2b21e0,0x12c2e0,0x2b2350,0x2b2380
WorkerAIUpdate	0x12c2e0
FoundationAIUpdate	0x12c2e0,0x32c460
AnimalAIUpdate	0x12c2e0
WanderAIUpdate	0x12c2e0
TransportAIUpdate	0x12c2e0
RadarUpdate	0x2d7bd0,0x12c2e0
BoneFXUpdate	0x2af3d0,0x2ae520,0x12c2e0,0x2a38a0
RubbleRiseUpdate	0x12c2e0
StructureCollapseUpdate	0x12c2e0
StructureToppleUpdate	0x12c2e0
FadeAndDieOrnamentUpdate	0x1d9630,0x12c2e0
HijackerUpdate	0x216d90,0x12c2e0,0x295bb0
ProneUpdate	0x12c2e0,0x29fee0
ProductionUpdate	0x12c2e0
GloriousChargeUpdate	0x12c2e0,0x25e9b0
RousingSpeechUpdate	0x12c2e0
DozerAIUpdate	0x12c2e0
MonsterDockUpdate	0x12c2e0,0x2cda90
SupplyCenterProductionExitUpdate	0x12c2e0,0x2d2400
SpecialAbilityUpdate	0x12c2e0
AttributeModifierAuraUpdate	0x12c2e0,0x2801e0,0x280210
OCLUpdate	0x4aa980,0x12c2e0,0x4a2500,0x2989d0
SlavedUpdate	0x209bb0,0x12c2e0,0x2a42f0
SpawnPointProductionExitUpdate	0x12c2e0
DefaultProductionExitUpdate	0x12c2e0,0x2cfe50
LargeGroupAudioUpdate	0x12c2e0
GiveUpgradeUpdate	0x12c2e0
WeaponSetSpecialAbilityUpdate	0x12c2e0
HeroModeSpecialAbilityUpdate	0x12c2e0
WeaponFireSpecialAbilityUpdate	0x12c2e0
ToggleHiddenSpecialAbilityUpdate	0x2ad670,0x12c2e0,0x26c100
ToggleMountedSpecialAbilityUpdate	0x12c2e0,0x26c590,0x26c650
ModelConditionSpecialAbilityUpdate	0x12c2e0
WeaponModeSpecialPowerUpdate	0x12c2e0
ArrowStormUpdate	0x12c2e0
RepairDockUpdate	0x12c2e0,0x2cee00
QueueProductionExitUpdate	0x12c2e0
BattlePlanUpdate	0x12c2e0,0x4a4240
BannerCarrierUpdate	0x37f280,0x2323b0,0x12c2e0,0x2833a0
ShareExperienceBehavior	0x12c2e0
CivilianSpawnUpdate	0x12c2e0,0x28a3c0
AutoPickUpUpdate	0x12c2e0
DemoTrapUpdate	0x12c2e0,0x28c860
CommandButtonHuntUpdate	0x12c2e0,0x28ac00
LaserUpdate	0x27fd70,0x12c2e0,0x2a7010
SupplyTruckAIUpdate	0x12c2e0,0x2c5640
HordeWorkerAIUpdate	0x12c2e0
HordeAIUpdate	0x12c2e0,0x2c41d0
AIUpdateInterface	0x12c2e0
SiegeAIUpdate	0x12c2e0
HeightDieUpdate	0x12c2e0,0x2955e0
FloatUpdate	0x1d9630,0x12c2e0
FlammableUpdate	0x12c2e0,0x2efb20
FireWeaponUpdate	0x12c2e0,0x292c10
FireSpreadUpdate	0x293990,0x12c2e0,0x292770
PartTheHeavensUpdate	0x12c2e0
DestroyEnvironmentUpdate	0x12c2e0
RainOfFireUpdate	0x12c2e0
RadiusDecalUpdate	0x12c2e0
SpecialEnemySenseUpdate	0x12c2e0,0x2aaff0
OneRingPenaltyUpdate	0x12c2e0
LifetimeUpdate	0x23b7a0,0x1d9630,0x593440,0x372bd0,0x12c2e0
DelayedLuaEventUpdate	0x12c2e0,0x28bd60,0x2db5e0
ToppleUpdate	0x12c2e0,0x1c1530
LargeGroupBonusUpdate	0x12c2e0
GiantBirdAIUpdate	0x12c2e0
AssaultTransportAIUpdate	0x12c2e0
DeployStyleAIUpdate	0x12c2e0
DynamicShroudClearingRangeUpdate	0x12c2e0
DeletionUpdate	0x269130,0x12c2e0
DelayedWeaponSetUpgradeUpdate	0x12c2e0,0x28c340
BroadcastStealthUpdate	0x12c2e0,0x289a10
StealthDetectorUpdate	0x12c2e0,0x285920
AutoFindHealingUpdate	0x12c2e0,0x2814f0
AssistedTargetingUpdate	0x12c2e0
KeepObjectDie	0x12c2e0,0x2558c0,0x2558d0
UpgradeDie	0x12c2e0,0x256140
SpecialPowerCompletionDie	0x12c2e0,0x255ea0
CreateObjectDie	0x2be4a0,0x12c2e0,0x2546d0
RefundDie	0x12c2e0
CreateCrateDie	0x12c2e0,0x253ed0,0x253ec0
HeroDie	0x12c2e0,0x1c7e60,0x2556c0
CrushDie	0x12c2e0
FXListDie	0x12c2e0
DestroyDie	0x12c2e0,0x147f10
SlaveWatcherBehavior	0x12c2e0
ReplenishUnitsBehavior	0x12c2e0,0x204650
RunOffMapBehavior	0x12c2e0,0x2050e0,0x2050b0
ClearanceTestingSlowDeathBehavior	0x12c2e0,0x1f70a0
SupplyWarehouseCripplingBehavior	0x12c2e0
PoisonedBehavior	0x12c2e0
FireWeaponWhenDeadBehavior	0x12c2e0
FireWeaponWhenDamagedBehavior	0x12c2e0
PropagandaTowerBehavior	0x12c2e0
SlaughterHordeContain	0x12c2e0
RiderChangeContain	0x12c2e0
ContestableContain	0x12c2e0
HordeGarrisonContain	0x12c2e0,0x249070
HordeTransportContain	0x12c2e0
TunnelContain	0x12c2e0
HordeSiegeEngineContain	0x12c2e0
SiegeEngineContain	0x12c2e0
TransportContain	0x12c2e0
GarrisonContain	0x12c2e0,0x21d9b0
AODHordeContain	0x12c2e0
HorseHordeContain	0x12c2e0
HordeContain	0x12c2e0
HealContain	0x12c2e0
CritterEmitterUpdate	0x12c2e0
DynamicPortalBehaviour	0x1f8ab0,0x12c2e0,0x1f8c80
WargBehavior	0x12c2e0,0x20d9d0
OathbreakersFadeAwayBehavior	0x12c2e0,0x201c30
SpawnUnitBehavior	0x12c2e0,0x20d170
OpenContain	0x12c2e0,0x226440
CaveContain	0x12c2e0
GiantBirdSlowDeathBehavior	0x12c2e0
SpawnBehavior	0x12c2e0,0x20b010
SlowDeathBehavior	0x12c2e0,0x207d10
InstantDeathBehavior	0x12c2e0
PhysicsBehavior	0x1d29a0,0x12c2e0
BezierProjectileBehavior	0x12c2e0
AimWeaponBehavior	0x12c2e0,0x1ecff0
DualWeaponBehavior	0x2f6b90,0x2f6ca0,0x12c2e0,0x1f7f20
AutoAbilityBehavior	0x597130,0x397540,0x2f6d70,0x2f6eb0,0x12c2e0,0x4a6e20
SiegeDockingBehavior	0x239e00,0x2ff0c0,0x2ff430,0x12c2e0,0x447f10,0x2666a0,0x2fee90
ClickReactionBehavior	0x12c2e0
HitReactionBehavior	0x12c2e0,0x2002b0
EntEnragedUpdate	0x293e50,0x372bd0,0x294410,0x12c2e0
EnragedBehavior	0x12c2e0,0x1c1ea0
RampageBehavior	0x12c2e0
BridgeTowerBehavior	0x12c2e0
BridgeScaffoldBehavior	0x12c2e0
BridgeBehavior	0x12c2e0,0x1f3610
BuildingBehavior	0x12c2e0
CastleMemberBehavior	0x2bac00,0x2ba390,0x419f00,0x41ebd0,0x373220,0x372e40,0x376590,0x36bb10,0x36f1b0,0x36f4d0,0x12c2e0,0x4a4240,0x374420
GettingBuiltBehavior	0x12c2e0
AutoHealBehavior	0x2a9850,0x2a8540,0x12c2e0
ENTRY MISSING: ObjectStatusOfContained entry required within ContainModule for %s.	0x1354d0
***TESTING	0x139b40,0x139d00,0x137e20,0x137e80
Un-namedTemplate	0x137e80
newObj %s id %i	0x138520
F:\bfme\Code\gameengine\Source\Common\Thing\ThingFactory.cpp	0x138520
DefaultThingTemplate	0x139b40
ObjectReskin must come after the original Object (%s, %s).	0x139d00
ChildObject must come after the original Object (%s, %s).	0x139d00
Thing,Class,Draw,Tag,Model,Verts,Polys,Skel,Anim,Frames,Texture,Width,Height,Depth,TexTotl,File,Line,Desc 	0x13ad30
Expected oldMode to be MODULEPARSE_NORMAL	0x13e210,0x13e280
shadow	0x13e2f0,0x7b4340
shadows	0x13e2f0
HPGandalfGrey	0x143730
Conditions	0x2e9aa0,0x2e9680
addModuleInfo - ERROR defining module '%s' on thing template '%s'. The module '%s' has the tag '%s' which must be unique among all modules for this object, but the tag '%s' is also already on client behavior module '%s' within this object.  Please make unique tag names within an object definition.	0x145420
addModuleInfo - ERROR defining module '%s' on thing template '%s'. The module '%s' has the tag '%s' which must be unique among all modules for this object, but the tag '%s' is also already on update module '%s' within this object.  Please make unique tag names within an object definition.	0x145420
addModuleInfo - ERROR defining module '%s' on thing template '%s'. The module '%s' has the tag '%s' which must be unique among all modules for this object, but the tag '%s' is also already on draw module '%s' within this object.  Please make unique tag names within an object definition.	0x145420
addModuleInfo - ERROR defining module '%s' on thing template '%s'. The module '%s' has the tag '%s' which must be unique among all modules for this object, but the tag '%s' is also already on behavior module '%s' within this object.  Please make unique tag names within an object definition.	0x145420
ReplaceModule must specify a new, unique tag for the replaced module, but you are not doing so for %s (%s) for object %s.	0x1458a0
ReplaceModule must replace modules with another module of the same type, but you are attempting to replace a %s with a %s for object %s.	0x1458a0
You must use AddModule to add modules in override INI files.	0x1458a0
No Body allowed here	0x1458a0
Only Body allowed here	0x1458a0
W3DDefaultDraw	0x6bffe0,0x1ca550,0x147f10
LTA_%sW3DDefaultDraw	0x147f10
LTA_%sInactiveBody	0x147f10
LTA_%sDestroyDie	0x147f10
F:\bfme\Code\gameengine\Source\GameLogic\Ai\AerialPathfind.cpp	0x149470
PTStump02	0x14b150
TreeF02	0x14b150
TreeF03	0x14b150
MARKER:AIGroup	0x14b8c0
MARKER:TAiData	0x14b8c0
Structure	0x38c1e0
PlyrCreeps	0x373b30,0x392d00,0x168ed0,0x14d120
AIDockMachine	0x14f7c0
CritterDesync: setAdjustDestination(FALSE) 1	0x14ec80
CritterDesync: setAdjustDestination(FALSE) 2	0x14ef00
AIDockApproachState	0x14f7c0
AIDockWaitForClearanceState	0x14f7c0
AIDockMoveToEntryState	0x14f7c0
AIDockMoveToDockState	0x14f7c0
AIDockMoveToRallyState	0x14f7c0
AIDockMoveToExitState	0x14f7c0
AIDockProcessDockState	0x14f7c0
F:\bfme\Code\gameengine\Source\GameLogic\Ai\AIGroup.cpp	0x159ad0,0x158a40,0x157be0,0x156c60,0x155b90,0x154ce0
AIGuardMachine	0x16faa0
F:\bfme\Code\gameengine\Source\GameLogic\Ai\AIGuard.cpp	0x15ca00
CritterDesync: setAdjustDestination(TRUE) 3	0x15ca00
AIAttackPickUpCrateState	0x15d1d0,0x18afb0,0x181f60,0x185a20,0x184a40
AIGuardInner	0x15ce00
AIGuardIdleState	0x15d1d0
AIGuardOuter	0x15ced0
AIGuardReturn	0x15d1d0
AIGuardReturnState	0x15cfb0
AIGuardAttackAggressorState	0x15d090,0x15d100
AIGuardRetaliateMachine	0x15f240
AIGuardRetaliateReturn	0x15f240
AIGuardRetaliateReturnState	0x15ec90
AIGuardRetaliateAttackAggressorState	0x15f070
AIHarvestMachine	0x15fe90
F:\bfme\Code\gameengine\Source\GameLogic\Ai\AIHarvest.cpp	0x15f760
AIHarvestApproachSiteState	0x15fe90
AIHarvestPrepareSiteState	0x15fe90
AIHarvestWorkSiteState	0x15fe90,0x15fe80
AIPlayer	0x6386f0,0x160e40
TeamInQueue	0x160f70
 - team disbanded, build time expired.	0x161a60
 - team activated.	0x162560
F:\bfme\Code\gameengine\Source\GameLogic\Ai\AIPlayer.cpp	0x163220
 - Building completed.	0x371650,0x162d30
' has no Home Position (or Origin).	0x1699c0,0x163220
Error : team '	0x1699c0,0x163220
**AI** Selecting team to build	0x163220
 queues 	0x1636d0
 lacks factory to build upgrade 	0x1636d0
 at this time.  Ignoring request.	0x1636d0
 lacks money to build upgrade 	0x1636d0
 completed.  Ignoring request.	0x1636d0
 queued.  Ignoring request.	0x1636d0
 already has upgrade 	0x1636d0
 is an object, not a player upgrade.  Ignoring request.	0x1636d0
Player build upgrade: Upgrade 	0x1636d0
 does not exist.  Ignoring request.	0x1636d0
Upgrade 	0x1636d0
 - contains 0 buildable units.	0x1650f0
 - starting team build.	0x1650f0
' because required factories/tech don't exist.	0x1650f0
Unable to build team '	0x1650f0
' but there is enough money.	0x1650f0
Note - queueing team '	0x1650f0
' because team already exists.	0x1699c0,0x167930,0x1650f0
Unable to build singleton team '	0x1650f0
' because build units is disabled.	0x1650f0
Can't build team '	0x1650f0
DOZER - building one at the 	0x1657e0
Supply truck - building one at the 	0x165d50
 for 	0x3107f0
 from team '	0x1699c0,0x167930,0x167e80,0x167080
' recruits 	0x1699c0,0x167930,0x167e80,0x167080
Team '	0x1699c0,0x167930,0x167e80,0x167080
 - AutoReinforcing one 	0x167080
 - Recruited 0 units, disbanding.	0x1699c0,0x167930
 - Finished recruiting.	0x1699c0,0x167930
 - Recruiting.	0x1699c0,0x167930
Unable to recruit singleton team '	0x1699c0,0x167930
 acquiring target enemy player: 	0x168ed0
AttackContesterStateMachine	0x16ac50
MoveOntoWallStateMachine	0x181d20
CritterDesync: ComputePath4	0x16b380
CritterDesync: ComputePath7	0x16b550
CritterDesync: ComputePath9	0x16b840
CritterDesync: ComputePath21	0x16bd60
CritterDesync: setAdjustDestination(TRUE) 38	0x16c0a0
F:\bfme\Code\gameengine\Source\GameLogic\Ai\AIStates.cpp	0x17b840,0x17b060,0x17b310,0x17b490,0x17b680,0x17a8e0,0x17aec0,0x179b10,0x179150,0x178c30,0x178470,0x173fb0,0x172e70,0x172180,0x172600,0x170020,0x177a90,0x1888b0,0x16dce0,0x16de50,0x16c480,0x183e40,0x182f70
FUCK OFF DESYNC: AIAttackFireDuringApproachState::computePath will call FindMeleeEngagmentLocation with pos=%f,%f	0x16d5f0
AIIdleState::onEnter() called for object %s(%d) at location %g,%g,%g.	0x170020
FailureState	0x180810
ContinueState	0x170ea0
AIStartAttackObjState	0x185a20
AIBusyState	0x185a20,0x170fa0
AIBackAwayAndCowerState	0x185a20
AIAttackMeleeHordeWaitState	0x1710c0,0x171110
AIAttackMeleeHordeWaitPathState	0x171120
AIAttackAimAtTargetState	0x181670,0x180810,0x180ee0
AIWaitState	0x185a20
AIWaitUntilFinishedFiringState	0x171b40,0x1812b0,0x181670,0x180810,0x180ee0,0x1712a0
AIAttackFireWeaponState	0x171b40,0x1712c0,0x18db60,0x1812b0,0x181670,0x180810,0x180ee0,0x171310
AIAttackSquadState	0x185a20
AIDeadState	0x185a20
AIDockState	0x185a20
AIHarvestState	0x185a20
AIHordeEnterState	0x185a20
AIHordeExitState	0x185a20
AIMeleeReAcquireState	0x180ee0,0x1715f0
AIExitState	0x1819f0,0x185a20,0x171660
AIGuardState	0x185a20,0x171740
AIGuardRetaliateState	0x185a20
AITunnelNetworkGuardState	0x185a20
AIHuntState	0x185a20,0x171890
AIAttackAreaState	0x185a20
AICowerState	0x182190,0x185a20
AIQuarrelState	0x185a20
AIRampageState	0x185a20
AIMoveOntoWallState	0x185a20,0x171da0
AIIdleState	0x1720d0,0x181f60,0x185a20,0x184a40,0x172140
CritterDesync: getAdjustsDestination1 - m_adjustsDestinations = %s	0x1724b0
CritterDesync: getAdjustsDestination1 - isAllowedToAdjustDestination FALSE, returning FALSE.	0x1724b0
CritterDesync: getAdjustsDestination1 - parachuting returning FALSE.	0x1724b0
CritterDesync: getAdjustsDestination() entered.	0x1724b0
CritterDesync: AIInternalMoveToState::onEnter() ComputePath1 succeeded. m_goalPosition=%g,%g,%g	0x172600
CritterDesync: AIInternalMoveToState::onEnter() ComputePath1 failed. m_goalPosition=%g,%g,%g	0x172600
CritterDesync: AIInternalMoveToState::onEnter() calling ComputePath1. m_goalPosition=%g,%g,%g	0x172600
CritterDesync: AIInternalMoveToState::onEnter() getLengthEstimate2D fails. m_goalPosition=%g,%g,%g	0x172600
CritterDesync: AIInternalMoveToState::onEnter() blah3. m_goalPosition=%g,%g,%g	0x172600
CritterDesync: AIInternalMoveToState::onEnter() blah2. m_goalPosition=%g,%g,%g	0x172600
CritterDesync: AIInternalMoveToState::onEnter() blah1. m_goalPosition=%g,%g,%g	0x172600
CritterDesync: AIInternalMoveToState::onEnter() getLengthEstimate2D succeeds. m_goalPosition=%g,%g,%g	0x172600
CritterDesync: AIInternalMoveToState::onEnter() post-UpdateGoalPosition. m_goalPosition=%g,%g,%g	0x172600
CritterDesync: AIInternalMoveToState::onEnter() AdjustDestination succeeded. m_goalPosition=%g,%g,%g	0x172600
CritterDesync: AIInternalMoveToState::onEnter() post-SnapClosestGoalPosition. m_goalPosition=%g,%g,%g	0x172600
CritterDesync: AIInternalMoveToState::onEnter() AdjustDestination failed, snap pos. m_goalPosition=%g,%g,%g	0x172600
CritterDesync: AIInternalMoveToState::onEnter() will adjustDestination	0x172600
CritterDesync: AIInternalMoveToState::onEnter() pre-adjustDestination. m_goalPosition=%g,%g,%g	0x172600
CritterDesync: AIInternalMoveToState::onEnter() immobile, returning STATE_FAILURE	0x172600
CritterDesync: AIInternalMoveToState::onEnter() entered. Object %s(%d) m_goalPosition=%g,%g,%g	0x172600
CritterDesync: ComputePath2	0x172e70
AIMoveToState	0x183af0,0x1819f0,0x185a20
CritterDesync: setAdjustDestination(FALSE) 5	0x173470,0x1737c0
AIMoveToStateSA	0x185a20,0x173670
CritterDesync: setAdjustDestination(TRUE) 6	0x173990
CritterDesync: setAdjustDestination(TRUE) 8	0x173b20
CritterDesync: setAdjustDestination(FALSE) 9	0x173b90
CritterDesync: setAdjustDestination(FALSE) 10	0x173c70
CritterDesync: setAdjustDestination(FALSE) 12	0x173e50
CritterDesync: setAdjustDestination(FALSE) 14	0x173fb0
AIUncontrollableCower	0x174500
CritterDesync: setAdjustDestination(FALSE) 15	0x174730
VoiceDesperateAttack	0x5aa450,0x174a20
CritterDesync: setAdjustDestination(FALSE) 17	0x174a20
CritterDesync: setAdjustDestination(TRUE) 22	0x174e10
CritterDesync: setAdjustDestination(FALSE) 21	0x174e10
CritterDesync: ComputePath13	0x176070
CritterDesync: setAdjustDestination(FALSE) 27	0x176070
33s?CritterDesync: ComputePath14	0x176250,0x2310f0,0x6c1560,0x740cf0,0x9de866
CritterDesync: ComputePath17	0x1766f0
CritterDesync: setAdjustDestination(FALSE) 30	0x176a50
CritterDesync: ComputePath18	0x176a50
CritterDesync: setAdjustDestination(TRUE) 32	0x176f70
CritterDesync: ComputePath19	0x176f70
CritterDesync: setAdjustDestination(FALSE) 31	0x176f70
CritterDesync: ComputePath20	0x177320
CritterDesync: ComputePath23	0x177720
CritterDesync: ComputePath25	0x177720
CritterDesync: ComputePath24	0x177720
AIAttackFireDuringApproachState::computePath[2] will call FindMeleeEngagmentLocation with %f,%f (m_goalPosition:%f,%f = m_prevVictimPosition:%f, %f;)	0x177a90
masiwar called by AIAttackMeleeEngageState::computePath [1]	0x177a90
CritterDesync: setAdjustDestination(FALSE) 34	0x177a90
CritterDesync: ComputePath26	0x177a90
AIAttackMeleeEngageState	0x17f8d0
CritterDesync: ComputePath28	0x178470
masiwar called by AIAttackMeleeEngageState::updateInternal [1]	0x178470
CritterDesync: setAdjustDestination(TRUE) 37	0x178c30
CritterDesync: ComputePath31	0x178e30
CritterDesync: setAdjustDestination(m_adjustFinal=%s) 41	0x178ea0
CritterDesync: setAdjustDestination(FALSE) 40	0x178ea0
CritterDesync: setAdjustDestination(FALSE) 39	0x178ea0
CritterDesync: ComputePath32	0x179150
CritterDesync: setAdjustDestination(m_adjustFinal=%s && (m_adjustFinalOverride=%s || ai->isDoingGroundMovement()=%s) 43	0x179150
CritterDesync: setAdjustDestination(FALSE) 42	0x179150
AIFollowPathAsTeamState	0x185a20,0x1795e0
CritterDesync: ComputePath34	0x1795f0
CritterDesync: ComputePath33	0x1795f0
CritterDesync: setAdjustDestination(m_adjustFinal=%s) 46	0x179740
CritterDesync: setAdjustDestination(FALSE) 45	0x179740
CritterDesync: setAdjustDestination(nextPos=%s) 44	0x179740
VALID	0x179740,0x3f0340,0x274e30
CritterDesync: ComputePath35	0x179b10
CritterDesync: setAdjustDestination(m_adjustFinal=%s && (m_adjustFinalOverride=%s || ai->isDoingGroundMovement()=%s) 48	0x179b10
CritterDesync: setAdjustDestination(FALSE) 47	0x179b10
CritterDesync: setAdjustDestination(FALSE) 53	0x17a600
CritterDesync: setAdjustDestination(TRUE) 52	0x17a600
CritterDesync: setAdjustDestination(FALSE) 51	0x17a600
CritterDesync: setAdjustDestination(ai->isDoingGroundMovement()=%s) 55	0x17a8e0
CritterDesync: setAdjustDestination(FALSE) 54	0x17a8e0
CritterDesync: ComputePath39	0x17b060
CritterDesync: ComputePath40	0x17b840
AIAttackState	0x17c910
GondorTrebuchet	0x17cae0
CritterDesync: setAdjustDestination(FALSE) 57	0x17d8c0
CritterDesync: setAdjustDestination(FALSE) 60	0x17ef50
AIMoveOutOfTheWayState	0x185a20
AIMoveAndTightenState	0x185a20
AIMoveAwayFromRepulsors	0x185a20
AIMoveAwayPanicState	0x185a20
AIFearState	0x185a20
AIAttackApproachTargetState	0x17f570
AIAttackMeleeHordeApproachTargetState	0x17f610,0x17f670
AIAttackPursueTargetState	0x17f700
AIAttackFireDuringApproachState	0x17f780
AIAttackMeleeApproachState	0x180ee0,0x17f850
AIAttackMeleeSquishState	0x17f860
AIFollowWaypointPathState	0x17f980,0x17fb00,0x17fbe0,0x183c90,0x17f9f0
AIFollowWaypointPathExactState	0x185a20,0x17faf0
AIWanderState	0x17fb70
AIWanderInPlaceState	0x185a20,0x17fbd0
AIPanicState	0x17fc50
AIFollowPathState	0x185a20
AIMoveAndEvacuateState	0x185a20
AIMoveAndDeleteState	0x185a20
AIMoveToPositionAndDieState	0x185a20
AIEnterState	0x18afb0,0x1819f0,0x185a20
AICombineState	0x185a20
AIEnterAndAttackState	0x185a20
AIMoveAwayAndCowerState	0x185a20,0x1804a0
AIBackAwayState	0x182190,0x180500
AIChargeTargetState	0x1818d0
AIAttackMachine	0x181c10,0x184110
masiwar called by AIAttackApproachTargetState::updateInternal [2]	0x1827c0
%i AIAttackApproachTargetState success [3]	0x1827c0
CritterDesync: setAdjustDestination(FALSE) 23	0x182f70
CritterDesync: setAdjustDestination(TRUE) 25	0x1834e0
CritterDesync: setAdjustDestination(FALSE) 24	0x1834e0
CritterDesync: ComputePath11	0x1834e0
AIAttackMoveMachine	0x2bf6d0,0x183990,0x183af0
AIAttackFollowMachine	0x183c90
AIAttackFireWhileCharging	0x184110
AIAttackContesterMachine	0x184110
AIHordeMachine	0x184110
AIMeleeMachine	0x184110
AIAttackMovingMachine	0x184110
AIAttackState_attackMachine	0x1843a0
AIAttackThenIdleStateMachine	0x184c00
CritterDesync: ComputePath36	0x1888b0
AITNGuardMachine	0x18afb0
F:\bfme\Code\gameengine\Source\GameLogic\Ai\AITNGuard.cpp	0x189c90
AITNGuardInner	0x18afb0
AITNGuardIdleState	0x18afb0
AITNGuardOuter	0x18afb0
AITNGuardAttackAggressorState	0x18afb0
TurretStateMachine	0x18ded0,0x18c2f0
F:\bfme\Code\gameengine\Source\GameLogic\Ai\TurretAI.cpp	0x18cb40
TurretMoveLoop	0x18d390
TurretAI	0x18d6e0
TurretAIIdleState	0x18db60
TurretAIIdleScanState	0x18db60
TurretAIAimTurretState	0x18db60
TurretAIRecenterTurretState	0x18db60
AIHoldTurretState	0x18db60
TurretAI MUST specify controlled weapon slots!	0x18ded0
TurretAI MUST have ModuleData	0x18ded0
PolygonTriggers	0x190610
SkyEnv.tga	0x1901f0,0x190700
WaterRippleBump.tga	0x1901f0,0x190700
WaterSurfaceBubbles.tga	0x1901f0,0x190700
TWAlphaEdge.tga	0x1901f0,0x190700
Noise0000.tga	0x1901f0,0x190700
LibraryMaps	0x192630,0x194050
LibraryMapLists	0x19ec80,0x192630,0x74acb0
Teams	0x19ec80,0x193f60,0x74acb0
UNASSIGNED	0x19a2d0,0x1988d0
BuildLists	0x19b030,0x198a10
CastleTemplates	0x19f500
Bases\Others\Others.map	0x19b030
Bases\Camps\Camps.map	0x19b030
PlyrCivilian	0x19c590,0x373ed0,0x377060
Faction	0x19c590,0x5293e0
Neutral	0x19c590
SidesList	0x19db40,0x74acb0
Bases\	0x19f500
Multiplayer_Human	0x1a0390
FactionCivilian	0x1a0390
SkirmishHuman	0x1a0390
PlyrCreeps	0x1a0390
PlyrCivilian	0x1a0390
Normal	0x5f9170,0x352e80,0x5a5ee0
 requires a W3DTreeDrawModule. 	0x736940,0x1ad080,0x7209f0,0x1a7a90
Shrub 	0x7209f0,0x1a7a90
 is no valid 24 bit RGB TGA	0x1a9110
 is damaged	0x1a9110
GenericBridge	0x1a98a0
WaypointsList	0x1ac1e0
Tree 	0x736940,0x1ad080
TerrainLogic::buildBeacons - A beacon waypoint path has more than one link. Not allowed.	0x1adf10
    TryPosition1 succeeds - i=%d, center=%g,%g,%g, dist=%g, angle=%g, result=%g,%g,%g	0x1af610
    TerrainLogic::FindPositionAround() total failure, return FALSE	0x1af610
    TryPosition1&2 both failed - i=%d, center=%g,%g,%g, dist=%g, angle=%g	0x1af610
    angleSpacing=%g	0x1af610
F:\bfme\Code\gameengine\Source\GameLogic\Map\TerrainLogic.cpp	0x1af610
    !extent.isInRegionNoZ, result = center, return true	0x1af610
    TerrainLogic::FindPositionAround() center=%g,%g,%g, extent=lo:%g,%g,%g hi:%g,%g,%g	0x1af610
 requires a W3DBuffDrawModule. 	0x1b0e90
Buff 	0x1b0e90
No draw module specified for Buff! In Buff (%s)	0x1b0e90
Could not create Cell Grid for VictorySystem!	0x1b1830
ExperienceTracker	0x1b2370
BehaviorModule	0x1d48a0
TREADS	0x77e320
Speed	0x5fa1b0,0x5fa710,0x964b00
Locomotor	0x284c80
Attempted to specify a locomotor for object %s without an AIUpdate block.	0x1bd0d0
Condition	0x352db0
ObjectDefectionHelper	0x1c0ef0
ObjectRecoveryHelper	0x1c10d0
Geometry.getBestContactPoint succeeded, pointOut=%g,%g,%g, return TRUE	0x1c3160
Geometry.getBestContactPoint failed, return FALSE	0x1c3160
      Object::getWorldspaceBestContactPoint() BEGIN: Object %s(%d), callerPos=%g,%g,%g, pref=%d, seed=%d, skipCollideTest=%s	0x1c3160
Object %d [%s, owned by player %d (%ls)]	0x1c4310
Object %d (%s) [%s, owned by player %d (%ls)]	0x1c4310
<unknown>	0x1c4310
<No Object>	0x1c4310
ObjectSMCHelper	0x1c5530,0x1c55c0
RohanSamWithFrodoPowers	0x364b10
F:\bfme\Code\gameengine\Source\GameLogic\Object\Object.cpp	0x1d02c0,0x1cde30,0x1c7200
***WARNING - Too many nested trigger areas. ***	0x1c8d80
ModuleTag_FiringTrackerHelper	0x1d29a0
ModuleTag_WeaponStatusHelper	0x1d29a0
ModuleTag_GuardingHelper	0x1d29a0
ModuleTag_DefectionHelper	0x1d29a0
ModuleTag_RepulsorHelper	0x1d29a0
ModuleTag_RecoveryHelper	0x1d29a0
ModuleTag_SMCHelper	0x1d29a0
Offset	0x5f95c0,0x966ab0
F:\bfme\Code\gameengine\Source\GameLogic\Object\ObjectCreationList.cpp	0x1d9630,0x1d88c0,0x1d6510
GenericDebris	0x1d88c0
Observer	0x4ae080,0x62db90,0x4ade40
Cell Grid count != VS_CELL_GRID_COUNT, DoXFer failed!	0x1e05f0
F:\bfme\Code\gameengine\Source\GameLogic\Object\Weapon.cpp	0x1e9fd0,0x1e9380,0x1e8970,0x1e19a0,0x1e1610,0x1e1680,0x1e7c30,0x1e65c0
NoNameWeapon	0x1e74b0
F:\bfme\Code\gameengine\Source\GameLogic\Object\Behavior\AutoHealBehavior.cpp	0x1ee950
F:\bfme\Code\gameengine\Source\GameLogic\Object\Behavior\BridgeBehavior.cpp	0x1f1fd0
Expected 'Bone' token, found '%s' 	0x1f22d0
Expected 'Delay' token, found '%s' 	0x1f22d0
ParentObject	0x1f38a0
Expected 'FX' token, found '%s' 	0x1f5500
Expected 'OCL' token, found '%s' 	0x1f5620
F:\bfme\Code\gameengine\Source\GameLogic\Object\Behavior\ClickReactionBehavior.cpp	0x1f7b10
#dynamicportal_wp	0x1f96e0
PreClimb	0x1fa0b0
Climb	0x1fa0b0
Index	0x1fa0b0
Closed	0x1fcec0
OpenRight	0x1fcec0
OpenLeft	0x1fcec0
Sound	0x8bf100,0x8d0080
F:\bfme\Code\gameengine\Source\GameLogic\Object\Behavior\ReplenishUnitsBehavior.cpp	0x2044e0
SIEGELADDER	0x206cb0
SIEGETOWER	0x206cb0
ProbabilityModifer must be >= 1. 	0x207b60
F:\bfme\Code\gameengine\Source\GameLogic\Object\Behavior\SlowDeathBehavior.cpp	0x209bb0,0x2080b0,0x207f20
SinkRate	0x5f7a50
F:\bfme\Code\gameengine\Source\GameLogic\Object\Body\ActiveBody.cpp	0x20ed10
EntThrownBuildingRock	0x20f7c0
Bookend	0x210bf0,0x210730
F:\bfme\Code\gameengine\Source\GameLogic\Object\Body\DetachableRiderBody.cpp	0x213010
Damage	0x601d40,0x601e90
F:\bfme\Code\gameengine\Source\GameLogic\Object\Collide\CrateCollide\SalvageCrateCollide.cpp	0x218320,0x2184d0
GUI:GainRank	0x2184d0
F:\bfme\Code\gameengine\Source\GameLogic\Object\Contain\ContestableContain.cpp	0x21c4b0
F:\bfme\Code\gameengine\Source\GameLogic\Object\Contain\GarrisonContain.cpp	0x21fdc0
ExitEnd	0x2289f0,0x2284d0,0x2227e0
ARROW_	0x2228e0
F:\bfme\Code\gameengine\Source\GameLogic\Object\Contain\OpenContain.cpp	0x2289f0,0x2284d0,0x227c20,0x225700
PassengerBone expected	0x2274a0
KindOf expected	0x2274a0
PassengerBone	0x2274a0
Enabled	0x2f8a50
ExitStart	0x2289f0,0x2284d0
Ladder04	0x24ae60,0x22c560
F:\bfme\Code\gameengine\Source\GameLogic\Object\Contain\SiegeEngineContain.cpp	0x22c560
AnimState expected for TransportContain::iniParseAnim	0x268340,0x22cf60
ModelConditionState	0x268340,0x22cf60
FIREPOINT01	0x22ed10
F:\bfme\Code\gameengine\Source\GameLogic\Object\Contain\TunnelContain.cpp	0x22f640
F:\bfme\Code\gameengine\Source\GameLogic\Object\Contain\HordeContain\AODHordeContain.cpp	0x231c50
NoSound	0x23e5f0
F:\bfme\Code\gameengine\Source\GameLogic\Object\Contain\HordeContain\HordeContain.cpp	0x23fa80,0x23c5e0,0x237d70,0x2369c0,0x234e60,0x2417e0,0x245010,0x245420,0x2440e0,0x244680,0x243ea0
UnitType expected	0x23e280,0x244b10,0x284c80,0x284e70
'Pos' expected	0x23e280
UnitType	0x23e280,0x23e420,0x244b10,0x284c80
'Target' expected	0x23e420,0x23e5f0
'Result' expected	0x23e420,0x23e5f0
RankNumber	0x23e420,0x244b10
SplitResult	0x23e420
' in HordeContain's ComboHorde line	0x23e5f0
Unknown key '	0x23e5f0
' requested for HordeContain's InitiateVoice2	0x23e5f0
InitiateVoice2	0x23e5f0
' requested for HordeContain's InitiateVoice	0x23e5f0
Unknown sound '	0x23e5f0
InitiateVoice	0x23e5f0
Result	0x23e5f0
'Position' expected	0x244b10
RevokedWeaponCondition	0x244b10
GrantedWeaponCondition	0x244b10
F:\bfme\Code\gameengine\Source\GameLogic\Object\Contain\HordeContain\HordeSiegeEngineContain.cpp	0x24ae60,0x249f50
F:\bfme\Code\gameengine\Source\GameLogic\Object\Contain\HordeContain\HordeTransportContain.cpp	0x24cd10,0x24c530
F:\bfme\Code\gameengine\Source\GameLogic\Object\Contain\HordeContain\HorseHordeContain.cpp	0x24da80
F:\bfme\Code\gameengine\Source\GameLogic\Object\Contain\HordeContain\SlaughterHordeContain.cpp	0x24ed40
'loc' or 'bone' expected	0x251cf0
parseFXLocInfo: Bone name not followed by RandomBone specifier.	0x251cf0
randombone	0x251cf0
'fxlist' expected	0x251ed0,0x287bc0
fxlist	0x251ed0,0x287bc0
'ocl' expected	0x251f70,0x287d00
'psys' expected	0x252010,0x287e40
F:\bfme\Code\gameengine\Source\GameLogic\Object\Damage\TransitionDamageFX.cpp	0x2520b0
bad colon spacing, or unexpected token in TransitionDamageFXModuleData::NeighborIDSubobjectNameDataAppend	0x81de40,0x253680
SubObject	0x253680,0x284e70
OCLOffset	0x253680
NeighborOffset	0x253680
F:\bfme\Code\gameengine\Source\GameLogic\Object\Die\CreateCrateDie.cpp	0x253ff0,0x254400
ObjectGuardingHelper	0x2567d0
F:\bfme\Code\gameengine\Source\GameLogic\Object\Update\ArrowStormUpdate.cpp	0x2579d0
TriggerFX	0x2683d0
RohanCharge	0x25ef90
DisguiseStarted	0x2ac620,0x267d80
AvailableAtStart	0x2683d0
AffectAllies	0x2683d0
AffectEvil	0x2683d0
AffectGood	0x2683d0
IdleWhenStartingPower	0x2683d0
DisableDuringAnimDuration	0x2683d0
GiveLevels	0x2683d0
SetModelConditionTime	0x2683d0
SetModelCondition	0x2683d0
InitiateFX	0x2683d0
TargetAllSides	0x2683d0
TargetEnemy	0x2683d0
AttributeModifierWeatherBased	0x2683d0
AttributeModifierFX	0x2683d0
AttributeModifierAffects	0x2683d0
AttributeModifierAffectsSelf	0x2683d0
AttributeModifierRange	0x2683d0
AttributeModifier	0x2683d0
AntiFX	0x2683d0
WeaponFireSpecialWeapon	0x26d550
CritterDesync: requestAttackPath1-- m_requestedDestination changing from %g,%g,%g to %g,%g,%g	0x270170
CritterDesync: requestApproachPath1 -- m_requestedDestination changing from %g,%g,%g to %g,%g,%g	0x270470
CritterDesync: requestMeleeApproachPath1 -- m_requestedDestination changing from %g,%g,%g to %g,%g,%g	0x2705d0
F:\bfme\Code\gameengine\Source\GameLogic\Object\Update\AIUpdate.cpp	0x27b3a0,0x27a5e0,0x279a50,0x273f90,0x2705d0,0x275f30
-- m_requestedDestination changing from %g,%g,%g to %g,%g,%g	0x2709b0
CritterDesync: requestSafePath 'I don't believe this line accomplishes anything' 	0x2709b0
        handling contactPointName %s succeeded - result=%g,%g,%g, RETURN TRUE	0x272800
        end of contactPoints. return FALSE	0x272800
        handling contactPointName %s failed	0x272800
        handling contactPointName %s	0x272800
      AIUpdateInterface::findNearestLabeledContactPointOnTarget BEGIN: Object %s(%d), target %s(%d), workingPos %g,%g,%g, skipCollideTest=%s	0x272800
  CritterDesync - Critter %s(%d) set to ignore NOTHING. Was previously ignoring NOTHING	0x2739f0
  CritterDesync - Critter %s(%d) set to ignore NOTHING. Was previously ignoring %s(%d)	0x2739f0
  CritterDesync - Critter %s(%d) set to ignore %s(%d)	0x2739f0
CritterDesync:  Returning false because !m_path	0x274e30
CritterDesync:  Returning true because m_path	0x274e30
CritterDesync:  bblah7	0x274e30
CritterDesync:  There isn't a theNewPath	0x274e30
CritterDesync:  bblah6	0x274e30
CritterDesync:  bblah5	0x274e30
CritterDesync:  bblah4	0x274e30
CritterDesync:  bblah3	0x274e30
CritterDesync:  bblah2	0x274e30
CritterDesync:  bblah1	0x274e30
CritterDesync:  There is a theNewPath	0x274e30
CritterDesync:  m_retryPath set.	0x274e30
CritterDesync:  m_isBlockedAndStuck failed check.	0x274e30
CritterDesync:  m_isBlockedAndStuck check.	0x274e30
CritterDesync:  theNewPath = NULL;	0x274e30
CritterDesync:  computeQuickPath4 returned FALSE.	0x274e30
CritterDesync:  computeQuickPath4 returned TRUE.	0x274e30
m_path=%s, theNewPath=%s, m_locomotorSet=%s, destination=%g,%g,%g	0x274e30
CritterDesync:  computeQuickPath3 returned TRUE.	0x274e30
CritterDesync:  computeQuickPath2 returned FALSE.	0x274e30
CritterDesync:  computeQuickPath2 returned TRUE.	0x274e30
CritterDesync:  m_retryPath cleared.	0x274e30
CritterDesync:  computeQuickPath1 returned FALSE.	0x274e30
CritterDesync:  computeQuickPath1 returned TRUE.	0x274e30
CritterDesync:  path destroyed.	0x274e30
CritterDesync:  return true because of portal.	0x274e30
m_path=%s, m_locomotorSet=%s, destination=%g,%g,%g	0x274e30
CritterDesync:  Object %s(%d) called AIUpdateInterface::computePath()	0x274e30
CritterDesync: ComputePath43	0x274e30
CritterDesync: ComputePath44	0x275f30
CritterDesync: doPathfind13 -- m_requestedDestination=%g,%g,%g	0x27b3a0
CritterDesync: doPathfind12 -- m_requestedDestination=%g,%g,%g	0x27b3a0
CritterDesync: ComputePath42 -- m_requestedDestination=%g,%g,%g	0x27b3a0
CritterDesync: doPathfind11 -- m_requestedDestination=%g,%g,%g	0x27b3a0
CritterDesync: doPathfind10 -- m_requestedDestination=%g,%g,%g	0x27b3a0
CritterDesync: doPathfind9 -- m_requestedDestination=%g,%g,%g	0x27b3a0
CritterDesync: doPathfind8.5 -- m_requestedDestination=%g,%g,%g	0x27b3a0
CritterDesync: doPathfind8 -- m_requestedDestination=%g,%g,%g	0x27b3a0
CritterDesync: doPathfind7 -- m_requestedDestination=%g,%g,%g	0x27b3a0
CritterDesync: doPathfind6 -- m_requestedDestination=%g,%g,%g	0x27b3a0
CritterDesync: doPathfind5 -- m_requestedDestination=%g,%g,%g	0x27b3a0
CritterDesync: doPathfind4 -- m_requestedDestination=%g,%g,%g	0x27b3a0
CritterDesync: doPathfind3 -- m_requestedDestination=%g,%g,%g	0x27b3a0
CritterDesync: doPathfind2 -- m_requestedDestination=%g,%g,%g	0x27b3a0
CritterDesync: doPathfind1 -- m_requestedDestination=%g,%g,%g	0x27b3a0
CritterDesync: requestPath1-- m_requestedDestination changing from %g,%g,%g to %g,%g,%g	0x27bd90
Locomotor %s not found! 	0x27ec80
re-specifying a LocomotorSet is no longer allowed 	0x27ec80
Attempted to specify a locomotor for object %s without an AIUpdate block.	0x27ec80
LuaSpyData	0x27eec0
F:\bfme\Code\gameengine\Source\GameLogic\Object\Update\AutoPickUpUpdate.cpp	0x281ab0
AutoPickUpUpdateModuleData::iniParseEatObjectEntry -- Expecting 'MyHealth' entry. You specified %s.	0x282b40
AutoPickUpUpdateModuleData::iniParseEatObjectEntry -- Expecting 'TargetHealth' entry. You specified %s.	0x282b40
AutoPickUpUpdateModuleData::iniParseEatObjectEntry -- Expecting 'Filter' entry. You specified %s.	0x282b40
AutoPickUpUpdateModuleData::iniParseEatObjectEntry -- Entry for 'Filter' is case sensitive. You specified %s.	0x282b40
Filter	0x282b40
AutoPickUpUpdateModuleData::iniParseEatObjectEntry -- Entry for 'TargetHealth' is case sensitive. You specified %s.	0x282b40
TargetHealth	0x282b40
AutoPickUpUpdateModuleData::iniParseEatObjectEntry -- Entry for 'MyHealth' is case sensitive. You specified %s.	0x282b40
MyHealth	0x282b40
'ModelState' expected	0x284c80,0x284e70
ModelState	0x284c80
Level	0x2a2b20,0x284e70
'bone' expected	0x287b10
'onlyonce' expected	0x287bc0,0x287d00,0x287e40
onlyonce	0x287bc0,0x287d00,0x287e40
F:\bfme\Code\gameengine\Source\GameLogic\Object\Update\CivilianSpawnUpdate.cpp	0x28a2f0,0x28a5a0
F:\bfme\Code\gameengine\Source\GameLogic\Object\Update\CritterEmitter.cpp	0x28b910
F:\bfme\Code\gameengine\Source\GameLogic\Object\Update\DeletionUpdate.cpp	0x28c520,0x28c6e0
F:\bfme\Code\gameengine\Source\GameLogic\Object\Update\DetachableRiderUpdate.cpp	0x28d8f0
AnimState expected	0x28ddc0
AnimDuration expected	0x28ddc0
RiderOCL expected	0x28ddc0
RiderOCL	0x28ddc0
AnimTime	0x28ddc0,0x2a5de0
AnimState	0x28ddc0,0x2a5de0
F:\bfme\Code\gameengine\Source\GameLogic\Object\Update\EmotionTrackerUpdate.cpp	0x290e50
NeutralGollum	0x290e50
F:\bfme\Code\gameengine\Source\GameLogic\Object\Update\EntEnraged.cpp	0x291a00
F:\bfme\Code\gameengine\Source\GameLogic\Object\Update\FireSpreadUpdate.cpp	0x292af0
'fx' expected	0x294d00,0x381a00
F:\bfme\Code\gameengine\Source\GameLogic\Object\Update\LargeGroupAudioUpdate.cpp	0x2968c0,0x296f90
F:\bfme\Code\gameengine\Source\GameLogic\Object\Update\LargeGroupBonusUpdate.cpp	0x297640
F:\bfme\Code\gameengine\Source\GameLogic\Object\Update\LifetimeUpdate.cpp	0x2980a0,0x297e00,0x297eb0,0x297f10
F:\bfme\Code\gameengine\Source\GameLogic\Object\Update\OCLUpdate.cpp	0x298aa0
F:\bfme\Code\gameengine\Source\GameLogic\Object\Update\OneRingPenaltyUpdate.cpp	0x299080,0x299400
F:\bfme\Code\gameengine\Source\GameLogic\Object\Update\PhysicsUpdate.cpp	0x29b4e0
F:\bfme\Code\gameengine\Source\GameLogic\Object\Update\RainOfFireUpdate.cpp	0x2a0d90
RespawnUpdate::iniParseDefaultRule -- RespawnRules entry expecting 'AutoSpawn:Yes' or 'AutoSpawn:No' entry. You specified %s.	0x2a2750
RespawnUpdate::iniParseDefaultRule -- RespawnRules entry expecting 'Cost' entry. You specified %s.	0x2a2750
RespawnUpdate::iniParseDefaultRule -- RespawnRules entry expecting 'Time' entry. You specified %s.	0x2a2750
RespawnUpdate::iniParseDefaultRule -- RespawnRules entry expecting 'Health' entry. You specified %s.	0x2a2750
RespawnUpdate::iniParseDefaultRule -- RespawnRules entry for 'Health' is case sensitive. You specified %s.	0x2a2750
Health	0x2a2b20,0x2a2750
RespawnUpdate::iniParseDefaultRule -- RespawnRules entry for 'Time' is case sensitive. You specified %s.	0x2a2750
RespawnUpdate::iniParseDefaultRule -- RespawnRules entry for 'Cost' is case sensitive. You specified %s.	0x2a2750
RespawnUpdate::iniParseDefaultRule -- RespawnRules entry for 'AutoSpawn:Yes' or 'AutoSpawn:No' is case sensitive. You specified %s.	0x2a2750
AutoSpawn	0x2a2b20,0x2a2750
RespawnUpdate::iniParseDefaultRule -- Duplicate RespawnRules entry.	0x2a2750
RespawnUpdate::iniParseNewRuleForLevel -- RespawnEntry expecting 'Level' entry. You specified %s.	0x2a2b20
RespawnUpdate::iniParseNewRuleForLevel -- RespawnEntry Level:%d entry for 'Health' is case sensitive. You specified %s.	0x2a2b20
RespawnUpdate::iniParseNewRuleForLevel -- RespawnEntry Level:%d entry for 'Time' is case sensitive. You specified %s.	0x2a2b20
RespawnUpdate::iniParseNewRuleForLevel -- RespawnEntry Level:%d Level:%d entry for 'Cost' exists multiple times. Please remove one!	0x2a2b20
RespawnUpdate::iniParseNewRuleForLevel -- RespawnRules Level:%d entry for 'Cost' is case sensitive. You specified %s.	0x2a2b20
RespawnUpdate::iniParseNewRuleForLevel -- RespawnEntry Level:%d entry for 'Cost' exists multiple times. Please remove one!	0x2a2b20
RespawnUpdate::iniParseNewRuleForLevel -- RespawnEntry Level:%d entry for 'AutoSpawn:Yes' or 'AutoSpawn:No' is case sensitive. You specified %s.	0x2a2b20
RespawnUpdate::iniParseNewRuleForLevel -- RespawnEntry Level:%d entry for 'AutoSpawn:Yes' or 'AutoSpawn:No' exists multiple times. Please remove one!	0x2a2b20
RespawnUpdate::iniParseNewRuleForLevel -- Multiple 'RespawnEntry' with the same level of %d. You may only have one!	0x2a2b20
RespawnUpdate::iniParseNewRuleForLevel -- RespawnEntry for 'Level' is case sensitive. You specified %s.	0x2a2b20
RespawnUpdate::iniParseNewRuleForLevel -- You cannot parse a 'RespawnEntry' before 'RespawnRules'. Please add a 'RespawnRules' -- which represents level 1.	0x2a2b20
F:\bfme\Code\gameengine\Source\GameLogic\Object\Update\RubbleRiseUpdate.cpp	0x2a3b40,0x2a35a0
F:\bfme\Code\gameengine\Source\GameLogic\Object\Update\SlavedUpdate.cpp	0x2a5300,0x2a4880,0x2a4b00,0x2a4d40,0x2a4e40,0x2a4f90,0x2a466c
AnimState expected for SpecialAbilityUpdateModule::iniParseAnimAndDuration	0x2a5de0
AnimTime expected for SpecialAbilityUpdateModule::iniParseAnimAndDuration	0x2a5de0
TriggerTime	0x2a5de0
F:\bfme\Code\gameengine\Source\GameLogic\Object\Update\StealthDetectorUpdate.cpp	0x2ab4a0
MESSAGE:StealthDiscovered	0x2ab690
DisguiseRevealedFailure	0x2ac620
DisguiseRevealedSuccess	0x2ac620
F:\bfme\Code\gameengine\Source\GameLogic\Object\Update\StructureCollapseUpdate.cpp	0x2ae950,0x2ae160,0x2ae7d0
F:\bfme\Code\gameengine\Source\GameLogic\Object\Update\StructureToppleUpdate.cpp	0x2b0250,0x2afd30,0x2aefb0
AnimalAIUpdateMachine	0x2b3220
CritterDesync:  animal %s(%d) finished update.	0x2b32a0
CritterDesync:  animal %s(%d) dice roll failed.	0x2b32a0
CritterDesync:  animal %s(%d) CANNOT wander to %g,%g,%g	0x2b32a0
CritterDesync:  animal %s(%d) wandering to %g,%g,%g	0x2b32a0
CritterDesync:  animal %s(%d) wandering to random spot	0x2b32a0
CritterDesync:  animal %s(%d) returning to m_originalPos %g,%g,%g	0x2b32a0
CritterDesync:  animal %s(%d) NO EMITTER CASE	0x2b32a0
CritterDesync:  animal %s(%d) CANNOT wander to dest %g,%g,%g	0x2b32a0
CritterDesync:  animal %s(%d) wandering to dest %g,%g,%g	0x2b32a0
CritterDesync:  animal %s(%d) wander to random location	0x2b32a0
CritterDesync:  animal %s(%d) moving to emitter at %g,%g,%g	0x2b32a0
CritterDesync:  animal %s(%d) EMITTER CASE	0x2b32a0
CritterDesync:  animal %s(%d) dice roll suceeded for wanderpercentage	0x2b32a0
F:\bfme\Code\gameengine\Source\GameLogic\Object\Update\AIUpdate\AnimalAIUpdate.cpp	0x2b32a0
CritterDesync:  animal %s(%d) is not idle, sleep.	0x2b32a0
CritterDesync:  animal %s(%d) blah-1	0x2b32a0
CritterDesync:  animal %s(%d) found NEW enemy %s(%d) to be scared of RUNAWAYPANIC.	0x2b32a0
CritterDesync:  animal %s(%d) sees SAME enemy %s(%d) to be scared of.	0x2b32a0
CritterDesync:  animal %s is doing periodic search for enemies.	0x2b32a0
CritterDesync:  animal %s is NOT finished returning to origin.	0x2b32a0
CritterDesync:  animal %s is finished returning to origin.	0x2b32a0
CritterDesync:  m_returning is true - animal %s is checking if we are near origin %g,%g,%g to stop.	0x2b32a0
CritterDesync:  animal %s is in a bad area, return to origin %g,%g,%g.	0x2b32a0
CritterDesync:  m_processedOne false - setting m_originalPos to %g,%g,%g	0x2b32a0
Undeploy	0x2b5800
Deploy	0x2b5800
DozerPrimaryStateMachine	0x2b7870
DozerActionPickActionPosState	0x2b7450
DozerActionMoveToActionPosState	0x2b7450
DozerActionDoActionState	0x2b7450,0x2b7440
DozerActionStateMachine	0x2b7450
DozerPrimaryIdleState	0x2b7870
DozerActionState	0x2b76f0
DozerPrimaryGoingHomeState	0x2b7870
DockingDesync(DOZER) END: Object %s(%d) with target %s(%d) found docking position %g,%g,%g	0x2b8a00
DockingDesync(DOZER) END: Object %s(%d) with no target found docking position %g,%g,%g	0x2b8a00
DockingDesync(DOZER) BEGIN: Object %s(%d) with target %s(%d) at %g,%g,%g	0x2b8a00
INI:MissingDisplayName	0x2b8ff0
DOZER:ConstructionComplete	0x2b8ff0
UnderConstruction	0x2b8ff0
DOZER:RepairComplete	0x2b8ff0
UnderRepairFromDamage	0x2b8ff0
UnderRepairFromRubble	0x2b8ff0
empty	0x2bac00
F:\bfme\Code\gameengine\Source\GameLogic\Object\Update\AIUpdate\FoundationAIUpdate.cpp	0x2bb170
AIAttackSwoopThenIdleStateMachine	0x2bfa80,0x2c0370,0x2bbad0
GiantBirdGuardMachine	0x2c05c0
F:\bfme\Code\gameengine\Source\GameLogic\Object\Update\AIUpdate\GiantBirdAIUpdate.cpp	0x2be180,0x2be4a0,0x2bd940,0x2c38b0,0x2c3020,0x2bee90,0x2bdf10
GiantBirdFollowPathState	0x2bfb00
GiantBirdNormalFlightState	0x2bfb00,0x2bf6d0,0x2c05c0
AIGiantBirdSwoopState	0x2bfb00,0x2bf480
AIGiantBirdAttackState	0x2bfb00,0x2bf480
AIGiantBirdFollowThruState	0x2bfb00,0x2bf480,0x2bec50
GiantBirdFollowWaypointPathState	0x2bfb00
GiantBirdGuardInner	0x2c03f0
GiantBirdGuardIdleState	0x2c05c0,0x2c04c0
GiantBirdGuardOuter	0x2c04d0
GiantBirdAIStateMachine	0x2c1260
SupplyTruckStateMachine	0x2c6430
SupplyTruckAIUpdateMachine	0x2c5db0
SupplyTruckWantsToPickUpOrDeliverBoxesState	0x2c6430
RegroupingState	0x2c6430,0x2c6170
DockingState	0x2c6430,0x2c6240
HarvestingState	0x2c6430
SupplyTruckBusyState	0x2c6430
SupplyTruckIdleState	0x2c6430
TransportAIUpdateMachine	0x2c71d0
WanderAIUpdateMachine	0x2c7700
WorkerStateMachine	0x2c9260
    positionOut=%g,%g,%g	0x2c8a20
    TerrainLogic::FindPositionAround() workingPosition=%g,%g,%g, bestPosition=%g,%g,%g	0x2c8a20
    spotFound=%s, bestPosition=%g,%g,%g, workingPosition=%g,%g,%g	0x2c8a20
    workingPosition=%g,%g,%g	0x2c8a20
    offset=%g,%g,%g, radius=%g	0x2c8a20
    ourPosition=%g,%g,%g, theirPosition=%g,%g,%g	0x2c8a20
    WorkerAIUpdate::findGoodBuildOrRepairPosition() BEGIN: Object %s(%d) with target %s(%d)	0x2c8a20
ActAsDozerState	0x2c9260
ActAsSupplyTruckState	0x2c9260
  target has a bridge behavior	0x2c9c40
  target is a bridge case	0x2c9c40
  WorkerAIUpdate::findGoodBuildOrRepairPositionAndTarget() BEGIN: Object %s(%d) with target %s(%d)	0x2c9c40
DockingDesync(WORKER) END: Object %s(%d) with target %s(%d) found docking position %g,%g,%g	0x2ca130
DockingDesync(WORKER) END: Object %s(%d) with no target found docking position %g,%g,%g	0x2ca130
DockingDesync(WORKER) BEGIN: Object %s(%d) with target %s(%d) at %g,%g,%g	0x2ca130
DockWaiting	0x2cb0a0
DockEnd	0x2cb0a0
DockAction	0x2cb0a0
DockStart	0x2cb0a0
DockUpdate	0x2cce70
F:\bfme\Code\gameengine\Source\GameLogic\Object\Update\DockUpdate\SupplyWarehouseDockUpdate.cpp	0x2cf8c0
>UNSPECIFIED<	0x2d4b30
An upgrade module references %s, which is not an Upgrade	0x2d9c40,0x2d9ff0,0x608090
F:\bfme\Code\gameengine\Source\GameLogic\Object\WeaponEffects\MetaImpactNugget.cpp	0x2dda40
OnCreated	0x2e2870
OnQuenched	0x2e2870
OnAflame	0x2e2870
DamageIncoming	0x2e2870
BeScary	0x2e2870
OnTeamDestroyed	0x2e2870
OnTeamExited	0x2e2870
OnTeamEntered	0x2e2870
OnUnitExited	0x2e2870
OnUnitEntered	0x2e2870
OnArrived	0x2e2870
OnDestroyed	0x2e2870
OnDamaged	0x2e2870
F:\bfme\Code\gameengine\Source\GameLogic\ScriptEngine\LuaScriptEngine.cpp	0x2e2a80,0x2e6170
ObjID#%08x	0x2e32a0
LUA Alert: 	0x2e33b0
 [%.70s]	0x2e51c0
 at line %d	0x2e51c0
function <%d:%.70s>	0x2e51c0
%.70s	0x2e51c0
main of %.70s	0x2e51c0
`%.50s' tag method	0x2e51c0
method `%.50s'	0x2e51c0
function `%.50s'	0x2e51c0
step 	0x2e5390
cont - Exiting LUA debug mode. 	0x2e5390
No console input devices.  Exiting LUA debug mode. 	0x2e5390
Any other text is passed to the LUA interpreter.  Try print('something') 	0x2e5390
cont - continue, step - single step script, where - describe current execution point. 	0x2e5390
where	0x2e5390
 Entering LUA debug mode.  Type ? for help, 'cont' to exit debug mode 	0x2e55a0
Stepping out of LUA function - step disabled. 	0x2e5a70,0x2e5790
 is not a lua function.	0x2ec0a0,0x2e5a70,0x2e5790
 is not defined.	0x2ec0a0,0x2e5a70,0x2e5790
GetClientRandomNumberReal	0x2e9220
CurDrawableIsCurrentTargetKindof	0x2e9220
CurDrawablePlaySound	0x2e9220
CurDrawableAllowToContinue	0x2e9220
CurDrawableSetTransitionAnimState	0x2e9220
CurDrawablePrevAnimFraction	0x2e9220
CurDrawableGetCurrentTargetHeight	0x2e9220
CurDrawableGetCurrentTargetDistance	0x2e9220
CurDrawablePrevAnimation	0x2e9220
CurDrawablePrevAnimationState	0x2e9220
CurDrawableShowModule	0x2e9220
CurDrawableHideModule	0x2e9220
CurDrawableHideSubObjectPermanently	0x2e9220
CurDrawableShowSubObjectPermanently	0x2e9220
CurDrawableHideSubObject	0x2e9220
CurDrawableShowSubObject	0x2e9220
CurDrawableObjectStatus	0x2e9220
CurDrawableModelcondition	0x2e9220
GetFrame	0x2e9220,0x2ec990
_ALERT	0x2e9220,0x2ec990
Error during parsing XML data: 	0x2e996a
ObjectStatusEvent	0x2ea5d0
ModelConditionEvent	0x2ea5d0
ScriptedEvent	0x2ea5d0
InternalEvent	0x2ea5d0
Events	0x2ea5d0,0x2ec770
DebugSingleStep	0x2ec0a0
ScriptFunctionName	0x2ec0a0
EventName	0x2ec0a0
EventHandler	0x2ec0a0
Inherit	0x2ec0a0
EventList	0x2ec770
SageLuaScriptSection	0x2ec770
Data\Scripts\ScriptEvents.xml	0x2ec990
Data\Scripts\Scripts.lua	0x2ec990
GetRandomNumber	0x2ec990
ObjectHideSubObjectPermanently	0x2ec990
ObjectHideSubObject	0x2ec990
ObjectSetDelayedDeath	0x2ec990
ObjectGrantUpgrade	0x2ec990
ObjectCreateAndFireTempWeapon	0x2ec990
ObjectDoSpecialPower	0x2ec990
ObjectSetEnragedState	0x2ec990
ObjectSetFearFactor	0x2ec990
ObjectSetChanting	0x2ec990
ObjectPlaySound	0x2ec990
ObjectEnterRampageState	0x2ec990
ObjectEnterAlertState	0x2ec990
ObjectEnterUncontrollableCowerState	0x2ec990
ObjectEnterCowerState	0x2ec990
ObjectEnterRunAwayPanicState	0x2ec990
ObjectEnterFearState	0x2ec990
ObjectCountNearbyEnemies	0x2ec990
ObjectTestCanSufferFear	0x2ec990
ObjectTestModelCondition	0x2ec990
ObjectTemplateName	0x2ec990
ObjectTeamName	0x2ec990
HordeBroadcastEventToMembers	0x2ec990
ObjectBroadcastEventToUnits	0x2ec990
ObjectBroadcastEventToCivilians	0x2ec990
ObjectBroadcastEventToAllies	0x2ec990
ObjectBroadcastEventToEnemies	0x2ec990
ObjectDispatchEvent	0x2ec990
ObjectSpy	0x2ec990
ObjectDescription	0x2ec990
ExecuteAction	0x2ec990
EvaluateCondition	0x2ec990
%s\ScriptEvents.xml	0x2ecf40
%s\Scripts.lua	0x2ecf40
APT:EndVictorious	0x2f1c10
APT:EndGameOver	0x2f1c10,0x2f1d80
Gui_VictoryScreen	0x2f1c10
Gui_VictoryCheerGood	0x2f1c10
Gui_VictoryCheerEvil	0x2f1c10
APT:EndDefeat	0x35f920,0x2f1d80,0x2f1ec0
Gui_DefeatScreen	0x35f920,0x2f1d80,0x2f1ec0
Team '%s' priority increased to %d for success.	0x2f3960
Team '%s' priority decreased to %d for failure.	0x2f3a60
[Bold]	0x2f3bd0
/___MusicScript_Init	0x2f4650
ERROR-Team hunt with command button - cannot hunt with ability 	0x2f7b80
***WARNING - Team not found:***	0x2f9290,0x2f8fd0
 already exists. Failed Create.	0x2f9290,0x2f8fd0
WARNING - Object with name 	0x2f9290,0x2f8fd0
Aragorn 2	0x2f95a0
F:\bfme\Code\gameengine\Source\GameLogic\ScriptEngine\ScriptActions.cpp	0x3006b0
Call in reinforcement army named 	0x3107f0
ReinforcementArmies/Call in army clean.	0x3107f0
CALL_IN_REINFORCEMENTS_WITHOUT_MOVIE	0x3107f0
Unit_/Assimilates unit with an army by name.	0x3107f0
UNIT_ASSIMILATE_WITH_ARMY_BY_NAME	0x3107f0
Team_/Assimilates team with an army by name.	0x3107f0
TEAM_ASSIMILATE_WITH_ARMY_BY_NAME	0x3107f0
 to be assimilated by army 	0x3107f0
Player_/Assimilates player with an army by name.	0x3107f0
PLAYER_ASSIMILATE_WITH_ARMY_BY_NAME	0x3107f0
Remove reinforcement army named 	0x3107f0
ReinforcementArmies/Remove army.	0x3107f0
REMOVE_REINFORCEMENT_ARMY	0x3107f0
For all units in team 	0x3107f0
Team_/Change object status.	0x3107f0
TEAM_CHANGE_OBJECT_STATUS	0x3107f0
 set object status 	0x3107f0
For unit 	0x3107f0
Unit_/Change object status.	0x3107f0
UNIT_CHANGE_OBJECT_STATUS	0x3107f0
 as not completed.	0x3107f0
Interface/Objectives/Mark mission objective as not completed	0x3107f0
MARK_MISSION_OBJECTIVE_NOT_COMPLETED	0x3107f0
 as completed.	0x3107f0
Mark mission objective 	0x3107f0
Interface/Objectives/Mark mission objective as completed	0x3107f0
MARK_MISSION_OBJECTIVE_COMPLETED	0x3107f0
Hide mission objective 	0x3107f0
Interface/Objectives/Hide mission objective	0x3107f0
HIDE_MISSION_OBJECTIVE	0x3107f0
 visible.	0x3107f0
Make mission objective 	0x3107f0
Interface/Objectives/Show mission objective	0x3107f0
SHOW_MISSION_OBJECTIVE	0x3107f0
Team/Experience/Team Gain Level.	0x3107f0
TEAM_GAIN_LEVEL	0x3107f0
 gains a level with FX turned 	0x3107f0
Unit_/Experience/Unit Gain Level.	0x3107f0
UNIT_GAIN_LEVEL	0x3107f0
Sell everything belonging to 	0x3107f0
Player_/Player sell everything he has.	0x3107f0
PLAYER_SELL_EVERYTHING	0x3107f0
Force all units of player 	0x3107f0
Player_/Force an emotion.	0x3107f0
PLAYER_FORCE_EMOTION	0x3107f0
Force team 	0x3107f0
Team_/Force an emotion.	0x3107f0
TEAM_FORCE_EMOTION	0x3107f0
 to have 	0x3107f0
Force unit 	0x3107f0
Unit_/Force an emotion.	0x3107f0
UNIT_FORCE_EMOTION	0x3107f0
Enable the house color for all units 	0x3107f0
Script/Enables or disables the house color for all units	0x3107f0
ENABLE_HOUSE_COLOR	0x3107f0
Enable the house color for 	0x3107f0
Team_/Enables or disables the house color	0x3107f0
TEAM_ENABLE_HOUSE_COLOR	0x3107f0
Enable house color for 	0x3107f0
Unit_/Enables or disables the house color.	0x3107f0
UNIT_ENABLE_HOUSE_COLOR	0x3107f0
Unit_/Assimilates unit with the first walk on army.	0x3107f0
UNIT_ASSIMILATE_WITH_FIRST_WALK_ON_ARMY	0x3107f0
 to be assimilated by the first walk on army.	0x3107f0
Team_/Assimilates team with the first walk on army.	0x3107f0
TEAM_ASSIMILATE_WITH_FIRST_WALK_ON_ARMY	0x3107f0
Set the camera angle&  height lock to 	0x3107f0
Camera_/Lock or unlock camera height and angle (allow scrolling).	0x3107f0
LOCK_CAMERA_ANGLE_AND_HEIGHT	0x3107f0
Set the camera lock to 	0x3107f0
Camera_/Lock or unlock camera.	0x3107f0
LOCK_CAMERA	0x3107f0
Flash the select button for 	0x3107f0
User_/Flash/Flash a hero select button for a specified amount of time.	0x3107f0
HERO_SELECT_BUTTON_FLASH	0x3107f0
Deselects everything 	0x3107f0
Player_/Select/ Deselects everything.	0x3107f0
DESELECT	0x3107f0
 select object 	0x3107f0
Player_/Select/ Select an object belonging to player.	0x3107f0
SELECT_OBJECT	0x3107f0
Override command points for 	0x3107f0
Player_/Command/ Override player command points.	0x3107f0
OVERRIDE_PLAYER_COMMAND_POINTS	0x3107f0
Team_/Action/Move/Teleport to a waypoint.	0x3107f0
TEAM_TELEPORT_TO_WAYPOINT	0x3107f0
Teleport 	0x3107f0
Unit_/Action/Move/Teleport to a waypoint.	0x3107f0
UNIT_TELEPORT_TO_WAYPOINT	0x3107f0
Unit/Status/Team Set Stand Ground Status.	0x3107f0
TEAM_STAND_GROUND	0x3107f0
Set Stand Ground Status of 	0x3107f0
Unit/Status/Unit Set Stand Ground Status.	0x3107f0
UNIT_STAND_GROUND	0x3107f0
 open is 	0x3107f0
 wants gate 	0x3107f0
Team_/Misc/ Set or clear a team-needs-gate open flag 	0x3107f0
TEAM_NEEDS_OPEN_GATE	0x3107f0
Exits map back to the main menu.	0x3107f0
Map_/ Exit back to the main menu	0x3107f0
MAP_EXIT	0x3107f0
Sell anything on foundation named 	0x3107f0
Base/Sell building on foundation 	0x3107f0
SELL_BUILDING_ON_FOUNDATION	0x3107f0
 nearest team 	0x3107f0
 Owned by 	0x3107f0
Find 	0x3107f0
Scripting_/Reference/ Set reference to object owned by player 	0x3107f0
SET_REF_TO_NEREST_TEAM_OF_TYPE_OWNED_BY_PLAYER	0x3107f0
 and reference as 	0x3107f0
 nearest marker 	0x3107f0
 to object type 	0x3107f0
 give upgrade 	0x3107f0
For Base 	0x3107f0
Script/Upgrade/Upgrade Base with upgrade to the nearest upgradable wall.	0x3107f0
UPGRADE_NEAREST_WALL	0x3107f0
Give Unit 	0x3107f0
Unit_/Upgrade/Give Team upgrade.	0x3107f0
NAMED_RECEIVE_UPGRADE	0x3107f0
. (Default TRUE.)	0x3107f0
Set presence of Fog of War to 	0x3107f0
Map_/Shroud or Reveal/Toggle Fog of War.	0x3107f0
SET_LOGIC_FOG_STATE	0x3107f0
Unit_/AutoAbility/Named set auto abilty to on/off.	0x3107f0
NAME_SET_AUTO_ABILITY	0x3107f0
 set auto ability 	0x3107f0
Team_/AutoAbility/Team set auto ability to on/off.	0x3107f0
TEAM_SET_AUTO_ABILITY	0x3107f0
 repair the nearest building within the radius 	0x3107f0
Team_/Reepair/Repair nearest building that needs it.	0x3107f0
TEAM_REPAIR_NEREST	0x3107f0
Team_/Siege/Deploy near team.	0x3107f0
DEPLOY_SIEGE_NEAR_TEAM	0x3107f0
Team_/Siege/Deploy near waypoint.	0x3107f0
DEPLOY_SIEGE_ON_WAYPOINT	0x3107f0
 within the radius 	0x3107f0
 attempts to Deploy near 	0x3107f0
Unit_/Siege/Deploy near waypoint.	0x3107f0
DEPLOY_NAMED_SIEGE_ON_WAYPOINT	0x3107f0
 set special weapon upgrade to 	0x3107f0
Unit_/Set unit to switch to weapon set.	0x3107f0
NAMED_SET_SPECIAL_WEAPONSET	0x3107f0
Display Reinforcements banner.	0x3107f0
LivingWorld_/Display Reinforcements banner.	0x3107f0
REINFORCEMENTS_DISPLAY_BANNER	0x3107f0
 and store in counter 	0x3107f0
 inside the base 	0x3307e0,0x3107f0
Count units owned by 	0x3107f0
Base/Counters/Count units inside a base.	0x3107f0
SET_COUNTER_TO_BASE_POPULATION	0x3107f0
Scripting_/Counters/Set counter to team threat.	0x3107f0
SET_COUNTER_TO_TEAM_THREAT	0x3107f0
 radius of 	0x3107f0
Scripting_/Counters/Set counter to single unit threat.	0x3107f0
SET_COUNTER_TO_UNIT_THREAT	0x3107f0
 sets its close range weapon to 	0x3107f0
Unit/Toggle close range weapon	0x3107f0
NAMED_TOGGLE_CLOSE_RANGE_WEAPON	0x3107f0
 sets their close range weapons to 	0x3107f0
Team/Toggle close range weapon	0x3107f0
TEAM_TOGGLE_CLOSE_RANGE_WEAPON	0x3107f0
 toggle auto build 	0x3107f0
Player/Build/Turn on or off a player's structures that auto build units.  (Starts ON)	0x3107f0
TOGGLE_AUTO_BUILD	0x3107f0
 is allowed to build ALL buildings is 	0x3107f0
Base/Allow or Disallow all buildings	0x3107f0
ALLOW_DISALLOW_ALL_BUILDINGS	0x3107f0
 allowed to build 	0x3107f0
Base/Allow or Disallow one building of a specific type	0x3107f0
ALLOW_DISALLOW_ONE_BUILDING	0x3107f0
 seconds: 	0x3107f0
Gradually interpolate all the scene lights to normal Time-Of-Day color, over:	0x3107f0
Scene/Light/Restore (un-dim) all global and ambient lights.	0x3107f0
RESTORE_WORLD_LIGHTS	0x3107f0
 over 	0x3107f0
. blue: 	0x3107f0
 green: 	0x3107f0
Gradually interpolate all the scene lights to the color, red:	0x3107f0
Scene/Light/Dim all global and ambient lights.	0x3107f0
DIM_WORLD_LIGHTS	0x3107f0
Remove all reverb-suppression areas.	0x3107f0
Audio_/All Sounds/Unsuppress all reverb	0x3107f0
AUDIO_REMOVE_ALL_REVERB_SUPPRESSION_POLYGONS	0x3107f0
 to normal.	0x3107f0
Return the reverb of sounds in 	0x3107f0
Audio_/All Sounds/Unsuppress reverb in an area	0x3107f0
AUDIO_REMOVE_REVERB_SUPPRESSION_POLYGON	0x3107f0
 of normal.	0x3107f0
Lower reverb of all sounds in 	0x3107f0
Audio_/All Sounds/Suppress reverb in an area	0x3107f0
AUDIO_SET_REVERB_SUPPRESSION_POLYGON	0x3107f0
Do not use reverb effects	0x3107f0
Audio_/All Sounds/Remove all reverb effects	0x3107f0
AUDIO_REMOVE_REVERB	0x3107f0
Use global reverb room type 	0x3107f0
Audio_/All Sounds/Set Global Reverb Room Type	0x3107f0
AUDIO_SET_REVERB_ROOM_TYPE	0x3107f0
Make all sounds subject to the fade levels set by 'fade all audio.'	0x3107f0
Audio_/Volume/Make All Sounds Subject to Fade	0x3107f0
AUDIO_MAKE_ALL_SOUNDS_SUBJECT_TO_FADE	0x3107f0
 subject to the fade levels set by 'fade all audio.'	0x3107f0
Audio_/Volume/Make Sound Subject to Fade	0x3107f0
AUDIO_MAKE_SOUND_SUBJECT_TO_FADE	0x3107f0
 ignore the fade levels set by 'fade all audio.'	0x3107f0
Make the sound 	0x3107f0
Audio_/Volume/Make Sound Immune to Fade	0x3107f0
AUDIO_MAKE_SOUND_IMMUNE_TO_FADE	0x3107f0
 seconds, and decrease 	0x3107f0
 seconds to increase, hold for 	0x3107f0
. Take 	0x3107f0
 to volume 	0x3107f0
Fade (0-1) all audio from volume 	0x3107f0
Audio_/Volume/Fade all audio	0x3107f0
AUDIO_FADE_VOLUME	0x3107f0
 as though coming from a member of 	0x3107f0
Play sound 	0x3107f0
Multimedia_/Play sound effect from team	0x3107f0
PLAY_SOUND_EFFECT_AT_TEAM	0x3107f0
 ON to the counter 	0x3107f0
 with 	0x3107f0
Store the number of objects owned by 	0x3107f0
Scripting_/Set counter to number of objects owned by player with a model condition	0x3107f0
SET_COUNTER_TO_NUMBER_OBJECTS_PLAYER_OWNES_WITH_MODELCONDITION	0x3107f0
Store the number of object (include dead ones)	0x3107f0
Scripting_/Set numer of object type owned by player to counter including dead ones.	0x3107f0
SET_PLAYER_OWNERSHIP_OF_TYPE_COUNTER_INCLUDE_DEAD	0x3107f0
Store the number of object 	0x3107f0
Scripting_/Set numer of object type owned by player to counter.	0x3107f0
SET_PLAYER_OWNERSHIP_OF_TYPE_COUNTER	0x3107f0
 of the kindof 	0x3107f0
Scripting_/Set number of player kills of a kindof to counter.	0x3107f0
SET_PLAYER_KILLS_OF_KINDOF_TO_COUNTER	0x3107f0
 of the type of object 	0x3107f0
Store the amount of kills by player 	0x3107f0
Scripting_/Set numer of player kills of a type to counter.	0x3107f0
SET_PLAYER_KILLS_OF_TYPE_TO_COUNTER	0x3107f0
Store the amount of command points required to build 	0x3107f0
Scripting_/CommandPoints/Set command points required to build team to counter.	0x3107f0
SET_COMMAND_POINTS_TO_BUILD_TEAM_TO_COUNTER	0x3107f0
Store total number of command point of player 	0x3107f0
Scripting_/CommandPoints/Set command points total of player to counter.	0x3107f0
SET_PLAYER_COMMAND_POINTS_TOTAL_TO_COUNTER	0x3107f0
Store amount of command points available to player 	0x3107f0
Scripting_/CommandPoints/Set command points available to player to counter.	0x3107f0
SET_PLAYER_COMMAND_POINTS_AVAILABLE_TO_COUNTER	0x3107f0
 to the counter 	0x3107f0
Store amount of command points used by player 	0x3107f0
Scripting_/CommandPoints/Set command points used by player to counter.	0x3107f0
SET_PLAYER_COMMAND_POINTS_USED_TO_COUNTER	0x3107f0
 experience points to the counter 	0x3107f0
Scripting_/Counters/Set units experience points to counter.	0x3107f0
SET_UNIT_EXPERIENCE_TO_COUNTER	0x3107f0
 light points to the counter 	0x3107f0
Store amount of 	0x3107f0
Scripting_/Counters/Set players light points to counter.	0x3107f0
SET_PLAYER_LIGHT_POINTS_TO_COUNTER	0x3107f0
 money to the counter 	0x3107f0
Store amount of  	0x3107f0
Scripting_/Counters/Set players money to counter.	0x3107f0
SET_PLAYER_MONEY_TO_COUNTER	0x3107f0
 the upgrade 	0x3107f0
Give Team 	0x3107f0
Team_/Give Team upgrade.	0x3107f0
TEAM_UPGRADE	0x3107f0
 combo units of type 	0x3107f0
Team_/Team recruit combo units from a specific team.	0x3107f0
RECRUIT_COMBO_UNITS_FROM_TEAM	0x3107f0
 from 	0x3307e0,0x3107f0
Team_/Team recruit units from a specific team.	0x3107f0
TEAM_RECRUIT_UNITS_FROM_TEAM	0x3107f0
 from nearby recruitable allied teams.	0x3107f0
 units of type 	0x3307e0,0x3107f0
 will recruit 	0x3107f0
Team_/Team recruit units from nearby teams.	0x3107f0
TEAM_RECRUIT_UNITS	0x3107f0
 with value 	0x3107f0
Scripting_/Counters/Counter do math opertation with value.	0x3107f0
COUNTER_MATH_VALUE	0x3107f0
 with counter 	0x3107f0
Counter 	0x3307e0,0x3107f0
Scripting_/Counters/Counter do math opertation with another Counter.	0x3107f0
COUNTER_MATH_COUNTER	0x3107f0
Team/Team will move to the nearest object that matches both type and player specified.	0x3107f0
TEAM_MOVE_TO_NEAREST_OBJECT_OF_TYPE_OWNED_BY_PLAYER	0x3107f0
 will move to the nearest object of type 	0x3107f0
Team/Team will move to the nearest object that matches type specified.	0x3107f0
TEAM_MOVE_TO_NEAREST_OBJECT_OF_TYPE	0x3107f0
 that is owned by the player 	0x3107f0
Team/Team will move to the nearest object that matches both kindof and player specified.	0x3107f0
TEAM_MOVE_TO_NEAREST_OBJECT_OF_KINDOF_OWNED_BY_PLAYER	0x3107f0
 will move to the nearest object of kindof 	0x3107f0
Team 	0x3107f0
Team/Team will move to the nearest object that matches kindof specified.	0x3107f0
TEAM_MOVE_TO_NEAREST_OBJECT_OF_KINDOF	0x3107f0
 at a foundation	0x3107f0
Build building on the chosen foundation.	0x3107f0
BUILD_BUILDING_ON_FOUNDATION	0x3107f0
 ... then finally reference the new building as: 	0x3107f0
 which is part of the base named, 	0x3107f0
, relative to the object of type, 	0x3107f0
 at a foundation that is the most 	0x3107f0
Base/AI build base building on a foundation chosen by proximity to tactical marker (new).	0x3107f0
BUILD_BASE_BUILDING_PER_TACTICAL_MARKER	0x358370,0x3107f0
 and reference it as	0x3107f0
 at slot 	0x3107f0
Base/AI build base building in slot in a referenced base.	0x3107f0
BUILD_BASE_BUILDING_IN_SLOT	0x3107f0
 and reference it as 	0x3107f0
 in base 	0x3107f0
Build building 	0x3107f0
Player_/AI/AI build base building in first available slot in a referenced base.	0x3107f0
BUILD_BASE_BUILDING	0x3107f0
Instantly unpack the free base: 	0x3107f0
Base/Instant Unpack a base so team can start building structures on it (Free).	0x3107f0
NAMED_BASE_UNPACK_FREE	0x3107f0
and reference it as 	0x3107f0
Unpack the base: 	0x3107f0
Base/Unpack a base so team can start building structures on it.	0x3107f0
NAMED_BASE_UNPACK	0x3107f0
 upgrade 	0x3107f0
 will give 	0x3107f0
Team_/Upgrades/Team gives team upgrade.	0x3107f0
TEAM_GIVE_TEAM_UPGRADE	0x3107f0
 will give nearest team upgrade	0x3107f0
Team_/Upgrades/Team gives nearest team upgrade.	0x3107f0
TEAM_GIVE_NEAREST_TEAM_UPGRADE	0x3107f0
 to reference another team reference 	0x3107f0
Scripting_/Reference/ Set reference to another team reference.	0x3107f0
SET_TEAM_REFERENCE_TO_REFERNECE	0x3107f0
 to reference another unit reference 	0x3107f0
Scripting_/Reference/ Set reference to another unit reference.	0x3107f0
SET_UNIT_REFERENCE_TO_REFERENCE	0x3107f0
 to reference team 	0x3107f0
Scripting_/Reference/ Set reference to a team.	0x3107f0
SET_TEAM_REFERENCE	0x3107f0
 delay until it is ready again.	0x3107f0
Unit/gate/ Delay a sequential script until the gate is ready again	0x3107f0
GATE_READY	0x3107f0
 Close gate.	0x3107f0
Unit/gate/ close a gate	0x3107f0
GATE_CLOSE	0x3107f0
Open gate 	0x3107f0
Unit/gate/ open a gate	0x3107f0
GATE_OPEN	0x3107f0
 to reference it. (Building must be inside map boundaries: 	0x3107f0
 and set 	0x3107f0
Find the home base owned by 	0x3107f0
FIND_HOME_BASE_OF_PLAYER	0x3107f0
 (and owned by the teams Player) and set its reference to 	0x3107f0
nearest the team	0x3107f0
Find the unit matching a type in the list 	0x3107f0
Scripting/Reference/ Set a reference to the unit nearest-to-team, owned by player.	0x3107f0
TEAM_SET_PLAYERS_NEAREST_UNIT_OF_TYPE_TO_REFERENCE	0x3107f0
 to reference unit 	0x3107f0
Scripting_/Reference/ Set reference to a unit.	0x3107f0
SET_UNIT_REFERENCE	0x3107f0
Team_/ Team has (comparison) threat level within radius.	0x3107f0
TEAM_THREAT_LEVEL	0x3107f0
 within radius 	0x3107f0
 threat level 	0x3107f0
Unit_/ Unit has (comparison) threat level within radius.	0x3107f0
UNIT_THREAT_LEVEL	0x3107f0
 to retract it's siege ramp from the wall 	0x3107f0
Unit_/Siege/ Retract the siege tower from that wall it's attached to.	0x3107f0
RETRACT_SIEGE_FROM_WALL	0x3107f0
 to attach it's siege ramp to the wall 	0x3107f0
 Request 	0x3107f0
Unit_/Siege/ Deploy the siege tower to the named wall.	0x3107f0
DEPLOY_SIEGE_ON_NAMED_WALL	0x3107f0
 allow cancel 	0x3107f0
Play Movie named 	0x3107f0
PlayMovie/ Plays a movie in game.	0x3107f0
PLAY_MOVIE_IN_GAME	0x3107f0
Toggles on & off the AVI capture.	0x3107f0
AVICapture_/ Toggles on & off AVI capture	0x3107f0
TOGGLE_AVI_CAPTURE	0x3107f0
Exit back into the living world map region view.	0x3107f0
LivingWorld_/ Exit back into region view	0x3107f0
LIVING_WORLD_EXIT_TO_REGION_VIEW	0x3107f0
 from the living world.	0x3107f0
Despawn Army named 	0x3107f0
LivingWorld_/ Despawn an army from the Living World	0x3107f0
LIVING_WORLD_DESPAWN_ARMY	0x3107f0
Spawn Army named 	0x3107f0
LivingWorld_/ Spawn an army in a named zone	0x3107f0
LIVING_WORLD_SPAWN_ARMY_IN_ZONE	0x3107f0
 of TemplateType 	0x3107f0
Spawn Army named	0x3107f0
LivingWorld_/ Spawn an army at world position	0x3107f0
LIVING_WORLD_SPAWN_ARMY_AT_POSITION	0x3107f0
 zone.	0x3107f0
 To the 	0x3107f0
LivingWorld_/ Move army to a named zone	0x3107f0
LIVING_WORLD_MOVE_ARMY_TO_ZONE	0x3107f0
 in the world.	0x3107f0
 To the position 	0x3107f0
 of faction 	0x3107f0
Move Army named	0x3107f0
LivingWorld_/ Move army to a world position	0x3107f0
LIVING_WORLD_MOVE_ARMY_TO_POSITION	0x3107f0
Unit_/ Sets a unit's experience points	0x3107f0
UNIT_SET_EXPERIENCE_POINTS	0x3107f0
Unit_/ Gives a unit experience points	0x3107f0
UNIT_GIVE_EXPERIENCE_POINTS	0x3107f0
Unit_/ Gives specified team an experience level	0x3107f0
UNIT_GIVE_EXPERIENCE_LEVEL	0x3107f0
 experience points' to 	0x3107f0
Sets 	0x3107f0
Team_/ Sets a team's experience points	0x3107f0
TEAM_SET_EXPERIENCE_POINTS	0x3107f0
 experience points 	0x3107f0
Team_/ Gives specified team experience points	0x3107f0
TEAM_GIVE_EXPERIENCE_POINTS	0x3107f0
 experience level 	0x3107f0
Team_/ Gives specified team an experience level	0x3107f0
TEAM_GIVE_EXPERIENCE_LEVEL	0x3107f0
 light point level 	0x3107f0
Takes away from 	0x3107f0
Player_/ Takes away a light point level	0x3107f0
PLAYER_REMOVE_LIGHT_POINT_LEVEL	0x3107f0
  light point level 	0x3107f0
Player_/ Gives a light point level	0x3107f0
PLAYER_GIVE_LIGHT_POINT_LEVEL	0x3107f0
Resets light points for 	0x3107f0
Player_/ Reset light points	0x3107f0
PLAYER_RESET_LIGHT_POINTS	0x3107f0
 light points.	0x3107f0
Gives 	0x3107f0
Player_/ Give light points	0x3107f0
PLAYER_GIVE_LIGHT_POINTS	0x3107f0
 (True to disable.)	0x3107f0
Disable terrain render 	0x3107f0
Camera_/Terrain/Enable or Disable Terrain Render.	0x3107f0
TERRAIN_RENDER_DISABLE	0x3107f0
Set Bloom Filter to be disabled	0x3107f0
Camera_/Lighting Effects/End bloom lighting effect.	0x3107f0
CAMERA_BLOOM_EFFECT_END	0x3107f0
Set Bloom Filter to be enabled	0x3107f0
Camera_/Lighting Effects/Begin bloom lighting effect.	0x3107f0
CAMERA_BLOOM_EFFECT_BEGIN	0x3107f0
Multimedia_/Sound Effect/Disable object's ambient sound	0x3107f0
DISABLE_OBJECT_SOUND	0x3107f0
's ambient sound.	0x3107f0
Enable (or trigger) 	0x3107f0
Multimedia_/Sound Effect/Enable object's ambient sound	0x3107f0
ENABLE_OBJECT_SOUND	0x3107f0
Force ChooseVictim to ignore game difficulty and always use Normal setting 	0x3107f0
Map_/ Force ChooseVictim to ignore game difficulty and always use Normal setting.	0x3107f0
CHOOSE_VICTIM_ALWAYS_USES_NORMAL	0x3107f0
Delete all unmanned (sniped) vehicles.	0x3107f0
Scripting_/ Delete all unmanned (sniped) vehicles.	0x3107f0
DELETE_ALL_UNMANNED	0x3107f0
) Width then height, in world units.	0x3107f0
Allow bigger objects to be perceived as onscreen near the edge (	0x3107f0
Map_/ Resize view guardband.	0x3107f0
RESIZE_VIEW_GUARDBAND	0x3107f0
Show 'Defeated' window and end game	0x3107f0
Multiplayer_/ Announce defeat.	0x3107f0
Show 'Victorious' window and end game	0x3107f0
Multiplayer_/ Announce victory.	0x3107f0
Show 'Game Over' window	0x3107f0
Multiplayer_/ Announce local defeat.	0x3107f0
LOCALDEFEAT	0x3107f0
 Enter and guard from tunnel network.	0x3107f0
Team_/ Set to guard - from inside tunnel network.	0x3107f0
TEAM_GUARD_IN_TUNNEL_NETWORK	0x3107f0
 (true to enable, false to disable).	0x3107f0
Enable Object Bonuses based on difficulty 	0x3107f0
Map_/ Adjust Object Bonuses based on difficulty.	0x3107f0
OBJECT_ALLOW_BONUSES	0x3107f0
Set the desired speech volume to 	0x3107f0
Multimedia_/ Set the current speech volume.	0x3107f0
SPEECH_SET_VOLUME	0x3107f0
Set the desired sound volume to 	0x3107f0
Multimedia_/ Set the current sound volume.	0x3107f0
SOUND_SET_VOLUME	0x3107f0
 times the usual rate (0.0 for no gain, 1.0 for normal rate)	0x3107f0
 gains experience at 	0x3107f0
Player_/ Change the modifier to generals experience that a player receives.	0x3107f0
PLAYER_AFFECT_RECEIVING_EXPERIENCE	0x3107f0
 on team 	0x3107f0
Unit_/ Spawn -- named unit on a team at a position with an orientation.	0x3107f0
UNIT_SPAWN_NAMED_LOCATION_ORIENTATION	0x3107f0
 (1-12).	0x3107f0
 in slot number 	0x3107f0
 is added to all objects of type 	0x3107f0
Scripting_/ Add a command button to an object type.	0x3107f0
COMMANDBAR_ADD_BUTTON_OBJECTTYPE_SLOT	0x3107f0
 is removed from all objects of type 	0x3107f0
Scripting_/ Remove a command button from an object type.	0x3107f0
COMMANDBAR_REMOVE_BUTTON_OBJECTTYPE	0x3107f0
Team_/ Set team to face a waypoint.	0x3107f0
TEAM_FACE_WAYPOINT	0x3107f0
Team_/ Set team to face another unit.	0x3107f0
TEAM_FACE_NAMED	0x3107f0
Unit_/ Set unit to face a waypoint.	0x3107f0
NAMED_FACE_WAYPOINT	0x3107f0
 begin facing 	0x3107f0
Unit_/ Set unit to face another unit.	0x3107f0
NAMED_FACE_NAMED	0x3107f0
 seconds. Negative value reverts to normal behavior.	0x3107f0
Override hulk lifetime to 	0x3107f0
Scripting_/ Hulk set override lifetime.	0x3107f0
SCRIPTING_OVERRIDE_HULK_LIFETIME	0x3107f0
 (1-5).	0x3107f0
 uses skillset number 	0x3107f0
Player_/ Set the skillset for a computer player.	0x3107f0
PLAYER_SELECT_SKILLSET	0x3107f0
 change the value of flag 	0x3107f0
Team_/ Affect flags set on object panel - all.	0x3107f0
TEAM_AFFECT_OBJECT_PANEL_FLAGS	0x3107f0
 changes the value of flag 	0x3107f0
Unit_/ Affect flags set on object panel.	0x3107f0
UNIT_AFFECT_OBJECT_PANEL_FLAGS	0x3107f0
Set Particle Cap to be enabled 	0x3107f0
Scripting_/ Enable or Disable Particle Cap.	0x3107f0
OPTIONS_SET_PARTICLE_CAP_MODE	0x3107f0
Set Draw-icon UI to be enabled 	0x3107f0
Scripting_/ Enable or Disable Draw-icon UI.	0x3107f0
OPTIONS_SET_DRAWICON_UI_MODE	0x3107f0
Set Occlusion to be enabled 	0x3107f0
Scripting_/ Enable or Disable Occlusion (Drawing Behind Buildings).	0x3107f0
OPTIONS_SET_OCCLUSION_MODE	0x3107f0
 (False to disable.)	0x3107f0
Set EVA to be enabled 	0x3107f0
Scripting_/ Enable or Disable EVA.	0x3107f0
EVA_SET_ENABLED_DISABLED	0x3107f0
 is undone.	0x3107f0
Map_/ Reveal map at waypoint -- undo permanently.	0x3107f0
MAP_UNDO_REVEAL_PERMANENTLY_AT_WAYPOINT	0x3107f0
. (Afterwards referred to as 	0x3107f0
The map is permanently revealed at 	0x3107f0
Map_/ Reveal map at waypoint -- permanently.	0x3107f0
MAP_REVEAL_PERMANENTLY_AT_WAYPOINT	0x3107f0
 : remove 	0x3107f0
Scripting_/ Object Type List -- Remove Object Type.	0x3107f0
OBJECTLIST_REMOVEOBJECTTYPE	0x3107f0
 : add 	0x3107f0
Scripting_/ Object Type List -- Add Object Type.	0x3107f0
OBJECTLIST_ADDOBJECTTYPE	0x3107f0
Unit_/ Set emoticon for duration (-1.0 permanent, otherwise duration in sec).	0x3107f0
NAMED_SET_EMOTICON	0x3107f0
 emoticon for 	0x3107f0
Team_/ Set emoticon for duration (-1.0 permanent, otherwise duration in sec).	0x3107f0
TEAM_SET_EMOTICON	0x3107f0
 delay until at least one of them is no longer contained.	0x3107f0
Team_/ Delay a sequential script until the team is no longer contained - partial	0x3107f0
TEAM_WAIT_FOR_NOT_CONTAINED_PARTIAL	0x3107f0
 all delay until they are no longer contained.	0x3107f0
Team_/ Delay a sequential script until the team is no longer contained - all	0x3107f0
TEAM_WAIT_FOR_NOT_CONTAINED_ALL	0x3107f0
 from units it has captured. (There's nothing quite like being assaulted by your own captured units!)	0x3107f0
 creates a new 	0x3107f0
Player_/ Create team from all captured units.	0x3107f0
PLAYER_CREATE_TEAM_FROM_CAPTURED_UNITS	0x3107f0
 capture the nearest unowned faction unit.	0x3107f0
Team_/ Capture unowned faction unit -- nearest.	0x3107f0
TEAM_CAPTURE_NEAREST_UNOWNED_FACTION_UNIT	0x3107f0
 perform 	0x3107f0
% of 	0x3107f0
Team_/ Use command ability -- partial -- self.	0x3107f0
TEAM_PARTIAL_USE_COMMANDBUTTON	0x3107f0
Team_/ Use command ability -- all -- nearest object type.	0x3107f0
TEAM_ALL_USE_COMMANDBUTTON_ON_NEAREST_OBJECTTYPE	0x3107f0
Team_/ Use command ability -- all -- nearest enemy building kindof.	0x3107f0
TEAM_ALL_USE_COMMANDBUTTON_ON_NEAREST_ENEMY_BUILDING_CLASS	0x3107f0
Team_/ Use command ability -- all -- nearest enemy building.	0x3107f0
TEAM_ALL_USE_COMMANDBUTTON_ON_NEAREST_ENEMY_BUILDING	0x3107f0
Team_/ Use command ability -- all -- nearest enemy object with kind of.	0x3107f0
TEAM_ALL_USE_COMMANDBUTTON_ON_NEAREST_KINDOF	0x3107f0
Team_/ Use command ability -- all -- nearest enemy garrisoned building.	0x3107f0
TEAM_ALL_USE_COMMANDBUTTON_ON_NEAREST_GARRISONED_BUILDING	0x3107f0
Team_/ Use command ability -- all -- nearest enemy unit	0x3107f0
TEAM_ALL_USE_COMMANDBUTTON_ON_NEAREST_ENEMY_UNIT	0x3107f0
  on 	0x3107f0
Team_/ Use command ability -- all -- named enemy	0x3107f0
TEAM_ALL_USE_COMMANDBUTTON_ON_NAMED	0x3107f0
 Radius.	0x3107f0
 Duration (seconds) 	0x3107f0
 with Amplitude 	0x3107f0
Add Camera Shaker Effect at waypoint 	0x3107f0
Camera_/Add Camera Shaker Effect at.	0x3107f0
CAMERA_ADD_SHAKER_AT	0x3107f0
Disable camera playback mode.	0x3107f0
Camera_/Disable 3DSMax Camera Animation Playback mode.	0x3107f0
CAMERA_DISABLE_SLAVE_MODE	0x3107f0
 containing bone name 	0x3107f0
Enable 3DSMax Camera playback of animation with thing name 	0x3107f0
Camera_/Enable 3DSMax Camera Animation Playback mode.	0x3107f0
CAMERA_ENABLE_SLAVE_MODE	0x3107f0
 continue their current action for at least 	0x3107f0
Team_/ Set to continue current action for some number of frames.	0x3107f0
TEAM_SPIN_FOR_FRAMECOUNT	0x3107f0
 ready.	0x3107f0
 wait until at least one member is 	0x3107f0
Skirmish_/ Delay a sequential script until the specified command ability is ready - partial.	0x3107f0
SKIRMISH_WAIT_FOR_COMMANDBUTTON_AVAILABLE_PARTIAL	0x3107f0
 is ready.	0x3107f0
 all wait until 	0x3107f0
Skirmish_/ Delay a sequential script until the specified command ability is ready - all.	0x3107f0
SKIRMISH_WAIT_FOR_COMMANDBUTTON_AVAILABLE_ALL	0x3107f0
 (true = all valid sources, false = first valid source).	0x3107f0
 on most expensive object within 	0x3107f0
 performs 	0x3107f0
Skirmish_/ Team performs command ability on most valuable object.	0x3107f0
SKIRMISH_PERFORM_COMMANDBUTTON_ON_MOST_VALUABLE_OBJECT	0x3107f0
 attacks nearest group worth 	0x3107f0
Skirmish_/ Team attacks nearest group matching value comparison.	0x3107f0
SKIRMISH_ATTACK_NEAREST_GROUP_WITH_VALUE	0x3107f0
Team_/ Move team towards the nearest object of a specific type in trigger area.	0x3107f0
TEAM_MOVE_TOWARDS_NEAREST_OBJECT_TYPE	0x3107f0
 within 	0x3107f0
 will move towards the nearest 	0x3107f0
Unit_/ Move unit towards the nearest object of a specific type in trigger area.	0x3107f0
UNIT_MOVE_TOWARDS_NEAREST_OBJECT_TYPE	0x3107f0
 if destroyed.	0x3107f0
 will topple towards 	0x3107f0
Unit_/ Set topple direction.	0x3107f0
NAMED_SET_TOPPLE_DIRECTION	0x3107f0
All sound events play at normal volume.	0x3107f0
Multimedia_/ Sound Events -- restore volume -- all.	0x3107f0
AUDIO_RESTORE_VOLUME_ALL_TYPE	0x3107f0
 play at normal volume.	0x3107f0
Multimedia_/ Sound Events -- restore volume -- type.	0x3107f0
AUDIO_RESTORE_VOLUME_TYPE	0x3107f0
% of full volume.	0x3107f0
 play at 	0x3107f0
Multimedia_/ Sound Events -- override volume -- type.	0x3107f0
AUDIO_OVERRIDE_VOLUME_TYPE	0x3107f0
Enable all sound events.	0x3107f0
Multimedia_/ Sound Events -- enable all.	0x3107f0
SOUND_ENABLE_ALL	0x3107f0
Remove all disabled sound events (OBSOLETE -- disable type now does all the work)	0x3107f0
Multimedia_/ Sound Events -- remove all disabled. (OBSOLETE)	0x3107f0
SOUND_REMOVE_ALL_DISABLED	0x3107f0
 is removed.	0x3107f0
Multimedia_/ Sound Events -- remove type.	0x3107f0
SOUND_REMOVE_TYPE	0x3107f0
 is enabled.	0x3107f0
Multimedia_/ Sound Events -- enable type.	0x3107f0
SOUND_ENABLE_TYPE	0x3107f0
 is disabled.	0x3107f0
Multimedia_/ Sound Events -- disable type.	0x3107f0
SOUND_DISABLE_TYPE	0x3107f0
 dollars worth of boxes. 	0x3107f0
 is set to having 	0x3107f0
Warehouse named 	0x3107f0
Unit_/ Set cash value of Warehouse.	0x3107f0
WAREHOUSE_SET_VALUE	0x3107f0
, but only if both Cave listings have no occupants. 	0x3107f0
 is set to being connected to all caves of index 	0x3107f0
Cave named 	0x3107f0
Unit_/ Set Cave connectivity index.	0x3107f0
SET_CAVE_INDEX	0x3107f0
 becomes 	0x3107f0
Map_/ Adjust the tech tree for a specific object type.	0x3107f0
TECHTREE_MODIFY_BUILDABILITY_OBJECT	0x3107f0
The screen will shake with 	0x3107f0
Camera_/ Shake Screen.	0x3107f0
SCREEN_SHAKE	0x3107f0
The radar is now reverting to its normal behavior.	0x3107f0
Radar_/ Revert radar to normal behavior.	0x3107f0
RADAR_REVERT_TO_NORMAL	0x3107f0
The radar is now forced to be enabled.	0x3107f0
Radar_/ Force enable the radar.	0x3107f0
RADAR_FORCE_ENABLE	0x3107f0
) while playing 	0x3107f0
, centers in view (	0x3107f0
 's first 	0x3107f0
Scripting_/ Select the first object type on a team.	0x3107f0
OBJECT_FORCE_SELECT	0x3107f0
 Modify the default CloudEffect speed to be 	0x3107f0
Map_/ Change the speed of the CloudEffect.	0x3107f0
MAP_CHANGE_CLOUD_SPEED	0x3107f0
 becomes the active border.	0x3107f0
Map_/ Change the active boundary.	0x3107f0
MAP_SWITCH_BORDER	0x3107f0
Team_/ Use commandbutton ability at a waypoint.	0x3107f0
TEAM_USE_COMMANDBUTTON_ABILITY_AT_WAYPOINT	0x3107f0
Team_/ Use commandbutton ability on an object.	0x3107f0
TEAM_USE_COMMANDBUTTON_ABILITY_ON_NAMED	0x3107f0
Team_/ Use commandbutton ability.	0x3107f0
TEAM_USE_COMMANDBUTTON_ABILITY	0x3107f0
 on nearest object of type 	0x3107f0
Unit_/ Use command ability -- all -- nearest object type.	0x3107f0
NAMED_USE_COMMANDBUTTON_ON_NEAREST_OBJECTTYPE	0x3107f0
  on nearest enemy building with 	0x3107f0
Unit_/ Use command ability -- all -- nearest enemy building kindof.	0x3107f0
NAMED_USE_COMMANDBUTTON_ON_NEAREST_ENEMY_BUILDING_CLASS	0x3107f0
  on nearest enemy building.	0x3107f0
Unit_/ Use command ability -- all -- nearest enemy building.	0x3107f0
NAMED_USE_COMMANDBUTTON_ON_NEAREST_ENEMY_BUILDING	0x3107f0
  on nearest enemy with 	0x3107f0
Unit_/ Use command ability -- all -- nearest enemy object with kind of.	0x3107f0
NAMED_USE_COMMANDBUTTON_ON_NEAREST_KINDOF	0x3107f0
  on nearest enemy garrisoned building.	0x3107f0
Unit_/ Use command ability -- all -- nearest enemy garrisoned building.	0x3107f0
NAMED_USE_COMMANDBUTTON_ON_NEAREST_GARRISONED_BUILDING	0x3107f0
  on nearest enemy unit.	0x3107f0
Unit_/ Use command ability -- all -- nearest enemy unit	0x3107f0
NAMED_USE_COMMANDBUTTON_ON_NEAREST_ENEMY_UNIT	0x3107f0
Unit_/ Use commandbutton ability at a waypoint.	0x3107f0
NAMED_USE_COMMANDBUTTON_ABILITY_AT_WAYPOINT	0x3107f0
Unit_/ Use commandbutton ability on an object.	0x3107f0
NAMED_USE_COMMANDBUTTON_ABILITY_ON_NAMED	0x3107f0
Unit_/ Use commandbutton ability.	0x3107f0
NAMED_USE_COMMANDBUTTON_ABILITY	0x3107f0
 dam_/sec.	0x3107f0
 seconds doing 	0x3107f0
Map_/ Adjust water height to a new level with damage over time	0x3107f0
WATER_CHANGE_HEIGHT_OVER_TIME	0x3107f0
 impassable for human player: 	0x3107f0
 Make area 	0x3107f0
Map_/ Make area impassable for human player	0x3107f0
HUMAN_IMPASSABLE_AREA	0x3107f0
 changes altitude to 	0x3107f0
Map_/ Adjust water height to a new level	0x3107f0
WATER_CHANGE_HEIGHT	0x3107f0
Team_/ Set to idle for some number of seconds.	0x3107f0
TEAM_IDLE_FOR_SECONDS	0x3107f0
Team_/ Set to guard -- number of seconds.	0x3107f0
TEAM_GUARD_FOR_SECONDS	0x3107f0
Team_/ Set to idle for some number of frames.	0x3107f0
TEAM_IDLE_FOR_FRAMECOUNT	0x3107f0
Team_/ Set to guard -- number of frames.	0x3107f0
TEAM_GUARD_FOR_FRAMECOUNT	0x3107f0
Team_/ Set or clear the Aflame status on a team.	0x3107f0
TEAM_SET_FLAME_STATUS	0x3107f0
 is now on fire (T-F) 	0x3107f0
Unit_/ Set or clear the Aflame status on a unit.	0x3107f0
UNIT_SET_FLAME_STATUS	0x3107f0
 seconds. Percentage 	0x3107f0
Team_/ Set a model condition flag on a team for duration. % specifies # of members that get this.	0x3107f0
TEAM_SET_MODELCONDITION_FOR_DURATION	0x3107f0
 seconds. Percentage (hordes) 	0x3107f0
 sets model condition 	0x3107f0
Unit_/ Set a model condition flag on a unit for duration. % specifies # of members in horde that get this.	0x3107f0
UNIT_SET_MODELCONDITION_FOR_DURATION	0x3107f0
Team_/ Set or clear a custom model condition flag on a team.	0x3107f0
TEAM_SET_MODELCONDITION	0x3107f0
 sets custom model condition number (1-4) 	0x3107f0
Unit_/ Set or clear a custom model condition flag on a unit.	0x3107f0
UNIT_SET_MODELCONDITION	0x3107f0
Unit_/ Set to idle for some number of seconds.	0x3107f0
UNIT_IDLE_FOR_SECONDS	0x3107f0
Unit_/ Set to guard for some number of seconds.	0x3107f0
UNIT_GUARD_FOR_SECONDS	0x3107f0
 idles for 	0x3107f0
Unit_/ Set to idle for some number of frames.	0x3107f0
UNIT_IDLE_FOR_FRAMECOUNT	0x3107f0
 guards for 	0x3107f0
Unit_/ Set to guard for some number of frames.	0x3107f0
UNIT_GUARD_FOR_FRAMECOUNT	0x3107f0
Team_/ Execute script sequentially -- stop.	0x3107f0
TEAM_STOP_SEQUENTIAL_SCRIPT	0x3107f0
 stops executing.	0x3107f0
Unit_/ Set a specific unit to stop executing a sequential script.	0x3107f0
UNIT_STOP_SEQUENTIAL_SCRIPT	0x3107f0
Team_/ Execute script sequentially -- looping.	0x3107f0
TEAM_EXECUTE_SEQUENTIAL_SCRIPT_LOOPING	0x3107f0
Team_/ Execute script sequentially -- start.	0x3107f0
TEAM_EXECUTE_SEQUENTIAL_SCRIPT	0x3107f0
 times. (0=forever)	0x3107f0
 sequentially, 	0x3107f0
Unit_/ Set a specific unit to execute a looping sequential script.	0x3107f0
UNIT_EXECUTE_SEQUENTIAL_SCRIPT_LOOPING	0x3107f0
 sequentially.	0x3107f0
 executes 	0x3107f0
Unit_/ Set a specific unit to execute a script sequentially.	0x3107f0
UNIT_EXECUTE_SEQUENTIAL_SCRIPT	0x3107f0
Player_/ Remove an override to a player's relationship to another team.	0x3107f0
PLAYER_REMOVE_OVERRIDE_RELATION_TO_TEAM	0x3107f0
Player_/ Override a player's relationship to another team.	0x3107f0
PLAYER_SET_OVERRIDE_RELATION_TO_TEAM	0x3107f0
Team_/ Remove an override to a team's relationship to another player.	0x3107f0
TEAM_REMOVE_OVERRIDE_RELATION_TO_PLAYER	0x3107f0
Team_/ Override a team's relationship to another player.	0x3107f0
TEAM_SET_OVERRIDE_RELATION_TO_PLAYER	0x3107f0
 fire waypoint-weapon following waypoints starting at 	0x3107f0
Unit_/ Fire waypoint-weapon following waypoint path.	0x3107f0
NAMED_FIRE_WEAPON_FOLLOWING_WAYPOINT_PATH	0x3107f0
 are killed.	0x3107f0
All units inside 	0x3107f0
Unit_/ Kill all units contained within a specific transport or structure.	0x3107f0
UNIT_DESTROY_ALL_CONTAINED	0x3107f0
 seconds, reverse rotation 	0x3107f0
Rotate to look at 	0x3107f0
Camera (R)_/ Rotate to look at a waypoint.	0x3107f0
CAMERA_LOOK_TOWARD_WAYPOINT	0x3107f0
 seconds with z-offset of 	0x3107f0
 seconds and holding 	0x3107f0
Rotate toward 	0x3107f0
Camera (R)_/ Rotate toward unit.	0x3107f0
CAMERA_LOOK_TOWARD_OBJECT	0x3107f0
(1.0==default).	0x3107f0
(0.0 is N, 90.0 is W, etc), height = 	0x3107f0
(0.0==default), angle = 	0x3107f0
Camera Pitch = 	0x3107f0
Camera_/ Set default camera.	0x3107f0
CAMERA_SET_DEFAULT	0x3107f0
Stop tether to any units.	0x3107f0
Camera_/ Stop tether to any units.	0x3107f0
CAMERA_STOP_TETHER_NAMED	0x3107f0
.  Amount of play is 	0x3107f0
.  Snap camera to object is 	0x3107f0
Have the camera tethered to 	0x3107f0
Camera_/ Tether camera to a specific unit.	0x3107f0
CAMERA_TETHER_NAMED	0x3107f0
 uses the player relationship to all other teams and players.	0x3107f0
Team_/ Remove all overrides to team's relationship to teams and/or players.	0x3107f0
TEAM_REMOVE_ALL_OVERRIDE_RELATIONS	0x3107f0
 uses the player relationship to 	0x3107f0
Team_/ Remove an override to a team's relationship to another team.	0x3107f0
TEAM_REMOVE_OVERRIDE_RELATION_TO_TEAM	0x3107f0
 (rather than using the the player relationship).	0x3107f0
Team_/ Override a team's relationship to another team.	0x3107f0
TEAM_SET_OVERRIDE_RELATION_TO_TEAM	0x3107f0
 stops, then disbands.	0x3107f0
Team_/ Set to stop, then disband.	0x3107f0
TEAM_STOP_AND_DISBAND	0x3107f0
Team_/ Set to stop.	0x3107f0
TEAM_STOP	0x3107f0
 stops.	0x3107f0
Unit_/ Set a specific unit to stop.	0x3107f0
NAMED_STOP	0x3107f0
Refresh radar terrain.	0x3107f0
Scripting_/ Refresh radar terrain.	0x3107f0
REFRESH_RADAR	0x3107f0
Unit_/ Special power -- fire at unit.	0x3107f0
NAMED_FIRE_SPECIAL_POWER_AT_NAMED	0x3107f0
 fires 	0x3107f0
Unit_/ Special power -- fire at location.	0x3107f0
NAMED_FIRE_SPECIAL_POWER_AT_WAYPOINT	0x3107f0
 repair 	0x3107f0
Player_/ Repair named bridge or structure.	0x3107f0
PLAYER_REPAIR_NAMED_STRUCTURE	0x3107f0
Player/ Special power -- fire on team.	0x3107f0
FIRE_SPECIAL_POWER_ON_TEAM	0x3107f0
 owned by 	0x3107f0
Player/ Special power -- fire on nearest object type owned by player.	0x3107f0
FIRE_SPECIAL_POWER_ON_NEAREST_OBJECTTYPE_BY_PLAYER	0x3107f0
 on nearest object of 	0x3107f0
Player/ Special power -- fire on nearest object type.	0x3107f0
FIRE_SPECIAL_POWER_ON_NEAREST_OBJECTTYPE	0x3107f0
 at enemy's most costly area.	0x3107f0
 fire 	0x3107f0
Skirmish_/ Special power -- fire at enemy's highest cost area.	0x3107f0
SKIRMISH_FIRE_SPECIAL_POWER_AT_MOST_COST	0x3107f0
 seconds added to it.	0x3107f0
 has 	0x3307e0,0x3107f0
Unit_/ Special power countdown timer -- add seconds.	0x3107f0
NAMED_ADD_SPECIAL_POWER_COUNTDOWN	0x3107f0
Unit_/ Special power countdown timer -- set.	0x3107f0
NAMED_SET_SPECIAL_POWER_COUNTDOWN	0x3107f0
Resume 	0x3107f0
Unit_/ Special power countdown timer -- resume.	0x3107f0
NAMED_START_SPECIAL_POWER_COUNTDOWN	0x3107f0
 countdown.	0x3107f0
Pause 	0x3107f0
Unit_/ Special power countdown timer -- pause.	0x3107f0
NAMED_STOP_SPECIAL_POWER_COUNTDOWN	0x3107f0
Enables timer display.	0x3107f0
Scripting_/ Timer -- display all timers to the user.	0x3107f0
ENABLE_COUNTDOWN_TIMER_DISPLAY	0x3107f0
Disables timer display.	0x3107f0
Scripting_/ Timer -- hide all timers from the user.	0x3107f0
DISABLE_COUNTDOWN_TIMER_DISPLAY	0x3107f0
Scripting_/ Timer -- hides an individual timer from the user.	0x3107f0
HIDE_COUNTDOWN_TIMER	0x3107f0
Scripting_/ Timer -- display an individual timer to the user.	0x3107f0
DISPLAY_COUNTDOWN_TIMER	0x3107f0
Hide 	0x3107f0
Scripting_/ Counter -- hides an individual counter from the user.	0x3107f0
HIDE_COUNTER	0x3107f0
 with text 	0x3107f0
Show 	0x3107f0
Scripting_/ Counter -- display an individual counter to the user.	0x3107f0
DISPLAY_COUNTER	0x3107f0
 gets $	0x3107f0
Player_/ Gives/takes from player's money.	0x3107f0
PLAYER_GIVE_MONEY	0x3107f0
's money to $	0x3107f0
Player_/ Set player's money.	0x3107f0
PLAYER_SET_MONEY	0x3107f0
 transfers to 	0x3107f0
Control of 	0x3107f0
Team_/ Transfer control of a team to a player.	0x3107f0
TEAM_TRANSFER_TO_PLAYER	0x3107f0
%. (0-100)	0x3107f0
Set the desired music volume to 	0x3107f0
Multimedia_/ Set the current music volume.	0x3107f0
MUSIC_SET_VOLUME	0x3107f0
Shows special power countdowns for 	0x3107f0
Unit_/ Special power countdown timer -- display.	0x3107f0
NAMED_SHOW_SPECIAL_POWER_DISPLAY	0x3107f0
Hides special power countdowns for 	0x3107f0
Unit_/ Special power countdown timer -- hide.	0x3107f0
NAMED_HIDE_SPECIAL_POWER_DISPLAY	0x3107f0
Enables special power countdown display.	0x3107f0
Scripting_/ Special power countdown display -- enable.	0x3107f0
ENABLE_SPECIAL_POWER_DISPLAY	0x3107f0
Disables special power countdown display.	0x3107f0
Scripting_/ Special power countdown display -- disable.	0x3107f0
DISABLE_SPECIAL_POWER_DISPLAY	0x3107f0
.  (0 sets to default.)	0x3107f0
Set max FPS to 	0x3107f0
Scripting_/ Set max frames per second.	0x3107f0
SET_FPS_LIMIT	0x3107f0
Set stopping distances for 	0x3107f0
Team_/Move/Set stopping distance for each unit's current locomotor.	0x3107f0
SET_STOPPING_DISTANCE	0x3107f0
Set stopping distance for 	0x3107f0
Unit_/Move/Set stopping distance for current locomotor.	0x3107f0
NAMED_SET_STOPPING_DISTANCE	0x3107f0
Set Held status for 	0x3107f0
Unit_/Move/Set unit to be held in place, ignoring Physics, Locomotors, etc.	0x3107f0
NAMED_SET_HELD	0x3107f0
Set the audible range during camera-up shots to 	0x3107f0
Camera_/Sounds/Set the audible distance for camera-up shots.	0x3107f0
CAMERA_SET_AUDIBLE_DISTANCE	0x3107f0
 milliseconds.	0x3107f0
Show military briefing 	0x3107f0
Scripting_/Briefing/Show military briefing caption.	0x3107f0
SHOW_MILITARY_CAPTION	0x3107f0
Unfreeze time.	0x3107f0
Scripting_/Time/Unfreeze time.	0x3107f0
UNFREEZE_TIME	0x3107f0
Freeze time.	0x3107f0
Scripting_/Time/Freeze time.	0x3107f0
FREEZE_TIME	0x3107f0
End skybox mode (draw black background).	0x3107f0
Camera_/Skybox/End skybox mode.	0x3107f0
DRAW_SKYBOX_END	0x3107f0
Start skybox mode (draw sky background).	0x3107f0
Camera_/Skybox/Start skybox mode.	0x3107f0
DRAW_SKYBOX_BEGIN	0x3107f0
End motion blur as the camera moves.	0x3107f0
Camera_/Fade Effects/End motion blur as the camera moves.	0x3107f0
CAMERA_MOTION_BLUR_END_FOLLOW	0x3107f0
 (start with 30 and adjust up or down). 	0x3107f0
Start motion blur as the camera moves, amount= 	0x3107f0
Camera_/Fade Effects/Start motion blur as the camera moves.	0x3107f0
CAMERA_MOTION_BLUR_FOLLOW	0x3107f0
, saturate colors = 	0x3107f0
Blur zoom, zoom in at current location, zoom out at 	0x3107f0
Camera_/Fade Effects/Motion blur zoom with jump cut.	0x3107f0
CAMERA_MOTION_BLUR_JUMP	0x3107f0
 (true=zoom in, false = zoom out), saturate colors = 	0x3107f0
Blur zoom, zoom in = 	0x3107f0
Camera_/Fade Effects/Motion blur zoom.	0x3107f0
CAMERA_MOTION_BLUR	0x3107f0
Frames to transition out of ring mode = 	0x3107f0
Camera_/Fade Effects/End Ring effect.	0x3107f0
CAMERA_RING_MODE_END	0x3107f0
Frames to transition into ring mode = 	0x3107f0
Camera_/Fade Effects/Start Ring effect.	0x3107f0
CAMERA_RING_MODE_START	0x3107f0
Frames to fade into color mode = 	0x3107f0
Camera_/Fade Effects/End black & white mode.	0x3107f0
CAMERA_BW_MODE_END	0x3107f0
Frames to fade into black & white mode = 	0x3107f0
Camera_/Fade Effects/Start black & white mode.	0x3107f0
CAMERA_BW_MODE_BEGIN	0x3107f0
Show UI	0x3107f0
Camera_/Show UI	0x3107f0
SHOW_UI	0x3107f0
Hide UI (like letterbox mode, but with no border).	0x3107f0
Camera_/Hide UI	0x3107f0
HIDE_UI	0x3107f0
End letterbox mode (show UI, remove border).	0x3107f0
Camera_/ End letterbox mode.	0x3107f0
CAMERA_LETTERBOX_END	0x3107f0
Start letterbox mode (hide UI, add border).	0x3107f0
Camera_/Letterbox/Start letterbox mode.	0x3107f0
CAMERA_LETTERBOX_BEGIN	0x3107f0
Reset the music scripting system, as if the level had just started, fading out (	0x3107f0
Multimedia_/Music/Reset music scripting system.	0x3107f0
MUSIC_RESET_MUSIC_SCRIPTING_SYSTEM	0x3107f0
) the music scripting system's music.	0x3107f0
) the current music track and fading in (	0x3107f0
Resume use of (turn on) the music scripting system, fading out (	0x3107f0
Multimedia_/Music/Return to music scripting.	0x3107f0
MUSIC_RETURN_TO_MUSIC_SCRIPTING	0x3107f0
) the music scripting system's current music.	0x3107f0
Turn off the music scripting system, fading out (	0x3107f0
Multimedia_/Music/Turn off music scripting.	0x3107f0
MUSIC_TURN_OFF_MUSIC_SCRIPTING	0x3107f0
Multimedia_/Music Scripting Internal (music.scb only!)/Push music track to play as part of the music scripting system a certain number of times, then set a flag.	0x3107f0
MUSIC_SCRIPT_PUSH_TRACK_FINITE_TIMES_AND_NOTIFY	0x3107f0
 atop the current music scripting music track and play it 	0x3107f0
Multimedia_/Music Scripting Internal (music.scb only!)/Push music track to play as part of the music scripting system a certain number of times.	0x3107f0
MUSIC_SCRIPT_PUSH_TRACK_FINITE_TIMES	0x3107f0
 times as of the music scripting system using fadeout (	0x3107f0
Multimedia_/Music Scripting Internal (music.scb only!)/Play a music track as part of the music scripting system a certain number of times, then set a flag.	0x3107f0
MUSIC_SCRIPT_PLAY_TRACK_FINITE_TIMES_AND_NOTIFY	0x3107f0
 times as part of the music scripting system, using fadeout (	0x3107f0
Multimedia_/Music Scripting Internal (music.scb only!)/Play a music track as part of a music script a certain number of times.	0x3107f0
MUSIC_SCRIPT_PLAY_TRACK_FINITE_TIMES	0x3107f0
 to TRUE. (Does NOT pop the music off the stack upon completion.) 	0x3107f0
Multimedia_/Music/Push music track to play a certain number of times, then set a flag.	0x3107f0
MUSIC_PUSH_TRACK_FINITE_TIMES_AND_NOTIFY	0x3107f0
). (Does NOT pop the music off the stack upon completion.) 	0x3107f0
 atop the current music track and play it 	0x3107f0
Multimedia_/Music/Push music track to play a certain number of times.	0x3107f0
MUSIC_PUSH_TRACK_FINITE_TIMES	0x3107f0
 to TRUE.	0x3107f0
), then set 	0x3107f0
Multimedia_/Music/Play a music track a certain number of times, then set a flag.	0x3107f0
MUSIC_PLAY_TRACK_FINITE_TIMES_AND_NOTIFY	0x3107f0
 times using fadeout (	0x3107f0
Multimedia_/Music/Play a music track a certain number of times.	0x3107f0
MUSIC_PLAY_TRACK_FINITE_TIMES	0x3107f0
Pop the current music scripting system's music track off the stack using fadeout (	0x3107f0
Multimedia_/Music Scripting Internal (music.scb only!)/Pop music track as part of the music scripting system.	0x3107f0
MUSIC_SCRIPT_POP_MUSIC	0x3107f0
Multimedia_/Music Scripting Internal (music.scb only!)/Push music track as part of the music scripting system.	0x3107f0
MUSIC_SCRIPT_PUSH_MUSIC	0x3107f0
) as part of the music scripting system.	0x3107f0
Multimedia_/Music Scripting Internal (music.scb only!)/Play a music track as part of the music scripting system.	0x3107f0
MUSIC_SCRIPT_SET_TRACK	0x3107f0
Pop the current music track off the stack using fadeout (	0x3107f0
Multimedia_/Music/Pop music track.	0x3107f0
AUDIO_POP_MUSIC	0x3107f0
 atop the current music track using fadeout (	0x3107f0
Push (stack) 	0x3107f0
Multimedia_/Music/Push music track.	0x3107f0
AUDIO_PUSH_MUSIC	0x3107f0
) and fadein (	0x3107f0
 using fadeout (	0x3107f0
Multimedia_/Music/Play a music track.	0x3107f0
MUSIC_SET_TRACK	0x3107f0
Resume the ambient sounds.	0x3107f0
Multimedia_/SoundEffects/Resume the ambient sounds.	0x3107f0
SOUND_AMBIENT_RESUME	0x3107f0
Pause the ambient sounds.	0x3107f0
Multimedia_/SoundEffects/Pause the ambient sounds.	0x3107f0
SOUND_AMBIENT_PAUSE	0x3107f0
Enable mouse and keyboard input.	0x3107f0
User_/Input/User input -- enable.	0x3107f0
ENABLE_INPUT	0x3107f0
Disable mouse and keyboard input.	0x3107f0
User_/Input/User input -- disable.	0x3107f0
DISABLE_INPUT	0x3107f0
All idle Supply Trucks attempt to resume supply routes.	0x3107f0
Scripting_/Idle or Restart/All idle Supply Trucks attempt to resume supply routes.	0x3107f0
RESUME_SUPPLY_TRUCKING	0x3107f0
Idle all units for all players.	0x3107f0
Scripting_/Idle or Restart/Idle all units for all players.	0x3107f0
IDLE_ALL_UNITS	0x3107f0
 merges onto 	0x3107f0
Team_/Merge/Merge a team into another team.	0x3107f0
TEAM_MERGE_INTO_TEAM	0x3107f0
 attempts to collect nearby units for a team.	0x3107f0
Team_/AI/Set to collect nearby units.	0x3107f0
TEAM_COLLECT_NEARBY_FOR_TEAM	0x3107f0
 sets their willingness to join teams to 	0x3107f0
Team_/AI/Set whether members of a team can be recruited into another team.	0x3107f0
TEAM_AVAILABLE_FOR_RECRUITMENT	0x3107f0
 evacuate.	0x3107f0
Player_/Garrison/All units leave their garrisons.	0x3107f0
PLAYER_EXIT_ALL_BUILDINGS	0x3107f0
 garrison buildings.	0x3107f0
Player_/Garrison/Garrison as many buildings as player has units for.	0x3107f0
PLAYER_GARRISON_ALL_BUILDINGS	0x3107f0
 leaves the building.	0x3107f0
Unit_/Garrison/Exit the building the unit is in.	0x3107f0
NAMED_EXIT_BUILDING	0x3107f0
Unit_/Garrison/Garrison a nearby building with a specific unit.	0x3107f0
NAMED_GARRISON_NEAREST_BUILDING	0x3107f0
 garrison building 	0x3107f0
Unit_/Garrison/Garrison a specific building with a specific unit.	0x3107f0
NAMED_GARRISON_SPECIFIC_BUILDING	0x3107f0
 exits all buildings.	0x3107f0
Team_/Garrison/Exit all buildings a team is in.	0x3107f0
TEAM_EXIT_ALL_BUILDINGS	0x3107f0
 garrison a nearby building.	0x3107f0
Team_/Garrison/Garrison a nearby building with a team.	0x3107f0
TEAM_GARRISON_NEAREST_BUILDING	0x3107f0
 empties.	0x3107f0
Unit_/Garrison/Empty a specific building.	0x3107f0
EXIT_SPECIFIC_BUILDING	0x3107f0
 enters into building named 	0x3107f0
Team_/Garrison/Garrison a specific building with a team.	0x3107f0
TEAM_GARRISON_SPECIFIC_BUILDING	0x3107f0
Shroud off the map edges is turned on.	0x3107f0
Map_/Shroud or Reveal/Border Shroud is turned on.	0x3107f0
ENABLE_BORDER_SHROUD	0x3107f0
Shroud off the map edges is turned off.	0x3107f0
Map_/Shroud or Reveal/Border Shroud is turned off.	0x3107f0
DISABLE_BORDER_SHROUD	0x3107f0
The world is shrouded for 	0x3107f0
Map_/Shroud or Reveal/Shroud the entire map for a player.	0x3107f0
MAP_SHROUD_ALL	0x3107f0
.  This will mess things up badly if called when there has been no permanent reveal.	0x3107f0
Undo the permanent reveal for 	0x3107f0
Map_/Shroud or Reveal/Un-Reveal the entire map permanently for a player.	0x3107f0
MAP_REVEAL_ALL_UNDO_PERM	0x3107f0
The world is revealed permanently for 	0x3107f0
Map_/Shroud or Reveal/Reveal the entire map permanently for a player.	0x3107f0
MAP_REVEAL_ALL_PERM	0x3107f0
The world is revealed for 	0x3107f0
Map_/Shroud or Reveal/Reveal the entire map for a player.	0x3107f0
MAP_REVEAL_ALL	0x3107f0
The map is shrouded at 	0x3107f0
Map_/Shroud or Reveal/Shroud map at waypoint -- add fog.	0x3107f0
MAP_SHROUD_AT_WAYPOINT	0x3107f0
 feet for 	0x3107f0
 with a radius of 	0x3107f0
The map is revealed at 	0x3107f0
Map_/Shroud or Reveal/Reveal map at waypoint -- fog.	0x3107f0
MAP_REVEAL_AT_WAYPOINT	0x3107f0
Team_/Status/Strict Control set enabled or disabled.	0x3107f0
TEAM_SET_STRICT_CONTROL_ENABLED	0x3107f0
 strict control to 	0x3107f0
Unit_/Status/Strict Control set enabled or disabled.	0x3107f0
NAMED_SET_STRICT_CONTROL_ENABLED	0x3107f0
Team_/Status/Stealth set enabled or disabled.	0x3107f0
TEAM_SET_STEALTH_ENABLED	0x3107f0
 stealth ability to 	0x3107f0
Unit_/Status/Stealth set enabled or disabled.	0x3107f0
NAMED_SET_STEALTH_ENABLED	0x3107f0
 camera fading to 	0x3107f0
Unit_/Status/Camera fading set enabled or disabled.	0x3107f0
NAMED_SET_CAMERA_FADING	0x3107f0
The radar is enabled.	0x3107f0
Radar_/Control/Enable the radar.	0x3107f0
RADAR_ENABLE	0x3107f0
The radar is disabled.	0x3107f0
Radar_/Control/Disable the radar.	0x3107f0
RADAR_DISABLE	0x3107f0
Radar_/Create Event/Create a radar event at a specific team.	0x3107f0
TEAM_CREATE_RADAR_EVENT	0x3107f0
Radar_/Create Event/Create a radar event at a specific object.	0x3107f0
OBJECT_CREATE_RADAR_EVENT	0x3107f0
A radar event occurs at 	0x3107f0
Radar_/Create Event/Create a radar event at a specified location.	0x3107f0
RADAR_CREATE_EVENT	0x3107f0
A palantir event of type 	0x3107f0
Palantir/Create a Palantir event.	0x3107f0
PALANTIR_EVENT	0x3107f0
 to be 	0x3107f0
 considers 	0x3107f0
Player_/Alliances/Change how a player relates to another player.	0x3107f0
PLAYER_RELATES_PLAYER	0x3107f0
Turn off scoring.	0x3107f0
Player_/Score/Turn off scoring.	0x3107f0
DISABLE_SCORING	0x3107f0
Turn on scoring.	0x3107f0
Player_/Score/Turn on scoring.	0x3107f0
ENABLE_SCORING	0x3107f0
 from the score screen.	0x3107f0
Exclude 	0x3107f0
Player_/Score/Exclude this player from the score screen.	0x3107f0
PLAYER_EXCLUDE_FROM_SCORE_SCREEN	0x3107f0
 is transferred to the command of 	0x3107f0
Player_/Transfer/Transfer a specific unit to the control of a player.	0x3107f0
NAMED_TRANSFER_OWNERSHIP_PLAYER	0x3107f0
 are transferred to 	0x3107f0
All assets of 	0x3107f0
Player_/Transfer/Transfer assets from one player to another player.	0x3107f0
PLAYER_TRANSFER_OWNERSHIP_PLAYER	0x3107f0
 (true to allow, false to disallow).	0x3107f0
 plays, allowing overlap 	0x3107f0
Multimedia_/Sound Effects/Play a speech file.	0x3107f0
SPEECH_PLAY	0x3107f0
 plays as though coming from 	0x3107f0
Multimedia_/Sound Effects/Play a sound as though coming from a specific unit.	0x3107f0
SOUND_PLAY_NAMED	0x3107f0
 plays in the palantir window.	0x3107f0
Multimedia_/Movie/Play a movie in the palantir.	0x3107f0
MOVIE_PLAY_RADAR	0x3107f0
 plays fullscreen but doesn't play for low detail ( 	0x3107f0
Interface/Play a movie in fullscreen mode.	0x3107f0
MOVIE_PLAY_FULLSCREEN	0x3107f0
 pixels and pauses the game (	0x3107f0
 percent of the screen Height and a width of 	0x3107f0
 percent of the screen Width 	0x3107f0
User_/String/Display Popup Message Box.	0x3107f0
INGAME_POPUP_MESSAGE	0x3107f0
User_/Flash/Flash a team white for a specified amount of time.	0x3107f0
TEAM_FLASH_WHITE	0x3107f0
 flashes white for 	0x3107f0
User_/Flash/Flash a specific unit white for a specified amount of time.	0x3107f0
NAMED_FLASH_WHITE	0x3107f0
 uses the color 	0x3107f0
User_/Flash/Set a specific unit to use a special indicator color.	0x3107f0
NAMED_CUSTOM_COLOR	0x3107f0
User_/Flash/Flash a team for a specified amount of time.	0x3107f0
TEAM_FLASH	0x3107f0
User_/Flash/Flash a specific unit for a specified amount of time.	0x3107f0
NAMED_FLASH	0x3107f0
 flashes for 	0x3107f0
User_/Flash/Flash a cameo for a specified amount of time.	0x3107f0
CAMEO_FLASH	0x3107f0
 in the bottom letterbox for 	0x3107f0
 with font type 	0x3107f0
User_/String/Display a cinematic string.	0x3107f0
DISPLAY_CINEMATIC_TEXT	0x3107f0
 in the text log and message area.	0x3107f0
Displays 	0x3107f0
User_/String/Display a string.	0x3107f0
DISPLAY_TEXT	0x3107f0
's buildings and units are dealt a lethal amount of damage.	0x3107f0
All of 	0x3107f0
Player_/Damage or Remove/Kill a player.	0x3107f0
PLAYER_KILL	0x3107f0
 is dealt a lethal amount of damage.	0x3107f0
Team_/Damage or Remove/Kill an entire team.	0x3107f0
TEAM_KILL	0x3107f0
is dealt a lethal amount of damage.	0x3107f0
Unit_/Damage or Remove/Kill a specific unit.	0x3107f0
NAMED_KILL	0x3107f0
, with FX named 	0x3107f0
, zMult 	0x3107f0
, force 	0x3107f0
 will be shocked dir (0-360) 	0x3107f0
Unit_/Damage or Remove/Shock a specific unit.	0x3107f0
NAMED_SHOCK	0x3107f0
Each living member of team 	0x3107f0
Team_/Damage or Remove/Delete a team, but ignore dead guys.	0x3107f0
TEAM_DELETE_LIVING	0x3107f0
Team_/Damage or Remove/Delete a team.	0x3107f0
TEAM_DELETE	0x3107f0
 is removed from the world.	0x3107f0
Unit_/Damage or Remove/Delete a specific unit.	0x3107f0
NAMED_DELETE	0x3107f0
 percent. 	0x3107f0
 kill off  	0x3107f0
 Horde 	0x3107f0
Unit_/Damage/Kill off a percentage of the Horde.	0x3107f0
KILL_HORDE_MEMBERS	0x3107f0
 points of damage.	0x3107f0
 takes 	0x3107f0
Unit_/Damage/Deal damage to a specific unit.	0x3107f0
NAMED_DAMAGE	0x3107f0
Start building team 	0x3107f0
Team_/AI/Start building a team.	0x3107f0
BUILD_TEAM	0x3107f0
 tiles on each side [0 = reset to normal].	0x3107f0
Oversize the terrain 	0x3107f0
Camera_/Terrain/Oversize the terrain.	0x3107f0
OVERSIZE_TERRAIN	0x3107f0
The camera moves to the home base.	0x3107f0
Camera_/Move/Move the camera to the home position.	0x3107f0
CAMERA_MOVE_HOME	0x3107f0
 is able to build units.	0x3107f0
Player_/Build/Set a player to be able to build units.	0x3107f0
PLAYER_ENABLE_UNIT_CONSTRUCTION	0x3107f0
 is able to build from 	0x3107f0
Player_/Build/Set a player to be able to build from a specific building.	0x3107f0
PLAYER_ENABLE_FACTORIES	0x3107f0
 is able to build buildings.	0x3107f0
Player_/Build/Set a player to be able to build buildings.	0x3107f0
PLAYER_ENABLE_BASE_CONSTRUCTION	0x3107f0
 is unable to build units.	0x3107f0
Player_/Build/Set a player to be unable to build units.	0x3107f0
PLAYER_DISABLE_UNIT_CONSTRUCTION	0x3107f0
 is unable to build from 	0x3107f0
Player_/Build/Set a player to be unable to build from a specific building.	0x3107f0
PLAYER_DISABLE_FACTORIES	0x3107f0
 is unable to build buildings.	0x3107f0
Player_/Build/Set a player to be unable to build buildings.	0x3107f0
PLAYER_DISABLE_BASE_CONSTRUCTION	0x3107f0
 begins harvesting around 	0x3107f0
Team_/Hunt/Set to harvest.	0x3107f0
TEAM_HARVEST	0x3107f0
Player_/Hunt/Set all of a player's units to hunt.	0x3107f0
PLAYER_HUNT	0x3107f0
Team_/Hunt/Set to hunt.	0x3107f0
TEAM_HUNT	0x3107f0
 begins hunting using 	0x3107f0
Team_/Hunt/Set to hunt using commandbutton ability.	0x3107f0
TEAM_HUNT_WITH_COMMAND_BUTTON	0x3107f0
 begins hunting.	0x3107f0
Unit_/Hunt/Set a specific unit to hunt.	0x3107f0
NAMED_HUNT	0x3107f0
Unit_/Guard/Set to guard -- area, from a waypoint.	0x3107f0
UNIT_GUARD_AREA_FROM_POSITION	0x3107f0
Unit_/Guard/Set to guard -- area.	0x3107f0
UNIT_GUARD_AREA	0x3107f0
Unit_/Guard/Set to guard -- specific unit.	0x3107f0
UNIT_GUARD_OBJECT	0x3107f0
Unit_/Guard/Set to guard -- location.	0x3107f0
UNIT_GUARD_POSITION	0x3107f0
Team_/Guard/Set to guard -- nearest kindof.	0x3107f0
TEAM_GUARD_NEAREST_KINDOF	0x3107f0
 from Waypoint 	0x3107f0
Team_/Guard/Set to guard -- area, from a waypoint.	0x3107f0
TEAM_GUARD_AREA_FROM_POSITION	0x3107f0
Team_/Guard/Set to guard -- area.	0x3107f0
TEAM_GUARD_AREA	0x3107f0
 begins guarding Team 	0x3107f0
 Team 	0x3307e0,0x3107f0
Team_/Guard/Set to guard -- a team.	0x3107f0
TEAM_GUARD_TEAM	0x3107f0
 begins guarding 	0x3107f0
Team_/Guard/Set to guard -- specific unit.	0x3107f0
TEAM_GUARD_OBJECT	0x3107f0
 begins guarding at 	0x3107f0
Team_/Guard/Set to guard -- location.	0x3107f0
TEAM_GUARD_POSITION	0x3107f0
Team_/Guard/Set to guard -- current location.	0x3107f0
TEAM_GUARD	0x3107f0
 begins guarding nearest kindof 	0x3107f0
Unit_/Move/Set to guard -- nearest kindof.	0x3107f0
UNIT_GUARD_NEAREST_KINDOF	0x3107f0
 begins guarding.	0x3107f0
Unit_/Move/Set to guard.	0x3107f0
NAMED_GUARD	0x3107f0
 EXACTLY follows waypoints, beginning at 	0x3107f0
Unit_/Move/Set a specific unit to EXACTLY follow a waypoint path.	0x3107f0
NAMED_FOLLOW_WAYPOINTS_EXACT	0x3107f0
 follows waypoints, beginning at 	0x3107f0
Unit_/Move/Set a specific unit to follow a waypoint path.	0x3107f0
NAMED_FOLLOW_WAYPOINTS	0x3107f0
 unload.	0x3107f0
Team_/Transport/Transport -- unload team from all.	0x3107f0
TEAM_EXIT_ALL	0x3107f0
 unloads.	0x3107f0
Unit_/Transport/Transport -- unload units from specific.	0x3107f0
NAMED_EXIT_ALL	0x3107f0
 attempt to load into 	0x3107f0
Team_/Transport/Transport -- load team into specific.	0x3107f0
TEAM_ENTER_NAMED	0x3107f0
 loads into 	0x3107f0
Unit_/Transport/Transport -- load unit into specific.	0x3107f0
NAMED_ENTER_NAMED	0x3107f0
 load into transports.	0x3107f0
Team_/Transport/Transport -- automatically load.	0x3107f0
TEAM_LOAD_TRANSPORTS	0x3107f0
Team_/Attack/Set to attack -- specific unit.	0x3107f0
TEAM_ATTACK_NAMED	0x3107f0
 attack anything in 	0x3107f0
Team_/Attack/Set to attack -- trigger area.	0x3107f0
TEAM_ATTACK_AREA	0x3107f0
 attacks 	0x3107f0
Unit_/Attack/Set a specific unit to attack a team.	0x3107f0
NAMED_ATTACK_TEAM	0x3107f0
Unit_/Attack/Set a specific unit to attack a specific trigger area for a number of seconds.	0x3107f0
NAMED_ATTACK_AREA_FOR_SECONDS	0x3107f0
 attacks anything in 	0x3107f0
Unit_/Attack/Set a specific unit to attack a specific trigger area.	0x3107f0
NAMED_ATTACK_AREA	0x3107f0
Team_/Internal/Repulsor/Set the REPULSOR flag of a team.	0x3107f0
TEAM_SET_REPULSOR	0x3107f0
 REPULSOR flag is 	0x3107f0
Unit_/Internal/Repulsor/Set the REPULSOR flag of a specific unit.	0x3107f0
NAMED_SET_REPULSOR	0x3107f0
 change their attitude to 	0x3107f0
Team_/Mood/Set the general attitude of a team.	0x3107f0
TEAM_SET_ATTITUDE	0x3107f0
 changes his attitude to 	0x3107f0
Unit_/Mood/Set the general attitude of a specific unit.	0x3107f0
NAMED_SET_ATTITUDE	0x3107f0
 seconds between building teams.	0x3107f0
 will delay 	0x3107f0
Player_/AI/Set the delay between building teams.	0x3107f0
SET_BASE_CONSTRUCTION_SPEED	0x3107f0
 availability to 	0x3107f0
 set 	0x3107f0
Player_/Science/Set science availability.	0x3107f0
PLAYER_SCIENCE_AVAILABILITY	0x3107f0
 attempts to purchase Science 	0x3107f0
Player_/Science/Player attempts to purchase a Science.	0x3107f0
PLAYER_PURCHASE_SCIENCE	0x3107f0
 is granted 	0x3107f0
Player_/Science/Grant a Science to a given Player (ignoring prerequisites).	0x3107f0
PLAYER_GRANT_SCIENCE	0x3107f0
The current map is given a Rank Level Limit of 	0x3107f0
Map_/Experience/Set Rank Level Limit for current Map.	0x3107f0
PLAYER_SET_RANKLEVELLIMIT	0x3107f0
 is given a Rank Level of 	0x3107f0
Player_/Experience/Set Rank Level.	0x3107f0
PLAYER_SET_RANKLEVEL	0x3107f0
 Rank Levels.	0x3107f0
Player_/Experience/Add or Subtract Rank Levels.	0x3107f0
PLAYER_ADD_RANKLEVEL	0x3107f0
Set Hero experience sharing to 	0x3107f0
Player_/Experience/Set whether heroes share experience with other heroes	0x3107f0
SET_HERO_EXPERIENCE_SHARING	0x3107f0
 Skill Points.	0x3107f0
 is given 	0x3107f0
Player_/Experience/Add or Subtract Skill Points.	0x3107f0
PLAYER_ADD_SKILLPOINTS	0x3107f0
 set the default priority to 	0x3107f0
AttackPrioritySet_/Set/Specify the set's default priority.	0x3107f0
SET_DEFAULT_ATTACK_PRIORITY	0x3107f0
AttackPrioritySet_/Set/Modify a set's priorities for all of a kind.	0x3107f0
SET_ATTACK_PRIORITY_KIND_OF	0x3107f0
 set the priority of object type 	0x3107f0
AttackPrioritySet_/Set/Modify a set's priority for a single unit type.	0x3107f0
SET_ATTACK_PRIORITY_THING	0x3107f0
AttackPrioritySet_/Apply/Team/Apply a team's attack priority set.	0x3107f0
TEAM_APPLY_ATTACK_PRIORITY_SET	0x3107f0
 use 	0x3107f0
AttackPrioritySet_/Apply/Unit/Apply unit's attack priority set.	0x3107f0
NAMED_APPLY_ATTACK_PRIORITY_SET	0x3107f0
Spawn unit of type 	0x3107f0
Unit_/Spawn/Spawn -- unnamed unit on a team at a waypoint.	0x3107f0
CREATE_UNNAMED_ON_TEAM_AT_WAYPOINT	0x3107f0
 at waypoint 	0x3107f0
 of type 	0x3107f0
Spawn 	0x3107f0
Unit_/Spawn/Spawn -- named unit on a team at a waypoint.	0x3107f0
CREATE_NAMED_ON_TEAM_AT_WAYPOINT	0x3107f0
Unit_/Attack/Set unit to attack another unit.	0x3107f0
NAMED_ATTACK_NAMED	0x3107f0
 begin attack on 	0x3107f0
Team_/Attack/Set to attack -- another team.	0x3107f0
TEAM_ATTACK_TEAM	0x3107f0
), rotated 	0x3107f0
 at position (	0x3107f0
Spawn object 	0x3107f0
Unit_/Spawn/Spawn object.	0x3107f0
CREATE_OBJECT	0x3107f0
 during the camera movement.	0x3107f0
Camera_/Modify/Move/Camera look toward point while moving.	0x3107f0
CAMERA_MOD_LOOK_TOWARD	0x3107f0
 at the end of the camera movement.	0x3107f0
Look toward	0x3107f0
{Compatibility}_/Camera/Modify/Move/ Final camera look toward point.	0x3107f0
CAMERA_MOD_FINAL_LOOK_TOWARD	0x3107f0
 frames. (1=no smoothing, 5 = very smooth)	0x3107f0
Average position and angle changes over	0x3107f0
Camera_/Move/Modify/ Number of frames to average movements.	0x3107f0
CAMERA_MOD_SET_ROLLING_AVERAGE	0x3107f0
 times normal (1=normal, 2 = twice as fast, ...).	0x3107f0
Adjust game time to	0x3107f0
{Compatibility}_/Camera/Modify/Final visual game time for camera movement.	0x3107f0
CAMERA_MOD_SET_FINAL_SPEED_MULTIPLIER	0x3107f0
 time normal (1=normal, 2 = twice as fast, ...).	0x3107f0
Make visual time 	0x3107f0
{Compatibility}_/Multimedia/Modify visual game time.	0x3107f0
SET_VISUAL_SPEED_MULTIPLIER	0x3107f0
 (1.0==default, 0.0==toward horizon, >1 = toward ground) 	0x3107f0
Adjust pitch to 	0x3107f0
Camera_/Move/Modify/Set Final pitch for camera movement.	0x3107f0
CAMERA_MOD_SET_FINAL_PITCH	0x3107f0
 ease-out.	0x3107f0
 ease-in 	0x3107f0
 (1.0==max height, 0.0==in the ground) 	0x3107f0
Adjust zoom to 	0x3107f0
Camera_/Move/Modify/Set Final zoom for camera movement.	0x3107f0
CAMERA_MOD_SET_FINAL_ZOOM	0x3107f0
Resume background sounds.	0x3107f0
Multimedia_/All Sounds/Resume all sounds.	0x3107f0
RESUME_BACKGROUND_SOUNDS	0x3107f0
Suspend background sounds.	0x3107f0
Multimedia_/All Sounds/Suspend all sounds.	0x3107f0
SUSPEND_BACKGROUND_SOUNDS	0x3107f0
Freeze camera angle during the camera movement.	0x3107f0
Camera_/Move/Modify/ Freeze camera angle during the camera movement.	0x3107f0
CAMERA_MOD_FREEZE_ANGLE	0x3107f0
Freeze time during the camera movement.	0x3107f0
Camera_/Move/Modify/ Freeze time during the camera movement.	0x3107f0
CAMERA_MOD_FREEZE_TIME	0x3107f0
 seconds from timer 	0x3107f0
Scripting_/Timer/Seconds countdown timer -- subtract seconds.	0x3107f0
SUB_FROM_MSEC_TIMER	0x3107f0
 seconds to timer 	0x3107f0
Scripting_/Timer/Seconds countdown timer -- add seconds.	0x3107f0
ADD_TO_MSEC_TIMER	0x3107f0
Scripting_/Timer/Seconds countdown timer -- set random.	0x3107f0
SET_RANDOM_MSEC_TIMER	0x3107f0
Scripting_/Timer/Seconds countdown timer -- set.	0x3107f0
SET_MILLISECOND_TIMER	0x3107f0
End movement at selected unit.	0x3107f0
Camera_/Move/Modify/ End movement at selected unit.	0x3107f0
MOVE_CAMERA_TO_SELECTION	0x3107f0
, taking 	0x3107f0
Reset to 	0x3107f0
Camera_/Move/ Reset to the default view.	0x3107f0
RESET_CAMERA	0x3107f0
Rotate in place 	0x3107f0
Camera_/Rotate/ Rotate the camera in place.	0x3107f0
ROTATE_CAMERA_LOCKED	0x3107f0
 degrees, taking 	0x3107f0
Rotate camera view to 	0x3107f0
Camera_/Rotate/ Rotate to a specific view angle.	0x3107f0
ROTATE_CAMERA_TO_ANGLE	0x3107f0
 times, taking 	0x3107f0
Rotate 	0x3107f0
Camera_/Rotate/ Rotate around the current viewpoint.	0x3107f0
ROTATE_CAMERA	0x3107f0
Look at point moving along 	0x3107f0
Camera_/Locator/Order camera's locator to follow a spline path.	0x3107f0
MOVE_CAMERA_LOCATOR_ALONG_SPLINE_PATH	0x3107f0
 seconds, delay start 	0x3107f0
Move along 	0x3107f0
Camera_/Move/Move along a spline path.	0x3107f0
MOVE_CAMERA_ALONG_SPLINE_PATH	0x3107f0
 from counter 	0x3107f0
Subtract 	0x3107f0
Scripting_/Counters/Decrement counter.	0x3107f0
DECREMENT_COUNTER	0x3107f0
 to counter 	0x3107f0
Scripting_/Counters/Increment counter.	0x3107f0
INCREMENT_COUNTER	0x3107f0
(1.0==default), looking towards 	0x3107f0
(0.0 to 1.0), pitch = 	0x3107f0
, zoom = 	0x3107f0
Position camera at 	0x3107f0
Camera_/Adjust/Set up the camera.	0x3107f0
SETUP_CAMERA	0x3107f0
Stop following any units.	0x3107f0
Camera_/Move/Stop following any units.	0x3107f0
CAMERA_STOP_FOLLOW	0x3107f0
 higher than the unit.	0x3107f0
. Camera will be 	0x3107f0
. Snap camera to object is 	0x3107f0
Have the camera follow 	0x3107f0
Camera_/Move/Follow a specific unit.	0x3107f0
CAMERA_FOLLOW_NAMED	0x3107f0
 degrees in 	0x3107f0
Change camera roll to 	0x3107f0
Camera_/Adjust/Change the camera roll.	0x3107f0
ROLL_CAMERA	0x3107f0
Change camera pitch to 	0x3107f0
Camera_/Adjust/Change the camera pitch.	0x3107f0
PITCH_CAMERA	0x3107f0
 increasing saturation. Take 	0x3107f0
Fade (0.5-1) from 	0x3107f0
Camera_/Fade Effects/Fade using a saturate blend.	0x3107f0
CAMERA_FADE_SATURATE	0x3107f0
 multiplying toward black. Take 	0x3107f0
Fade (1-0) from 	0x3107f0
Camera_/Fade Effects/Fade using a multiply blend to black.	0x3107f0
CAMERA_FADE_MULTIPLY	0x3107f0
 subtracting toward black. Take 	0x3107f0
Camera_/Fade Effects/Fade using a subtractive blend to black.	0x3107f0
CAMERA_FADE_SUBTRACT	0x3107f0
 fames, and decrease 	0x3107f0
 frames to increase, hold for 	0x3107f0
 adding toward white. Take 	0x3107f0
Fade (0-1) from 	0x3107f0
Camera_/Fade Effects/Fade using an add blend to white.	0x3107f0
CAMERA_FADE_ADD	0x3107f0
mm in 	0x3107f0
Change camera focal length to 	0x3107f0
Camera_/Adjust/Change the camera's focal length (mm).	0x3107f0
FOCAL_LENGTH_CAMERA	0x3107f0
Change camera zoom to 	0x3107f0
Camera_/Adjust/Change the camera zoom.	0x3107f0
ZOOM_CAMERA	0x3107f0
Restrict camera movement to area -- REMOVE.	0x3107f0
Camera_/Move/Restrict camera movement to area -- REMOVE.	0x3107f0
CAMERA_REMOVE_AREA_RESTRICTION	0x3107f0
Restrict camera movement to 	0x3107f0
Camera_/Move/Restrict camera movement to area.	0x3107f0
CAMERA_RESTRICT_TO_AREA	0x3107f0
 seconds, ease-out 	0x3107f0
 seconds, ease-in 	0x3107f0
 seconds, camera shutter 	0x3107f0
Move camera to 	0x3107f0
Camera_/Move/Move the camera to a location.	0x3107f0
MOVE_CAMERA_TO	0x3107f0
 from the team 	0x3107f0
Team_/Create/Recruit a team from the location of another team.	0x3107f0
RECRUIT_TEAM_AT_TEAM	0x3107f0
, maximum recruiting distance (feet):	0x3107f0
Recruit an instance of 	0x3107f0
Team_/Create/Recruit a team.	0x3107f0
RECRUIT_TEAM	0x3107f0
, on the flank.	0x3107f0
Skirmish Only_/Build/Build structure on flank perimeter.	0x3107f0
SKIRMISH_BUILD_STRUCTURE_FLANK	0x3107f0
, on the front.	0x3107f0
Build one additional 	0x3107f0
Skirmish Only_/Build/Build structure on front perimeter.	0x3107f0
SKIRMISH_BUILD_STRUCTURE_FRONT	0x3107f0
Build one additional perimeter base defenses, on the flank.	0x3107f0
Skirmish Only_/Build/Build base defense on flank perimeter.	0x3107f0
SKIRMISH_BUILD_BASE_DEFENSE_FLANK	0x3107f0
Build one additional perimeter base defenses, on the front.	0x3107f0
Skirmish Only_/Build/Build base defense on front perimeter.	0x3107f0
SKIRMISH_BUILD_BASE_DEFENSE_FRONT	0x3107f0
 move to the start of enemy path 	0x3107f0
Skirmish Only_/Move/Team move to approach path.	0x3107f0
SKIRMISH_MOVE_TO_APPROACH_PATH	0x3107f0
, as a team is 	0x3107f0
 approach the enemy using path 	0x3107f0
Skirmish Only_/Move/Team follow approach path.	0x3107f0
SKIRMISH_FOLLOW_APPROACH_PATH	0x3107f0
 this upgrade: 	0x3107f0
Give 	0x3107f0
Player_/Player/Give player an upgrade.	0x3107f0
GIVE_PLAYER_UPGRADE	0x3107f0
 build this upgrade: 	0x3107f0
Player_/AI/AI player build an upgrade.	0x3107f0
AI_PLAYER_BUILD_UPGRADE	0x3107f0
 available resources	0x3107f0
 guard attacked or closest supply src with at least 	0x3107f0
Have Team 	0x3107f0
Team_/Guard/Set to guard a supply source.	0x3107f0
TEAM_GUARD_SUPPLY_CENTER	0x3107f0
 available resources.	0x3107f0
 near a supply src with at least 	0x3107f0
 build a 	0x3107f0
Have AI 	0x3107f0
Player_/AI/AI player build near a supply source.	0x3107f0
AI_PLAYER_BUILD_SUPPLY_CENTER	0x3107f0
Build a building of type 	0x3107f0
Skirmish Only_/ Build a building.	0x3107f0
SKIRMISH_BUILD_BUILDING	0x3107f0
 will join team named 	0x3107f0
Unit named 	0x3107f0
Unit_/ Force unit to join team.	0x3107f0
UNIT_SET_TEAM	0x3107f0
CREATE_REINFORCEMENT_TEAM_AT_UNIT_POSITION	0x3107f0
Spawn an instance of 	0x3107f0
Team_/ Spawn a reinforcement team.	0x3107f0
CREATE_REINFORCEMENT_TEAM	0x3107f0
 set custom state 	0x3107f0
Team_/Misc/Team state - set custom state.	0x3107f0
TEAM_SET_CUSTOM_STATE	0x3107f0
Team_/Misc/Team state - set state.	0x3107f0
TEAM_SET_STATE	0x3107f0
Unit_/Move/Move a specific unit to a location.	0x3107f0
MOVE_NAMED_UNIT_TO	0x3107f0
 move in panic along 	0x3107f0
Team_/Move/Set to follow a waypoint path -- panic.	0x3107f0
TEAM_PANIC	0x3107f0
 wander along 	0x3107f0
Team_/Move/Set to follow a waypoint path -- wander.	0x3107f0
TEAM_WANDER	0x3107f0
  by its Failure Priority Decrease amount.	0x3107f0
Reduce the AI priority for	0x3107f0
Team_/AI/Reduce priority by Failure Priority Decrease amount.	0x3107f0
TEAM_DECREASE_PRIORITY	0x3107f0
  by its Success Priority Increase amount.	0x3107f0
Increase the AI priority for	0x3107f0
Team_/AI/Increase priority by Success Priority Increase amount.	0x3107f0
TEAM_INCREASE_PRIORITY	0x3107f0
 wander around it's current location.	0x3107f0
Team_/Move/Set to wander around current location.	0x3107f0
TEAM_WANDER_IN_PLACE	0x3107f0
 EXACTLY follow 	0x3107f0
Team_/Move/Set to EXACTLY follow a waypoint path.	0x3107f0
TEAM_FOLLOW_WAYPOINTS_EXACT	0x3107f0
 , in formation is 	0x3107f0
 , as a team is 	0x3107f0
 follow 	0x3107f0
Have 	0x3107f0
Team_/Move/Set to follow a waypoint path.	0x3107f0
TEAM_FOLLOW_WAYPOINTS	0x3107f0
 Home. 	0x3107f0
Team_/Move/Set to move home.	0x3107f0
MOVE_TEAM_HOME	0x3107f0
Move 	0x3107f0
Team_/Move/Set to move to a location.	0x3107f0
MOVE_TEAM_TO	0x3107f0
 to percentage (0.0 - 100.0) 	0x3107f0
Set health of 	0x3107f0
Team_/Health/Set the health of the team members (in percentage).	0x3107f0
TEAM_SET_HEALTH	0x3107f0
 (-1==kill).	0x3107f0
, amount=	0x3107f0
Damage 	0x3107f0
Team_/Damage/Damage the members of a team.	0x3107f0
DAMAGE_MEMBERS_OF_TEAM	0x3107f0
Multimedia_/Sound Effect/Play sound effect at waypoint.	0x3107f0
PLAY_SOUND_EFFECT_AT	0x3107f0
Scripting_/Script/Run subroutine script.	0x3107f0
CALL_SUBROUTINE	0x3107f0
Disable 	0x3107f0
Scripting_/Script/Disable script.	0x3107f0
DISABLE_SCRIPT	0x3107f0
Enable 	0x3107f0
Scripting_/Script/Enable Script.	0x3107f0
ENABLE_SCRIPT	0x3107f0
 as though it was a 2D sound (NOT RECOMMENDED for 3D sounds).	0x3107f0
Play 	0x3107f0
Multimedia_/Sound Effect/Play 2D sound effect.	0x3107f0
PLAY_SOUND_EFFECT	0x3107f0
Restart timer 	0x3107f0
Scripting_/Timer/Timer -- restart stopped.	0x3107f0
RESTART_TIMER	0x3107f0
Stop timer 	0x3107f0
Scripting_/Timer/Timer -- stop.	0x3107f0
STOP_TIMER	0x3107f0
 to expire between 	0x3107f0
Scripting_/Timer/Frame countdown timer -- set random.	0x3107f0
SET_RANDOM_TIMER	0x3107f0
 frames.	0x3107f0
 to expire in 	0x3107f0
Set timer 	0x3107f0
Scripting_/Timer/Frame countdown timer -- set.	0x3107f0
SET_TIMER	0x3107f0
Null operation. (Does nothing.)	0x3107f0
Scripting_/Debug/Null operation.	0x3107f0
NO_OP	0x3107f0
Announce lose.	0x3107f0
User_/ Announce lose	0x3107f0
DEFEAT	0x3107f0
Shows the victory screen, but does not behave as a victory.	0x3107f0
User_/ Show Victory Screen	0x3107f0
VICTORY_SCREEN	0x3107f0
Announce win.	0x3107f0
User_/ Announce win	0x3107f0
VICTORY	0x3107f0
End game in victory immediately.	0x3107f0
User_/ Announce quick win	0x3107f0
QUICKVICTORY	0x3107f0
 (1.0 = normal, < 1.0 shortens frustrum, > 1.0 lengthens.)	0x3107f0
Modify normal depth of Frustrum by 	0x3107f0
Camera/Adjust/Change the camera depth of field.	0x3107f0
SET_CAMERA_CLIP_DEPTH_MULTIPLIER	0x3107f0
(0=lock step, 1=large random variation).	0x3107f0
, randomness 	0x3107f0
, frames to take to sway once 	0x3107f0
, amount to lean with the wind 	0x3107f0
, amount to sway 	0x3107f0
Set wind direction to 	0x3107f0
Map_/Environment/Set wind sway amount and direction.	0x3107f0
SET_TREE_SWAY	0x3107f0
 seconds.	0x3107f0
Scripting_/Counters/Set a random counter in seconds.	0x3107f0
SET_RANDOM_COUNTER_IN_SECONDS	0x3107f0
 seconds. 	0x3107f0
Scripting_/Counters/Set counter to a time in seconds.	0x3107f0
SET_COUNTER_IN_SECONDS	0x3107f0
. WARNING: Will cause desyncs if used for multiplayer maps! Don't use unless you have a good reason!	0x3107f0
 to a CLIENT-SIDE random between 	0x3107f0
Scripting_/Counters/Set a counter to a random CLIENT-SIDE value.	0x3107f0
SET_COUNTER_TO_CLIENT_RANDOM_VALUE	0x3107f0
 and 	0x3107f0
 randomly between 	0x3107f0
Set Counter 	0x3107f0
Scripting_/Counters/Set a random counter.	0x3107f0
SET_RANDOM_COUNTER	0x3107f0
Scripting_/Counters/Set counter to another counter.	0x3107f0
SET_COUNTER_TO_COUNTER	0x3107f0
Scripting_/Counters/Set counter to a value.	0x3107f0
SET_COUNTER	0x3107f0
Scripting_/Flags/Set flag to another flag.	0x3107f0
SET_FLAG_TO_FLAG	0x3107f0
Scripting_/Flags/Set flag to value.	0x3107f0
SET_FLAG	0x3107f0
Display a crash box with the text: 	0x3107f0
{INTERNAL}_/Debug/Display a crash box (debug/internal builds only).	0x3107f0
DEBUG_CRASH_BOX	0x3107f0
Show debug string without pausing: 	0x3107f0
Scripting_/Debug/Display string	0x3107f0
DEBUG_STRING	0x3107f0
Show debug string and pause: 	0x3107f0
Scripting_/Debug/Display message and pause	0x3107f0
DEBUG_MESSAGE_BOX	0x3107f0
ScriptConditions::evaluateNamedUnitRankLevel: Unit not found: 	0x327560
<This Team>	0x32a2e0,0x34f160
 have any units that are currently bloodthirsty	0x3307e0
ObjectivesTest/Does Player have Units that are bloodthirsty.	0x3307e0
ANY_UNITS_USING_BLOODTHIRSTY	0x3307e0
 that has triggered auto pickup.	0x3307e0
ObjectivesTest/Does Player have Units that have triggered auto pickup.	0x3307e0
UNIT_USING_AUTOPICKUP	0x3307e0
 that is currently in alternate formation.	0x3307e0
ObjectivesTest/Does Player have Units that are in alternate formation.	0x3307e0
UNIT_IN_ALT_FORMATION	0x3307e0
 that have toggled weapon set.	0x3307e0
ObjectivesTest/Does Player have Units that have Toggled Weapon set.	0x3307e0
UNIT_HAS_TOGGLED_WEAPON	0x3307e0
 loaded on transport of type 	0x3307e0
ObjectivesTest/Num units of type loaded on transport.	0x3307e0
PLAYER_HAS_NUM_UNITS_LOADED_WITH_OBJECT	0x3307e0
 units that has upgrade 	0x3307e0
ObjectivesTest/Num units has specified upgrade.	0x3307e0
PLAYER_HAS_NUM_UNITS_WITH_UPGRADE	0x3307e0
 units that has gained a level this game --> should include Heroes 	0x3307e0
ObjectivesTest/Num units leveled up during game.	0x3307e0
NUM_UNITS_LEVELED_UP	0x3307e0
 Heroes that have reached rank 	0x3307e0
 have 	0x3307e0
 Does 	0x3307e0
ObjectivesTest/Num heroes reached level during game.	0x3307e0
ANY_HERO_REACHED_RANK	0x3307e0
 Is webbed status of 	0x3307e0
Unit_/Test webbed status of a unit.	0x3307e0
IS_UNIT_WEBBED	0x3307e0
 player game.	0x3307e0
 Is this a 	0x3307e0
GameType/Compares the number of players in game to a value.	0x3307e0
COMPARE_NUM_PLAYERS_IN_GAME	0x3307e0
 Should camps in this region map unpack?	0x3307e0
Base/ Should camps unpack for this region map?	0x3307e0
REGION_CAMPS_SHOULD_UNPACK	0x3307e0
 Is the game in a skirmish or multiplayer mode == 	0x3307e0
GameType/Is game in a skirmish or multiplayer game.	0x3307e0
IS_GAME_IN_SKIRMISH_OR_MULTIPLAYER	0x3307e0
 who are being attacked and cannot retaliate.	0x3307e0
 Evaluate if all team members of 	0x3307e0
Team_/All Team members who are being attacked cannot retaliate.	0x3307e0
TEAM_IS_ATTACKED_AND_CANNOT_RETALIATE_ALL	0x3307e0
 Evaluate if any team member of 	0x3307e0
Team_/Any Team meember is being attacked but cannot retaliate.	0x3307e0
TEAM_IS_ATTACKED_AND_CANNOT_RETALIATE_ANY	0x3307e0
 is being attacked and cannot retaliate.	0x3307e0
Unit_/Unit is being attacked but cannot retaliate.	0x3307e0
UNIT_IS_ATTACKED_AND_CANNOT_RETALIATE	0x3307e0
 is containing any passengers.	0x3307e0
 Evaluate if 	0x3307e0
Unit_/Unit/Unit has passenger.	0x3307e0
UNIT_HAS_PASSENGER	0x3307e0
Base/Unit/Unit exited (Player's) nearest base.	0x3307e0
NAMED_EXITED_NEAREST_BASE	0x3307e0
Base/Unit/Unit entered (Player's) nearest base.	0x3307e0
NAMED_ENTERED_NEAREST_BASE	0x3307e0
Base/Team/Team exited (Player's) nearest base, partially.	0x3307e0
TEAM_EXITED_NEAREST_BASE_PARTIALLY	0x3307e0
 has exited the nearest base owned by player 	0x3307e0
Base/Team/Team exited (Player's) nearest base, entirely.	0x3307e0
TEAM_EXITED_NEAREST_BASE_ENTIRELY	0x3307e0
Base/Team/Team entered (Player's) nearest base, partially.	0x3307e0
TEAM_ENTERED_NEAREST_BASE_PARTIALLY	0x3307e0
 has entered the nearest base owned by player 	0x3307e0
Base/Team/Team entered (Player's) nearest base, entirely.	0x3307e0
TEAM_ENTERED_NEAREST_BASE_ENTIRELY	0x3307e0
Base/Unit/Unit exited a base.	0x3307e0
NAMED_EXITED_REFD_BASE	0x3307e0
 Unit 	0x3307e0
Base/Unit/Unit entered a base.	0x3307e0
NAMED_ENTERED_REFD_BASE	0x3307e0
Base/Team/Team exited a base, partially.	0x3307e0
TEAM_EXITED_REFD_BASE_PARTIALLY	0x3307e0
 has exited the base 	0x3307e0
Base/Team/Team exited a base, entirely.	0x3307e0
TEAM_EXITED_REFD_BASE_ENTIRELY	0x3307e0
 partially.	0x3307e0
Base/Team/Team entered a base, partially.	0x3307e0
TEAM_ENTERED_REFD_BASE_PARTIALLY	0x3307e0
 entirely.	0x3307e0
 has entered the base 	0x3307e0
Base/Team/Team entered a base, entirely.	0x3307e0
TEAM_ENTERED_REFD_BASE_ENTIRELY	0x3307e0
 There is a unit of type (or list) 	0x3307e0
Base/There is an object of given type (or list) inside the base.	0x3307e0
OBJECT_OF_TYPE_OR_LIST_INSIDE_REFD_BASE	0x3307e0
 with rank level 	0x3307e0
 has obvject of type 	0x3307e0
Player/Experience/Player has object of rank level.	0x3307e0
PLAYER_HAS_OBJECT_OF_VETERANCY	0x3307e0
 skill points	0x3307e0
Unit_/Skill Points/Unit has (comparison) number of skill points.	0x3307e0
UNIT_HAS_NUM_SKILL_POINTS	0x3307e0
 is at experience level 	0x3307e0
Unit_/Experience/Unit is at a specified experience level.	0x3307e0
UNIT_IS_AT_LEVEL	0x3307e0
has gained a level	0x3307e0
Unit_/Experience/Unit gained experience level.	0x3307e0
UNIT_HAS_GAINED_LEVEL	0x3307e0
 percent	0x3307e0
 has health 	0x3307e0
 Check if Team 	0x3307e0
Team_/ Compare team health.	0x3307e0
EVAL_TEAM_HEALTH	0x3307e0
Does player 	0x3307e0
Player_/ Player compared to rank level.	0x3307e0
PLAYER_COMPARE_RANK	0x3307e0
 have rank 	0x3307e0
Does unit 	0x3307e0
Unit_/ Unit compared to rank level.	0x3307e0
UNIT_COMPARE_RANK	0x3307e0
Team/ Team can path into (Player's) nearest base. Or is already inside it :-).	0x3307e0
TEAM_CAN_PATH_INTO_PLAYERS_NEAREST_BASE	0x3307e0
 is inside, or can path into the nearest base owned by player, 	0x3307e0
 Unit	0x3307e0
Unit/ Unit can path into (Player's) nearest base. Or is already inside it :-)	0x3307e0
UNIT_CAN_PATH_INTO_PLAYERS_NEAREST_BASE	0x3307e0
Team_/ Team can path to object.	0x3307e0
TEAM_CAN_PATH_TO_OBJECT	0x3307e0
The first unit of team 	0x3307e0
Team_/ Team can path to waypoint.	0x3307e0
TEAM_CAN_PATH_TO_WAYPOINT	0x3307e0
 can path to unit/object 	0x3307e0
Unit_/ Unit can path to object.	0x3307e0
UNIT_CAN_PATH_TO_OBJECT	0x3307e0
 can path to waypoint 	0x3307e0
Unit_/ Unit can path to waypoint.	0x3307e0
UNIT_CAN_PATH_TO_WAYPOINT	0x3307e0
 The music scripting system is on.	0x3307e0
Audio_/Music/MUSIC_IS_PLAYING_FROM_SCRIPT	0x3307e0
MUSIC_IS_PLAYING_FROM_SCRIPT	0x3307e0
 is OPEN.	0x3307e0
 The unit (presumed a gate) referenced as	0x3307e0
Unit (includes Structures)/ Check if a gate is open. (False, if not a gate, or closed)	0x3307e0
GATE_IS_OPEN	0x3307e0
 has been destroyed by a(n) 	0x3307e0
Unit_/ Unit is destroyzed by a specific unit type.	0x3307e0
NAMED_DESTROYED_BY_OBJECTTYPE	0x3307e0
 or more units of type 	0x3307e0
Player_/ Player currently has killed N or more units of type.	0x3307e0
PLAYER_HAS_KILLED_TYPE_UNITS	0x3307e0
 or more units of kindof 	0x3307e0
 has killed 	0x3307e0
Player_/ Player currently has killed N or more units of KindOf.	0x3307e0
PLAYER_HAS_KILLED_KINDOF_UNITS	0x3307e0
 an object of type, 	0x3307e0
 build at base	0x3307e0
Player_/ Can build a particular type of structure at base.	0x3307e0
CAN_BUILD_OBJECTTYPE_AT_BASE	0x3307e0
 build at base 	0x3307e0
 Can player 	0x3307e0
Player_/ Can build at base.	0x3307e0
CAN_BUILD_AT_BASE	0x3307e0
 has enough command points to build unit 	0x3307e0
Player_/ Player has enough command points to build a unit.	0x3307e0
HAS_COMMAND_POINTS_TO_BUILD_UNIT	0x3307e0
 has enough command points to build team 	0x3307e0
Player_/ Player has enough command points to build a team.	0x3307e0
HAS_COMMAND_POINTS_TO_BUILD_TEAM	0x3307e0
 to the value 	0x3307e0
 has light points 	0x3307e0
Player_/ Player has light points (comparison) to a value.	0x3307e0
PLAYER_COMPARE_LIGHT_POINTS	0x3307e0
 affected by leadership ability from unit 	0x3307e0
 Is team 	0x3307e0
Team_/ Is Team affected by leadership ability from unit.	0x3307e0
TEAM_IS_LED_BY_UNIT	0x3307e0
Camera enters 	0x3307e0
Camera_/Camera entered a specific area.	0x3307e0
CAMERA_ENTERED_AREA	0x3307e0
 waypoint.	0x3307e0
 Camera following spline path hits 	0x3307e0
Camera_/Camera following spline path hits specified waypoint.	0x3307e0
CAMERA_HIT_SPECIFIC_SPLINE_WAYPOINT	0x3307e0
 (can be an object type list).	0x3307e0
 has lost an object of type 	0x3307e0
Player_/ Player has lost an object of type.	0x3307e0
PLAYER_LOST_OBJECT_TYPE	0x3307e0
 was pressed.	0x3307e0
 Banner button 	0x3307e0
LivingWorld_/Banner pressed.	0x3307e0
BANNER_PRESSED	0x3307e0
 attached to a wall. 	0x3307e0
 Is Siege Unit named 	0x3307e0
Unit_/ CHeck if Siege Unit is attached to wall.	0x3307e0
IS_SEIGE_ATTACHED_TO_WALL	0x3307e0
 has been entered at least 	0x3307e0
 Zone named 	0x3307e0
LivingWorld_/ Zone Focus Check.	0x3307e0
ZONE_FOCUS_MORE_THAN	0x3307e0
 starting position is 	0x3307e0
Skirmish_/ Start position.	0x3307e0
START_POSITION_IS	0x3307e0
 supply source is under attack.	0x3307e0
Skirmish_/ Supply source is attacked.	0x3307e0
SUPPLY_SOURCE_ATTACKED	0x3307e0
 available resources is SAFE from enemy influence.	0x3307e0
 closest supply src with at least 	0x3307e0
Skirmish_/ Supply source is safe.	0x3307e0
SUPPLY_SOURCE_SAFE	0x3307e0
 times. (NOTE: This can only be used to start other music. USING THIS SCRIPT IN ANY OTHER WAY WILL CAUSE REPLAYS TO NOT WORK.)	0x3307e0
 has completed at least 	0x3307e0
Multimedia_/ Music track has completed some number of times.	0x3307e0
MUSIC_TRACK_HAS_COMPLETED	0x3307e0
 has discovered 	0x3307e0
Skirmish_/ Player has discovered another player.	0x3307e0
SKIRMISH_PLAYER_HAS_DISCOVERED_PLAYER	0x3307e0
 has doesn't have units in 	0x3307e0
Skirmish_/ Player doesn't have units in an area.	0x3307e0
SKIRMISH_PLAYER_IS_OUTSIDE_AREA	0x3307e0
Skirmish_/ Player has been attacked by player.	0x3307e0
SKIRMISH_PLAYER_HAS_BEEN_ATTACKED_BY_PLAYER	0x3307e0
 has units in 	0x3307e0
Skirmish_/ Player has units in an area	0x3307e0
SKIRMISH_PLAYER_HAS_UNITS_IN_AREA	0x3307e0
 exists.	0x3307e0
Skirmish_/ Area exists.	0x3307e0
SKIRMISH_NAMED_AREA_EXIST	0x3307e0
 units.	0x3307e0
 has captured 	0x3307e0
Skirmish_/ Player has captured units -- comparison	0x3307e0
SKIRMISH_PLAYER_HAS_COMPARISON_CAPTURED_UNITS	0x3307e0
 garrisoned buildings.	0x3307e0
Skirmish_/ Player has garrisoned buildings -- comparison.	0x3307e0
SKIRMISH_PLAYER_HAS_COMPARISON_GARRISONED	0x3307e0
 can build 	0x3307e0
Skirmish_/ Player has prerequisites to build an object type.	0x3307e0
SKIRMISH_PLAYER_HAS_PREREQUISITE_TO_BUILD	0x3307e0
 unowned faction units.	0x3307e0
. There are 	0x3307e0
Skirmish_/ Unowned faction unit -- comparison.	0x3307e0
SKIRMISH_UNOWNED_FACTION_UNIT_EXISTS	0x3307e0
 (at least one member).	0x3307e0
Skirmish_/ Command Ability is ready - partial	0x3307e0
SKIRMISH_COMMAND_BUTTON_READY_PARTIAL	0x3307e0
 (all applicable members).	0x3307e0
 are ready to use 	0x3307e0
Skirmish_/ Command Ability is ready - all.	0x3307e0
SKIRMISH_COMMAND_BUTTON_READY_ALL	0x3307e0
 worth at least 	0x3307e0
 has supplies within 	0x3307e0
Skirmish Only_/ Supplies are within specified distance.	0x3307e0
SKIRMISH_SUPPLIES_VALUE_WITHIN_DISTANCE	0x3307e0
Skirmish_/ Player is faction. - untested	0x3307e0
SKIRMISH_PLAYER_FACTION	0x3307e0
 within area 	0x3307e0
Skirmish Only_/ Player has total value in area.	0x3307e0
SKIRMISH_VALUE_IN_AREA	0x3307e0
Team_/ Team has object status - partial.	0x3307e0
TEAM_SOME_HAVE_OBJECT_STATUS	0x3307e0
Team_/ Team has object status - all.	0x3307e0
TEAM_ALL_HAS_OBJECT_STATUS	0x3307e0
Unit_/ Unit has object status.	0x3307e0
UNIT_HAS_OBJECT_STATUS	0x3307e0
 at team location 	0x3307e0
 can perform special power 	0x3307e0
Skirmish_/ Player's special power is able to fire on team.	0x3307e0
SKIRMISH_FIRE_SPECIAL_POWER_ON_TEAM	0x3307e0
 is ready to fire 	0x3307e0
Skirmish_/ Player's special power is ready to fire.	0x3307e0
SKIRMISH_SPECIAL_POWER_READY	0x3307e0
 emptied its contents.	0x3307e0
Unit_/ Unit has emptied its contents.	0x3307e0
UNIT_EMPTIED	0x3307e0
 excess kilowatts power supply.	0x3307e0
Player_/ Player has (comparison) kilowatts excess power supply.	0x3307e0
PLAYER_EXCESS_POWER_COMPARE_VALUE	0x3307e0
 percent power supply ratio.	0x3307e0
Player_/ Player has (comparison) percent power supply to consumption.	0x3307e0
PLAYER_POWER_COMPARE_PERCENT	0x3307e0
Player_/ Player has (comparison) kind of unit or structure in an area.	0x3307e0
PLAYER_HAS_COMPARISON_UNIT_KIND_IN_TRIGGER_AREA	0x3307e0
 trees in the 	0x3307e0
There are 	0x3307e0
Trees_/ There are (comparison) trees in an area.	0x3307e0
COMPARISON_TREES_IN_TRIGGER_AREA	0x3307e0
 yards from 	0x3307e0
 units at least 	0x3307e0
 Player 	0x3307e0
Player_/ Player has (comparison) units more than x distance from object	0x3307e0
PLAYER_HAS_NUMBER_UNITS_DISTANCE_FROM_OBJECT	0x3307e0
 with model condition 	0x3307e0
 # of objects owned by player 	0x3307e0
Player_/ Player has (comparison) objects with model condition	0x3307e0
PLAYER_HAS_NUMBER_OBJECTS_WITH_MODELCONDITION	0x3307e0
Player_/ Player has (comparison) unit type in an area.	0x3307e0
PLAYER_HAS_COMPARISON_UNIT_TYPE_IN_TRIGGER_AREA	0x3307e0
 with upgrade 	0x3307e0
 in the 	0x3307e0
 unit or structure with 	0x3307e0
Player_/ Player has (comparison) kind of unit or structure in an area with a specified upgrade.	0x3307e0
PLAYER_HAS_COMPARISON_UNIT_TYPE_IN_TRIGGER_AREA_WITH_UPGRADE	0x3307e0
 unit or structure of type 	0x3307e0
Player_/ Player has (comparison) unit type.	0x3307e0
PLAYER_HAS_OBJECT_COMPARISON	0x3307e0
 or more buildings owned by 	0x3307e0
 destroyed 	0x3307e0
Player_/ Player destroyed N or more of an opponent's buildings.	0x3307e0
PLAYER_DESTROYED_N_BUILDINGS_PLAYER	0x3307e0
 or fewer buildings.	0x3307e0
Player/Owns/ Player currently owns N or fewer buildings.	0x3307e0
PLAYER_HAS_N_OR_FEWER_BUILDINGS	0x3307e0
Player_/ Player built an upgrade from a named unit.	0x3307e0
PLAYER_BUILT_UPGRADE_FROM_NAMED	0x3307e0
 built 	0x3307e0
Player_/ Player built an upgrade.	0x3307e0
PLAYER_BUILT_UPGRADE	0x3307e0
 Science Purchase Points available.	0x3307e0
 has at least 	0x3307e0
Player_/ Player has a certain number of Science Purchase Points available.	0x3307e0
PLAYER_HAS_SCIENCEPURCHASEPOINTS	0x3307e0
 has reached his level cap (cannot gain any more Science Purchace Points)	0x3307e0
Player_/Upgrades & Sciences/Has Player Reached Level Cap	0x3307e0
PLAYER_HAS_REACHED_LEVEL_CAP	0x3307e0
 can purchase 	0x3307e0
Player_/ Player can purchase a particular Science (has all prereqs & points).	0x3307e0
PLAYER_CAN_PURCHASE_SCIENCE	0x3307e0
 acquired 	0x3307e0
Player_/ Player acquired a Science.	0x3307e0
PLAYER_ACQUIRED_SCIENCE	0x3307e0
Player_/ Player completed using a special power from a named unit.	0x3307e0
PLAYER_COMPLETED_SPECIAL_POWER_FROM_NAMED	0x3307e0
 completed using 	0x3307e0
Player_/ Player completed using a special power.	0x3307e0
PLAYER_COMPLETED_SPECIAL_POWER	0x3307e0
Player_/ Player is midway through using a special power from a named unit.	0x3307e0
PLAYER_MIDWAY_SPECIAL_POWER_FROM_NAMED	0x3307e0
 is midway using 	0x3307e0
Player_/ Player is midway through using a special power.	0x3307e0
PLAYER_MIDWAY_SPECIAL_POWER	0x3307e0
Player_/ Player start using a special power from a named unit.	0x3307e0
PLAYER_TRIGGERED_SPECIAL_POWER_FROM_NAMED	0x3307e0
 starts using 	0x3307e0
Player 	0x3307e0
Player_/ Player starts using a special power.	0x3307e0
PLAYER_TRIGGERED_SPECIAL_POWER	0x3307e0
Multimedia_/ Sound has completed playing.	0x3307e0
HAS_FINISHED_AUDIO	0x3307e0
Multimedia_/ Speech has completed playing.	0x3307e0
HAS_FINISHED_SPEECH	0x3307e0
 has completed playing.	0x3307e0
Multimedia_/ Video has completed playing.	0x3307e0
HAS_FINISHED_VIDEO	0x3307e0
Everything belonging to the local player has been destroyed, but his allies may or may not have been defeated.	0x3307e0
Multiplayer_/ Multiplayer local player defeat check.	0x3307e0
MULTIPLAYER_PLAYER_DEFEAT	0x3307e0
The multiplayer game has ended in defeat for the local player and his allies.	0x3307e0
Multiplayer_/ Multiplayer allied defeat.	0x3307e0
MULTIPLAYER_ALLIED_DEFEAT	0x3307e0
The multiplayer game has ended in victory for the local player and his allies.	0x3307e0
Multiplayer_/ Multiplayer allied victory.	0x3307e0
MULTIPLAYER_ALLIED_VICTORY	0x3307e0
Team_/ One unit exits an area.	0x3307e0
TEAM_EXITED_AREA_PARTIALLY	0x3307e0
 all exit 	0x3307e0
Team_/ Team entirely exits an area.	0x3307e0
TEAM_EXITED_AREA_ENTIRELY	0x3307e0
One unit from 	0x3307e0
Team_/ One unit enters an area.	0x3307e0
TEAM_ENTERED_AREA_PARTIALLY	0x3307e0
 is unpackable for the player: 	0x3307e0
Base/ Player is allowed to unpack a base.	0x3307e0
NAMED_BASE_UNPACKABLE_FOR_PLAYER	0x3307e0
 all enter 	0x3307e0
Team_/ Team entirely enters an area.	0x3307e0
TEAM_ENTERED_AREA_ENTIRELY	0x3307e0
 exits 	0x3307e0
Unit_/ Unit exits an area.	0x3307e0
NAMED_EXITED_AREA	0x3307e0
 enters 	0x3307e0
Unit_/ Unit enters an area.	0x3307e0
NAMED_ENTERED_AREA	0x3307e0
 is currently selected.	0x3307e0
Unit_/ Unit currently selected.	0x3307e0
NAMED_SELECTED	0x3307e0
Team_/ Team has reached the end of a specific waypoint path.	0x3307e0
TEAM_REACHED_WAYPOINTS_END	0x3307e0
 has reached the end of 	0x3307e0
Unit_/ Unit has reached the end of a specific waypoint path.	0x3307e0
NAMED_REACHED_WAYPOINTS_END	0x3307e0
 buildings are not powered.	0x3307e0
Player_/ Player's base currently has no power.	0x3307e0
PLAYER_HAS_NO_POWER	0x3307e0
 buildings are powered.	0x3307e0
Player_/ Player's base currently has power.	0x3307e0
PLAYER_HAS_POWER	0x3307e0
 or fewer bases.	0x3307e0
 currently controls 	0x3307e0
Player/Owns/ Player currently controls N or fewer bases.	0x3307e0
PLAYER_HAS_N_OR_FEWER_BASES	0x3307e0
 or fewer faction buildings.	0x3307e0
 currently owns 	0x3307e0
Player/Owns/ Player currently owns N or fewer faction buildings.	0x3307e0
PLAYER_HAS_N_OR_FEWER_FACTION_BUILDINGS	0x3307e0
Player/Owns/ Player owns a specific team.	0x3307e0
TEAM_OWNED_BY_PLAYER	0x3307e0
 is owned by 	0x3307e0
Player/Owns/ Player owns the specific Unit.	0x3307e0
NAMED_OWNED_BY_PLAYER	0x3307e0
 times.	0x3307e0
 has attempted the mission 	0x3307e0
Player_/ Player has attempted the mission a number of times.	0x3307e0
MISSION_ATTEMPTS	0x3307e0
Player_/ Player has discovered a team.	0x3307e0
TEAM_DISCOVERED	0x3307e0
 belonging to 	0x3307e0
Unit_/ Unit has sighted a type of unit belonging to a side.	0x3307e0
TYPE_SIGHTED	0x3307e0
Team/ Team has sighted a(n) friendly/neutral/enemy unit belonging to a side.	0x3307e0
ENEMY_SIGHTED_BY_TEAM	0x3307e0
 unit belonging to 	0x3307e0
 sees a(n) 	0x3307e0
Unit_/ Unit has sighted a(n) friendly/neutral/enemy unit belonging to a side.	0x3307e0
ENEMY_SIGHTED	0x3307e0
 has entered building named 	0x3307e0
Player_/ Player has entered a specific building.	0x3307e0
BUILDING_ENTERED_BY_PLAYER	0x3307e0
 is empty.	0x3307e0
Unit_/ A specific building is empty.	0x3307e0
NAMED_BUILDING_IS_EMPTY	0x3307e0
 has been discovered by 	0x3307e0
Player_/ Player has discovered a specific unit.	0x3307e0
NAMED_DISCOVERED	0x3307e0
 the number of credits possessed by 	0x3307e0
Player_/ Player has (comparison) to a number of credits.	0x3307e0
PLAYER_HAS_CREDITS	0x3307e0
Team_/ Team has been created.	0x3307e0
TEAM_CREATED	0x3307e0
 has been created.	0x3307e0
Unit_/ Unit has been created.	0x3307e0
NAMED_CREATED	0x3307e0
 has been built by 	0x3307e0
Player_/ Player has built an object type.	0x3307e0
BUILT_BY_PLAYER	0x3307e0
Team_/ Team has been attacked by a player.	0x3307e0
TEAM_ATTACKED_BY_PLAYER	0x3307e0
 has been attacked by 	0x3307e0
Unit_/ Unit has been attacked by a player.	0x3307e0
NAMED_ATTACKED_BY_PLAYER	0x3307e0
Team_/ Team is attacked by a specific unit type.	0x3307e0
TEAM_ATTACKED_BY_OBJECTTYPE	0x3307e0
 has been attacked by a(n) 	0x3307e0
Unit_/ Unit is attacked by a specific unit type.	0x3307e0
NAMED_ATTACKED_BY_OBJECTTYPE	0x3307e0
 is completely outside 	0x3307e0
Team_/ Team is completely outside an area.	0x3307e0
TEAM_OUTSIDE_AREA_ENTIRELY	0x3307e0
 is all inside 	0x3307e0
Team_/ Team completely inside an area.	0x3307e0
TEAM_INSIDE_AREA_ENTIRELY	0x3307e0
 is outside 	0x3307e0
Unit_/ Unit outside an area.	0x3307e0
NAMED_OUTSIDE_AREA	0x3307e0
 is inside 	0x3307e0
Unit_/ Unit inside an area.	0x3307e0
The camera movement has finished.	0x3307e0
Camera_/ Camera movement finished.	0x3307e0
CAMERA_MOVEMENT_FINISHED	0x3307e0
 has one or more units.	0x3307e0
Team_/ Team has units.	0x3307e0
TEAM_HAS_UNITS	0x3307e0
 exists and is alive.	0x3307e0
Unit_/ Unit exists and is alive.	0x3307e0
NAMED_NOT_DESTROYED	0x3307e0
 has been repaired.	0x3307e0
Unit_/ Bridge is repaired.	0x3307e0
BRIDGE_REPAIRED	0x3307e0
 has been broken.	0x3307e0
Unit_/ Bridge is broken.	0x3307e0
BRIDGE_BROKEN	0x3307e0
 has been killed, and is finished dying.	0x3307e0
Unit_/ Unit is finished dying.	0x3307e0
NAMED_TOTALLY_DEAD	0x3307e0
 has been killed, but still on screen.	0x3307e0
Unit_/ Unit is dying.	0x3307e0
NAMED_DYING	0x3307e0
Unit_/ Unit is destroyed.	0x3307e0
NAMED_DESTROYED	0x3307e0
 or above.	0x3307e0
 is rank 	0x3307e0
Unit_/Experience/ Unit is rank level or above.	0x3307e0
NAMED_RANK_LEVEL	0x3307e0
 units left of type 	0x3307e0
 has fewer than 	0x3307e0
Team_/ Team has fewer than X units left of KindOf..	0x3307e0
TEAM_HAS_FEWER_THAN_X_UNITS_WITH_KINDOF	0x3307e0
Team_/ Team is destroyed.	0x3307e0
TEAM_DESTROYED	0x3307e0
 is in 	0x3307e0
Unit_/ Unit entered area.	0x3307e0
NAMED_INSIDE_AREA	0x3307e0
 has one or more units in 	0x3307e0
Team_/ Team has units in an area.	0x3307e0
TEAM_INSIDE_AREA_PARTIALLY	0x3307e0
 have been destroyed.	0x3307e0
All factories belonging to  	0x3307e0
Player_/ All factories destroyed.	0x3307e0
PLAYER_ALL_BUILDFACILITIES_DESTROYED	0x3307e0
 has been destroyed.	0x3307e0
Everything belonging to  	0x3307e0
Player_/ All destroyed.	0x3307e0
PLAYER_ALL_DESTROYED	0x3307e0
 has expired.	0x3307e0
Timer 	0x3307e0
Scripting_/ Timer expired.	0x3307e0
TIMER_EXPIRED	0x3307e0
True.	0x3307e0
Scripting_/ True.	0x3307e0
CONDITION_TRUE	0x3307e0
 has the custom state 	0x3307e0
Team_/ Team custom has state.	0x3307e0
TEAM_HAS_CUSTOM_STATE	0x3307e0
 state IS NOT 	0x3307e0
Team_/ Team state is not.	0x3307e0
TEAM_STATE_IS_NOT	0x3307e0
 state IS 	0x3307e0
Team_/ Team state is.	0x3307e0
TEAM_STATE_IS	0x3307e0
Scripting_/ Flag compared to a value.	0x3307e0
 percent.	0x3307e0
 Health IS 	0x3307e0
Unit_/ Unit health % compared to a value.	0x3307e0
UNIT_HEALTH	0x3307e0
 and team 	0x3307e0
Distance between team 	0x3307e0
Scripting_/ Compare distance between 2 teams.	0x3307e0
DISTANCE_BETWEEN_TEAM	0x3307e0
 to value 	0x3307e0
 and object 	0x3307e0
Distance between object 	0x3307e0
Scripting_/ Compare distance between 2 objects.	0x3307e0
DISTANCE_BETWEEN_OBJ	0x3307e0
 counter 	0x3307e0
Scripting_/ Counter compared to another Counter.	0x3307e0
COUNTER_COUNTER	0x3307e0
 secs. 	0x3307e0
 time 	0x3307e0
Scripting_/ Counter compared to time in seconds.	0x3307e0
COUNTER_SECONDS	0x3307e0
Scripting_/ Counter compared to a value.	0x3307e0
COUNTER	0x3307e0
False.	0x3307e0
Scripting_/ False.	0x3307e0
CONDITION_FALSE	0x3307e0
FXParticleEditorI.dll	0x33af00
NotifyCameraChange	0x336f80
RunAppFast	0x336fb0
CanAppContinue	0x339b10,0x339b90,0x336fb0
ForceAppContinue	0x337040
SetTheSidesList	0x337200
SetFrameNumber	0x339b10,0x339b90
Data\INI\FXParticleSystem.ini	0x339330
FXParticleSystem	0x339330,0x5ccab0
Script Engine Profiling disabled.	0x3395a0
GetFXParticleEditor	0x33af00
AppendMessage	0x33e9a0,0x33c8e0
***Unexpected NULL player:***	0x33da70
Attempting to use an undefined attack priority - '	0x33dd70
***Error allocating attack priority set - fix or raise limit. ***	0x33e040,0x33e3b0,0x340dc0
***Attempting to set attack priority on an invalid thing:***	0x33e040
***WARNING: Script contains multiple non-singleton team conditions::***	0x33e490
F:\bfme\Code\gameengine\Source\GameLogic\ScriptEngine\ScriptEngine.cpp	0x33e490,0x346040,0x346560,0x345a50
AppendMessageAndPause	0x33e9a0
Run script false -	0x33e9a0
Run script - 	0x33e9a0
AdjustVariable	0x33eb70
AdjustVariableAndPause	0x33eb70
%d (%0.2f secs)	0x33eb70
CreateDebugDialog	0x340c9e
DebugWindow.dll	0x340b80
DebugWindowLite.dll	0x340b80
***Script not defined:***	0x343780,0x3433f0
***Attempting to call script that is not a subroutine:***	0x343780,0x3433f0
<none>	0x3433f0
' on 	0x346d60
Advancing SeqScript '	0x346d60
GLA Inf Team is Building	0x348e70
GLA Team is Building	0x348e70
China Inf Team Is Building	0x348e70
China Air Team Is Building	0x348e70
China Team is Building	0x348e70
USA Inf Team Is Building	0x348e70
USA Air Team Is Building	0x348e70
USA Team is Building	0x348e70
DestroyDebugDialog	0x3492a0
ScriptAction	0x35c0c0,0x3513f0
***Invalid Player name: "%s"***	0x34cb60
<All Players>	0x34cb60
<Local Player's Allies>	0x34cb60
<Local Player's Allies incl Self>	0x34cb60
<Local Player's Enemies>	0x34cb60
<Local Player>	0x34cb60
<This Player's Enemy>	0x34cb60
<This Player>	0x34db40,0x34cb60
<This Player's Allies>	0x34cb60
<This Player's Allies incl Self>	0x34cb60
<This Player's Enemies>	0x34cb60
' not found.	0x34cf60
!!!WARNING!!! Trigger area '	0x34cf60
OuterPerimeter	0x34cf60
InnerPerimeter	0x34cf60
[Skirmish]EnemyOuterPerimeter	0x34cf60
[Skirmish]EnemyInnerPerimeter	0x34cf60
[Skirmish]MyOuterPerimeter	0x34cf60
[Skirmish]MyInnerPerimeter	0x34cf60
<This Object>	0x34f570
Player Targetable	0x2f8a50
AI Recruitable	0x2f8a50
Unsellable	0x2f8a50
Indestructible	0x2f8a50
Powered	0x2f8a50
ShellMainMenuExitPushed	0x51e0f0
ShellMainMenuOnlinePushed	0x62ea60
Script	0x35c0c0,0x350f50,0x357b30
ScriptGroup	0x359ee0,0x352ab0
UNUSED/(placeholder)/placeholder	0x351260
Bogus	0x352db0,0x3513f0,0x3514c0
ScriptActionFalse	0x35c0c0,0x3514c0
PlayerScriptsList	0x352810
ScriptGroup	0x352940
Emotion: ???	0x352e80
Emotion: %s	0x352e80
Reverb Room Type: %s	0x352e80
ModelCondition State: %s	0x352e80
Object Flag: %s	0x352e80
Reveal Name: %s	0x352e80
Spline Path Pad: %s	0x352e80
Faction Name: %s	0x352e80
Object Status is '%s'	0x352e80
Object Status is '?^	0x352e80
Shake Intensity: ???	0x352e80
Shake Intensity: %s	0x352e80
Surfaces Allowed: ???	0x352e80
Surfaces Allowed: %s	0x352e80
Buildable (?]	0x352e80
Buildable (%s)	0x352e80
Boundary %s	0x352e80
Emoticon '%s'	0x352e80
Ability '%s'	0x352e80
Upgrade '%s'	0x352e80
Science availability '%s'	0x352e80
Science '%s'	0x352e80
Special power '%s'	0x352e80
 R:%d G:%d B:%d 	0x352e80
Banner	0x352e80
Infiltration	0x352e80
Under Attack	0x352e80
Construction	0x352e80
Information	0x352e80
Gandalf Alert	0x352e80
Theoden Alert	0x352e80
Aggressive	0x352e80
Alert	0x352e80
Passive	0x352e80
Sleep	0x352e80
Peaceful	0x352e80
Divide	0x352e80
Multiply	0x352e80
Subtract	0x352e80
Not Equal To	0x352e80
Greater Than	0x352e80
Greater Than or Equal To	0x352e80
Equal To	0x352e80
Less Than or Equal	0x352e80
Less Than	0x352e80
Flag named '%s'	0x352e80
Relation '%s'	0x352e80
Player '%s'	0x352e80
Kind is '?^	0x352e80
Kind is '%s'	0x352e80
(%.2f,%.2f,%.2f)	0x352e80
%.2f%%	0x352e80
%.2f degrees	0x352e80
Bridge '%s'	0x352e80
UnitRef '%s'	0x352e80
Unit '%s'	0x352e80
TeamRef '%s'	0x352e80
Team '%s'	0x352e80
String: '%s'	0x352e80
Localized String: '%s'	0x352e80
Font: '%s'	0x352e80
Command button: '%s'	0x352e80
 area '%s'	0x352e80
Camera '%s'	0x352e80
Waypoint Path '%s'	0x352e80
Waypoint '%s'	0x352e80
Attack priority set '%s'	0x352e80
Subroutine '%s'	0x352e80
Script '%s'	0x352e80
Sound '%s'	0x352e80
OrCondition	0x35c0c0,0x355c90
[???]	0x356340,0x355e20
*** ELSE ***  	0x357860
*** THEN ***  	0x357860
    *AND* 	0x357860
  *** OR ***  	0x357860
*** IF ***  	0x357860
MISSILE	0x357fc0
CASH_GENERATOR	0x357fc0
OVERLAPPABLE	0x357fc0
CRUSHABLE	0x357fc0
CRUSHER	0x357fc0
Upgrade_InfantryCaptureBuilding	0x357fc0
Upgrade_GLARebelCaptureBuilding	0x357fc0
Upgrade_ChinaRedguardCaptureBuilding	0x357fc0
Upgrade_AmericaRangerCaptureBuilding	0x357fc0
BUILD_BASE_BUILDING_WITH_TACTIC	0x358370
BUILD_BASE_BUILDING_PER_TACTIC	0x358370
ScriptList	0x35bfb0
<?xml version="1.0"?>	0x35ed90
FactionCivilian	0x35f4e0
MPorSkirmishFadeToScoreScreen	0x35f770
HideEndGame	0x35f770
GUI:PlayerHasBeenDefeated	0x35f920
GUI:YouHaveBeenDefeated	0x35f920
%sGatherPoint	0x35ffd0,0x360220
%sSpawnPoint	0x35ffd0,0x360220
InitialWalkOn	0x35ffd0
LeftArmy	0x3601a0
RightArmy	0x3601a0
BottomArmy	0x3601a0
TopArmy	0x3601a0
ReinforcementState	0x365880
ArmySummary	0x362bd0
RohanSam	0x364b10
Auto-Summoning army %s into battle	0x367330
Attribute '%s' not found	0x369c30
Dynamic_%s_of_id_%d_at_index_%d	0x36e370
CAMP: Frame %d: Castle %s(%d) %s ::canUnpack() -- m_needInstantBuild=%d, m_currentState=%d, checkTimer=%d, m_timer=%g	0x36e420
CritterDesync:  animal %s is scared, requesting new path to pos %g,%g,%g.	0x370de0
CritterDesync:  animal %s not scared, returning.	0x370de0
CritterDesync:  CastleBehavior::onTriggerEntered called with animal %s	0x370de0
CAMP: Frame %d: Castle %s(%d) ::isPlayerAllowedToCapture() called by %s -- alreadyMyCastle=%d, playerAllowedToCapture=%d	0x371460
CAMP: Frame %d: Castle %s(%d) ::isPlayerAllowedToPackOrUnpack() called by %s -- alreadyMyCastle=%d, playerAllowedToCapture=%d	0x371550
CAMP: Frame %d: Castle %s(%d) ::unpack() called by %s	0x376590
CAMP: Frame %d: Castle %s(%d) ::initiateUnpack() called by %s	0x376b00
CAMP: Frame %d: Castle %s(%d) ::initiatePack(aka:DIE) called by %s	0x376c70
CAMP: Frame %d: Castle %s(%d) Packed(aka:DIE) called by %s	0x377060
Floating point value expected instead of '%s'	0x379f80
DefaultCrate	0x37a320
NOTFOUND_DEFAULT_ScalarTable	0x381480
Full,TotalVerts/Skin/Sort,Less Fill,NoParticles,No Spawn-NoPart,Logic,Thing,Model,Kind,Side,DrawCalls All,DrawCalls NoPart-NoSpawn,DrawCalls NoSpawn 	0x3851e0
TimingLog	0x3851e0
StillImage_Film%02d	0x385430
F:\bfme\Code\gameengine\Source\GameLogic\System\GameLogic.cpp	0x390a50,0x390f90,0x38a770,0x385430,0x38b1b0
teamReplayObserver	0x3865b0
Observer	0x3865b0
%s\map.str	0x66dc30,0x386a30
%s\solo.ini	0x66dd40,0x386a30
%s\map.ini	0x66db20,0x386a30
%s\ambientlightmap.tga	0x386de0
      Slot %d: PlayerLeaveStatus does not exist. 	0x387a50
      Slot %d: Present at final frame 	0x387a50
      Slot %d: n/a 	0x387a50
      Slot %d: Defeat frame: %d, Quit frame: %d(%s) 	0x387a50
      Slot %d: Victory frame: %d, Quit frame: %d(%s) 	0x387a50
graceful	0x387a50
voted out	0x387a50
unknown	0xa7c31a,0x855810,0x855ba0,0x88ec50,0x8836f0,0x387a50,0x8830f0
    Game Over Details: 	0x387a50
Invalid Slot	0x387d90
AmericaVehicleHumvee	0x388970
AmericaVehicleHumVee	0x388970
AmericaTankCrusader	0x388970
AmericaTankLeopard	0x388970
BIN_DESYNC-%s-%s.bin	0x388c10
BIN_DESYNC-%s-%s-%s.bin	0x388c10
---------------------------------------------------------  	0x388c10
 -------------------------------------------------------- REPLAY FILE --------------------------------------------------------- 	0x388c10
Frame #%d  	0x388c10
*** Frame #%d -- THIS IS A FORCED DESYNC TRIGGERED ON FRAME %d USING COMMANDLINE -forceDesyncOnFrame %d! IGNORE!!!!  	0x388c10
*** Frame #%d -- THIS IS A FAKE DESYNC THAT WAS TRIGGERED INTENTIONALLY BY THIS PLAYER! IGNORE!  	0x388c10
DESYNC-%s-%s.txt	0x388c10
DESYNC-%s-%s-%s.txt	0x388c10
Frame%d	0x388c10
Frame%s	0x388c10
GUI:DesyncTitle	0x388c10
GUI:DesyncText	0x388c10
TheBuffLogic	0x38a1f0
TheLargeGroupAudio	0x38a1f0
TheTerrainLogic	0x38a1f0
TheCollisionManager	0x38a1f0
TheShroudManager	0x38a1f0
ThePartitionManager	0x38a1f0
FlockOfBirds	0x38c1e0
GLAInfantryAngryMobNexus	0x38c1e0
%.1f,%d/%d/%d,%.1f,%.1f,%.1f,%.1f,%s,%s,%s,%s,%.1f,%.1f,%.1f 	0x38c1e0
**NO MODEL**	0x38c1e0
Other	0x38c1e0,0x7fccc0
Cavalry	0x38c1e0
Monster	0x38c1e0
Machine	0x38c1e0
Infantry	0x38c1e0
No Object	0x38c1e0
FadeWholeScreen	0x4920e0,0x394260,0x38d100
fatal error! sleepy update module index mismatch. 	0x38d870
Player_	0x38f7b0
TitleScreen	0x3928e0,0x4920e0
LoadingRing	0x3928e0
Observer_%d	0x392d00
Player_%d	0x392d00
--------------------------------------------------------- 	0x393880
     NetCRCInterval: %d 	0x393880
 -debugCRCUntilFrame %d	0x393880
 -debugCRCFromFrame %d	0x393880
 -binaryDeepCRC	0x393880
 -liteCRC	0x393880
 -deepCRC	0x393880
 -verifyClientCRC	0x393880
 -xAICRC	0x393880
 -xPlayerCRC	0x393880
 -xTerrainLogicCRC	0x393880
 -xTaintCRC	0x393880
 -xShroudCRC	0x393880
 -xCollisionCRC	0x393880
 -xPartitionCRC	0x393880
 -xObjectCRC	0x393880
     Network:	0x393880
 -startingMoney %d	0x393880
 -fastGamePlay	0x393880
     GamePlay:	0x393880
 -noMusic	0x393880
 -noAudio	0x393880
 zeroFillMemory:OFF	0x393880
 zeroFillMemory:ON	0x393880
  Important CommandLine Arguments:     System:	0x393880
      Slot %d: %s(%s), %s %s, Team:%d, StartPos:%d 	0x393880
GUI:Observer	0x61f130,0x393880,0x5294f0,0x6247b0
GUI:Random	0x4dbe80,0x559e60,0x61f130,0x393880,0x5294f0,0x5082d0,0x6247b0
      Slot %d: %s 	0x393880
    GameMode: isSkirmish:%d, isMultiplayer:%d, isSandBox:%d, isSinglePlayerSkirmish:%d     Player List: 	0x393880
  Session Game #%d     Map Name: %s 	0x393880
  BuildType: RELEASE 	0x393880
--------------------------------------------------------- GAME REPORT: --------------------------------------------------------- 	0x393880
TheHarvestableTree	0x394260
TheGrabbableTree	0x394260
TheNonInteractableTree	0x394260
TheOneTree	0x394260
IsThreadedLoad	0x394260
OptionsMenu.wnd:OptionsMenuParent	0x396950
OptionsMenu.wnd:ButtonBack	0x396950
RallyPointSet	0x397350,0x396d40
GUI:RallyPointSet	0x396d40
UnableToSetRallyPoint	0x396d40
GUI:RallyPointNoPath	0x396d40
HumanLocomotor	0x396d40
GUI:GlobalRallyPointSet	0x397350
GUI:BeaconPlacementFailed	0x397540
Gui_BeaconPlaced	0x397540
GUI:BeaconPlaced	0x397540
BeaconPlacementFailed	0x397540
GUI:TooManyBeacons	0x397540
PlaceBuilding	0x397540
CLOUDY	0x39b380
Unknown weather type %s	0x39b380
Cannot define WeatherData in map.ini	0x39b380
GlobalWeatherSystem	0x39b510
HouseColor	0x76e4f0
A light point level %s already exists.	0x39cab0
ObjectFilter::resolveNames() specified -%s but this template doesn't exist! Typo?	0x39e2b0
ObjectFilter::resolveNames() specified -S:%s but template %s doesn't exist! Typo?	0x39e2b0
ObjectFilter::resolveNames() specified +%s but this template doesn't exist! Typo?	0x39e2b0
ObjectFilter::resolveNames() specified +S:%s but template %s doesn't exist! Typo?	0x39e2b0
iniParseObjectFilter expecting a + or - token as it is required for classification. Instead it found %s	0x39f470
ALL is specified for iniParseObjectFilter, so adding %s has no effect. Please remove entry.	0x39f470
iniParseObjectFilter NEUTRAL keyword is case sensitive. You specified %s.	0x39f470
iniParseObjectFilter ENEMIES keyword is case sensitive. You specified %s.	0x39f470
iniParseObjectFilter ALLIES keyword is case sensitive. You specified %s.	0x39f470
iniParseObjectFilter: You must specify a ruleset for your data (ANY, ALL, or NONE). You specified %s.	0x39f470
iniParseObjectFilter NONE keyword is case sensitive. You specified %s.	0x39f470
When using NONE in iniParseObjectFilter, NONE must be the first entry.	0x39f470
iniParseObjectFilter ANY keyword is case sensitive. You specified %s.	0x39f470
When using ANY in iniParseObjectFilter, ANY must be the first entry.	0x39f470
iniParseObjectFilter ALL keyword is case sensitive. You specified %s.	0x39f470
When using ALL in iniParseObjectFilter, ALL must be the first entry.	0x39f470
Large	0x3a4c80
Small	0x4ade40,0x3a4c80
LivingWorldArmy	0x3a54e0
LivingWorldCampaignManager	0x3b5150
DelayedSplineCameraEventModule	0x3bc450
DelayedEventType	0x3c3480
GUI:GoodCampaign	0x3bdb40
GUI:EvilCampaign	0x3bdb40
00000000.sav	0x51e900,0x3bdb80
:AutoSummon	0x3bfb80
GondorCampaign	0x3c1ad0
MordorCampaign	0x3c1ad0
LivingWorldLogic::StateSnapshotSave	0x3c3f40
HilightBordersEffect	0x3ca7c0,0x3c7010,0x3c7420
FriendlyBordersEffect	0x3cb290,0x3ca7c0,0x3c7010
EnemyBordersEffect	0x3cb290,0x3ca7c0,0x3c7010
MouseoutEffectFlareupContested	0x3cb290,0x3caeb0
MouseoutEffectFlareupOwned	0x3cb290,0x3caeb0
MouseoverEffectFlareupContested	0x3cb290,0x3caeb0
MouseoverEffectFlareupOwned	0x3cb290,0x3caeb0
ConqueredEffectFlareup	0x3ca9d0,0x3c7130
ConqueredEffectEvenglow	0x3ca9d0,0x3c7130
maps\%s\%s.map	0x619900,0x613d60,0x3ca0e0
Data\INI\LargeGroupAudio.ini	0x3cdf50
SoundKeyPair	0x3d0a40
LargeGroupAudio: You cannot use the same key list for two Sound blocks within the same LargeGroupAudioMap	0x3d0c40
AudioMap	0x3d1020
(opt)	0x3d6300
[path:	0x3d6300
Expected floating point value in '%s'	0x3d64f0
  best return true. found=%d,%d	0x3da3c0,0x3d9f00,0x3f55e0,0x3f4f70
  total failure. found=%d,%d	0x3da3c0,0x3d9f00,0x3f55e0,0x3f4f70
  func failed	0x3da3c0,0x3d9f00,0x3f55e0,0x3f4f70
  func succeeded found=%d,%d	0x3da3c0,0x3d9f00,0x3f55e0,0x3f4f70
  IterateCircular1 called with center=%d,%d, maxCells=%d	0x3da3c0,0x3d9f00,0x3f55e0,0x3f4f70
Pathfinder	0x3de6e0
Data\INI\Pathfinder.ini	0x3de6e0
          OFF THE MAP, return false: i=%d, j=%d	0x3df580
          Sorry no luck (not infantry), return false: i=%d, j=%d	0x3df580
          !canPathThroughInfantry, return false: i=%d, j=%d	0x3df580
          cell is !ursurpAllyGoalCells, return false: i=%d, j=%d	0x3df580
          cell is CELL_IMPASSABLE, return false: i=%d, j=%d	0x3df580
          cell is CELL_CLIFF, return false: i=%d, j=%d	0x3df580
          cell is playerImpassable and obj is human controlled, return false: i=%d, j=%d	0x3df580
          cell is CELL_OBSTACLE, return false: i=%d, j=%d	0x3df580
          checkForAircraft=TRUE, return false: i=%d, j=%d	0x3df580
          BEGIN cell iteration (deep innards), i from %d to %d, j from %d to %d	0x3df580
          I have an AI	0x3df580
            returning false	0x3df580
          human controlled	0x3df580
          I'm a path through infantry kindof	0x3df580
          layer != LAYER_GROUND, layer=%d	0x3df580
          narrow passage area	0x3df580
          layer is LAYER_GROUND	0x3df580
          horde	0x3df580
          Pathfinder::CheckDestination called with: obj=%s(%d), cell=%d,%d, layer=%d, iRadius=%d, centerInCell=%s	0x3df580
  IterateCircular3 called with center=%d,%d, maxCells=%d	0x3e29f0
CritterDesync: Pathfinder::SnapClosestGoalPosition() CheckDestination3 succeeds with cell=%d,%d, layer=%d, iRadius=%d, center=%s, pos=%g%g%g	0x3eb1f0
CritterDesync: Pathfinder::SnapClosestGoalPosition() CheckDestination2 succeeds with cell=%d,%d, layer=%d, iRadius=%d, center=%s, pos=%g%g%g	0x3eb1f0
CritterDesync: Pathfinder::SnapClosestGoalPosition() iRadius=%d>0 do nothing case, pos=%g%g%g	0x3eb1f0
CritterDesync: Pathfinder::SnapClosestGoalPosition() CheckDestination fails, continuing...	0x3eb1f0
CritterDesync: Pathfinder::SnapClosestGoalPosition() CheckDestination succeeds, returning...	0x3eb1f0
CritterDesync: Pathfinder::SnapClosestGoalPosition() CheckDestination about to get called with cell=%d,%d, layer=%d, iRadius=%d, center=%s, pos=%g%g%g	0x3eb1f0
CritterDesync: Pathfinder::SnapClosestGoalPosition() !center, adjustDest...	0x3eb1f0
CritterDesync: Pathfinder::SnapClosestGoalPosition() iRadius=%d, center=%s	0x3eb1f0
CritterDesync: Pathfinder::SnapClosestGoalPosition() called with pos=%g,%g,%g	0x3eb1f0
CritterDesync:    Pathfinder::InternalFindPath() 24 return NULL	0x3f0340
CritterDesync:    Pathfinder::InternalFindPath() 21	0x3f0340
CritterDesync:    Pathfinder::InternalFindPath() 20 failed path break	0x3f0340
CritterDesync:    Pathfinder::InternalFindPath() 19 return %s	0x3f0340
CritterDesync:    Pathfinder::InternalFindPath() 18	0x3f0340
CritterDesync:    Pathfinder::InternalFindPath() 17	0x3f0340
CritterDesync:    Pathfinder::InternalFindPath() 16	0x3f0340
CritterDesync:    Pathfinder::InternalFindPath() 15 return NULL	0x3f0340
CritterDesync:    Pathfinder::InternalFindPath() 14 return NULL	0x3f0340
CritterDesync:    Pathfinder::InternalFindPath() 13	0x3f0340
CritterDesync:    Pathfinder::InternalFindPath() 12 return %s	0x3f0340
CritterDesync:    Pathfinder::InternalFindPath() 11	0x3f0340
CritterDesync:    Pathfinder::InternalFindPath() 10	0x3f0340
CritterDesync:    Pathfinder::InternalFindPath() 9	0x3f0340
CritterDesync:    Pathfinder::InternalFindPath() 8	0x3f0340
CritterDesync:    Pathfinder::InternalFindPath() 7 return NULL	0x3f0340
CritterDesync:    Pathfinder::InternalFindPath() 6 return NULL	0x3f0340
CritterDesync:    Pathfinder::InternalFindPath() 5 return NULL	0x3f0340
CritterDesync:    Pathfinder::InternalFindPath() 4	0x3f0340
CritterDesync:    Pathfinder::InternalFindPath() 3 return NULL	0x3f0340
CritterDesync:    Pathfinder::InternalFindPath() 2 return NULL	0x3f0340
CritterDesync:    Pathfinder::InternalFindPath() 1	0x3f0340
CritterDesync:    Pathfinder::InternalFindPath() called	0x3f0340
        returning false because adjustedPathExists is false	0x3f0f40
        QuickDoesPathExist1 succeeds	0x3f0f40
        dest calculated to be %g,%g,%g and returning true	0x3f0f40
        QuickDoesPathExist2 succeeds. adjustedPathExists	0x3f0f40
        QuickDoesPathExist1 fails. Try adjusted destination	0x3f0f40
        adjustedPathExists=%s	0x3f0f40
        ground unit failed iteration: i=%d, j=%d, cell=NULL, onlyIfLayer	0x3f0f40
        ground unit failed iteration: i=%d, j=%d, cell=VALID, cellLayer=%d, onlyIfLayer	0x3f0f40
        MinasTirith check failed, return FALSE: originalZ=%g, adjustDest.z=%g	0x3f0f40
        onlyIfLayer=%d	0x3f0f40
        object is not kindof aircraft	0x3f0f40
        CheckDestination passed	0x3f0f40
        CheckDestination failed, return false	0x3f0f40
        cell %d,%d is outside m_logicalExtent lo:%d,%d hi:%d,%d	0x3f0f40
        isHuman is TRUE	0x3f0f40
        cellP is CLIFF, return FALSE.	0x3f0f40
        cellP is NULL, return FALSE.	0x3f0f40
    Pathfinder::CheckForAdjust called with: obj=%s(%d), loco=%s, isHuman=%s, cell=%d,%d, layer=%d, iRadius=%d, center=%s, groupDest=%g,%g,%g, originalZ=%g, onlyIfLayer=%d	0x3f0f40
  IterateCircular2 called with center=%d,%d, maxCells=%d	0x3f18e0,0x3f5340
    Pathfinder_IsCheckForAdjust() allyCount=%s, isInfantry=%s, returning true	0x3f2b60
    Pathfinder_IsCheckForAdjust() total failure, return false	0x3f2b60
    Pathfinder_IsCheckForAdjust() allyCount=%d, m_foundWithAllies=%d	0x3f2b60
    Pathfinder_IsCheckForAdjust() checkAdjust failed	0x3f2b60
    Pathfinder_IsCheckForAdjust() called with cell=%d,%d	0x3f2b60
CritterDesync:    FindHierarchicalPath fails	0x3f2f60
CritterDesync:    FindHierarchicalPath succeeds	0x3f2f60
CritterDesync:    isHuman set to FALSE	0x3f2f60
    obj=%s, cell=%d,%d, destinationLayer=%d, radius=%d, centerInCell=%s	0x3f2f60
CritterDesync:    CheckDestination() failed, returning NULL	0x3f2f60
    obj=%s, locomotorSet=%s, from=%g,%g,%g	0x3f2f60
CritterDesync:    QuickDoesPathExist failed, returning NULL	0x3f2f60
    obj=%s, locomotorSet=%s, from=%g,%g,%g, to=%g,%g,%g	0x3f2f60
CritterDesync:    Pathfinder::FindPath() called	0x3f2f60
  got NOTHING	0x3f6090
  IterateCircular with groupDest	0x3f6090
  got with allies %d,%d	0x3f6090
        badGroup = true in tighten case	0x3f6090
        groupDest tighten path case...	0x3f6090
  got %d,%d	0x3f6090
  AdjDest obj=%i, dest=%g,%g,%g, radius=%i, center=%i	0x3f6090
  after adjustDest=%d,%d	0x3f6090
  before adjustDest=%d,%d	0x3f6090
  iRadius=%d, center=%s	0x3f6090
  projectile return TRUE	0x3f6090
  Pathfinder::AdjustDestination() onEnter dest=%g,%g,%g	0x3f6090
Ran out of wall entries; too many walls with different heights on map	0x3f9310
; needs to be fixed /	0x3f9310
 - maximum delta for considering two walls to be equal is 	0x3f9310
 defined by 	0x3f9310
 but there's already a wall with a height of 	0x3f9310
 has a wall height of 	0x3f9310
Ran out of pathfind zones.  SERIOUS ERROR! jba.	0x405e80,0x4042c0
GlowOutline buffs are no longer supported. They need to be removed from an INI file.	0x409e20
TBUFF	0x40a260
BuffInstance	0x40aea0
Style	0x81de40
Data\INI\Credits.ini	0x40c310
<BLANK>	0x40cc40
Avg frame time %4.4f 	0x40de00
FadeScreenToWhite	0x40e3b0,0x40e680
FadeInGameMovie	0x42ee70,0x40e3b0,0x40e680,0x6fea60
Could not set Movie Thread Priority	0x40fba0,0x40ed00
Could not set Main Thread Priority	0x40f780
CarBomb	0x415d50
Subliminal	0x415d50
Enthusiastic	0x415d50
BattlePlanIcon_SeekAndDestroy	0x415d50
BattlePlanIcon_HoldTheLine	0x415d50
BattlePlanIcon_Bombard	0x415d50
BombRemote	0x415d50
BombTimed	0x415d50
VehicleHeal	0x415d50
StructureHeal	0x41d290,0x415d50
DefaultHeal	0x41d290,0x415d50
Evil_Vet_Dot	0x415d50
Evil_Vet	0x415d50
Good_Vet_Dot	0x415d50
Good_Vet	0x415d50
SCPContestPipEmpty	0x415d50
SCPContestPipFull	0x415d50
SCPPipEmpty	0x415d50
SCPPipFull	0x415d50
SCPAmmoEmpty	0x415d50
SCPAmmoFull	0x415d50
F:\bfme\Code\gameengine\Source\GameClient\Drawable.cpp	0x41f2a0,0x416820
 CUSTOM %d 	0x417330
ReferenceDisplayName	0x418b50
Drawable	0x432010
#embed	0x41bac0
CONTROLBAR:CouncilDesc	0x41fdf0
Amplitude2	0x5fbdb0
Amplitude1	0x5fbdb0
BaseUnderAttack	0x4271b0
DefaultEvaEvent	0x4271b0
<Unknown>	0x425720,0x69d240
EVA_INVALID	0x425720
You cannot redefine the default Eva event in a map.ini	0x425c90
'%s' is not a predefined Eva event name	0x425c90
Data\INI\Eva.ini	0x426680
Data\INI\Default\Eva.ini	0x426680
Cannot redefine existing Eva event '%s' in Eva.ini	0x426c60
'%s' is a predefined Eva event name, and cannot be used as a new event name	0x426c60
Cannot use 'None' as a new Eva event's name	0x426c60
Lifetime	0x5be2f0,0x5ccab0
Shader	0x5be2f0,0x5ccab0
color value %s=%i out of range (0..255)	0x853050,0x852f50,0x4276a0
BurstCount	0x5be2f0,0x5ccab0
m_cullTrackingMin == 0 in FXList::parseCullingInfo	0x427840
bad colon spacing, or unexpected token in FXList::parseCullingInfo	0x427840
m_cullTrackingMax == 0 in FXList::parseCullingInfo	0x427840
CullAllAbove	0x427840
StartCullingAbove	0x427840
TrackingSeconds	0x427840
F:\bfme\Code\gameengine\Source\GameClient\FXList.cpp	0x42a270,0x42daa0
FollowBone	0x76e4f0,0x42c980
INVALID_THING	0x42d2b0
TitleScreenLogo	0x42ee70
TheCloudBreakEffectManager	0x42f5a0
TheCloudEffectManager	0x42f5a0
TheSnowManager	0x42f5a0
TheLanguageFilter	0x42f5a0
TheVideoPlayer	0x42f5a0
TheRayEffects	0x42f5a0
TheTerrainVisual	0x42f5a0
TheHotKeyManager	0x42f5a0
TheInGameUI	0x42f5a0
TheShell	0x42f5a0
TheIMEManager	0x42f5a0
TheWindowManager	0x42f5a0
TheDisplay	0x42f5a0
TheMouse	0x42f5a0
TheAnimationSoundModuleManager	0x42f5a0
TheAnim2DCollection	0x42f5a0
TheKeyboard	0x42f5a0
TheDisplayStringManager	0x42f5a0
Data\INI\DrawGroupInfo.ini	0x42f5a0
Unrecognized SubTitleRenderState!	0x434690
SUBTITLE:	0x434a90
***FATAL*** String Manager failed to initilaize properly	0x438350
GUI:FullGameName	0x4389e0
70FF7DF1-E69E-47df-9AA6-F062FADD6146}	0x439560
Arial Unicode MS	0x439280
AddFontResourceExA	0x439560
GDI32.DLL	0x439a30,0x439560
Lang\%s\Language9x.ini	0x439560
Lang\%s\Language.ini	0x439560
%s\lrf*.*	0x439a30
%s\%s	0x439a30,0x4507a0,0x4577c0,0x9c8860,0x9c89f0,0x9c8c70,0x9c86a0,0x885a30
RemoveFontResourceExA	0x439a30
ControlBar.wnd:ButtonIdleWorker	0x43b970,0x49f8b0,0x49fc90,0x4aba80,0x4a0f70
ControlBar.wnd	0x442300,0x440b40
ReplayControl.wnd	0x440b40
MissionBriefingCharacter	0x43e700
GUI:NothingSelected	0x448700
GUI:ControlBarMoneyDisplay	0x4410c0
ControlBar.wnd:PowerWindow	0x4aba80,0x4a0f70,0x4410c0
ControlBar.wnd:MoneyDisplay	0x4aba80,0x4a0f70,0x4410c0
ControlBar.wnd:RightHUD	0x441af0,0x441c50,0x4a0f70
InGamePopupMessage.wnd	0x442040
F:\bfme\Code\gameengine\Source\GameClient\InGameUI.cpp	0x443910
GUI:MaxSelectionSize	0x5b7690,0x443f60,0x446550
OBJECT:Prop	0x4445c0
%s %s	0x4445c0
TOOLTIP:SupplyWarehouse	0x4445c0
ThingTemplate:%s	0x4445c0
GUI:SelectedAcrossMap	0x448700,0x446550
%s %d%s0%d	0x4469f0
%s %d%s%d	0x4469f0
%s %d	0x4dfb40,0x4469f0
%d:%2.2d	0x4469f0
%ls: 	0x4469f0
GUI:%s	0x636650,0x4ebe30,0x4c90a0,0x4469f0
Command_SpecialAbilitySiegeLadderDeploy	0x447f10
Albertus MT	0x44b800
Courier	0x44b800
 ;,.!?:=\/><`~()&^%#  	0x44db90
MPPositionList	0x450d90,0x450460
MPPositionInfo	0x450cd0,0x4502d0
MapCache.ini	0x4507a0,0x4577c0,0x4550c0
map.str	0x450de0,0x450fc0
 (%d)	0x451240
UserData\Maps	0x451460
%sMapPreviews/	0x4516e0,0x6f63b0
_art.tga	0x4516e0,0x6c39d0,0x521390
ObjectsList	0x454b00
WorldInfo	0x454b00,0x74acb0
HeightMapData	0x454b00,0x74a2c0,0x74a3b0
END  	0x4550c0,0x4aab60
  END 	0x4550c0
    AllowedFactions =	0x4550c0
    ForcePlayerTeam = %d 	0x4550c0
    LoadAIScripts = %s 	0x4550c0
    Computer = %s 	0x4550c0
    Human = %s 	0x4550c0
  PlayerPosition %d 	0x4550c0
  supplyPosition = X:%2.2f Y:%2.2f Z:%2.2f 	0x4550c0
  techPosition = X:%2.2f Y:%2.2f Z:%2.2f 	0x4550c0
  %s = X:%2.2f Y:%2.2f Z:%2.2f 	0x4550c0
  description = %s 	0x4550c0
  displayName = %s 	0x4550c0
  extentMax = X:%2.2f Y:%2.2f Z:%2.2f 	0x4550c0
  extentMin = X:%2.2f Y:%2.2f Z:%2.2f 	0x4550c0
  numPlayers = %d 	0x4550c0
  isScenarioMP = %s 	0x4550c0
  isMultiplayer = %s 	0x4550c0
  isOfficial = %s 	0x4550c0
  timestampHi = %d 	0x4550c0
  timestampLo = %d 	0x4550c0
  fileCRC = %u 	0x4550c0
  fileSize = %u 	0x4550c0
 MapCache %s 	0x4550c0
; ///////////////////////////////////////////////////////////////////////////// 	0x4550c0
; This INI file is auto-generated - do not modify 	0x4550c0
; FILE: %s ///////////////////////////////////////////////////////////// 	0x4550c0
TOOLTIP:StartPositionN	0x4559a0
NUMBER:%d	0x6f5890,0x4559a0
TOOLTIP:StartPosition	0x4559a0
GUI:Blank	0x4559a0,0x521160
APT:MapTitle	0x455f60,0x520920
MissingMap	0x455f60,0x521390,0x520e70
Star-Gold	0x456a90
Star-Silver	0x456a90
Star-Bronze	0x456a90
/Desc	0x4570f0
$Map:	0x4570f0
\map sps 	0x4570f0
%s\%s%s	0x4578eb
EXSnowFlake.tga	0x45ab10
_AnimMode	0x462e80,0x4605f0
_frame=	0x4605f0
%d=%f,%f,%f	0x4605f0
_light	0x4605f0
_KeepAspectRatio	0x462e80
_RenderObj	0x462e80
BinkMovieInit	0x463340,0x464080
EnableComponents	0x463340,0x464080
DisableComponents	0x463340,0x464080
View3D	0x463340,0x464080
BinkMovie	0x463340,0x464080
PushButton	0x463340,0x464080
ListBox	0x463340,0x464080
TextEntry	0x463340,0x464080
CheckBox	0x463340,0x464080
ImageComboBox	0x463340,0x464080
ComboBox	0x463340,0x464080
HorzSlider	0x463340,0x464080
GameWindow	0x463340,0x464080
BinkGameWindow::Create	0x463850
_Load	0x463850
_Init	0x463e30
apt/horzslider.wnd	0x464080
apt/combobox.wnd	0x464080
_level%d	0x46eed0,0x465b90,0x8c4fa0,0x892230
/_level%d	0x4675f0,0x467f20,0x46e170
Background.apt	0x467510
HideFrontEndBackground	0x468090
HideInGameBackground	0x468090
ShowFrontEndBackground	0x469a10
ShowInGameBackground	0x469a10
:MainWindow	0x46a870
AptLevel0.apt	0x46c5f0,0x46e170
OnFocus	0x46e170
TOOLTIP:	0x5307b0,0x554510,0x566b10,0x546e00
_level	0x46ee10
GRAYSCALE	0x46f280
SOLID	0x46f280
_mode	0x46f280
RadialClockOverlay2	0x795140,0x4a2cb0
RadialClockOverlay1	0x795140,0x4a2cb0
AptRankIcon%d	0x46f910
AptRankIcon%s%d	0x46f910
TimerOverlay	0x46fd40
RenderImageDisabled	0x46fd40
RenderImage	0x46fd40
DoTrace	0x46fd40
InGame	0x46fd40
SetBackground	0x46fd40
OnClickThroughRelease	0x46fd40
OnClickThroughPress	0x46fd40
PlaySound	0x46fd40
CloseWindow	0x46fd40
MouseSetVisibility	0x46fd40
SachaWynter	0x491a40,0x471ec0,0x471390
TextElvenClouds	0x472000,0x471900
TextElvenFlameC	0x471900
TextElvenFlameB	0x471900
TextElvenFlameA	0x471900
elv_text_C	0x471900
elv_text_B	0x471900
elv_text_A	0x471900
data\ini\fontsubstitution.ini	0x473500
TheFontLibrary	0x4769a0
Invalid font point size specified: %f.  Must be greater than or equal to 1	0x477320
normal	0x55dc00,0x4776e0,0xa96b80,0xa41d11
-bold	0x4776e0
+bold	0x4776e0
GUIClickDisabled	0x479770,0x5b3ad0
Times New Roman	0x6f5a90,0x5a5ae0
StaticTextMessage	0x47ef70
StaticTextTitle	0x47ef70
ButtonCancel	0x47ef70
ButtonNo	0x47ef70
ButtonYes	0x47ef70
ButtonOk	0x47ef70
MessageBoxParent	0x47ef70
MessageBox.wnd:	0x47ef70
QuitMessageBox.wnd:	0x47ef70
Menus/MessageBox.wnd	0x47ef70
Menus/QuitMessageBox.wnd	0x47ef70
LAYOUTUPDATE	0x48869d
LAYOUTINIT	0x48869d
COMBOBOXLISTBOXHILITEDRAWDATA	0x485ee0
COMBOBOXLISTBOXDISABLEDDRAWDATA	0x485ee0
COMBOBOXLISTBOXENABLEDDRAWDATA	0x485ee0
COMBOBOXEDITBOXHILITEDRAWDATA	0x485ee0
COMBOBOXEDITBOXDISABLEDDRAWDATA	0x485ee0
COMBOBOXEDITBOXENABLEDDRAWDATA	0x485ee0
COMBOBOXDROPDOWNBUTTONHILITEDRAWDATA	0x485ee0
COMBOBOXDROPDOWNBUTTONDISABLEDDRAWDATA	0x485ee0
COMBOBOXDROPDOWNBUTTONENABLEDDRAWDATA	0x485ee0
SLIDERTHUMBHILITEDRAWDATA	0x485ee0
SLIDERTHUMBDISABLEDDRAWDATA	0x485ee0
SLIDERTHUMBENABLEDDRAWDATA	0x485ee0
LISTBOXHILITESLIDERDRAWDATA	0x485ee0
LISTBOXHILITEDOWNBUTTONDRAWDATA	0x485ee0
LISTBOXHILITEUPBUTTONDRAWDATA	0x485ee0
LISTBOXDISABLEDSLIDERDRAWDATA	0x485ee0
LISTBOXDISABLEDDOWNBUTTONDRAWDATA	0x485ee0
LISTBOXDISABLEDUPBUTTONDRAWDATA	0x485ee0
LISTBOXENABLEDSLIDERDRAWDATA	0x485ee0
LISTBOXENABLEDDOWNBUTTONDRAWDATA	0x485ee0
LISTBOXENABLEDUPBUTTONDRAWDATA	0x485ee0
HILITEDRAWDATA	0x485ee0
DISABLEDDRAWDATA	0x485ee0
ENABLEDDRAWDATA	0x485ee0
TEXTCOLOR	0x488b80,0x487b50
STATUS	0x487f80
 =;   	0x487f80
COMBOBOX	0x486b10,0x484f60,0x4879a0
TABPANE	0x4874a0
TABCONTROL	0x486b10,0x484f60,0x4879a0
PROGRESSBAR	0x486b10,0x4879a0
STATICTEXT	0x486b10,0x4850c0,0x484f60,0x4879a0
ENTRYFIELD	0x486b10,0x4850c0,0x484f60,0x4879a0
SCROLLLISTBOX	0x486b10,0x4850c0,0x484f60,0x4879a0
HORZSLIDER	0x486b10,0x4850c0,0x484f60,0x4879a0
VERTSLIDER	0x486b10,0x4850c0,0x484f60,0x4879a0
CHECKBOX	0x486b10,0x4879a0
RADIOBUTTON	0x486b10,0x4850c0,0x484f60,0x4879a0
PUSHBUTTON	0x4879a0,0x486b10
ScrollIfAtEnd	0x484760
 :,   	0x485ee0,0x485730,0x4849e0,0x484c80,0x484c10,0x484de0,0x484760
 ,:=   	0x4854f0
TRANSPARENT	0x485970
Need tooltip translation	0x485ab0
NoImage	0x485ee0
COMMANDBUTTON	0x486b10
WINDOW	0x488b80,0x487b50
SELECTEDCOLOR	0x488b80,0x487b50
HILITECOLOR	0x488b80,0x487b50
DISABLEDCOLOR	0x488b80,0x487b50
ENABLEDCOLOR	0x488b80,0x487b50
ENDALLCHILDREN	0x487b50
CHILD	0x487f80
ENDLAYOUTBLOCK	0x48869d
STARTLAYOUTBLOCK	0x488600
BACKGROUNDCOLOR	0x488b80
APT:None	0x517220,0x488b80
Window\%s	0x488b80
Window\	0x488b80
Data\INI\WindowTransitions.ini	0x48b8d0
FREEZE_POST_LOAD_SOUNDS	0x48b8d0
SOUNDFADE	0x48b8d0
REVERSESOUND	0x48b8d0
SCORESCALEUP	0x48b8d0
CONTROLBARARROW	0x48b8d0
MAINMENUSMALLSCALEDOWN	0x48b8d0
MAINMENUMEDIUMSCALEUP	0x48b8d0
MAINMENUSCALEUP	0x48b8d0
WINSCALEUP	0x48b8d0
BUTTONFLASH	0x48b8d0
FLASH	0x48b8d0
FULLFADE	0x48b8d0
WINFADE	0x48b8d0
COUNTUP	0x48b8d0
TEXTONFRAME	0x48b8d0
TYPETEXT	0x48b8d0
SCREENFADE	0x48b8d0
IMAGECROSSFADE	0x48b8d0
IMAGEFADE	0x48b8d0
Transition	0x601d40,0x601e90
Lang\%s\HeaderTemplate9x.ini	0x48c680
Lang\%s\HeaderTemplate.ini	0x48c680
IMEStatusWindow.wnd	0x48d9c0
IMECandidateWindow.wnd:DownArrow	0x48d9c0
IMECandidateWindow.wnd:UpArrow	0x48d9c0
IMECandidateWindow.wnd:TextArea	0x48d9c0
IMECandidateWindow.wnd	0x48d9c0
MapTransfer:Timeout	0x4913d0,0x510130
SmallRing	0x491a40
GUI:Loading	0x491a40
MapTransfer:CurrentFile	0x491fa0
ShellGameLoadScreen.wnd:StaticTextLegal	0x4920e0
ShellGameLoadScreen.wnd:ProgressLoad	0x4920e0
Menus/ShellGameLoadScreen.wnd	0x4920e0
Team:%d	0x51c2d0,0x493120,0x492400,0x4a9cd0,0x4c3800,0x6239c0,0x5268f0,0x52c220
MultiplayerLoadScreen.wnd:StaticTextTeam%d	0x493120,0x492400
MultiplayerLoadScreen.wnd:StaticTextSide%d	0x492400
MultiplayerLoadScreen.wnd:StaticTextPlayer%d	0x492400
MultiplayerLoadScreen.wnd:ButtonMapStartPosition%d	0x492400
MultiplayerLoadScreen.wnd:ProgressLoad%d	0x492400
MultiplayerLoadScreen.wnd:WinMapPreview	0x492400
Menus/MultiplayerLoadScreen.wnd	0x492400
MapTransferScreen.wnd:StaticTextProgress%d	0x492c40
MapTransferScreen.wnd:StaticTextPlayer%d	0x492c40
MapTransferScreen.wnd:ProgressLoad%d	0x492c40
MapTransferScreen.wnd:StaticTextTimeout	0x492c40
MapTransferScreen.wnd:StaticTextCurrentFile	0x492c40
Menus/MapTransferScreen.wnd	0x492c40
Team:AI	0x493120,0x4a9cd0,0x4c3800,0x52c220
%d/%d	0x53f210,0x493120,0x62db90,0x547730,0x565940,0x68ebf0
OfficersClubsmall	0x4f9e60,0x493120
GameSpyLoadScreen.wnd:WinOfficer%d	0x493120
GameSpyLoadScreen.wnd:WinRank%d	0x493120
GameSpyLoadScreen.wnd:StaticTextWinLoss%d	0x493120
GameSpyLoadScreen.wnd:StaticTextTotalDisconnects%d	0x493120
GameSpyLoadScreen.wnd:WinPlayer%d	0x493120
GameSpyLoadScreen.wnd:StaticTextSide%d	0x493120
GameSpyLoadScreen.wnd:ButtonMapStartPosition%d	0x493120
GameSpyLoadScreen.wnd:StaticTextPlayer%d	0x493120
GameSpyLoadScreen.wnd:ProgressLoad%d	0x493120
GameSpyLoadScreen.wnd:WinMapPreview	0x493120
Menus/GameSpyLoadScreen.wnd	0x493120
EmptyLayout	0x497c40
BANNERUI:SummaryUnitQuantity	0x49a540
Radial	0x5f9170
ACTION	0x86ceb0
Unknown command '%s' found in command set. File: %s Line: %d 	0x49c7c0
GeneralsExpPoints.wnd:ProgressBarExperience	0x49cae0,0x4a0b90
ControlBar.wnd:ButtonGeneral	0x59b980,0x49f8b0,0x49fc90,0x49cc00,0x4aba80,0x589750,0x4a0f70
ControlBar.wnd:ButtonLarge	0x49d160,0x4aba80,0x4a0f70
ControlBarArrow	0x49dc90,0x49dd20,0x49f640
RallyPointMarker	0x49df00
GUIControlButtonClick	0x49ede0
NonCommand_	0x49ede0
:ButtonParent%d	0x49f1c0
:ButtonCommand%d	0x49f1c0
:GenPowersShortcutBarParent	0x49f1c0
ControlBar.wnd:ButtonPlaceBeacon	0x49f8b0,0x49fc90,0x4aba80,0x4a0f70
Command_TransportExit	0x4a03d0
Command_StructureExit	0x4aee00,0x4a03d0
GUIGenShortcutClick	0x4a04c0
SCIENCE:Rank%d	0x4a0b90
GeneralsExpPoints.wnd:StaticTextTitle	0x4a0b90
SCIENCE:Rank	0x4a0b90
GeneralsExpPoints.wnd:StaticTextLevel	0x4a0b90
GeneralsExpPoints.wnd:StaticTextRankPointsAvailable	0x4a0b90
SSChevron3L	0x4a0f70
SSChevron2L	0x4a0f70
SSChevron1L	0x4a0f70
BarButtonGenStarOFF	0x4a0f70
BarButtonGenStarON	0x4a0f70
ControlBarPopupDescription.wnd	0x4a0f70
ControlBar.wnd:BackgroundMarker	0x4a0f70
ControlBar.wnd:WinUAttack	0x4aba80,0x4a0f70
ControlBar.wnd:GeneralsExp	0x4a0f70
NonCommand_UpDown	0x4a0f70
NonCommand_GeneralsExperience	0x4a0f70
NonCommand_Beacon	0x4a0f70
NonCommand_IdleWorker	0x4a0f70
ControlBar.wnd:ButtonOptions	0x4aba80,0x4a0f70
NonCommand_Communicator	0x4ae080,0x4a0f70
ControlBar.wnd:PopupCommunicator	0x4aba80,0x4ae080,0x4a0f70
ControlBar.wnd:UnitUpgrade%d	0x4a0f70
ControlBar.wnd:CameoWindow	0x4a0f70
ControlBar.wnd:WinUnitSelected	0x4a0f70
GeneralsExpPoints.wnd:ButtonRank3Number%d	0x4a0f70
ControlBar.wnd:ButtonCommand%02d	0x4a0f70
ControlBar.wnd:ObserverPlayerInfoWindow	0x4a9980,0x4a0f70
ControlBar.wnd:ObserverPlayerListWindow	0x4a9980,0x4a0f70
ControlBar.wnd:ProductionQueueWindow	0x4a0f70
ControlBar.wnd:CommandWindow	0x4a0f70
ControlBar.wnd:BeaconWindow	0x4a0f70
ControlBar.wnd:OCLTimerWindow	0x4a0f70
ControlBar.wnd:UnderConstructionWindow	0x4a0f70
GeneralsExpPoints.wnd:GenExpParent	0x4a0f70
GeneralsExpPoints.wnd	0x4a0f70
ControlBar.wnd:ControlBarParent	0x4a2f80,0x4c0c80,0x4c0e10,0x4a0f70
Data\INI\CommandSet.ini	0x4a0f70
Data\INI\CommandButton.ini	0x4a0f70
Data\INI\Default\CommandButton.ini	0x4a0f70
Duplicate commandset %s found!	0x4a2150
RadialBorder	0x795140,0x4a2cb0
RadialOver	0x795140,0x4a2cb0
RadialPush	0x795140,0x4a2cb0
ControlBar.wnd:ButtonClearBeaconText	0x4a3830
ControlBar.wnd:StaticTextBeaconLabel	0x4a3830
ControlBar.wnd:EditBeaconText	0x4a3830
ControlBar.wnd:ButtonQueue01	0x4a5950
GUI:ErrorNoMoreCommandPoints	0x4a6e20
ControlBar.wnd:ButtonCancel	0x4a9980
ControlBar.wnd:WinGeneralPortrait	0x4a9980
ControlBar.wnd:WinFlag	0x4a9980
ControlBar.wnd:StaticTextPlayerName	0x4a9980
ControlBar.wnd:StaticTextNumberOfUnitsLost	0x4a9980
ControlBar.wnd:StaticTextNumberOfUnitsKilled	0x4a9980
ControlBar.wnd:StaticTextNumberOfBuildings	0x4a9980
ControlBar.wnd:StaticTextNumberOfUnits	0x4a9980
ControlBar.wnd:StaticTextPlayer%d	0x4a9980
ControlBar.wnd:ButtonPlayer%d	0x4a9980
CONTROLBAR:ObsPlayerLabel	0x4a9cd0
CONTROLBAR:OCLTimerDesc	0x4aa7c0
CONTROLBAR:OCLTimerDescWithPadding	0x4aa7c0
ControlBar.wnd:OCLTimerProgressBar	0x4aa7c0
ControlBar.wnd:OCLTimerStaticText	0x4aa7c0
ControlBar.wnd:OCLTimerSellButton	0x4aaa70
Command_Sell	0x4aaa70
  AltSize = X:%d Y:%d 	0x4aab60
  AltPosition = X:%d Y:%d 	0x4aab60
ControlBarResizer %s 	0x4aab60
Data\INI\ControlBarResizer.ini	0x4aaf10
ControlBar.wnd:ExpBarForeground	0x4aba80
Data\INI\ControlBarScheme.ini	0x4add60
Data\INI\Default\ControlBarScheme.ini	0x4add60
NonCommand_BriefingHistory	0x4ae080
Command_Evacuate	0x4aee00
Command_Evacuate_Contested	0x4aee00
ControlBar.wnd:UnderConstructionDesc	0x4af520
Command_CancelConstruction	0x4af6a0
Flash%d	0x4b02a0
TOOLTIP:RangedDamage	0x4b25d0
TOOLTIP:MeleeDamage	0x4b25d0
TOOLTIP:MaxHealth	0x4b25d0
TOOLTIP:Rank	0x4b25d0
TOOLTIP:VerteranHordeMemberName	0x4b25d0
GUI:UnknownConnectionState	0x538700
GUI:WaitingToBeginConnection	0x538700
GUI:ConnectionFailed	0x538700
GUI:ConnectionDone	0x538700
GUI:WaitingForResponse	0x538700
GUI:WaitingForMangledPort	0x538700
GUI:WaitingForManglerResponse	0x538700
GUIComboBoxClick	0x4b6190,0x4b85f0,0x4b4010,0x4b42f0
Gui_PalantirCommandButtonDisabledClick	0x4bc7e0
Gui_PalantirCommandButtonClick	0x4bc7e0
Pane %d	0x4bde80
APT:RankLabel	0x565720
TOOLTIP:ScienceDisabled	0x5999b0
Diplomacy.wnd:ButtonUnMute%d	0x4c3480
Diplomacy.wnd:ButtonMute%d	0x4c3480
Diplomacy.wnd:StaticTextStatus%d	0x4c3480
Diplomacy.wnd:StaticTextTeam%d	0x4c3480
Diplomacy.wnd:StaticTextSide%d	0x4c3480
Diplomacy.wnd:StaticTextPlayer%d	0x4c3480
GUI:PlayerGone	0x4c3800,0x52c220
GUI:PlayerObserverGone	0x4c3800,0x52c220
GUI:PlayerDead	0x4c3800,0x52c220
GUI:PlayerObserver	0x4c3800,0x52c220
GUI:PlayerAlive	0x4c3800,0x52c220
Diplomacy.wnd:ListboxSolo	0x4c3de0,0x4c4630
Diplomacy.wnd:SoloParent	0x4c3de0
Diplomacy.wnd:BuddiesParent	0x4c3de0
Diplomacy.wnd:InGameParent	0x4c3de0
Diplomacy.wnd:RadioButtonBuddies	0x4c3de0
Diplomacy.wnd:RadioButtonInGame	0x4c3de0
Diplomacy.wnd	0x4c3de0
InGamePopupMessage.wnd:ButtonOk	0x4c50f0
InGamePopupMessage.wnd:StaticTextMessage	0x4c50f0
InGamePopupMessage.wnd:InGamePopupMessageParent	0x4c50f0
DifficultySelect.wnd:RadioButtonHard	0x4c7020
DifficultySelect.wnd:RadioButtonMedium	0x4c7020
DifficultySelect.wnd:RadioButtonEasy	0x4c7020
DifficultySelect.wnd:ButtonCancel	0x4c7020
DifficultySelect.wnd:ButtonOk	0x4c7020
DifficultySelect.wnd:DifficultySelectParent	0x4c7020
DownloadMenu.wnd:ProgressBarMunkee	0x4c74b0
DownloadMenu.wnd:StaticTextStatus	0x4c74b0
DownloadMenu.wnd:StaticTextFile	0x4c74b0
DownloadMenu.wnd:StaticTextTime	0x4c74b0
DownloadMenu.wnd:StaticTextSize	0x4c74b0
DownloadMenu.wnd:ButtonCancel	0x4c74b0
DownloadMenu.wnd:ParentDownload	0x4c74b0
MainMenu.wnd:MainMenuParent	0x4c7780
GUI:DownloadErrorTitle	0x4c79a0
GUI:DownloadUnknownTime	0x4c7b60,0x4c7e40
GUI:DownloadTimeLeft	0x4c7b60,0x4c7e40
GUI:DownloadBytesRatio	0x4c7b60
patches\	0x4c8010,0x62fa20
WOLQuickMatchMenuParent	0x4c84c0,0x4c8660
WOLQuickMatchMenu.wnd	0x50b930,0x4c84c0,0x4c8660
GameSpyGameOptionsMenuParent	0x503fa0,0x4c84c0,0x4c8660
GameSpyGameOptionsMenu.wnd	0x503fa0,0x4c84c0,0x4c8660
EstablishConnectionsScreen.wnd:ButtonQuit	0x4c85b0
Menus/EstablishConnectionsScreen.wnd	0x4c8660
GUI:EasyAI	0x61f210,0x4f2c00,0x4cbbb0,0x4c8b40,0x621c40,0x527220
GUI:MediumAI	0x61f210,0x4f2c00,0x4cbbb0,0x4c8b40,0x621c40,0x527220
GUI:HardAI	0x61f210,0x4f2c00,0x4cbbb0,0x4c8b40,0x621c40,0x527220
GameinfoOBSRVR	0x4c8b40
GameinfoRANDOM	0x4c8b40
INFORMATION	0x4c90a0
CONTROL	0x4c90a0
KeyboardOptionsMenu.wnd:ButtonBack	0x4caa90
KEYBOARD:Ctrl+	0x4caa90,0x4c9390
KEYBOARD:Shift+	0x4caa90,0x4c9390
KEYBOARD:Alt+	0x4caa90
KeyboardOptionsMenu.wnd:ButtonAssign	0x4caa90
KeyboardOptionsMenu.wnd:TextEntryAssignHotkey	0x4caa90
KeyboardOptionsMenu.wnd:ButtonResetAll	0x4caa90
KeyboardOptionsMenu.wnd:StaticTextCurrentHotkey	0x4caa90
KeyboardOptionsMenu.wnd:StaticTextDescription	0x4caa90
KeyboardOptionsMenu.wnd:ListBoxCommandList	0x4caa90
KeyboardOptionsMenu.wnd:ComboBoxCategoryList	0x4caa90
KeyboardOptionsMenu.wnd:ParentKeyboardOptionsMenu	0x4caa90
Color=%d	0x518bf0,0x53cb90,0x4f3f20,0x4cb3f0,0x5409a0
Team=%d	0x4f4750,0x4cb5e0,0x516f00
StartPos=%d	0x4f44e0,0x4cb810
LanGameOptionsMenu.wnd:ButtonMapStartPosition%d	0x4cbbb0
LanGameOptionsMenu.wnd:ButtonAccept%d	0x4cbbb0
LanGameOptionsMenu.wnd:ComboBoxTeam%d	0x4cbbb0
LanGameOptionsMenu.wnd:ComboBoxPlayerTemplate%d	0x4cbbb0
LanGameOptionsMenu.wnd:ComboBoxColor%d	0x4cbbb0
GUI:Closed	0x61f210,0x61f520,0x61f6c0,0x4f2c00,0x4cbbb0,0x621c40,0x620b00,0x527220
GUI:Open	0x61f210,0x4f2c00,0x4cbbb0,0x621c40,0x620b00,0x527220
LanGameOptionsMenu.wnd:ComboBoxPlayer%d	0x4cbbb0
LanGameOptionsMenu.wnd:MapWindow	0x4cbbb0
LanGameOptionsMenu.wnd:ButtonSelectMap	0x4cbbb0
LanGameOptionsMenu.wnd:ButtonEmote	0x4cbbb0
LanGameOptionsMenu.wnd:ListboxChatWindowLanGame	0x4cbbb0
LanGameOptionsMenu.wnd:TextEntryMapDisplay	0x4cbbb0
LanGameOptionsMenu.wnd:TextEntryChat	0x4cbbb0
LanGameOptionsMenu.wnd:ButtonStart	0x4cbbb0
LanGameOptionsMenu.wnd:ButtonBack	0x4d00e0,0x4cbbb0
LanGameOptionsMenu.wnd:LanGameOptionsMenuParent	0x4cbbb0
LAN:TooManyPlayers	0x4f49e0,0x4cc980,0x527930
GUI:NotifiedStartIntent	0x4f49e0,0x4cc980
GUI:PlayerNoMap	0x4f49e0,0x4cc980,0x688cd0,0x527930
GUI:SandboxMode	0x4f49e0,0x4cc980,0x527930
GUI:AllPlayersMustSelectStartPosition	0x4cc980
GUI:AllPlayerPositionsMustBeOccupied	0x4cc980
LAN:NeedMoreTeams	0x4f49e0,0x4cc980,0x527930
LAN:NeedMorePlayers	0x4f49e0,0x4cc980
SYSTEM	0x689050,0x4cc980,0x688cd0
GUI:NeedHumanPlayers	0x4f49e0,0x4cc980,0x527930
PlayerTemplate=%d	0x518df0,0x53ce60,0x4f41e0,0x4cd820,0x5409a0
Menus/LanMapSelectMenu.wnd	0x4cdf20
Menus/NetworkDirectConnect.wnd	0x4cec00
LAN:ErrorNoGameSelected	0x4cec00
LanGameOptionsMenuParent	0x4d00e0
LanGameOptionsMenu.wnd	0x4d00e0
LanMapSelectMenu.wnd:ButtonMapStartPosition%d	0x4d0230
LanMapSelectMenu.wnd:RadioButtonUserMaps	0x4d0230
LanMapSelectMenu.wnd:RadioButtonSystemMaps	0x4d0230
LanMapSelectMenu.wnd:WinMapPreview	0x4d0230
LanMapSelectMenu.wnd:ListboxMap	0x4d0230
LanMapSelectMenu.wnd:ButtonOK	0x4d0230
LanMapSelectMenu.wnd:ButtonBack	0x4d0230
LanMapSelectMenu.wnd:LanMapSelectMenuParent	0x4d0230
MapSelectMenu.wnd:RadioButtonEasyAI	0x4d1120
MapSelectMenu.wnd:RadioButtonMediumAI	0x4d1120
MapSelectMenu.wnd:RadioButtonHardAI	0x4d1120
MapSelectMenu.wnd:MapSelectMenuParent	0x4d1120,0x4d1370
MapSelectMenu.wnd:RadioButtonUserMaps	0x4d1370
MapSelectMenu.wnd:RadioButtonSystemMaps	0x4d1370
MapSelectMenu.wnd:ButtonOK	0x4d1370
MapSelectMenu.wnd:ButtonBack	0x4d1370
MapSelectMenu.wnd:HeadlessCount	0x4d1370
MapSelectMenu.wnd:ListboxMap	0x4d1370
127.0.0.1	0x861e90,0x885680,0x624c80
%d.%d.%d.%d	0x4d33d0,0x4d2d80
GUI:Player	0x4e5df0
RemoteIP0	0x4d2d80
PopupCommunicator.wnd:ButtonOk	0x4d3d20
PopupCommunicator.wnd:PopupCommunicator	0x4d3d20
localhost	0x6385a0,0x53e390,0x4d58f0
GUI:NoLadder	0x4d6420,0x508c80,0x62db90
GUI:ChooseLadder	0x4d6420,0x508c80
PopupHostGame.wnd:ComboBoxLadderName	0x4d68c0
PopupHostGame.wnd:CheckBoxAllowObservers	0x4d68c0
PopupHostGame.wnd:ButtonCancel	0x4d68c0
PopupHostGame.wnd:ButtonCreateGame	0x4d68c0
PopupHostGame.wnd:TextEntryGamePassword	0x4d68c0
PopupHostGame.wnd:TextEntryLadderPassword	0x4d68c0
PopupHostGame.wnd:TextEntryGameDescription	0x4d68c0
PopupHostGame.wnd:TextEntryGameName	0x4d68c0
PopupHostGame.wnd:ParentHostPopUp	0x4d68c0
PopupJoinGame.wnd:ButtonCancel	0x4d7300
PopupJoinGame.wnd:StaticTextGameName	0x4d7300
PopupJoinGame.wnd:TextEntryGamePassword	0x4d7300
PopupJoinGame.wnd:ParentJoinPopUp	0x4d7300
INI:Faction%s	0x62ad50
General	0x7fccc0
Corporal	0x4f9ce0
TOOLTIP:BattleHonors	0x4d9100
TOOLTIP:BattleHonorChallenge	0x4d9100
TOOLTIP:BattleHonorOfficersClub	0x4d9100
TOOLTIP:BattleHonorApocalypse	0x4d9100
TOOLTIP:BattleHonorFairPlay	0x4d9100
TOOLTIP:BattleHonorBlitz10	0x4d9100
TOOLTIP:BattleHonorBlitz5	0x4d9100
TOOLTIP:BattleHonorCampaignGLA	0x4d9100
TOOLTIP:BattleHonorCampaignChina	0x4d9100
TOOLTIP:BattleHonorCampaignUSA	0x4d9100
TOOLTIP:BattleHonorEndurance	0x4d9100
TOOLTIP:BattleHonorAirWing	0x4d9100
TOOLTIP:BattleHonorBattleTank	0x4d9100
TOOLTIP:BattleHonorLoyaltyGLA	0x4d9100
TOOLTIP:BattleHonorLoyaltyChina	0x4d9100
TOOLTIP:BattleHonorLoyaltyUSA	0x4d9100
TOOLTIP:BattleHonorStreak25	0x4d9100
TOOLTIP:BattleHonorStreak10	0x4d9100
TOOLTIP:BattleHonorStreak3	0x4d9100
TOOLTIP:BattleHonorLadderChamp	0x4d9100
TOOLTIP:BattleHonorChallengeDisabled	0x4d9100
TOOLTIP:BattleHonorApocalypseDisabled	0x4d9100
TOOLTIP:BattleHonorFairPlayDisabled	0x4d9100
TOOLTIP:BattleHonorBlitz10Disabled	0x4d9100
TOOLTIP:BattleHonorCampaignGLADisabled	0x4d9100
TOOLTIP:BattleHonorCampaignChinaDisabled	0x4d9100
TOOLTIP:BattleHonorCampaignUSADisabled	0x4d9100
TOOLTIP:BattleHonorEnduranceDisabled	0x4d9100
TOOLTIP:BattleHonorAirWingDisabled	0x4d9100
TOOLTIP:BattleHonorBattleTankDisabled	0x4d9100
TOOLTIP:BattleHonorLoyaltyGLADisabled	0x4d9100
TOOLTIP:BattleHonorLoyaltyChinaDisabled	0x4d9100
TOOLTIP:BattleHonorLoyaltyUSADisabled	0x4d9100
TOOLTIP:BattleHonorStreak3Disabled	0x4d9100
GUI:AreYouSureDeleteAccount	0x4d99c0
OfficersClub	0x4d9df0
HonorStreak_B	0x4d9df0
HonorStreak_S	0x4d9df0
HonorStreak_G	0x4d9df0
HonorBlitz10	0x4d9df0
HonorBlitz5	0x4d9df0
Apocalypse	0x4d9df0
HonorBattleTank	0x4d9df0
HonorAirWing	0x4d9df0
FairPlay	0x4d9df0
%s:%s	0x4da630,0x623bc0
Rank_PrivateElite	0x4da760
Rank_%s%s	0x4da760
Elite	0x4da760
Random	0x4dbe80,0x4da760
_China	0x4da760
China	0x4da760,0x62ad50,0x4e8320,0x4e59e0
America	0x4da760,0x6386f0,0x62ad50,0x4e8320,0x4e59e0
NewPlayer	0x4da760
LoTRB4MEOnline\MiscPref%d.ini	0x4db0b0,0x4db560
ListboxInfo	0x4dbe80
GUI:FetchingPlayerInfo	0x4dbe80
StaticTextInProgress	0x4dbe80
GUI:GSRank%d	0x4dbe80
StaticTextRank	0x4dbe80
WinRank	0x4dbe80
ProgressBarRank	0x4dbe80
GUI:WinPercent	0x4dbe80
StaticTextWinPercentValue	0x4dbe80
StaticTextBuildingsBuiltValue	0x4dbe80
StaticTextBuildingsLostValue	0x4dbe80
StaticTextBuildingsKilledValue	0x4dbe80
StaticTextTotalBuiltValue	0x4dbe80
StaticTextTotalDeathsValue	0x4dbe80
StaticTextTotalKillsValue	0x4dbe80
SIDE:%s	0x4dbe80,0x559e60,0x5307b0,0x5294f0,0x5082d0,0x6247b0
GUI:None	0x4dbe80,0x623e40
StaticTextFavoriteSideValue	0x4dbe80
StaticTextStreakValue	0x4dbe80
GUI:CurrentWinStreak	0x4dbe80
GUI:CurrentLossStreak	0x4dbe80
StaticTextStreak	0x4dbe80
StaticTextBestStreakValue	0x4dbe80
StaticTextDisconnectsValue	0x4dbe80
StaticTextLossesValue	0x4dbe80
StaticTextWinsValue	0x4dbe80
StaticTextGamesPlayedValue	0x4dbe80
GUI:PlayerStatistics	0x4dbe80
WOL:Locale%2.2d	0x4dbe80,0x4ff030,0x5506f0,0x5307b0
WOL:Locale00	0x4dbe80
StaticTextPlayerStatisticsLabel	0x4dbe80
PopupPlayerInfo.wnd	0x4dbe80,0x4ddd10,0x4dd2b0
Preorder	0x4dd2b0
GUI:PSCannotConnect	0x4dd2b0
PopupPlayerInfo.wnd:CheckBoxNonAsianText	0x4ddd10
PopupPlayerInfo.wnd:CheckBoxAsianText	0x4ddd10
PopupPlayerInfo.wnd:ButtonDeleteAccount	0x4ddd10
PopupPlayerInfo.wnd:ButtonSetLocale	0x4ddd10
PopupPlayerInfo.wnd:ListboxInfo	0x4ddd10
PopupPlayerInfo.wnd:ButtonCommunicator	0x4ddd10
PopupPlayerInfo.wnd:ButtonClose	0x4ddd10
PopupPlayerInfo.wnd:PopupParent	0x4ddd10
GUI:OverwriteReplayTitle	0x4de8e0
GUI:OverwriteReplay	0x4de8e0
MainMenuDefaultMenuLogoFade	0x4fd9b0
GUI:NoFileSelected	0x4e08d0
GUI:PleaseSelectAFile	0x4e08d0
ReplayMenu.wnd:GadgetParent	0x4e1d00
ReplayMenu.wnd:ButtonCopyReplay	0x4e1d00
ReplayMenu.wnd:ButtonDeleteReplay	0x4e1d00
ReplayMenu.wnd:ListboxReplayFiles	0x4e1d00
ReplayMenu.wnd:ButtonBack	0x4e1d00
ReplayMenu.wnd:ButtonLoadReplay	0x4e1d00
ReplayMenu.wnd:ParentReplayMenu	0x4e1d00
ScoreScreen.wnd:GameWindowWinner%d	0x4e3d40,0x4e3150,0x4e3720,0x4e5df0
ScoreScreen.wnd:StaticTextResources%d	0x4e3d40,0x4e3150,0x4e3720,0x4e5df0
ScoreScreen.wnd:StaticTextBuildingsDestroyed%d	0x4e3d40,0x4e3150,0x4e3720,0x4e5df0
ScoreScreen.wnd:StaticTextBuildingsLost%d	0x4e3d40,0x4e3150,0x4e3720,0x4e5df0
ScoreScreen.wnd:StaticTextBuildingsBuilt%d	0x4e3d40,0x4e3150,0x4e3720,0x4e5df0
ScoreScreen.wnd:StaticTextUnitsDestroyed%d	0x4e3d40,0x4e3150,0x4e3720,0x4e5df0
ScoreScreen.wnd:StaticTextUnitsLost%d	0x4e3d40,0x4e3150,0x4e3720,0x4e5df0
ScoreScreen.wnd:StaticTextUnitsBuilt%d	0x4e3d40,0x4e3150,0x4e3720,0x4e5df0
ScoreScreen.wnd:StaticTextObserver%d	0x4e3d40,0x4e3150,0x4e3720,0x4e5df0
ScoreScreen.wnd:StaticTextPlayer%d	0x4e3d40,0x4e3150,0x4e3720,0x4e5df0
ScoreScreenShow	0x4e8dc0,0x4e5420
GUI:BuddyAddReq	0x6315e0,0x4ebe30,0x4ef980,0x4edad0,0x4e5420
ScoreScreen.wnd:ButtonAdd%d	0x4e5420
MutiPlayer_ScoreScreen	0x4e8050
Enemies	0x4e8320
Allies	0x4e8320
Online	0x4e8b80,0x64efd0,0x646aa0
ScoreScreen.wnd:StaticTextGameSaveComplete	0x4e8dc0
ScoreScreen.wnd:ButtonSaveReplay	0x4e8dc0
ScoreScreen.wnd:ButtonContinue	0x4e8dc0
ScoreScreen.wnd:ButtonBuddy	0x4e8dc0
ScoreScreen.wnd:ChatBoxBorder	0x4e8dc0
ScoreScreen.wnd:ListboxChatWindowScoreScreen	0x55a240,0x4e8dc0,0x506720
ScoreScreen.wnd:ButtonEmote	0x4e8dc0
ScoreScreen.wnd:TextEntryChat	0x4e8dc0
ScoreScreen.wnd:ButtonOk	0x4e8dc0
ScoreScreen.wnd:ParentScoreScreen	0x4e8dc0
SinglePlayerMenu.wnd:ButtonBack	0x4e9590
SinglePlayerMenu.wnd:ButtonLoad	0x4e9590
SinglePlayerMenu.wnd:ButtonNew	0x4e9590
SinglePlayerMenu.wnd:SinglePlayerMenuParent	0x4e9590
Buddy:MultipleOnlineNotification	0x4ea5f0
WOLBuddyOverlay.wnd:ListboxBuddyChat	0x4ea9d0
WOLBuddyOverlay.wnd:ListboxBuddies	0x4ea9d0
WOLBuddyOverlay.wnd:TextEntryChat	0x4ea9d0
Diplomacy.wnd:ListboxBuddyChat	0x4ea9d0
Diplomacy.wnd:ListboxBuddies	0x4ea9d0
Diplomacy.wnd:TextEntryChat	0x4ea9d0
%s:ButtonStats	0x4eadd0
%s:ButtonIgnore	0x4eb100,0x4eadd0
%s:ButtonPlay	0x4eadd0
%s:ButtonDelete	0x4eadd0
%s:ButtonAdd	0x4eadd0
GUI:Unignore	0x4eb100
[%hs] %s	0x4eb6b0,0x4ecd10
[%hs -> %hs] %s	0x4eb6b0
Chatting	0x4ebe30
Playing	0x4ebe30
Loading	0x4ebe30
Staging	0x4ebe30
Matching	0x4ebe30
Online	0x4ebe30
Offline	0x4ebe30
Buddy:%ls	0x4ebe30
WOLBuddyOverlay.wnd:ListboxIgnore	0x4ec6e0
WOLBuddyOverlay.wnd:IgnoreParent	0x4ec6e0
WOLBuddyOverlay.wnd:BuddiesParent	0x4ec6e0
WOLBuddyOverlay.wnd:RadioButtonIgnore	0x4ec6e0
WOLBuddyOverlay.wnd:RadioButtonBuddies	0x4ec6e0
WOLBuddyOverlay.wnd:ButtonNo	0x4ec6e0
WOLBuddyOverlay.wnd:ButtonYes	0x4ec6e0
WOLBuddyOverlay.wnd:ButtonDelete	0x4ec6e0
WOLBuddyOverlay.wnd:ButtonAdd	0x4ec6e0
WOLBuddyOverlay.wnd:ButtonHide	0x4ec6e0
WOLBuddyOverlay.wnd:BuddyMenuParent	0x4ec6e0
Buddy:MessageNotification	0x4ecd10
GUIMessageReceived	0x4edad0,0x4ecd10,0x625af0
Menus/RCNonBuddiesMenu.wnd	0x4efaf0,0x4ed400
Menus/RCBuddyRequestMenu.wnd	0x4efaf0,0x4ed400
Menus/RCBuddiesMenu.wnd	0x4efaf0,0x4ed400
Buddy:SelectBuddyToChat	0x4ed400
Buddy:CantTalkToIngameBuddy	0x4ed400
Buddy:InviteSentToPlayer	0x4edad0
Buddy:InviteSent	0x4edad0
Buddy:OnlineNotification	0x4ee510
Buddy:%lsNotification	0x4ee510
Buddy:AddNotification	0x4ee510
I have authorized your request to add me to your list	0x4ee510
FESL:FESL%d	0x4ee510
GUI:GSErrorTitle	0x552c40,0x50aa52,0x4ee510,0x50d030,0x54cc82,0x501b90,0x547160,0x5409a0
GUI:GSGPDisconReason%d	0x4ee510
Buddy:MessageDisconnected	0x4ee510
WOLCustomScoreScreen.wnd:ButtonLobby	0x4f0520
WOLCustomScoreScreen.wnd:ButtonDisconnect	0x4f0520
WOLCustomScoreScreen.wnd:WOLCustomScoreScreenParent	0x4f0520
Menus/WOLCustomLobby.wnd	0x4f0760,0x4f5d10
TOOLTIP:SupplyDock	0x4f1760
WOLMapSelectMenu.wnd:ListboxMap	0x4f19f0,0x503fa0
Hosting qr2:%d thread:%d	0x539e60,0x4fc510,0x4f1ff0
TOOLTIP:GenericPlayer	0x5307b0
TOOLTIP:ProfiledPlayer	0x5307b0
TOOLTIP:BuddyPlayer	0x5307b0
TOOLTIP:LocalPlayer	0x5307b0
GameSpyGameOptionsMenu.wnd:ButtonMapStartPosition%d	0x4f2c00
GameSpyGameOptionsMenu.wnd:GenericPing%d	0x4f2c00
GameSpyGameOptionsMenu.wnd:ButtonAccept%d	0x4f2c00
GameSpyGameOptionsMenu.wnd:ComboBoxTeam%d	0x4f2c00
GameSpyGameOptionsMenu.wnd:ComboBoxPlayerTemplate%d	0x4f2c00
GameSpyGameOptionsMenu.wnd:ComboBoxColor%d	0x4f2c00
GameSpyGameOptionsMenu.wnd:StaticTextPlayer%d	0x4f2c00
GameSpyGameOptionsMenu.wnd:ComboBoxPlayer%d	0x4f2c00
GameSpyGameOptionsMenu.wnd:StaticTextGameName	0x4f2c00
WOLMapSelectMenu.wnd:WinMapPreview	0x4f2c00,0x503fa0
GameSpyGameOptionsMenu.wnd:MapWindow	0x4f2c00
GameSpyGameOptionsMenu.wnd:ButtonSelectMap	0x4f2c00
GameSpyGameOptionsMenu.wnd:ButtonEmote	0x4f2c00
GameSpyGameOptionsMenu.wnd:ListboxChatWindowGameSpyGameSetup	0x4f2c00
GameSpyGameOptionsMenu.wnd:TextEntryMapDisplay	0x4f2c00
GameSpyGameOptionsMenu.wnd:TextEntryChat	0x4f2c00
GameSpyGameOptionsMenu.wnd:ButtonStart	0x4f2c00
GameSpyGameOptionsMenu.wnd:ButtonBack	0x4f2c00,0x503fa0
GameSpyGameOptionsMenu.wnd:GameSpyGameOptionsMenuParent	0x4f2c00
Ping01	0x4f2c00,0x62d810
Ping02	0x4f2c00,0x62d810
Ping03	0x4f2c00,0x62d810
%d %s	0x4f3b10
STATS/	0x4f3b10
GameSpyGameOptionsMenu.wnd:ButtonCommunicator	0x4f5d10,0x4f49e0
Ping=%s	0x5409a0
NAT=%d	0x5409a0
GUI:GSDisconReason%d	0x55a240,0x50aa52,0x506720,0x547160,0x5409a0
accept	0x4f5d10
Menus/WOLMapSelectMenu.wnd	0x4f5d10
KICK/	0x4f5d10
StartPos	0x689f00
GUI:PlayerNoMapWillTransfer	0x688cd0
GUI:NATNegotiationFailed	0x55a240,0x506720
GUI:HostLeft	0x53dfc0
%s-%s	0x4f9ce0
WOLCustomLobbyFade	0x4faf70,0x4fd9b0
WOLCustomLobby.wnd:GadgetParent	0x4fbbe0
WOLCustomLobby.wnd:ComboBoxGroupRooms	0x4fbbe0
WOLCustomLobby.wnd:ListboxChat	0x4fbbe0
WOLCustomLobby.wnd:ListboxPlayers	0x4fbbe0
WOLCustomLobby.wnd:TextEntryChat	0x4fbbe0
WOLCustomLobby.wnd:ButtonEmote	0x4fbbe0
WOLCustomLobby.wnd:ButtonBuddy	0x4fbbe0
WOLCustomLobby.wnd:ButtonJoin	0x4fbbe0
WOLCustomLobby.wnd:ButtonRefresh	0x4fbbe0
WOLCustomLobby.wnd:ButtonHost	0x4fbbe0
WOLCustomLobby.wnd:ButtonBack	0x4fbbe0
WOLCustomLobby.wnd:WOLLobbyMenuParent	0x4fbbe0,0x62d810
refresh	0x4fc510
GUI:NoGameSelected	0x53e870,0x4fc7c0
GUI:NoGameInfo	0x53e870,0x4fc7c0
GUI:JoinFailedDefault	0x53e870,0x4fc7c0,0x53dfc0
GUI:JoinFailedCRCMismatch	0x53e870,0x4fc7c0
GUI:JoinFailedRoomFull	0x53e870,0x4fc7c0
GUI:JoinFailedUnknownLadder	0x53e870,0x4fc7c0
Menus/WOLWelcomeMenu.wnd	0x4fc7c0,0x505b40,0x506720
WOLCustomLobby.wnd:ButtonGameListToggle	0x4fc7c0
GUI:JoinFailedBadPassword	0x53dfc0
PopupLocaleSelect.wnd:ListBoxLocaleSelect	0x4ff030
PopupLocaleSelect.wnd:ButtonOk	0x4ff030
PopupLocaleSelect.wnd:ParentLocaleSelect	0x4ff030
%02.2d	0x4ffb80
SawTOS	0x501b90
Lang\%s\TOS.txt	0x501b90
GUI:GSNoLoginInfoNickname	0x552c40,0x551060,0x551620,0x501b90
GUI:GSNoLoginInfoPassword	0x552c40,0x551060,0x551620,0x501b90
GUI:GSNoLoginInfoEmail	0x552c40,0x551060,0x551620,0x501b90
GUI:GSNoLoginInfoNicknamePassword	0x552c40,0x551060,0x551620,0x501b90
GUI:GSNoLoginInfoEmailPassword	0x552c40,0x551060,0x551620,0x501b90
GUI:GSNoLoginInfoEmailNickname	0x552c40,0x551060,0x551620,0x501b90
GUI:GSNoLoginInfoAll	0x552c40,0x551060,0x551620,0x501b90
\ergc	0x63e490,0x552c40,0x551060,0x551620,0x648e30,0x68c400,0x501b90,0x688770
GUI:AgeFailedTitle	0x501b90
GUI:AgeFailed	0x501b90
WOLMapSelectMenu.wnd:ButtonMapStartPosition%d	0x503fa0
WOLMapSelectMenu.wnd:RadioButtonUserMaps	0x503fa0
WOLMapSelectMenu.wnd:RadioButtonSystemMaps	0x503fa0
WOLMapSelectMenu.wnd:ButtonOK	0x503fa0
WOLMapSelectMenu.wnd:ButtonBack	0x503fa0
WOLMapSelectMenu.wnd:WOLMapSelectMenuParent	0x503fa0
WOLMessageWindow.wnd:ButtonCancel	0x504e10
WOLMessageWindow.wnd:WOLMessageWindowParent	0x504e10
WOLQMScoreScreen.wnd:ButtonQuickMatch	0x5050c0
WOLQMScoreScreen.wnd:ButtonDisconnect	0x5050c0
WOLQMScoreScreen.wnd:WOLQMScoreScreenParent	0x5050c0
WOLQuickMatchMenu.wnd:ParentStats	0x505830
WOLQuickMatchMenu.wnd:ButtonStop	0x505830
WOLQuickMatchMenu.wnd:ButtonWiden	0x505830
WOLQuickMatchMenu.wnd:ListboxQuickMatch	0x505830
WOLQuickMatchMenu.wnd:ParentProgress	0x505830
WOLQuickMatchMenu.wnd:ListBoxMapSelect	0x505830
WOLQuickMatchMenu.wnd:PersonalInfo	0x505830
WOLQuickMatchMenu.wnd:currentMatchingLevel	0x505830
WOLQuickMatchMenu.wnd:ButtonStart	0x505830
WOLQuickMatchMenu.wnd:ButtonBack	0x505830
WOLQuickMatchMenu.wnd:ComboBoxColor	0x505830
WOLQuickMatchMenu.wnd:ComboBoxSide	0x505830
WOLQuickMatchMenu.wnd:ComboBoxMaxDisconnects	0x505830
WOLQuickMatchMenu.wnd:ComboBoxLadder	0x505830
WOLQuickMatchMenu.wnd:ComboBoxNumPlayers	0x505830
WOLQuickMatchMenu.wnd:ComboBoxMaxPing	0x505830
WOLQuickMatchMenu.wnd:ParentOptions	0x505830
GUI:???	0x623e40,0x505db0
GUI:QMAborted	0x506230
QM:STARTINGGAME	0x517220
WOLQuickMatchMenuFade	0x5091f0
GUI:ANY	0x558a30,0x5091f0
GUI:TimeInMilliseconds	0x558a30,0x5091f0
GUI:Any	0x5091f0
GUI:PlayersVersusPlayers	0x5588e0,0x5091f0
CustomMatch_deselected	0x5091f0
CustomMatch_selected	0x5091f0
GUI:QuickMatchTitle	0x5091f0
WOLQuickMatchMenu.wnd:StaticTextTitle	0x5091f0
WOLQuickMatchMenu.wnd:ButtonBuddies	0x5091f0
F:\bfme\Code\gameengine\Source\GameClient\Gui\GUICallbacks\Menus\WOLQuickMatchMenu.cpp	0x509b30
WOLQuickMatchMenu.wnd:WOLQuickMatchMenuParent	0x50aa52
WOLStatusMenu.wnd:ListboxStatus	0x50ae10
WOLStatusMenu.wnd:ButtonDisconnect	0x50ae10
WOLStatusMenu.wnd:WOLStatusMenuParent	0x50ae10
GUI:PerSideWinPercentage	0x50b200
WOLWelcomeMenu.wnd:StaticTextGLAToday	0x50b440
WOLWelcomeMenu.wnd:StaticTextChinaToday	0x50b440
WOLWelcomeMenu.wnd:StaticTextUSAToday	0x50b440
WOLWelcomeMenu.wnd:StaticTextGLALastWeek	0x50b440
WOLWelcomeMenu.wnd:StaticTextChinaLastWeek	0x50b440
WOLWelcomeMenu.wnd:StaticTextUSALastWeek	0x50b440
SIDE:GLA	0x50b440
SIDE:China	0x50b440
SIDE:America	0x50b440
WOLWelcomeMenu.wnd	0x50b930
WOLWelcomeMenu.wnd:WOLWelcomeMenuParent	0x50b930,0x50c160
WOLWelcomeMenuFade	0x50c160
MOTD:NumPlayersHeading	0x50ba40
GUI:NumPlayersOnline	0x50ba40
WOLWelcomeMenu.wnd:StaticTextNumPlayersOnline	0x50ba40
WOLWelcomeMenu.wnd:ButtonMyInfo	0x50c160
WOLWelcomeMenu.wnd:ButtonBuddies	0x50c160
WOLWelcomeMenu.wnd:ButtonCustomMatch	0x50c160
WOLWelcomeMenu.wnd:ButtonQuickMatch	0x50c160
GUI:WOLWelcome	0x50c160
WOLWelcomeMenu.wnd:StaticTextTitle	0x50c160
WOLWelcomeMenu.wnd:StaticTextHighscoreRank	0x50c160
WOLWelcomeMenu.wnd:StaticTextHighscorePoints	0x50c160
WOLWelcomeMenu.wnd:StaticTextHighscoreLosses	0x50c160
WOLWelcomeMenu.wnd:StaticTextHighscoreWins	0x50c160
WOLWelcomeMenu.wnd:StaticTextDisconnects	0x50c160
WOLWelcomeMenu.wnd:StaticTextLadderRank	0x50c160
WOLWelcomeMenu.wnd:StaticTextLadderPoints	0x50c160
WOLWelcomeMenu.wnd:StaticTextLadderLosses	0x50c160
WOLWelcomeMenu.wnd:StaticTextLadderWins	0x50c160
WOLWelcomeMenu.wnd:StaticTextLastUpdated	0x50c160
WOLWelcomeMenu.wnd:StaticTextServerName	0x50c160
WOLWelcomeMenu.wnd:InfoListbox	0x50c160
WOLWelcomeMenu.wnd:ButtonOptions	0x50c160
WOLWelcomeMenu.wnd:ButtonBack	0x50c160
Menus/WOLQuickMatchMenu.wnd	0x50d030
GUI:QuickMatch800x600	0x50d030
BannerUI.apt	0x50d4f0,0x50d400,0x50d5b0,0x50d6c0
AddBanner	0x50d400
DeleteBanner	0x50d4f0
SetBannerState	0x50d5b0
_disabled	0x50d5b0
_waiting	0x50d5b0
_engaging	0x50d5b0
_available	0x50d5b0
SetBannerProgress	0x50d6c0
AptBannerUI::OnBttnBanner	0x50d7a0
AptBannerUI::OnInitialized	0x50d7a0
AptCampaignReview::InitGadgets	0x50e320,0x50dbd0
APT:SurvivedCaps	0x50dcf0
APT:VictoryCaps	0x50dcf0
APT:TotalVictoryCaps	0x50dcf0
APT:CmpgnRevResult	0x50dcf0
playerSideType	0x50e320
TotalCampaignScore	0x50e320
AptCampaignReview::Continue	0x50e320
HideKickButton	0x50f6d0,0x50eb00,0x50e650
ShowKickButton	0x50e650
DisconnectScreen::InitGadgets	0x50f990,0x50ea10
DisconnectScreen::VotesReceived%d	0x50eb00,0x50efb0
Network:PlayerLeftGame	0x50eb00,0x666300
DisconnectScreen::PlayerName%d	0x50f6d0,0x50eb00
SetBarPercent	0x50ed70
ChatEntry	0x53a710
ChatBox	0x515e60
 has left the game.	0x50f1a0
DisconnectScreen:PlayerColor:%d	0x50f990
AptDisconnectScreen::Chat::OnBttnEnterText	0x50f990
AptDisconnectScreen::Kick	0x50f990
AptDisconnectScreen::Quit	0x50f990
AptDisconnectScreen::OnInitialized	0x50f990
FileTransferPopUpClose	0x50fd90
SetBarTo	0x50ffc0
FileTransfer::Status%d	0x5104c0,0x50ffc0
APT:FileTransferLoadingTime	0x510130
APT:FileTransferLoadingMapName	0x510320
GUI:Status	0x5104c0
APT:FileTransferLoadingStatus	0x5104c0
GUI:Progress	0x5104c0
APT:FileTransferLoadingProgress	0x5104c0
GUI:PlayerName	0x5104c0
APT:FileTransferLoadingPlayerName	0x5104c0
FileTransfer:PlayerColor:%d	0x5104c0
FileTransfer::PlayerName%d	0x5104c0
FileTransferPopUpOpen	0x5104c0
HideToolTip	0x510c10
MoveToolTip	0x510c70
ShowToolTip	0x510dc0
ToolTipText	0x510fa0
AptGuiFX::OnInitialized	0x510fa0
DisableAddButton	0x5143d0,0x514560,0x5147f0
EnableAddButton	0x5147f0
DisableRemoveButton	0x5143d0,0x514560,0x5147f0
EnableRemoveButton	0x5147f0
DisableSendButton	0x511340
EnableSendButton	0x511340
DisableChatEntryField	0x511340
EnableChatEntryField	0x511340
APT:InGameChatReceivers	0x511cc0
Chat:Buddies	0x511cc0
Chat:Players	0x511cc0
Chat:Allies	0x511cc0
Chat:Observers	0x511cc0
Chat:Everyone	0x511cc0
AptInGameChat::InitGadgets	0x511f50,0x5160e0
addFriend	0x52d8f0
CallChild	0x55a240,0x539110,0x53fc00,0x53e870,0x5533f0,0x552c40,0x551620,0x537ab0,0x537cc0,0x54fb10,0x52d8f0,0x54cc82,0x53dfc0,0x5406e0,0x52cda0,0x5409a0
removeFriend	0x52d8f0
CloseChat	0x512670
APT:TeamChat	0x514000
APT:GlobalChat	0x514000
APT:SelfChat	0x514000
Unknown	0x514000,0xae6855
RemoveFriendEntry	0x515e60
AddFriendEntry	0x515e60
FriendsList	0x515e60
InGameChatEntry	0x515e60
ScreenType	0x5160e0
AptInGameChat::OnBttnRemoveFriend	0x5160e0
AptInGameChat::OnBttnAddFriend	0x5160e0
AptInGameChat::Send	0x5160e0
AptInGameChat::Close	0x5160e0
AptInGameChat::OnClosed	0x5160e0
AptInGameChat::OnInitialized	0x5160e0
EnableJoinGame	0x519bb0,0x516850,0x516a80,0x516710
EnableCreateGame	0x516710
DisableJoinGame	0x516850,0x5167b0
DisableCreateGame	0x5167b0
CancelGame	0x5173c0
Unknown state	0x517720
APT:VeryHighResourcesNum	0x53a710,0x5187f0
APT:HighResourcesNum	0x53a710,0x5187f0
APT:MediumResourcesNum	0x53a710,0x5187f0
APT:LowResourcesNum	0x53a710,0x5187f0
APT:VeryLowResourcesNum	0x53a710,0x5187f0
LanLobby::StartingResources	0x5187f0
LanLobby::NameEntry	0x5187f0
LanLobby::ChatEntry	0x5187f0
LanLobby::GameInfo	0x5187f0
LanLobby::Chat	0x5187f0
LanLobby::CustomPlayerList	0x5187f0
LanLobby::CustomGamesList	0x5187f0
AptLanLobby::InitGadgets	0x5199a0,0x519f90
APT:Network	0x519f90
APT:OnlineOrNetwork	0x519f90,0x57da50,0x55d150
AptLanLobby::Options	0x519f90
AptLanLobby::Chat::OnBttnEnterText	0x519f90
AptLanLobby::JoinGameButtonPressed	0x519f90
AptLanLobby::CreateGame	0x519f90
AptLanLobby::StartGame	0x519f90
AptLanLobby::Exit	0x519f90
AptLanLobby::Cancel	0x519f90
AptLanLobby::OnInitialized	0x519f90
HostGame	0x51a5d0
JoinGame	0x51a640
APT:LivingWorldRegionName%d	0x51a850
APT:LivingWorldRegionBonus%d	0x51a8f0
APT:LivingWorldRegionConquered%d	0x51a990
APT:LivingWorldRegionConqueredBonus%d	0x51aaa0
AptLivingWorldUI::OnRegionConqueredNoticeClosed	0x51ab40
AptLivingWorldUI::OnReleaseRegionBttn	0x51ab40
AptLivingWorldUI::OnPressRegionBttn	0x51ab40
AptLivingWorldUI::OnRollOutRegionBttn	0x51ab40
AptLivingWorldUI::OnRollOverRegionBttn	0x51ab40
AptLivingWorldUI::OnRegionPopupClosed	0x51ab40
AptLivingWorldUI::OnRegionPopupOpen	0x51ab40
AptLivingWorldUI::OnInitialized	0x51ab40
CreateRegionPopup	0x51afb0
DestroyRegionPopup	0x51b050
CloseRegionPopup	0x51b0c0
_down	0x8bf100
_unused	0x564e10,0x564390
SetRegionPopupButtonState	0x51b130
MoveRegionPopup	0x51b1a0
CreateRegionConqueredNotice	0x51b270
RegionConqueredNoticeGood	0x51b270
RegionConqueredNoticeEvil	0x51b270
DestroyRegionConqueredNotice	0x51b2f0
CloseRegionConqueredNotice	0x51b360
MoveRegionConqueredNotice	0x51b3d0
MainMenuToSubMenu	0x51b7e0,0x51d590,0x51d690
GUI:Level	0x51bf30,0x51b7e0
GameLoadingType	0x51bf30,0x51b7e0
UIClip/Fellowship/%d	0x51b7e0,0x51c2d0
UIClip/Level/%d	0x51b7e0,0x51c2d0
GameLoading:PlayerColor:%d	0x51bf30,0x51b7e0
TOOLTIP:LadderRankUnavailable	0x51ba90,0x539020,0x52deb0,0x5462e0
Shell2Music	0x51d590,0x573000
GUI:Rank	0x51bf30
AptRankIcon0	0x57a470,0x51c2d0
LoadingScreen::ArmyName%d	0x51c2d0
Team:0	0x51c2d0,0x6239c0,0x5268f0
LoadingScreen::TeamNumber%d	0x51c2d0
LoadingScreen::PlayerName%d	0x51c2d0
LoadingScreen::Rank%d	0x51c2d0
Aptfellowship_clup	0x51c2d0,0x530550
Image	0x51f3a0
HideCredits	0x51e700
StartMultiplayerNav	0x51db30
FirewallMessageOpen	0x51db30
GUI:FirewallPopUpTitle	0x51db30
APT:FirewallPopUpTitle	0x51db30
GUI:FirewallPopUpMessage	0x51db30
APT:FirewallPopUpMessage	0x51db30
FlashTutorial	0x51f3a0
MainMenuToBattleSchool	0x51de00
ShowMainMenu	0x51e700
EscapeKeyPressed	0x51e700,0x52cda0
CreditsMenu	0x51ed80
TimesInGame	0x51f3a0
GUI:Command&ConquerGenerals	0x51f3a0
AptMainMenu::RenderCredits	0x51f3a0
BlinkBattleSchoolOff	0x51f3a0
MainMenuContinueCampaign	0x51f3a0
MainMenuLevel	0x51f3a0
AptMainMenu::StopGameMovie	0x51f3a0
AptMainMenu::TutorialExit	0x51f3a0
AptMainMenu::BattleSchool	0x51f3a0
AptMainMenu::CancelFireWallButton	0x51f3a0
AptMainMenu::AcceptFireWallButton	0x51f3a0
AptMainMenu::MultiplayerButtonPressed	0x51f3a0
AptMainMenu::OnlineButtonPressed	0x51f3a0
AptMainMenu::LAN	0x51f3a0
AptMainMenu::LevelSelect	0x51f3a0
AptMainMenu::LoadReplay	0x51f3a0
AptMainMenu::LoadGame	0x51f3a0
AptMainMenu::Tutorial	0x51f3a0
AptMainMenu::ExitGame	0x51f3a0
AptMainMenu::CreditsExit	0x51f3a0
AptMainMenu::Credits	0x51f3a0
AptMainMenu::Options	0x51f3a0
AptMainMenu::Skirmish	0x51f3a0
AptMainMenu::LoadCampaign	0x51f3a0
AptMainMenu::ContinueCampaign	0x51f3a0
AptMainMenu::EvilCampaign	0x51f3a0
AptMainMenu::GoodCampaign	0x51f3a0
AptMainMenu::OnInitialized	0x51f3a0
LogoWithShadow	0x51f3a0
AptMapPreview::MapGadgetInit	0x521ae0,0x5207c0
AptMapPreview::Picture	0x521ae0,0x5207c0
_pic.tga	0x520bb0
ScrollShroud	0x57da50,0x557c00,0x5484e0,0x6c3500,0x521390
ChangeMessageBox	0x521c50
HideMessageBox	0x521c50
NonInteractive	0x521c50
OkCancel	0x521c50
ShowMessageBox	0x521c50
YesNo	0x521c50
APT:MessageBoxGenericText	0x522990,0x522110
APT:MessageBoxGenericTitle	0x522990,0x522110
AptGuiFX::MessageBoxHidden	0x522e00
AptGuiFX::MessageBoxHiding	0x522e00
AptGuiFX::MessageBoxShown	0x522e00
AptGuiFX::MessageBoxShowing	0x522e00
AptGuiFX::MessageBoxNo	0x522e00
AptGuiFX::MessageBoxYes	0x522e00
AptGuiFX::MessageBoxCancel	0x522e00
AptGuiFX::MessageBoxOk	0x522e00
MpGameSetup::GadgetInit	0x527050,0x5249b0
Apt:PlayerMadeMaps	0x525210
Apt:OfficialMaps	0x525210
Apt:HeadToHead	0x525350
ReadyButton	0x525ab0
MpGameSetup::MapType	0x525ab0
MpGameSetup::GameType	0x525ab0
MapList	0x525ab0
LAN:NoMapSelected	0x527930
APT:ConnectingTitle	0x527930
GUI:CouldNotTransferMap	0x639950,0x527930
LAN:GameStartTimerPlural	0x689050,0x5280a0
LAN:GameStartTimerSingular	0x689050,0x5280a0
LAN:HostCanceledGameBecausePlayerLeave	0x5280a0
LAN:HostCanceledGame	0x5280a0
AptWhiteBox	0x558be0,0x5284f0
AptRandomColor	0x5284f0
UseScenarioMaps	0x529ec0
AptDifficultyHardGlowConquered	0x52a2e0
AptDifficultyHardConquered	0x52a2e0
AptDifficultyMedConquered	0x52a2e0
AptDifficultyEasyConquered	0x52a2e0
AptDifficultyNotConquered	0x52a2e0
InSkirmish	0x52c660
NumOfPlayers	0x578160,0x52c660
PlayerTable:%d:%d	0x5711e0,0x52b540
AptPlayerStatus::InitGadgets	0x52bec0,0x52c660
ScoreScreen:PlayerColor:%d	0x578160,0x52c660
Status	0x52c660
Objective%d	0x52c660
AptPlayerStatus::ReturnToGame	0x52c660
AptPlayerStatus::OnInitialized	0x52c660
AptObjectivesMenu::ReturnToGame	0x52c660
AptObjectivesMenu::OnInitialized	0x52c660
AptOnlineChat::InitGadgets	0x536dc0,0x52d7c0
removeIgnore	0x52d8f0
addIgnore	0x52d8f0
TOOLTIP:ChatPlayerInfo	0x5307b0
APT:Gondor	0x5307b0
refresh	0x536530
APT:NULL	0x578160,0x536dc0,0x545310
AptOnline::Chat::OnBttnRemoveIgnore	0x536dc0
AptOnline::OnlineChat::OnBttnPlayerList	0x536dc0
AptOnline::OnlineChat::OnBttnIgnoreList	0x536dc0
AptOnline::OnlineChat::OnBttnFriendList	0x536dc0
AptOnline::OnlineChat::OnBttnAddIgnore	0x536dc0
AptOnline::OnlineChat::OnBttnAddFriend	0x536dc0
AptOnline::OnlineChat::OnBttnEnterText	0x536dc0
AptOnline::OnlineChat::OnBttnAccept	0x536dc0
AptOnline::OnlineChat::OnBttnCancel	0x536dc0
AptOnline::OnlineChat::QuickMatch	0x536dc0
OnlineCustomMatch/Host_Gadget/Host/Pings/%d	0x538530
OnlineCustomMatch/Join_Gadget/Join/Pings/%d	0x538530
ClosePassword	0x537ab0,0x53dfc0,0x5406e0,0x5409a0
DisableButtonPlayGame	0x537cc0,0x5409a0
EnableButtonPlayGame	0x537cc0
APT:ConnectingPlayer%dName	0x5383f0
APT:ConnectingPlayer%dStatus	0x538490
SecondarySort	0x538ce0,0x545310
PrimarySort	0x538ce0,0x545310
AptOnlineCustomMatch::InitGadgets	0x538e40,0x545310
PopUpConnectingClose	0x539110
PopUpConnectingOpen	0x539110
StartingResources	0x53a710
GameType	0x53a710
GamePassword	0x53a710
GameName	0x53a710
GameInfo	0x53a710
Lobbies	0x53a710
GameList	0x53a710
PreferedGamePassword	0x53b980,0x53e390
PreferedGameName	0x53b980,0x53e390
EnterPassword	0x53e870
DisableButtonJoinGame	0x53fc00,0x5406e0
EnableButtonJoinGame	0x53fc00
EnableButtonCreateGame	0x5406e0
gotoAndPlay	0x5406e0,0x5409a0
_lobby	0x5406e0
AptLock	0x5406e0,0x68ebf0
_join	0x5409a0
_host	0x5409a0
LadderRank2v2=%d	0x5409a0
LadderRank1v1=%d	0x5409a0
AptOnline::CustomMatch::SortPing	0x545310
AptOnline::CustomMatch::SortNumPlayers	0x545310
AptOnline::CustomMatch::SortGameType	0x545310
AptOnline::CustomMatch::SortName	0x545310
AptOnline::CustomMatch::CancelPopUpHost	0x545310
AptOnline::CustomMatch::CancelPopUpCreate	0x545310
AptOnline::OnOpenCreateDialog	0x545310
AptOnline::CustomMatch::Refresh	0x545310
AptOnline::CustomMatch::Cancel	0x545310
AptOnline::CustomMatch::PlayGame	0x545310
AptOnline::CustomMatch::ChatEnter	0x545310
AptOnline::CustomMatch::AcceptJoinGame	0x545310
AptOnline::CustomMatch::JoinGame	0x545310
AptOnline::CustomMatch::CreateGame	0x545310
AptOnline::CustomMatch::CancelPopUpJoin	0x545310
OnlineHome/instance101/factionImageD	0x5484e0
OnlineHome/instance101/factionImageC	0x5484e0
OnlineHome/instance101/factionImageB	0x5484e0
OnlineHome/instance101/factionImageA	0x5484e0
OnlineHome/Gadgets/ImageLevelIconMain	0x5484e0,0x547730,0x545ff0
OnlineHome/Gadgets/Image	0x5484e0,0x545ff0
AptOnlineHome::InitGadgets	0x5484e0,0x545ff0
OnlineShell/OnlineHome/tooltipPlayerLevelIcon	0x5484e0,0x545ff0
APT:CurrentTime	0x546170
APT:CurrentDate	0x546170
IEXPLORE.EXE	0x54d080,0x54cf80,0x5463d0
URL:LotrLadder	0x5463d0
APT:CurrentLevelStringFormat	0x554510,0x566b10,0x546e00
APT:PlayersOnlineNum	0x5484e0,0x547160
APT:GamesInProgressNum	0x5484e0,0x547160
OnlineHome::MessageOfTheDay	0x5476c0
APT:MordorPercentNum	0x547730
APT:IsengardPercentNum	0x547730
APT:RohanPercentNum	0x547730
APT:GondorPercentNum	0x547730
%d%s%02d%%	0x547730
APT:TimeZone	0x547730
APT:ClanType	0x547730
APT:LadderType	0x547730
In Progress	0x554aa0,0x547730
APT:CareerWinLossNum	0x547730
APT:BestWinStreakNum	0x5674f0,0x547730
APT:CurrentWinStreakNum	0x5674f0,0x547730
APT:SideType	0x547730
Apt:RohanCaps	0x547730
Apt:MordorCaps	0x547730
Apt:IsengardCaps	0x547730
Apt:GondorCaps	0x547730
APT:CurrentLevelNum	0x547730
APT:CurrentLevelNumFormat	0x57a470,0x579c30,0x554aa0,0x547730
APT:PlayerHistory	0x547730
APT:RankNum2	0x547730
APT:RankNum	0x547730
ShowOnlineHomeMovies	0x5484e0
AptOnline::OnlineHome::OnOpened	0x5484e0
AptOnline::OnlineHome::OfficialSite	0x5484e0
AptIconMordor	0x5484e0
AptIconRohan	0x5484e0
AptIconIsengard	0x5484e0
AptIconGondor	0x5484e0
AptOnlineLogin::InitGadgets	0x5538a0,0x54cb60
EnableButtonServiceTerms	0x54fb10,0x54cc82
EnableButtonLogin	0x54fb10,0x54cc82
EnableButtonCreate	0x54cc82
EnableButtonDeleteNickname	0x54fb10,0x54cc82
GUI:EREGError	0x54cc82
\SUPPORT\EREG.EXE	0x54cc82
InstallPath	0x54cc82
DisableButtonServiceTerms	0x551620,0x54cc82
DisableButtonLogin	0x552c40,0x551620,0x54fb10,0x54cc82
DisableButtonCreate	0x54cc82
DisableButtonDeleteNickname	0x552c40,0x551620,0x54fb10,0x54cc82
URL:LotrHome	0x54cf80
URL:LotrTOS	0x54d080
Registered	0x54da10
DisableButtonRegister	0x54fb10
GlowButtonRegister	0x54fb10
EnableButtonRegister	0x54fb10
United States	0x5506f0
english	0x5506f0
OnlineHome	0x55d030,0x550ad0
01/01/1970	0x550ad0
GUI:SureDeleteNickname	0x552c40
DoCloseLocale	0x5533f0
AptOnline::Login::OfficialSite	0x5538a0
AptOnline::Login::CancelLogin	0x5538a0
AptOnline::Login::AcceptLocale	0x5538a0
AptOnline::Login::ServiceTerms	0x5538a0
AptOnline::Login::Register	0x5538a0
AptOnline::Login::DeleteNickname	0x5538a0
AptOnline::Login::Login	0x5538a0
OnlineProfile/componentImages/ImageLevelIconD	0x553ee0,0x557c00,0x554aa0
OnlineProfile/componentImages/ImageLevelIconC	0x553ee0,0x557c00,0x554aa0
OnlineProfile/componentImages/ImageLevelIconB	0x553ee0,0x557c00,0x554aa0
OnlineProfile/componentImages/ImageLevelIconA	0x553ee0,0x557c00,0x554aa0
OnlineProfile/componentImages/ImageD	0x553ee0,0x557c00
OnlineProfile/componentImages/ImageC	0x553ee0,0x557c00
OnlineProfile/componentImages/ImageB	0x553ee0,0x557c00
OnlineProfile/componentImages/ImageA	0x553ee0,0x557c00
OnlineShell/OnlineProfile/tooltipPlayerLevelIconMordor	0x553ee0,0x557c00,0x554510
OnlineShell/OnlineProfile/tooltipPlayerLevelIconIsengard	0x553ee0,0x557c00,0x554510
OnlineShell/OnlineProfile/tooltipPlayerLevelIconRohan	0x553ee0,0x557c00,0x554510
OnlineShell/OnlineProfile/tooltipPlayerLevelIconGondor	0x553ee0,0x557c00,0x554510
Apt:Mordor	0x554aa0,0x554510
Apt:Isengard	0x554aa0,0x554510
Apt:Rohan	0x554aa0,0x554510
Apt:Gondor	0x554aa0,0x554510
APT:BestWinStreakDNum	0x554aa0,0x5674f0
APT:BestWinStreakCNum	0x554aa0,0x5674f0
APT:BestWinStreakBNum	0x554aa0,0x5674f0
APT:BestWinStreakANum	0x554aa0,0x5674f0
APT:CurrentStreakDNum	0x554aa0,0x5674f0
APT:CurrentStreakD	0x554aa0,0x5674f0
APT:CurrentStreakCNum	0x554aa0,0x5674f0
APT:CurrentStreakC	0x554aa0,0x5674f0
APT:CurrentStreakBNum	0x554aa0,0x5674f0
APT:CurrentStreakB	0x554aa0,0x5674f0
APT:CurrentStreakANum	0x554aa0,0x5674f0
APT:CurrentStreakA	0x554aa0,0x5674f0
APT:CurrentStreakStrFormat	0x554aa0,0x5674f0
APT:LossesDNum	0x554aa0,0x5674f0
APT:LossesCNum	0x554aa0,0x5674f0
APT:LossesBNum	0x554aa0,0x5674f0
APT:LossesANum	0x554aa0,0x5674f0
APT:WinsDNum	0x554aa0,0x5674f0
APT:WinsCNum	0x554aa0,0x5674f0
APT:WinsBNum	0x554aa0,0x5674f0
APT:WinsANum	0x554aa0,0x5674f0
APT:NextLevelD	0x57c340,0x554aa0
APT:NextLevelC	0x57c340,0x554aa0
APT:NextLevelB	0x57c340,0x554aa0
APT:NextLevelA	0x57c340,0x554aa0
APT:NextLevelNumFormat	0x579c30,0x554aa0
APT:NextLevelNumFormatForOnePoint	0x579c30,0x554aa0
APT:CurrentLevelD	0x57c340,0x554aa0
APT:CurrentLevelC	0x57c340,0x554aa0
APT:CurrentLevelB	0x57c340,0x554aa0
APT:CurrentLevelA	0x57c340,0x554aa0
APT:CareerDisconnectsNum	0x554aa0
APT:HighestRankBNum	0x554aa0
APT:HighestRankANum	0x554aa0
APT:CareerLadderGames2vs2Num	0x554aa0
APT:CareerLadderGames1vs1Num	0x554aa0
APT:FavoriteSideNum	0x554aa0,0x5674f0
APT:WorstLossStreakNum	0x554aa0,0x5674f0
APT:CurrentLossStreakProfileNum	0x554aa0
APT:BestWinStreakProfileNum	0x554aa0
APT:CurrentWinStreakProfileNum	0x554aa0
APT:OverallCareerLossesNum	0x554aa0,0x5674f0
APT:OverallCareerWinsNum	0x554aa0,0x5674f0
APT:PlayerNameNum	0x57a470,0x554aa0,0x5674f0
APT:ProfileCreatedNum	0x554aa0,0x5674f0
%d/%d/%d	0x6583f0,0x554aa0
Apt:Loss	0x554aa0,0x5674f0
Apt:Win	0x554aa0,0x5674f0
LevelBarD	0x57da50,0x557c00
LevelBarC	0x57da50,0x557c00
LevelBarB	0x57da50,0x557c00
LevelBarA	0x57da50,0x557c00
AptMordorImage	0x57da50,0x557c00
AptIsengardImage	0x57da50,0x557c00
AptRohanImage	0x57da50,0x557c00
AptGondorImage	0x57da50,0x557c00
AptOnlineQuickMatch::InitGadgets	0x559400,0x5587f0
AptOnline::OnlineQuickMatch::OnFoundMovieDone	0x559400
AptOnline::OnlineQuickMatch::StartSimple	0x559400
AptOnline::OnlineQuickMatch::WidenSearch	0x559400
AptOnline::OnlineQuickMatch::Cancel	0x559400
AptOnline::OnlineQuickMatch::PlayGame	0x559400
AptCustomMatchUnselected	0x559400
AptCustomMatchSelected	0x559400
CloseFoundAndReset	0x55a240
F:\bfme\Code\gameengine\Source\GameClient\Gui\GUICallbacks\Apt\AptOnlineQuickMatch.cpp	0x55b200
OnlineLogin	0x55d030,0x55d150
ChatMessageClose	0x55be40
ChatMessageOpen	0x55c480
APT:ChatFriendLogInMessage	0x55c480
AptPing01	0x55d150
AptPing02	0x55d150
AptPing03	0x55d150
APT:Online	0x55d150
OnlineAdvMode	0x55d150
OnlineShellStartScreen	0x55d150
AptOnline::ShellExit	0x55d150
AptOnline::Options	0x55d150
AptOnline::ShellUnloadScreen	0x55d150
AptOnline::ShellLoadScreen	0x55d150
AptOnline::OnInitialized	0x55d150
APT:LogoffConfirmationMsg	0x55d7f0
APT:LogoffConfirmationTitle	0x55d7f0
assignOpen	0x55dba0,0x55dc00
advanced	0x55dba0
online	0x55dc00
AptOptions::InitGadgets	0x55e320,0x563370
VolumeSampleMovie	0x55f290
VolumeSampleAmbient	0x55f290
VolumeSampleVoice	0x55f290
VolumeSampleSoundFX	0x55f290
VolumeSampleMusic	0x55f290
APT:Warning	0x55f290
APT:DetailTooHigh	0x55f290
DoOpenPopMessage	0x55f290
Eax3NotSupported	0x55f290
APT:VersionNum	0x563370
AptOptions::RefreshNat	0x563370
AptOptions::Cancel	0x563370
AptOptions::Reset	0x563370
AptOptions::Save	0x563370
AptOptions::OnInitialized	0x563370
PalantirPlayerSide	0x565f30
Spell	0x5639e0
HideAlert	0x563d10
ShowAlert	0x563d10
ShowCommandInterface	0x563da0
HideCommandInterface	0x563dd0
ShowRankInterface	0x563e00
HideRankInterface	0x563e30
ShowRankProgress	0x563e60
HideRankProgress	0x563e90
SetRankProgressBar	0x563ec0
ShowCostModifierUpgradeInterface	0x563f50
HideCostModifierUpgradeInterface	0x563f80
ShowHeroSelectInterface	0x564010
SetCommandButtonState	0x564080
SetCommandButtonFlashEffectState	0x5640d0
_hide	0x5640d0,0x564180,0x564230,0x564400,0x564470,0x564c70,0x564e70,0x564f30,0x564f60
_show	0x5640d0,0x564130,0x564230,0x564400,0x564470,0x564c70,0x564e40,0x564f00,0x564f60
SetCommandButtonAutoAbilityState	0x564180,0x564130
SetSpellButtonState	0x599240,0x5641d0
SetSpellButtonFlashEffectState	0x564230
FlashSpellButton	0x5642a0
EnablePlayerMagicButton	0x5642f0
HighlightPlayerMagicButton	0x564340
SetHeroSelectButtonState	0x564390
SetHeroSelectButtonSelectedHighlightState	0x564400
SetHeroSelectButtonFlashEffectState	0x564470
SetHeroSelectButtonHealthBar	0x5644e0
SetHeroSelectButtonRankProgress	0x564560
PlayHeroSelectButtonAttackedEffect	0x5645e0
PlayHeroSelectButtonLevelUpEffect	0x564630
KillHeroSelectButtonEffects	0x564680
HideScroll	0x564700
SetPlayerButtonsState	0x564750
_evenstar	0x564750,0x564b00
_ring	0x564750,0x564b00
SetPlayerMagicProgress	0x5647a0
BrightenJewel	0x565100
HideSpellBook	0x5648e0
PlayCommandPointEffect	0x564910
PlayPlayerSpellPointEffect	0x564940
PlayPlayerLevelUpEffect	0x564970
ShowHelpBox	0x5649a0
HideHelpBox	0x564a10
SampleHelpBoxTextWidth	0x564a40
MoveHelpBox	0x564a70
SetPalantirFrameState	0x564ac0
SetPlayerPowerCapState	0x564b00
FadeOutRadarPing	0x564b50
MoveRadarPing	0x564bb0
SetResourceIconState	0x564c70
CreateRegionPortrait	0x564cc0
DestroyRegionPortrait	0x564d20
CloseRegionPortrait	0x564d80
SetSelectAllHeroesButtonState	0x564de0,0x564e10
SetMovieButtonState	0x564e40,0x564e70
FadePalantirButtons	0x564ea0,0x564ed0
SetObserverStuffState	0x564f00,0x564f30
FlashObjectivesButton	0x564f60
Close	0x599020,0x565070
APT:PalantirCommand%dProductionCount	0x565450
CommandButtons/Command	0x565560
APT:PalantirResources	0x565620
APT:HeroRank	0x594740,0x565720
APT:PlayerRank	0x565860
APT:PalantirCommandPoints	0x565940
APT:PalantirResourceMultiplier	0x565a80
APT:PlayerPowerCap	0x565bb0
CreateRadarPing	0x565c90
SetPlayerFaction	0x565d00
CreateButtonFlash	0x565d50
DeleteButtonFlash	0x565da0
MoveButtonFlash	0x565df0
ShowButtonFlash	0x565e90
AptPalantir::RenderGlobe	0x565f30
AptPalantir::RenderMovie	0x565f30
AptPalantir::ClipRadar	0x565f30
AptPalantir::RenderRadarViewBox	0x565f30
AptPalantir::RenderRadar	0x565f30
AptPalantir::OnRegionPortraitClosed	0x565f30
AptPalantir::OnSpellBookUIShown	0x565f30
AptPalantir::OnBttnHeroSelect	0x565f30
AptPalantir::OnBttnOptions	0x565f30
AptPalantir::OnBttnSpellStore	0x565f30
AptPalantir::OnBttnSpell	0x565f30
AptPalantir::OnBttnSkillUpgrade	0x565f30
AptPalantir::OnRollOverBttnCommand	0x565f30
AptPalantir::OnBttnCommand	0x565f30
AptPalantir::OnBttnAlert	0x565f30
AptPalantir::OnClosed	0x565f30
AptPalantir::OnInitialized	0x565f30
Skirmish/tooltipPlayerLevelIconMordor	0x5668c0,0x566b10,0x566ec0
Skirmish/tooltipPlayerLevelIconIsengard	0x5668c0,0x566b10,0x566ec0
Skirmish/tooltipPlayerLevelIconRohan	0x5668c0,0x566b10,0x566ec0
Skirmish/tooltipPlayerLevelIconGondor	0x5668c0,0x566b10,0x566ec0
APT:TotalGamesPlayedNum	0x5674f0
HasFocus	0x56a2f0
disableButton	0x56abe0
APT:Pause	0x56a2f0,0x569720
GUI:Menu	0x56a2f0
AptQuitMenu::LoadMenu	0x56a2f0
AptQuitMenu::SaveMenu	0x56a2f0
AptQuitMenu::ReturnToGame	0x56a2f0
AptQuitMenu::OptionsScreen	0x56a2f0
AptQuitMenu::ExitMission	0x56a2f0
AptQuitMenu::RestartMission	0x56a2f0
AptQuitMenu::OnInitialized	0x56a2f0
GameTypes	0x56e230
SaveLoadMode	0x56e230
enableButton	0x56abe0
Delete	0x56abe0
GUI:GameSaved	0x56d070
APT:SaveGameProgress	0x56d070
APT:ReplaySaveErrorMessageBox	0x56d070
APT:ReplaySaveCompleteMessageBox	0x56d070
GUI:ReplaySaveError	0x56d070
GUI:ReplaySaveComplete	0x56d070
APT:SaveFileDiskFull	0x56db70
AptSaveLoad::InitGadgets	0x56e980,0x56e230
AptSaveLoad::ConfirmationCancel	0x56e980
AptSaveLoad::ConfirmationOk	0x56e980
AptSaveLoad::SelectReplay	0x56e980
AptSaveLoad::SelectSkirmish	0x56e980
AptSaveLoad::SelectCampaign	0x56e980
AptSaveLoad::Back	0x56e980
AptSaveLoad::Delete	0x56e980
AptSaveLoad::Save	0x56e980
AptSaveLoad::Load	0x56e980
AptSaveLoad::OnClosed	0x56e980
AptSaveLoad::OnInitialized	0x56e980
GUI:NewSaveReplayFile	0x56f1f0
ShowSaveReplay	0x578160
APT:ScoreRegionBonus%d	0x571280,0x575b70
APT:PointsTerritoryBonus%c%d	0x573c20
AptScoreScreen::InitGadgets	0x578160,0x575050
SubMenus/TerritoryBonus/TerritoryMap/TerritoryMap/Picture/Image	0x575b70
Result/Infos/ScoreMap/Picture/Image	0x575b70
LW:RegionBonusResource	0x593a30,0x575b70
LW:RegionLegendaryBonus	0x593a30,0x575b70
LW:RegionBonusArmy	0x593a30,0x575b70
APT:ScoreMapName	0x575b70
APT:UnitPointsIncrement	0x575b70
APT:HeroPointsIncrement	0x575b70
SubMenus/HeroVeterancy/HeroSelection/HeroSelection%d/icon/Image	0x575b70
APT:objective%d	0x575b70
ScoreScreenMusic	0x5774e0
heroVetUpgrade%d	0x578160
objectiveChecked%d	0x578160
battleStat%c%d	0x578160
ScoreTerritoryBonus	0x578160
ScoreUnitVeterancy	0x578160
ScoreHeroVeterancy	0x578160
ScoreBonusObjectives	0x578160
ScoreBattleStat	0x578160
Separator%d	0x578160
ScoreScreen:PlayerFaction:%d	0x578160
AptScoreScreen::RenameCancel	0x578160
AptScoreScreen::RenameAccept	0x578160
AptScoreScreen::RestartGame	0x578160
AptScoreScreen::Continue	0x578160
AptScoreScreen::Save	0x578160
AptScoreScreen::Exit	0x578160
AptScoreScreen::OnInitialized	0x578160
imgContainer/ImageLevelIconD	0x57da50,0x57c340
imgContainer/ImageLevelIconC	0x57da50,0x57c340
imgContainer/ImageLevelIconB	0x57da50,0x57c340
imgContainer/ImageLevelIconA	0x57da50,0x57c340
CreateComponents/ImageLevelIconMain	0x57a470,0x57da50
imgContainer/ImageD	0x57da50
imgContainer/ImageC	0x57da50
imgContainer/ImageB	0x57da50
imgContainer/ImageA	0x57da50
AptSkirmish::InitGadgets	0x579480,0x57da50
Skirmish/tooltipPlayerLevelIcon	0x579480,0x57da50
APT:NoNextLevel	0x579c30
SetProgressBar	0x57a470
APT:WinsNumFormat	0x57a470
APT:WinsNumFormatForOnePoint	0x57a470
ShowSkirmishMovie	0x57a470
APT:MordorCaps	0x57a470
APT:IsengardCaps	0x57a470
APT:RohanCaps	0x57a470
APT:GondorCaps	0x57a470
APT:CurrentLevelFormat	0x57a470
APT:NextWinsNumber	0x57a470
APT:CurFactionNameStr	0x57a470
APT:TotalTimePlayedNum	0x57a470
APT:BestWinStreakNumA	0x57a470
APT:CurrentWinStreakNumA	0x57a470
APT:TotalCareerGamesNum	0x57a470
APT:TotalCareerLossesNum	0x57a470
APT:TotalCareerWinsNum	0x57a470
APT:SkirmishProfileCreatedNum	0x57a470
APT:DashDash	0x57a470
APT:DeleteProfile	0x57cac0
APT:NewProfile	0x57cac0
PopUpControl	0x57d350,0x57ce00,0x57d600
close	0x87b9c0,0x57d350,0x57ce00,0x57d600
Skirmish::PlayerProfile	0x57cf30
Skirmish::CreatePersonaEntry	0x57cf30
Skirmish::GameInfo	0x57cf30
PopUpPersona	0x57d350,0x57edb0
ErrorSameName	0x57d600
APT:Skirmish	0x57da50
LevelBarCurrent	0x57da50
AptSkirmish::Skirmish::PersonaOk	0x57da50
AptSkirmish::Skirmish::PersonaRemove	0x57da50
AptSkirmish::Skirmish::PersonaAccept	0x57da50
AptSkirmish::Skirmish::PersonaCancel	0x57da50
AptSkirmish::SkirmishProfile	0x57da50
AptSkirmish::Profile	0x57da50
AptSkirmish::StartGame	0x57da50
AptSkirmish::Back	0x57da50
AptSkirmish::Exit	0x57da50
AptSkirmish::OnClosed	0x57da50
AptSkirmish::OnInitialized	0x57da50
ButtonReset	0x57edb0
CloseMain	0x57edb0
OpenDefault	0x57edb0
Menus/PopupReplay.wnd	0x57fec0
Menus/LanLobbyMenu.wnd	0x580150
BANNERUI:SummaryTitle	0x583680
%d%s%02d	0x583680
APT:BannerTimer%d	0x583680,0x584330
BannerUI/~Location%d/Banner/Background	0x583ff0,0x5849a0
BannerUI/~Location%d/Banner/WaitingBttn/	0x583ff0,0x5849a0
BannerUI/~Location%d/Banner/AvailableBttn/	0x583ff0,0x5849a0
BannerRohan	0x5841d0,0x584330
TheBannerUI	0x5849a0
Popup%d/ButtonClip/Portrait	0x585e90
Gui_PalantirCommandButtonDisabledClick	0x588ad0
Gui_PalantirCommandButtonClick	0x588ad0
CommandUI/Portrait	0x597130,0x58b840
RegionUI/Portrait%d/Portrait	0x593a30,0x58b9d0
SpellBookUI/Spell%d	0x58ba80
NonCommand_ResourceMultiplier	0x58bc20
NonCommand_Resources	0x58bcd0
NonCommand_CommandPoints	0x58bd70
NonCommand_CommandPointsLivingWorld	0x58bd70
NonCommand_MaxEvenstarPower	0x58c050
NonCommand_MaxRingPower	0x58c050
NonCommand_ObserveNextPlayer	0x58c100
NonCommand_ObservePriorPlayer	0x58c1a0
NonCommand_SelectAllHeroes	0x58da50
Palantir/ResourceBar/CommandPoints/	0x592280,0x58dbc0
Palantir/ResourceBar/ResourceMultiplier/	0x592280,0x58dbc0
Palantir/ResourceBar/Resources/	0x592280,0x58dbc0
RenderFactionIcon	0x592280,0x58dbc0
ResourceBar/ResourceIcon	0x592280,0x58dbc0
TOOLTIP:Shortcut	0x5900c0
Timer	0x5936a0,0x591c40,0x591640,0x597790
Palantir/	0x5936a0,0x591c40,0x591640,0x597790
Palantir/CommandUI/PortraitBackground	0x5936a0,0x591640
SpellBookUI/Spell%d/	0x591c40,0x597790
AptPalantir::OnBttnSelectAllHeroes	0x591d60,0x595ac0
Palantir/HeroSelectUI/Hero%d/	0x591d60,0x595ac0
Palantir/HeroSelectUI/SelectAllHeroesBttn/	0x591d60,0x595ac0
Resource_Icon	0x592280,0x592640
ResourceBar_	0x592a90,0x592570
HelpBoxText	0x592640,0x5927f0
APT:PalantirRegionBonus%d	0x593a30
APT:PalantirRegionName%d	0x593a30
LW:ActDisplayString	0x593a30
APT:PalantirTimeRemaining	0x594740
APT:CostModifierUpgrade	0x594ad0
APT:PalantirHero%dRank	0x595e60
HeroSelectUI/Hero%d	0x595e60
PalantirMinLOD	0x597fc0,0x596500
Palantir/PalantirButtons/Buttons/PlayerPowerCap/	0x597fc0,0x596500
Palantir/PalantirButtons/Buttons/Objectives/ButtonClip/	0x597fc0,0x596500
Palantir/PalantirButtons/Buttons/PlayerMagic/ButtonClip/	0x597fc0,0x596500
Palantir/PalantirButtons/Buttons/Options	0x597fc0,0x596500
Palantir/ObserverStuff/PriorPlayerBttn	0x597fc0,0x596500
Palantir/ObserverStuff/NextPlayerBttn	0x597fc0,0x596500
AptPalantir::OnBttnObjectives	0x597fc0,0x596500
AptPalantir::OnBttnMovie	0x597fc0,0x596500
AptPalantir::OnBttnObserveNextPlayer	0x597fc0,0x596500
AptPalantir::OnBttnObservePriorPlayer	0x597fc0,0x596500
Palantir	0x596950
UPRohan_Army	0x596d40
UPIsengard_Army	0x596d40
UPGondor_Army	0x596d40
UPMordor_Army	0x596d40
MultiPortrait	0x596d40
Spell	0x599180,0x5990e0
SpellStore/Buttons/Spell%d	0x599330,0x5996f0
APT:Spell%dCost	0x5996f0
APT:SpellStoreSpellPoints	0x5999b0
APT:SpellDescription	0x5999b0
APT:SpellHelpText	0x5999b0
ShowSpellHelpText	0x5999b0
SetLayout	0x5999b0
_campaign	0x5999b0
_multiplayer	0x5999b0
AptSpellStore::OnRollOutBttnSpell	0x599fe0
AptSpellStore::OnRollOverBttnSpell	0x599fe0
AptSpellStore::OnBttnSpell	0x599fe0
AptSpellStore::OnBttnClose	0x599fe0
AptSpellStore::OnClosed	0x599fe0
AptSpellStore::OnInitialized	0x599fe0
art/textures/	0x59a3d0
apt_spellstore_%d.%s	0x59a3d0
Gradient	0x59b070
EndFrame	0x81de40
StartFrame	0x81de40
MainMenu.wnd:WinGrowMarker	0x59e4e0
Data\INI\Mouse.ini	0x5a5650
VoiceSalvageGroup2	0x5a8a10
VoiceSalvage2	0x5a8a10
VoiceSalvageGroup	0x5a8a10
VoiceSalvage	0x5a8a10
VoiceCrushGroup2	0x5a8a10
VoiceCrush2	0x5a8a10
VoiceCrushGroup	0x5a8a10
VoiceCrush	0x5a8a10
VoiceBombardGroup2	0x5a92d0
VoiceBombard2	0x5a92d0
VoiceBombardGroup	0x5a92d0
VoiceBombard	0x5a92d0
Group2	0x5aa450,0x5a92d0
Group	0x5aa450,0x5a92d0
VoiceAttackUnit	0x5a92d0
VoiceEnterStateAttackUnit	0x5a92d0
VoiceCaptureBuildingCompleteGroup2	0x5aa450
VoiceCaptureBuildingComplete2	0x5aa450
VoiceCaptureBuildingCompleteGroup	0x5aa450
VoiceCaptureBuildingComplete	0x5aa450
VoiceRapidFireGroup2	0x5aa450
VoiceRapidFire2	0x5aa450
VoiceRapidFireGroup	0x5aa450
VoiceRapidFire	0x5aa450
VoiceDesperateAttackGroup2	0x5aa450
VoiceDesperateAttack2	0x5aa450
VoiceDesperateAttackGroup	0x5aa450
VoicePrimaryWeaponModeGroup2	0x5aa450
VoicePrimaryWeaponMode2	0x5aa450
VoicePrimaryWeaponModeGroup	0x5aa450
VoicePrimaryWeaponMode	0x5aa450
VoiceSecondaryWeaponModeGroup2	0x5aa450
VoiceSecondaryWeaponMode2	0x5aa450
VoiceSecondaryWeaponModeGroup	0x5aa450
VoiceSecondaryWeaponMode	0x5aa450
VoiceTertiaryWeaponModeGroup2	0x5aa450
VoiceTertiaryWeaponMode2	0x5aa450
VoiceTertiaryWeaponModeGroup	0x5aa450
VoiceTertiaryWeaponMode	0x5aa450
VoiceBuildResponseGroup2	0x5aa450
VoiceBuildResponse2	0x5aa450
VoiceBuildResponseGroup	0x5aa450
VoiceBuildResponse	0x5aa450
VoiceEnterGroup2	0x5aa450
VoiceEnter2	0x5aa450
VoiceEnterGroup	0x5aa450
VoiceEnter	0x5aa450
VoiceEnterHostileGroup2	0x5aa450
VoiceEnterHostile2	0x5aa450
VoiceEnterHostileGroup	0x5aa450
VoiceEnterHostile	0x5aa450
VoiceGarrisonGroup2	0x5aa450
VoiceGarrison2	0x5aa450
VoiceGarrisonGroup	0x5aa450
VoiceGarrison	0x5aa450
VoiceGetHealedGroup2	0x5aa450
VoiceGetHealed2	0x5aa450
VoiceGetHealedGroup	0x5aa450
VoiceGetHealed	0x5aa450
VoiceEnterUnit	0x5aa450
VoiceCombatDropGroup2	0x5aa450
VoiceCombatDrop2	0x5aa450
VoiceCombatDropGroup	0x5aa450
VoiceCombatDrop	0x5aa450
VoiceRepairGroup2	0x5aa450
VoiceRepair2	0x5aa450
VoiceRepairGroup	0x5aa450
VoiceRepair	0x5aa450
VoiceUnloadGroup2	0x5aa450
VoiceUnload2	0x5aa450
VoiceUnloadGroup	0x5aa450
VoiceUnload	0x5aa450
VoiceSupplyGroup2	0x5aa450
VoiceSupply2	0x5aa450
VoiceSupplyGroup	0x5aa450
VoiceSupply	0x5aa450
SAVE_VIEW2	0x5b6ad0
SAVE_VIEW1	0x5b6ad0
Meta map entry for '%s' not found	0x5b71a0
Game message meta type for '%s' not found	0x5b71a0
F:\bfme\Code\gameengine\Source\GameClient\System\Anim2D.cpp	0x5ba200,0x5ba4d0
Data\INI\Campaign.ini	0x5bb8c0
CampaignManager	0x5bc4d0
System	0x5d1a70,0x5ccab0
EmissionVolumeInfo	0x5bd660
EmissionVelocityInfo	0x5bd7b0
WindModuleInfo	0x5bd950
UseMaximumHeight	0x5be2f0,0x5ccab0
IsParticleUpTowardsEmitter	0x5be2f0,0x5ccab0
IsEmitAboveGroundOnly	0x5be2f0,0x5ccab0
IsGroundAligned	0x5be2f0,0x5ccab0
BurstDelay	0x5be2f0,0x5ccab0
StartSizeRate	0x5be2f0,0x5ccab0
SortLevel	0x5be2f0,0x5ccab0
SystemLifetime	0x5be2f0,0x5ccab0
PerParticleAttachedSystem	0x5be2f0,0x5ccab0
SlavePosOffset	0x5be2f0,0x5ccab0
SlaveSystem	0x5be2f0,0x5ccab0
ParticleName	0x5be2f0,0x5ccab0
IsOneShot	0x5be2f0,0x5ccab0
   (Avg cost per system %.2f msec)	0x5ca370
    (Avg per system %.2f) 	0x5ca370
  %s: %d instances	0x5ca370
Total Particle Systems Cost: %.2f msec 	0x5ca370
Total Particle Systems: %d 	0x5ca370
Total Particles (On Screen): %d 	0x5ca370
Total Particles: %d 	0x5ca370
FXParticleSystemManager	0x5cb570
Particle system: could not create render object named '	0x5cf330
--nullsystem	0x5cff50
Bottom	0x5d1e90
Right	0x5d1e90
Data\INI\MappedImages\TransitionImages	0x5d23a0
Data\INI\MappedImages\ParticleTextures	0x5d23a0
Data\INI\MappedImages\AptImages	0x5d23a0
Data\INI\MappedImages\HandCreated	0x5d23a0
Data\INI\MappedImages\TextureSize_%d	0x5d23a0
%sINI\MappedImages	0x5d23a0
%sINI\MappedImages\*.ini	0x5d23a0
Alpha	0x5eef50
DefaultAlphaModuleInfo	0x5d4540
DefaultColorModuleInfo	0x5d4560
DefaultDrawModuleInfo	0x5d4580
DefaultPhysicsModuleInfo	0x5d4620
DefaultUpdateModuleInfo	0x5d4640
LifeEventModuleInfo	0x5d4660
StreakDrawModuleInfo	0x5d4680
QuadDrawModuleInfo	0x5d46b0
ButterflyDrawModuleInfo	0x5d46e0
RenderObjectDrawModuleInfo	0x5d4710
LightningDrawModuleInfo	0x5d4740
RenderObjectUpdateModuleInfo	0x5d4770
TerrainCollisionModuleInfo	0x5d4790
Default 	0x5dfc50,0x5dfee0,0x5dede0,0x5e0170,0x5e0400,0x5e0690
DefaultDraw<CAT_DRAW>	0x5e2500
QuadDrawModule	0x5e2600
RenderObjectDrawModule	0x5e2710
LightningDrawModule	0x5e2790
DefaultModule<CAT_PHYSICS>	0x5e3030
ParticleTerrainCollisionModuleInfo	0x5e4ca0
ParticleLifeEventModuleInfo	0x5e6320
ParticleLifeEventModule	0x5e63f0
RenderObjectParticleUpdateModuleInfo	0x5e79d0
ColorScale = 	0x5f0530
FXParticleSystem::CategoryModule<CAT_DRAW>::m_RGBABuffer	0x5f3ee0
FXParticleSystem::CategoryModule<CAT_DRAW>::m_posBuffer	0x5f3ee0
TileTexture	0x5f5150
MultiChance	0x5f5150
OffsetZ	0x5f5150,0x880780
OffsetY	0x5f5150,0x880780
ffsetX	0x880780
SinkOnTerrainCollision	0x5f7a50
Shader3	0x5f7a50
Percent3	0x5f7a50
NumObjects3	0x5f7a50
RenderGroup3	0x5f7a50
Shader2	0x5f7a50
Percent2	0x5f7a50
NumObjects2	0x5f7a50
RenderGroup2	0x5f7a50
Shader1	0x5f7a50
Percent1	0x5f7a50
NumObjects1	0x5f7a50
RenderGroup1	0x5f7a50
MultiRenderObjects	0x5f7a50
HalfSize	0x5f8cf0
IsHollow	0x5faae0,0x5fa4e0,0x5f9b80,0x5f95c0,0x5f8cf0
F:\bfme\Code\gameengine\Source\GameClient\System\FXParticleSystem\fxpsemitterboxvolumemodule.cpp	0x5f8890
F:\bfme\Code\gameengine\Source\GameClient\System\FXParticleSystem\fxpsemittercylindervelocitymodule.cpp	0x5f8ef0
Length	0x5f95c0
F:\bfme\Code\gameengine\Source\GameClient\System\FXParticleSystem\fxpsemittercylindervolumemodule.cpp	0x5f94e0
EndPoint	0x5fbdb0,0x5f9b80
StartPoint	0x5fbdb0,0x5f9b80
F:\bfme\Code\gameengine\Source\GameClient\System\FXParticleSystem\fxpsemitterlinevolumemodule.cpp	0x5f9ab0
OtherSpeed	0x5fa1b0
F:\bfme\Code\gameengine\Source\GameClient\System\FXParticleSystem\fxpsemittervolumemodule.cpp	0x5fad00
Phase3	0x5fbdb0
Frequency3	0x5fbdb0
Amplitude3	0x5fbdb0
Phase2	0x5fbdb0
Frequency2	0x5fbdb0
Phase1	0x5fbdb0
Frequency1	0x5fbdb0
KillAfterEvent	0x5fd790,0x5fcd10
PerParticle	0x5fd790,0x5fcd10
EventFX	0x5fd790,0x5fcd10
EventTime	0x5fcd10
OrientFXToTerrain	0x5fd790
HeightOffset	0x5fd790
DriftVelocity	0x5fe210
VelocityDamping	0x5fe210
TurbulenceFrequency	0x5ff310
TurbulenceAmplitude	0x5ff310
WindPingPongEndAngleMax	0x5ff310
WindPingPongEndAngleMin	0x5ff310
WindPingPongStartAngleMax	0x5ff310
WindPingPongStartAngleMin	0x5ff310
WindAngleChangeMax	0x5ff310
WindAngleChangeMin	0x5ff310
WindZeroStrengthDist	0x5ff310
WindFullStrengthDist	0x5ff310
WindStrength	0x5ff310
F:\bfme\Code\gameengine\Source\GameClient\System\FXParticleSystem\fxpswindmodule.cpp	0x5fead0,0x5fec70,0x5fe480
Rotation	0x600e10,0x6000b0
AngularDamping	0x600e10,0x6000b0
AngularRateZ	0x600e10,0x6000b0
AngleZ	0x600e10,0x6000b0
SizeRateDamping	0x6000b0
SizeRate	0x6000b0
SizeDampingZ	0x600e10
SizeDampingY	0x600e10
SizeDampingX	0x600e10
SizeRateZ	0x600e10
SizeRateY	0x600e10
SizeRateX	0x600e10
StartSizeZ	0x600e10
StartSizeY	0x600e10
StartSizeX	0x600e10
Expected Damage/Repair transition keyword 	0x601d40,0x601e90
Effect number max on bridge transitions is '%d' 	0x601d40,0x601e90
EffectNum	0x601d40,0x601e90
ToState	0x601d40,0x601e90
Repair	0x601d40,0x601e90
DefaultRoad	0x6026f0
DefaultBridge	0x602830
BeaconSmokeFFFFFF	0x6032f0
BeaconSmoke%6.6X	0x6032f0
F:\bfme\Code\gameengine\Source\GameClient\Drawable\Update\SwayClientUpdate.cpp	0x604620
F:\bfme\Code\gameengine\Source\GameClient\Drawable\Behavior\RandomSoundSelectorClientBehavior.cpp	0x607a30,0x607be0
LM_%02d	0x609ac0
Frame	0x7764e0
LivingWorldAnimObject	0x60a320
%s.%s	0x778590,0x6fc5a0,0x755f70,0x88aba0,0x60acb0
ParseIconObjectBlock::Invalid data passed in.	0x60b710
F:\bfme\Code\gameengine\Source\GameClient\LivingWorldEyeTower.cpp	0x60cad0,0x60ca40
Ambient	0xa5828a
BattleMarker%04d	0x60e7f0
bordercloud	0x60e8a0
X:%d, Y:%d <<< World position coordinate >>	0x60ee80
LW:DefeatedMissionTextGood	0x60f010
LW:DefeatedMissionTextEvil	0x60f010
LW:ClickToBegin	0x60f220
doomRays%02d	0x6164e0
LeaveLogic() called.	0x6f2cc0,0x6174d0
POTENTIAL DESYNC: Forced into EnterLogic State. (LivingWorldManager::update)	0x6174d0
NoActNameFound	0x61b500,0x61a0f0
APT:LivingWorldRegionConqueredNotice	0x61a9a0
: ZoomRegionLow Y: is equal to ZoomRegionHigh Y:. This sound cannot play	0x61c410
: ZoomRegionLow Y: should be less than ZoomRegionHigh Y:	0x61c410
: ZoomRegionLow X: is equal to ZoomRegionHigh X:. This sound cannot play	0x61c410
: ZoomRegionLow X: should be less than ZoomRegionHigh X:	0x61c410
: No point in specifying a zoom region unless you have the flag ZOOMED_IN or ZOOMING_IN	0x61c410
: Flags should include at most ONE of ZOOMED_OUT, ZOOMED_IN, and ZOOMING_IN	0x61c410
: Sound not found	0x61c410
LivingWorldSound 	0x61c410
NOMAP	0x61f440
/map.ini	0x620510
C%c,%d,%d,%d,%d:	0x621600
H%s,%X,%d,%c%c,%d,%d,%d,%d,%d:	0x621600
M=%3.3x%s;MC=%X;MS=%d;SD=%d;	0x621600
%s:%s%d	0x623bc0
[%ls] %ls	0x667060,0x625af0,0x6655c0
%ls %ls	0x625af0
FTP:DisconnectError	0x626da0
FTP:TCPError	0x626da0
FTP:LocalFileOpenFailed	0x626da0
FTP:NoSuchFile	0x626da0
FTP:LoginFailed	0x626da0
FTP:CouldNotConnect	0x626da0
FTP:NoSuchServer	0x626da0
FTP:UnknownError	0x626da0
FTP:StatusNone	0x626ee0
FTP:StatusIdle	0x6275c0
GUICommunicatorOpen	0x627fa0
GUI:GPNoProfile	0x627fa0
GUI:GPErrorTitle	0x627fa0
GUI:GPDisconnected	0x627fa0
restricted	0x628ba0
roundtimeout	0x628ba0
porttimeout	0x628ba0
keepaliveinterval	0x628ba0
manglerinterval	0x628ba0
manglerretries	0x628ba0
retryinterval	0x628ba0
%s\%s\%s.map	0x62ad50,0x628ba0
timeout	0x628ba0
</Custom>	0x628ba0
<Custom>	0x628ba0
</NAT>	0x628ba0
<NAT>	0x628ba0
</VIP>	0x628ba0
<VIP>	0x628ba0
</QMBot>	0x628ba0
<QMBot>	0x628ba0
</Manglers>	0x628ba0
<Manglers>	0x628ba0
</QMMaps>	0x628ba0
<QMMaps>	0x628ba0
</PingDuration>	0x628ba0
<PingDuration>	0x628ba0
</PingServers>	0x628ba0
<PingServers>	0x628ba0
</Ladder>	0x62ad50,0x62c020
CryptedPass 	0x62ad50
MaxWins 	0x62ad50
MinWins 	0x62ad50
Faction 	0x62ad50
RandomFactions 	0x62ad50
RandomMaps 	0x62ad50
TeamSize 	0x62ad50
Desc 	0x62ad50
Name 	0x62ad50
<Ladder 	0x62ad50,0x62c020
*.ini	0x853f10,0x62be40
%sLoTRB4MEOnline\Ladders\	0x62be40
</SpecialLadders>	0x62c020
<SpecialLadders>	0x62c020
</Ladders>	0x62c020
<Ladders>	0x62c020
WOLCustomLobby.wnd:WindowSortBuddies	0x62d810
WOLCustomLobby.wnd:WindowSortPing	0x62d810
WOLCustomLobby.wnd:WindowSortAlpha	0x62d810
WOLCustomLobby.wnd:ButtonSortBuddies	0x62d810
WOLCustomLobby.wnd:ButtonSortPing	0x62d810
WOLCustomLobby.wnd:ButtonSortAlpha	0x62d810
WOLCustomLobby.wnd:ListboxGamesLarge	0x62d810
WOLCustomLobby.wnd:ListboxGames	0x62d810
WOLCustomLobby.wnd:ParentGameListLarge	0x62d810
Password	0x62db90
GUI:UnknownLadder	0x62db90
PatchAccessTest.txt	0x62e8f0
Menus/GameSpyLoginProfile.wnd	0x62ea60
GUI:CanPatchForOnline	0x62ea60
GUI:PatchAvailable	0x62ea60
GUI:MustPatchForOnline	0x62ea60
GUI:MustHaveAdminRights	0x62ea60
GUI:CannotConnectToServservTitle	0x62ea60
GUI:CannotConnectToServserv	0x62ea60
Content-Length	0x87b9c0
ccgenerals	0x62fa20
anonymous	0x62fa20
servserv.generals.ea.com	0x6304a0
GUI:CheckingForPatches	0x6304a0
%04d=%s	0x635d90
quickmatch	0x636650
%ls %d	0x636650
%sLoTRB4MEOnline\Ladders	0x6377d0
%sLoTRB4MEOnline	0x6377d0
\player_%d\%s\pid_%d\%d\team_%d\%d\result_%d\%s\side_%d\%s\auth_%d\%s\authtoken_%d\%s	0x6386f0
desync	0x6386f0
discon	0x6386f0
\seed\%d\hostname\%s\mapname\%s\numplayers\%d\duration\%d\gamemode\exiting\localplayer\%d\ladder\%s	0x6386f0
%10.10d	0x639190
,size=	0x639190
,cash%d=%d,discon%d=%d,side%d=%s	0x639190
,buildingsKilled%d=%d,buildingsLost%d=%d,buildingsBuilt%d=%d	0x639190
,unitsKilled%d=%d,unitsLost%d=%d,unitsBuilt%d=%d	0x639190
,player%d=%s,playerID%d=%d,locale%d=%d	0x639190
,ladderIP=%s,ladderPort=%d	0x639190
seed=%d,slotNum=%d,sawDesync=%d,sawGameEnd=%d,winningTeam=%d,disconEnd=%d,duration=%d,numPlayers=%d,isQM=%d,map=%s	0x639190
SnmpUtilMemFree	0x639e50
SnmpUtilMemAlloc	0x639e50
SnmpExtensionQuery	0x639e50
SnmpExtensionInit	0x639e50
snmpapi.dll	0x639e50
inetmib1.dll	0x639e50
challenge	0x63a750,0x659670
ticket	0x63a750,0x809c60,0x809e40
GP_SEARCH	0x63d210
GP_SEARCH_CONNECTION_FAILED	0x63d210
Unknown error code!	0x63d210
GP_DELPROFILE_LAST_PROFILE	0x63d210
GP_DELBUDDY	0x63d210
GP_DELBUDDY_NOT_BUDDY	0x63d210
GP_DELPROFILE	0x63d210
GP_GETPROFILE_BAD_PROFILE	0x63d210
GP_BM_NOT_BUDDY	0x63d210
GP_GETPROFILE	0x63d210
GP_AUTHADD_BAD_FROM	0x63d210
GP_AUTHADD_BAD_SIG	0x63d210
GP_STATUS	0x63d210
GP_AUTHADD	0x63d210
GP_ADDBUDDY_BAD_NEW	0x63d210
GP_ADDBUDDY_ALREADY_BUDDY	0x63d210
GP_ADDBUDDY_BAD_FROM	0x63d210
GP_UPDATEPRO	0x63d210
GP_UPDATEPRO_BAD_NICK	0x63d210
GP_ADDBUDDY	0x63d210
GP_NEWPROFILE_BAD_OLD_NICK	0x63d210
GP_UPDATEUI_BAD_EMAIL	0x63d210
GP_NEWPROFILE	0x63d210
GP_NEWPROFILE_BAD_NICK	0x63d210
GP_UPDATEUI	0x63d210
GP_NEWUSER_UNIQUENICK_INUSE	0x63d210
GP_NEWUSER	0x63d210
GP_LOGIN_SERVER_AUTH_FAILED	0x63d210
GP_LOGIN_CONNECTION_FAILED	0x63d210
GP_LOGIN_PROFILE_DELETED	0x63d210
GP_LOGIN_BAD_PROFILE	0x63d210
GP_LOGIN_BAD_PASSWORD	0x63d210
GP_LOGIN_BAD_EMAIL	0x63d210
GP_LOGIN_BAD_NICK	0x63d210
GP_LOGIN_TIMEOUT	0x63d210
GP_LOGIN	0x63d210
GP_CONNECTION_CLOSED	0x63d210
GP_FORCED_DISCONNECT	0x63d210
GP_NETWORK	0x63d210
GP_BAD_SESSKEY	0x63d210
GP_NOT_LOGGED_IN	0x63d210
GP_PARSE	0x63d210
GP_GENERAL	0x63d210
bfme.fesl.ea.com	0x63eb00
14744	0x63eb00
en_US	0x63eb00
b_rank2v2	0x64aa70
b_rank1v1	0x64aa70
b_pre	0x64aa70
b_side	0x64aa70
b_points	0x64aa70
b_losses	0x64aa70
b_wins	0x64aa70
b_locale	0x64aa70
Matching	0x64efd0,0x646aa0
Chatting	0x646aa0
hostname	0x648220,0x85e420
We're matched!	0x649180
\roomType	0x649790
peerchat.gamespy.com	0x85f2f0,0x649790
closedplaying	0x649db0
openstaging	0x64cef0,0x85e420,0x64c9e0
MBOT:POOLSIZE	0x649ed0
MBOT:WIDENINGSEARCH	0x64a2e0
MBOT:WORKING	0x64a2e0
MBOT:MATCHED	0x64a2e0
b_lastLadder	0x64aa70
color	0xa98e26,0xa939f5,0xa96b80,0xa8feb4,0xa41d11
losses	0x659670
maxRealPlayers	0x64fb90
numObservers	0x64fb90
numRealPlayers	0x64fb90
ladPort	0x64fb90
pings	0x64fb90
ladIP	0x64fb90
cmdCRC	0x64fb90
iniCRC	0x64fb90
exeCRC	0x64fb90
gamemode	0x85e420
\Maps\	0x64efd0
\CMD\%d	0x64efd0
\INI\%d	0x64efd0
\EXE\%d	0x64efd0
\NAT\%d	0x64efd0
\Color\%d	0x64efd0
\Side\%d	0x64efd0
\IP\%d	0x64efd0
\Pings\%s	0x64efd0
\PingMax\%d	0x64efd0
\NumPlayers\%d	0x64efd0
\DisconMax\%d	0x64efd0
\Discons\%d	0x64efd0
\Points\%d	0x64efd0
\PointsMax\%d	0x64efd0
\PointsMin\%d	0x64efd0
\LadPass\%d	0x64efd0
\LadID\%d	0x64efd0
\Widen\%d	0x64efd0
\CINFO	0x64efd0
GameSpyQRPort	0x64fb90
username	0x64fb90,0x866110,0x8659c0
color_	0x64fb90
faction_	0x64fb90
losses_	0x64fb90
wins_	0x64fb90
name_	0x64fb90
\gamesOn2_2_Ladder\%d	0x655360
\gamesOn1_1_Ladder\%d	0x655360
\dateCreated\%s	0x655360
\lastLadderPlayed\%s	0x655360
\best2v2LadderRank\%d	0x655360
\best1v1LadderRank\%d	0x655360
\DSRowMax\%d	0x655360
\DSRow\%d	0x655360
\DCRowMax\%d	0x655360
\DCRow\%d	0x655360
\LossRowMax\%d	0x655360
\LossRow\%d	0x655360
\WinRowMax\%d	0x655360
\WinRow\%d	0x655360
\battle\%d	0x655360
\challenge\%d	0x655360
\genInRow\%d	0x655360
\lastSide\%d	0x655360
\fps\%g	0x655360
\systemSpec\%s	0x655360
\options\%s	0x655360
\random\%d	0x655360
\locale\%d	0x655360
\bestWinStreaks%d\%d	0x655360
\worstLossStreaks%d\%d	0x655360
\currentLossStreaks%d\%d	0x655360
\currentWinStreaks%d\%d	0x655360
\QMGames%d\%d	0x655360
\customGames%d\%d	0x655360
\gamesOf8p%d\%d	0x655360
\gamesOf7p%d\%d	0x655360
\gamesOf6p%d\%d	0x655360
\gamesOf5p%d\%d	0x655360
\gamesOf4p%d\%d	0x655360
\gamesOf3p%d\%d	0x655360
\gamesOf2p%d\%d	0x655360
\surrenders%d\%d	0x655360
\desyncs%d\%d	0x655360
\discons%d\%d	0x655360
\earnings%d\%d	0x655360
\buildingsBuilt%d\%d	0x655360
\buildingsLost%d\%d	0x655360
\buildingsKilled%d\%d	0x655360
\unitsBuilt%d\%d	0x655360
\unitsLost%d\%d	0x655360
\unitsKilled%d\%d	0x655360
\duration%d\%d	0x655360
\games%d\%d	0x655360
\losses%d\%d	0x655360
\wins%d\%d	0x655360
gamesOn2_2_Ladder	0x659670
gamesOn1_1_Ladder	0x659670
dateCreated	0x659670
lastLadderPlayed	0x659670
best2v2LadderRank	0x659670
best1v1LadderRank	0x659670
DCRowMax	0x659670
DCRow	0x659670
DSRowMax	0x659670
DSRow	0x659670
LossRowMax	0x659670
LossRow	0x659670
WinRowMax	0x659670
WinRow	0x659670
battle	0x659670
genInRow	0x659670
lastSide	0x659670
systemSpec	0x659670
options	0x659670
random	0x659670,0x8bf100
locale	0x659670,0x7f1220,0x7f14b0,0x7f0d40,0x7f4240
bestWinStreaks	0x659670
worstLossStreaks	0x659670
currentLossStreaks	0x659670
currentWinStreaks	0x659670
QMGames	0x659670
customGames	0x659670
gamesOf8p	0x659670
gamesOf7p	0x659670
gamesOf6p	0x659670
gamesOf5p	0x659670
gamesOf4p	0x659670
gamesOf3p	0x659670
gamesOf2p	0x659670
surrenders	0x659670
desyncs	0x659670
discons	0x659670
earnings	0x659670
buildingsBuilt	0x659670
buildingsLost	0x659670
buildingsKilled	0x659670
unitsBuilt	0x659670
unitsLost	0x659670
unitsKilled	0x659670
duration	0x659670
games	0x659670
last week	0x65b500
all time	0x65b500
yesterday	0x65b500
today	0x65b500
http://lotrbfme.arenasdk.gamespy.com/ladderstats.sdk?ladderid=25911&action=COUNT	0x65bd40
http://lotrbfme.arenasdk.gamespy.com/ladderstats.sdk?ladderid=25909&action=COUNT	0x65bd40
http://lotrbfme.arenasdk.gamespy.com/ladderrank.sdk?ladderid=25909,25911&profileid=%d	0x65be50
http://gamestats.gamespy.com/lotrbfme/display.html	0x65bf40
IcmpSendEcho	0x65e570
IcmpCloseHandle	0x65e570
IcmpCreateFile	0x65e570
ICMP.DLL	0x65e570
%2.2X	0x65f590
%d(%d)	0x664680
sendFile	0x66a170,0x666a10
Not sending file '%hs' to %X 	0x66a170,0x666a10
NULLGAME	0x66ab30
MapTransfer:Sending	0x66ce60
MapTransfer:Done	0x66ce60
MapTransfer:Recieving	0x66ce60
MapTransfer:Preparing	0x66ce60
%s\%s.tga	0x66d6a0
%s\%s_art.tga	0x66d820
%s\%s_pic.tga	0x66d9a0
%s\assetusage.txt	0x66de50
%s\readme.txt	0x66df60
PROBE%d	0x671020
PROBED%d	0x671100
CONNDONE%d %d	0x6712e0
CONNFAILED%d	0x6715c0
PORT%d %d %08X	0x6721d0,0x6718a0
%d %X	0x671f90
CONNFAILED	0x671f90
%d %d 	0x671f90
CONNDONE	0x671f90
PROBED	0x671f90
PROBE	0x6721d0
KEEPALIVE	0x6721d0
%s, frame=%d, player=%d	0x6747c0
%s, frame=%d, player=%d, id=%d	0x6747c0
%s, logicFrame=%d, clientFrame=%d, totalCommands=%d	0x674940
GameMessage:%s, frame=%d, player=%d, id=%d	0x674b30
%s, commandID=%d, originalPlayer=%d, originalExecFrame=%d	0x674c30,0x674d20,0x674e10
%s, leavingPlayer=%d	0x674f00
%s, destroyPlayer=%d	0x674ff0
%s, leavePlayer=%d playerLeaveFrame=%d	0x6756e0
%s, leavePlayer=%d	0x6757d0
%s, startFrame=%d endFrame=%d	0x6758c0
%s, challenge=%s	0x675a80
%s, authToken=%s, authKey=%s	0x675d40
%s, relay=0x%X	0x676290
NETCOMMANDTYPE_DISCONNECTSCREENOFF	0x682ff0
NETCOMMANDTYPE_DISCONNECTFRAME	0x682ff0
NETCOMMANDTYPE_FILEPROGRESS	0x682ff0
NETCOMMANDTYPE_FILEANNOUNCE	0x682ff0
NETCOMMANDTYPE_FILE	0x682ff0
NETCOMMANDTYPE_WRAPPER	0x682ff0
NETCOMMANDTYPE_TIMEOUTSTART	0x682ff0
NETCOMMANDTYPE_LOADCOMPLETE	0x682ff0
NETCOMMANDTYPE_PROGRESS	0x682ff0
NETCOMMANDTYPE_DISCONNECTVOTE	0x682ff0
NETCOMMANDTYPE_DISCONNECTPLAYER	0x682ff0
NETCOMMANDTYPE_DISCONNECTKEEPALIVE	0x682ff0
NETCOMMANDTYPE_CHAT	0x682ff0
NETCOMMANDTYPE_DISCONNECTCHAT	0x682ff0
NETCOMMANDTYPE_KEEPALIVE	0x682ff0
NETCOMMANDTYPE_ACKSTAGE2	0x682ff0
NETCOMMANDTYPE_ACKSTAGE1	0x682ff0
NETCOMMANDTYPE_ACKBOTH	0x682ff0
NETCOMMANDTYPE_DESTROYPLAYER	0x682ff0
NETCOMMANDTYPE_REQUESTPLAYERLEAVE	0x682ff0
NETCOMMANDTYPE_REQUESTFRAMEDATA	0x682ff0
NETCOMMANDTYPE_INFORMPLAYERLEAVEFRAME	0x682ff0
NETCOMMANDTYPE_PLAYERLEAVE	0x682ff0
NETCOMMANDTYPE_GAMECOMMAND	0x682ff0
NETCOMMANDTYPE_GAMESPY_STATS_AUTHKEY	0x682ff0
NETCOMMANDTYPE_REQUEST_GAMESPY_STATS_AUTHKEY	0x682ff0
NETCOMMANDTYPE_FRAMEINFO	0x682ff0
Unknown Message type %d	0x685910
LAN:PlayerDropped	0x6870f0
LAN:HostNotResponding	0x6870f0
HELLO	0x689f00,0x6870f0
Host=%s	0x6870f0
User=%s	0x6870f0
%8.8X%8.8X	0x687e90
LAN:ErrorUnknown	0x688b50
WOL:ChatErrorSerialDup	0x688b50
LAN:ErrorBusy	0x688b50
LAN:ErrorGameGone	0x688b50
LAN:ErrorGameExists	0x688b50
LAN:ErrorGameStarted	0x688b50
LAN:ErrorCRCMismatch	0x688b50
LAN:ErrorDuplicateName	0x688b50
LAN:ErrorGameFull	0x688b50
LAN:ErrorTimeout	0x688b50
LAN:OK	0x688b50
<Munkee>	0x68c400
<Unknown %d>	0x691330
Unexpected compression type in '	0x694230
Missing Audio File: '	0x694230
LOTRMilesAudioManagerMutex	0x6b0e00
Creative Labs EAX 3 (TM)	0x6b1e60,0x6b0630,0x6a9910
Dolby Surround	0x6b0630,0x6a9910
Miles Fast 2D Positional Audio	0x6a9910
Padded Cell	0x6a83f0,0x6a16b0,0x69d240
AudioAffect	0x6b4d30
AudioViewType	0x6b4d30
AudioViewTypeBits	0x6b4d30
MusicSystem	0x6b4d30
Mono Delay Filter	0x696150
Music.big	0x69d0a0,0x6ba610
  To remove this message, go to options.ini and change the line UseEAX3For3DAudio=1 to UseEAX3For3DAudio=0	0x6a9910
You do not have an EAX3-enabled sound card. Switching to software support.  Error code: 	0x6a9910
false	0x7f96c0,0x7fffd0,0x8bf100,0x7f1400,0x7f04b0,0x997200,0x7ea590,0x7ea550,0x8099a0,0x8897c0,0x7e8760,0x8af650,0x6ad9b0,0xa43b2b,0x803110,0xa81d7c,0x800040,0x800170,0x8003f0,0x800460,0x800a40,0x7f94d0
AllowAudioReinitialize	0x6ad9b0
F:\bfme\Code\gameenginedevice\Source\MilesAudioDevice\MilesAudioManager.cpp	0x6ae2c0
SubTitle	0x6af840
DIALOGEVENT:	0x6af840
Map must be empty on load	0x6b0850
std::map	0x6b0850
 failed 	0x6b1690
Attempt to open streaming music file 	0x6b1690
Mono Delay Mix	0x6b1b40
Mono Delay	0x6b1b40
Mono Delay Time	0x6b1b40
Stereo WAVE file listed for 3D sound 	0x6b7e70,0x6b4090
AUDIO: Sample rate mismatch. When two .wav files are played with no delay between them, they must both have the exact same samples/second. (Error appears in AudioEvent '	0x6b5a80
'. .WAV is '	0x6b5a80
AUDIO: Bit depth mismatch. When two .wav files are played with no delay between them, they must both have the exact same bits/sample. (Error appears in AudioEvent '	0x6b5a80
: open failed	0x6b69f0
Could not start streaming ambient audio file 	0x6b69f0
3D Loop Callback system could not initialize. 3D Looping sounds will not work.	0x6b78d0
reinitializeAudioSystem: internal xfer load failed: 	0x6b7ccf
reinitializeAudioSystem: internal xfer save failed: 	0x6b7b9b
GUI:InsertCDPrompt	0x6b8220
GUI:InsertCDMessage	0x6b8220
Data\INI\MiscAudio.ini	0x6b8220
Data\INI\AmbientStream.ini	0x6b8220
Data\INI\Voice.ini	0x6b8220
Data\INI\Speech.ini	0x6b8220
Data\INI\SoundEffects.ini	0x6b8220
Data\INI\Music.ini	0x6b8220
Data\INI\Default\AmbientStream.ini	0x6b8220
Data\INI\Default\Voice.ini	0x6b8220
Data\INI\Default\SoundEffects.ini	0x6b8220
Data\INI\Default\Speech.ini	0x6b8220
Data\INI\Default\Music.ini	0x6b8220
Data\INI\AudioSettings.ini	0x6b8220
. This will probably crash the game!	0x6ba340
Attempting to close OpenAudioFile with an open count of 	0x6ba340
data\cursors\%s.%s	0x6bc360
data\cursors\%s%d.%s	0x6bc360
W3DRenderObjectSnapshot	0x6bce00
W3DStreakDraw	0x6bffe0,0x77d5c0,0x77d620
W3DBuffDraw	0x6bffe0
W3DLightDraw	0x6bffe0,0x7586f0
W3DPropDraw	0x6bffe0
W3DFloorDraw	0x6bffe0
W3DTreeDraw	0x6bffe0
W3DTankDraw	0x6bffe0,0x77eff0
W3DTruckDraw	0x6bffe0,0x77fce0
W3DSupplyDraw	0x6bffe0,0x77dc20
W3DRopeDraw	0x6bffe0
W3DQuadrupedDraw	0x6bffe0,0x7597b0
W3DLaserDraw	0x6bffe0
W3DHordeModelDraw	0x6bffe0,0x751de0
W3DScriptedModelDraw	0x6bffe0
W3DDebrisDraw	0x6bffe0,0x750640
DX8 error 	0x7b93e0,0x91f160,0x91f240,0x91e0c0,0x91dd70,0x91de90,0x91de10,0x8fdfd0,0x91df50,0x91d0a0,0x91d020,0x91d4e0,0x91d410,0x8fc830,0x8fcab0,0x91cef0,0x91ce50,0x8fce00,0x8fcf40,0x91cf70,0x71c470,0x8fc5c0,0x8fc660,0x8fc7d0,0x8fc710,0x732b00,0x6f7400,0x6d60d0,0x6d5b10,0x6d53a0,0x6d5750,0x6ea890,0x908fe0,0x70ea90,0x90d860,0x90ddc0,0x90cd00,0x6c3500,0x904be0
PingAttack	0x6c1c10
PingBeacon	0x6c1c40
PingGeneric	0x6c1c70
PingInformation	0x6c1ca0
PingUpgrade	0x6c1cd0
RadarEvent	0x6c3170
UNNAMED	0x6cf2f0
BaseHeightMapRenderObjClass	0x6cfa40
TSElvenMed.tga	0x6cfae0
TSTaintMed.tga	0x6cfae0
TSNoiseUrb.tga	0x6cfae0
TSCloudMed.tga	0x6cfae0
exscorch01.tga	0x6d65b0,0x6d0590
TBRedBib.tga	0x6d73c0
TBBib.tga	0x6d73c0
MeshMatDescClass::UV	0x6d7bb0,0x92a560
.BRIDGE_RIGHT	0x6d8c10
.BRIDGE_SPAN	0x6d8c10
.BRIDGE_LEFT	0x6d8c10
BRIDGESECTIONAL	0x6d8c10
Index out of range in SubTitleManager::GetText().	0x6ed3d0
Index out of range in SubTitleManager::SetDisplayedStats().	0x6ed470
Index out of range in SubTitleManager::GetColor().	0x6ed4f0
FixedSys	0x6f2cc0,0x6f0300,0x6ee800
%s%.4d.bmp	0x6edf00
sshot	0x6edf00
 -- Defeated on frame %d	0x6ee800
 -- Defeated on frame %d (OBSERVING)	0x6ee800
SequentialBuffers: 	0x6f0300,0x6ee800
No Run Ahead	0x6ee800
 -- Victorious on frame %d	0x6ee800
Player %d(%S) is active	0x6ee800
Player %d(%S) is on frame#: %d (%d)	0x6ee800
Player %d(%S) is on frame#: %d (%d) -- NETWORK SIGNAL FLATLINED (WAITING...)	0x6ee800
AIPlayer %d(%S)	0x6ee800
Player %d(%S) quit gracefully on frame %d	0x6ee800
Player %d(%S) was voted out on frame %d	0x6ee800
Total # of times we've hit the run-ahead ceiling: %d times within %d frames	0x6ee800
Frames behind the packet router: %d	0x6ee800
---- Other machine (Slot %d:%S) is the packet router ----	0x6ee800
Frame: %d	0x6f0300,0x6ee800
**** I (Slot %d:%S) am the packet router ****	0x6ee800
Bandwidth OUT: %.2f bytes/sec, %.2f packets/sec	0x6ee800
Bandwidth IN: %.2f bytes/sec, %.2f packets/sec	0x6ee800
Frame: %d -- exeCRC=%d, iniCRC=%d, cmdCRC=%d	0x6ee800
, TSlept:%02d:%02d:%02d, Total:%02d:%02d:%02d	0x6ee800
FPS:%2.2f (%3d%% max) FPSLimit:NA, SCALAR:%1.2f, FSkipped:%d, Slept:%02dms, Delta:%02dms	0x6ee800
FPS:%2.2f (%3d%% max) FPSLimit:%d, SCALAR:%1.2f, FSkipped:%d, Slept:%02dms, Delta:%02dms	0x6ee800
 AIStateType: 	0x6f0300
 Status: 	0x6f0300
 ModelFlags: 	0x6f0300
Select Info: '%S'(%S)[%d][%d] at (%.3f,%.3f,%.3f) groundZ@pos: %.3f Health: %.3f	0x6f0300
No-Name	0x6f0300
Select Info: '%d' drawables selected	0x6f0300
Objects: %d in world, %d being displayed, %d owned by local player	0x6f0300
Particles: %d in world, %d being displayed	0x6f0300
Mouse position: screen: (%d, %d), world: (%g, %g, %g)	0x6f0300
Level %d. 	0x6f0300
Ctrl(	0x6f0300
Shift(	0x6f0300
States: 	0x6f0300
Camera zoom: %g, pitch: %g/%g, yaw: %g, pos: %g, %g, %g, FOV: %g        Height above ground: %g Terrain height: %g	0x6f0300
3-Way Blends: %d, Shoreline Blends: %d	0x6f0300
Video RAM: %d	0x6f0300
Campaign AI: %d	0x6f0300
CmdPoints Total:%d, Used:%d (allies:%d), Available:%d (allies:%d)	0x6f0300
Models w/ shareable skins: %d, groups: %d, avg models/group: %.2f	0x6f0300
Polygons: per frame %d, per second %d	0x6f0300
, DEBUG D3D	0x6f0300
LoadDebugRuntime	0x6f0300
Software\Microsoft\Direct3d	0x6f0300
FPS: %.2f	0x6f0300
, FPSLock %d	0x6f0300
FPS: %.2f, %.2fms draws: %.2f skins: %.2f(%.2f) sort %.2f	0x6f0300
Delta ModelConditions: n/a	0x6f2cc0
OLD Delta ConditionFlags: (%S) 	0x6f2cc0
OLD Animation: %S	0x6f2cc0
OLD Frame %d-%d: %S	0x6f2cc0
OLDEST ModelConditionFlags: (%S) 	0x6f2cc0
OLDEST Animation: %S	0x6f2cc0
OLDEST Frame %d-%d: %S	0x6f2cc0
CURRENT Delta ConditionFlags: %S 	0x6f2cc0
CURRENT ModelConditionFlags: (%S)	0x6f2cc0
No blend in progress	0x6f2cc0
Blending To: %S	0x6f2cc0
CURRENT Animation: Doesn't have one!	0x6f2cc0
CURRENT Animation: %S	0x6f2cc0
Blending From: %S	0x6f2cc0
SubObject Statii: (%S)	0x6f2cc0
CURRENT Frame: %d	0x6f2cc0
Weapon: n/a	0x6f2cc0
Weapon: %S(%S), NextShot:%d(%d%%), Status:%S	0x6f2cc0
POTENTIAL DESYNC: Forced into EnterLogic State. (W3DDisplay::gatherAnimationDebuggingInfo)	0x6f2cc0
 -- release by Shift+mousing over any object	0x6f2cc0
LOCKED Object: %S (ID:%d) %S	0x6f2cc0
ANIMATION STATE DEBUGGER: History based on %S changes. (shift+w toggles)	0x6f2cc0
LABEL:FORMATION	0x6f5890
data/editor/molds/%s	0x6f63b0
%sTextures/	0x6f63b0
%sW3D/	0x6f63b0
../TestArt/	0x6f63b0
Art/Textures/	0x6f63b0
F:\bfme\Code\gameenginedevice\Source\W3DDevice\GameClient\W3DFXParticleSystem.cpp	0x6fa9b0
W_Arrow	0x6fc0d0
livingworld.txt	0x6ff160
LM_SunRays	0x6ff160
%s%04d.tga	0x701330
%s.tga	0x701330
RTS2DScene	0x712590
RTS3DScene	0x712f60
Failed to create shader  	0x7188b0,0x718a10,0x718b70
Failed to allocate memory to load shader  	0x7188b0,0x718a10,0x718b70
Could not find file  	0x7188b0,0x718a10,0x718b70
shaders\Glow.pso	0x718e90
shaders\Glow.vso	0x718e90
exmask_ci.tga	0x71a730
darkcloud.tga	0x71a730
F:\bfme\Code\gameenginedevice\Source\W3DDevice\GameClient\W3DShrubBuffer.cpp	0x71c0e0,0x720d10
shaders\Shrubs_darken.vso	0x71c470
shaders\Trees.pso	0x71c470,0x732b00
shaders\Trees.vso	0x71c470,0x732b00
Combined shrub shadow texture is bigger than 1024x1024. This will cause errors and significant slowdown on most graphics cards and has to be fixed!	0x71daf0
Combined shrub texture is bigger than 1024x1024. This will cause errors and significant slowdown on most graphics cards and has to be fixed!	0x71daf0
W3DToppleState	0x7371d0
F:\bfme\Code\gameenginedevice\Source\W3DDevice\GameClient\W3DTreeBuffer.cpp	0x732500,0x736b60
shaders\Trees_lighten.vso	0x732b00
shaders\Trees_darken.vso	0x732b00
Combined tree shadow texture is bigger than 1024x1024. This will cause errors and significant slowdown on most graphics cards and has to be fixed!	0x7348a0
Combined tree texture is bigger than 1024x1024. This will cause errors and significant slowdown on most graphics cards and has to be fixed!	0x7348a0
W3DView	0x742700
EXLaser.tga	0x7468b0
SCMoveHintSml	0x7468b0
NamedCameras	0x74a590
GlobalLighting	0x74a680,0x748860
BlendTileData	0x74a4a0
Unsupported format for terrain texture	0x74c4f0
Base tex height %d 	0x74cfa0
(NULL)	0x755f70,0x754970
F:\bfme\Code\gameenginedevice\Source\W3DDevice\GameClient\Drawable\W3DHordeModelDraw.cpp	0x752f40
Expected LOW, MEDIUM, or HIGH	0x753930
medium	0x753930
Specular	0xa5828a
Diffuse	0xa5828a
F:\bfme\Code\gameenginedevice\Source\W3DDevice\GameClient\Drawable\W3DPoliceCarDraw.cpp	0x758ce0
F:\bfme\Code\gameenginedevice\Source\W3DDevice\GameClient\Drawable\W3DRopeDraw.cpp	0x75a990
MANUAL	0x78a490
F:\bfme\Code\gameenginedevice\Source\W3DDevice\GameClient\Drawable\W3DScriptedModelDraw.cpp	0x75f0e0,0x75ce50,0x765fb0,0x777b50,0x777d10
%s%02d	0x77ddf0,0x775760,0x76f9e0,0x76d850
+Perm:%s	0x767fb0
-Perm:%s	0x767fb0
Could not find model '	0x769720
' for attachable submodel in 	0x769720
Could not find bone '	0x769720
 but it's not there. This is either an art error (missing bone) or a design error (INI references the wrong bone). 	0x76dcc0
' is needed in model 	0x76dcc0
A bone named '	0x76dcc0
 not found. 	0x76dcc0
Animation 	0x76dcc0
ASSET ERROR: Model %s not found! 	0x76dcc0
PersistID	0x76e4f0
Persist	0x76e4f0
*** ASSET ERROR: all draw modules must have a default model state	0x76e7f0
(ModelState and AnimState info not available in release)	0x76ebe0
%s %d/%d frames(%.1fs), AnimMode:%s, BlendTime:%d	0x76ebe0
. Please add this model for horde performance reasons.	0x7739f0
 but doesn't exist, so using regular model 	0x7739f0
 requires low detail model 	0x7739f0
 MISSING: Model 	0x7739f0
 does not have StaticModelLODMode = Yes entry... Please correct this. Still attempting low detail use.	0x7739f0
 INI setting required: Model 	0x7739f0
ladder	0x774e70
FrameStop	0x7764e0
FrameStep	0x7764e0
 not found in drawable 	0x778590
ASSET ERROR: Model 	0x778590
*** ASSET ERROR: duplicate condition states are not currently allowed (%s)	0x77c860
*** ASSET ERROR: when not using DefaultConditionState, the first ConditionState must be for NONE (%s)	0x77c860
*** ASSET ERROR: you may not specify both a Default state and a Conditions=None state	0x77c860
*** ASSET ERROR: you must specify a model name	0x77c860
*** ASSET ERROR: when using DefaultConditionState, it must be the first state listed (%s) 	0x77c860
*** ASSET ERROR: unknown keyword	0x77c860
*** ASSET ERROR: you may have only one default state!	0x77c860
<DefaultEmptyIdleAnimationState>	0x77cde0
TrackDebrisDirtRight	0x77ea70
TrackDebrisDirtLeft	0x77ea70
Missing cab bone %s in model %s 	0x780170
Missing secondary mid-mid-right tire bone %s in model %s 	0x780170
Missing secondary mid-mid-left tire bone %s in model %s 	0x780170
Missing secondary rear-left tire bone %s in model %s 	0x780170
Missing secondary front-right tire bone %s in model %s 	0x780170
Missing secondary front-left tire bone %s in model %s 	0x780170
Missing mid-mid-right tire bone %s in model %s 	0x780170
Missing mid-mid-left tire bone %s in model %s 	0x780170
Missing mid-rear-right tire bone %s in model %s 	0x780170
Missing mid-rear-left tire bone %s in model %s 	0x780170
Missing mid-front-right tire bone %s in model %s 	0x780170
Missing mid-front-left tire bone %s in model %s 	0x780170
Missing rear-left tire bone %s in model %s 	0x780170
Missing front-right tire bone %s in model %s 	0x780170
Missing front-left tire bone %s in model %s 	0x780170
APT:%s	0x787710
dropShadow	0x787710
apt_%s_%d.tga	0x788460
%d->%d	0x788460
l %f:%f:%f:%f	0x788a30
t %f:%f:%f:%f:%f:%f	0x788a30
s l:%f:%d:%d:%d:%d	0x788a30
s s:%d:%d:%d:%d	0x788a30
s t%c:%d:%d:%d:%d:%d:%f:%f:%f:%f:%f:%f	0x788a30
_geometry/	0x789010
%s.const	0x7892f0
BorderBottomShort	0x78d810
BorderBottom	0x78d810
BorderRightShort	0x78d810
BorderRight	0x78d810
BorderTopShort	0x78d810
BorderTop	0x78d810
BorderLeftShort	0x78d810
BorderLeft	0x78d810
BorderCornerLR	0x78d810
BorderCornerLL	0x78d810
BorderCornerUR	0x78d810
BorderCornerUL	0x78d810
 top: start=%d,%d, end=%d,%d	0x791730
   bsX = %d, beX = %d (%d < %d+%d or %d?)	0x791730
 Highlighted: (%d,%d) -> (%d,%d), step %d/%g, full %d/%d	0x791730
 s= %d <--> %d, numTicks=%g, pos = %d	0x791730
 origin: %d,%d size:%d,%d	0x791730
mult:%g/%g, img offset:%d,%d	0x791730
Cameo_push	0x795140
FrameCornerLR	0x79bca0
FrameCornerLL	0x79bca0
FrameCornerUR	0x79bca0
FrameCornerUL	0x79bca0
FrameR	0x79bca0
FrameL	0x79bca0
FrameB	0x79bca0
FrameT	0x79bca0
RadarViewBoxEdge	0x79d9f0
palantir	0x79e112
SkyboxSettings	0x79f480,0x7a6120
ps.1.1     tex t0 ;get water texture    tex t1 ;get white highlights on black background    tex t2 ;get white highlights with more tiling    tex t3 ; get black shroud     mul r0,v0,t0 ; blend vertex color and alpha into base texture.     mad r0.rgb, t1, t2, r0 ; blend sparkles and noise     mul r0.rgb, r0, t3 ; blend in black shroud     ; 	0x7a0500
ps.1.1     tex t0     tex t1     texbem t2, t1 ; use t1 as env map adjustment on t2.    mul r0,v0,t0 ; blend vertex color into t0.     mul r1.rgb,t2,c0 ; reduce t2 (environment mapped reflection) by constant    add r0.rgb, r0, r1	0x7a0500
ps.1.1     tex t0     tex t1     tex t2     tex t3    mul r0,v0,t0 ; blend vertex color into t0.     mul r1, t1, t2 ; mul    add r0.rgb, r0, t3    +mul r0.a, r0, t3    add r0.rgb, r0, r1    +mul r0.a, r0, c1 	0x7a0500
shaders\wave.vso	0x7a0500
shaders\wave.pso	0x7a0500
new_skybox	0x7a5200
TSMoonLarg.tga	0x7a5200
caustS%.2d.tga	0x7a5200
caust%.2d.tga	0x7a5200
SurfaceTest.tga	0x7b93e0
). Either reduce the geometric complexity or have engineering increase SHADOW_INDEX_SIZE. Unless this is fixed the given object will not have a volumetric shadow. [mh]	0x7bc270
 has too many indices (	0x7bc270
). Either reduce the geometric complexity or have engineering increase SHADOW_VERTEX_SIZE. Unless this is fixed the given object will not have a volumetric shadow. [mh]	0x7bc270
 with a limit of 	0x7bc270
 has too many vertices (	0x7bc270
Shadow geometry for 	0x7bc270
SHADOW	0x7c2f20
shaders\fterrainnoise2.pso	0x7c7dc0
shaders\fterrainnoise.pso	0x7c7dc0
shaders\fterrain0.pso	0x7c7dc0
shaders\terraintaint2.pso	0x7c7dc0
shaders\terraintaint.pso	0x7c7dc0
shaders\fterrain.pso	0x7c7dc0
shaders\unlitnormalextrusion.vso	0x7cbd90
shaders\monochrome.pso	0x7d0af0
circleFade.tga	0x7d2390
shaders\monochromezoom.nvp	0x7d2390
exmask_g.tga	0x7d3760
shaders\hilightfilter.pso	0x7d6bf0
shaders\hilightfilter.vso	0x7d6bf0
shaders\terrainnoise2.pso	0x7e1f60
shaders\terrainnoise.pso	0x7e1f60
shaders\terrain.pso	0x7e1f60
Non-Localized Path	0x7e4d40
Localized Path	0x7e4d40
Lang/%s/Data/Movies/	0x7e4d40
Mod Path	0x7e4d40
%s%s\	0x7e4d40
Data\Movies	0x7e4d40
' was requested but can't be found. 	0x7e5080
A movie named '	0x7e5080
Could not open VP6 video file for %s - %s.	0x7e5080
%s%s.%s	0x7e5080
_Music	0x7e5420
strlen(src) < dstSize	0x7eae30,0x7e8640
..\..\source\include\fesl/internal/util.h	0x7eae30,0x7e8640
%hu.%hu.%hu.%hu	0x7e8760
\views\feslbuild_main\jabba\fesl\source\address.cpp	0x7e8760
0000000000000000111111111111111122222222222222223333333333333333444444444444444455555555555555556666666666666666777777777777777788888888888888889999999999999999aaaaaaaaaaaaaaaabbbbbbbbbbbbbbbbccccccccccccccccddddddddddddddddeeeeeeeeeeeeeeeeffffffffffffffff	0x7e8d30
0123456789abcdef0123456789abcdef0123456789abcdef0123456789abcdef0123456789abcdef0123456789abcdef0123456789abcdef0123456789abcdef0123456789abcdef0123456789abcdef0123456789abcdef0123456789abcdef0123456789abcdef0123456789abcdef0123456789abcdef0123456789abcdef	0x7e8d30
%I64d	0x7fc550,0x7e8930,0x7e8e90,0x800040
countryList.%d.registrationAgeLimit	0x7e8f20
countryList.%d.parentalControlAgeLimit	0x7e8f20
countryList.%d.ISOCode	0x7e8f20
countryList.%d.description	0x7e8f20
names.%d	0x7e90c0,0x7e91d0
errorContainer.%d.fieldError	0x7e9130
errorContainer.%d.fieldName	0x7e9130
subAccounts.%d	0x7e9240
password	0x7e9810,0x7e93c0,0x7e9760
encryptedInfo	0x7e9760
thirdPartyMailFlag	0x7e99f0,0x7e9900,0x7e93c0
eaMailFlag	0x7e99f0,0x7e9900,0x7e93c0
parentalEmail	0x7e9900,0x7e93c0
countryCode	0x7e9900,0x7e93c0
DOBYear	0x7e93c0
DOBMonth	0x7e93c0
DOBDay	0x7e93c0
email	0x8f0780,0x8ee4d0,0x7e9900,0x7e93c0,0x7e9520
keywords.[]	0x7e96b0,0x7e9600
keywords.%d	0x7e96b0,0x7e9600
maxSuggestions	0x7e96b0,0x7e9600
platform	0x7e9760
newPassword	0x7e9810
\views\feslbuild_main\jabba\fesl\source\servicehub.cpp	0x7ea590,0x7ea550,0x7ea6f0
mFeslNaming == 0	0x7ea6f0
mFeslConn == 0	0x7ea6f0
mMessengerConn == 0	0x7ea6f0
mTheaterConn == 0	0x7ea6f0
mSharedConn == 0	0x7ea6f0
mTheaterConnTransactor == 0	0x7ea6f0
mMessengerConnTransactor == 0	0x7ea6f0
mFeslConnTransactor == 0	0x7ea6f0
mConnectService == 0	0x7ea6f0
mAccountService == 0	0x7ea6f0
mRankingService == 0	0x7ea6f0
mRecordService == 0	0x7ea6f0
mClubService == 0	0x7ea6f0
mMessengerService == 0	0x7ea6f0
mTheaterService == 0	0x7ea6f0
mDemangler == 0	0x7ea6f0
mGameBrowser == 0	0x7ea6f0
!ServiceHubImpl::gInstance	0x7eb1c0
\views\feslbuild_main\jabba\fesl\source\hubsingle.cpp	0x7eb1c0
0000000000000000111111111111111122222222222222223333333333333333444444444444444455555555555555556666666666666666777777777777777788888888888888889999999999999999aaaaaaaaaaaaaaaabbbbbbbbbbbbbbbbccccccccccccccccddddddddddddddddeeeeeeeeeeeeeeeeffffffffffffffff0123456789abcdef0123456789abcdef0123456789abcdef0123456789abcdef0123456789abcdef0123456789abcdef0123456789abcdef0123456789abcdef0123456789abcdef0123456789abcdef0123456789abcdef0123456789abcdef0123456789abcdef0123456789abcdef0123456789abcdef0123456789abcdef	0x7ed850,0x7ed0e0,0x7ed470,0x7ece60
@ABCDEFGHIJKLMNOPQRSTUVWXYZ0123	0x7ecaf0
no FESL allocator defined 	0x7f0030,0x7f0000,0x7effc0
attributes.%d.value	0x7f3870,0x7f3980,0x7f3b50,0x7f3c50,0x7f1220,0x7f14b0,0x7f03c0
attributes.%d.key	0x7f3870,0x7f3980,0x7f3b50,0x7f3c50,0x7f03c0
blobId	0x7f14b0,0x7f0d40,0x7f10b0,0x7f1000,0x7f1050,0x7f1100
content	0x7f1400,0x7f04b0
\views\feslbuild_main\jabba\fesl\source\blobservice.cpp	0x7f1400,0x7f04b0
--- out of memory 	0x7f1400,0x7f04b0
updateDate	0x7f0d40
ownerType	0x7f3170,0x7f2a50,0x7f2c10,0x7f2fa0,0x7f1800,0x7f1220,0x7f0d40,0x7f30f0,0x7f2b70
longDescription	0x7f1220,0x7f14b0,0x7f0d40
shortDescription	0x7f1220,0x7f14b0,0x7f0d40
version	0x7f1220,0x7f14b0,0x7f0d40
reviewCount	0x7f0d40
rating	0x7f0d40,0x7f1050
downloadCount	0x7f14b0,0x7f0d40
creator	0x7f1220,0x7f14b0,0x7f0d40
createDate	0x7f0d40
iconId	0x7f1220,0x7f14b0,0x7f0d40
formatType	0x7f1220,0x7f14b0,0x7f0d40
ownerId	0x7f1800,0x7f1220,0x7f0d40
attributes.%d.type	0x7f1220,0x7f14b0
attributes.%d.name	0x7f1220,0x7f14b0
attributes.[]	0x7f3870,0x7f3980,0x7f3b50,0x7f3c50,0x7f1220,0x7f14b0
removeAttributes.%d	0x7f14b0
removeAttributes.[]	0x7f14b0
searchAttributes.%d.type	0x7f1800
searchAttributes.%d.value	0x7f1800
searchAttributes.%d.name	0x7f1800
searchAttributes.[]	0x7f1800
maxRecords	0x7f1800
sizeMax	0x7f1800
sizeMin	0x7f1800
nameWildcardMatch	0x7f1800
nameCaseSensitive	0x7f1800
updateDateEnd	0x7f1800
updateDateStart	0x7f1800
createDateEnd	0x7f1800
createDateStart	0x7f1800
%02d/%02d/%4d	0x7f1800
reputations.%d.Score	0x7f1c90
reputations.%d.UserId	0x7f1c90
users.[]	0x7f1e00
users.%d	0x7f1e00
message	0x8a4960
targetIds.[]	0x7f2010
targetIds.%d	0x7f2010
chatLog.[]	0x7f2080
chatLog.%d.chat	0x7f2080
chatLog.%d.userId	0x7f2080
sessionId	0x7f2210,0x7f26e0,0x7f2720,0x7f2760
endDate	0x7f25a0
startDate	0x7f25a0
numberOfReporters	0x7f26a0
value	0xa838dd,0x7f2760
u.%d.s.[]	0x7f27c0
u.%d.s.%d.t	0x7f27c0
u.%d.s.%d.v	0x7f27c0
u.%d.s.%d.k	0x7f27c0
u.%d.s.%d.ut	0x7f27c0
u.%d.ot	0x7f27c0
u.%d.o	0x7f27c0
keys.[]	0x7f2a50,0x7f2c10
keys.%d	0x7f2a50,0x7f2c10
periodPast	0x7f2a50,0x7f2c10,0x7f2b70
periodId	0x7f2a50,0x7f2c10,0x7f2b70,0x7f2d10
owner	0x7f3c50,0x7f3170,0x7f2a50,0x7f2fa0,0x7f30f0
maxRank	0x7f2c10,0x7f2b70
minRank	0x7f2c10,0x7f2b70
Values.%d.Value	0x7f2ea0
Values.%d.Key	0x7f2ea0
values.%d.value	0x7f3170,0x7f2fa0
values.%d.key	0x7f3170,0x7f2fa0
values.[]	0x7f3170,0x7f2fa0
recordName	0x7f3170,0x7f2fa0,0x7f30f0
remove.%d	0x7f3170
remove.[]	0x7f3170
Clubs.%d.UserState	0x7f3440
Clubs.%d.State	0x7f3440
Clubs.%d.Access	0x7f3440
Clubs.%d.Description	0x7f3440
Clubs.%d.Name	0x7f3440
Clubs.%d.ClubId	0x7f3440
Attributes.%d.Value	0x7f35d0
Attributes.%d.Key	0x7f35d0
Members.%d.MemberAttributes.%d.Value	0x7f3670
Members.%d.MemberAttributes.%d.Key	0x7f3670
Members.%d.State	0x7f3710
Members.%d.UserId	0x7f3710
Members.%d.Name	0x7f3710
state	0x7f3870,0x7f3c50,0x7f3a80,0x7f3ea0,0x7f3f90
access	0x7f3870,0x7f3c50
userId	0x7f3980,0x7f3b50,0x7f3a80,0x7f3af0,0x7f3ea0
clubId	0x7f3980,0x7f3b50,0x7f3c50,0x7f3a80,0x7f3af0,0x7f3e50,0x7f3f90,0x7f3f40
removeKeys.%d	0x7f3c50
removeKeys.[]	0x7f3c50
lookupString	0x7f3ea0
memberOnly	0x7f3ea0
addressRemapping	0x7f4130
messengerIp	0x7f4130
theaterIp	0x7f4130
messengerPort	0x7f4130
theaterPort	0x7f4130
reason	0x7f41b0
clientType	0x7f4240
fragmentSize	0x7f4240
protocolVersion	0x7f4240
SDKVersion	0x7f4240
clientVersion	0x7f4240
clientPlatform	0x7f4240
clientString	0x7f4240
%s %s %s,	0x7f45e0
10.40.0.0 255.255.0.0 45410000,159.153.224.0 255.255.240.0 45410000	0x7f45e0
\views\feslbuild_main\jabba\fesl\source\ariesudp.cpp	0x7f49e0,0x7f4bb0
Error: no shared socket registered.	0x7f49e0
pos < MAX_UDP_PACKET_LEN	0x7f49e0
length >= (int)fap.mSize	0x7f4bb0
NUM-REGIONS	0x7f4e20,0x803b60,0x7f7980
NUM-PLAYERS	0x7f4e50
NUM-GAMES	0x7f4f90,0x809520,0x7f4ef0,0x7f4e50
LOCALE	0x7f4ef0,0x7f4e50,0x7fc170
NUM-LOBBIES	0x803bf0,0x7f7a60
MAX-GAMES	0x7f4ef0
FAVORITE-PLAYERS	0x7f4ef0
FAVORITE-GAMES	0x7f4ef0
PASSING	0x7f4ef0
LOBBY-NUM-GAMES	0x7f4f90
LOBBY-MAX-GAMES	0x7f4f90
SECRET	0x7fc550,0x804080,0x800d60,0x7fcea0,0x7f5080
MAX-PLAYERS	0x7fc550,0x803620,0x804080,0x7f5080
REASON	0x7fcb10,0x7fc020,0x7f5120,0x809c60,0x803730,0x7f7c70,0x809e40,0x7fccc0
TICKET	0x7fc020,0x809c60,0x7f51d0,0x809e40
mState == GameBrowserStateLoggingIn	0x7f5720
\views\feslbuild_main\jabba\fesl\source\gamebrowser\gamebrowser.cpp	0x7f72d0,0x7f6260,0x7f6520,0x7f5c30,0x7f5f00,0x7f5720,0x7f7da0,0x7f7640,0x7f63f0,0x7f5920,0x7f5d10
!mHostedGame	0x7f5920
hp->GetState() == HostedPlayerStateRequestingApproval	0x7f5c30
hp->GetState() == HostedPlayerStatePendingActive	0x7f5d10
mState == GameBrowserStateConnectingProtocol	0x7f6260
mPlayer	0x7f63f0
demangler.ea.com	0x7f8790
mState == DEMANGLER_READY	0x7f8790
\views\feslbuild_main\jabba\fesl\source\demangler.cpp	0x7f8790
0123456789abcdefdecodedSize	0x7f89f0
conn made 	0x7f9140
conn broken 	0x7f9170
conn err %d 	0x7f91a0
%s%.120s	0x7f91d0
0x%08x 	0x7f91d0
0x%02x%02x%02x%02x 	0x7f91d0
%c%c%c%c 	0x7f91d0
<-[bad]	0x7f9d00
\views\feslbuild_main\jabba\fesl\source\transactor.cpp	0x7f96c0,0x7f97b0,0x7f94d0
Received serviceless TXN: %s 	0x7f96c0
result	0x7f97b0
(len & 0x3) == 0	0x7f97b0
tid %d state is wacky 	0x7f9d00
tid %d not found 	0x7f9d00
--- ignored timeout 	0x7fa170
--- timeout of Nonblock request 	0x7fa170
--- timeout of Block request 	0x7fa170
fesl.ea.com	0x7fa6c0
GROUP	0x7fb390,0x7fb550,0x7fb4b0,0x7fb620,0x7fb6d0
FAV-GAME-UID	0x7fc290,0x7fc3b0,0x80a940,0x8099a0,0x80a280
FAV-PLAYER-UID	0x7fc290,0x7fc3b0
FAV-GAME	0x7fc290,0x7fc3b0
FAV-PLAYER	0x7fc290,0x7fc3b0
FILTER-ATTR-%s	0x7fc290,0x7fc3b0
FILTER-MIN-SIZE	0x7fc290,0x7fc3b0
FILTER-NOT-PRIVATE	0x7fc290,0x7fc3b0
FILTER-NOT-FULL	0x7fc290,0x7fc3b0
FILTER-FAV-ONLY	0x7fc290,0x7fc3b0
COUNT	0x7fc3b0
RESERVE-TIMEOUT	0x7fc550
RESERVE-IDS	0x7fc550
PASSWORD	0x7fc550
RESERVE-HOST	0x7fc550
START	0x7fca40
ALLOWED	0x7fcb10,0x803730
Illegal	0x7fccc0
Cheating	0x7fccc0
Harassment	0x7fccc0
ABCDEFGHIJKLMNOPQRSTUVWXYZabcdefghijklmnopqrstuvwxyz0123456789+/	0x7ff100
%3s-%d-%d	0x7ff530
\views\feslbuild_main\jabba\fesl\source\util.cpp	0x7fffd0,0x800040,0x800170,0x8002c0,0x8003f0,0x800460
mBuffer	0x8002c0
mGameBrowser->IsInternetConnected()	0x8006c0
\views\feslbuild_main\jabba\fesl\source\gamebrowser\gamebrowserdemangler.cpp	0x800cd0,0x8006c0,0x800a40
addr->GetType() == AddressInternet	0x800a40
mNumProbes >= 0	0x800cd0
hpstate: %d -> %d 	0x8022a0
mNumPendingRequests == 0	0x802f50
mPendingQueue == 0	0x802f50
mProtoPingRef == 0	0x802f50
\views\feslbuild_main\jabba\fesl\source\gamebrowser\gamebrowserpinger.cpp	0x803110,0x803260,0x803320,0x802f50
index >= 0 && index < mNumPendingRequests	0x803260
%032x	0x808920
!mLanGames[0]	0x808cb0
\views\feslbuild_main\jabba\fesl\source\gamebrowser\lantheateremulator.cpp	0x80ab50,0x8099a0,0x809c60,0x8097d0,0x808cb0,0x808ed0,0x809e40
mGdatBuffer	0x808ed0
B-%.60s	0x8091c0
D-%.60s	0x809330
P-%.60s	0x809400
IP-LAN	0x809c60
lanPlayer	0x809c60
!players[pindex]	0x809e40
mHostedLanGame	0x809e40
lan game closed 	0x809e40
lan game full 	0x809e40
Data/%s/Movies/	0x81c7e0
Data\INI\Video.ini	0x81cb30
Data\INI\Default\Video.ini	0x81cb30
Could not locate SubTitleManager for %s	0x81de40,0x81d600
LineTable values must be in the range (0.0 - 1.0) must increase in value. %s line %d	0x81d600
Could not get SubTitleMgr * for %s on line %d	0x81d7c0
Index out of range in SubTitleManager::GetStartFrame.	0x81d890
Expected subtitle EndFrame value for EndFrame: not found in %s on line %d	0x81de40
Subtitle EndFrame must be greater than 0 in %s on line %d	0x81de40
Expected subtitle StartFrame value for StartFrame: not found in %s on line %d	0x81de40
Expected subtitle line value for Line: not found in %s on line %d	0x81de40
Expected subtitle alignment type not found in %s on line %d	0x81de40
Expected subtitle style type not found in %s on line %d	0x81de40
color value %s=%i out of range (0..255) in %s on line %d	0x81de40
Subtitle StartFrame must be greater than 0 in %s on line %d	0x81de40
Subtitle Line value %d out of range (%d..%d) in %s on line %d	0x81de40
Align	0x81de40
Invalid text label while parsing %s on line %d	0x81de40
Label	0x81de40
1.1.4	0x81ee80,0xaae6a8,0xaac594,0xa63abc,0xa63bb0,0x821dd0,0x824950
need dictionary	0xaaea1a,0x824d30
incorrect data check	0xaaea1a,0x824d30
incorrect header check	0xaaea1a,0x824d30
invalid window size	0xaaea1a,0x824d30
unknown compression method	0xaaea1a,0x824d30
buffer error	0xaad683,0x8233e0
insufficient memory	0xaae6a8,0x824950
stream error	0xaad683,0x8233e0
invalid distance code	0xad513f,0x82a9b0
invalid literal/length code	0xad513f,0x82a9b0
incomplete dynamic bit lengths tree	0xad4e8a,0x82a610
oversubscribed dynamic bit lengths tree	0xad4e8a,0x82a610
incomplete literal/length tree	0xad4f03,0x82a6c0
oversubscribed literal/length tree	0xad4f03,0x82a6c0
empty distance tree with lengths	0xad4f03,0x82a6c0
incomplete distance tree	0xad4f03,0x82a6c0
oversubscribed distance tree	0xad4f03,0x82a6c0
 %s(%d): STL error : %s %s(%d): STL assertion failure:     %s  	0x82b350
%s(%d): STL assertion failure : %s 	0x82b320
 %s(%d): STL error: %s 	0x82b2f0
out of memory 	0x82b820
ios failure	0x83f9b0,0x83f0c0,0x83f1c0,0x83f140,0x83f3f0,0x83e8f0
0123456789abcdefx	0x835940,0x835800,0x835140,0x835660
0123456789ABCDEFX	0x835940,0x835800,0x835140,0x835660
%.2ld	0x846320
%a %b %e %H:%M:%S %Y	0x846f10
LC_MESSAGES=	0x84d3a0
LC_MONETARY=	0x84d3a0
LC_COLLATE=	0x84d3a0
LC_NUMERIC=	0x84d3a0
LC_TIME=	0x84d3a0
LC_CTYPE=	0x84d3a0
Expected additional data after '%s'	0x853050,0x852ac0,0x852a60,0x852b20,0x852ee0,0x852e00,0x8525c0,0x851050,0x850970,0x850b00
INTERNAL ERROR! scanIndexList: No name list provided!	0x8509e0
Token '%s' is not a valid member of the index list	0x8509e0
INTERNAL ERROR! scanLookupList: No name list provided!	0x850a70
Token '%s' is not a valid member of the lookup list	0x850a70
Expected '%s' but found '%s'	0x9d8f50,0x850b00
INTERNAL ERROR! parseBitString32: No flag list provided!	0x850e70
ENDSCRIPT	0x851230
    =:	0x851230
    =%%	0x851230
    =	0x851230
Unknown block '%s'.  Error parsing INI block '%s' in file '%s'.	0x853cb0,0x851350
Unknown error parsing INI block '%s' in file '%s'.	0x853dcd,0x85144d
%s  Error parsing INI block '%s' in file '%s'.	0x853d8d,0x85140b
NO_BLOCK	0x851350,0x853cb0
Unknown field '%s' in block '%s'.  Error parsing field '%s' in block '%s' in file '%s', line %i. 	0x8519c0
Unknown error parsing field '%s' in block '%s' in file '%s', line %i. 	0x851b04
%s  Error parsing field '%s' in block '%s' in file '%s', line %i. 	0x851a95
Missing '%s' token.  Error parsing block '%s' in file '%s', line %i. 	0x8519c0
INI::initFromINI - Invalid parameters supplied!	0x851910
invalid boolean token %s -- expected Yes or No	0x852550
Expected signed integer value or predefined macro, but found '%s'	0x852f50,0x852620
Expected unsigned integer value or predefined macro, but found '%s'	0x852680
Expected floating point value or predefined macro, but found '%s'	0x8526e0
expected '%s'	0x853050
can't omit value for color %s	0x853050
%s: Duplicate MACRO names. %s.	0x853610
%s: Error parsing MACRO. %s has no value	0x853610
%s: MACRO names must use UPPERCASE letters. %s.	0x853610
%s: MACROs not allowed in map.ini. %s.	0x853610
map.ini	0x853610
#define	0x853610
INI::load, cannot open file '%s' 	0x853610
INI::load, cannot open file '%s', file already open 	0x853610
0123456789abcdefghijklmnopqrstuvwxyzABCDEFGHIJKLMNOPQRSTUVWXYZ	0x854db0
Crypt	0x854e60
Software\GameSpy\GameSpy 3D\Registration	0x854e60
%s.available.gamespy.com	0x855000
55.255.255.255	0x856290,0x8565c0
%08X%04X	0x8557a0
final\\queryid\1.1	0x855e40
%s.master.gamespy.com	0x856290
publicport	0x856900
statechanged	0x856900
localport	0x856900
localip%d	0x856900
No challenge value was received from the master server.	0x856f60
Error starting CD Key check	0x8585f0
@@@GML %s/OLD	0x8591c0
%s_t%d	0x9d35e0,0x9d3530,0x9d3690
final	0x859f70
queryid	0x859f70
maxplayers	0x8648b0
numplayers	0x8648b0
(No Name)	0x85e420
Disconnected	0x8601f0
USER %s %s %s :%s	0x861e90
LOGIN %d * %s :%s@%s	0x8602b0
LOGIN %d %s %s	0x8602b0
LOGINPREAUTH %s %s	0x8602b0
QUIT :Later!	0x8603f0
NICK :%s	0x8604c0
ABCDEFGHIJKLMNOPQRSTUVWXYZabcdefghijklmnopqrstuvwxyz0123456789[]\`_^{|}-	0x861d40
MODE %s -q	0x860730
MODE %s +q	0x860730
CDKEY %s	0x8607a0
LIST %s	0x8608a0
JOIN %s %s	0x860920
PART %s :%s	0x8609b0
ATM %s :%s	0x861210,0x8609f0
UTM %s :%s	0x861210,0x8609f0
NOTICE %s :%s	0x861210,0x8609f0
PRIVMSG %s :%s	0x861210,0x8609f0
TOPIC %s :%s	0x860ae0
TOPIC %s	0x860b20
MODE %s %s	0x860bf0
MODE %s	0x860d10
MODE %s -k %s	0x860e30
MODE %s +k %s	0x860e30
MODE %s -l	0x860f30
MODE %s +l %d	0x860f30
NAMES %s	0x861130
WHO %s	0x861370
\%s\%s	0x9d59a0,0x8619f0
GETKEY %s %s 0 :	0x861860
SETCHANKEY %s :	0x8619f0
SETCKEY %s %s :	0x8619f0
GETCHANKEY %s %s 0 :	0x861ae0
GETCKEY %s %s %s 0 :	0x861ae0
NICK %s	0x861e20
USRIP	0x861ed0,0x86f660,0x86f7c0
CRYPT des %d %s	0x861ed0
preauth	0x861ed0
b_flags	0x863c00,0x866110,0x8659c0
\hostname\numwaiting\maxwaiting\numservers\numplayers	0x865280
0123456789abcdef	0x866a20,0x866ae0
aFl4uOD9sfWq1vGp	0x866ae0,0x866a20
qJ1h4N9cP3lzD0Ka	0x866a20,0x866ae0
#GPG!%d	0x866bf0
#GSP!%s!%c%s%c	0x866c10
X%sX|%d	0x866c80
Query Error: 	0x868a60
%s.ms%d.gamespy.com	0x867790
\echo\test	0x868cf0
\status\	0x869720,0x8ea600
\basic\\info\	0x869720
\final\	0x8f3210,0x8f1ee0,0x8f1340,0x8f0680,0x8f6b40,0x8f6000,0x869b20,0x8ee4d0,0x8eda20,0x8ed200,0x8ecee0,0x8ec130,0x8f3190,0x8f3460,0x8ea1a0,0x8ea600
\$flags$\	0x86b2f0
@@@NFO	0x86b360
NOTICE	0x860110
PRIVMSG	0x860110
Timed out	0x86c0c0
MODE %s +b *!*@%s	0x86f210
Generals	0x93c570
Internal error: calc_confidence called with an illegal number of scores 	0x873a40
                    :	0x873da0
** WARNING: The variation among the individual results is too large. 	0x873da0
 ** WARNING: The current test result is NOT 95 % statistically certain. 	0x873da0
0  1  0  0  1  1  1  1   1  1  1  1  0   1  0  0  0  1   1  0  0  0  1   1  1  1  1  0   1  0  0  0  0   1  0  0  0  0   1  0  0  0  0   0  1  0  1  0  0  0  0   0  1  1  1  0   1  0  0  0  1   1  0  0  0  1   1  0  0  0  1   1  0  1  0  1   1  0  0  1  1   0  1  1  1  1   0  1  0  1  0  0  0  1   1  1  1  1  0    1  0  0  0  1   1  0  0  0  1   1  1  1  1  0   1  0  1  0  0   1  0  0  1  0   1  0  0  0  1   0  1  0  1  0  0  1  0   0  1  1  1  1   1  0  0  0  0   1  0  0  0  0   0  1  1  1  0   0  0  0  0  1   0  0  0  0  1   1  1  1  1  0   0  1  0  1  0  0  1  1   1  1  1  1  1   0  0  1  0  0   0  0  1  0  0   0  0  1  0  0   0  0  1  0  0   0  0  1  0  0   0  0  1  0  0   0  1  0  1  0  1  0  0   1  0  0  0  1   1  0  0  0  1   1  0  0  0  1   1  0  0  0  1   1  0  0  0  1   1  0  0  0  1   0  1  1  1  0   0  1  0  1  0  1  0  1   1  0  0  0  1   1  0  0  0  1   0  1  0  1  0   0  1  0  1  0   0  1  0  1  0   0  1  0  1  0   0  0  1  0  0   0  1  0  1  0  1  1  0   1  0  0  0  1   1  0  0  0  1   1  0  0  0  1   1  0  1  0  1   1  0  1  0  1   1  0  1  0  1   0  1  0  1  0   0  1  0  1  0  1  1  1   1  0  0  0  1   0  1  0  1  0   0  1  0  1  0   0  0  1  0  0   0  1  0  1  0   0  1  0  1  0   1  0  0  0  1   0  1  0  1  1  0  0  0   1  0  0  0  1   0  1  0  1  0   0  1  0  1  0   0  0  1  0  0   0  0  1  0  0   0  0  1  0  0   0  0  1  0  0   0  1  0  1  1  0  0  1   1  1  1  1  1   0  0  0  1  0   0  0  0  1  0   0  0  1  0  0   0  1  0  0  0   0  1  0  0  0   1  1  1  1  1   0  1  0  1  1  0  1  0	0x8760a0
5  7  8   26   0  0  1  0  0   0  1  0  1  0   1  0  0  0  1   1  0  0  0  1   1  1  1  1  1   1  0  0  0  1   1  0  0  0  1   0  1  0  0  0  0  0  1   1  1  1  1  0   1  0  0  0  1   1  0  0  0  1   1  1  1  1  0   1  0  0  0  1   1  0  0  0  1   1  1  1  1  0   0  1  0  0  0  0  1  0   0  1  1  1  0   1  0  0  0  1   1  0  0  0  0   1  0  0  0  0   1  0  0  0  0   1  0  0  0  1   0  1  1  1  0   0  1  0  0  0  0  1  1   1  1  1  1  0   1  0  0  0  1   1  0  0  0  1   1  0  0  0  1   1  0  0  0  1   1  0  0  0  1   1  1  1  1  0   0  1  0  0  0  1  0  0   1  1  1  1  1   1  0  0  0  0   1  0  0  0  0   1  1  1  0  0   1  0  0  0  0   1  0  0  0  0   1  1  1  1  1   0  1  0  0  0  1  0  1   1  1  1  1  1   1  0  0  0  0   1  0  0  0  0   1  1  1  0  0   1  0  0  0  0   1  0  0  0  0   1  0  0  0  0   0  1  0  0  0  1  1  0   0  1  1  1  0   1  0  0  0  1   1  0  0  0  0   1  0  0  0  0   1  0  0  1  1   1  0  0  0  1   0  1  1  1  0   0  1  0  0  0  1  1  1   1  0  0  0  1   1  0  0  0  1   1  0  0  0  1   1  1  1  1  1   1  0  0  0  1   1  0  0  0  1   1  0  0  0  1   0  1  0  0  1  0  0  0   0  1  1  1  0   0  0  1  0  0   0  0  1  0  0   0  0  1  0  0   0  0  1  0  0   0  0  1  0  0   0  1  1  1  0   0  1  0  0  1  0  0  1   0  0  0  0  1   0  0  0  0  1   0  0  0  0  1   0  0  0  0  1   1  0  0  0  1   1  0  0  0  1   0  1  1  1  0   0  1  0  0  1  0  1  0   1  0  0  0  1   1  0  0  1  0   1  0  1  0  0   1  1  0  0  0   1  0  1  0  0   1  0  0  1  0   1  0  0  0  1   0  1  0  0  1  0  1  1   1  0  0  0  0   1  0  0  0  0   1  0  0  0  0   1  0  0  0  0   1  0  0  0  0   1  0  0  0  0   1  1  1  1  1   0  1  0  0  1  1  0  0   1  0  0  0  1   1  1  0  1  1   1  0  1  0  1   1  0  1  0  1   1  0  0  0  1   1  0  0  0  1   1  0  0  0  1   0  1  0  0  1  1  0  1   1  0  0  0  1   1  1  0  0  1   1  0  1  0  1   1  0  1  0  1   1  0  1  0  1   1  0  0  1  1   1  0  0  0  1   0  1  0  0  1  1  1  0   0  1  1  1  0   1  0  0  0  1   1  0  0  0  1   1  0  0  0  1   1  0  0  0  1   1  0  0  0  1   0  1  1  1  0  	0x8760a0
return	0x995c40,0xa81d7c
CPU:Stringsort	0x874100
%d  %d  %d  %d  %d	0x8760a0
%d  %d  %d	0x8760a0
http://	0x87b6b0
Content-Type	0x87b9c0
Connection	0x87b9c0
User-Agent	0x87b9c0
GameSpyHTTP/1.0	0x87b9c0
Host: 	0x87b9c0
 HTTP/1.1  	0x87b9c0
HEAD 	0x87b9c0
POST 	0x87b9c0
HTTP/%d.%d %d%n	0x87bc30
Transfer-Encoding: chunked	0x87c140
Content-Length:	0x87c140
http://%s:%d%s	0x87c140
Location:	0x87c140
abcdefghijklmnopqrstuvwxyzABCDEFGHIJKLMNOPQRSTUVWXYZ0123456789_@-.*	0x87d2b0
application/x-www-form-urlencoded	0x87cd80
multipart/form-data; boundary=Qr4G823s23d---<<><><<<>--7d118e0536	0x87cd80
0123456789ABCDEF	0x87d2b0
%sContent-Disposition: form-data; name="%s"; filename="%s"  Content-Type: %s    	0x87d4b0
%sContent-Disposition: form-data; name="%s"    	0x87d4b0
  --Qr4G823s23d---<<><><<<>--7d118e0536  	0x87d4b0
--Qr4G823s23d---<<><><<<>--7d118e0536  	0x87d4b0
  --Qr4G823s23d---<<><><<<>--7d118e0536--  	0x87d610
GeometryType	0x880600
        GeometryInfo::getBestContactPoint, callerPos=%g,%g,%g, label=%s, pref=%d, seed=%d, skipCollideTest=%d, m_innermostContactPoint=%g,%g,%g	0x87f590
MinorRadius	0x880780
MajorRadius	0x880780
IsSmall	0x880780
GeomType	0x880780
_mbsdup	0x8821d0
_wcsdup	0x8821d0
_strdup	0x8821d0
_realloc_dbg	0x8821d0
realloc	0x8821d0
_msize_dbg	0x8821d0
_msize	0x8821d0
_malloc_dbg	0x8821d0
malloc	0x8821d0
_free_dbg	0x8821d0
_calloc_dbg	0x8821d0
msvcr71.dll	0x8821d0
calloc	0x8821d0
LoadLibraryExW	0x8821d0
LoadLibraryExA	0x8821d0
LoadLibraryW	0x8821d0
kernel32.dll	0x88e970,0x8821d0
LoadLibraryA	0x8821d0
resource %08x[%s] used to be in tracker but is now free 	0x8836f0
tracker already destroyed	0x8836f0
download	0x884c40
UseNonBlockingFTP	0x8852f0
SOFTWARE\Westwood\Earth And Beyond Beta 2	0x8852f0
PORT %d,%d,%d,%d,%d,%d  	0x885740
download\%s_%d.tmp	0x8859d0
PASS %s  	0x885d90
USER %s  	0x885d90
QUIT  	0x885f60
%d %ld 	0x886020
SIZE %s  	0x886020
LIST %s  	0x886020
CWD %s  	0x886020
File closed, waiting for response. 	0x886520
BOGUSCOMMAND  	0x886520
RETR %s  	0x886520
REST %d  	0x886520
TYPE I  	0x886520
%sMOTD-%s.txt	0x886b00
%sconfig.txt	0x886b00
%smaps-%d.txt	0x886b00
%s%s-%d.txt	0x886b00
BaseURL	0x886b00
http://servserv.generals.ea.com/servserv/	0x886b00
ENGLISH	0x886b00
lotrbfme	0x886b00
%s%ls	0x889140
errors.txt	0x88bb60,0x889370
\errors.txt	0x889370
HResult:0x	0x889b60
 build 	0x88a490
 release	0x88a490
 internal 	0x88a490
Version:	0x88a490
Fatal heap error.	0x88a5f0
%s(%i)	0x88ba10,0x88bb60,0x88b3e0,0x88b530,0x88a7e0
[%02i:%02i.%02i.%03i] 	0x88a8f0
Unknown command, help not available	0x88aba0
Unknown command	0x88aba0
Unknown command group 	0x88aba0
Hint: The DLL got loaded as: 	0x88af60
 You are using an older version of the DBGHELP.DLL library. Please update to the newest available version in order to get reliable stack and symbol information.  	0x88af60
default.dbgcmd	0x88af60
_EA_RTS_FILENAME	0x8900a0,0x88af60
debug	0x88af60
OutputDebugString function	0x88af60
Network via named pipe	0x88af60
Flat local file(s)	0x88af60
Console window	0x88af60
, expression 	0x88b3e0
, line 	0x88ba10,0x88b3e0
 Assertion failed in 	0x88b3e0
\code\	0x88ba10,0x88b3e0
Game crash	0x88bb60,0x88b530
Assert hit too often - turning check off. 	0x88b530
Assertion failed	0x88b530
 Because of the severity of this error the game will now exit.	0x88bb60,0x88b530
 (hit #	0x88bb60,0x88b530
, reason: 	0x88ba10
Error in 	0x88ba10
  ---------------------------------------------------------------    	0x88bb60
Error hit too often - turning check off. 	0x88bb60
Error hit	0x88bb60
SymGetOptions	0x88c550
SymInitialize	0x88c550
SymEnumSymbolsForAddr	0x88c550
 (invalid code addr)	0x88c6e0
, %s:%i+0x%x	0x88c6e0
, %s+0x%x	0x88c6e0
+0x%x	0x88c6e0
 (unknown module)	0x88c6e0
(inv code addr)	0x88c960
(unknown)	0x88c960
(unknown mod)	0x88c960
 addresses: 	0x88cc40
SeDebugPrivilege	0x88d240
DUMP-%04d%02d%02d-%02d%02d%02d-%ld-%ld.dmp	0x88d240
MiniDumpWriteDump	0x88d240
EXCEPTION_MS	0x88d430
EXCEPTION_UNKNOWN	0x88d430
Unknown exception code 0x%08x	0x88d430
EXCEPTION_STACK_OVERFLOW	0x88d430
The thread used up its stack.	0x88d430
EXCEPTION_PRIV_INSTRUCTION	0x88d430
The thread tried to execute an instruction whose operation is not allowed in the current machine mode.	0x88d430
EXCEPTION_INT_OVERFLOW	0x88d430
The result of an integer operation caused a carry out of the most significant bit of the result.	0x88d430
EXCEPTION_INT_DIVIDE_BY_ZERO	0x88d430
The thread tried to divide an integer value by an integer divisor of zero.	0x88d430
EXCEPTION_FLT_UNDERFLOW	0x88d430
The exponent of a floating-point operation is less than the magnitude allowed by the corresponding type.	0x88d430
EXCEPTION_FLT_STACK_CHECK	0x88d430
The stack overflowed or underflowed as the result of a floating-point operation.	0x88d430
EXCEPTION_FLT_OVERFLOW	0x88d430
The exponent of a floating-point operation is greater than the magnitude allowed by the corresponding type.	0x88d430
EXCEPTION_FLT_INVALID_OPERATION	0x88d430
Some strange unknown floating point operation was attempted.	0x88d430
EXCEPTION_FLT_INEXACT_RESULT	0x88d430
The result of a floating-point operation cannot be represented exactly as a decimal fraction.	0x88d430
EXCEPTION_FLT_DIVIDE_BY_ZERO	0x88d430
The thread tried to divide a floating-point value by a floating-point divisor of zero.	0x88d430
EXCEPTION_FLT_DENORMAL_OPERAND	0x88d430
One of the operands in a floating-point operation is denormal. A denormal value is one that is too small to represent as a standard floating-point value.	0x88d430
EXCEPTION_NONCONTINUABLE_EXCEPTION	0x88d430
The thread tried to continue execution after a noncontinuable exception occurred.	0x88d430
EXCEPTION_INVALID_HANDLE	0x88d430
An invalid Windows handle was used.	0x88d430
EXCEPTION_INVALID_DISPOSITION	0x88d430
An exception handler returned an invalid disposition to the exception dispatcher. Programmers using a high-level language such as C should never encounter this exception.	0x88d430
EXCEPTION_ILLEGAL_INSTRUCTION	0x88d430
The thread tried to execute an invalid instruction.	0x88d430
EXCEPTION_ARRAY_BOUNDS_EXCEEDED	0x88d430
The thread tried to access an array element that is out of bounds and the underlying hardware supports bounds checking.	0x88d430
EXCEPTION_IN_PAGE_ERROR	0x88d430
The thread tried to access a page that was not present, and the system was unable to load the page. For example, this exception might occur if a network connection is lost while running a program over the network.	0x88d430
EXCEPTION_SINGLE_STEP	0x88d430
A trace trap or other single-instruction mechanism signaled that one instruction has been executed.	0x88d430
EXCEPTION_ACCESS_VIOLATION	0x88d430
The thread tried to read from or write to a virtual address for which it does not have the appropriate access. Access address 0x%08x was %s.	0x88d430
read from	0x88d430
written to	0x88d430
EXCEPTION_BREAKPOINT	0x88d430
A breakpoint was encountered.	0x88d430
EXCEPTION_GUARD_PAGE	0x88d430
A guard page was accessed.	0x88d430
EXCEPTION_DATATYPE_MISALIGNMENT	0x88d430
The thread tried to read or write data that is misaligned on hardware that does not provide alignment. For example, 16-bit values must be aligned on 2-byte boundaries; 32-bit values on 4-byte boundaries, and so on.	0x88d430
Exception occured at 	0x88d850
Cr0NpxState: 	0x88d9b0
 DataSel: 	0x88d9b0
DataOfs:     	0x88d9b0
 ErrSel:  	0x88d9b0
ErrOfs:      	0x88d9b0
FP registers not available 	0x88d9b0
Symbol	0x88dc68
Address	0x88dc68
No stack data available - check for dbghelp.dll	0x88dc68
IsDebuggerPresent	0x9f76e4,0x88eaf0,0x88dc68
kernel32	0x88eaf0,0x88e1a0,0x88dc68
OpenThread	0x88e1a0
Flags:	0x88e340
 EBP:	0x88e340
 ESP:	0x88e340
 EDI:	0x88e340
 ESI:	0x88e340
 ECX:	0x88e340
 EBX:	0x88e340
Bytes around EIP:	0x88e5f0
EA/DEBUG: EXCEPTION_STACK_OVERFLOW 	0x88e5f0
Exception in exception handler	0x88e5f0
Fatal error	0x88e5f0
msvcrt.dll	0x88e970
RaiseException	0x88e970
Internal assert failed	0x88ea70
File %s, line %i: %s	0x88ea70
Debug mem alloc failed	0x88eb30
Debug mem realloc failed	0x88eb90
Skip Stack Walk: 	0x88ec50
Please specify mode and pattern	0x88ec50
Extra error log: 	0x88ec50
Full memory dump: 	0x88ec50
Windowed: 	0x88ec50
Timestamp: 	0x88ec50
skipStackWalk	0x88ec50
Always flush: 	0x88ec50
(none) 	0x88ec50
Active: 	0x88ec50
Possible: 	0x88ec50
Add I/O class first	0x88ec50
remove	0x88ec50
I/O class factory failed	0x88ec50
I/O class already added	0x88ec50
Unknown I/O class 	0x88ec50
Unknown item type, see help.	0x88ec50
errors [ (+|-) ]  Enables/disables extra logging of DERRORs into errors.txt (default: on). 	0x88ec50
errors	0x88ec50
fulldump [ (+|-) ]  Enables/disables full memory dumps on crash (default: off). 	0x88ec50
fulldump	0x88ec50
windowed [ (+|-) ]  Enables/disables windowed mode thus overriding any auto-detected status. 	0x88ec50
windowed	0x88ec50
view [ (l|a|c) ]  Shows the active pattern for the given list (l=logs, a=asserts, c=crashes). 	0x88ec50
add (l|a|c) (+|-) <pattern>  Adds a pattern to the given list (l=logs,  a=asserts, c=crashes). By default all asserts and crashes are active, all logs inactive. Each item is then checked  against all pattern in the respective list. If a match is found the active/inactive state is modified accordingly (+ for active, - for inactive). The final state is always the last match.	0x88ec50
clear (l|a|c)  Clears the given inclusion/exclusion list (l=logs, a=asserts, c=crashes). 	0x88ec50
clear	0x88ec50
exit  Exits program immediately. 	0x88ec50
timestamp [ (+|-) ]  Enables/disables timestamping each log entry (default: off). 	0x88ec50
timestamp	0x88ec50
skipstackwalk [ (+|-) ]  Enables/disables stack walk feature the log file (default: off). 	0x88ec50
skipstackwalk	0x88ec50
alwaysflush [ (+|-) ]  Enables/disables flushing after each new entry in the log file (default: off). 	0x88ec50
alwaysflush	0x88ec50
io <I/O Class> <cmd> { <param> }]  Issues a I/O class command. I/O class commands are used for determining where all log output should be sent.  Please check the list of  ef debug_ioclasses for a list of existing I/O classes.  Each existing I/O class must accept at least the following two commands: 'add' and 'remove'. Usually after a class has been added it reacts to the 'help' command as well.  If the command is entered without any parameters a list of active I/O classes is shown. Typing 'io ?' retrieves a list of possible I/O classes. 	0x88ec50
list (g|l|d|a|c) [ <pattern> ]  Shows some or all items of a specific type.  The following items are supported: - g: command groups - l: log groups (only those encountered yet) - d: log groups with descriptions (only those that have descriptions) - a: asserts (only those hit yet) - c: crashes (only those failed yet)  If a pattern is specified only items matching that pattern are shown. A pattern can contain any character, letter, or a wildcard '*'.  Please note that assert and crash items have their line number appended to the current file name, e.g. debug.cpp(13). 	0x88ec50
debug group help:   list, io, alwaysflush, skipstackwalk, timestamp, exit, clear, add, view, windowed, fulldump, errors 	0x88ec50
net I/O help:   add [ <machine> ]     create net I/O (optionally specifying the machine to connect to) 	0x88fce0
Client at %s 	0x88fce0
Could not connect to given machine. 	0x88fce0
\\%s\pipe\ea_debug_v1	0x88fce0
%04i%02i%02i-%02i%02i-%02i	0x8900a0
(%i)%s	0x8904a0
Unknown flat I/O command	0x890810
splitremove <namepattern>  Removes all active splits matching the given name pattern.	0x890810
splitview  Shows all existing splits in the order they are evaluated.	0x890810
splitadd <types> <filter> <name> [ <size in kb> ]  Splits off part of the log data. Multiple splits can be defined. They  are written out to the first matching split file.  'types' defines one or more string types which should be split off: - a: asserts - c: crash - l: logs - x: exceptions - r: replies from commands - o: other messages   Next a filter is specified that determines which items are to be  filtered (only for string types a, c and l). Items can be listed with then 'list' command. The filter is exactly specified as in that command.  The third parameter defines a name for this split. If there is  already a split with the same name then both will write to the same  destination file.  Note: If splits are used and the filename given for 'add' is static  or does not contain 'n' or 'N' then the split name is automatically  appended to the log file name (before the extension).  If a size is specified then all data is internally written to a  fixed size memory based ring buffer. This data is flushed out once  the program exits.  If no size is given then the size of the log file is not limited and  any log data is written out immediately. 	0x890810
copy <directory>  Copies generated log file(s) into the given directory if the program exists or crashes. If there is already a log file with the same name a unique number is appended to the current log files' name. 	0x890810
add [ <filename> [ <size in kb> ] ]  Create flat file I/O (optionally specifying file name and file size). If a filename is specified all output is written to that file. Otherwise the magic filename '*eMN' is automatically used. Any existing files with that name are overwritten.  Instead of a real file name a 'magic' file name can be used by starting the file name with a '*' followed by any number of special characters: - 'e': inserts EXE name - 'm': inserts machine name - 'u': inserts username - 't': inserts timestamp - 'n': inserts split name (empty if main log file) - '-': inserts '-' - 'E', 'M', 'U', 'T', 'N': same as above but with '-' in front    (for 'N': empty if main log file) .log is automatically appended if using magic file names.  If a size is specified then all data is internally written to a fixed  size memory based ring buffer. This data is flushed out once the  program exits. If no size is given then the size of the log file is not  limited and any log data is written out immediately. 	0x890810
flat I/O help: The following I/O commands are defined:   add, copy, splitadd, splitview, splitremove Type in debug.io flat help <cmd> for a detailed command help. 	0x890810
splitremove	0x890810
splitview	0x890810
splitadd	0x890810
con I/O help:   add [ <width> [ <height> ] ]     create con I/O (optionally specifying the window size) 	0x891200
 [debug console]	0x891320
  EA/Debug console open  	0x891320
CON@%08x	0x891320
Apt-GC---------------------- Sweeping of %d objects 	0x897360
super	0x8bf100,0x8d0f10
_target	0x8bf100
_global	0x8bf100
_parent	0x8cf740
_root	0x8cf740
extern	0xa81d7c
[GlobalExtension]	0x8985c0
[Extension]	0x8985c0
[FrameStack]	0x8985c0
[Extern]	0x8985c0
[Lookup]	0x8985c0
[Register]	0x8985c0
[MovieClip]	0x8985c0
[object (prototype)]	0x8985c0
[object]	0x8985c0
[object Object]	0x8985c0
[function]	0x8985c0
[native function 0x%08x]	0x8985c0
[sound]	0x8985c0
prototype	0x898d80,0x8bf100,0x8bebf0,0x89d890,0x89cc80,0x89cef0,0x8ccd60
__proto__	0x898d80,0x8bf100,0x8bebf0,0x89d890,0x89cc80,0x89cef0,0x8ce1e0,0x8ccd60
_proto__	0x898f60
<WARNING> Actionscript error message: "%s" 	0x8a0f40
<WARNING> Actionscript un-caught exception encountered during "%s" 	0x8a0f40
tickIntervalTimers	0x8a15f0
eActionType == AAT_FUNCTION	0x8a1940
eActionType == AAT_ACTION	0x8a1940
Imported Init Actions	0x8a1d80
atan2	0x8bf100
round	0x8bf100
floor	0x8bf100
sendAndLoad	0x8bf100
getBytesLoaded	0x8bf100
getBytesTotal	0x8bf100
contentType	0x8bf100
toString	0x8bf100
loaded	0x8bf100
registerClass	0x8a48a0
fYAxisValue	0x8bf100
fXAxisValue	0x8bf100
fromCharCode	0x8bf100
toUpperCase	0x8bf100
toLowerCase	0x8bf100
substr	0x8bf100
length	0x8bf100,0x9d4340
slice	0x8bf100
lastIndexOf	0x8bf100
charCodeAt	0x8bf100
substring	0x8bf100
indexOf	0x8bf100
concat	0x8bf100,0x9979d0
charAt	0x8bf100
split	0x8bf100
_width	0x8bf100
scroll	0x8bc120
_height	0x8bf100
right	0x8bf100,0x8af650,0x8ad100
center	0x8bf100,0x8af650,0x8ad100
associateInstToClass	0x8b06c0
dynamic	0x8b0ee0
NodeValue	0x8bf100
NodeName	0x8bf100
getTimezoneOffset	0x8bf100
getUTCMonth	0x8bf100
getUTCDate	0x8bf100
getMonth	0x8bf100
getTime	0x8bf100
getDate	0x8bf100
setUTCMonth	0x8bf100
setUTCDate	0x8bf100
setMonth	0x8bf100
setTime	0x8bf100
setDate	0x8bf100
getUTCFullYear	0x8bf100
getUTCMilliseconds	0x8bf100
getFullYear	0x8bf100
getMilliseconds	0x8bf100
getUTCSeconds	0x8bf100
getUTCMinutes	0x8bf100
getYear	0x8bf100
getUTCHours	0x8bf100
getSeconds	0x8bf100
getMinutes	0x8bf100
getUTCDay	0x8bf100
getHours	0x8bf100
getDay	0x8bf100
setUTCFullYear	0x8bf100
setUTCMilliseconds	0x8bf100
setFullYear	0x8bf100
setMilliseconds	0x8bf100
setUTCSeconds	0x8bf100
setUTCMinutes	0x8bf100
setYear	0x8bf100
setUTCHours	0x8bf100
setSeconds	0x8bf100
setMinutes	0x8bf100
setHours	0x8bf100
reverse	0x8bf100
splice	0x8bf100
unshift	0x8bf100
sortOn	0x8bf100
shift	0x8bf100,0x8d0f10
_handleFocusButton	0x8bc3e0
undefKey	0x8bf100
undefined	0x8bf100
TextFormat	0x8bf100,0x8d0080
target	0x8bf100
string	0x8bf100,0xa7c31a,0xa81d7c,0xa8060d
setTransform	0x8bf100
setRGB	0x8bf100
onUnload	0x8bf100,0x8d30d0
onRollOver	0x8bf100,0x8d30d0
onRollOut	0x8bf100,0x8d30d0
onReleaseOutside	0x8bf100,0x8d30d0
onRelease	0x8bf100,0x8d30d0
onPress	0x8bf100,0x8d30d0
onMouseWheel	0x8bf100
onMouseUp	0x8bf100
onMouseMove	0x8bf100
onMouseDown	0x8bf100
onLoad	0x8bf100,0x8d30d0
onKeyUp	0x8bf100
onKeyDown	0x8bf100
onEnterFrame	0x8bf100
onDragOver	0x8bf100,0x8d30d0
onDragOut	0x8bf100,0x8d30d0
onData	0x8bf100
object	0x8bf100
number	0x8bf100
movieclip	0x8bf100
LoadVars	0x8bf100,0x8d0080
getTransform	0x8bf100
getRGB	0x8bf100
function	0x8bf100
Error	0x8bf100,0x8d0080,0x8cbbf0,0x8cbb80
controller	0x8bf100
boolean	0x8bf100
Array	0x8bf100,0x8d0080
_yscale	0x8bf100
_ymouse	0x8bf100
_xscale	0x8bf100
_xmouse	0x8bf100
_visible	0x8bf100
_type	0x8bf100
_totalframes	0x8bf100
_soundbuftime	0x8bf100
_rotation	0x8bf100
_right	0x8bf100
_quality	0x8bf100
_name	0x8bf100
_left	0x8bf100
_highquality	0x8bf100
_framesloaded	0x8bf100
_focusrect	0x8bf100
_droptarget	0x8bf100
_currentframe	0x8bf100
_alpha	0x8bf100
FSCommand:	0x8d16a0
instance%ld	0x8c4fa0
AptTrace: 	0x8c7d30
MovieClip	0x8d0080
apply	0x8d0f10
Action Init or Unload	0x8d22c0
doFrameControls	0x8d3860
runFrameActions	0x8d3a50
status	0x8ee4d0
No callback.	0x8eb170,0x8ea8d0,0x8e9860,0x8e9fb0,0x8e94a0,0x8e9580,0x8e9680,0x8e9740
Password too long.	0x8e9860
Email too long.	0x8ea8d0,0x8e9860
Nick too long.	0x8e9860
The connection has already been disconnected.	0x8eb170,0x8e9fb0,0x8ea150,0x8ea310,0x8ea5b0,0x8e9e20,0x8ea1a0,0x8ea2c0,0x8ea600,0x8ea860
Invalid profile.	0x8f3390,0x8f3460
\reason\	0x8f4ef0,0x8ea1a0
\newprofileid\	0x8ea1a0
\sesskey\	0x8f3210,0x8f0680,0x8ee4d0,0x8ed3f0,0x8f3190,0x8f3460,0x8ea1a0,0x8ea600
\addbuddy\	0x8ea1a0
Invalid reason.	0x8ea1a0
Invalid index.	0x8ea400
Invalid status.	0x8ea400
\locstring\	0x8ea600
\statstring\	0x8ea600
Invalid locationString.	0x8ea600
Invalid statusString.	0x8ea600
Invalid message.	0x8ea860
\productid\	0x8ee4d0,0x8ed200,0x8ecee0
\profileid\	0x8f2220,0x8f1ee0,0x8f0030,0x8ee4d0,0x8ed3f0,0x8ecee0
Out of memory.	0x8f3df0,0x8f3d80,0x8f35b0,0x8f29c0,0x8f2950,0x8f2e00,0x8f2220,0x8f1f60,0x8f0030,0x8f7080,0x8f6ef0,0x8f6280,0x8f5cc0,0x8eb170,0x8eaf10,0x8ef8e0,0x8efae0,0x8ee4d0,0x8edbd0,0x8eddb0,0x8eded0,0x8ed3f0,0x8ec130
Empty directory in filename.	0x8eaf10
Directory level in filename.	0x8eaf10
Filename can't start with a slash.	0x8eaf10
Invalid character in filename.	0x8eaf10
:*?"<>| 	0x8f4430,0x8eaf10
Can't get info on file.	0x8f5690,0x8eaf10
Can't find file.	0x8eaf10
Empty name.	0x8eaf10
Empty path.	0x8eaf10
File missing path and name.	0x8eaf10
No files to send.	0x8eb170
Cannot send files in simulation mode.	0x8eb170
\rate\	0x8f5080
Error saving profiles to disk.	0x8ebf20
The server has closed the connection.	0x8ec130
There was an error reading from the server.	0x8ee4d0,0x8ec130
Received an unrecognized, unsolicited message. 	0x8ec130
No matching operation found for id %d 	0x8ec130
CMD: %s 	0x8ec130
     ************* gpiInitialize 	0x8ec690
\fatal\	0x8ed3f0,0x8eca80
\errmsg\	0x8eca80
\err\	0x8eca80
\error\	0x8eca80
There was an error checking for a completed connection.	0x8ecb40
Parse Error.	0x8ecc00
ABCDEFGHIJKLMNOPQRSTUVWXYZabcdefghijklmnopqrstuvwxyz0123456789	0x8ecee0
There was an error connecting a socket.	0x8f6810,0x8eddb0,0x8ecd00
Could not resolve connection mananger host name.	0x8ecd00
There was an error getting a socket's addres.	0x8ecd00
There was an error listening on a socket.	0x8ecd00
There was an error binding a socket.	0x8ecd00
There was an error making a socket non-blocking.	0x8f6810,0x8eddb0,0x8ecd00
There was an error creating a socket.	0x8f6810,0x8eddb0,0x8ecd00
\id\1	0x8ed200,0x8ecee0
\namespaceid\	0x8ee4d0,0x8ed200,0x8ecee0
\gamename\	0x8ee4d0,0x8ed200,0x8ecee0
\port\	0x8ecee0
\firewall\1	0x8ecee0
\response\	0x8ecee0
\userid\	0x8ed3f0,0x8ecee0
\user\	0x8ecee0
\uniquenick\	0x8f2220,0x8ee4d0,0x8ed200,0x8ed3f0,0x8ecee0
\authtoken\	0x8ecee0
\challenge\	0x8ed3f0,0x8ecee0
\login\	0x8ecee0
%s%s%s%s%s%s	0x8ed3f0,0x8ecee0
                                                	0x8ed3f0,0x8ecee0
%s@%s	0x8ed3f0,0x8ecee0
\cdkeyenc\	0x8ed200
\passwordenc\	0x8ed200
\nick\	0x8f2220,0x8f6b40,0x8f6000,0x8ee4d0,0x8ed200
\email\	0x8f2220,0x8ee4d0,0x8ed200
\newuser\	0x8ee4d0,0x8ed200
Unexpected data was received from the server.	0x8f35b0,0x8f2220,0x8f0030,0x8efae0,0x8ed3f0
\lc\1	0x8ed3f0
Could not authenticate server.	0x8ed3f0
\proof\	0x8ed3f0
\lc\2	0x8ed3f0
Unexepected data was received from the server.	0x8ed3f0
\nur\	0x8ed3f0
\pid\	0x8f6b40,0x8f6000,0x8ee4d0,0x8ed3f0
The server has refused the connection.	0x8ed910
\logout\\sesskey\	0x8eda20
Invalid firewall.	0x8edbd0
Invalid connection.	0x8edbd0
Could not resolve search mananger host name.	0x8eddb0
No search criteria.	0x8edfe0
Invalid e-mail.	0x8ee140
Error reading from the search server.	0x8ee4d0
Could not connect to the search manager.	0x8ee4d0
usdone	0x8ee4d0
first	0x8ee4d0
odone	0x8ee4d0
others	0x8ee4d0
statuscode	0x8ee4d0
psrdone	0x8ee4d0
lastname	0x8f0780,0x8ee4d0
firstname	0x8f0780,0x8ee4d0
uniquenick	0x8f0780,0x8ee4d0
bsrdone	0x8ee4d0
\preferrednick\	0x8ee4d0
\uniquesearch\	0x8ee4d0
\others\	0x8ee4d0
\cdkey\	0x8ee4d0
\productID\	0x8ee4d0
\check\	0x8ee4d0
\pmatch\	0x8ee4d0
\pass\	0x8ee4d0
\nicks\	0x8ee4d0
\valid\	0x8ee4d0
\skip\	0x8ee4d0
\icquin\	0x8f2220,0x8ee4d0
\lastname\	0x8f2220,0x8ee4d0
\firstname\	0x8f2220,0x8ee4d0
\search\	0x8ee4d0
\npr\	0x8f0030
Failed to open the disk cache file. 	0x8f0ec0,0x8f0520
\delprofile\	0x8f0680
Unrecognized key: %s=%s 	0x8f0780
valid	0x8f0780
conntypeid	0x8f0780
ownership1	0x8f0780
interests1	0x8f0780
childcount	0x8f0780
marriedid	0x8f0780
incomeid	0x8f0780
industryid	0x8f0780
occupationid	0x8f0780
aimname	0x8f0780
publicmask	0x8f0780
birthyear	0x8f0780
birthmonth	0x8f0780
birthday	0x8f0780
countrycode	0x8f0780
zipcode	0x8f0780
icquin	0x8f0780
homepage	0x8f0780
userid	0x8f0780
%d: %s=%s 	0x8f0780
Reading profile %d from disk cache: 	0x8f0780
Loaded %d profiles from disk cache. 	0x8f0ec0
Invalid date.	0x8f1090
\updateui\\sesskey\	0x8f1340
\updatepro\\sesskey\	0x8f1340
\chc\	0x8f2220
\mar\	0x8f2220
\inc\	0x8f2220
\ind\	0x8f2220
\occ\	0x8f2220
\pic\	0x8f2220
\sex\	0x8f2220
\zipcode\	0x8f2220
\aim\	0x8f2220
\countrycode\	0x8f2220
\homepage\	0x8f2220
\birthday\	0x8f2220
\publicmask\	0x8f1e80
\getprofile\\sesskey\	0x8f1ee0
\sig\	0x8f2220,0x8f6b40,0x8f6000,0x8f3190
\conn\	0x8f2220
\pmask\	0x8f2220
\loc\	0x8f2220
\lat\	0x8f2220
\lon\	0x8f2220
SENDXXXX(%s): Connection closed 	0x8f2b40
There was an error sending on a socket.	0x8f2b40
RECVTOTL(%s): %d 	0x8f2e00
RECVXXXX(%s): Connection closed 	0x8f2e00
There was an error reading from a socket.	0x8f2e00
\len\	0x8f3040,0x8f6940
\msg\	0x8f3040,0x8f3210,0x8f35b0
\fromprofileid\	0x8f3190
\authadd\	0x8f3190
\delprofileid\	0x8f3460
\delbuddy\	0x8f3460
Profile not a buddy.	0x8f3460
|signed|	0x8f35b0
\date\	0x8f35b0
\mtime%d\	0x8f4130,0x8f4430
\size%d\	0x8f4130,0x8f4430
\name%d\	0x8f4130,0x8f4430
\version\%d\num\%d	0x8f4130
\file\%d\reason\%d	0x8f4390
\num\	0x8f4430
\version\	0x8f4430,0x8f4790
\result\	0x8f4790
%sgpt_%d_%d_%d.gpt	0x8f48a0
\mtime\	0x8f48a0
\size\	0x8f48a0
\file\	0x8f51e0,0x8f5290,0x8f4d40,0x8f4ef0,0x8f48a0,0x8f4ad0
\md5\	0x8f51e0,0x8f4ad0
HNDLDATA(PT): %d 	0x8f4d40
\version\%d\result\%d	0x8f5490
%d %u %u	0x8f5510
\xfer\	0x8f5510
\file\%d\size\%d\mtime\%u	0x8f5690
SENTTOTL(PT): %d 	0x8f5740
\aack\	0x8f6b40,0x8f6000
\anack\	0x8f6b40,0x8f6000
%s%d%d	0x8f6000
\auth\	0x8f6b40,0x8f6000
Tried to remove peer not in list.	0x8f65c0
Error connecting to a peer.	0x8f6810,0x8f6b40
\msg\ 	0x8f6940
\m\%d\xfer\%d %u %u	0x8f6a60
\len\%d\msg\ 	0x8f6aa0
Error parsing buddy message.	0x8f6b40
Error getting buddy authorization.	0x8f6b40
gpiProcessOperation was passed an operation with an invalid type (%d) 	0x8f7280
; truncating.  In order to fix this problem either set the geometry of the given object to non-small or reduce the geometry major radius. 	0x8f8520
 but maximum radius for small geometry is 	0x8f8520
 is too large for 'small' geometry. Radius given is 	0x8f8520
Object 	0x8f8520
*unknown*	0x8f8520
 or make the geometry non-small. 	0x8fa4b0
 is too large for a small object. Reduce major radius to a value less than 	0x8fa4b0
 or make the geometry non-small. The diagonal is calculated as SquareRoot( MajorRad*MajorRad + MinorRad*MinorRad ). 	0x8fa4b0
 is too large for a small object. Reduce the length of the diagonal of the box to a value less than 	0x8fa4b0
 is too large - INI error? 	0x8fa4b0
Geometry for 	0x8fa4b0
#%d!%g!%s#%s#%s!%d	0x8fed30
@NO_TEXTURE&	0x8fed30,0x9013a0
@NO_SUBOBJ&	0x8fed30,0x9013a0
#%d!%g!%s#%s#%s!%s	0x9004a0
D3DTOP_LERP	0x902a00
D3DTOP_MULTIPLYADD	0x902a00
D3DTOP_DOTPRODUCT3	0x902a00
D3DTOP_BUMPENVMAPLUMINANCE	0x902a00
D3DTOP_BUMPENVMAP	0x902a00
D3DTOP_MODULATEINVCOLOR_ADDALPHA	0x902a00
D3DTOP_MODULATEINVALPHA_ADDCOLOR	0x902a00
D3DTOP_MODULATECOLOR_ADDALPHA	0x902a00
D3DTOP_MODULATEALPHA_ADDCOLOR	0x902a00
D3DTOP_PREMODULATE	0x902a00
D3DTOP_BLENDCURRENTALPHA	0x902a00
D3DTOP_BLENDTEXTUREALPHAPM	0x902a00
D3DTOP_BLENDFACTORALPHA	0x902a00
D3DTOP_BLENDTEXTUREALPHA	0x902a00
D3DTOP_BLENDDIFFUSEALPHA	0x902a00
D3DTOP_ADDSMOOTH	0x902a00
D3DTOP_SUBTRACT	0x902a00
D3DTOP_ADDSIGNED2X	0x902a00
D3DTOP_ADDSIGNED	0x902a00
D3DTOP_ADD	0x902a00
D3DTOP_MODULATE4X	0x902a00
D3DTOP_MODULATE2X	0x902a00
D3DTOP_MODULATE	0x902a00
D3DTOP_SELECTARG2	0x902a00
D3DTOP_SELECTARG1	0x902a00
D3DTOP_DISABLE	0x902a00
D3DTA_COMPLEMENT	0x902b20
D3DTA_ALPHAREPLICATE	0x902b20
D3DTA_TFACTOR	0x902b20
D3DTA_TEXTURE	0x902b20
D3DTA_TEMP	0x902b20
D3DTA_SPECULAR	0x902b20
D3DTA_SELECTMASK	0x902b20
D3DTA_DIFFUSE	0x902b20
D3DTA_CURRENT	0x902b20
D3DTTFF_PROJECTED	0x902c50
D3DTTFF_COUNT4	0x902c50
D3DTTFF_COUNT3	0x902c50
D3DTTFF_COUNT2	0x902c50
D3DTTFF_COUNT1	0x902c50
D3DTTFF_DISABLE	0x902c50
D3DZB_FALSE	0x902cb0
D3DZB_TRUE	0x902cb0
D3DZB_USEW	0x902cb0
D3DFILL_POINT	0x902ce0
D3DFILL_WIREFRAME	0x902ce0
D3DFILL_SOLID	0x902ce0
D3DSHADE_FLAT	0x902d10
D3DSHADE_GOURAUD	0x902d10
D3DSHADE_PHONG	0x902d10
D3DBLEND_BOTHINVSRCALPHA	0x902d40
D3DBLEND_BOTHSRCALPHA	0x902d40
D3DBLEND_SRCALPHASAT	0x902d40
D3DBLEND_INVDESTCOLOR	0x902d40
D3DBLEND_DESTCOLOR	0x902d40
D3DBLEND_INVDESTALPHA	0x902d40
D3DBLEND_DESTALPHA	0x902d40
D3DBLEND_INVSRCALPHA	0x902d40
D3DBLEND_SRCALPHA	0x902d40
D3DBLEND_INVSRCCOLOR	0x902d40
D3DBLEND_SRCCOLOR	0x902d40
D3DBLEND_ONE	0x902d40
D3DBLEND_ZERO	0x902d40
D3DCULL_NONE	0x902de0
D3DCULL_CW	0x902de0
D3DCULL_CCW	0x902de0
D3DCMP_ALWAYS	0x902e10
D3DCMP_GREATEREQUAL	0x902e10
D3DCMP_NOTEQUAL	0x902e10
D3DCMP_GREATER	0x902e10
D3DCMP_LESSEQUAL	0x902e10
D3DCMP_EQUAL	0x902e10
D3DCMP_LESS	0x902e10
D3DCMP_NEVER	0x902e10
D3DFOG_LINEAR	0x902e80
D3DFOG_EXP2	0x902e80
D3DFOG_EXP	0x902e80
D3DFOG_NONE	0x902e80
D3DSTENCILOP_DECR	0x902ec0
D3DSTENCILOP_INCR	0x902ec0
D3DSTENCILOP_INVERT	0x902ec0
D3DSTENCILOP_DECRSAT	0x902ec0
D3DSTENCILOP_INCRSAT	0x902ec0
D3DSTENCILOP_REPLACE	0x902ec0
D3DSTENCILOP_ZERO	0x902ec0
D3DSTENCILOP_KEEP	0x902ec0
D3DMCS_MATERIAL	0x902f30
D3DMCS_COLOR1	0x902f30
D3DMCS_COLOR2	0x902f30
D3DVBF_TWEENING	0x902f60
D3DVBF_0WEIGHTS	0x902f60
D3DVBF_3WEIGHTS	0x902f60
D3DVBF_DISABLE	0x902f60
D3DVBF_1WEIGHTS	0x902f60
D3DVBF_2WEIGHTS	0x902f60
D3DPATCHEDGE_DISCRETE	0x902fb0
D3DPATCHEDGE_CONTINUOUS	0x902fb0
D3DDMT_ENABLE	0x902fd0
D3DDMT_DISABLE	0x902fd0
D3DBLENDOP_MAX	0x903010
D3DBLENDOP_MIN	0x903010
D3DBLENDOP_REVSUBTRACT	0x903010
D3DBLENDOP_SUBTRACT	0x903010
D3DBLENDOP_ADD	0x903010
A thread held onto DirectX for more than 20000msec.	0x903090
RenderDeviceTextureDepth	0x903ed0,0x903fe0
RenderDeviceWindowed	0x903ed0,0x903fe0
RenderDeviceDepth	0x903ed0,0x903fe0
RenderDeviceHeight	0x903ed0,0x903fe0
RenderDeviceWidth	0x903ed0,0x903fe0
RenderDeviceName	0x903ed0,0x903fe0
D3DFMT_DXT5	0x906660
D3DFMT_UYVY	0x906660
D3DFMT_DXT4	0x906660
D3DFMT_DXT2	0x906660
D3DFMT_YUY2	0x906660
D3DFMT_DXT3	0x906660
D3DFMT_DXT1	0x906660
D3DFMT_D24X4S4	0x906660
D3DFMT_D24X8	0x906660
D3DFMT_D16	0x906660
D3DFMT_D24S8	0x906660
D3DFMT_D15S1	0x906660
D3DFMT_D32	0x906660
D3DFMT_D16_LOCKABLE	0x906660
D3DFMT_V16U16	0x906660
D3DFMT_Q8W8V8U8	0x906660
D3DFMT_X8L8V8U8	0x906660
D3DFMT_L6V5U5	0x906660
D3DFMT_V8U8	0x906660
D3DFMT_A4L4	0x906660
D3DFMT_A8L8	0x906660
D3DFMT_A8P8	0x906660
D3DFMT_X4R4G4B4	0x906660
D3DFMT_A8R3G3B2	0x906660
D3DFMT_R3G3B2	0x906660
D3DFMT_X1R5G5B5	0x906660
D3DFMT_X8R8G8B8	0x906660
D3DFMT_P8	0x906660
D3DFMT_A8	0x906660
D3DFMT_L8	0x906660
D3DFMT_R5G6B5	0x906660
D3DFMT_A1R5G5B5	0x906660
D3DFMT_A4R4G4B4	0x906660
D3DFMT_R8G8B8	0x906660
D3DFMT_A8R8G8B8	0x906660
UNKNOWN (%d)	0x907be0,0x906fe0
D3DTSS_TCI_CAMERASPACEREFLECTIONVECTOR|%d	0x906fe0
D3DTSS_TCI_CAMERASPACEPOSITION|%d	0x906fe0
D3DTSS_TCI_CAMERASPACENORMAL|%d	0x906fe0
|D3DCOLORWRITEENABLE_ALPHA	0x907be0
|D3DCOLORWRITEENABLE_BLUE	0x9095a0,0x907be0
|D3DCOLORWRITEENABLE_GREEN	0x9095a0,0x907be0
|D3DCOLORWRITEENABLE_RED	0x9095a0,0x907be0
|D3DWRAP_W	0x907be0
|D3DWRAP_V	0x907be0
|D3DWRAP_U	0x907be0
Direct3D device reset failed after multiple attempts	0x9082b0
Device reset failed: 	0x9082b0
D3D9.DLL	0x90ab60
NVIDIA NVPerfHUD	0x90ae60
livingmap	0x90cd00
' is not a bump map format. Use run/art/textures/_convert_textures.bat to save as a v8u8 dds format to eliminate redundant loads.	0x90e1a0
Texture '	0x90e1a0
Bumpmap luminance support: %s  	0x91b890
Bumpmap support: %s  	0x91b890
Texture compression support: %s  	0x91b930
Vertex shader version: %d.%d, pixel shader version: %d.%d  	0x91b9a0
Driver version status: Good  	0x91ba00
Driver version status: OK (No known problems)  	0x91ba00
Driver version status: Bad (Driver update recommended)  	0x91ba00
Driver version status: Unknown  	0x91ba00
pmx2hal.dll	0x91ba00
ati3drai.dll	0x91ba00
atid32ae.dll	0x91ba00
ati2dvag.dll	0x91ba00
v66_disp.dll	0x91ba00
egliid.dll	0x91ba00
egdad.dll	0x91ba00
nvdd32.dll	0x91ba00
nv4_disp.dll	0x91ba00
nv4.dll	0x91ba00
Disabling multitexturing on S3 Savage 2000  	0x91be00
Maximum screen resolution limited to 1024 x 768 on S3 Savage 4 cards  	0x91be00
Maximum screen resolution limited to 1280 x 1024 on PowerVR Kyro cards  	0x91be00
Disabling render-to-texture on Voodoo3  	0x91be00
Maximum screen resolution limited to 1280 x 1024 on Voodoo2/Voodoo3/Banshee  	0x91be00
Disabling multitexturing on Voodoo2/Voodoo3/Banshee  	0x91be00
Disabling anisotropic filtering on Radeon VE  	0x91be00
Disabling render-to-texture on Radeon  	0x91be00
ModAlphaAddClr disabled ATI Rage 128 cards (cannot put texture in 2nd arg)  	0x91be00
Maximum screen resolution limited to 1280 x 1024 on ATI Rage 128 cards  	0x91be00
Disabling render-to-texture on ATI Rage 128 Pro GL  	0x91be00
Disabling render-to-texture on Rage Pro  	0x91be00
Disabling multitexturing on ATI Rage Pro  	0x91be00
ModAlphaAddClr disabled Matrox G400 and G550 cards (cannot put texture in 2nd arg)  	0x91be00
Disabling DXT1 support on NVidia hardware.  	0x91be00
NVidia Driver reported N-Patch support, disabling.  	0x91be00
Max textures per pass: %d  	0x91c230
Anisotropic filtering support: %s  	0x91c230
Dot3 support: %s  	0x91c230
ModAlphaAddClr support: %s  	0x91c230
Gamma support: %s  	0x91c230
ZBias support: %s  	0x91c230
NPatch support: %s  	0x91c230
Hardware T&L support: %s  	0x91c230
GUID = {0x%x, 0x%x, 0x%x}, {0x%2.2x, 0x%2.2x, 0x%2.2x, 0x%2.2x, 0x%2.2x, 0x%2.2x, 0x%2.2x, 0x%2.2x}  	0x91c230
Revision: %d  	0x91c230
SubSys id: 0x%x  	0x91c230
Device id: 0x%x  	0x91c230
Vendor id: 0x%x  	0x91c230
Type of chip: 	0x91c230
Video Card Chip Vendor: %s  	0x91c230
Product=%d, Version=%d, SubVersion=%d, Build=%d  	0x91c230
Driver: %s  	0x91c230
Video Card: %s  	0x91c230
[Args] %s	0x922990
MeshGeometryClass::VertexNorm	0x927230,0x9268c0
MeshGeometryClass::Vertex	0x927360,0x9268c0
MeshGeometryClass::Poly	0x9268c0
 is not a valid shadow caster, it may contain T-junctions or not be closed. Shadow bugs are more than likely.	0x928820
 contains at least one triangle that doesn't share an edge with another triangle. Shadow bugs will occur.	0x928820
 shares an edge with more than two triangles, this will cause shadow bugs.	0x928820
Geometry for model 	0x928820
MeshMatDescClass::MaterialArray	0x92a430
MeshMatDescClass::TextureArray	0x92be50
MeshMatDescClass::ShaderArray	0x92bf50
#%d#%s	0x92df50
HOUSECOLOR	0x92df50
MaterialPassClass	0x933370
 * = thumbnail used 	0x937900
percent    = savings of reduction system, in percents 	0x937900
(w/o red)     = size of reduction not used 	0x937900
size          = amount of memory needed for texture 	0x937900
red         = texture reduction factor 	0x937900
changes    = # of times texture change needed - BAD IF HIGH! 	0x937900
refs          = # of times texture is used when rendering 	0x937900
 id              = id of texture. Use with command 'flash_texture [id]' 	0x937900
N/A  	0x937900
%4.4dkb         	0x937900
%4.4d  %3.3d   %3.3d     %s 	0x937900
Set_DX8_Texture count: %d actual changes: %d  id      refs changes  size      name -------------------------------------- 	0x937900
\asset.dat	0x938620
asset.dat	0x938620
assetCacheBuilder.exe	0x938620
TextureAssetBuilder.exe	0x938620
RootTransform	0x952670,0x9531a0
LEFTTHUMB	0x955470
LEFTFINGERS	0x955470
LEFTINDEX	0x955470
RIGHTTHUMB	0x955470
RIGHTFINGERS	0x955470
RIGHTINDEX	0x955470
 LEFTHAND	0x955470
 LEFTFOREARM	0x955470
 RIGHTHAND	0x955470
 RIGHTFOREARM	0x955470
avi write error %x/%d 	0x958570
VScale	0x964670
UScale	0x964670
VCenter	0x964b00
UCenter	0x964b00
VPhase	0x964de0
VFreq	0x964de0
UPhase	0x964de0
UFreq	0x964de0
ClampFix	0x9668b0,0x9650a0
VStep	0x9650a0
UStep	0x9650a0
Period	0x965420
VPerSec	0x9668b0,0x965ce0,0x965420,0x965780
UPerSec	0x9668b0,0x965ce0,0x965420
UseReflect	0x965780
VStart	0x965780
VOffset	0x9668b0
UOffset	0x9668b0
Log2Width	0x966ab0
BumpScale	0x9693a0
BumpRotation	0x9693a0
MeshModelClass::DefMatDesc::TextureArray	0x96ee60
 %8d %8d %6d %6d %6d %s 	0x972cd0
BOUNDINGBOX	0x97c1a0
ParticleBufferClass::Diffuse	0x984cb0
ParticleBufferClass::Color	0x989a20,0x985050
ParticleBufferClass::TailPosition	0x989130
ParticleBufferClass	0x989130
no value	0x98ff70
invalid tag for a userdata (%d)	0x9904f0
reference table overflow	0x990910
cannot change the tag of a %.20s	0x990a30
invalid option	0x990ca0,0x993f90
function or level expected	0x990ca0
>%.10s	0x990ca0
flnSu	0x990ca0
level out of range	0x990fe0,0x990f50
function expected	0x991120
wrong number of arguments	0x9917a0
out of range	0x991c00
invalid capture index	0x991d40,0x992810,0x992290
invalid pattern capture	0x992230
malformed pattern (ends with `%')	0x991db0
malformed pattern (missing `]')	0x991db0
unbalanced pattern	0x992040
too many captures	0x9921e0,0x9925c0
unfinished capture	0x9925c0
appendto	0x994330
_ERRORMESSAGE	0x996130,0x994cf0
_OUTPUT	0x994330
_INPUT	0x994330
generic I/O error	0x993a40,0x993100,0x993db0,0x993e10,0x993330
cannot access a closed file	0x993850,0x993a40,0x993060
global variable `%.10s' is not a file handle	0x993060
not enough memory to read a file	0x9937b0,0x993710
invalid format	0x993850
read patterns are deprecated	0x993850
too many arguments	0x993850,0x994cf0
%.16g	0x993a40,0x997200
_STDERR	0x994330
_STDOUT	0x994330
_STDIN	0x994330
error	0xa3eba0,0xa3d4fb,0xa40c48
nextvar	0x9957a0
foreachvar	0x9957a0
syntax error	0xa7ba54,0xa3f954,0x99d050,0x99cb80,0xa3ce78,0xa3cf65,0xa7c059,0xa41bb2,0xa85da8,0xa44741
deprecated option `p' in `call'	0x994cf0
value expected	0x99a810,0x994e40
assertion failed!  %.90s	0x9950a0
invalid order function for sorting	0x995320
function `%.20s' is deprecated	0x995780
_VERSION	0x9957e0
Lua 4.0.1	0x9957e0
stack overflow	0x9959c0,0x995c40
(stdin)	0x995eb0
unable to recover; exiting 	0x9961a0
value for `lua_getinfo' is not a function	0x9965a0
tag-method	0x9966e0
global	0x996950,0x9966e0
field	0x996950
local	0x996950
attempt to %.30s a %.10s value	0x996af0
attempt to %.30s %.20s `%.40s' (a %.10s value)	0x996af0
attempt to compare %.10s with %.10s	0x996b80
attempt to compare two %.10s values	0x996b80
string "%.99s"	0x9970b0
string "	0x9970b0
file `%.99s'	0x9970b0
file `...%.99s'	0x9970b0
index	0x9974f0,0x997400
perform arithmetic on	0x997840
string size overflow	0x9979d0
`for' table must be a table	0x997c80
`for' index must be a number	0x997c80
`for' initial value must be a number	0x997c80
`for' limit must be a number	0x997c80
`for' step must be a number	0x997c80
undefined operation	0x997c80
settable	0x9988c0,0x996630
gettable	0x9988c0
`%.50s' is not a valid event name	0x998930
event `gc' for tables is deprecated	0x998930
event `%.50s' is deprecated	0x998930
tag table overflow	0x998a60
%d is not a valid tag	0x998b30,0x998d20,0x998c90
tag %d was not created by `newtag'	0x998b00
tag method must be a function (or nil)	0x998d20
cannot change `%.20s' tag method for type `%.20s'%.20s	0x998d20
 with default tag	0x998d20
table index is nil	0x999300,0x999790
invalid key for `next'	0x999440
table overflow	0x999580
memory allocation error: block too big	0x999910
bad argument #%d to `%.50s' (%.100s)	0x99a6c0
%.8s expected, got %.8s	0x99a840,0x99a7a0,0x99a720
stack overflow (%.30s)	0x99a770
`%.20s' expected	0x99aa50,0x99aa10
`%.20s' expected (to close `%.20s' at line %d)	0x99ab20
constant table overflow	0x99b1b0,0x99abe0,0x99ac30,0x99ad00,0x99e430
<name> expected	0x99ba20,0x99ac90
local variables	0x99adb0,0xa838dd
cannot access a variable in outer scope	0x99bb40,0x99c780
upvalues	0x99af80
upvalue must be global or local to immediately outer scope	0x99b000
cannot access upvalue in main	0x99b000
parameters	0x99b0e0
(step)	0x99b750
(limit)	0x99b750
(table)	0x99b850
`in' expected	0x99b850
`=' or `,' expected	0x99b940
no loop to break	0x99bc90
<name> or `...' expected	0x99bd30
<name> or `[' expected	0x99bef0
`item groups' in a list initializer	0x99c060
elements in a table constructor	0x99c2d0
invalid constructor syntax	0x99c2d0
function arguments expected	0x99c410
<expression> expected	0x99c810
variables in a multiple assignment	0x99cb80
<statement> expected	0x99d0c0
<eof> expected	0x99d380
unexpected end of file in `%.99s'	0x99d950,0x99dab0,0x99dbe0,0x99dcf0,0x99dc70,0x99d590,0x99d500,0x99d6d0,0x99d7d0
bad code in `%.99s'	0x99d740
bad signature in `%.99s'	0x99dbe0
virtual machine mismatch in `%.99s':   %.20s is %d but read %d	0x99dc70
unknown number format in `%.99s':   read %.16g; expected %.16g	0x99dcf0
SIZE_B	0x99dcf0
SIZE_OP	0x99dcf0
SIZE_INSTRUCTION	0x99dcf0
sizeof(Instruction)	0x99dcf0
sizeof(size_t)	0x99dcf0
sizeof(int)	0x99dcf0
`%.99s' too old:   read version %d.%d; expected at least %d.%d	0x99dcf0
`%.99s' too new:   read version %d.%d; expected at most %d.%d	0x99dcf0
`%.99s' apparently contains more than one chunk	0x99def0
control structure too long	0x99e360,0x99e5f0
function or expression too complex	0x99fae0,0x99f010,0x99f1d0,0x99f410,0x99f760,0x99e840,0x99ec90,0x99ed80,0x99ee10,0x99ef70,0x99e3e0,0x99e4f0
line info overflow	0x99e7d0
code size overflow	0x99fae0,0x99f010,0x99f1d0,0x99f410,0x99f760,0x99e840,0x99ec90,0x99ed80,0x99ee10,0x99ef70
while	0xa81d7c
break	0xa81d7c,0x99fde0
%.99s;   last token read: `%.30s' at line %d in %.80s	0x99fea0,0x99fe20,0x9a0020
invalid control char	0x99fea0
0x%02X	0x99fea0
malformed number	0x9a00d0
ambiguous syntax (decimal point x string concatenation)	0x9a00d0
too many %.50s (limit=%d)	0x9a03b0,0x9a0370
lines in a chunk	0x9a03b0
unfinished long string	0x9a0420
unfinished string	0x9a06b0
unexpected `$' (pragmas are no longer supported)	0x9a0b60
%s_%02d.csv	0x9a1b70
%8d %8d %8d  	0x9a5620
badframes.stt	0x9a5620
F:%d G:%d Q:%d S:%d B: %d W:%d H:%d V:%d Decode:%8d, Blit:%8d, PP:%8d, P:%d	0x9aabb0
AuthenticAMD	0x9de9c0,0xa5eaed,0x9c4b70
GenuineIntel	0x9de9c0,0xa5e62c,0xa27599,0x9c4b70
shaders.big	0x9c87a0
<MemoryReadFile>	0x9cb3d0
<MemoryWriteFile>	0x9cb4e0
<no file>	0x9cb8c0,0x9cb880,0x9cb7a0
Streaming from a compressed archive file is not supported	0x9d22d0
CD Key or challenge too long	0x9d2ab0
errmsg	0x9d4200
pauthr	0x9d4200
getpidr	0x9d42b0
\data\	0x9d4340
getpdr	0x9d4340
setpdr	0x9d4430
\setpdr\	0x9d44e0
\getpdr\	0x9d44e0
\getpidr\	0x9d44e0
\pauthr\	0x9d44e0
\%s\%d	0x9d59a0
\%s\%f	0x9d59a0
Don't know how to load version %i (most recent is %i)	0x9d6430
Found version %i but the earliest supported is %i	0x9d6430
Block end expected but EBLK ID was not found at %i	0x9d8ab0
Could not skip over BAD block to %i	0x9d8b60
Block '%s' expected but BLOK ID was not found at %i	0x9d8d10,0x9d8e40
Could not skip over block '%s' to %i	0x9d8e40
 %02x	0x9d9d90,0x9d9220
--- 0 raw bytes 	0x9d9d90,0x9d9220
version: %i 	0x9d9d90,0x9d9360
%i=0x%x [byte] 	0x9d9d90,0x9d93e0
%i=0x%x [ubyte] 	0x9d9d90,0x9d9420
%i [bool] 	0x9d9d90,0x9d9460
%i=0x%x [int] 	0x9d9d90,0x9d94a0
%I64i=0x%I64x [int64] 	0x9d9d90,0x9d94e0
%u=0x%x [uint] 	0x9d9d90,0x9d9520
%i=0x%x [short] 	0x9d9d90,0x9d9560
%i=0x%x [ushort] 	0x9d9d90,0x9d95a0
%1.6f=%f 	0x9d95e0
x:%1.6f,y:%1.6f,z:%1.6f [coord3d] 	0x9d9620
x:%i,y:%i,z:%i [icoord3d] 	0x9d9d90,0x9d9670
x:%1.6f,y:%1.6f,z:%1.6f to x:%1.6f,y:%1.6f,z:%1.6f [region3d] 	0x9d96b0
x:%i,y:%i,z:%i to x:%i,y:%i,z:%i [iregion3d] 	0x9d9d90,0x9d9710
x:%1.6f,y:%1.6f [coord2d] 	0x9d9760
x:%i,y:%i [icoord2d] 	0x9d9d90,0x9d97a0
x:%1.6f,y:%1.6f to x:%1.6f,y:%1.6f [region2d] 	0x9d97e0
x:%i,y:%i to x:%i,y:%i [iregion2d] 	0x9d9830,0x9d9d90
%1.6f to %1.6f [range] 	0x9d9870
r:%1.3f,g:%1.3f,b:%1.3f [rgb] 	0x9d98b0
r:%1.3f,g:%1.3f,b:%1.3f,a:%1.3f [rgba] 	0x9d9900
r:%i,g:%i,b:%i,a:%i [irgba] 	0x9d9950,0x9d9d90
 [%s]	0x9d9990
'%s' [ascii] 	0x9d9a30,0x9d9d90
%'%S' [unicode] 	0x9d9a80
</%s> 	0x9d9d90
<%s> 	0x9d9d90
Unknown data type ID 0x%08x	0x9d9d90
'%S' [unicode] 	0x9d9d90
r:%1.3f,g:%1.3f,b:%1.3f,a:%1.3f (0xR:%08x,0xG:%08x,0xB:%08x,0xA:%08x) [rgba] 	0x9d9d90
%1.6f to %1.6f (0x:%08x to 0x:%08x) [range] 	0x9d9d90
%1.6f (0x%08x) [float] 	0x9d9d90
%i [enum] 	0x9d9d90
x:%1.6f,y:%1.6f,z:%1.6f to x:%1.6f,y:%1.6f,z:%1.6f (0xX:%08x,0xY:%08x,0xZ:%08x to 0xX:%08x,0xY:%08x,0xZ:%08x) [region3d] 	0x9d9d90
r:%1.3f,g:%1.3f,b:%1.3f (0xR:%08x,0xG:%08x,0xB:%08x) [rgb] 	0x9d9d90
x:%1.6f,y:%1.6f to x:%1.6f,y:%1.6f (0xX:%08x,0xY:%08x to 0xX:%08x,0xY:%08x) [region2d] 	0x9d9d90
x:%1.6f,y:%1.6f (0xX:%08x,0xY:%08x) [coord2d] 	0x9d9d90
x:%1.6f,y:%1.6f,z:%1.6f (HexX:%08x,HexY:%08x,HexZ:%08x) [coord3d] 	0x9d9d90
STRING_	0x9dc5f0
WINME	0x9de410
WIN98	0x9de410
Windows 95a OSR1 final Update	0x9de410
WIN95	0x9de410
WIN9X	0x9de410
WINXX	0x9de410
WINXP	0x9de410
WIN2K	0x9de410
WINNT	0x9de410
GenuineTMx86	0x9de9c0
RiseRiseRise	0x9de9c0
CentaurHauls	0x9de9c0
NexGenDriven	0x9de9c0
CyrixInstead	0x9de9c0
UMC UMC UMC	0x9de9c0
AMD ISBETTER	0x9de9c0
<UNKNOWN>	0x9df350
Pentium4	0x9df350
Pentium III, model B	0x9df350
Pentium III Xeon, model A	0x9df350
Pentium III Xeon, model 8	0x9df350
Pentium III, model 8	0x9df350
Celeron, model 8	0x9df350
Pentium III Xeon, model 7	0x9df350
Pentium III, model 7	0x9df350
Celeron, model 6	0x9df350
Pentium II Xeon, model 5	0x9df350
Pentium II, model 5	0x9df350
Celeron, model 5	0x9df350
Pentium II, model 4	0x9df350
Pentium II, model 3	0x9df350
Pentium II Overdrive	0x9df350
Pentium Pro	0x9df350
Pentium Pro (Engineering Sample)	0x9df350
Pentium MMX	0x9df350
Pentium Overdrive	0x9df350
Pentium	0x9df350
80486DX4(WB)	0x9df350
80486DX4	0x9df350
80486DX2(WB)	0x9df350
80486SX2	0x9df350
80486SL	0x9df350
80486DX2	0x9df350
80486SX	0x9df350
80486DX	0x9df350
80386	0x9df350
L2 cache: None  	0x9df630
L2 Cache: %d byte cache lines, %d way set associative, %dk  	0x9df630
L1 Instruction Trace Cache: None  	0x9df630
L1 Instruction Cache: None  	0x9df630
L1 Instruction Cache: %d byte cache lines, %d way set associative, %dk  	0x9df630
L1 Data Cache: None  	0x9df630
L1 Data Cache: %d byte cache lines, %d way set associative, %dk  	0x9df630
Ext. CPU Feature bits: 0x%x  	0x9df630
CPU Feature bits: 0x%x  	0x9df630
Extended 3DNow!: %s  	0x9df630
3DNow!: %s  	0x9df630
SSE2: %s  	0x9df630
SSE: %s  	0x9df630
MMX: %s  	0x9df630
CMOV: %s  	0x9df630
RDTSC: %s  	0x9df630
CPUID: %s  	0x9df630
Available virtual memory: %dMb  	0x9df630
Total virtual memory: %dMb  	0x9df630
Total available page file size: %dMb  	0x9df630
Total page file size: %dMb  	0x9df630
Available physical memory: %dMb  	0x9df630
Total physical memory: %dMb  	0x9df630
Processor type: %s  	0x9df630
*Intel Reserved*	0x9df630
Overdrive	0x9df630
Original OEM	0x9df630
Clock speed: ~%dMHz  	0x9df630
Processor: %s  	0x9df630
OS-Info: %s  	0x9df630
Operating system build: %d.%d.%d  	0x9df630
Operating system version %d.%d  	0x9df630
Windows 3.1	0x9df630
Windows 9x	0x9df630
Windows NT	0x9df630
Operating System: 	0x9df630
%x %x 	0x9dfd60
%s %d 	0x9dfd60
TRUEVISION-XFILE	0x9e0ee0,0x9e0700
Denzil's Targa Code	0x9e0ee0
Duplicate CRC in INI file.	0x9e2160
%s - Duplicate Entry "%s" in section "%s" (%s) 	0x9e2160
<unknown>	0x9eedf0,0x9e3640,0x9e45f0,0x9e4680
INIClass::Put_String	0x9e3bd0
INIClass::Load	0x9e4680
ABCDEFGHIJKLMNOPQRSTUVWXYZabcdefghijklmnopqrstuvwxyz0123456789+/	0x9eb560
[info] Demand load: 	0x9f0fa0
Kernel32.dll	0x9f76e4
Run-Time Check Failure #%d - %s	0x9f777c
  Module: 	0x9f78c7
  Line: 	0x9f78c7
Invalid pointer was assigned at  File: 	0x9f78c7
' was corrupted.	0x9f7a5b
Stack around the variable '	0x9f7a5b
A variable is being used without being defined.	0x9f7ae7
' is being used without being defined.	0x9f7ae7
The variable '	0x9f7ae7
MSPDB71.DLL	0x9f83df
Module32Next	0x9f808e
Module32First	0x9f808e
GetModuleInformation	0x9f808e
EnumProcessModules	0x9f808e
PSAPI.DLL	0x9f808e
CreateToolhelp32Snapshot	0x9f808e
ImageNtHeader	0x9f808e
IMAGEHLP.DLL	0x9f808e
KERNEL32.DLL	0x9f808e
EnvironmentDirectory	0x9f83df
SOFTWARE\Microsoft\VisualStudio\7.1\Setup\VS	0x9f83df
RegCloseKey	0x9f83df
RegQueryValueExA	0x9f83df
RegOpenKeyExA	0x9f83df
ADVAPI32.DLL	0x9f83df
PDBClose	0x9f8517
DBIClose	0x9f8517
ModClose	0x9f8517
ModQueryLines	0x9f8517
DBIQueryModFromAddr	0x9f8517
PDBOpenDBI	0x9f8517
PDBOpenValidate3	0x9f8517
vs_3_0	0xa04a76
vs_2_sw	0xa54a9e
vs_2_a	0xa03fb8
vs_2_0	0xa03fb8
vs_1_1	0xa03fb8
ps_2_sw	0xa54a9e
ps_2_a	0xa03f1d
ps_2_0	0xa03f1d
ps_1_4	0xa03f1d
ps_1_3	0xa03f1d
ps_1_2	0xa03f1d
ps_1_1	0xa03f1d
s.3.0	0xa049da
%.9f, %d, %d  	0xa16d99,0xa16e4f
d:\dump.txt	0xa16d99,0xa16e4f
DisableMMX	0xa274e9
DisableD3DXPSGP	0xa27656
DisablePSGP	0xa27656
D3DXDoNotMute	0xa277b4
d3d9d.dll	0xa277b4
DebugSetMute	0xa277b4
d3d9.dll	0xabc7a4,0xa277b4,0xa44d0f
D3DX: (WARN) D3DX relies upon this behavior.  	0xa27884
D3DX: (WARN) least zero bytes. Deletion of a null pointer should quietly do nothing.  	0xa27884
D3DX: (WARN) An allocation of zero bytes should return a unique non-null pointer to at  	0xa27884
D3DX: (WARN) Overloaded ::new and ::delete operators do not conform to C++ standards:  	0xa27884
#?RADIANCE #File created by Microsoft (R) D3DX library FORMAT=32-bit_rle_rgbe #Timestamp: 	0xa2adbd
1.0.5	0xa29b90,0xa29cfc
%u %u%s	0xa2a9b1
%u %u -1.000000 	0xa2ac66
-Y %u +X %u 	0xa2adbd
EXPOSURE=	0xa2b220
32-bit_rle_xyze	0xa2b220
FORMAT=	0xa2b220
#?RADIANCE	0xa2b220
failed to open source file: '%s'	0xa3cafc
failed to open resource	0xa3cca9
invalid preprocessor command '%s'	0xa3ce78
too many nested #includes	0xa3cf65
include interface required to support #include from resource or memory	0xa3cf65
error: %s	0xa3d14e
unexpected #elif following #else	0xa3d28c
unexpected #elif	0xa3d28c
unexpected #else following #else	0xa3d305
unexpected #else	0xa3d305
unexpected #endif	0xa3d36d
column_major	0xa3d3c3,0xa81d7c
row_major	0xa3d3c3,0xa81d7c
default	0xa3d4fb,0xa81d7c
disable	0xa3d4fb
internal error: production failed	0xa3e03a
warning	0xa3e150,0xa40c48
pack_matrix	0xa3e150
'%s' : macro redefinition	0xa3e1f3
invalid or unsupported integer constant expression	0xa3eba0,0xa3e2a8
functional defines in preprocessor expressions not yet implemented	0xa3e2a8
__LINE__	0xa3ffbb,0xa3e2a8
not enough actual parameters for macro '%s'	0xa3e34d
unexpected end of file in macro expansion	0xa3e34d
defined	0xa3eba0
define	0xa3eba0
endif	0xa3eba0
include	0xa3eba0
fndef	0xa3eba0
pragma	0xa3eba0
undef	0xa3eba0
duplicate macro parameter '%s'	0xa3f033
D3DX_VERSION	0xa3f2eb
DIRECT3D_VERSION	0xa3f2eb
DIRECT3D	0xa3f2eb
internal error: out of memory	0xa7bca8,0xa3f532,0xa52f87,0xa84853,0xa4415e
Stack	0xa3f532,0xa84853,0xa4415e
internal error: stack underflow	0xa3f532,0xa84853,0xa4415e
yacc stack overflow	0xa3f954,0xa85da8,0xa44741
__FILE__	0xa3ffbb
unexpected end of file	0xa3ffbb
unexpected tokens following preprocessor directive	0xa3ffbb
error X%u: 	0xa40b7f
(%u): 	0xa40b7f,0xa40c48
%s X%u: 	0xa40c48
syntax error : unexpected %s	0xa40da9
token	0xa7ba54,0xa40da9
end of file	0xa7ba54,0xa40da9
end of line	0xa7ba54,0xa40da9
string constant	0xa7ba54,0xa40da9
token '%s'	0xa7ba54,0xa40da9
float '%gl'	0xa40da9
float '%gf'	0xa40da9
float '%gh'	0xa40da9
float '%g'	0xa40da9
integer '%uul'	0xa40da9
integer '%dl'	0xa40da9
integer '%u'	0xa40da9
version token	0xa7ba54,0xa40da9
comment continues past end of file	0xa40eec
hex value truncated to 32bits	0xa41013
octal value truncated to 32bits	0xa410b8
decimal value truncated to 32bits	0xa41134
character continues past end of file	0xa411d5
string continues past end of line	0xa414ae
string continues past end of file	0xa414ae
texcoord	0xa939f5,0xa96b80,0xa8feb4,0xa41d11
SPECULAR	0xa417b5
DIFFUSE	0xa417b5
SAMPLE	0xa417b5
DEPTH	0xa417b5
COLOR	0xa939f5,0xa8feb4,0xa417b5
POSITIONT 	0xa417b5
TESSFACTOR	0xa417b5
BINORMAL	0xa417b5
TANGENT	0xa417b5
TEXCOORD	0xa417b5
PSIZE	0xa417b5
BLENDINDICES	0xa417b5
BLENDWEIGHT	0xa417b5
POSITION	0xa96b80,0xa417b5
invalid instruction modifiers '%s'	0xa41bb2
'%s' is not a valid instruction in this shader version	0xa41bb2
sample	0xa96b80,0xa41d11
depth	0xa939f5,0xa96b80,0xa8feb4,0xa41d11
positiont	0xa96b80,0xa41d11
tessfactor	0xa41d11
binormal	0xa96b80,0xa41d11
tangent	0xa96b80,0xa41d11
psize	0xa98e26,0xa939f5,0xa96b80,0xa8feb4,0xa41d11
blendindices	0xa96b80,0xa41d11
blendweight	0xa96b80,0xa41d11
position	0xa98e26,0xa939f5,0xa96b80,0xa8feb4,0xa41d11
volume	0xa41d11
centroid	0xa41d11
invalid mask '%s'	0xa426a5
invalid swizzle '%s'	0xa42758
internal error: instruction size mismatch	0xa42904
only a0.x is allowed as a relative address register in vs_1_1	0xa42904
source modifiers incompatible with SUB instruction	0xa42904
relative addressing of predicates is not supported in this shader version	0xa42904
source modifiers are not allowed on predicates	0xa42904
predicates are not supported in this shader version	0xa42904
relative addressing of destination parameters is not supported in this shader version	0xa42904
only one address register reference is allowed in a relative address expression	0xa42904
source modifiers are not allowed on destination parameters	0xa42904
call, callnz, label, and ret instructions are not allowed in assembly fragments	0xa42904
Matrices cannot be specified in temp registers with the fragment linker	0xa42904
fragment info exceeds maximum comment size	0xa4312a
Microsoft (R) D3DX9 Shader Assembler 4.09.00.1126	0xa4312a,0xa4337f
debug info exceeds maximum comment size; no debug info emitted	0xabc11f,0xa4337f
constant register address out of bounds on constant '%s', size %d, offset %d	0xa43840
constant register '%s' must be defined as a variable '%s'	0xa43840
'%s' is not a valid register name.  Registers must start with v_, r_, c_, b_, or i_ depending on the register type.	0xa43840
addressing operations not allowed on temporary registers '%s'	0xa43840
addressing operations are not allowed on input registers '%s'	0xa43840
Invalid pixel shader input register '%s' specified	0xa43840
Invalid input register '%s' specified	0xa43840
invalid register, input, or constant name '%s'	0xa43840
entrypoint	0xa43b2b
invalid register '%s'	0xa43c07
invalid register '%s[...]'	0xa43c07
invalid register '%s[%u]'	0xa43c07
temporary and constant registers are not allowed in assembly fragments	0xa43c07
Direct3DShaderValidatorCreate9	0xabc7a4,0xa44d0f
only vs_1_1, vs_2_0, vs_2_x, vs_2_sw, ps_2_0, ps_2_x, and ps_2_sw are supported for assembly fragments	0xa44d0f
unrecognized shader version	0xa44d0f
ps_1_0 is no longer supported; using ps_1_1	0xa54a9e,0xa44d0f
vs_1_0 is no longer supported; using vs_1_1	0xa54a9e,0xa44d0f
shader version expected	0xa44d0f
internal error: unknown node	0xa7bfc6,0xa7c0e4,0xa7c1e3,0xa7c171,0xa7c5eb,0xa46a21,0xa46b8f,0xa46e18
internal error: result register invalid	0xa52f87,0xa46f29
internal error: argument missing context (A%u)	0xa46f29
loop does not appear to terminate in a timely manner (%d iterations)	0xa4b2b7
intrinsic function '%s' is not yet implemented	0xa4b968
array index out of bounds	0xa71be5,0xa50ee4,0xa831b4,0xa81423
internal error: unrecognized statement	0xa51fcf
'%s': output parameter '%s' never assigned a value	0xa523cb
'%s': output parameter '%s' missing semantics	0xa523cb
'%s': function return value missing semantics	0xa523cb
'%s': function must return a value	0xa523cb,0xa83819
'%s': input parameter '%s' missing semantics	0xa523cb
'%s': recursive functions not yet implemented	0xa523cb
internal error: unrecognized expression	0xa52f87
function '%s' missing implementation	0xa52f87
internal error: l-value expected	0xa52f87
internal error: unrecognized value	0xa547a0
overloaded function not found	0xa54a9e
'%s': entrypoint not found	0xa54a9e
unrecognized compiler target '%s'	0xa54a9e
non-trivial object expressions not yet implemented	0xa54f65
expressions returning objects in an array or struct not yet implemented	0xa54f65
internal error: expression expected	0xa54f65
Emissive	0xa5828a
Power	0xa5828a
Failed to add x file data object!	0xa5a01f,0xa593a3,0xa594f0,0xa595cd,0xa596b6,0xa581d4,0xa5810d,0xa5828a,0xa57ccf,0xa57d72,0xa57eb7,0xa57e26,0xa57f9e
Failed to create x file data object!	0xa5a01f,0xa593a3,0xa594f0,0xa595cd,0xa596b6,0xa581d4,0xa5810d,0xa5828a,0xa57ccf,0xa57d72,0xa57eb7,0xa57e26,0xa57f9e
Out of memory!	0xa57f9e
Texture1	0xa5828a
xof 0303txt 0032        template FVFData         {             <B6E70A0E-8EF9-4e83-94AD-ECC8B0C04897>             DWORD dwFVF;             DWORD nDWords;             array DWORD data[nDWords];         }         template VertexElement         {             <F752461C-1E23-48f6-B9F8-8350850F336F>             DWORD Type;             DWORD Method;             DWORD Usage;             DWORD UsageIndex;         }         template DeclData         {             <BF22E553-292C-4781-9FEA-62BD554BDD93>             DWORD nElements;             array VertexElement Elements[nElements];             DWORD nDWords;             array DWORD data[nDWords];         }         template PMAttributeRange         {             <917E0427-C61E-4a14-9C64-AFE65F9E9844>             DWORD iFaceOffset;             DWORD nFacesMin;             DWORD nFacesMax;             DWORD iVertexOffset;             DWORD nVerticesMin;             DWORD nVerticesMax;         }         template PMVSplitRecord         {             <574CCC14-F0B3-4333-822D-93E8A8A08E4C>             DWORD iFaceCLW;             DWORD iVlrOffset;             DWORD iCode;         }         template PMInfo         {             <B6C3E656-EC8B-4b92-9B62-681659522947>             DWORD nAttributes;             array PMAttributeRange attributeRanges[nAttributes];             DWORD nMaxValence;             DWORD nMinLogicalVertices;             DWORD nMaxLogicalVertices;             DWORD nVSplits;             array PMVSplitRecord splitRecords[nVSplits];             DWORD nAttributeMispredicts;             array DWORD attributeMispredicts[nAttributeMispredicts];         } 	0xa5aada,0xa5ca50
xof 0303txt 0032        template XSkinMeshHeader         {             <3CF169CE-FF7C-44ab-93C0-F78F62D172E2>             WORD nMaxSkinWeightsPerVertex;             WORD nMaxSkinWeightsPerFace;             WORD nBones;         }         template VertexDuplicationIndices         {             <B8D65549-D7C9-4995-89CF-53A9A8B031E3>             DWORD nIndices;             DWORD nOriginalVertices;             array DWORD indices[nIndices];         }         template FaceAdjacency         {             <A64C844A-E282-4756-8B80-250CDE04398C>             DWORD nIndices;             array DWORD indices[nIndices];         }         template SkinWeights         {             <6F0D123B-BAD2-4167-A0D0-80224F25FABB>             STRING transformNodeName;             DWORD nWeights;             array DWORD vertexIndices[nWeights];             array float weights[nWeights];             Matrix4x4 matrixOffset;         }         template Patch         {             <A3EB5D44-FC22-429D-9AFB-3221CB9719A6>             DWORD nControlIndices;             array DWORD controlIndices[nControlIndices];         }         template PatchMesh         {             <D02C95CC-EDBA-4305-9B5D-1820D7704BBF>             DWORD nVertices;             array Vector vertices[nVertices];             DWORD nPatches;             array Patch patches[nPatches];             [ ... ]         }         template PatchMesh9         {             <B9EC94E1-B9A6-4251-BA18-94893F02C0EA>             DWORD Type;             DWORD Degree;             DWORD Basis;             DWORD nVertices;             array Vector vertices[nVertices];             DWORD nPatches;             array Patch patches[nPatches];             [ ... ]         } template EffectFloats         {             <F1CFE2B3-0DE3-4e28-AFA1-155A750A282D>             DWORD nFloats;             array float Floats[nFloats];         }         template EffectString         {             <D55B097E-BDB6-4c52-B03D-6051C89D0E42>             STRING Value;         }         template EffectDWord         {             <622C0ED0-956E-4da9-908A-2AF94F3CE716>             DWORD Value;         } template EffectParamFloats         {             <3014B9A0-62F5-478c-9B86-E4AC9F4E418B>             STRING ParamName;             DWORD nFloats;             array float Floats[nFloats];         } template EffectParamString         {             <1DBC4C88-94C1-46ee-9076-2C28818C9481>             STRING ParamName;             STRING Value;         }         template EffectParamDWord         {             <E13963BC-AE51-4c5d-B00F-CFA3A9D97CE5>             STRING ParamName;             DWORD Value;         }         template EffectInstance         {             <E331F7E4-0559-4cc2-8E99-1CEC1657928F>             STRING EffectFilename;             [ ... ]         } template AnimTicksPerSecond         {             <9E415A43-7BA6-4a73-8743-B73D47E88476>             DWORD AnimTicksPerSecond;         } 	0xa5aada,0xa5ca50
DirectXFileCreate	0xa5aada,0xa5d0e6,0xa5ca50,0xa5cd84,0xa5c136
d3dxof.dll	0xa5aada,0xa5d0e6,0xa5ca50,0xa5cd84,0xa5c136
D3DXValidIndices:   (Likely problem is that two triangles share same points with opposite orientations)	0xa5d83f,0xa5d6ea
D3DXValidIndices: A neighbor triangle index(%d) was found more than once on triangle %d	0xa5d83f,0xa5d6ea
D3DXValidIndices: A point(%d) was found more than once in triangle %d	0xa5d83f,0xa5d6ea
D3DXValidIndices: An invalid neighbor index value(%d) was found on face %d	0xa5d83f,0xa5d6ea
D3DXValidIndices: An invalid index value(%d) was found on face %d	0xa5d83f,0xa5d6ea
D3DXValidMesh: Bowtie found around vertex %d shared by faces %d and %d	0xa5e2ef,0xa5dfed
D3DXValidMesh:     The fix is to duplicate the vertex so that each fan has its own vertex.	0xa5e2ef,0xa5dfed
D3DXValidMesh:     A bowtie is the usage of a single vertex by two separate fans of triangles.	0xa5e2ef,0xa5dfed
D3DXValidMesh: A bowtie was found.  Bowties can be fixed by call D3DXCleanMesh	0xa5e2ef,0xa5dfed
UnknownVendr	0xa5eaed
Valid palette required for paletted images 	0xa62e84
No IDATs written into file	0xa62ee4
PNG_WRITE_SWAP_SUPPORTED is not defined.	0xa62f08
PNG_WRITE_BGR_SUPPORTED is not defined.	0xa62f08
PNG_WRITE_SHIFT_SUPPORTED is not defined.	0xa62f08
PNG_WRITE_PACK_SUPPORTED is not defined.	0xa62f08
PNG_WRITE_FILLER_SUPPORTED is not defined.	0xa62f08
zlib error	0xaac870,0xaac9ef,0xa63101
Unknown custom filter method	0xa63288
Can't add Paeth filter after starting	0xa63288
Can't add Average filter after starting	0xa63288
Can't add Up filter after starting	0xa63288
Unknown row filter for method 0	0xa63288
Unknown filter heuristic method	0xa6344c
Incompatible libpng version in application and library	0xa63abc,0xa63709
Call to NULL write function	0xa638a7
the same structure.  Resetting read_data_fn to NULL.	0xa638e5
Attempted to set both read_data_fn and write_data_fn in	0xa638e5
Width too large to process image data; rowbytes will overflow.	0xa63943
zlib version error	0xa63abc
zlib memory error	0xa63abc
Unknown zlib error	0xa63abc,0xa63bb0
zlib version	0xa63bb0
zlib memory	0xa63bb0
Missing PLTE before IDAT	0xa63c6a
Missing IHDR before IDAT	0xa63c6a
PNG file corrupted by ASCII conversion	0xa63c6a
Not a PNG file	0xa63c6a
Extra compressed data	0xaaff57,0xa63e0a
Decompression error	0xa63e0a
Not enough image data	0xaaff57,0xa63e0a
Invalid attempt to read row data	0xa63e0a
Too many IDAT's found	0xa6424b
Width too large for libpng to process image data.	0xa645a8
NULL row buffer	0xa6641e
Call to NULL read function	0xa665ba
same structure.  Resetting write_data_fn to NULL.	0xa665e3
It's an error to set both read_data_fn and write_data_fn in the 	0xa665e3
integer constant register '%s' must be defined as a variable of type int3 or int4 only	0xa69fed
boolean constant register '%s' must be defined as a variable of type bool only	0xa69fed
Sampler variable '%s' does not specify the sampler type.  Explicit sampler types required for asm fragments.	0xa6a1fb
Constant variable '%s' bound to register greater than 8191 (%d requested)	0xab8162,0xa6a1fb
Internal error compiling the fragment '%s'	0xa6a53e
There was an error compiling the fragment '%s'	0xa6a53e
internal error: argument was never used (A%u)	0xa6fcc7
internal error: argument was never used (A%u, I%u)	0xa6fcc7
internal error: cannot read from argument pool (A%u)	0xa6fcc7
internal error: cannot write to argument pool (A%u, I%u)	0xa6fcc7
internal error: output argument was never initialized (A%u)	0xa6fcc7
internal error: argument used without having been initialized (A%u, I%u)	0xa6fcc7
variable '%s' used without having been completely initialized	0xa6fcc7
indefinite arcsine	0xa729dd
indefinite arccosine	0xa729dd
indefinite logarithm	0xa729dd
imaginary square root	0xa7f23b,0xa729dd
division by zero	0xa7f23b,0xa729dd,0xa81423
program too complex; there are more active values than registers	0xa7817d
internal warning: optimization did not converge	0xa7b6eb
texCUBE	0xa89545
tex3D	0xa89545
tex2D	0xa89545
tex1D	0xa89545
syntax error: unexpected %s	0xa7ba54
integer constant	0xa7ba54
float constant	0xa7ba54
internal error: production failed!	0xa7bc77
Stmts	0xa7bd50,0xa7d1fb,0xa7cc19,0xa7cd22,0xa838dd,0xa83819,0xa82de8,0xa81c4d,0xa828ba,0xa7cc86
duplicate usages specified	0xa7c059
%sstruct{%u}	0xa7c31a
%s%s%u	0xa7c31a
%s%s%ux%u	0xa7c31a
stateblock	0xa7c31a,0xa81d7c
vertexfragment	0xa7c31a,0xa81d7c
pixelfragment	0xa7c31a,0xa81d7c
vertexshader	0xa7c31a,0xa81d7c,0xa8060d
pixelshader	0xa7c31a,0xa81d7c,0xa8060d
samplerCUBE	0xa7c31a,0xa81d7c
sampler3D	0xa7c31a,0xa81d7c
sampler2D	0xa7c31a,0xa81d7c
sampler1D	0xa7c31a,0xa81d7c
sampler	0xa7c31a,0xa81d7c
textureCUBE	0xa7c31a,0xa81d7c
texture3D	0xa7c31a,0xa81d7c
texture2D	0xa7c31a,0xa81d7c
texture1D	0xa7c31a,0xa81d7c
texture	0xa7c31a,0xa81d7c,0xa8060d
double	0xa7c31a,0xa81d7c,0xa8060d
float	0xa7c31a,0xa81d7c,0xa8060d
const 	0xa7c31a
object literals are not allowed inside functions	0xa7c864
float expected	0xa7cd22,0xa81c4d
internal error: scope underflow	0xa7d166
redefinition of '%s'	0xa7d1fb,0xa828ba
redefinition of formal parameter '%s'	0xa7d1fb
internal error: scope missing	0xa7d1fb
Values	0xa7d349,0xa8060d
Decls	0xa7d349
non-matrix types cannot be declared 'row_major' or 'column_major'	0xa7dca1
'%s': cannot %sconvert from '%s' to '%s'	0xa7e086
cannot %sconvert from '%s' to '%s'	0xa7e086
implicitly 	0xa7e086
Value	0xa7eaa4,0xa7ebfc,0xa7ecf2,0xa7e229,0xa7e3dc,0xa82c51,0xa81079,0xa80d2a,0xa8465d
Types	0xa7e4e0,0xa81079
Swizzle	0xa7e5d6
invalid subscript '%s'	0xa7e5d6
UsageType	0xa7f1b1
indefinite power	0xa7f23b
infinite/indefinite log	0xa7f23b
indefinite asin	0xa7f23b
indefinite acos	0xa7f23b
undeclared identifier '%s'	0xa8060d,0xa84228
matrix	0xa81d7c,0xa8060d
vector	0xa81d7c,0xa8060d
dword	0xa8060d
'%s': identifier represents a %s, not a %s	0xa8060d
'%s': ambiguous function call	0xa8060d
'%s': loop control variable used outside for-loop scope conflicts with a previous declaration in the outer scope; most recent definition used	0xa8060d
incorrect number of arguments to numeric-type constructor	0xa80e4a
cannot convert from 'object type' to 'numeric type'	0xa80e4a
constructors only defined for numeric base types	0xa80e4a
dimension of conditional does not match value	0xa81079
type mismatch between conditional values	0xa81079
conditional must be numeric	0xa81079
volatile	0xa81d7c
virtual	0xa81d7c
using	0xa81d7c
unsigned	0xa81d7c
union	0xa81d7c
uniform	0xa81d7c
typename	0xa81d7c
typedef	0xa81d7c
throw	0xa81d7c
template	0xa81d7c
switch	0xa81d7c
struct	0xa81d7c
static_cast	0xa81d7c
static	0xa81d7c
stateblock_state	0xa81d7c
sizeof	0xa81d7c
signed	0xa81d7c
short	0xa81d7c
shared	0xa81d7c
sampler_state	0xa81d7c
reinterpret_cast	0xa81d7c
register	0xa81d7c
public	0xa81d7c
protected	0xa81d7c
private	0xa81d7c
operator	0xa81d7c
namespace	0xa81d7c
mutable	0xa81d7c
inout	0xa81d7c
inline	0xa81d7c
friend	0xa81d7c
explicit	0xa81d7c
dynamic_cast	0xa81d7c
discard	0xa81d7c
delete	0xa81d7c
continue	0xa81d7c
const_cast	0xa81d7c
const	0xa81d7c
compile_fragment	0xa81d7c
compile	0xa81d7c
class	0xa81d7c
catch	0xa81d7c
technique	0xa81d7c
asm_fragment	0xa81d7c
'%s': function return value differs from prototype	0xa828ba
'%s': void function cannot have a semantic	0xa828ba
'%s': missing default value for parameter '%s'	0xa828ba
'%s': function return value must be numeric	0xa828ba
'%s': functions cannot be declared 'extern'	0xa828ba
'%s': functions cannot be declared 'uniform'	0xa828ba
'%s': array dimensions must be literal scalar expressions	0xa838dd,0xa82de8
'%s': array dimensions of type must be explicit	0xa82de8
'%s': array dimension must be between 1 and 65536	0xa838dd,0xa82de8
vector dimension must be between 1 and %u	0xa82ffa
vector dimension must be a literal scalar expression	0xa82ffa
matrix dimensions must be literal scalar expressions	0xa83086
matrix dimensions must be between 1 and %u	0xa83086
array dimensions must be literal scalar expressions	0xa83135
array expected	0xa831b4
scalar expected	0xa831b4
l-value specifies const object	0xa833fa
type mismatch	0xa833fa
object assignments are not allowed inside functions	0xa833fa
scalar, vector, or matrix expected	0xa833fa
'%s': void functions cannot return a value	0xa83819
'%s': secondary array dimensions must be explicit	0xa838dd
'%s': %s cannot have annotations	0xa838dd
'%s': %s cannot have semantics	0xa838dd
'%s': missing %s	0xa838dd
'%s': %s must be a literal expression	0xa838dd
'%s': output only %s cannot have %ss	0xa838dd
'%s': non-numeric uniform %s cannot have %ss	0xa838dd
'%s': %s cannot have %ss	0xa838dd
'%s': %s cannot be declared 'volatile'	0xa838dd
'%s': %s cannot be declared 'shared'	0xa838dd
'%s': %s cannot be declared 'extern'	0xa838dd
'%s': %s cannot be declared 'uniform out'	0xa838dd
'%s': %s cannot be declared 'uniform'	0xa838dd
'%s': %s cannot be declared 'static'	0xa838dd
'%s': uniform %s cannot be declared 'static'	0xa838dd
'%s': extern %s cannot be declared 'static'	0xa838dd
'%s': %s must be numeric	0xa838dd
'%s': output paramaters cannot be declared 'const'	0xa838dd
'%s': %s cannot be declared 'const'	0xa838dd
'%s': %s cannot be declared 'inline'	0xa838dd
'%s': %s cannot be target specific	0xa838dd
'%s': implicit array missing %s	0xa838dd
'%s': implicit array type does not match %s	0xa838dd
'%s': array dimensions of %s must be explicit	0xa838dd
default value	0xa838dd
initializer	0xa838dd
annotation members	0xa838dd
loop control variables	0xa838dd
function parameters	0xa838dd
structure members	0xa838dd
global variables	0xa838dd
initial value	0xa838dd
'%s': intrinsic function does not take %u parameter%s	0xa84228
'%s': function does not take %u parameter%s	0xa84228
Parameters	0xa84228
Outputs	0xa84228
Inputs	0xa84228
unsupported compiler target '%s'	0xa8465d
internal error: unhandled production	0xa84853
texcoord inputs used directly (that is, other than sampling from textures) in shader body in ps_1_%i are always clamped from 0 to 1	0xa872b4
internal error: malformed clip found	0xa874e4
Clip must be from a 3 vector in ps_1_%i	0xa874e4
unable to emulate vector conditionals in ps_1_%i shader model	0xa885c5
cannot access w component from texcoord in general expression	0xa89545
dependent texture read not supported on ps_1_%i	0xa89545
%s%s is not supported on ps_1_%i	0xa89545
internal error: InputRemap component matchup failed	0xa8a120,0xa8a275
cannot perform double dependent texture read in ps_1_x	0xa8a3a2
cannot perform dependent texture read which in any way is based on color inputs	0xa8ad1b,0xa8a3a2
too many texture loads and reads from texcoords	0xa8a580
conflicting sampler array bindings	0xa8a580
conflicting user defined sampler bindings. If two samplers have the same user binding, they cannot both be used in the same shader	0xa8a580
cannot read from same texcoord. In ps_1_%i, each sampler must have a unique TEXCOORD	0xa8a580
cannot bind sampler to sampler array. In ps_1_%i, samplers must be bound to the same stage as their TEXCOORD	0xa8a580
program too big	0xa8ad1b,0xa8a580
cannot perform texture lookup twice from a user bound or similar array access sampler in ps_1_%i	0xa8a580
cannot bind sampler to user specified stage. In ps_1_%i, samplers must be bound to the same stage as their TEXCOORD	0xa8a580
cannot read from a texcoord which was used as input in a sampler	0xa8a580
can read from texcoord and use it for texlookup only in ps_1_4 and higher	0xa8ad1b
texture loads or clips cannot be from inputs not marked TEXCOORD	0xa8ad1b
dependent texture read chain cannot exceed 1 in ps_1_4	0xa8ba8c
cannot perform texture load that is in anyway dependent on COLOR registers	0xa8bb01
program is order of magnitude too large to compile to ps_1_4	0xa8bb01
internal error: arguments not vectorized	0xa8cae3
program too complex: exceeded available constant registers.	0xa8cdf1
literal values outside range -1 to 1 are clamped on all ps_1_x shading models	0xa8cdf1
exceeded maximum constant registers	0xa8cdf1
internal error: texld alias found	0xa8d2cd
program too complex: out of temporary registers	0xa8d9f2,0xa8d476
internal error: uppropagation failed	0xa8d5a4
internal error: unvectorized register found	0xa8d9f2
cannot match to texreg2ar or texreg2gb instruction because cannot have input modifiers	0xa8eaad
expression can only be map to texreg2rgb, but this instruction is not supported on 1_%i	0xa8eaad
cannot match to texreg2rgb instruction because can only have input modifier _bx2	0xa8eaad
cannot bind sampler to sampler array, sampler must be bound to %i	0xa8ef7f
internal error: unexpected argument type	0xa8ef7f
cannot match to texm* because texm* can only have bx2 modifier on input texload	0xa8ef7f
cannot match to texm* because texm* cannot have source modifiers on input texcoord	0xa8ef7f
unable to match texm* because source inputs are not in appropriate texture coordinates. See ps_1_% assembly reference for more information	0xa8ef7f
unable to match texm because computed texcoord is used in shader	0xa8ef7f
cannot bind sampler to user specified stage, sampler must be bound to %i	0xa8ef7f
pixel shader must minimally write all four components of COLOR0	0xa92f19,0xa8f5a3
DEPTH must be a scalar	0xa92f19,0xa8f5a3
relative addressing not supported in ps_1_x	0xa8f5a3
internal error: unexpected output register	0xa8f728
'texcoord' reference exceeds valid range for this shader model (max: %i)	0xa8feb4
output semantic '%s%d' not yet implemented in ps_1_x	0xa8feb4
invalid output semantic '%s%d'	0xa939f5,0xa96b80,0xa8feb4
input semantic '%s' has been deprecated; use '%s%d' instead	0xa939f5,0xa96b80,0xa8feb4
invalid input semantic '%s%d'	0xa939f5,0xa96b80,0xa8feb4
specular	0xa939f5,0xa96b80,0xa8feb4
diffuse	0xa939f5,0xa96b80,0xa8feb4
invalid reference to input semantic '%s%d'	0xa98e26,0xa939f5,0xa8feb4
cannot map swizzle to ps_1_4	0xa90ac9
internal error: illformed write field	0xa90db6
unable to emmulate write masks for ps_1_%i shader model	0xa90db6
shader cannot compile to a ps_1_%i shader because this model can't match all the dependent texture read(s) this shader requires	0xa91ab2
cannot map this dependent texture read to ps_1_%i	0xa91ab2
cannot map expression to pixel shader instruction set	0xa91ce3
relative addressing not allowed for pixel shaders	0xa91ce3
program is order of magnitude too large to compile to ps_1_%i	0xa920e2
program too complex to compile to ps_1_4	0xa920e2
shader too complex. Try reducing number of texture loads used	0xa920e2
cannot access texture coordinate w-component in a general way in ps_1_%i	0xa920e2
internal error: overlapping output writes	0xa92de1,0xab7684
COLOR%d must be a four-component vector	0xa92f19
COLOR outputs must be contiguous from COLOR0 to COLORn	0xa92f19
internal error: unexpected Alias on texture declaration	0xa9354d
v_%s%d	0xa936eb,0xa97083
multi-register semantics are not allowed in fragments '%s'	0xa939f5,0xa96b80
internal error: write to output with instruction other than mov	0xa94133
internal error: invalid swizzle found	0xa94d05
vertex shader must minimally write all four components of POSITION	0xa960d2
PSIZE must be a scalar	0xa960d2
FOG must be a scalar	0xa960d2
output semantic '%s' has been deprecated; use '%s%d' instead	0xa96b80
relative addressing not supported in vs_1_0 instruction set	0xa97a81
internal error: multiple write to same output	0xab24ab,0xa97c34
internal error: DST test failure	0xa97c34
cannot map expression to vertex shader instruction set	0xa98824
invalid reference to output semantic '%s%d'	0xa98e26
too many outputs to target TX	0xa99013
too many arguments to target TX	0xa99013
Out of Memory	0xaabed8
Invalid number of colors in palette	0xaac166
Invalid interlace type specified	0xaac594
Invalid filter type specified	0xaac594
Invalid compression type specified	0xaac594
Invalid bit depth for grayscale image	0xaac594
Invalid bit depth for RGB image	0xaac594
Invalid bit depth for paletted image	0xaac594
Invalid bit depth for grayscale+alpha image	0xaac594
Invalid bit depth for RGBA image	0xaac594
Invalid image color type specified	0xaac594
invalid chunk type	0xaaef73
Ignoring bad adaptive filter type	0xaaf4b6
CRC error	0xaaf7c9
Unknown filter method in IHDR	0xaaf84e
Unknown compression method in IHDR	0xaaf84e
Unknown interlace method in IHDR	0xaaf84e
Invalid color type/bit depth combination in IHDR	0xaaf84e
Invalid color type in IHDR	0xaaf84e
Invalid bit depth in IHDR	0xaaf84e
Invalid image size in IHDR	0xaaf84e
Invalid IHDR chunk	0xaaf84e
Out of place IHDR	0xaaf84e
Truncating incorrect tRNS chunk length	0xaafa2e
Invalid palette chunk	0xaafa2e
Duplicate PLTE chunk	0xaafa2e
Invalid PLTE after IDAT	0xaafa2e
Missing IHDR before PLTE	0xaafa2e
Incorrect IEND chunk length	0xaafb47
No image in file	0xaafb47
Ignoring incorrect gAMA value when sRGB is also present	0xaafb8d,0xaafc8e
Out of place gAMA chunk	0xaafb8d
Invalid gAMA after IDAT	0xaafb8d
Incorrect gAMA chunk length	0xaafb8d
Missing IHDR before gAMA	0xaafb8d
Duplicate sRGB chunk	0xaafc8e
Out of place sRGB chunk	0xaafc8e
Invalid sRGB after IDAT	0xaafc8e
Incorrect sRGB chunk length	0xaafc8e
Missing IHDR before sRGB	0xaafc8e
tRNS chunk not allowed with alpha channel	0xaafd70
Incorrect tRNS chunk length	0xaafd70
Duplicate tRNS chunk	0xaafd70
Invalid tRNS after IDAT	0xaafd70
Zero length tRNS chunk	0xaafd70
Missing PLTE before tRNS	0xaafd70
Missing IHDR before tRNS	0xaafd70
unknown critical chunk	0xaaff11
Extra compression data	0xaaff57
Decompression Error	0xaaff57
cannot bind the same variable to multiple constants in the same constant bank	0xab096f
maximum iterator register index exceeded	0xab09f0
maximum boolean register index exceeded	0xab09f0
maximum constant register index exceeded	0xab09f0,0xab7828
maximum input register index exceeded	0xab09f0
maximum sampler register index exceeded	0xab09f0,0xab7828
invalid register semantic '%s', or variable must be bound to multiple register banks (%c register binding required)	0xab09f0
overlapping register semantics not yet implemented '%c%u'	0xab09f0
cannot map general loop to this instruction set	0xab10ab
internal error: multiple breaks found	0xab32e5
cannot match lerp because lerp factor is not _sat'd	0xab5091
internal error: unexpected endif found	0xab632c
Conditional block too complex	0xab632c
internal error: if block with non matching predicates found	0xab632c
internal error: endif mismatch	0xab632c
internal error: IF with size greater then 1 found	0xab632c
internal error: instruction missing outputs	0xab632c
internal error: unexpected output register type	0xab7534
maximum predicate register index exceeded	0xab7828,0xab7534
maximum address register index exceeded	0xab7534
maximum temp register index exceeded	0xab7828,0xab7534
internal error: unexpected input register type	0xabdb9c,0xab7828
target does not support relative addressing	0xab7828
maximum loop register index exceeded	0xab7828
maximum bool register index exceeded	0xab7828
r_$Int%d	0xab7faa
internal error: non-vectorized pool violated port constraints	0xab83a6
internal error: result violated port constraints	0xab83a6
_bias opportunity missed because source was not clamped 0 to 1	0xabab66
complement opportunity missed because input result WAS clamped from 0 to 1	0xabafb1
constant table info exceeds maximum comment size	0xabb7c0
Microsoft (R) D3DX9 Shader Compiler 4.09.00.1126	0xabb7c0,0xabc11f
overlapping output semantics	0xabc7a4
maximum number of inputs exceeded	0xabc7a4
internal error: input register missing semantic	0xabc7a4
internal error: output register missing semantic	0xabc7a4
%s target does not support texture lookups	0xabc7a4
maximum number of samplers exceeded. %s target can have a maximum of %i samplers	0xabc7a4
c_$zz%d	0xabd66f
i_$zz%d	0xabd7aa
clip cannot be performed from a constant or literal	0xabdb9c
clip must be performed from a float4 vector for ps_2_0 models	0xabdb9c
cannot clip from a swizzled vector	0xabdb9c
clip must be performed from a float3 vector for ps_1_x models	0xabdb9c
DMUS_S_LAST_TOOL	0xad548e
DMUS_S_OVER_CHORD	0xad548e
DMUS_S_UP_OCTAVE	0xad548e
DMUS_S_DOWN_OCTAVE	0xad548e
DMUS_S_NOBUFFERCONTROL	0xad548e
DMUS_S_GARBAGE_COLLECTED	0xad548e
DMUS_S_STRING_TRUNCATED	0xad548e
D3DOK_NOAUTOGEN	0xad548e
DS_NO_VIRTUALIZATION	0xad548e
DMUS_S_PARTIALLOAD	0xad548e
DMUS_S_PARTIALDOWNLOAD	0xad548e
DMUS_S_REQUEUE	0xad548e
DMUS_S_FREE	0xad548e
DMUS_S_END	0xad548e
DV_PENDING	0xad548e
SEC_I_INCOMPLETE_CREDENTIALS	0xad548e
SEC_I_RENEGOTIATE	0xad548e
SEC_I_NO_LSA_CONTEXT	0xad548e
CRYPT_I_NEW_PROTECTION_REQUIRED	0xad548e
DV_FULLDUPLEX	0xad548e
DV_HALFDUPLEX	0xad548e
SEC_I_CONTEXT_EXPIRED	0xad548e
CONTEXT_S_LAST	0xad548e
CO_S_NOTALLINTERFACES	0xad548e
CO_S_MACHINENAMENOTFOUND	0xad548e
SEC_I_CONTINUE_NEEDED	0xad548e
SEC_I_COMPLETE_NEEDED	0xad548e
SEC_I_COMPLETE_AND_CONTINUE	0xad548e
SEC_I_LOCAL_LOGON	0xad548e
CONTEXT_S_FIRST	0xad548e
XACT_S_MADECHANGESINFORM	0xad548e
XACT_S_ALLNORETAIN	0xad548e
XACT_S_ABORTING	0xad548e
XACT_S_SINGLEPHASE	0xad548e
XACT_S_LOCALLY_OK	0xad548e
XACT_S_LAST	0xad548e
XACT_S_MADECHANGESCONTENT	0xad548e
SCHED_S_TASK_NO_VALID_TRIGGERS	0xad548e
SCHED_S_EVENT_TRIGGER	0xad548e
XACT_S_FIRST	0xad548e
XACT_S_DEFECT	0xad548e
XACT_S_READONLY	0xad548e
XACT_S_SOMENORETAIN	0xad548e
XACT_S_OKINFORM	0xad548e
SCHED_S_TASK_TERMINATED	0xad548e
VFW_S_DVD_NOT_ACCURATE	0xad548e
SCHED_S_TASK_READY	0xad548e
SCHED_S_TASK_RUNNING	0xad548e
SCHED_S_TASK_DISABLED	0xad548e
SCHED_S_TASK_HAS_NOT_RUN	0xad548e
SCHED_S_TASK_NO_MORE_RUNS	0xad548e
SCHED_S_TASK_NOT_SCHEDULED	0xad548e
VFW_S_DVD_CHANNEL_CONTENTS_NOT_AVAILABLE	0xad548e
VFW_S_ESTIMATED	0xad548e
VFW_S_RESERVED	0xad548e
VFW_S_STREAM_OFF	0xad548e
VFW_S_CANT_CUE	0xad548e
VFW_S_NO_STOP_TIME	0xad548e
VFW_S_NOPREVIEWPIN	0xad548e
VFW_S_DVD_NON_ONE_SEQUENTIAL	0xad548e
VFW_S_RPZA	0xad548e
VFW_S_SOME_DATA_IGNORED	0xad548e
VFW_S_CONNECTIONS_DEFERRED	0xad548e
VFW_S_RESOURCE_NOT_NEEDED	0xad548e
VFW_S_MEDIA_TYPE_IGNORED	0xad548e
VFW_S_VIDEO_NOT_RENDERED	0xad548e
VFW_S_AUDIO_NOT_RENDERED	0xad548e
VFW_S_PARTIAL_RENDER	0xad548e
MK_S_HIM	0xad548e
MK_S_US	0xad548e
MK_S_MONIKERALREADYREGISTERED	0xad548e
MK_S_LAST	0xad548e
EVENT_S_NOSUBSCRIBERS	0xad548e
VFW_S_DUPLICATE_NAME	0xad548e
VFW_S_STATE_INTERMEDIATE	0xad548e
MK_S_ME	0xad548e
CONVERT10_S_FIRST	0xad548e
CONVERT10_S_LAST	0xad548e
CLIPBRD_S_FIRST	0xad548e
CLIPBRD_S_LAST	0xad548e
MK_S_FIRST	0xad548e
MK_S_REDUCED_TO_SELF	0xad548e
ENUM_S_LAST	0xad548e
OLEOBJ_S_INVALIDHWND	0xad548e
OLEOBJ_S_LAST	0xad548e
CLIENTSITE_S_FIRST	0xad548e
CLIENTSITE_S_LAST	0xad548e
INPLACE_S_FIRST	0xad548e
INPLACE_S_LAST	0xad548e
ENUM_S_FIRST	0xad548e
OLEOBJ_S_CANNOT_DOVERB_NOW	0xad548e
REGDB_S_LAST	0xad548e
CACHE_S_FIRST	0xad548e
CACHE_S_SAMECACHE	0xad548e
CACHE_S_SOMECACHES_NOTUPDATED	0xad548e
CACHE_S_LAST	0xad548e
OLEOBJ_S_FIRST	0xad548e
REGDB_S_FIRST	0xad548e
CLASSFACTORY_S_LAST	0xad548e
MARSHAL_S_FIRST	0xad548e
MARSHAL_S_LAST	0xad548e
DATA_S_FIRST	0xad548e
DATA_S_LAST	0xad548e
VIEW_S_FIRST	0xad548e
VIEW_S_LAST	0xad548e
CLASSFACTORY_S_FIRST	0xad548e
OLE_S_MAC_CLIPFORMAT & MS_S_NOUPDATE	0xad548e
OLE_S_LAST	0xad548e
DRAGDROP_S_FIRST	0xad548e
DRAGDROP_S_CANCEL	0xad548e
DRAGDROP_S_USEDEFAULTCURSORS	0xad548e
VFW_S_NO_MORE_ITEMS	0xad548e
DRAGDROP_S_LAST	0xad548e
OLE_S_STATIC & MS_S_PENDING	0xad548e
STG_S_BLOCK	0xad548e
STG_S_RETRYNOW	0xad548e
STG_S_MONITORING	0xad548e
STG_S_MULTIPLEOPENS	0xad548e
STG_S_CONSOLIDATIONFAILED	0xad548e
STG_S_CANNOTCONSOLIDATE	0xad548e
OLE_S_FIRST	0xad548e
STG_S_CONVERTED	0xad548e
ERROR_SXS_DUPLICATE_CLSID	0xad548e
ERROR_SXS_SECTION_NOT_FOUND	0xad548e
ERROR_IPSEC_IKE_LOAD_SOFT_SA	0xad548e
ERROR_IPSEC_IKE_NEG_STATUS_BEGIN	0xad548e
ERROR_IPSEC_TRANSPORT_FILTER_EXISTS	0xad548e
ERROR_IPSEC_QM_POLICY_NOT_FOUND	0xad548e
ERROR_IPSEC_QM_POLICY_IN_USE	0xad548e
ERROR_IPSEC_MM_POLICY_EXISTS	0xad548e
ERROR_IPSEC_MM_POLICY_NOT_FOUND	0xad548e
ERROR_IPSEC_MM_POLICY_IN_USE	0xad548e
ERROR_IPSEC_MM_FILTER_EXISTS	0xad548e
ERROR_IPSEC_MM_FILTER_NOT_FOUND	0xad548e
ERROR_IPSEC_QM_POLICY_EXISTS	0xad548e
WSA_QOS_ADMISSION_FAILURE	0xad548e
WSANO_DATA	0xad548e
WSA_QOS_RECEIVERS	0xad548e
WSA_QOS_SENDERS	0xad548e
WSA_QOS_NO_SENDERS	0xad548e
WSA_QOS_NO_RECEIVERS	0xad548e
WSA_QOS_REQUEST_CONFIRMED	0xad548e
WSANO_RECOVERY	0xad548e
WSASERVICE_NOT_FOUND	0xad548e
WSATYPE_NOT_FOUND	0xad548e
WSA_E_NO_MORE	0xad548e
WSA_E_CANCELLED	0xad548e
WSAEREFUSED	0xad548e
WSAHOST_NOT_FOUND	0xad548e
WSATRY_AGAIN	0xad548e
WSASYSCALLFAILURE	0xad548e
WSAEHOSTUNREACH	0xad548e
DNS_ERROR_DP_ALREADY_ENLISTED	0xad548e
DNS_ERROR_DP_NOT_ENLISTED	0xad548e
DNS_ERROR_DP_ALREADY_EXISTS	0xad548e
DNS_ERROR_DP_DOES_NOT_EXIST	0xad548e
DNS_ERROR_INCONSISTENT_ROOT_HINTS	0xad548e
DNS_ERROR_CANNOT_FIND_ROOT_HINTS	0xad548e
DNS_ERROR_NOT_ALLOWED_UNDER_DELEGATION	0xad548e
DNS_ERROR_NUMERIC_NAME	0xad548e
DNS_ERROR_INVALID_NAME_CHAR	0xad548e
WSAEADDRINUSE	0xad548e
WSABASEERR	0xad548e
DNS_ERROR_NO_DNS_SERVERS	0xad548e
DNS_ERROR_NO_TCPIP	0xad548e
DNS_ERROR_SETUP_BASE	0xad548e
DNS_STATUS_CONTINUE_NEEDED	0xad548e
DNS_INFO_ADDED_LOCAL_WINS	0xad548e
DNS_ERROR_AXFR	0xad548e
DNS_INFO_AXFR_COMPLETE	0xad548e
DNS_ERROR_OPERATION_BASE	0xad548e
DNS_ERROR_DS_ZONE_ALREADY_EXISTS	0xad548e
DNS_ERROR_DS_UNAVAILABLE	0xad548e
DNS_WARNING_DOMAIN_UNDELETED	0xad548e
DNS_WARNING_PTR_CREATE_FAILED	0xad548e
DNS_ERROR_NAME_DOES_NOT_EXIST	0xad548e
DNS_ERROR_NO_ZONE_INFO	0xad548e
DNS_ERROR_ZONE_BASE	0xad548e
DNS_STATUS_SINGLE_PART_NAME	0xad548e
DNS_STATUS_DOTTED_NAME	0xad548e
DNS_ERROR_NON_RFC_NAME	0xad548e
DNS_ERROR_NOT_UNIQUE	0xad548e
DNS_ERROR_TRY_AGAIN_LATER	0xad548e
DNS_ERROR_INVALID_PROPERTY	0xad548e
DNS_ERROR_INVALID_TYPE	0xad548e
DNS_ERROR_GENERAL_API_BASE	0xad548e
DNS_ERROR_UNSECURE_PACKET	0xad548e
DNS_ERROR_RCODE	0xad548e
DNS_ERROR_BAD_PACKET	0xad548e
DNS_INFO_NO_RECORDS	0xad548e
DNS_ERROR_PACKET_FMT_BASE	0xad548e
DNS_ERROR_RCODE_BADTIME	0xad548e
DNS_ERROR_RCODE_BADSIG	0xad548e
DNS_ERROR_RCODE_NOTZONE	0xad548e
DNS_ERROR_RCODE_NOTAUTH	0xad548e
DNS_ERROR_RCODE_NXRRSET	0xad548e
DNS_ERROR_RCODE_YXDOMAIN	0xad548e
DNS_ERROR_RCODE_REFUSED	0xad548e
DNS_ERROR_RCODE_NOT_IMPLEMENTED	0xad548e
DNS_ERROR_RCODE_NAME_ERROR	0xad548e
DNS_ERROR_RCODE_FORMAT_ERROR	0xad548e
DNS_ERROR_RESPONSE_CODES_BASE	0xad548e
ERROR_DS_EXISTING_AD_CHILD_NC	0xad548e
ERROR_DS_DOMAIN_RENAME_IN_PROGRESS	0xad548e
ERROR_DS_WKO_CONTAINER_CANNOT_BE_SPECIAL	0xad548e
ERROR_SAM_INIT_FAILURE	0xad548e
ERROR_DS_AFFECTS_MULTIPLE_DSAS	0xad548e
ERROR_DS_CANT_MOD_OBJ_CLASS	0xad548e
ERROR_DS_BUSY	0xad548e
ERROR_DS_INVALID_ATTRIBUTE_SYNTAX	0xad548e
ERROR_DS_ATTRIBUTE_TYPE_UNDEFINED	0xad548e
ERROR_DS_ATTRIBUTE_OR_VALUE_EXISTS	0xad548e
ERROR_DS_NO_ATTRIBUTE_OR_VALUE	0xad548e
FRS_ERR_SYSVOL_DEMOTE	0xad548e
FRS_ERR_INVALID_SERVICE_PARAMETER	0xad548e
ERROR_DS_NOT_INSTALLED	0xad548e
ERROR_DS_MEMBERSHIP_EVALUATED_LOCALLY	0xad548e
FRS_ERR_SYSVOL_IS_BUSY	0xad548e
FRS_ERR_SYSVOL_POPULATE	0xad548e
FRS_ERR_SERVICE_COMM	0xad548e
FRS_ERR_STARTING_SERVICE	0xad548e
FRS_ERR_STOPPING_SERVICE	0xad548e
FRS_ERR_INTERNAL_API	0xad548e
FRS_ERR_INTERNAL	0xad548e
FRS_ERR_INVALID_API_SEQUENCE	0xad548e
ERROR_CTX_LICENSE_EXPIRED	0xad548e
ERROR_CTX_SHADOW_NOT_RUNNING	0xad548e
ERROR_CTX_SHADOW_ENDED_BY_MODE_CHANGE	0xad548e
ERROR_ACTIVATION_COUNT_EXCEEDED	0xad548e
ERROR_CTX_LICENSE_CLIENT_INVALID	0xad548e
ERROR_CTX_CONSOLE_DISCONNECT	0xad548e
ERROR_CTX_WINSTATION_NOT_FOUND	0xad548e
ERROR_CTX_MODEM_RESPONSE_NO_CARRIER	0xad548e
ERROR_CTX_MODEM_RESPONSE_ERROR	0xad548e
ERROR_CTX_INVALID_MODEMNAME	0xad548e
ERROR_CTX_MODEM_INF_NOT_FOUND	0xad548e
ERROR_CTX_SERVICE_NAME_COLLISION	0xad548e
ERROR_CTX_CLOSE_PENDING	0xad548e
ERROR_CTX_NO_OUTBUF	0xad548e
ERROR_CTX_WD_NOT_FOUND	0xad548e
SCHED_E_SERVICE_NOT_LOCALSYSTEM	0xad548e
ERROR_CTX_WINSTATION_NAME_INVALID	0xad548e
ERROR_CTX_INVALID_PD	0xad548e
ERROR_CTX_PD_NOT_FOUND	0xad548e
ERROR_NO_BROWSER_SERVERS_FOUND	0xad548e
ERROR_ENCRYPTION_FAILED	0xad548e
ERROR_CLUSTER_MEMBERSHIP_INVALID_STATE	0xad548e
ERROR_DEPENDENCY_NOT_ALLOWED	0xad548e
ERROR_CLUSTER_JOIN_NOT_IN_PROGRESS	0xad548e
ERROR_QUORUMLOG_OPEN_FAILED	0xad548e
ERROR_RESOURCE_PROPERTIES_STORED	0xad548e
ERROR_OBJECT_ALREADY_EXISTS	0xad548e
ERROR_RESOURCE_NOT_ONLINE	0xad548e
ERROR_HOST_NODE_NOT_AVAILABLE	0xad548e
ERROR_RESOURCE_NOT_AVAILABLE	0xad548e
ERROR_SHUTDOWN_CLUSTER	0xad548e
ERROR_CANT_EVICT_ACTIVE_NODE	0xad548e
ERROR_DEPENDENCY_ALREADY_EXISTS	0xad548e
ERROR_REPARSE_ATTRIBUTE_CONFLICT	0xad548e
ERROR_REPARSE_TAG_INVALID	0xad548e
ERROR_REPARSE_TAG_MISMATCH	0xad548e
ERROR_VOLUME_NOT_SIS_ENABLED	0xad548e
ERROR_DEPENDENT_RESOURCE_EXISTS	0xad548e
ERROR_DEPENDENCY_NOT_FOUND	0xad548e
ERROR_NOT_A_REPARSE_POINT	0xad548e
ERROR_CLEANER_CARTRIDGE_INSTALLED	0xad548e
ERROR_NO_SUPPORTING_DRIVES	0xad548e
ERROR_INDIGENOUS_TYPE	0xad548e
ERROR_VOLUME_CONTAINS_SYS_FILES	0xad548e
ERROR_REMOTE_STORAGE_MEDIA_ERROR	0xad548e
ERROR_REMOTE_STORAGE_NOT_ACTIVE	0xad548e
ERROR_MESSAGE_EXCEEDS_MAX_SIZE	0xad548e
ERROR_UNABLE_TO_EJECT_MOUNTED_MEDIA	0xad548e
ERROR_WMI_INVALID_REGINFO	0xad548e
ERROR_WMI_DP_FAILED	0xad548e
ERROR_WMI_INSTANCE_NOT_FOUND	0xad548e
ERROR_REC_NON_EXISTENT	0xad548e
ERROR_RPL_NOT_ALLOWED	0xad548e
ERROR_DHCP_ADDRESS_CONFLICT	0xad548e
ERROR_FULL_BACKUP	0xad548e
ERROR_WINS_INTERNAL	0xad548e
ERROR_CAN_NOT_DEL_LOCAL_WINS	0xad548e
ERROR_STATIC_INIT	0xad548e
ERROR_INC_BACKUP	0xad548e
ERROR_PRINTER_DRIVER_BLOCKED	0xad548e
ERROR_PRINT_PROCESSOR_ALREADY_INSTALLED	0xad548e
ERROR_SPOOL_FILE_NOT_FOUND	0xad548e
ERROR_SPL_NO_ADDJOB	0xad548e
ERROR_PRINTER_DRIVER_IN_USE	0xad548e
ERROR_OPEN_FILES	0xad548e
ERROR_DEVICE_IN_USE	0xad548e
ERROR_UNKNOWN_PRINT_MONITOR	0xad548e
ERROR_NOT_CONNECTED	0xad548e
ERROR_CONNECTED_OTHER_PASSWORD_DEFAULT	0xad548e
ERROR_BAD_USERNAME	0xad548e
ERROR_CONNECTED_OTHER_PASSWORD	0xad548e
ERROR_INVALID_PIXEL_FORMAT	0xad548e
RPC_X_PIPE_CLOSED	0xad548e
RPC_S_INVALID_STRING_UUID	0xad548e
ERROR_LOGON_SESSION_EXISTS	0xad548e
ERROR_UNABLE_TO_MOVE_REPLACEMENT	0xad548e
ERROR_TOO_MANY_LINKS	0xad548e
ERROR_SERVICE_MARKED_FOR_DELETE	0xad548e
ERROR_BADDB	0xad548e
ERROR_FULLSCREEN_MODE	0xad548e
ERROR_NOACCESS	0xad548e
ERROR_EA_ACCESS_DENIED	0xad548e
ERROR_OPERATION_ABORTED	0xad548e
ERROR_IO_PENDING	0xad548e
ERROR_PIPE_LISTENING	0xad548e
ERROR_SCOPE_NOT_FOUND	0xad548e
ERROR_INVALID_ADDRESS	0xad548e
ERROR_ARITHMETIC_OVERFLOW	0xad548e
ERROR_PIPE_CONNECTED	0xad548e
ERROR_MR_MID_NOT_FOUND	0xad548e
ERROR_VC_DISCONNECTED	0xad548e
ERROR_PIPE_NOT_CONNECTED	0xad548e
ERROR_SIGNAL_PENDING	0xad548e
ERROR_DIRECT_ACCESS_HANDLE	0xad548e
ERROR_UNEXP_NET_ERR	0xad548e
ERROR_SHARING_BUFFER_EXCEEDED	0xad548e
ERROR_ACCESS_DENIED	0xad548e
ERROR_ALL_SIDS_FILTERED	0xad548e
S_FALSE	0xad548e
ERROR_PATH_NOT_FOUND	0xad548e
ERROR_TOO_MANY_OPEN_FILES	0xad548e
ERROR_AUDITING_DISABLED	0xad548e
DMUS_E_INVALID_PARAMCONTROLTRACK	0xad548e
DMUS_E_SEGMENT_INIT_FAILED	0xad548e
DMUS_E_LOADER_NOFILENAME	0xad548e
DMUS_E_INVALIDFILE	0xad548e
DMUS_E_ALREADY_EXISTS	0xad548e
DMUS_E_OUT_OF_RANGE	0xad548e
DMUS_E_LOADER_OBJECTNOTFOUND	0xad548e
DMUS_E_LOADER_NOCLASSID	0xad548e
DMUS_E_LOADER_BADPATH	0xad548e
DMUS_E_LOADER_FAILEDOPEN	0xad548e
DMUS_E_LOADER_FORMATNOTSUPPORTED	0xad548e
DMUS_E_LOADER_FAILEDCREATE	0xad548e
DMUS_E_NO_MASTER_CLOCK	0xad548e
DMUS_E_CANNOTREAD	0xad548e
DMUS_E_INVALID_DOWNLOADID	0xad548e
DMUS_E_BUFFERNOTSET	0xad548e
DMUS_E_DRIVER_FAILED	0xad548e
DMUS_E_PORTS_OPEN	0xad548e
DMUS_E_DEVICE_IN_USE	0xad548e
DMUS_E_INSUFFICIENTBUFFER	0xad548e
DSERR_BADSENDBUFFERGUID	0xad548e
DSERR_UNINITIALIZED	0xad548e
DSERR_BUFFERTOOSMALL	0xad548e
DSERR_DS8_REQUIRED	0xad548e
DSERR_SENDLOOP	0xad548e
DSERR_OTHERAPPHASPRIO	0xad548e
DSERR_BADFORMAT	0xad548e
DSERR_NODRIVER	0xad548e
DSERR_ALREADYINITIALIZED	0xad548e
DSERR_BUFFERLOST	0xad548e
DSERR_PRIOLEVELNEEDED	0xad548e
D3DXERR_DUPLICATENAMEDFRAGMENT	0xad548e
DSERR_ALLOCATED	0xad548e
DSERR_CONTROLUNAVAIL	0xad548e
DSERR_INVALIDCALL	0xad548e
D3DXERR_LOADEDMESHASNODATA	0xad548e
D3DXERR_CANNOTATTRSORT	0xad548e
D3DXERR_SKINNINGNOTSUPPORTED	0xad548e
D3DXERR_TOOMANYINFLUENCES	0xad548e
D3DXERR_INVALIDDATA	0xad548e
D3DXERR_INVALIDMESH	0xad548e
D3DERR_INVALIDDEVICE	0xad548e
D3DERR_INVALIDCALL	0xad548e
D3DERR_DRIVERINVALIDCALL	0xad548e
D3DXERR_CANNOTMODIFYINDEXBUFFER	0xad548e
D3DERR_NOTAVAILABLE	0xad548e
D3DERR_NOTFOUND	0xad548e
D3DERR_MOREDATA	0xad548e
D3DERR_DEVICELOST	0xad548e
D3DERR_DEVICENOTRESET	0xad548e
D3DERR_DRIVERINTERNALERROR	0xad548e
D3DERR_UNSUPPORTEDFACTORVALUE	0xad548e
D3DERR_CONFLICTINGRENDERSTATE	0xad548e
D3DERR_UNSUPPORTEDTEXTUREFILTER	0xad548e
D3DERR_CONFLICTINGTEXTUREPALETTE	0xad548e
D3DERR_CONFLICTINGTEXTUREFILTER	0xad548e
D3DERR_UNSUPPORTEDCOLORARG	0xad548e
D3DERR_UNSUPPORTEDALPHAOPERATION	0xad548e
D3DERR_UNSUPPORTEDALPHAARG	0xad548e
D3DERR_TOOMANYOPERATIONS	0xad548e
D3DERR_UNSUPPORTEDCOLOROPERATION	0xad548e
DXFILEERR_NOMOREDATA	0xad548e
DXFILEERR_BADCACHEFILE	0xad548e
DXFILEERR_NOINTERNET	0xad548e
D3DERR_WRONGTEXTUREFORMAT	0xad548e
DXFILEERR_NOMORESTREAMHANDLES	0xad548e
DXFILEERR_BADSTREAMHANDLE	0xad548e
DDERR_DEVICEDOESNTOWNSURFACE	0xad548e
DXFILEERR_BADOBJECT	0xad548e
DXFILEERR_BADVALUE	0xad548e
DXFILEERR_BADTYPE	0xad548e
DDERR_NODRIVERSUPPORT	0xad548e
DDERR_NEWMODE	0xad548e
DDERR_D3DNOTINITIALIZED	0xad548e
DDERR_VIDEONOTACTIVE	0xad548e
DDERR_NOMONITORINFORMATION	0xad548e
DDERR_TESTFINISHED	0xad548e
DDERR_CANTPAGEUNLOCK	0xad548e
DDERR_NOTPAGELOCKED	0xad548e
DDERR_MOREDATA	0xad548e
DDERR_EXPIRED	0xad548e
DDERR_CANTPAGELOCK	0xad548e
DDERR_NOTLOADED	0xad548e
DDERR_NOFOCUSWINDOW	0xad548e
DDERR_NOTONMIPMAPSUBLEVEL	0xad548e
DDERR_DCALREADYCREATED	0xad548e
DDERR_NONONLOCALVIDMEM	0xad548e
DDERR_NOOPTIMIZEHW	0xad548e
DDERR_TOOBIGWIDTH	0xad548e
DDERR_SURFACELOST	0xad548e
DDERR_SURFACENOTATTACHED	0xad548e
DDERR_TOOBIGHEIGHT	0xad548e
DDERR_TOOBIGSIZE	0xad548e
DDERR_SURFACEISOBSCURED	0xad548e
DDERR_SURFACEALREADYATTACHED	0xad548e
DDERR_SURFACEALREADYDEPENDENT	0xad548e
DDERR_SURFACEBUSY	0xad548e
DDERR_CANTLOCKSURFACE	0xad548e
DDERR_COLORKEYNOTSET	0xad548e
D3DERR_OUTOFVIDEOMEMORY	0xad548e
DDERR_OVERLAYCANTCLIP	0xad548e
DDERR_OVERLAYCOLORKEYONLYONEACTIVE	0xad548e
DDERR_PALETTEBUSY	0xad548e
DDERR_OUTOFCAPS	0xad548e
DDERR_NOTEXTUREHW	0xad548e
DDERR_NOVSYNCHW	0xad548e
DDERR_NOZBUFFERHW	0xad548e
DDERR_NOZOVERLAYHW	0xad548e
DDERR_NOT8BITCOLOR	0xad548e
DDERR_NOROTATIONHW	0xad548e
DDERR_NOSTRETCHHW	0xad548e
DDERR_NOT4BITCOLOR	0xad548e
DDERR_NOT4BITCOLORINDEX	0xad548e
DDERR_NORASTEROPHW	0xad548e
DDERR_NOMIRRORHW	0xad548e
DDERR_NOTFOUND	0xad548e
DDERR_NOOVERLAYHW	0xad548e
DDERR_OVERLAPPINGRECTS	0xad548e
DDERR_NOGDI	0xad548e
DDERR_NOCOLORKEYHW	0xad548e
DDERR_NODIRECTDRAWSUPPORT	0xad548e
DDERR_NOEXCLUSIVEMODE	0xad548e
DDERR_NOFLIPHW	0xad548e
DDERR_NOCOLORKEY	0xad548e
DDERR_NOSURFACELEFT	0xad548e
DDERR_NOCLIPLIST	0xad548e
DDERR_NOCOLORCONVHW	0xad548e
DDERR_NOCOOPERATIVELEVELSET	0xad548e
DDERR_NOSTEREOHARDWARE	0xad548e
DDERR_INVALIDRECT	0xad548e
DDERR_LOCKEDSURFACES	0xad548e
DDERR_NO3D	0xad548e
DDERR_NOALPHAHW	0xad548e
DDERR_INVALIDPIXELFORMAT	0xad548e
DDERR_INVALIDCAPS	0xad548e
DDERR_INVALIDCLIPLIST	0xad548e
DDERR_INVALIDMODE	0xad548e
DDERR_INVALIDOBJECT	0xad548e
DDERR_INCOMPATIBLEPRIMARY	0xad548e
DDERR_CANNOTDETACHSURFACE	0xad548e
DDERR_CURRENTLYNOTAVAIL	0xad548e
DDERR_EXCEPTION	0xad548e
DDERR_HEIGHTALIGN	0xad548e
DDERR_CANNOTATTACHSURFACE	0xad548e
DPNERR_TIMEDOUT	0xad548e
DPNERR_UNINITIALIZED	0xad548e
DPNERR_USERCANCEL	0xad548e
DDERR_ALREADYINITIALIZED	0xad548e
DPNERR_TABLEFULL	0xad548e
DPNERR_PLAYERNOTINGROUP	0xad548e
DPNERR_PLAYERNOTREACHABLE	0xad548e
DPNERR_SENDTOOLARGE	0xad548e
DPNERR_SESSIONFULL	0xad548e
DPNERR_PLAYERLOST	0xad548e
DPNERR_NOTHOST	0xad548e
DPNERR_NOTREADY	0xad548e
DPNERR_NOTREGISTERED	0xad548e
DPNERR_PLAYERALREADYINGROUP	0xad548e
DPNERR_NOTALLOWED	0xad548e
DPNERR_NOCONNECTION	0xad548e
DPNERR_NOHOSTPLAYER	0xad548e
DPNERR_NOMOREADDRESSCOMPONENTS	0xad548e
DPNERR_NORESPONSE	0xad548e
DPNERR_NOCAPS	0xad548e
DPNERR_INVALIDPRIORITY	0xad548e
DPNERR_INVALIDSTRING	0xad548e
DPNERR_INVALIDURL	0xad548e
DPNERR_INVALIDVERSION	0xad548e
DPNERR_INVALIDPLAYER	0xad548e
DPNERR_INVALIDINSTANCE	0xad548e
DPNERR_INVALIDINTERFACE	0xad548e
DPNERR_INVALIDOBJECT	0xad548e
DPNERR_INVALIDPASSWORD	0xad548e
DPNERR_INVALIDHOSTADDRESS	0xad548e
DPNERR_INVALIDENDPOINT	0xad548e
DPNERR_INVALIDFLAGS	0xad548e
DPNERR_INVALIDGROUP	0xad548e
DPNERR_INVALIDHANDLE	0xad548e
DPNERR_INVALIDDEVICEADDRESS	0xad548e
DPNERR_INCOMPLETEADDRESS	0xad548e
DPNERR_INVALIDADDRESSFORMAT	0xad548e
DPNERR_INVALIDAPPLICATION	0xad548e
DPNERR_INVALIDCOMMAND	0xad548e
DPNERR_HOSTTERMINATEDSESSION	0xad548e
DPNERR_EXCEPTION	0xad548e
DPNERR_GROUPNOTEMPTY	0xad548e
DPNERR_HOSTING	0xad548e
DPNERR_HOSTREJECTEDCONNECTION	0xad548e
DPNERR_ENUMRESPONSETOOLARGE	0xad548e
DPNERR_DPNSVRNOTAVAILABLE	0xad548e
DPNERR_DUPLICATECOMMAND	0xad548e
DPNERR_ENDPOINTNOTRECEIVING	0xad548e
DPNERR_ENUMQUERYTOOLARGE	0xad548e
DPNERR_DOESNOTEXIST	0xad548e
DPNERR_CONNECTING	0xad548e
DPNERR_CONNECTIONLOST	0xad548e
DPNERR_CONVERSION	0xad548e
DPNERR_DATATOOLARGE	0xad548e
DPNERR_CANTLAUNCHAPPLICATION	0xad548e
DPNERR_BUFFERTOOSMALL	0xad548e
DPNERR_CANNOTCANCEL	0xad548e
DPNERR_CANTCREATEGROUP	0xad548e
DPNERR_CANTCREATEPLAYER	0xad548e
DPNERR_ALREADYREGISTERED	0xad548e
DPNERR_ADDRESSING	0xad548e
DPNERR_ALREADYCLOSING	0xad548e
DPNERR_ALREADYCONNECTED	0xad548e
DPNERR_ALREADYDISCONNECTING	0xad548e
DPNERR_ALREADYINITIALIZED	0xad548e
DPNERR_ABORTED	0xad548e
DVERR_INITIALIZED	0xad548e
DVERR_NOTALLOWED	0xad548e
DVERR_NOTINITIALIZED	0xad548e
DVERR_CONNECTED	0xad548e
DVERR_NOTCONNECTED	0xad548e
DVERR_CONNECTABORTING	0xad548e
DVERR_CONNECTIONLOST	0xad548e
DVERR_INVALIDGROUP	0xad548e
DVERR_INVALIDHANDLE	0xad548e
DVERR_SESSIONLOST	0xad548e
DVERR_NOVOICESESSION	0xad548e
DVERR_INVALIDPLAYER	0xad548e
DVERR_BUFFERTOOSMALL	0xad548e
DVERR_EXCEPTION	0xad548e
DVERR_INVALIDFLAGS	0xad548e
DVERR_INVALIDOBJECT	0xad548e
COMADMIN_E_REGISTRY_ACCESSDENIED	0xad548e
COMADMIN_E_COMP_MOVE_PRIVATE	0xad548e
COMADMIN_E_BASEPARTITION_REQUIRED_IN_SET	0xad548e
COMADMIN_E_CANNOT_ALIAS_EVENTCLASS	0xad548e
COMADMIN_E_PRIVATE_ACCESSDENIED	0xad548e
COMADMIN_E_SAFERINVALID	0xad548e
COMADMIN_E_COMP_MOVE_DEST	0xad548e
COMADMIN_E_PAUSEDPROCESSMAYNOTBERECYCLED	0xad548e
COMADMIN_E_USER_IN_SET	0xad548e
COMADMIN_E_CANTRECYCLELIBRARYAPPS	0xad548e
COMADMIN_E_CANTRECYCLESERVICEAPPS	0xad548e
COMADMIN_E_PROCESSALREADYRECYCLED	0xad548e
COMADMIN_E_SVCAPP_NOT_POOLABLE_OR_RECYCLABLE	0xad548e
MSDTC_E_DUPLICATE_RESOURCE	0xad548e
COMADMIN_E_OBJECT_PARENT_MISSING	0xad548e
COMADMIN_E_OBJECT_DOES_NOT_EXIST	0xad548e
COMADMIN_E_APP_NOT_RUNNING	0xad548e
COMADMIN_E_INVALID_PARTITION	0xad548e
COMQC_E_UNTRUSTED_ENQUEUER	0xad548e
COMQC_E_QUEUING_SERVICE_NOT_AVAILABLE	0xad548e
COMQC_E_NO_IPERSISTSTREAM	0xad548e
COMQC_E_BAD_MESSAGE	0xad548e
COMQC_E_UNAUTHENTICATED	0xad548e
COMQC_E_NO_QUEUEABLE_INTERFACES	0xad548e
COMADMIN_E_CAT_WRONGAPPBITNESS	0xad548e
COMADMIN_E_CAT_PAUSE_RESUME_NOT_SUPPORTED	0xad548e
COMADMIN_E_CAT_SERVERFAULT	0xad548e
COMQC_E_APPLICATION_NOT_QUEUED	0xad548e
COMADMIN_E_CAT_UNACCEPTABLEBITNESS	0xad548e
COMADMIN_E_REGDB_ALREADYRUNNING	0xad548e
COMADMIN_E_MIG_VERSIONNOTSUPPORTED	0xad548e
COMADMIN_E_MIG_SCHEMANOTFOUND	0xad548e
COMADMIN_E_CAT_BITNESSMISMATCH	0xad548e
COMADMIN_E_REGDB_SYSTEMERR	0xad548e
COMADMIN_E_CAT_IMPORTED_COMPONENTS_NOT_ALLOWED	0xad548e
COMADMIN_E_AMBIGUOUS_APPLICATION_NAME	0xad548e
COMADMIN_E_AMBIGUOUS_PARTITION_NAME	0xad548e
COMADMIN_E_REGDB_NOTINITIALIZED	0xad548e
COMADMIN_E_REGDB_NOTOPEN	0xad548e
COMADMIN_E_FILE_PARTITION_DUPLICATE_FILES	0xad548e
COMADMIN_E_BADREGISTRYLIBID	0xad548e
COMADMIN_E_OBJECTINVALID	0xad548e
SCARD_W_EOF	0xad548e
SCARD_W_CANCELLED_BY_USER	0xad548e
SCARD_W_CARD_NOT_AUTHENTICATED	0xad548e
COMADMIN_E_OBJECTERRORS	0xad548e
SCARD_W_CHV_BLOCKED	0xad548e
SCARD_W_RESET_CARD	0xad548e
SCARD_W_REMOVED_CARD	0xad548e
SCARD_W_SECURITY_VIOLATION	0xad548e
SCARD_W_WRONG_CHV	0xad548e
SCARD_W_UNPOWERED_CARD	0xad548e
SCARD_E_COMM_DATA_LOST	0xad548e
SCARD_E_NO_KEY_CONTAINER	0xad548e
SCARD_W_UNSUPPORTED_CARD	0xad548e
SCARD_W_UNRESPONSIVE_CARD	0xad548e
SCARD_E_NO_READERS_AVAILABLE	0xad548e
SCARD_E_BAD_SEEK	0xad548e
SCARD_E_INVALID_CHV	0xad548e
SCARD_E_UNKNOWN_RES_MNG	0xad548e
SCARD_E_NO_SUCH_CERTIFICATE	0xad548e
SCARD_E_CERTIFICATE_UNAVAILABLE	0xad548e
SCARD_E_WRITE_TOO_MANY	0xad548e
SPAPI_E_ERROR_NOT_INSTALLED	0xad548e
SPAPI_E_DI_DO_DEFAULT	0xad548e
SPAPI_E_NO_DRIVER_SELECTED	0xad548e
SPAPI_E_NO_BACKUP	0xad548e
SPAPI_E_NO_ASSOCIATED_CLASS	0xad548e
SPAPI_E_CLASS_MISMATCH	0xad548e
SPAPI_E_DUPLICATE_FOUND	0xad548e
SPAPI_E_LINE_NOT_FOUND	0xad548e
SPAPI_E_BAD_SECTION_NAME_LINE	0xad548e
SPAPI_E_SECTION_NAME_TOO_LONG	0xad548e
SPAPI_E_GENERAL_SYNTAX	0xad548e
SPAPI_E_WRONG_INF_STYLE	0xad548e
SPAPI_E_SECTION_NOT_FOUND	0xad548e
SPAPI_E_EXPECTED_SECTION_NAME	0xad548e
CERT_E_EXPIRED	0xad548e
PERSIST_E_SIZEDEFINITE	0xad548e
PERSIST_E_SIZEINDEFINITE	0xad548e
PERSIST_E_NOTSELFSIZING	0xad548e
TRUST_E_NOSIGNATURE	0xad548e
DIGSIG_E_CRYPTO	0xad548e
TRUST_E_SUBJECT_NOT_TRUSTED	0xad548e
DIGSIG_E_ENCODE	0xad548e
DIGSIG_E_DECODE	0xad548e
DIGSIG_E_EXTENSIBILITY	0xad548e
TRUST_E_SUBJECT_FORM_UNKNOWN	0xad548e
MSSIPOTF_E_PCONST_CHECK	0xad548e
MSSIPOTF_E_STRUCTURE	0xad548e
TRUST_E_PROVIDER_UNKNOWN	0xad548e
TRUST_E_ACTION_UNKNOWN	0xad548e
MSSIPOTF_E_DSIG_STRUCTURE	0xad548e
MSSIPOTF_E_FAILED_HINTS_CHECK	0xad548e
MSSIPOTF_E_NOT_OPENTYPE	0xad548e
MSSIPOTF_E_FILE	0xad548e
MSSIPOTF_E_CRYPT	0xad548e
MSSIPOTF_E_BADVERSION	0xad548e
MSSIPOTF_E_FAILED_POLICY	0xad548e
MSSIPOTF_E_BAD_MAGICNUMBER	0xad548e
TRUST_E_FINANCIAL_CRITERIA	0xad548e
MSSIPOTF_E_OUTOFMEMRANGE	0xad548e
MSSIPOTF_E_CANTGETOBJECT	0xad548e
MSSIPOTF_E_NOHEADTABLE	0xad548e
TRUST_E_BASIC_CONSTRAINTS	0xad548e
TRUST_E_NO_SIGNER_CERT	0xad548e
TRUST_E_COUNTER_SIGNER	0xad548e
TRUST_E_CERT_SIGNATURE	0xad548e
TRUST_E_TIME_STAMP	0xad548e
TRUST_E_BAD_DIGEST	0xad548e
TRUST_E_SYSTEM_ERROR	0xad548e
XENROLL_E_CANNOT_ADD_ROOT_CERT	0xad548e
XENROLL_E_RESPONSE_KA_HASH_NOT_FOUND	0xad548e
XENROLL_E_RESPONSE_UNEXPECTED_KA_HASH	0xad548e
XENROLL_E_RESPONSE_KA_HASH_MISMATCH	0xad548e
XENROLL_E_KEYSPEC_SMIME_MISMATCH	0xad548e
XENROLL_E_KEY_NOT_EXPORTABLE	0xad548e
CERTSRV_E_TEMPLATE_CONFLICT	0xad548e
CERTSRV_E_NO_CERT_TYPE	0xad548e
CERTSRV_E_UNSUPPORTED_CERT_TYPE	0xad548e
CERTSRV_E_KEY_ARCHIVAL_NOT_CONFIGURED	0xad548e
CERTSRV_E_INVALID_CA_CERTIFICATE	0xad548e
CERTSRV_E_SERVER_SUSPENDED	0xad548e
CERTSRV_E_ENCODING_LENGTH	0xad548e
CERTSRV_E_ROLECONFLICT	0xad548e
CERTSRV_E_RESTRICTEDOFFICER	0xad548e
CERTSRV_E_PROPERTY_EMPTY	0xad548e
CRYPT_E_ASN1_NYI	0xad548e
CRYPT_E_ASN1_EXTENDED	0xad548e
CRYPT_E_ASN1_NOEOD	0xad548e
CERTSRV_E_BAD_REQUESTSUBJECT	0xad548e
CERTSRV_E_NO_REQUEST	0xad548e
CERTSRV_E_BAD_REQUESTSTATUS	0xad548e
CRYPT_E_ASN1_PDU_TYPE	0xad548e
CRYPT_E_ASN1_ERROR	0xad548e
CRYPT_E_OSS_ERROR	0xad548e
CRYPT_E_BAD_LEN	0xad548e
CRYPT_E_MSG_ERROR	0xad548e
SEC_E_INSUFFICIENT_MEMORY	0xad548e
NTE_BAD_UID	0xad548e
CO_E_CLASS_CREATE_FAILED	0xad548e
DNS_ERROR_DP_NOT_AVAILABLE	0xad548e
DNS_ERROR_DP_BASE	0xad548e
DNS_ERROR_SECURE_BASE	0xad548e
DNS_ERROR_NO_BOOTFILE_IF_DS_ZONE	0xad548e
DNS_ERROR_ZONE_DOES_NOT_EXIST	0xad548e
DNS_ERROR_NOT_ALLOWED_ON_ROOT_SERVER	0xad548e
DNS_STATUS_FQDN	0xad548e
DNS_ERROR_INVALID_IP_ADDRESS	0xad548e
DNS_ERROR_NO_PACKET	0xad548e
DNS_ERROR_RCODE_BADKEY	0xad548e
DNS_ERROR_RCODE_YXRRSET	0xad548e
DNS_ERROR_RCODE_SERVER_FAILURE	0xad548e
ERROR_CTX_MODEM_RESPONSE_TIMEOUT	0xad548e
ERROR_CTX_CANNOT_MAKE_EVENTLOG_ENTRY	0xad548e
ERROR_RESOURCE_NOT_FOUND	0xad548e
ERROR_INVALID_REPARSE_DATA	0xad548e
ERROR_FILE_OFFLINE	0xad548e
ERROR_WMI_GUID_NOT_FOUND	0xad548e
ERROR_SPL_NO_STARTDOC	0xad548e
ERROR_ACTIVE_CONNECTIONS	0xad548e
ERROR_IO_INCOMPLETE	0xad548e
ERROR_FILE_NOT_FOUND	0xad548e
ERROR_INVALID_FUNCTION	0xad548e
CO_E_ACTIVATIONFAILED_EVENTLOGGED	0xad548e
CONTEXT_E_NOCONTEXT	0xad548e
CONTEXT_E_WOULD_DEADLOCK	0xad548e
CONTEXT_E_SYNCH_TIMEOUT	0xad548e
CONTEXT_E_OLDREF	0xad548e
CONTEXT_E_ROLENOTFOUND	0xad548e
CONTEXT_E_TMNOTAVAILABLE	0xad548e
CO_E_ACTIVATIONFAILED	0xad548e
CONTEXT_E_ABORTING	0xad548e
XACT_E_CLERKEXISTS	0xad548e
XACT_E_RECOVERYINPROGRESS	0xad548e
XACT_E_TRANSACTIONCLOSED	0xad548e
XACT_E_INVALIDLSN	0xad548e
XACT_E_REPLAYREQUEST	0xad548e
CONTEXT_E_FIRST	0xad548e
CONTEXT_E_ABORTED	0xad548e
XACT_E_CLERKNOTFOUND	0xad548e
XACT_E_FIRST	0xad548e
SCHED_E_TRIGGER_NOT_FOUND	0xad548e
VFW_E_BAD_KEY	0xad548e
CO_E_ALREADYINITIALIZED	0xad548e
OLEOBJ_E_FIRST	0xad548e
REGDB_E_INVALIDVALUE	0xad548e
VIEW_E_LAST	0xad548e
REGDB_E_FIRST	0xad548e
REGDB_E_WRITEREGDB	0xad548e
REGDB_E_KEYMISSING	0xad548e
VIEW_E_FIRST	0xad548e
MARSHAL_E_FIRST	0xad548e
MARSHAL_E_LAST	0xad548e
DATA_E_FIRST	0xad548e
DATA_E_LAST	0xad548e
CLASSFACTORY_E_LAST	0xad548e
DRAGDROP_E_LAST	0xad548e
CLASSFACTORY_E_FIRST	0xad548e
CLASS_E_CLASSNOTAVAILABLE	0xad548e
CLASS_E_NOTLICENSED	0xad548e
DRAGDROP_E_INVALIDHWND	0xad548e
DV_E_DVTARGETDEVICE_SIZE	0xad548e
DV_E_NOIVIEWOBJECT	0xad548e
OLE_E_LAST	0xad548e
DRAGDROP_E_FIRST	0xad548e
DRAGDROP_E_ALREADYREGISTERED	0xad548e
DV_E_DVASPECT	0xad548e
DV_E_DVTARGETDEVICE	0xad548e
DV_E_STGMEDIUM	0xad548e
DV_E_STATDATA	0xad548e
DV_E_LINDEX	0xad548e
DV_E_TYMED	0xad548e
DV_E_CLIPFORMAT	0xad548e
DV_E_FORMATETC	0xad548e
OLE_E_NOCACHE	0xad548e
OLE_E_ENUM_NOMORE	0xad548e
OLE_E_ADVISENOTSUPPORTED	0xad548e
OLE_E_NOCONNECTION	0xad548e
OLE_E_NOTRUNNING	0xad548e
OLE_E_ADVF	0xad548e
STG_E_CSS_SCRAMBLED_SECTOR	0xad548e
STG_E_CSS_REGION_MISMATCH	0xad548e
STG_E_RESETS_EXHAUSTED	0xad548e
OLE_E_FIRST	0xad548e
STG_E_CSS_KEY_NOT_ESTABLISHED	0xad548e
STG_E_TERMINATED	0xad548e
STG_E_STATUS_COPY_PROTECTION_FAILURE	0xad548e
STG_E_CSS_AUTHENTICATION_FAILURE	0xad548e
STG_E_CSS_KEY_NOT_PRESENT	0xad548e
STG_E_INCOMPLETE	0xad548e
STG_E_EXTANTMARSHALLINGS	0xad548e
STG_E_DOCFILECORRUPT	0xad548e
STG_E_BADBASEADDRESS	0xad548e
STG_E_DOCFILETOOLARGE	0xad548e
STG_E_NOTSIMPLEFORMAT	0xad548e
STG_E_NOTFILEBASEDSTORAGE	0xad548e
STG_E_UNKNOWN	0xad548e
STG_E_PROPSETMISMATCHED	0xad548e
STG_E_ABNORMALAPIEXIT	0xad548e
STG_E_INVALIDHEADER	0xad548e
STG_E_INVALIDNAME	0xad548e
STG_E_MEDIUMFULL	0xad548e
STG_E_READFAULT	0xad548e
STG_E_SHAREVIOLATION	0xad548e
STG_E_LOCKVIOLATION	0xad548e
STG_E_FILEALREADYEXISTS	0xad548e
STG_E_INVALIDPARAMETER	0xad548e
STG_E_WRITEFAULT	0xad548e
STG_E_FILENOTFOUND	0xad548e
TYPE_E_CANTLOADLIBRARY	0xad548e
TYPE_E_INCONSISTENTPROPFUNCS	0xad548e
TYPE_E_CIRCULARTYPE	0xad548e
STG_E_INVALIDFUNCTION	0xad548e
TYPE_E_CANTCREATETMPFILE	0xad548e
TYPE_E_DUPLICATEID	0xad548e
TYPE_E_INVALIDID	0xad548e
TYPE_E_TYPEMISMATCH	0xad548e
TYPE_E_OUTOFBOUNDS	0xad548e
TYPE_E_IOERROR	0xad548e
TYPE_E_SIZETOOBIG	0xad548e
TYPE_E_WRONGTYPEKIND	0xad548e
TYPE_E_ELEMENTNOTFOUND	0xad548e
TYPE_E_AMBIGUOUSNAME	0xad548e
TYPE_E_NAMECONFLICT	0xad548e
TYPE_E_UNKNOWNLCID	0xad548e
TYPE_E_DLLFUNCTIONNOTFOUND	0xad548e
TYPE_E_BADMODULEKIND	0xad548e
TYPE_E_INVALIDSTATE	0xad548e
TYPE_E_FIELDNOTFOUND	0xad548e
TYPE_E_INVDATAREAD	0xad548e
TYPE_E_UNSUPFORMAT	0xad548e
TYPE_E_REGISTRYACCESS	0xad548e
TYPE_E_LIBNOTREGISTERED	0xad548e
TYPE_E_UNDEFINEDTYPE	0xad548e
TYPE_E_QUALIFIEDNAMEDISALLOWED	0xad548e
TYPE_E_BUFFERTOOSMALL	0xad548e
RPC_E_UNEXPECTED	0xad548e
RPC_E_VERSION_MISMATCH	0xad548e
RPC_E_CHANGED_MODE	0xad548e
RPC_E_ATTEMPTED_MULTITHREAD	0xad548e
RPC_E_NOT_REGISTERED	0xad548e
RPC_E_FAULT	0xad548e
RPC_E_SERVERFAULT	0xad548e
RPC_E_OUT_OF_RESOURCES	0xad548e
RPC_E_INVALID_DATA	0xad548e
RPC_E_INVALID_PARAMETER	0xad548e
RPC_E_CANTCALLOUT_AGAIN	0xad548e
RPC_E_SERVER_DIED_DNE	0xad548e
RPC_E_SYS_CALL_FAILED	0xad548e
RPC_E_SERVER_CANTUNMARSHAL_DATA	0xad548e
RPC_E_CANTCALLOUT_INASYNCCALL	0xad548e
E_UNEXPECTED	0xad548e
RPC_E_CALL_REJECTED	0xad548e
RPC_E_CALL_CANCELED	0xad548e
RPC_E_CANTPOST_INSENDCALL	0xad548e
CO_E_MALFORMED_SPN	0xad548e
CO_E_SERVER_INIT_TIMEOUT	0xad548e
CO_E_NO_SECCTX_IN_ACTIVATE	0xad548e
CO_E_TRACKER_CONFIG	0xad548e
CO_E_THREADPOOL_CONFIG	0xad548e
CO_E_SXS_CONFIG	0xad548e
CO_E_ASYNC_WORK_REJECTED	0xad548e
CO_E_BAD_SERVER_NAME	0xad548e
CO_E_INIT_RPC_CHANNEL	0xad548e
CO_E_INIT_TLS	0xad548e
CO_E_INIT_SHARED_ALLOCATOR	0xad548e
CO_E_INIT_MEMORY_ALLOCATOR	0xad548e
CO_E_INIT_CLASS_CACHE	0xad548e
E_FAIL	0xad548e
E_PENDING	0xad548e
E_NOTIMPL	0xad548e
E_NOINTERFACE	0xad548e
E_POINTER	0xad548e
E_ABORT	0xad548e
DMUS_S_LAST_TOOL	0xae6855
DMUS_S_OVER_CHORD	0xae6855
DMUS_S_UP_OCTAVE	0xae6855
DMUS_S_DOWN_OCTAVE	0xae6855
DMUS_S_NOBUFFERCONTROL	0xae6855
DMUS_S_GARBAGE_COLLECTED	0xae6855
DMUS_S_STRING_TRUNCATED	0xae6855
D3DOK_NOAUTOGEN	0xae6855
DS_NO_VIRTUALIZATION	0xae6855
DMUS_S_PARTIALLOAD	0xae6855
DMUS_S_PARTIALDOWNLOAD	0xae6855
DMUS_S_REQUEUE	0xae6855
DMUS_S_FREE	0xae6855
DMUS_S_END	0xae6855
DV_PENDING	0xae6855
SEC_I_INCOMPLETE_CREDENTIALS	0xae6855
SEC_I_RENEGOTIATE	0xae6855
SEC_I_NO_LSA_CONTEXT	0xae6855
CRYPT_I_NEW_PROTECTION_REQUIRED	0xae6855
DV_FULLDUPLEX	0xae6855
DV_HALFDUPLEX	0xae6855
SEC_I_CONTEXT_EXPIRED	0xae6855
CONTEXT_S_LAST	0xae6855
CO_S_NOTALLINTERFACES	0xae6855
CO_S_MACHINENAMENOTFOUND	0xae6855
SEC_I_CONTINUE_NEEDED	0xae6855
SEC_I_COMPLETE_NEEDED	0xae6855
SEC_I_COMPLETE_AND_CONTINUE	0xae6855
SEC_I_LOCAL_LOGON	0xae6855
CONTEXT_S_FIRST	0xae6855
XACT_S_MADECHANGESINFORM	0xae6855
XACT_S_ALLNORETAIN	0xae6855
XACT_S_ABORTING	0xae6855
XACT_S_SINGLEPHASE	0xae6855
XACT_S_LOCALLY_OK	0xae6855
XACT_S_LAST	0xae6855
XACT_S_MADECHANGESCONTENT	0xae6855
SCHED_S_TASK_NO_VALID_TRIGGERS	0xae6855
SCHED_S_EVENT_TRIGGER	0xae6855
XACT_S_FIRST	0xae6855
XACT_S_DEFECT	0xae6855
XACT_S_READONLY	0xae6855
XACT_S_SOMENORETAIN	0xae6855
XACT_S_OKINFORM	0xae6855
SCHED_S_TASK_TERMINATED	0xae6855
VFW_S_DVD_NOT_ACCURATE	0xae6855
SCHED_S_TASK_READY	0xae6855
SCHED_S_TASK_RUNNING	0xae6855
SCHED_S_TASK_DISABLED	0xae6855
SCHED_S_TASK_HAS_NOT_RUN	0xae6855
SCHED_S_TASK_NO_MORE_RUNS	0xae6855
SCHED_S_TASK_NOT_SCHEDULED	0xae6855
VFW_S_DVD_CHANNEL_CONTENTS_NOT_AVAILABLE	0xae6855
VFW_S_ESTIMATED	0xae6855
VFW_S_RESERVED	0xae6855
VFW_S_STREAM_OFF	0xae6855
VFW_S_CANT_CUE	0xae6855
VFW_S_NO_STOP_TIME	0xae6855
VFW_S_NOPREVIEWPIN	0xae6855
VFW_S_DVD_NON_ONE_SEQUENTIAL	0xae6855
VFW_S_RPZA	0xae6855
VFW_S_SOME_DATA_IGNORED	0xae6855
VFW_S_CONNECTIONS_DEFERRED	0xae6855
VFW_S_RESOURCE_NOT_NEEDED	0xae6855
VFW_S_MEDIA_TYPE_IGNORED	0xae6855
VFW_S_VIDEO_NOT_RENDERED	0xae6855
VFW_S_AUDIO_NOT_RENDERED	0xae6855
VFW_S_PARTIAL_RENDER	0xae6855
MK_S_HIM	0xae6855
MK_S_US	0xae6855
MK_S_MONIKERALREADYREGISTERED	0xae6855
MK_S_LAST	0xae6855
EVENT_S_NOSUBSCRIBERS	0xae6855
VFW_S_DUPLICATE_NAME	0xae6855
VFW_S_STATE_INTERMEDIATE	0xae6855
MK_S_ME	0xae6855
ENUM_S_LAST	0xae6855
CONVERT10_S_FIRST	0xae6855
CONVERT10_S_LAST	0xae6855
CLIPBRD_S_FIRST	0xae6855
CLIPBRD_S_LAST	0xae6855
MK_S_FIRST	0xae6855
MK_S_REDUCED_TO_SELF	0xae6855
ENUM_S_FIRST	0xae6855
OLEOBJ_S_CANNOT_DOVERB_NOW	0xae6855
OLEOBJ_S_INVALIDHWND	0xae6855
OLEOBJ_S_LAST	0xae6855
CLIENTSITE_S_FIRST	0xae6855
CLIENTSITE_S_LAST	0xae6855
INPLACE_S_FIRST	0xae6855
INPLACE_S_LAST	0xae6855
OLEOBJ_S_FIRST	0xae6855
REGDB_S_FIRST	0xae6855
REGDB_S_LAST	0xae6855
CACHE_S_FIRST	0xae6855
CACHE_S_SAMECACHE	0xae6855
CACHE_S_SOMECACHES_NOTUPDATED	0xae6855
CACHE_S_LAST	0xae6855
VIEW_S_LAST	0xae6855
CLASSFACTORY_S_FIRST	0xae6855
CLASSFACTORY_S_LAST	0xae6855
MARSHAL_S_FIRST	0xae6855
MARSHAL_S_LAST	0xae6855
DATA_S_FIRST	0xae6855
DATA_S_LAST	0xae6855
VIEW_S_FIRST	0xae6855
DRAGDROP_S_LAST	0xae6855
OLE_S_MAC_CLIPFORMAT & MS_S_NOUPDATE	0xae6855
MS_S_ENDOFSTREAM	0xae6855
OLE_S_LAST	0xae6855
DRAGDROP_S_FIRST	0xae6855
DRAGDROP_S_CANCEL	0xae6855
DRAGDROP_S_USEDEFAULTCURSORS	0xae6855
VFW_S_NO_MORE_ITEMS	0xae6855
OLE_S_STATIC & MS_S_PENDING	0xae6855
STG_S_BLOCK	0xae6855
STG_S_RETRYNOW	0xae6855
STG_S_MONITORING	0xae6855
STG_S_MULTIPLEOPENS	0xae6855
STG_S_CONSOLIDATIONFAILED	0xae6855
STG_S_CANNOTCONSOLIDATE	0xae6855
OLE_S_FIRST	0xae6855
STG_S_CONVERTED	0xae6855
ERROR_SXS_DUPLICATE_CLSID	0xae6855
ERROR_SXS_SECTION_NOT_FOUND	0xae6855
ERROR_IPSEC_IKE_SOFT_SA_TORN_DOWN	0xae6855
ERROR_IPSEC_IKE_NEG_STATUS_BEGIN	0xae6855
ERROR_IPSEC_TRANSPORT_FILTER_EXISTS	0xae6855
ERROR_IPSEC_QM_POLICY_NOT_FOUND	0xae6855
ERROR_IPSEC_QM_POLICY_IN_USE	0xae6855
ERROR_IPSEC_MM_POLICY_EXISTS	0xae6855
ERROR_IPSEC_MM_POLICY_NOT_FOUND	0xae6855
ERROR_IPSEC_MM_POLICY_IN_USE	0xae6855
ERROR_IPSEC_MM_FILTER_EXISTS	0xae6855
ERROR_IPSEC_MM_FILTER_NOT_FOUND	0xae6855
ERROR_IPSEC_QM_POLICY_EXISTS	0xae6855
WSA_QOS_ADMISSION_FAILURE	0xae6855
WSANO_DATA	0xae6855
WSA_QOS_RECEIVERS	0xae6855
WSA_QOS_SENDERS	0xae6855
WSA_QOS_NO_SENDERS	0xae6855
WSA_QOS_NO_RECEIVERS	0xae6855
WSA_QOS_REQUEST_CONFIRMED	0xae6855
WSANO_RECOVERY	0xae6855
WSASERVICE_NOT_FOUND	0xae6855
WSATYPE_NOT_FOUND	0xae6855
WSA_E_NO_MORE	0xae6855
WSA_E_CANCELLED	0xae6855
WSAEREFUSED	0xae6855
WSAHOST_NOT_FOUND	0xae6855
WSATRY_AGAIN	0xae6855
WSASYSCALLFAILURE	0xae6855
WSAEHOSTUNREACH	0xae6855
DNS_ERROR_DP_ALREADY_ENLISTED	0xae6855
DNS_ERROR_DP_NOT_ENLISTED	0xae6855
DNS_ERROR_DP_ALREADY_EXISTS	0xae6855
DNS_ERROR_DP_DOES_NOT_EXIST	0xae6855
DNS_ERROR_INCONSISTENT_ROOT_HINTS	0xae6855
DNS_ERROR_CANNOT_FIND_ROOT_HINTS	0xae6855
DNS_ERROR_NOT_ALLOWED_UNDER_DELEGATION	0xae6855
DNS_ERROR_NUMERIC_NAME	0xae6855
DNS_ERROR_INVALID_NAME_CHAR	0xae6855
WSAEADDRINUSE	0xae6855
WSABASEERR	0xae6855
DNS_ERROR_NO_DNS_SERVERS	0xae6855
DNS_ERROR_NO_TCPIP	0xae6855
DNS_ERROR_SETUP_BASE	0xae6855
DNS_STATUS_CONTINUE_NEEDED	0xae6855
DNS_INFO_ADDED_LOCAL_WINS	0xae6855
DNS_ERROR_AXFR	0xae6855
DNS_INFO_AXFR_COMPLETE	0xae6855
DNS_ERROR_OPERATION_BASE	0xae6855
DNS_ERROR_DS_ZONE_ALREADY_EXISTS	0xae6855
DNS_ERROR_DS_UNAVAILABLE	0xae6855
DNS_WARNING_DOMAIN_UNDELETED	0xae6855
DNS_WARNING_PTR_CREATE_FAILED	0xae6855
DNS_ERROR_NAME_DOES_NOT_EXIST	0xae6855
DNS_ERROR_NO_ZONE_INFO	0xae6855
DNS_ERROR_ZONE_BASE	0xae6855
DNS_STATUS_SINGLE_PART_NAME	0xae6855
DNS_STATUS_DOTTED_NAME	0xae6855
DNS_ERROR_NON_RFC_NAME	0xae6855
DNS_ERROR_NOT_UNIQUE	0xae6855
DNS_ERROR_TRY_AGAIN_LATER	0xae6855
DNS_ERROR_INVALID_PROPERTY	0xae6855
DNS_ERROR_INVALID_TYPE	0xae6855
DNS_ERROR_GENERAL_API_BASE	0xae6855
DNS_ERROR_UNSECURE_PACKET	0xae6855
DNS_ERROR_RCODE	0xae6855
DNS_ERROR_BAD_PACKET	0xae6855
DNS_INFO_NO_RECORDS	0xae6855
DNS_ERROR_PACKET_FMT_BASE	0xae6855
DNS_ERROR_RCODE_BADTIME	0xae6855
DNS_ERROR_RCODE_BADSIG	0xae6855
DNS_ERROR_RCODE_NOTZONE	0xae6855
DNS_ERROR_RCODE_NOTAUTH	0xae6855
DNS_ERROR_RCODE_NXRRSET	0xae6855
DNS_ERROR_RCODE_YXDOMAIN	0xae6855
DNS_ERROR_RCODE_REFUSED	0xae6855
DNS_ERROR_RCODE_NOT_IMPLEMENTED	0xae6855
DNS_ERROR_RCODE_NAME_ERROR	0xae6855
DNS_ERROR_RCODE_FORMAT_ERROR	0xae6855
DNS_ERROR_RESPONSE_CODES_BASE	0xae6855
ERROR_DS_EXISTING_AD_CHILD_NC	0xae6855
ERROR_DS_DOMAIN_RENAME_IN_PROGRESS	0xae6855
ERROR_DS_WKO_CONTAINER_CANNOT_BE_SPECIAL	0xae6855
ERROR_DS_DRA_SCHEMA_INFO_SHIP	0xae6855
ERROR_DS_AFFECTS_MULTIPLE_DSAS	0xae6855
ERROR_DS_CANT_MOD_OBJ_CLASS	0xae6855
ERROR_DS_BUSY	0xae6855
ERROR_DS_INVALID_ATTRIBUTE_SYNTAX	0xae6855
ERROR_DS_ATTRIBUTE_TYPE_UNDEFINED	0xae6855
ERROR_DS_ATTRIBUTE_OR_VALUE_EXISTS	0xae6855
ERROR_DS_NO_ATTRIBUTE_OR_VALUE	0xae6855
FRS_ERR_SYSVOL_DEMOTE	0xae6855
FRS_ERR_INVALID_SERVICE_PARAMETER	0xae6855
ERROR_DS_NOT_INSTALLED	0xae6855
ERROR_DS_MEMBERSHIP_EVALUATED_LOCALLY	0xae6855
FRS_ERR_SYSVOL_IS_BUSY	0xae6855
FRS_ERR_SYSVOL_POPULATE	0xae6855
FRS_ERR_SERVICE_COMM	0xae6855
FRS_ERR_STARTING_SERVICE	0xae6855
FRS_ERR_STOPPING_SERVICE	0xae6855
FRS_ERR_INTERNAL_API	0xae6855
FRS_ERR_INTERNAL	0xae6855
FRS_ERR_INVALID_API_SEQUENCE	0xae6855
ERROR_CTX_LICENSE_EXPIRED	0xae6855
ERROR_CTX_SHADOW_NOT_RUNNING	0xae6855
ERROR_CTX_SHADOW_ENDED_BY_MODE_CHANGE	0xae6855
ERROR_ACTIVATION_COUNT_EXCEEDED	0xae6855
ERROR_CTX_LICENSE_CLIENT_INVALID	0xae6855
ERROR_CTX_CONSOLE_DISCONNECT	0xae6855
ERROR_CTX_WINSTATION_NOT_FOUND	0xae6855
ERROR_CTX_MODEM_RESPONSE_NO_CARRIER	0xae6855
ERROR_CTX_MODEM_RESPONSE_ERROR	0xae6855
ERROR_CTX_INVALID_MODEMNAME	0xae6855
ERROR_CTX_MODEM_INF_NOT_FOUND	0xae6855
ERROR_CTX_SERVICE_NAME_COLLISION	0xae6855
ERROR_CTX_CLOSE_PENDING	0xae6855
ERROR_CTX_NO_OUTBUF	0xae6855
ERROR_CTX_WD_NOT_FOUND	0xae6855
SCHED_E_SERVICE_NOT_LOCALSYSTEM	0xae6855
ERROR_CTX_WINSTATION_NAME_INVALID	0xae6855
ERROR_CTX_INVALID_PD	0xae6855
ERROR_CTX_PD_NOT_FOUND	0xae6855
ERROR_NO_BROWSER_SERVERS_FOUND	0xae6855
ERROR_ENCRYPTION_FAILED	0xae6855
ERROR_CLUSTER_MEMBERSHIP_INVALID_STATE	0xae6855
ERROR_DEPENDENCY_NOT_ALLOWED	0xae6855
ERROR_CLUSTER_JOIN_NOT_IN_PROGRESS	0xae6855
ERROR_QUORUMLOG_OPEN_FAILED	0xae6855
ERROR_RESOURCE_PROPERTIES_STORED	0xae6855
ERROR_OBJECT_ALREADY_EXISTS	0xae6855
ERROR_RESOURCE_NOT_ONLINE	0xae6855
ERROR_HOST_NODE_NOT_AVAILABLE	0xae6855
ERROR_RESOURCE_NOT_AVAILABLE	0xae6855
ERROR_SHUTDOWN_CLUSTER	0xae6855
ERROR_CANT_EVICT_ACTIVE_NODE	0xae6855
ERROR_DEPENDENCY_ALREADY_EXISTS	0xae6855
ERROR_REPARSE_ATTRIBUTE_CONFLICT	0xae6855
ERROR_REPARSE_TAG_INVALID	0xae6855
ERROR_REPARSE_TAG_MISMATCH	0xae6855
ERROR_VOLUME_NOT_SIS_ENABLED	0xae6855
ERROR_DEPENDENT_RESOURCE_EXISTS	0xae6855
ERROR_DEPENDENCY_NOT_FOUND	0xae6855
ERROR_NOT_A_REPARSE_POINT	0xae6855
ERROR_CLEANER_CARTRIDGE_INSTALLED	0xae6855
ERROR_NO_SUPPORTING_DRIVES	0xae6855
ERROR_INDIGENOUS_TYPE	0xae6855
ERROR_VOLUME_CONTAINS_SYS_FILES	0xae6855
ERROR_REMOTE_STORAGE_MEDIA_ERROR	0xae6855
ERROR_REMOTE_STORAGE_NOT_ACTIVE	0xae6855
ERROR_MESSAGE_EXCEEDS_MAX_SIZE	0xae6855
ERROR_UNABLE_TO_EJECT_MOUNTED_MEDIA	0xae6855
ERROR_WMI_INVALID_REGINFO	0xae6855
ERROR_WMI_DP_FAILED	0xae6855
ERROR_WMI_INSTANCE_NOT_FOUND	0xae6855
ERROR_REC_NON_EXISTENT	0xae6855
ERROR_RPL_NOT_ALLOWED	0xae6855
ERROR_DHCP_ADDRESS_CONFLICT	0xae6855
ERROR_FULL_BACKUP	0xae6855
ERROR_WINS_INTERNAL	0xae6855
ERROR_CAN_NOT_DEL_LOCAL_WINS	0xae6855
ERROR_STATIC_INIT	0xae6855
ERROR_INC_BACKUP	0xae6855
ERROR_PRINTER_DRIVER_BLOCKED	0xae6855
ERROR_PRINT_PROCESSOR_ALREADY_INSTALLED	0xae6855
ERROR_SPOOL_FILE_NOT_FOUND	0xae6855
ERROR_SPL_NO_ADDJOB	0xae6855
ERROR_PRINTER_DRIVER_IN_USE	0xae6855
ERROR_OPEN_FILES	0xae6855
ERROR_DEVICE_IN_USE	0xae6855
ERROR_UNKNOWN_PRINT_MONITOR	0xae6855
ERROR_NOT_CONNECTED	0xae6855
ERROR_CONNECTED_OTHER_PASSWORD_DEFAULT	0xae6855
ERROR_BAD_USERNAME	0xae6855
ERROR_CONNECTED_OTHER_PASSWORD	0xae6855
ERROR_INVALID_PIXEL_FORMAT	0xae6855
RPC_X_PIPE_CLOSED	0xae6855
RPC_S_INVALID_STRING_UUID	0xae6855
ERROR_LOGON_SESSION_EXISTS	0xae6855
ERROR_UNABLE_TO_MOVE_REPLACEMENT	0xae6855
ERROR_TOO_MANY_LINKS	0xae6855
ERROR_SERVICE_MARKED_FOR_DELETE	0xae6855
ERROR_BADDB	0xae6855
ERROR_FULLSCREEN_MODE	0xae6855
ERROR_NOACCESS	0xae6855
ERROR_EA_ACCESS_DENIED	0xae6855
ERROR_OPERATION_ABORTED	0xae6855
ERROR_IO_PENDING	0xae6855
ERROR_PIPE_LISTENING	0xae6855
ERROR_SCOPE_NOT_FOUND	0xae6855
ERROR_INVALID_ADDRESS	0xae6855
ERROR_ARITHMETIC_OVERFLOW	0xae6855
ERROR_PIPE_CONNECTED	0xae6855
ERROR_MR_MID_NOT_FOUND	0xae6855
ERROR_VC_DISCONNECTED	0xae6855
ERROR_PIPE_NOT_CONNECTED	0xae6855
ERROR_SIGNAL_PENDING	0xae6855
ERROR_DIRECT_ACCESS_HANDLE	0xae6855
ERROR_UNEXP_NET_ERR	0xae6855
ERROR_SHARING_BUFFER_EXCEEDED	0xae6855
ERROR_ACCESS_DENIED	0xae6855
ERROR_ALL_SIDS_FILTERED	0xae6855
S_FALSE	0xae6855
ERROR_PATH_NOT_FOUND	0xae6855
ERROR_TOO_MANY_OPEN_FILES	0xae6855
ERROR_AUDITING_DISABLED	0xae6855
DMUS_E_INVALID_PARAMCONTROLTRACK	0xae6855
DMUS_E_SEGMENT_INIT_FAILED	0xae6855
DMUS_E_LOADER_NOFILENAME	0xae6855
DMUS_E_INVALIDFILE	0xae6855
DMUS_E_ALREADY_EXISTS	0xae6855
DMUS_E_OUT_OF_RANGE	0xae6855
DMUS_E_LOADER_OBJECTNOTFOUND	0xae6855
DMUS_E_LOADER_NOCLASSID	0xae6855
DMUS_E_LOADER_BADPATH	0xae6855
DMUS_E_LOADER_FAILEDOPEN	0xae6855
DMUS_E_LOADER_FORMATNOTSUPPORTED	0xae6855
DMUS_E_LOADER_FAILEDCREATE	0xae6855
DMUS_E_NO_MASTER_CLOCK	0xae6855
DMUS_E_CANNOTREAD	0xae6855
DMUS_E_INVALID_DOWNLOADID	0xae6855
DMUS_E_BUFFERNOTSET	0xae6855
DMUS_E_DRIVER_FAILED	0xae6855
DMUS_E_PORTS_OPEN	0xae6855
DMUS_E_DEVICE_IN_USE	0xae6855
DMUS_E_INSUFFICIENTBUFFER	0xae6855
DSERR_BADSENDBUFFERGUID	0xae6855
DSERR_UNINITIALIZED	0xae6855
DSERR_BUFFERTOOSMALL	0xae6855
DSERR_DS8_REQUIRED	0xae6855
DSERR_SENDLOOP	0xae6855
DSERR_OTHERAPPHASPRIO	0xae6855
DSERR_BADFORMAT	0xae6855
DSERR_NODRIVER	0xae6855
DSERR_ALREADYINITIALIZED	0xae6855
DSERR_BUFFERLOST	0xae6855
DSERR_PRIOLEVELNEEDED	0xae6855
D3DXERR_DUPLICATENAMEDFRAGMENT	0xae6855
DSERR_ALLOCATED	0xae6855
DSERR_CONTROLUNAVAIL	0xae6855
DSERR_INVALIDCALL	0xae6855
D3DXERR_LOADEDMESHASNODATA	0xae6855
D3DXERR_CANNOTATTRSORT	0xae6855
D3DXERR_SKINNINGNOTSUPPORTED	0xae6855
D3DXERR_TOOMANYINFLUENCES	0xae6855
D3DXERR_INVALIDDATA	0xae6855
D3DXERR_INVALIDMESH	0xae6855
D3DERR_INVALIDDEVICE	0xae6855
D3DERR_INVALIDCALL	0xae6855
D3DERR_DRIVERINVALIDCALL	0xae6855
D3DXERR_CANNOTMODIFYINDEXBUFFER	0xae6855
D3DERR_NOTAVAILABLE	0xae6855
D3DERR_NOTFOUND	0xae6855
D3DERR_MOREDATA	0xae6855
D3DERR_DEVICELOST	0xae6855
D3DERR_DEVICENOTRESET	0xae6855
D3DERR_DRIVERINTERNALERROR	0xae6855
D3DERR_UNSUPPORTEDFACTORVALUE	0xae6855
D3DERR_CONFLICTINGRENDERSTATE	0xae6855
D3DERR_UNSUPPORTEDTEXTUREFILTER	0xae6855
D3DERR_CONFLICTINGTEXTUREPALETTE	0xae6855
D3DERR_CONFLICTINGTEXTUREFILTER	0xae6855
D3DERR_UNSUPPORTEDCOLORARG	0xae6855
D3DERR_UNSUPPORTEDALPHAOPERATION	0xae6855
D3DERR_UNSUPPORTEDALPHAARG	0xae6855
D3DERR_TOOMANYOPERATIONS	0xae6855
D3DERR_UNSUPPORTEDCOLOROPERATION	0xae6855
DXFILEERR_NOMOREDATA	0xae6855
DXFILEERR_BADCACHEFILE	0xae6855
DXFILEERR_NOINTERNET	0xae6855
D3DERR_WRONGTEXTUREFORMAT	0xae6855
DXFILEERR_NOMORESTREAMHANDLES	0xae6855
DXFILEERR_BADSTREAMHANDLE	0xae6855
DDERR_DEVICEDOESNTOWNSURFACE	0xae6855
DXFILEERR_BADOBJECT	0xae6855
DXFILEERR_BADVALUE	0xae6855
DXFILEERR_BADTYPE	0xae6855
DDERR_NODRIVERSUPPORT	0xae6855
DDERR_NEWMODE	0xae6855
DDERR_D3DNOTINITIALIZED	0xae6855
DDERR_VIDEONOTACTIVE	0xae6855
DDERR_NOMONITORINFORMATION	0xae6855
DDERR_TESTFINISHED	0xae6855
DDERR_CANTPAGEUNLOCK	0xae6855
DDERR_NOTPAGELOCKED	0xae6855
DDERR_MOREDATA	0xae6855
DDERR_EXPIRED	0xae6855
DDERR_CANTPAGELOCK	0xae6855
DDERR_NOTLOADED	0xae6855
DDERR_NOFOCUSWINDOW	0xae6855
DDERR_NOTONMIPMAPSUBLEVEL	0xae6855
DDERR_DCALREADYCREATED	0xae6855
DDERR_NONONLOCALVIDMEM	0xae6855
DDERR_NOOPTIMIZEHW	0xae6855
DDERR_TOOBIGWIDTH	0xae6855
DDERR_SURFACELOST	0xae6855
DDERR_SURFACENOTATTACHED	0xae6855
DDERR_TOOBIGHEIGHT	0xae6855
DDERR_TOOBIGSIZE	0xae6855
DDERR_SURFACEISOBSCURED	0xae6855
DDERR_SURFACEALREADYATTACHED	0xae6855
DDERR_SURFACEALREADYDEPENDENT	0xae6855
DDERR_SURFACEBUSY	0xae6855
DDERR_CANTLOCKSURFACE	0xae6855
DDERR_COLORKEYNOTSET	0xae6855
D3DERR_OUTOFVIDEOMEMORY	0xae6855
DDERR_OVERLAYCANTCLIP	0xae6855
DDERR_OVERLAYCOLORKEYONLYONEACTIVE	0xae6855
DDERR_PALETTEBUSY	0xae6855
DDERR_OUTOFCAPS	0xae6855
DDERR_NOTEXTUREHW	0xae6855
DDERR_NOVSYNCHW	0xae6855
DDERR_NOZBUFFERHW	0xae6855
DDERR_NOZOVERLAYHW	0xae6855
DDERR_NOT8BITCOLOR	0xae6855
DDERR_NOROTATIONHW	0xae6855
DDERR_NOSTRETCHHW	0xae6855
DDERR_NOT4BITCOLOR	0xae6855
DDERR_NOT4BITCOLORINDEX	0xae6855
DDERR_NORASTEROPHW	0xae6855
DDERR_NOMIRRORHW	0xae6855
DDERR_NOTFOUND	0xae6855
DDERR_NOOVERLAYHW	0xae6855
DDERR_OVERLAPPINGRECTS	0xae6855
DDERR_NOGDI	0xae6855
DDERR_NOCOLORKEYHW	0xae6855
DDERR_NODIRECTDRAWSUPPORT	0xae6855
DDERR_NOEXCLUSIVEMODE	0xae6855
DDERR_NOFLIPHW	0xae6855
DDERR_NOCOLORKEY	0xae6855
DDERR_NOSURFACELEFT	0xae6855
DDERR_NOCLIPLIST	0xae6855
DDERR_NOCOLORCONVHW	0xae6855
DDERR_NOCOOPERATIVELEVELSET	0xae6855
DDERR_NOSTEREOHARDWARE	0xae6855
DDERR_INVALIDRECT	0xae6855
DDERR_LOCKEDSURFACES	0xae6855
DDERR_NO3D	0xae6855
DDERR_NOALPHAHW	0xae6855
DDERR_INVALIDPIXELFORMAT	0xae6855
DDERR_INVALIDCAPS	0xae6855
DDERR_INVALIDCLIPLIST	0xae6855
DDERR_INVALIDMODE	0xae6855
DDERR_INVALIDOBJECT	0xae6855
DDERR_INCOMPATIBLEPRIMARY	0xae6855
DDERR_CANNOTDETACHSURFACE	0xae6855
DDERR_CURRENTLYNOTAVAIL	0xae6855
DDERR_EXCEPTION	0xae6855
DDERR_HEIGHTALIGN	0xae6855
DDERR_CANNOTATTACHSURFACE	0xae6855
DPNERR_TIMEDOUT	0xae6855
DPNERR_UNINITIALIZED	0xae6855
DPNERR_USERCANCEL	0xae6855
DDERR_ALREADYINITIALIZED	0xae6855
DPNERR_TABLEFULL	0xae6855
DPNERR_PLAYERNOTINGROUP	0xae6855
DPNERR_PLAYERNOTREACHABLE	0xae6855
DPNERR_SENDTOOLARGE	0xae6855
DPNERR_SESSIONFULL	0xae6855
DPNERR_PLAYERLOST	0xae6855
DPNERR_NOTHOST	0xae6855
DPNERR_NOTREADY	0xae6855
DPNERR_NOTREGISTERED	0xae6855
DPNERR_PLAYERALREADYINGROUP	0xae6855
DPNERR_NOTALLOWED	0xae6855
DPNERR_NOCONNECTION	0xae6855
DPNERR_NOHOSTPLAYER	0xae6855
DPNERR_NOMOREADDRESSCOMPONENTS	0xae6855
DPNERR_NORESPONSE	0xae6855
DPNERR_NOCAPS	0xae6855
DPNERR_INVALIDPRIORITY	0xae6855
DPNERR_INVALIDSTRING	0xae6855
DPNERR_INVALIDURL	0xae6855
DPNERR_INVALIDVERSION	0xae6855
DPNERR_INVALIDPLAYER	0xae6855
DPNERR_INVALIDINSTANCE	0xae6855
DPNERR_INVALIDINTERFACE	0xae6855
DPNERR_INVALIDOBJECT	0xae6855
DPNERR_INVALIDPASSWORD	0xae6855
DPNERR_INVALIDHOSTADDRESS	0xae6855
DPNERR_INVALIDENDPOINT	0xae6855
DPNERR_INVALIDFLAGS	0xae6855
DPNERR_INVALIDGROUP	0xae6855
DPNERR_INVALIDHANDLE	0xae6855
DPNERR_INVALIDDEVICEADDRESS	0xae6855
DPNERR_INCOMPLETEADDRESS	0xae6855
DPNERR_INVALIDADDRESSFORMAT	0xae6855
DPNERR_INVALIDAPPLICATION	0xae6855
DPNERR_INVALIDCOMMAND	0xae6855
DPNERR_HOSTTERMINATEDSESSION	0xae6855
DPNERR_EXCEPTION	0xae6855
DPNERR_GROUPNOTEMPTY	0xae6855
DPNERR_HOSTING	0xae6855
DPNERR_HOSTREJECTEDCONNECTION	0xae6855
DPNERR_ENUMRESPONSETOOLARGE	0xae6855
DPNERR_DPNSVRNOTAVAILABLE	0xae6855
DPNERR_DUPLICATECOMMAND	0xae6855
DPNERR_ENDPOINTNOTRECEIVING	0xae6855
DPNERR_ENUMQUERYTOOLARGE	0xae6855
DPNERR_DOESNOTEXIST	0xae6855
DPNERR_CONNECTING	0xae6855
DPNERR_CONNECTIONLOST	0xae6855
DPNERR_CONVERSION	0xae6855
DPNERR_DATATOOLARGE	0xae6855
DPNERR_CANTLAUNCHAPPLICATION	0xae6855
DPNERR_BUFFERTOOSMALL	0xae6855
DPNERR_CANNOTCANCEL	0xae6855
DPNERR_CANTCREATEGROUP	0xae6855
DPNERR_CANTCREATEPLAYER	0xae6855
DPNERR_ALREADYREGISTERED	0xae6855
DPNERR_ADDRESSING	0xae6855
DPNERR_ALREADYCLOSING	0xae6855
DPNERR_ALREADYCONNECTED	0xae6855
DPNERR_ALREADYDISCONNECTING	0xae6855
DPNERR_ALREADYINITIALIZED	0xae6855
DPNERR_ABORTED	0xae6855
DVERR_INITIALIZED	0xae6855
DVERR_NOTALLOWED	0xae6855
DVERR_NOTINITIALIZED	0xae6855
DVERR_CONNECTED	0xae6855
DVERR_NOTCONNECTED	0xae6855
DVERR_CONNECTABORTING	0xae6855
DVERR_CONNECTIONLOST	0xae6855
DVERR_INVALIDGROUP	0xae6855
DVERR_INVALIDHANDLE	0xae6855
DVERR_SESSIONLOST	0xae6855
DVERR_NOVOICESESSION	0xae6855
DVERR_INVALIDPLAYER	0xae6855
DVERR_BUFFERTOOSMALL	0xae6855
DVERR_EXCEPTION	0xae6855
DVERR_INVALIDFLAGS	0xae6855
DVERR_INVALIDOBJECT	0xae6855
COMADMIN_E_REGISTRY_ACCESSDENIED	0xae6855
COMADMIN_E_COMP_MOVE_PRIVATE	0xae6855
COMADMIN_E_BASEPARTITION_REQUIRED_IN_SET	0xae6855
COMADMIN_E_CANNOT_ALIAS_EVENTCLASS	0xae6855
COMADMIN_E_PRIVATE_ACCESSDENIED	0xae6855
COMADMIN_E_SAFERINVALID	0xae6855
COMADMIN_E_COMP_MOVE_DEST	0xae6855
COMADMIN_E_PAUSEDPROCESSMAYNOTBERECYCLED	0xae6855
COMADMIN_E_USER_IN_SET	0xae6855
COMADMIN_E_CANTRECYCLELIBRARYAPPS	0xae6855
COMADMIN_E_CANTRECYCLESERVICEAPPS	0xae6855
COMADMIN_E_PROCESSALREADYRECYCLED	0xae6855
COMADMIN_E_SVCAPP_NOT_POOLABLE_OR_RECYCLABLE	0xae6855
MSDTC_E_DUPLICATE_RESOURCE	0xae6855
COMADMIN_E_OBJECT_PARENT_MISSING	0xae6855
COMADMIN_E_OBJECT_DOES_NOT_EXIST	0xae6855
COMADMIN_E_APP_NOT_RUNNING	0xae6855
COMADMIN_E_INVALID_PARTITION	0xae6855
COMQC_E_UNTRUSTED_ENQUEUER	0xae6855
COMQC_E_QUEUING_SERVICE_NOT_AVAILABLE	0xae6855
COMQC_E_NO_IPERSISTSTREAM	0xae6855
COMQC_E_BAD_MESSAGE	0xae6855
COMQC_E_UNAUTHENTICATED	0xae6855
COMQC_E_NO_QUEUEABLE_INTERFACES	0xae6855
COMADMIN_E_CAT_WRONGAPPBITNESS	0xae6855
COMADMIN_E_CAT_PAUSE_RESUME_NOT_SUPPORTED	0xae6855
COMADMIN_E_CAT_SERVERFAULT	0xae6855
COMQC_E_APPLICATION_NOT_QUEUED	0xae6855
COMADMIN_E_CAT_UNACCEPTABLEBITNESS	0xae6855
COMADMIN_E_REGDB_ALREADYRUNNING	0xae6855
COMADMIN_E_MIG_VERSIONNOTSUPPORTED	0xae6855
COMADMIN_E_MIG_SCHEMANOTFOUND	0xae6855
COMADMIN_E_CAT_BITNESSMISMATCH	0xae6855
COMADMIN_E_REGDB_SYSTEMERR	0xae6855
COMADMIN_E_CAT_IMPORTED_COMPONENTS_NOT_ALLOWED	0xae6855
COMADMIN_E_AMBIGUOUS_APPLICATION_NAME	0xae6855
COMADMIN_E_AMBIGUOUS_PARTITION_NAME	0xae6855
COMADMIN_E_REGDB_NOTINITIALIZED	0xae6855
COMADMIN_E_REGDB_NOTOPEN	0xae6855
COMADMIN_E_FILE_PARTITION_DUPLICATE_FILES	0xae6855
COMADMIN_E_BADREGISTRYLIBID	0xae6855
COMADMIN_E_OBJECTINVALID	0xae6855
SCARD_W_EOF	0xae6855
SCARD_W_CANCELLED_BY_USER	0xae6855
SCARD_W_CARD_NOT_AUTHENTICATED	0xae6855
COMADMIN_E_OBJECTERRORS	0xae6855
SCARD_W_CHV_BLOCKED	0xae6855
SCARD_W_RESET_CARD	0xae6855
SCARD_W_REMOVED_CARD	0xae6855
SCARD_W_SECURITY_VIOLATION	0xae6855
SCARD_W_WRONG_CHV	0xae6855
SCARD_W_UNPOWERED_CARD	0xae6855
SCARD_E_COMM_DATA_LOST	0xae6855
SCARD_E_NO_KEY_CONTAINER	0xae6855
SCARD_W_UNSUPPORTED_CARD	0xae6855
SCARD_W_UNRESPONSIVE_CARD	0xae6855
SCARD_E_NO_READERS_AVAILABLE	0xae6855
SCARD_E_BAD_SEEK	0xae6855
SCARD_E_INVALID_CHV	0xae6855
SCARD_E_UNKNOWN_RES_MNG	0xae6855
SCARD_E_NO_SUCH_CERTIFICATE	0xae6855
SCARD_E_CERTIFICATE_UNAVAILABLE	0xae6855
SCARD_E_WRITE_TOO_MANY	0xae6855
SPAPI_E_ERROR_NOT_INSTALLED	0xae6855
SPAPI_E_DI_DO_DEFAULT	0xae6855
SPAPI_E_NO_DRIVER_SELECTED	0xae6855
SPAPI_E_NO_BACKUP	0xae6855
SPAPI_E_NO_ASSOCIATED_CLASS	0xae6855
SPAPI_E_CLASS_MISMATCH	0xae6855
SPAPI_E_DUPLICATE_FOUND	0xae6855
SPAPI_E_LINE_NOT_FOUND	0xae6855
SPAPI_E_BAD_SECTION_NAME_LINE	0xae6855
SPAPI_E_SECTION_NAME_TOO_LONG	0xae6855
SPAPI_E_GENERAL_SYNTAX	0xae6855
SPAPI_E_WRONG_INF_STYLE	0xae6855
SPAPI_E_SECTION_NOT_FOUND	0xae6855
SPAPI_E_EXPECTED_SECTION_NAME	0xae6855
PERSIST_E_SIZEDEFINITE	0xae6855
PERSIST_E_SIZEINDEFINITE	0xae6855
PERSIST_E_NOTSELFSIZING	0xae6855
TRUST_E_NOSIGNATURE	0xae6855
DIGSIG_E_CRYPTO	0xae6855
TRUST_E_SUBJECT_NOT_TRUSTED	0xae6855
DIGSIG_E_ENCODE	0xae6855
DIGSIG_E_DECODE	0xae6855
DIGSIG_E_EXTENSIBILITY	0xae6855
TRUST_E_SUBJECT_FORM_UNKNOWN	0xae6855
MSSIPOTF_E_PCONST_CHECK	0xae6855
MSSIPOTF_E_STRUCTURE	0xae6855
TRUST_E_PROVIDER_UNKNOWN	0xae6855
TRUST_E_ACTION_UNKNOWN	0xae6855
MSSIPOTF_E_DSIG_STRUCTURE	0xae6855
MSSIPOTF_E_FAILED_HINTS_CHECK	0xae6855
MSSIPOTF_E_NOT_OPENTYPE	0xae6855
MSSIPOTF_E_FILE	0xae6855
MSSIPOTF_E_CRYPT	0xae6855
MSSIPOTF_E_BADVERSION	0xae6855
MSSIPOTF_E_FAILED_POLICY	0xae6855
MSSIPOTF_E_BAD_MAGICNUMBER	0xae6855
TRUST_E_FINANCIAL_CRITERIA	0xae6855
MSSIPOTF_E_OUTOFMEMRANGE	0xae6855
MSSIPOTF_E_CANTGETOBJECT	0xae6855
MSSIPOTF_E_NOHEADTABLE	0xae6855
TRUST_E_BASIC_CONSTRAINTS	0xae6855
TRUST_E_NO_SIGNER_CERT	0xae6855
TRUST_E_COUNTER_SIGNER	0xae6855
TRUST_E_CERT_SIGNATURE	0xae6855
TRUST_E_TIME_STAMP	0xae6855
TRUST_E_BAD_DIGEST	0xae6855
TRUST_E_SYSTEM_ERROR	0xae6855
XENROLL_E_CANNOT_ADD_ROOT_CERT	0xae6855
XENROLL_E_RESPONSE_KA_HASH_NOT_FOUND	0xae6855
XENROLL_E_RESPONSE_UNEXPECTED_KA_HASH	0xae6855
XENROLL_E_RESPONSE_KA_HASH_MISMATCH	0xae6855
XENROLL_E_KEYSPEC_SMIME_MISMATCH	0xae6855
XENROLL_E_KEY_NOT_EXPORTABLE	0xae6855
CERTSRV_E_TEMPLATE_CONFLICT	0xae6855
CERTSRV_E_NO_CERT_TYPE	0xae6855
CERTSRV_E_UNSUPPORTED_CERT_TYPE	0xae6855
CERTSRV_E_KEY_ARCHIVAL_NOT_CONFIGURED	0xae6855
CERTSRV_E_INVALID_CA_CERTIFICATE	0xae6855
CERTSRV_E_SERVER_SUSPENDED	0xae6855
CERTSRV_E_ENCODING_LENGTH	0xae6855
CERTSRV_E_ROLECONFLICT	0xae6855
CERTSRV_E_RESTRICTEDOFFICER	0xae6855
CERTSRV_E_PROPERTY_EMPTY	0xae6855
CRYPT_E_ASN1_NYI	0xae6855
CRYPT_E_ASN1_EXTENDED	0xae6855
CRYPT_E_ASN1_NOEOD	0xae6855
CERTSRV_E_BAD_REQUESTSUBJECT	0xae6855
CERTSRV_E_NO_REQUEST	0xae6855
CERTSRV_E_BAD_REQUESTSTATUS	0xae6855
CRYPT_E_ASN1_PDU_TYPE	0xae6855
CRYPT_E_ASN1_ERROR	0xae6855
CRYPT_E_OSS_ERROR	0xae6855
CRYPT_E_BAD_LEN	0xae6855
CRYPT_E_MSG_ERROR	0xae6855
SEC_E_INSUFFICIENT_MEMORY	0xae6855
NTE_BAD_UID	0xae6855
CO_E_CLASS_CREATE_FAILED	0xae6855
DNS_ERROR_DP_NOT_AVAILABLE	0xae6855
DNS_ERROR_DP_BASE	0xae6855
DNS_ERROR_SECURE_BASE	0xae6855
DNS_ERROR_NO_BOOTFILE_IF_DS_ZONE	0xae6855
DNS_ERROR_ZONE_DOES_NOT_EXIST	0xae6855
DNS_ERROR_NOT_ALLOWED_ON_ROOT_SERVER	0xae6855
DNS_STATUS_FQDN	0xae6855
DNS_ERROR_INVALID_IP_ADDRESS	0xae6855
DNS_ERROR_NO_PACKET	0xae6855
DNS_ERROR_RCODE_BADKEY	0xae6855
DNS_ERROR_RCODE_YXRRSET	0xae6855
DNS_ERROR_RCODE_SERVER_FAILURE	0xae6855
ERROR_CTX_MODEM_RESPONSE_TIMEOUT	0xae6855
ERROR_CTX_CANNOT_MAKE_EVENTLOG_ENTRY	0xae6855
ERROR_RESOURCE_NOT_FOUND	0xae6855
ERROR_INVALID_REPARSE_DATA	0xae6855
ERROR_FILE_OFFLINE	0xae6855
ERROR_WMI_GUID_NOT_FOUND	0xae6855
ERROR_SPL_NO_STARTDOC	0xae6855
ERROR_ACTIVE_CONNECTIONS	0xae6855
ERROR_IO_INCOMPLETE	0xae6855
ERROR_FILE_NOT_FOUND	0xae6855
ERROR_INVALID_FUNCTION	0xae6855
CO_E_ACTIVATIONFAILED_EVENTLOGGED	0xae6855
CONTEXT_E_NOCONTEXT	0xae6855
CONTEXT_E_WOULD_DEADLOCK	0xae6855
CONTEXT_E_SYNCH_TIMEOUT	0xae6855
CONTEXT_E_OLDREF	0xae6855
CONTEXT_E_ROLENOTFOUND	0xae6855
CONTEXT_E_TMNOTAVAILABLE	0xae6855
CO_E_ACTIVATIONFAILED	0xae6855
CONTEXT_E_ABORTING	0xae6855
XACT_E_CLERKEXISTS	0xae6855
XACT_E_RECOVERYINPROGRESS	0xae6855
XACT_E_TRANSACTIONCLOSED	0xae6855
XACT_E_INVALIDLSN	0xae6855
XACT_E_REPLAYREQUEST	0xae6855
CONTEXT_E_FIRST	0xae6855
CONTEXT_E_ABORTED	0xae6855
XACT_E_CLERKNOTFOUND	0xae6855
XACT_E_FIRST	0xae6855
SCHED_E_TRIGGER_NOT_FOUND	0xae6855
VFW_E_BAD_KEY	0xae6855
CO_E_ALREADYINITIALIZED	0xae6855
OLEOBJ_E_FIRST	0xae6855
REGDB_E_INVALIDVALUE	0xae6855
VIEW_E_LAST	0xae6855
REGDB_E_FIRST	0xae6855
REGDB_E_WRITEREGDB	0xae6855
REGDB_E_KEYMISSING	0xae6855
VIEW_E_FIRST	0xae6855
MARSHAL_E_FIRST	0xae6855
MARSHAL_E_LAST	0xae6855
DATA_E_FIRST	0xae6855
DATA_E_LAST	0xae6855
CLASSFACTORY_E_LAST	0xae6855
DRAGDROP_E_LAST	0xae6855
CLASSFACTORY_E_FIRST	0xae6855
CLASS_E_CLASSNOTAVAILABLE	0xae6855
CLASS_E_NOTLICENSED	0xae6855
DRAGDROP_E_INVALIDHWND	0xae6855
DV_E_NOIVIEWOBJECT	0xae6855
OLE_E_LAST	0xae6855
DRAGDROP_E_FIRST	0xae6855
DRAGDROP_E_ALREADYREGISTERED	0xae6855
DV_E_DVASPECT	0xae6855
DV_E_STGMEDIUM	0xae6855
DV_E_STATDATA	0xae6855
DV_E_LINDEX	0xae6855
DV_E_TYMED	0xae6855
DV_E_CLIPFORMAT	0xae6855
DV_E_FORMATETC	0xae6855
OLE_E_NOCACHE	0xae6855
OLE_E_ENUM_NOMORE	0xae6855
OLE_E_ADVISENOTSUPPORTED	0xae6855
OLE_E_NOCONNECTION	0xae6855
OLE_E_NOTRUNNING	0xae6855
OLE_E_ADVF	0xae6855
STG_E_CSS_SCRAMBLED_SECTOR	0xae6855
STG_E_CSS_REGION_MISMATCH	0xae6855
STG_E_RESETS_EXHAUSTED	0xae6855
OLE_E_FIRST	0xae6855
STG_E_CSS_KEY_NOT_ESTABLISHED	0xae6855
STG_E_TERMINATED	0xae6855
STG_E_STATUS_COPY_PROTECTION_FAILURE	0xae6855
STG_E_CSS_AUTHENTICATION_FAILURE	0xae6855
STG_E_CSS_KEY_NOT_PRESENT	0xae6855
STG_E_INCOMPLETE	0xae6855
STG_E_EXTANTMARSHALLINGS	0xae6855
STG_E_DOCFILECORRUPT	0xae6855
STG_E_BADBASEADDRESS	0xae6855
STG_E_DOCFILETOOLARGE	0xae6855
STG_E_NOTSIMPLEFORMAT	0xae6855
STG_E_NOTFILEBASEDSTORAGE	0xae6855
STG_E_UNKNOWN	0xae6855
STG_E_PROPSETMISMATCHED	0xae6855
STG_E_ABNORMALAPIEXIT	0xae6855
STG_E_INVALIDHEADER	0xae6855
STG_E_INVALIDNAME	0xae6855
STG_E_MEDIUMFULL	0xae6855
STG_E_READFAULT	0xae6855
STG_E_SHAREVIOLATION	0xae6855
STG_E_LOCKVIOLATION	0xae6855
STG_E_FILEALREADYEXISTS	0xae6855
STG_E_INVALIDPARAMETER	0xae6855
STG_E_WRITEFAULT	0xae6855
STG_E_FILENOTFOUND	0xae6855
TYPE_E_INCONSISTENTPROPFUNCS	0xae6855
STG_E_INVALIDFUNCTION	0xae6855
TYPE_E_INVALIDID	0xae6855
TYPE_E_OUTOFBOUNDS	0xae6855
TYPE_E_IOERROR	0xae6855
TYPE_E_SIZETOOBIG	0xae6855
TYPE_E_WRONGTYPEKIND	0xae6855
TYPE_E_INVALIDSTATE	0xae6855
TYPE_E_FIELDNOTFOUND	0xae6855
TYPE_E_INVDATAREAD	0xae6855
TYPE_E_REGISTRYACCESS	0xae6855
TYPE_E_LIBNOTREGISTERED	0xae6855
TYPE_E_QUALIFIEDNAMEDISALLOWED	0xae6855
RPC_E_UNEXPECTED	0xae6855
RPC_E_VERSION_MISMATCH	0xae6855
RPC_E_CHANGED_MODE	0xae6855
RPC_E_ATTEMPTED_MULTITHREAD	0xae6855
RPC_E_NOT_REGISTERED	0xae6855
RPC_E_FAULT	0xae6855
RPC_E_SERVERFAULT	0xae6855
RPC_E_OUT_OF_RESOURCES	0xae6855
RPC_E_INVALID_DATA	0xae6855
RPC_E_INVALID_PARAMETER	0xae6855
RPC_E_CANTCALLOUT_AGAIN	0xae6855
RPC_E_SERVER_DIED_DNE	0xae6855
RPC_E_SYS_CALL_FAILED	0xae6855
RPC_E_SERVER_CANTUNMARSHAL_DATA	0xae6855
RPC_E_CANTCALLOUT_INASYNCCALL	0xae6855
E_UNEXPECTED	0xae6855
RPC_E_CALL_REJECTED	0xae6855
RPC_E_CALL_CANCELED	0xae6855
RPC_E_CANTPOST_INSENDCALL	0xae6855
CO_E_MALFORMED_SPN	0xae6855
CO_E_SERVER_INIT_TIMEOUT	0xae6855
CO_E_NO_SECCTX_IN_ACTIVATE	0xae6855
CO_E_TRACKER_CONFIG	0xae6855
CO_E_THREADPOOL_CONFIG	0xae6855
CO_E_SXS_CONFIG	0xae6855
CO_E_ASYNC_WORK_REJECTED	0xae6855
CO_E_BAD_SERVER_NAME	0xae6855
CO_E_INIT_RPC_CHANNEL	0xae6855
CO_E_INIT_TLS	0xae6855
CO_E_INIT_SHARED_ALLOCATOR	0xae6855
CO_E_INIT_MEMORY_ALLOCATOR	0xae6855
CO_E_INIT_CLASS_CACHE	0xae6855
E_FAIL	0xae6855
E_PENDING	0xae6855
E_NOTIMPL	0xae6855
E_NOINTERFACE	0xae6855
E_POINTER	0xae6855
E_ABORT	0xae6855
Unexpected error encountered	0xafd20f
File: %S Line: %s Error Code: %s Calling: %s Do you want to debug the application?	0xafd20f
 (hr=%s)	0xafd20f
%s (0x%0.8x)	0xafd20f
%s(%s): 	0xafd20f
Stats\	0xa29e0,0xa2f60
-_*'"	0x44ced0
NetConnMAC: The NCBRESET return code is: 0x%x  	0x7eb520
*               	0x7eb520
NetConnMAC: Could not find any valid network addapters! 	0x7eb520
netconn: warning - calling NetConnStatus() while module is not initialized 	0x7eb410
%d.%d.%d %d:%02d:%02d	0x7ed9f0
netconn: ignoring add of an idle handler that is already registered 	0x7f8b60
netconn: unable to add new idle handler as table is full 	0x7f8b60
netconn: ignoring delete of an idle handler that is not registered 	0x7f8c00
netconn: removing idle handler at shutdown 	0x7f8d30
dirtynetwin: addr remap %s	0x7fd660
 to %s 	0x7fd660
dirtynetwin: warning, trying to close socket 0x%08x that is not in the socket list 	0x7fd3f0
Warning: NetCritT is too small! 	0x7fe520
%s: %s 	0x7fe880
%s: %s 	0x7fe880
ProtoMangle: Sockresolve failed! 	0x804920
ProtoMangle: Addr countdown failed! 	0x804920
ProtoMangle: Attempting to connect (addr=%08x, port=%d) 	0x804920
ProtoMangle: ST_HTTP_FAIL (err=%d) 	0x804920
ProtoMangle: Received HTTP header: %s 	0x804920
ProtoMangle: Bogus HTTP result! 	0x804920
 Content-Length:	0x804920
 Connection: close	0x804920
ProtoMangle: Trying to close 	0x804920
ProtoMangle: ST_FAIL (err=%d) 	0x804920
Http: got body bytes (%d) 	0x804920
HTTP request: %s 	0x8046e0
GET %s HTTP/1.1  Cookie: sessionID=%s  Accept: */*  Content-Length: 0  User-Agent: Custom/1.0  Host: %s    	0x804630
POST %s HTTP/1.1  Cookie: sessionID=%s  Content-Type: application/x-www-form-urlencoded  Content-Length: %d  Host: %s    %s  	0x806200
/getPeerAddress?myIP=%s&myPort=%d&version=1.0	0x804550
ProtoMangleCreate: buffer=%d bytes 	0x8042b0
status	0x805620
peerIP	0x805870
peerPort	0x805870
targetIP	0x805a70
targetPort	0x805a70
sendCount	0x805a70
sourcePort	0x805a70
protomangle: tearing down probe socket 0x%08x 	0x805c70
protomangle: using shared socket ref 0x%08x to probe port %d 	0x805c70
ProtoMangle: Error creating probe socket 	0x805c70
protomangle: created probe socket 0x%08x 	0x805c70
sourceIP=%s  sourcePort=%d  tag=%s  sendCount=%d  	0x805e50
ProtoMangle: Success 	0x805e50
ProtoMangle: Error %d 	0x805e50
sending probe %d/%d (%d) from port %d 	0x805e50
ProtoMangle: Warning, probe sequence mismatch 	0x805960
ProtoMangleCreate: Server:%s Port:%d GameID:%s LKey:%s 	0x804150
ProtoMangleDestroy: Shutting down 	0x804330
protomangle: connecting with sockref 0x%08x 	0x8053c0
HTTP Data: %s 	0x8054a0
HTTP Data: %s 	0x8054a0
myIP=%s&myPort=%d&version=1.0&status=%s&gameFeatureID=%s 	0x8060b0
&latency=%d	0x8060b0
/connectionStatus	0x8060b0
dirtyaddr: output buffer too small 	0x807a00
$%08x	0x807ab0
_ProtoPingCallback: ICMP_TIMEEXCEEDED from=%08x 	0x807ee0
false	0x807fb0
_ProtoPingCallback: ICMP_ECHOREPLY from=%08x, time=%dms, data=%s, server=%s 	0x807fb0
_ProtoPingCallback: Unhandled ICMP type %d 	0x807cf0
California	0x80c960
Redwood City	0x80c960
Electronic Arts, Inc.	0x80c960
OTG3 Certificate Authority	0x80c960
ProtoSSL: unsupported signature algorithm 	0x80c960
ProtoSSL: subject mismatch %s != %s 	0x80c960
ProtoSSL: modulus size mismatch 	0x80c960
ProtoSSL: unknown signature algorithm, should never get here 	0x80c960
ProtoSSL: signature hash mismatch 	0x80c960
not server hello message 	0x80b4b0
not x509 certificate 	0x80b4b0
wrong server version 	0x80b4b0
certificate buffer overrun 	0x80b4b0
returned bogus cipher information 	0x80b4b0
invalid connection sequence size 	0x80b4b0
x509 certificate is invalid (error=%d) 	0x80b4b0
server verify failed 	0x80b4b0
challenge data mismatch 	0x80b4b0
did not get finish message 	0x80b4b0
send-%s-send	0x80dd80
recv-%s-recv	0x80dd80
iv-%s-iv	0x80dd80
00-e0-98-8f-f8-e4:Greg's PC 00-e0-98-84-ce-cc:PS2 Dev Box 	0x80ef50
NetGameUtilControl: setting 'mwid' to %d 	0x80e5e0
NetGameUtilControl: 'mwid' value of %d is too large 	0x80e5e0
NetGameUtilControl: setting 'minp' to %d 	0x80e5e0
NetGameUtilControl: setting 'mout' to %d 	0x80e5e0
NetGameUtilControl: setting 'advf' to %d 	0x80e5e0
NetGameUtil: invalid conn param 	0x80e6c0
NetGameUtil: connect %d %s 	0x80e6c0
TCP:~1:1024 UDP:~1:1024	0x80e6c0
GmUtil	0x80e6c0
GmUtil	0x80ea30
NetGameUtil: located peer=%08x, host=%08x 	0x80ea30
%d.%d.%d.%d%s	0x80ea30
NetGameUtil: connection complete 	0x80ea30
Default Name	0x80ef50
TCP:~1:1024 UDP:~1:1024	0x80ef50
0123456789abcdef	0x810ff0
protoadvt: error, invalid kind 	0x8119a0
protoadvt: error, invalid name 	0x8119a0
protoadvt: error, invalid note 	0x8119a0
protoadvt: error, invalid addr 	0x8119a0
comm/datamodem	0x8137c0
TAPI%d:	0x813100
TAPI%d:	0x813100
localhost	0x813a50
commtcp: peer=0x%08x:%d, host=0x%08x:%d 	0x814d60
CommTCPResolve: Resolve functionality not supported by CommTCP 	0x8143d0
TCP: output buffer full 	0x814540
CommTCP: Oversized packet send (%d bytes) 	0x814540
commsrp: peer=0x%08x:%d, host=0x%08x:%d 	0x816160
_CommSRPSendImmediate: SocketSendto returned %d 	0x815680
_CommSRPProcessSetup: Unrecognized control packet type %d 	0x816020
_CommSRPProcessData: Reliable packet discarded due to input buffer overrun 	0x816280
_CommSRPProcessRecvQueue: Error %d - closing connection 	0x815da0
CommSRPResolve: Resolve functionality not supported by CommSRP 	0x815760
CommSRPSend: input queue full 	0x8158b0
CommSRP: Oversized packet send (%d bytes) 	0x8158b0
CommSRPListen: Error %d binding socket 	0x816660
CommSRPConnect: Error %d binding socket 	0x816970
commudp: peer=0x%08x:%d, host=0x%08x:%d 	0x818500
CommUDPWrite: SocketSendto returned %d 	0x817030
commudp: warning - connident mismatch 	0x818400
CommUdpSetup: sending CONN in response to INIT 	0x818400
CommUdpPoke: sending poke packet 	0x818a20
CommUdpProcess: got RAW_PACKET_INIT 	0x817b30
CommUdpProcess: got RAW_PACKET_CONN 	0x817b30
CommUDP: closing connection due to timeout 	0x817b30
CommUDP: tick=%d, rtick=%d, stick=%d 	0x817b30
CommUDP: received poke packet (from=%08x) 	0x817b30
CommUdp: poke source = %08x -- forcing match 	0x817b30
CommUDP: changing peer to %08x:%d due to poke (was expecting %08x:%d) 	0x817b30
CommUDPResolve: Resolve functionality not supported by CommUDP 	0x817210
CommUDP: Oversized packet send (%d bytes) 	0x8173c0
CommUdpListen: err=%d, bind=%d, connident=0x%08x 	0x818d90
CommUdpListen: poke=%08x:%d 	0x818d90
CommUdpConnect: addr=%08x, bind=%d, peer=%d connident=0x%08x 	0x819300
CommUDPConnect: bind to %d failed with %d 	0x819300
CommUDPConnect: bind to 0 with result %d 	0x819300
bogus packet 	0x819f50
bogus packet 	0x819f50
SERIAL	0x819630
localhost	0x81ae20
SOFTWARE\Electronic Arts\EA Games\The Battle for Middle-earth	0x8849f0,0x8840b0,0x884300,0x8845d0
gpcm.gamespy.com	0x8ecd00
gpsp.gamespy.com	0x8eddb0
gp.info	0x8f0ec0,0x8f0520
meSpy3D	0x9d3ad0,0x9d3b90,0x9d2e50,0x9d39e0
ndustries	0x9d3b90
rojectAphex	0x9d3e90,0x9d32a0,0x9d4d10,0x9d4ac0,0x9d4ec0,0x9d3fd0,0x9d50f0,0x9d4870,0x9d54f0
gamestats.gamespy.com	0x9d4600
