kind,address,expected,note
vslot,0x0111A968+0x00,0x00682770,BFMENativeNetwork scalar deleting dtor ??_GNetwork
vslot,0x0111A968+0x04,0x00681E40,Network::init
vslot,0x0111A968+0x10,0x00681910,Network::reset (jmp [vt+4])
vslot,0x0111A968+0x24,0x00681930,Network::liteupdate
vslot,0x0111A968+0x28,0x00682C70,Network::update
vslot,0x0111A968+0x2C,0x00681960,Network::parseUserList
vslot,0x0111A968+0x30,0x00681980,Network::setLocalAddress
vslot,0x0111A968+0x38,0x006819B0,Network::initTransport
vslot,0x0111A968+0x44,0x006819E0,_bfme_getFrameHeadroom
vslot,0x0111A968+0x48,0x00681A00,_bfme_isLocalPlayerInGame
vslot,0x0111A968+0x4C,0x00682310,_bfme_sendFrameInfo
vslot,0x0111A968+0x50,0x00682440,Network::sendChat
vslot,0x0111A968+0x58,0x00682540,Network::sendFile
vslot,0x0111A968+0x5C,0x006825C0,Network::sendFileAnnounce
vslot,0x0111A968+0x64,0x00681A10,Network::areAllQueuesEmpty
vslot,0x0111A968+0x68,0x00681A20,_bfme_setFileTransferMode
vslot,0x0111A968+0x6C,0x00681A40,_bfme_clearFileTransferMode
vslot,0x0111A968+0x74,0x00681A80,Network::loadProgressComplete
vslot,0x0111A968+0x78,0x006822E0,Network::quitGame
vslot,0x0111A968+0x7C,0x00682270,Network::voteForPlayerDisconnect
vslot,0x0111A968+0x84,0x00681AC0,Network::getPingsSent
vslot,0x0111A968+0x88,0x00681AF0,Network::getPingsRecieved
vslot,0x0111A968+0x90,0x00681B40,_bfme_getPacketRouterSlot
vslot,0x0111A968+0x94,0x00681B60,Network::getNumPlayers
vslot,0x0111A968+0x98,0x00681B80,Network::getLocalPlayerID
vslot,0x0111A968+0xA0,0x00681BC0,_bfme_isInUpdate (reads +0x35)
vslot,0x0111A968+0xA4,0x00681BA0,slot 41 sets +0x35=1 (ledgered setSawCRCMismatch)
vslot,0x0111A968+0xA8,0x00681BB0,slot 42 sets +0x35=0 (ledgered _bfme_clearSawCRCMismatch)
vslot,0x0111A968+0xB0,0x00681BE0,_bfme_isWaitingForPlayers
vslot,0x0111A968+0xB4,0x00681C10,Network::getIncomingBytesPerSecond
vslot,0x0111A968+0xBC,0x00681C70,Network::getOutgoingBytesPerSecond
vslot,0x0111A968+0xC0,0x00681CA0,Network::getOutgoingPacketsPerSecond
vslot,0x0111A968+0xC4,0x00681CD0,Network::getUnknownBytesPerSecond
vslot,0x0111A968+0xC8,0x00681D00,Network::getUnknownPacketsPerSecond
vslot,0x0111A968+0xCC,0x00681D30,_bfme_getFramesBehindPacketRouter
vslot,0x0111A968+0xD8,0x00681DB0,_bfme_getPlayerLatestFrame
vslot,0x0111A968+0xDC,0x00681BD0,_bfme_isRouterLeavePending
vslot,0x0111A968+0xE0,0x00681DD0,_bfme_isPlayerSlotActive
thunk,0x00022985,0x00682770,ILT for slot 0
thunk,0x00040FB6,0x00681E40,ILT for init
thunk,0x0003CF1A,0x00681910,ILT for reset
thunk,0x00009D0E,0x00681930,ILT for liteupdate
thunk,0x00027E12,0x00682C70,ILT for update
thunk,0x000069E7,0x00681960,ILT for parseUserList
thunk,0x0002AA45,0x00681980,ILT for setLocalAddress
thunk,0x00023F01,0x006819B0,ILT for initTransport
thunk,0x000238BC,0x006819E0,ILT for _bfme_getFrameHeadroom
thunk,0x0002AF68,0x00681A00,ILT for _bfme_isLocalPlayerInGame
thunk,0x0003ED9C,0x00682310,ILT for _bfme_sendFrameInfo
thunk,0x0002B512,0x00682440,ILT for sendChat
thunk,0x0002193B,0x00682540,ILT for sendFile
thunk,0x0001B487,0x006825C0,ILT for sendFileAnnounce
thunk,0x000149E8,0x00681A10,ILT for areAllQueuesEmpty
thunk,0x0003B656,0x00681A20,ILT for _bfme_setFileTransferMode
thunk,0x0000C8C9,0x00681A40,ILT for _bfme_clearFileTransferMode
thunk,0x00001A5F,0x00681A80,ILT for loadProgressComplete
thunk,0x00031D81,0x006822E0,ILT for quitGame
thunk,0x0003D1F4,0x00682270,ILT for voteForPlayerDisconnect
thunk,0x000266D4,0x00681AC0,ILT for getPingsSent
thunk,0x00022165,0x00681AF0,ILT for getPingsRecieved
thunk,0x0001865B,0x00681B40,ILT for _bfme_getPacketRouterSlot
thunk,0x000393E2,0x00681B60,ILT for getNumPlayers
thunk,0x0002B85F,0x00681B80,ILT for getLocalPlayerID
thunk,0x0003171E,0x00681BC0,ILT for _bfme_isInUpdate
thunk,0x00005461,0x00681BE0,ILT for _bfme_isWaitingForPlayers
thunk,0x00028C9F,0x00681C10,ILT for getIncomingBytesPerSecond
thunk,0x00042514,0x00681C70,ILT for getOutgoingBytesPerSecond
thunk,0x00019AAB,0x00681CA0,ILT for getOutgoingPacketsPerSecond
thunk,0x0000AFA6,0x00681CD0,ILT for getUnknownBytesPerSecond
thunk,0x00039806,0x00681D00,ILT for getUnknownPacketsPerSecond
thunk,0x00030E27,0x00681D30,ILT for _bfme_getFramesBehindPacketRouter
thunk,0x00042500,0x00681DB0,ILT for _bfme_getPlayerLatestFrame
thunk,0x0001D65B,0x00681BD0,ILT for _bfme_isRouterLeavePending
thunk,0x00021A80,0x00681DD0,ILT for _bfme_isPlayerSlotActive
thunk,0x000393BF,0x006828D0,ILT for GetCommandsFromCommandList (called from update)
thunk,0x0004215E,0x00682A90,ILT for RelayCommandsToCommandList (called from update)
thunk,0x0001632E,0x006827A0,ILT for processDestroyPlayerCommand
thunk,0x0001AB3B,0x00680980,ILT for NetPacket::getCommandList
thunk,0x00010140,0x006823B0,ILT for ??1Network (called by the scalar deleting dtor)
thunk,0x0001E8F8,0x006818B0,ILT for construct@BFMENativeNetwork (called by the factory 0x00682320)
thunk,0x0001D0B1,0x00682320,ILT for the TheNetwork factory 0x00682320
insn,0x00682B52,"mov dword ptr [esi + 0x38], edx",RelayCommandsToCommandList stores the router leave frame (msg+0x08) into Network+0x38
insn,0x00682BFA,"mov dword ptr [esi + 0x38], 0xffffffff",RelayCommandsToCommandList clears Network+0x38 after the router leave completes
insn,0x00682BD0,"mov eax, dword ptr [esi + 0x38]",RelayCommandsToCommandList reads +0x38 for the all-players-reached test 0x00662D50
insn,0x00681EE8,"mov dword ptr [esi + 0x38], edi",init sets +0x38 = -1 (edi from or edi 0xffffffff at 0x00681E9D)
insn,0x00681E9D,"or edi, 0xffffffff",init: edi = -1 before the +0x38 store
insn,0x00681BD0,"mov edx, dword ptr [ecx + 0x38]",slot 55 _bfme_isRouterLeavePending reads +0x38
insn,0x00681BD5,"cmp edx, -1",slot 55 compares +0x38 with -1
insn,0x006822FC,"mov dword ptr [esi + 0xc], 3",quitGame stores status 3 (POSTGAME)
insn,0x006822F7,push 0x1d,quitGame appends MSG_CLEAR_GAME_DATA (0x1D) to TheMessageStream
insn,0x00682C7E,"mov dword ptr [esi + 0xc], 1",update: PREGAME(0) -> INGAME(1)
insn,0x00682C98,"cmp dword ptr [esi + 0xc], 2",update tests status 2 (LEFT)
insn,0x00682CB3,"mov dword ptr [esi + 0xc], 3",update: LEFT(2) -> POSTGAME(3)
insn,0x00682CAE,push 0x1d,update appends MSG_CLEAR_GAME_DATA on the 2->3 transition
insn,0x00682C78,"mov byte ptr [esi + 0x34], 0",update clears +0x34 first (ZH m_frameDataReady = FALSE)
insn,0x00682A18,"mov dword ptr [edi + 0xc], 2",GetCommandsFromCommandList sets status 2 after the 10 s forced self-destroy
insn,0x00682B6E,"mov dword ptr [esi + 0xc], 2",RelayCommandsToCommandList sets status 2 when beginPlayerLeave returns 1 (local)
insn,0x00682BF3,"mov dword ptr [esi + 0xc], 2",RelayCommandsToCommandList sets status 2 when the router's pending leave completes
insn,0x00681EAC,"mov dword ptr [esi + 0xc], ebx",init sets status 0 (ebx zeroed at 0x00681E5E)
insn,0x00681E5E,"xor ebx, ebx",init: ebx = 0
insn,0x00681A00,"mov edx, dword ptr [ecx + 0xc]",slot 18 _bfme_isLocalPlayerInGame reads status
insn,0x00681A05,"cmp edx, 1",slot 18 compares status with INGAME
insn,0x0068193F,"cmp dword ptr [ecx + 0xc], 1",liteupdate passes status==1 to ConnectionManager::update
insn,0x00681F43,"mov ecx, dword ptr [esi + 0xc]",isPlayerConnected reads status for the local player
insn,0x00682915,"cmp dword ptr [edi + 0xc], ebp",GetCommandsFromCommandList gates sending on status==1 (ebp=1)
insn,0x006828FC,"mov ebp, 1",GetCommandsFromCommandList: ebp = 1
insn,0x00682904,"cmp eax, 0x3e8",GetCommandsFromCommandList network message range lower bound
insn,0x0068290E,"cmp eax, 0x7cf",GetCommandsFromCommandList network message range upper bound
insn,0x00682956,"cmp eax, 0x1d",GetCommandsFromCommandList MSG_CLEAR_GAME_DATA arm
insn,0x00682AA1,"mov eax, dword ptr [esi + 0xc]",RelayCommandsToCommandList reads status (must be != 0)
insn,0x00682AFE,"sub eax, 4",RelayCommandsToCommandList switch: NetCommandType 4 GAMECOMMAND
insn,0x00682B07,"sub eax, 6",RelayCommandsToCommandList switch: 10 PLAYERLEAVE
insn,0x00682B0C,dec eax,RelayCommandsToCommandList switch: 11 DESTROYPLAYER
insn,0x00682832,push 0x447,processDestroyPlayerCommand builds GameMessage MSG_SELF_DESTRUCT (0x447)
insn,0x00681BA0,"mov byte ptr [ecx + 0x35], 1",slot 41 sets +0x35
insn,0x00681BB0,"mov byte ptr [ecx + 0x35], 0",slot 42 clears +0x35
insn,0x00681BC0,"mov al, byte ptr [ecx + 0x35]",slot 40 reads +0x35
insn,0x0006BB1D,call dword ptr [edx + 0xa4],GameEngine update core calls slot 41 before update
insn,0x0006BB2B,push esi,GameEngine update core pushes its Bool (1) for Network::update
insn,0x0006BB2C,call dword ptr [eax + 0x28],GameEngine update core calls Network::update
insn,0x0006BB37,call dword ptr [edx + 0xa8],GameEngine update core calls slot 42 after update
insn,0x0006BAFA,"mov ecx, dword ptr [0x12f7714]",GameEngine update core loads TheNetwork (0x012F7714)
insn,0x0068236A,"mov dword ptr [0x12f7714], eax",factory 0x00682320 stores the new BFMENativeNetwork into TheNetwork
insn,0x00682346,push 0x40,factory 0x00682320 allocates sizeof(BFMENativeNetwork) = 0x40
insn,0x00681E74,push 0x12190,init allocates sizeof(ConnectionManager) = 0x12190
insn,0x00491F7F,push 0,load screen pumps Network::update with 0
insn,0x0068198D,"mov dword ptr [eax + 0x12050], edx",setLocalAddress stores addr at conMgr+0x12050
insn,0x00681996,"mov dword ptr [eax + 0x12054], ecx",setLocalAddress stores port at conMgr+0x12054
insn,0x00681A27,"mov byte ptr [eax + 0x12114], 1",_bfme_setFileTransferMode
insn,0x00681A47,"mov byte ptr [eax + 0x12114], 0",_bfme_clearFileTransferMode
insn,0x0066ADAA,"mov dl, byte ptr [ebp + 0x12114]",ConnectionManager::update passes the file-transfer byte to Connection::doSend
insn,0x00681BF1,"movzx eax, byte ptr [eax + 0x270]",_bfme_isWaitingForPlayers reads DisconnectManager+0x270
insn,0x0066CA7A,"mov byte ptr [esi + 0x270], 1",DisconnectManager update sets +0x270 when connected players are behind
insn,0x0066CA0B,"mov byte ptr [esi + 0x270], 0",DisconnectManager update clears +0x270 when nobody is behind
insn,0x00681D3D,"mov eax, dword ptr [eax + 0x1205c]",_bfme_getFramesBehindPacketRouter reads the frame ceiling
insn,0x00681D43,"sub eax, dword ptr [ecx + 0x3c]",_bfme_getFramesBehindPacketRouter subtracts TheGameLogic frame
insn,0x00681DBB,"mov eax, dword ptr [eax + ecx*4 + 0x12060]",_bfme_getPlayerLatestFrame indexes conMgr+0x12060
insn,0x00681AC7,"mov eax, dword ptr [eax + 0x120e0]",getPingsSent reads conMgr+0x120E0 DisconnectManager
insn,0x0066B130,"mov eax, dword ptr [ecx + 0x260]",Gen_0066b130 getter behind getPingsSent
insn,0x0066B140,"mov eax, dword ptr [ecx + 0x264]",Gen_0066b140 getter behind getPingsRecieved
insn,0x00681B8C,"mov eax, 0x31",getLocalPlayerID default 49 as ZH
insn,0x00681B6C,"or eax, 0xffffffff",getNumPlayers default -1 as ZH
insn,0x00665D5F,"mov dword ptr [esi + 0x14], 3",sendFrameInfo stamps NetCommandType FRAMEINFO
insn,0x00664A9B,"mov dword ptr [esi + 0x14], 0x10",sendLoadCompleteCommand stamps NetCommandType LOADCOMPLETE
insn,0x00682011,inc dword ptr [esi + 0x2c],getFrameAdvanceCount counts run-ahead ceiling hits in +0x2C
insn,0x00681D60,"mov eax, dword ptr [ecx + 0x2c]",slot 52 returns the ceiling-hit counter
insn,0x006823CE,"mov dword ptr [esi], 0x111a968",??1Network installs the BFMENativeNetwork vtable
insn,0x006823FD,"mov dword ptr [esi], 0x111a850",??1Network falls back to the NetworkInterface vtable before ??1Snapshot
insn,0x00680A97,jmp dword ptr [ebp*4 + 0xa80ee4],NetPacket::getCommandList 'D' dispatch table
bytes,0x00681910,8b01ff6004,reset: mov eax [ecx] / jmp [eax+4]
bytes,0x00681BA0,c6413501c3,slot 41: +0x35 = 1
bytes,0x00681BB0,c6413500c3,slot 42: +0x35 = 0
bytes,0x00681BC0,8a4135c3,slot 40: return +0x35
bytes,0x00681920,c3,slot 5 no-op (SubsystemInterface::update position; startNewGame 0x0039451C)
bytes,0x00681D60,8b412cc3,slot 52: return +0x2C
bytes,0x00662DE0,8b812c200100c3,getPacketRouterSlot@ConnectionManager: return +0x1202C
bytes,0x00673AF0,8a411cc3,getLeavingPlayerID@NetPlayerLeaveCommandMsg: return byte +0x1C
jt,0x00A80EE4[10],0x00680AFE,getCommandList case 10 PLAYERLEAVE arm (calls readPlayerLeaveMessage 0x00678BB0)
jt,0x00A80EE4[11],0x00680B0E,getCommandList case 11 DESTROYPLAYER arm (calls readDestroyPlayerMessage 0x00678C40)
jt,0x00A80EE4[4],0x00680A9E,getCommandList case 4 GAMECOMMAND arm
jt,0x00A80EE4[0],0x00680AAE,getCommandList case 0 ACKBOTH arm
jt,0x00A6A634[3],0x0066A466,processIncomingCommand case 3 FRAMEINFO: inline arm (walks +0x12060/+0x120A0; raises +0x1205C off-router)
jt,0x00A6A634[7],0x0066A53B,case 7 REQUESTPLAYERLEAVE: 13-byte stub arm push esi / mov ecx edi / call ILT 0x00038627 -> body 0x00662D90 (table entries are arms inside the dispatcher; not thunks)
jt,0x00A6A634[8],0x0066A4F7,case 8 INFORMPLAYERLEAVEFRAME: stub arm -> ILT 0x00019169 -> 0x00664430 processInformPlayerLeaveFrameCommand
jt,0x00A6A634[9],0x0066A52A,case 9 REQUESTFRAMEDATA: stub arm -> ILT 0x0003CB00 -> 0x006659B0 processRequestFrameDataCommand
jt,0x00A6A634[10],0x0066A608,case 10 PLAYERLEAVE: shared arm cmp eax 0x17 / jle -> returns TRUE (frame-synchronized; executed by 0x00682A90 from the frame command list)
jt,0x00A6A634[11],0x0066A608,case 11 DESTROYPLAYER: same shared TRUE arm
jt,0x00A6A634[6],0x0066A519,case 6 GAMESPY_STATS_AUTHKEY: stub arm -> ILT 0x000204AF -> 0x006645B0
jt,0x00A6A634[13],0x0066A59E,case 13 DISCONNECTCHAT: stub arm -> ILT 0x00006BC2 -> 0x006655C0 processDisconnectChat
jt,0x00A6A634[14],0x0066A5C4,case 14 CHAT: stub arm -> ILT 0x00004A07 -> 0x00667060 (really processChat)
jt,0x00A6A634[20],0x0066A5E6,case 20 FILEANNOUNCE: stub arm -> ILT 0x000089F4 -> 0x0066A030 processFileAnnounce
jt,0x00A6A634[21],0x0066A5F7,case 21 FILEPROGRESS: stub arm -> ILT 0x00030373 -> 0x00669960 processFileProgress
insn,0x0066A434,"cmp eax, 0x16",dispatcher table bound (23 entries 0..0x16)
insn,0x0066A43D,jmp dword ptr [eax*4 + 0xa6a634],dispatcher indirect jump through the table at VA 0x00A6A634
insn,0x0066A53E,call 0x438627,case-7 arm call -> ILT 0x00038627
insn,0x0066A4FA,call 0x419169,case-8 arm call -> ILT 0x00019169
insn,0x0066A52D,call 0x43cb00,case-9 arm call -> ILT 0x0003CB00
insn,0x0066A608,"cmp eax, 0x17",shared arm for cases 4/10/11: types <= 0x17 return TRUE
insn,0x0066A60B,jle 0xa6a44c,shared arm jump to the mov al 1 epilogue
thunk,0x00038627,0x00662D90,ILT of the REQUESTPLAYERLEAVE handler
thunk,0x00019169,0x00664430,ILT of processInformPlayerLeaveFrameCommand
thunk,0x0003CB00,0x006659B0,ILT of processRequestFrameDataCommand
thunk,0x0002442E,0x00674250,ILT of the type-7 payload getter (mov eax [ecx+0x1c]) called three times by 0x00662D90
thunk,0x00028D5D,0x00666300,ILT of disconnectPlayer used by disconnectLocalPlayer 0x006665F1 and beginPlayerLeave 0x006673CE
thunk,0x00004A07,0x00667060,ILT of the CHAT handler
thunk,0x00006BC2,0x006655C0,ILT of processDisconnectChat
thunk,0x000204AF,0x006645B0,ILT of the GAMESPY_STATS_AUTHKEY handler
thunk,0x000089F4,0x0066A030,ILT of processFileAnnounce
thunk,0x00030373,0x00669960,ILT of processFileProgress
thunk,0x00011B08,0x0066B820,vtable 0x0111A2CC slot 0 thunk -> DisconnectManager scalar deleting dtor
thunk,0x0003B13D,0x0066B820,second ILT landing on the DisconnectManager scalar deleting dtor
thunk,0x00013633,0x00661F10,ILT of Connection::doSend (flushConnections 0x00663708; update 0x0066ADB1)
thunk,0x00022A61,0x00661C30,ILT of Connection::clearCommandsExceptFrom
thunk,0x0004845A,0x00661CA0,ILT of Connection::setQuitting
thunk,0x00026D3C,0x006624A0,ILT of Connection::sendNetCommandMsg
thunk,0x0004A895,0x00662D50,ILT of haveAllConnectedPlayersReachedFrame
thunk,0x0003A12A,0x00662E30,ILT of hasLeaveRequestTimedOut
thunk,0x000316DD,0x00662E70,ILT of clearLeaveRequestTime
thunk,0x0001EF5B,0x00663450,ILT of getFrameCommandList
thunk,0x0004230C,0x006636F0,ILT of flushConnections
thunk,0x0003CECF,0x006652B0,ILT of ~Connection
thunk,0x00029744,0x006665E0,ILT of disconnectLocalPlayer
thunk,0x0003E3AB,0x0066B150,ILT of hasPingSuccessRatioAtLeast
thunk,0x0002FA63,0x0066BBC0,ILT of countVotersExcluding
thunk,0x00034900,0x0066BFE0,ILT of turnOnScreen
thunk,0x000078F6,0x00675ED0,ILT of constructGameMessage
thunk,0x00029190,0x00679730,ILT of NetPacket(TransportMessage*)
thunk,0x0001769D,0x006649A0,ILT of resendPendingCommands (no caller)
thunk,0x00028259,0x0066B190,ILT of sendDisconnectScreenOff (no caller)
thunk,0x0002A7D9,0x0066B6A0,ILT of hasPlayerConnectionTimedOut (no caller)
thunk,0x00011EA5,0x0066BB60,ILT of countVoters (no caller)
thunk,0x00044C8D,0x00673AA0,ILT of NetPlayerLeaveCommandMsg ctor (runRelayPass 0x0066A7D0; sendPlayerLeaveCommands 0x00665C44)
thunk,0x0003C44D,0x00673B00,ILT of NetPlayerLeaveCommandMsg::setLeavingPlayerID
thunk,0x0002B904,0x00673B10,ILT of NetDestroyPlayerCommandMsg ctor (runRelayPass 0x0066A846; 0x006828D0 fallback)
thunk,0x00026C33,0x00673B60,ILT of NetDestroyPlayerCommandMsg::setPlayerIndex
thunk,0x000195CE,0x006741F0,ILT of the type-7 REQUESTPLAYERLEAVE construct (sendRequestPlayerLeaveCommand 0x006648D6)
thunk,0x000306D9,0x00674240,ILT of the type-7 payload setter
thunk,0x0002A72F,0x00674130,ILT of the type-8 INFORMPLAYERLEAVEFRAME ctor (beginPlayerLeave 0x006674AD)
thunk,0x00032957,0x00667320,ILT of beginPlayerLeave (0x006829BE; 0x00682B64; 0x00682BEE)
thunk,0x00016121,0x006648A0,ILT of sendRequestPlayerLeaveCommand (Network::quitGame 0x006822EA)
thunk,0x00028D2B,0x00665C10,ILT of sendPlayerLeaveCommands (0x0068296F on MSG_CLEAR_GAME_DATA)
thunk,0x000411D7,0x00663300,ILT of sendLocalCommandDirect
thunk,0x0003F17A,0x00664740,ILT of sendLocalCommand
thunk,0x00008F4E,0x004C3800,ILT of the last call in beginPlayerLeave (PopulateInGameDiplomacyPopup)
thunk,0x000061D6,0x0061E8B0,two-hop chain 0x000061D6 -> 0x00637D10 -> 0x0001EC18 -> GameInfo::getSlot (checker must follow up to 3 hops)
thunk,0x0001EC18,0x0061E8B0,ILT of GameInfo::getSlot
thunk,0x0003ADD7,0x0008FFC0,ILT of NameKeyGenerator::nameToKey
thunk,0x0002F586,0x000DF260,ILT of PlayerList::findPlayerWithNameKey
thunk,0x000359E5,0x0008A2A0,ILT of GameMessage ctor
thunk,0x0000B9CE,0x006731A0,ILT of NetCommandList::reset
thunk,0x00049F80,0x00683830,ILT of Transport::queueSend
thunk,0x0004207D,0x00682DB0,ILT of CommandRequiresAck
thunk,0x00049CE7,0x006811B0,ILT of NetPacket::addCommand
thunk,0x00042C08,0x006814B0,ILT of NetPacket::ConstructBigCommandPacketList (anonymous row)
thunk,0x000051E6,0x00673200,ILT of NetCommandList::addMessage
thunk,0x000079E6,0x00676240,ILT of NetCommandRef ctor
thunk,0x00038960,0x00676280,ILT of ~NetCommandRef
thunk,0x0002EE6A,0x00672EC0,ILT of NetCommandList::removeMessage
thunk,0x00043AD1,0x006706A0,ILT of FrameDataManager::getFrameCommandList
thunk,0x0001D205,0x006706D0,ILT of FrameDataManager::resetFrame
thunk,0x00028B41,0x00673580,ILT of NetCommandList::appendList (anonymous row)
thunk,0x000203A6,0x00672EA0,ILT of NetCommandList ctor
thunk,0x00015D3E,0x006834B0,ILT of Transport::doSend
thunk,0x00020144,0x0050E9A0,ILT of the disconnect-screen show call in turnOnScreen
thunk,0x000330A0,0x0066BEF0,ILT of populateDisconnectScreen
thunk,0x00034905,0x0066B980,ILT of resetPlayerTimeouts
thunk,0x0000F8D0,0x00674310,ILT of NetDisconnectScreenOffCommandMsg ctor
thunk,0x00029505,0x00674370,ILT of NetDisconnectScreenOffCommandMsg::setNewFrame
thunk,0x0004A291,0x00663740,ILT of getLocalPlayerID
thunk,0x00015B72,0x00682D20,ILT of DoesCommandRequireACommandID
thunk,0x00030558,0x00682D10,ILT of GenerateNextCommandID
thunk,0x000200A4,0x00673610,ILT of NetCommandMsg::detach
thunk,0x0001514A,0x00662BB0,ILT of isPlayerConnected
thunk,0x0001F136,0x00662A50,ILT of isPlayerConnectedDefaultTimeout
thunk,0x0004A87C,0x00662BE0,ILT of the state==1 predicate (ledger isPlayerInGame)
thunk,0x000486B2,0x00662C30,ILT of the state 1..3 predicate (ledger isPlayerSlotActive)
thunk,0x00012C15,0x00674080,ILT of NetFileProgressCommandMsg::getFileID
thunk,0x00033668,0x006740A0,ILT of NetFileProgressCommandMsg::getProgress
thunk,0x000302F1,0x00669560,ILT of the progress map operator[]
thunk,0x00030909,0x00673FF0,ILT of NetFileAnnounceCommandMsg::getFileID
thunk,0x000106D6,0x00675610,ILT of NetFileAnnounceCommandMsg::getRealFilename
thunk,0x00018C0F,0x00669B50,ILT of the +0x12118 filename map operator[]
thunk,0x00043437,0x006694D0,ILT of the +0x12124 mask map operator[]
thunk,0x000478F2,0x00674010,ILT of NetFileAnnounceCommandMsg::getPlayerMask
thunk,0x00016DD8,0x00638030,ILT of the GameSlot string getter used by 0x006645B0
thunk,0x00028952,0x00638060,ILT of the first GameSlot string setter used by 0x006645B0
thunk,0x00036D31,0x006380F0,ILT of the second GameSlot string setter used by 0x006645B0
thunk,0x0002F081,0x00675C20,ILT of getText1C
thunk,0x00019EC5,0x00675CB0,ILT of getText20
thunk,0x000236DC,0x00670880,ILT of FrameDataManager::getIsQuitting
thunk,0x00012A62,0x006649E0,ILT of getPlayerNameForSlot
thunk,0x0000AD67,0x00670850,ILT of FrameDataManager::setQuitFrame
thunk,0x0001DDB8,0x00661C90,ILT of Connection::isQueueEmpty (update dtor gate)
thunk,0x00013A6B,0x00673AF0,ILT of NetPlayerLeaveCommandMsg::getLeavingPlayerID
thunk,0x0002382B,0x006658F0,ILT of processAck (cases 0..2)
thunk,0x00044139,0x006638F0,ILT of ConnectionManager::isPacketRouter
thunk,0x00016E05,0x00666240,ILT of sendGameCommand
vslot,0x0111A2CC+0x00,0x0066B820,DisconnectManager vtable: single slot (string data follows at +0x04)
vslot,0x0111C0C0+0x44,0x006B9A40,AudioManager vtable slot +0x44 = addAudioEvent (used by 0x00662CE0)
vslot,0x0111A968+0x8C,0x00681B20,Network vtable +0x8C = isPacketRouter (0x00682A90 case 10)
insn,0x00661F57,"add ecx, 0x7530",doSend MaxQuitFlushTime 30000ms on Connection+4
insn,0x00661F32,call dword ptr [0x1359544],doSend timeGetTime via IAT
insn,0x00661F4A,"cmp dword ptr [edi], -1",doSend quit test on Connection+0
insn,0x0066210E,"cmp ebp, 5",doSend five-packet cap (BFME Bool argument)
insn,0x0066206A,"cmp ecx, 0x2710",inlined doRetryMetrics 10-second window
insn,0x006620A4,"mov ecx, dword ptr [0x12ed5c8]",doSend reads TheWritableGlobalData for the +0xCB4 slack
insn,0x00661CA7,"mov dword ptr [esi], eax",setQuitting stores the quit frame at Connection+0
insn,0x00661CA9,call dword ptr [0x1359544],setQuitting timeGetTime via IAT
insn,0x00661CAF,"mov dword ptr [esi + 4], eax",setQuitting stores the time at Connection+4
insn,0x0066736A,"mov eax, dword ptr [ecx + 0x3c]",beginPlayerLeave reads TheGameLogic frame for setQuitting
insn,0x0066736F,inc eax,beginPlayerLeave passes frame+1 to setQuitting
insn,0x00667371,call 0x44845a,beginPlayerLeave -> setQuitting ILT
insn,0x00662D50,"lea eax, [ecx + 0x12060]",haveAllConnectedPlayersReachedFrame walks +0x12060
insn,0x00662D60,"mov esi, dword ptr [eax - 0x1205c]",m_connections[i] read relative to the latest-frame cursor
insn,0x00662D6A,"cmp dword ptr [eax], ecx",latest frame vs argument
insn,0x00662D9A,call 0x42442e,type-7 handler reads the leaving slot via the payload getter
insn,0x00662D9F,"cmp eax, 8",type-7 handler slot bound
insn,0x00662DAB,"mov ecx, dword ptr [esi + eax*4 + 0x12080]",type-7 handler reads the state
insn,0x00662DBD,"mov dword ptr [esi + eax*4 + 0x12080], 1",type-7 handler writes 1 (leave requested); the only writer of 1
insn,0x0066641B,"mov dword ptr [ebp + ebx*4 + 0x12080], 3",disconnectPlayer writes 3 (disconnected); the only writer of 3
insn,0x0066A77B,"lea ebp, [edi + 0x12080]",runRelayPass state walk base
insn,0x0066A78A,"cmp dword ptr [ebp], 1",runRelayPass acts on state 1 slots
insn,0x0066A89A,"mov dword ptr [ebp], 2",runRelayPass writes 2 after issuing PLAYERLEAVE+DESTROYPLAYER; the only writer of 2
insn,0x0066A7D0,call 0x444c8d,runRelayPass builds NetPlayerLeaveCommandMsg
insn,0x0066A846,call 0x42b904,runRelayPass builds NetDestroyPlayerCommandMsg
insn,0x00662BE9,"cmp dword ptr [ecx + eax*4 + 0x12080], 1",ledger isPlayerInGame tests state == 1
insn,0x00662C40,"cmp edx, 1",ledger isPlayerSlotActive lower bound
insn,0x00662C45,"cmp edx, 3",ledger isPlayerSlotActive upper bound
insn,0x00669787,"mov dword ptr [esi + 0x12080], ebx",construct zeroes the state array (ebx = 0)
insn,0x00665511,"mov dword ptr [eax + 0x20], ebx",reset body 0x00665350 zeroes +0x12080 through the +0x12060 cursor
insn,0x0066551E,"mov dword ptr [edi + 0x12110], ebx",reset body clears the leave-request stamp
insn,0x00664955,"mov dword ptr [edi + 0x12110], eax",sendRequestPlayerLeaveCommand stamps the leave request time
insn,0x0066494F,call dword ptr [0x1359544],sendRequestPlayerLeaveCommand timeGetTime
insn,0x00665CAA,"mov dword ptr [edi + 0x12110], eax",sendPlayerLeaveCommands stamps the leave request time
insn,0x00662E33,"mov eax, dword ptr [esi + 0x12110]",hasLeaveRequestTimedOut reads the stamp
insn,0x00662E4D,"mov ecx, 0x2710",hasLeaveRequestTimedOut 10-second threshold
insn,0x00662E70,"mov dword ptr [ecx + 0x12110], 0",clearLeaveRequestTime
insn,0x006663B1,push 0x1104e54,disconnectPlayer pushes Network:PlayerLeftGame
insn,0x006663BB,"mov eax, dword ptr [0x12f148c]",disconnectPlayer loads the in-game UI global
insn,0x006663C3,call dword ptr [ecx + 0x3c],disconnectPlayer -> TheInGameUI->message slot +0x3C
insn,0x006663C9,call 0xa62ce0,disconnectPlayer plays the message sound helper
insn,0x00666409,call 0x43cecf,disconnectPlayer -> ~Connection ILT
insn,0x00666470,"mov dword ptr [ebp + 0x1202c], eax",disconnectPlayer packet-router succession store
insn,0x006664A9,"mov dword ptr [esp + 0x10], 2",disconnectPlayer PLAYERLEAVECODE_PACKETROUTER
insn,0x006664B9,"mov dword ptr [esp + 0x10], 1",disconnectPlayer PLAYERLEAVECODE_LOCAL
insn,0x0066652F,"mov eax, 3",disconnectPlayer PLAYERLEAVECODE_UNKNOWN for slot out of range
insn,0x00666500,"mov dword ptr [ebp + 0x1204c], eax",disconnectPlayer terminates the id list with -1 (eax = -1)
insn,0x00662CE0,"mov ecx, dword ptr [0x12ed668]",sound helper loads TheAudio
insn,0x00662CEC,call dword ptr [eax + 0x124],sound helper slot +0x124 (misc-audio table getter)
insn,0x00662CFE,"add eax, 0xc40",sound helper event at +0xC40
insn,0x00662D04,call dword ptr [edx + 0x44],sound helper -> addAudioEvent slot +0x44
insn,0x0066B820,"test byte ptr [esp + 4], 1",scalar deleting dtor flag test
insn,0x0066B828,"mov dword ptr [esi], 0x111a2cc",scalar deleting dtor installs the DisconnectManager vtable
insn,0x00679738,"mov dword ptr [eax], 0x111a84c",NetPacket ctor installs the NetPacket vtable
insn,0x006797BF,"mov ecx, 0x77",NetPacket ctor copies 0x77 dwords = 476 = MAX_PACKET_SIZE
insn,0x006797CD,"mov dword ptr [eax + 0x1ec], 0xffffffff",NetPacket ctor m_numCommands = -1
insn,0x006797B6,"mov edx, dword ptr [ecx + 0x404]",NetPacket ctor reads TransportMessage length
insn,0x0067979C,"mov edx, dword ptr [ecx + 0x408]",NetPacket ctor reads TransportMessage addr
insn,0x006624BB,"mov ecx, dword ptr [0x12f76fc]",sendNetCommandMsg function-static NetPacket
insn,0x00662500,"cmp dword ptr [ebp], -1",sendNetCommandMsg quitting test on Connection+0
insn,0x006625BC,"mov byte ptr [esi + 0xc], bl",sendNetCommandMsg setRelay on NetCommandRef+0xC
insn,0x0066346A,push 0x10,getFrameCommandList allocates a 16-byte NetCommandList
insn,0x006634AB,"add esi, 0x120e4",getFrameCommandList walks the FrameDataManagers
insn,0x006634CA,"mov eax, dword ptr [0x12ba08c]",getFrameCommandList FRAMES_TO_KEEP global
insn,0x0066349C,"mov ecx, dword ptr [0x12f7714]",getFrameCommandList BFME-added subsystem call (slot +0x48)
insn,0x006636F5,"lea esi, [ebx + 4]",flushConnections walks m_connections
insn,0x00663713,"mov ecx, dword ptr [ebx + 0x12024]",flushConnections m_transport
insn,0x00663720,jmp 0x415d3e,flushConnections tail-jumps Transport::doSend ILT
insn,0x006645C6,"mov ecx, dword ptr [0x12f7198]",GAMESPY_STATS_AUTHKEY handler GameInfo global
insn,0x006645CD,call 0x4061d6,GAMESPY_STATS_AUTHKEY handler -> GameInfo::getSlot (two-hop thunk)
insn,0x006649A3,"mov eax, dword ptr [edi + 0x12104]",resendPendingCommands reads m_pendingCommands
insn,0x006649C0,call 0x43f17a,resendPendingCommands -> sendLocalCommand ILT
insn,0x006652CD,"mov ecx, dword ptr [esi + 0x18]",~Connection m_netCommandList
insn,0x006652E2,"lea ecx, [esi + 0x14]",~Connection UnicodeString member
insn,0x006665E6,"cmp esi, dword ptr [edi + 0x12028]",disconnectLocalPlayer skips m_localSlot
insn,0x006665F1,call 0x428d5d,disconnectLocalPlayer -> disconnectPlayer ILT
insn,0x00669983,"lea ecx, [edi + edx*4 + 0x12130]",processFileProgress map for playerID (stride 12)
insn,0x0066A070,"lea ecx, [edi + 0x12118]",processFileAnnounce filename map
insn,0x0066A0A4,"lea ecx, [edi + 0x12124]",processFileAnnounce recipient-mask map
insn,0x0066A0BE,"add edi, 0x12130",processFileAnnounce progress maps base
insn,0x0066A10C,"mov dword ptr [eax], 0x64",processFileAnnounce 100 for slots not in the mask
insn,0x0066B151,"mov eax, dword ptr [ecx + 0x260]",ping ratio m_pingsSent
insn,0x0066B15E,fild dword ptr [ecx + 0x264],ping ratio m_pingsRecieved
insn,0x0066C55E,push 0x3e800000,updateDisconnectStatus calls the ratio test with 0.25f
insn,0x0066C56E,push 0x3dcccccd,updateDisconnectStatus calls the ratio test with 0.1f
insn,0x0066B1B6,push 0x20,sendDisconnectScreenOff allocates the 0x20-byte message
insn,0x0066B1CE,call 0x40f8d0,sendDisconnectScreenOff -> NetDisconnectScreenOffCommandMsg ctor ILT
insn,0x0066B214,push 0xff,sendDisconnectScreenOff relay mask
insn,0x0066BFF0,"mov dword ptr [esi + 0xc], 0",turnOnScreen m_disconnectState = SCREENON
insn,0x0066BFF7,"mov dword ptr [esi + 0x10], 0xffffffff",turnOnScreen m_lastKeepAliveSendTime = -1
insn,0x0066C01C,"mov dword ptr [esi + 0x25c], eax",turnOnScreen m_timeOfDisconnectScreenOn
insn,0x0066BB8F,call 0x44a87c,countVoters excludes state==1 slots
insn,0x0066BBF8,call 0x44a87c,countVotersExcluding excludes state==1 slots
insn,0x0066BC65,call 0x42fa63,isPlayerVotedOut body uses countVotersExcluding as the threshold
insn,0x0066BC6F,setge al,isPlayerVotedOut: votes >= threshold
insn,0x0066B769,call 0x4486b2,countVotesForPlayer skips voters with state 1..3
insn,0x00675F13,call 0x43add7,constructGameMessage -> nameToKey
insn,0x00675F1F,call 0x42f586,constructGameMessage -> findPlayerWithNameKey
insn,0x00675F3C,push 0x24,constructGameMessage allocates a GameMessage
insn,0x00675F7A,"mov dword ptr [edi + 0x14], edx",constructGameMessage stores the player index
insn,0x00682BD7,call 0x44a895,frame tick -> haveAllConnectedPlayersReachedFrame
insn,0x00682B55,call 0x4316dd,frame tick -> clearLeaveRequestTime (router sees its own PLAYERLEAVE)
insn,0x0068299E,call 0x43a12a,command pump -> hasLeaveRequestTimedOut
insn,0x00682CA1,call 0x429744,Network::update -> disconnectLocalPlayer at state 2
insn,0x0066A8D1,call 0x429190,runRelayPass -> NetPacket(TransportMessage*) ILT
global,0x01359544,0x00661CA9,IAT slot WINMM.dll!timeGetTime (import directory); checker convention: expected = RVA of an instruction whose operand carries the VA
global,0x012ED668,0x00662CE0,TheAudio (symbols.csv ?TheAudio@@3PAVAudioManager@@A at RVA 0x00EED668)
global,0x012F0898,0x00666352,TheGameLogic (pinned) read by disconnectPlayer for the frame at +0x3C
global,0x012ED5C8,0x006620A4,TheWritableGlobalData (pinned) +0xCB4 slack in doSend
global,0x012ED600,0x00675F0C,TheNameKeyGenerator (pinned) in constructGameMessage
global,0x012ED748,0x00675F18,ThePlayerList (unpinned; findPlayerWithNameKey receiver) in constructGameMessage
global,0x012F76FC,0x006624BB,function-static NetPacket* of Connection::sendNetCommandMsg
global,0x012BA08C,0x006634CA,FRAMES_TO_KEEP window (0x41) read by getFrameCommandList
global,0x012F148C,0x006663BB,in-game UI global (unpinned; slot +0x3C message) in disconnectPlayer
global,0x012F708C,0x00675EEF,GameInfo global (unpinned) in constructGameMessage / processChat / PopulateInGameDiplomacyPopup
global,0x012F7198,0x006645C6,second GameInfo global (unpinned) in the GAMESPY_STATS_AUTHKEY handler
global,0x012F7714,0x0066349C,unidentified subsystem global whose slot +0x48 getFrameCommandList calls
bytes,0x00D04E54,4e6574776f726b3a506c617965724c65667447616d6500,Network:PlayerLeftGame NUL-terminated at VA 0x01104E54
bytes,0x00EBA08C,41000000,FRAMES_TO_KEEP = 65
bytes,0x00C75C70,cdcccc3d,0.1f ping-ratio constant at VA 0x01075C70 (inlined copy in updateDisconnectStatus)
bytes,0x00674250,8b411cc3,type-7 payload getter: mov eax [ecx+0x1c]; ret
bytes,0x00662E70,c7811021010000000000c3,clearLeaveRequestTime whole body (11 bytes)
bytes,0x0066B820,f644240401568bf1c706cca211,scalar deleting dtor prologue incl. the vtable store
bytes,0x00C87A9C,446973636f6e6e65637453637265656e2e61707400,literal pushed by showScreen 0x0050E9D5
bytes,0x00D04F90,417074446973636f6e6e65637453637265656e3a3a5175697400,fscommand name bound by ctor 0x0050FACF
bytes,0x00D04F70,417074446973636f6e6e65637453637265656e3a3a4b69636b00,fscommand name bound by ctor 0x0050FB2A
bytes,0x00D04FB0,417074446973636f6e6e65637453637265656e3a3a4f6e496e697469616c697a656400,fscommand name bound by ctor 0x0050FA74
bytes,0x00D04F3C,417074446973636f6e6e65637453637265656e3a3a436861743a3a4f6e4274746e456e7465725465787400,fscommand name bound by ctor 0x0050FB85
bytes,0x00D04DC0,446973636f6e6e65637453637265656e3a3a496e69744761646765747300,gadget-init name bound by ctor 0x0050FA18
bytes,0x00D04E2C,446973636f6e6e65637453637265656e3a3a566f7465735265636569766564256400,AS variable set by updateVotes/removePlayer
bytes,0x00D04E70,446973636f6e6e65637453637265656e3a3a506c617965724e616d65256400,AS variable set by setPlayerName/removePlayer
bytes,0x00D04E98,53657442617250657263656e7400,AS function called by setPlayerTimeoutTime 0x0050EE16
bytes,0x00D04D78,53686f774b69636b427574746f6e00,AS function 0x0050E676
bytes,0x00D04D64,486964654b69636b427574746f6e00,AS function 0x0050E67D
bytes,0x00D04EA8,4150543a446973636f6e6e65637452756c657300,TheGameText key fetched by onInitGadget 0x0050F157
bytes,0x00D04EE4,200068006100730020006c0065006600740020007400680065002000670061006d0065002e000000,wide literal appended to the local player name by onQuit 0x0050F1E3
bytes,0x0050F24F,ff5078,onQuit: call [eax+0x78] = TheNetwork->quitGame
bytes,0x0050E72F,ff627c,onKick: jmp [edx+0x7c] = TheNetwork->voteForPlayerDisconnect tail call
bytes,0x0050E9D5,689c7a0801,showScreen: push offset DisconnectScreen.apt
thunk,0x00024D6B,0x0050E5A0,hideScreen ILT (also aliased HideDisconnectWindow)
thunk,0x000036FC,0x0050E5F0,_bfme_updateScreen ILT
thunk,0x000135C0,0x0050E650,_bfme_showPlayerControls ILT
thunk,0x0001AF28,0x0050E6D0,_bfme_arePlayerControlsShown ILT
thunk,0x00011C84,0x0050EA10,??1 ILT
thunk,0x0003F233,0x0050EB00,removePlayer ILT
thunk,0x00020EB4,0x0050ED70,setPlayerTimeoutTime ILT
thunk,0x00023E1B,0x0050EF20,showChat ILT
thunk,0x00031DB8,0x0050EFB0,updateVotes ILT
thunk,0x00041F8D,0x0050F630,??_G ILT used by vtable 0x01104DE8 slot 0
thunk,0x00030229,0x0050F630,??_G second ILT
thunk,0x0003FD87,0x0050F6D0,setPlayerName ILT
thunk,0x0003C9D9,0x0050F840,FunctorRef ctor ILT (InitGadgets binding)
thunk,0x000180C5,0x0050F8B0,FunctorRef ctor ILT (fscommand bindings)
thunk,0x0000BFB9,0x0050F990,??0BfmeAptScreenDisconnectScreen ILT
thunk,0x000278CC,0x0050F1A0,AptDisconnectScreen::Quit handler ILT
thunk,0x000044DF,0x0050E6F0,AptDisconnectScreen::Kick handler ILT
thunk,0x0003FE95,0x0050E630,OnInitialized handler ILT
thunk,0x00041100,0x0050F2B0,Chat::OnBttnEnterText handler ILT
thunk,0x0003EED7,0x0050F0B0,InitGadgets handler ILT
thunk,0x0003D7A8,0x0050E750,PlayerColor provider ILT
thunk,0x0003E98C,0x0050EE90,sendChat ILT
thunk,0x000156D6,0x0066B3E0,untranslatedSlotPosition ILT used by onKick
thunk,0x000147D1,0x0066BAE0,DisconnectManager::voteForPlayerDisconnect ILT reached from ConnectionManager 0x00663762
thunk,0x0003AB3E,0x00663750,ConnectionManager hop called by Network::voteForPlayerDisconnect 0x0068227D
thunk,0x000067BC,0x0052ADE0,showScreen first call = HideDiplomacy
thunk,0x00019583,0x00512670,showScreen second call = HideInGameChat
thunk,0x0003576F,0x00598F30,"showScreen third call; ledger row is ?hidePurchaseScience@ControlBar@@QAEXXZ (ZH HideQuitMenu position: open question in NOTES_E, not recorded)"
thunk,0x0000A416,0x005696D0,showScreen fourth call = HideSaveLoadMenu
vslot,0x0111A968+0x9C,0x006826C0,Network::getPlayerName used by onQuit
vslot,0x0111A968+0x54,0x006824C0,Network::sendDisconnectChat used by sendChat
vslot,0x0111A968+0xE4,0x00681DF0,Network::_bfme_isSlotLocalOrLive tested per slot by onQuit
vslot,0x01104DE8+0x00,0x0050F630,BfmeAptScreenDisconnectScreen deleting dtor
vslot,0x01104DE8+0x14,0x0050E800,screen virtual that re-applies kick-button flags after OnInitialized
vslot,0x01104DE4+0x00,0x0050EAF0,+0x218 base adjustor thunk to the deleting dtor
vslot,0x01104D9C+0x04,0x0050E8F0,functor invoke for the InitGadgets binding
vslot,0x01104DA8+0x04,0x0050E940,functor invoke for the fscommand bindings
vslot,0x01104DB4+0x04,0x0050E990,functor invoke for the PlayerColor bindings
insn,0x0050F24F,call dword ptr [eax + 0x78],onQuit -> TheNetwork->quitGame
insn,0x0050F23E,call dword ptr [edx + 0x7c],onQuit loop -> TheNetwork->voteForPlayerDisconnect(slot)
insn,0x0050F22B,call dword ptr [eax + 0xe4],onQuit loop -> TheNetwork->_bfme_isSlotLocalOrLive(slot)
insn,0x0050F1CB,call dword ptr [edi + 0x98],onQuit -> TheNetwork->getLocalPlayerID
insn,0x0050F1DD,call dword ptr [edi + 0x9c],onQuit -> TheNetwork->getPlayerName
insn,0x0050F1BB,"mov byte ptr [esi + 0x261], 1",onQuit sets the quit flag the dtor tests at 0x0050EA59
insn,0x0050F21B,call 0x43e98c,onQuit -> sendChat
insn,0x0050F242,"cmp esi, 8",onQuit loops over 8 slots
insn,0x0050E72F,jmp dword ptr [edx + 0x7c],onKick tail-calls TheNetwork->voteForPlayerDisconnect
insn,0x0050E712,call dword ptr [eax + 0x98],onKick -> TheNetwork->getLocalPlayerID
insn,0x0050E71A,call 0x4156d6,onKick -> untranslatedSlotPosition(slot localId)
insn,0x0050E6FF,call dword ptr [0x1359384],onKick atoi(arg)
insn,0x0050EEDB,call dword ptr [eax + 0x54],sendChat -> TheNetwork->sendDisconnectChat
insn,0x0050EEBD,call 0x434ef0,sendChat -> LanguageFilter::filterLine
insn,0x0050F35B,call 0x43e98c,onChatEnterText -> sendChat
insn,0x0050E9E7,call dword ptr [edx + 0x6c],showScreen: TheWindowManager slot creating the apt layout
insn,0x0050E9EA,"mov dword ptr [0x12f4960], eax",showScreen stores the layout global
insn,0x0050E9F5,call dword ptr [edx],showScreen: layout slot 0 with arg 0
insn,0x0050E9C8,call dword ptr [eax + 0x150],showScreen: UI singleton 0x012F148C slot +0x150 (1)
insn,0x0050E5AE,call dword ptr [eax + 0xc],hideScreen: layout slot 3 with arg 0
insn,0x0050E5BF,call dword ptr [edx + 4],hideScreen: layout slot 1 with arg 1 (delete)
insn,0x0050E5C8,"mov dword ptr [0x12f4960], 0",hideScreen clears the layout global
insn,0x0050E5D6,call dword ptr [eax + 0x150],hideScreen: UI singleton slot +0x150 (0)
insn,0x0050E5FE,call dword ptr [eax + 8],_bfme_updateScreen: layout slot 2 with arg 0
insn,0x0050E6A4,"mov byte ptr [edi + esi + 0x262], bl",_bfme_showPlayerControls stores the per-slot flag
insn,0x0050E6D4,"mov al, byte ptr [eax + ecx + 0x262]",_bfme_arePlayerControlsShown reads the per-slot flag
insn,0x0050F9FA,"mov dword ptr [0x12f4964], esi",ctor publishes this as TheDisconnectMenu
insn,0x0050EA4F,"mov dword ptr [0x12f4964], 0",dtor clears TheDisconnectMenu
insn,0x0050EA35,"mov dword ptr [esi + 0x218], 0x1104de4",dtor resets the +0x218 base vtable
insn,0x0050F633,call 0x411c84,deleting dtor -> ??1
insn,0x0050EAF0,"sub ecx, 0x218",adjustor thunk for the +0x218 base
insn,0x0050FC82,call 0x43f233,ctor clears each slot through removePlayer
insn,0x0050F7BD,call 0x420eb4,setPlayerName -> setPlayerTimeoutTime
insn,0x0050F7B8,push 0x64,setPlayerName passes 100 percent for a named slot
insn,0x0050EE16,push 0x1104e98,setPlayerTimeoutTime pushes SetBarPercent
insn,0x0050EE14,push 2,SetBarPercent takes 2 AS args
insn,0x0066C608,call 0x420eb4,DisconnectManager::updateDisconnectStatus -> setPlayerTimeoutTime
insn,0x0066C5EF,"imul eax, eax, 0x64",updateDisconnectStatus converts remaining time to percent
insn,0x0066C60D,"cmp ebp, 0x5a",kick button shown below 90 percent
insn,0x0066C62F,"cmp ebp, 0x5f",kick button hidden above 95 percent
insn,0x0066C61D,call 0x41af28,updateDisconnectStatus -> _bfme_arePlayerControlsShown
insn,0x0066C655,call 0x4135c0,updateDisconnectStatus -> _bfme_showPlayerControls
insn,0x0066BFE4,call 0x420144,DisconnectManager::turnOnScreen -> showScreen
insn,0x0066B279,call 0x424d6b,DisconnectManager::turnOffScreen -> hideScreen
insn,0x0066C8EE,call 0x4036fc,BFMEDisconnectManager::update -> _bfme_updateScreen
insn,0x0066C0F5,call 0x43f233,DisconnectManager::disconnectPlayer -> removePlayer
insn,0x0066BF66,call 0x43fd87,populateDisconnectScreen -> setPlayerName
insn,0x0066BF7C,call 0x431db8,populateDisconnectScreen -> updateVotes
insn,0x00665696,call 0x423e1b,ConnectionManager::processDisconnectChat -> showChat
insn,0x00104D79,call 0x40bfb9,createAptScreenDisconnectScreen -> ctor
insn,0x00682270,"mov ecx, dword ptr [ecx + 8]",Network::voteForPlayerDisconnect loads m_conMgr
insn,0x0068227D,call 0x43ab3e,Network::voteForPlayerDisconnect -> ConnectionManager hop
insn,0x00663762,call 0x4147d1,ConnectionManager hop -> DisconnectManager::voteForPlayerDisconnect
insn,0x0066B3E4,"cmp eax, -1",untranslatedSlotPosition: slot -1 maps to the local slot
insn,0x0066B3F4,inc eax,untranslatedSlotPosition: slots past the local one shift up
global,0x01087A9C,0x0050E9D5,showScreen pushes DisconnectScreen.apt
global,0x012F1B40,0x0050E9DF,showScreen reads TheWindowManager
global,0x012F4960,0x0050E9A1,showScreen reads the layout global
global,0x012F4960,0x0050E5A0,hideScreen reads the layout global
global,0x012F4960,0x0050E5F0,_bfme_updateScreen reads the layout global
global,0x012F148C,0x0050E9BE,showScreen reads the UI singleton
global,0x012F4964,0x0050F9E8,ctor tests TheDisconnectMenu
global,0x012F4964,0x0050EA3F,dtor compares TheDisconnectMenu
global,0x012F4964,0x0066C5D0,updateDisconnectStatus tests TheDisconnectMenu
global,0x012ED5C8,0x0066C5DD,updateDisconnectStatus reads TheWritableGlobalData
global,0x012F7714,0x0050F1C2,onQuit reads TheNetwork
global,0x012F7714,0x0050E705,onKick reads TheNetwork
global,0x012F7714,0x0050EED3,sendChat reads TheNetwork
global,0x012F1570,0x0050EEA6,sendChat reads TheLanguageFilter
global,0x012F19E8,0x0050E695,_bfme_showPlayerControls reads g_theWindowManager
global,0x012B73F8,0x0050EF39,showChat reads the chat colour
global,0x012F147C,0x0050EBC2,removePlayer reads TheGameText
global,0x01104DC0,0x0050FA18,ctor binds DisconnectScreen::InitGadgets
global,0x01104FB0,0x0050FA74,ctor binds AptDisconnectScreen::OnInitialized
global,0x01104F90,0x0050FACF,ctor binds AptDisconnectScreen::Quit
global,0x01104F70,0x0050FB2A,ctor binds AptDisconnectScreen::Kick
global,0x01104F3C,0x0050FB85,ctor binds AptDisconnectScreen::Chat::OnBttnEnterText
global,0x01104F14,0x0050FC00,ctor binds DisconnectScreen:PlayerColor:%d
global,0x004278CC,0x0050FAD8,ctor loads the Quit handler ILT
global,0x004044DF,0x0050FB33,ctor loads the Kick handler ILT
global,0x0043FE95,0x0050FA7D,ctor loads the OnInitialized handler ILT
global,0x00441100,0x0050FB8E,ctor loads the Chat handler ILT
global,0x0043EED7,0x0050FA21,ctor loads the InitGadgets handler ILT
global,0x0043D7A8,0x0050FBE4,ctor loads the PlayerColor provider ILT
global,0x01104E70,0x0050EB33,removePlayer pushes PlayerName%d
global,0x01104E54,0x0050EBD3,removePlayer pushes Network:PlayerLeftGame
global,0x01104E2C,0x0050EC62,removePlayer pushes VotesReceived%d
global,0x01104E2C,0x0050EFD9,updateVotes pushes VotesReceived%d
global,0x01104E70,0x0050F703,setPlayerName pushes PlayerName%d
global,0x01104E98,0x0050EE16,setPlayerTimeoutTime pushes SetBarPercent
global,0x01104D78,0x0050E676,_bfme_showPlayerControls loads ShowKickButton
global,0x01104D64,0x0050E67D,_bfme_showPlayerControls loads HideKickButton
global,0x01104EE4,0x0050F1E3,onQuit pushes the has-left-the-game literal
global,0x01104ED8,0x0050F0B9,onInitGadget compares ChatBox
global,0x01104EA8,0x0050F157,onInitGadget pushes APT:DisconnectRules
global,0x01104D8C,0x0050E758,getPlayerColor copies the 0xFFFFFFFF literal
global,0x01104D9C,0x0050F873,FunctorRef ctor 0x0050F840 writes vtable 0x01104D9C
global,0x01104DA8,0x0050F8E3,FunctorRef ctor 0x0050F8B0 writes vtable 0x01104DA8
global,0x01104DB4,0x0050FC47,ctor inline PlayerColor functor writes vtable 0x01104DB4
global,0x01104DE8,0x0050F9C4,ctor writes the primary vtable
insn,0x0008CC9D,"cmp edi, 0x1d",GameMessage::getCommandTypeAsAsciiString 0x0008B600 selector for type 0x1d
insn,0x0008CCA0,jne 0x48ccb7,not 0x1d -> next CHECK_IF (0x1e)
insn,0x0008CCA6,push 0x107daf0,pushes the MSG_CLEAR_GAME_DATA literal for AsciiString(const char*)
global,0x0107DAF0,0x0008CCA6,VA of MSG_CLEAR_GAME_DATA in .rdata
bytes,0x00C7DAF0,4d53475f434c4541525f47414d455f4441544100,MSG_CLEAR_GAME_DATA NUL-terminated
insn,0x0008CCAD,call 0x412c42,AsciiString(const char*) ILT
thunk,0x00012C42,0x0005EE70,ILT -> ??0AsciiString@@QAE@PBD@Z
insn,0x00397698,"add edi, -0x1d",logicMessageDispatcher low switch rebased at MSG_CLEAR_GAME_DATA
insn,0x0039769B,"cmp edi, 0x54",switch spans types 0x1d..0x71
insn,0x003976A4,"movzx eax, byte ptr [edi + 0x79a27c]",byte index table
insn,0x003976AB,jmp dword ptr [eax*4 + 0x79a264],pointer table
bytes,0x0039A27C,00,index byte for type 0x1d selects pointer slot 0
jt,0x0079A264[0],0x00397771,slot 0 = MSG_CLEAR_GAME_DATA arm
jt,0x0079A264[1],0x003976D0,slot 1 = MSG_NEW_GAME arm (type 0x1e)
insn,0x00397771,"mov eax, dword ptr [esp + 0x14]",currentlySelectedGroup local
insn,0x00397779,"mov ecx, dword ptr [0x12ef214]",TheAI
global,0x012EF214,0x00397779,TheAI global VA
insn,0x00397780,call 0x415f69,TheAI->destroyGroup(currentlySelectedGroup)
thunk,0x00015F69,0x0014BC40,ILT -> AI::destroyGroup body
insn,0x00397785,"mov ecx, dword ptr [esp + 0x30]",this = GameLogic
insn,0x00397789,call 0x44a10b,GameLogic::bfme_appendGameOverDetails
thunk,0x0004A10B,0x00387A50,ILT -> body ledgered as ?endMenu@EstablishConnectionsMenu@@ (wrong name)
insn,0x0039778E,"mov esi, dword ptr [0x12f0898]",TheGameLogic
global,0x012F0898,0x0039778E,TheGameLogic global VA
insn,0x00397794,"cmp dword ptr [esi + 0x10c], 2",m_gameMode == GAME_SKIRMISH
insn,0x003977A4,call 0x4062d5,TheGameLogic->isInMultiplayerGame()
thunk,0x000062D5,0x0005C5E0,ILT -> isInMultiplayerGame body
insn,0x0005C5E0,"mov eax, dword ptr [ecx + 0x10c]",isInMultiplayerGame reads m_gameMode
insn,0x0005C5E6,"cmp eax, 1",GAME_LAN
insn,0x0005C5EB,"cmp eax, 5",GAME_INTERNET
insn,0x003977B6,push 1,second Bool of clearGameData
insn,0x003977BB,call 0x41c46d,TheGameLogic->clearGameData(showScoreScreen TRUE)
thunk,0x0001C46D,0x00396B00,ILT -> clearGameData body
insn,0x00396BF4,"mov ecx, dword ptr [0x12ed524]",clearGameData: TheGameEngine
global,0x012ED524,0x00396BF4,TheGameEngine global VA
insn,0x00396BFC,call dword ptr [edx + 0x10],TheGameEngine->reset() (ZH deletes TheNetwork in there)
insn,0x00396BFF,"mov dword ptr [esi + 0x10c], 8",setGameMode(GAME_NONE)
insn,0x00396C2C,"mov ecx, dword ptr [0x12ed5ec]",TheMessageStream
global,0x012ED5EC,0x00396C2C,TheMessageStream global VA
insn,0x00396C34,push 0x3eb,appendMessage(MSG_DESTROY_SELECTED_GROUP)
insn,0x00396C6A,call 0x403486,closeWindows()
thunk,0x00003486,0x00396950,ILT -> ?closeWindows@GameLogic@@QAEXXZ
insn,0x00387AAA,"mov byte ptr [esi + 0x68], 1",once-only flag
insn,0x00387AB2,push 0x10eb048,Game Over Details header literal
bytes,0x00CEB048,2020202047616d65204f7665722044657461696c733a0a00,header literal bytes
insn,0x00387AC4,"lea ebp, [esi + 0x1b4]",cursor at PlayerLeaveStatus[0].quitFrame
insn,0x00387B49,"mov dword ptr [esi + 0x484], eax",Player+0x484 = leave status
insn,0x00387B84,push 0x10eb024,graceful for status 1
insn,0x00387B73,push 0x10eb030,voted out for status 2
bytes,0x00CEB024,677261636566756c00,graceful
bytes,0x00CEB030,766f746564206f757400,voted out
bytes,0x00CEAF1C,202020202020536c6f742025643a20506c617965724c6561766553746174757320646f6573206e6f742065786973742e0a00,record type name
thunk,0x0001900B,0x000800C0,ILT -> _List_base<AsciiString>::clear
insn,0x000800D4,"lea ecx, [edi + 8]",AsciiString payload at node+8
insn,0x000800D7,call 0x40d828,~AsciiString ILT
thunk,0x0000D828,0x00887940,~AsciiString ILT chain lands on the shared release body
insn,0x000800DC,push 0xc,list node size 12
insn,0x000800DF,call 0xc2e5f0,__node_alloc::_M_deallocate
insn,0x0066CBDF,call 0x41900b,BFMEDisconnectManager::update clears a list<AsciiString>
thunk,0x00012AA8,0x00383730,ILT -> GameLogic::timeOutGameStart
insn,0x00383730,"mov byte ptr [ecx + 0x148], 1",m_forceGameStartByTimeOut = TRUE
thunk,0x00020405,0x00385570,ILT -> GameLogic::processProgressComplete
insn,0x00385581,"mov cl, byte ptr [esi + edi + 0x120]",m_progressComplete[slot]
insn,0x0038558E,"mov byte ptr [esi + edi + 0x120], al",= TRUE
insn,0x00385595,call 0x4481e4,lastHeardFrom inlined: timeGetTime wrapper ILT
thunk,0x000481E4,0x00105750,_bfme_timeGetTime@0 ILT -> wrapper body
insn,0x00105759,call dword ptr [0x1359544],wrapper calls the timeGetTime import
global,0x01359544,0x00105759,timeGetTime IAT slot VA
insn,0x0038559A,"mov dword ptr [edi + esi*4 + 0x128], eax",m_progressCompleteTimeout[slot]
jt,0x00A6A634[16],0x0066A5AF,case 16 NETCOMMANDTYPE_LOADCOMPLETE
jt,0x00A6A634[17],0x0066A58A,case 17 NETCOMMANDTYPE_TIMEOUTSTART
insn,0x0066A58A,"mov ecx, dword ptr [0x12f0898]",case 17: TheGameLogic
insn,0x0066A590,call 0x412aa8,->timeOutGameStart()
insn,0x0066A5AF,"mov ecx, dword ptr [0x12f0898]",case 16: TheGameLogic
insn,0x0066A5B5,push ebx,playerID
insn,0x0066A5B6,call 0x420405,->processProgressComplete(playerID)
insn,0x00664AD4,call 0x420405,sendLoadCompleteCommand marks the local player complete
thunk,0x00003797,0x00383B00,ILT -> bfme_resetPlayerLeaveStatus
insn,0x00383B00,"lea eax, [ecx + 0x1b4]",PlayerLeaveStatus[0]+4
insn,0x00383B06,"mov edx, 8",MAX_SLOTS records
insn,0x00383B10,"mov byte ptr [eax + 0xc], 1",notPresent = TRUE
insn,0x00383B1F,"mov dword ptr [eax + 0x10], 0xff",field +0x14 = 0xff
insn,0x00383B26,"add eax, 0x1c",record stride 28
insn,0x00681EDF,call 0x403797,Network::init resets the records
thunk,0x00006442,0x00383BC0,ILT -> bfme_setPlayerLeaveStatus
insn,0x00383BD1,"imul eax, eax, 0x1c",record stride
insn,0x00383BD6,"mov dword ptr [eax + 0x1b0], edx",status
insn,0x00383BDC,"mov ecx, dword ptr [ecx + 0x3c]",m_frame
insn,0x00383BDF,"mov dword ptr [eax + 0x1b4], ecx",quitFrame
insn,0x00682B81,call 0x406442,Network PLAYERLEAVE handler: status 1
insn,0x0068228B,call 0x406442,Network::voteForPlayerDisconnect: status 2
insn,0x00383BA0,"lea eax, [eax + ecx + 0x1b0]",getPlayerLeaveStatus(slot)
insn,0x00383C19,"mov dword ptr [eax + ecx + 0x1b8], edx",defeat frame
insn,0x00383C49,"mov dword ptr [eax + ecx + 0x1bc], edx",victory frame
thunk,0x0000BD7F,0x00468090,ILT -> WindowManager::bfme_hideBackground
insn,0x0046809B,"mov eax, dword ptr [esi + 0x1b8]",pending kind
insn,0x004680D7,push 0x10f7230,HideInGameBackground
insn,0x0046811F,push 0x10f7214,HideFrontEndBackground
bytes,0x00CF7214,4869646546726f6e74456e644261636b67726f756e6400,HideFrontEndBackground
bytes,0x00CF7230,48696465496e47616d654261636b67726f756e6400,HideInGameBackground
insn,0x004680E4,"mov dword ptr [esi + 0x1bc], 2",remember in-game kind
insn,0x0046812C,"mov dword ptr [esi + 0x1bc], 1",remember front-end kind
insn,0x0046816A,call 0x40bd7f,re-applies through its own ILT
insn,0x0038D34F,"mov ecx, dword ptr [0x12f19e8]",deleteLoadScreen: g_theWindowManager
global,0x012F19E8,0x0038D34F,g_theWindowManager global VA
insn,0x0038D357,call 0x40bd7f,deleteLoadScreen -> hideBackground(TRUE)
thunk,0x0000BDCA,0x0046CBF0,ILT -> WindowManager::bfme_setAptText
insn,0x0046CBF7,"add ecx, 0x44",map at WindowManager+0x44
insn,0x0046CBFA,call 0x441bdc,find-or-insert record
thunk,0x00041BDC,0x0046B490,ILT -> record lookup body
insn,0x0046CC0B,call 0xc88530,UnicodeString::set
insn,0x0046CC19,call dword ptr [edx + 4],listener vslot 1
insn,0x005101E5,"mov ecx, dword ptr [0x12f19e8]",MapTransferLoadScreen::processTimeout: g_theWindowManager
insn,0x005101F3,call 0x40bdca,setAptText(APT:FileTransferLoadingTime ...)
bytes,0x00D05024,4150543a46696c655472616e736665724c6f6164696e6754696d6500,key literal
insn,0x00638079,"add ecx, 0x70",m_gameSpyLogin
insn,0x00638085,call 0xc87c90,AsciiString::set (shared body)
insn,0x00638109,"add ecx, 0x74",m_gameSpyLocale
insn,0x00638036,"add ecx, 0x70",getLoginName copies +0x70
insn,0x006380C6,"add ecx, 0x74",getLocale copies +0x74
insn,0x004FA01D,"lea ecx, [esi + 0x74]",??1GameSpyGameSlot releases m_gameSpyLocale
insn,0x004FA02D,"lea ecx, [esi + 0x70]",then m_gameSpyLogin
insn,0x0066462A,call 0x428952,setLoginName(msg->getText1C())
insn,0x00664640,call 0x436d31,setLocale(msg->getText20())
insn,0x0066AD54,call 0x428952,BFMEConnectionManager::update setLoginName
insn,0x0066AD73,call 0x436d31,BFMEConnectionManager::update setLocale
insn,0x009D39A8,"mov eax, dword ptr [0x134d478]",GetChallenge: g_statsgame
global,0x0134D478,0x009D39A8,g_statsgame VA
insn,0x009D39B6,push 0x134d06c,static challenge[9]
insn,0x009D39BB,"xor eax, 0x38f371e6",CHALLENGEXOR
insn,0x009D39C0,call 0xdd2eb0,create_challenge
insn,0x009D39CE,"add eax, 0x10",game->challenge
insn,0x0066ABFF,"mov edx, dword ptr [eax + 0x464]",statsgame_t member of the GameSpy object
insn,0x0066AC0B,call 0xdd39a0,BFMEConnectionManager::update -> GetChallenge
bytes,0x00D1A2C0,4e554c4c47414d4500,NULLGAME compared against the challenge
insn,0x006822EF,"mov ecx, dword ptr [0x12ed5ec]",Network::quitGame: TheMessageStream
insn,0x006822F9,call dword ptr [eax + 0x34],->appendMessage(Type)
insn,0x00383A2C,push 0x1d,GameLogic-band 0x003839E0 posts MSG_CLEAR_GAME_DATA
insn,0x0038CCBD,push 0x1d,popSleepyUpdate-named 0x0038C1E0 posts MSG_CLEAR_GAME_DATA
insn,0x0057FBD9,push 0x1d,Shell::showShellMap posts MSG_CLEAR_GAME_DATA
global,0x012F7714,0x0007A482,TheNetwork: ?init@GameEngine stores the network object it just created
insn,0x0007A482,"mov dword ptr [0x12f7714], edi",GameEngine::init store into TheNetwork
global,0x012F7714,0x0068236A,TheNetwork: the factory 0x00682320 stores the BFMENativeNetwork it constructs
global,0x012F7714,0x0006BAFA,TheNetwork: GameEngine update core loads it before the +0xA4/+0x28/+0xA8 virtual calls
global,0x012F76F0,0x00637938,"the old seed global: SetUpGameSpy 0x006377D0 stores the object returned by the ledger's ?createNetwork@NetworkInterface 0x0065C1F0 here (GameSpy-side object, not TheNetwork)"
insn,0x00637933,call 0x4362c3,SetUpGameSpy -> createNetwork ILT
thunk,0x000362C3,0x0065C1F0,ILT of the ledger's ?createNetwork@NetworkInterface@@SAPAV1@XZ
insn,0x00637938,"mov dword ptr [0x12f76f0], eax",SetUpGameSpy stores the result at 0x012F76F0
insn,0x0065C206,push 0xa8,createNetwork allocates 0xA8 bytes (BFMENativeNetwork is 0x40: a different class)
global,0x012F76F0,0x00639BF4,launchGame hands a PSRequest to [0x012F76F0] slot +0x10: a GameSpy message queue
vslot,0x010F9B60+0x04,0x00491F70,legacy MapTransferLoadScreen vtable slot 1 = update(Int)
vslot,0x010F9B60+0x08,0x00492C40,legacy MapTransferLoadScreen vtable slot 2 = ?init@MapTransferLoadScreen@@
thunk,0x0003EB21,0x00491F70,ILT of the legacy update
global,0x012F7714,0x00491F73,legacy update loads TheNetwork
insn,0x00491F81,call dword ptr [eax + 0x28],legacy update -> TheNetwork->update(FALSE)
insn,0x00491F8B,call 0x403fe4,legacy update -> LoadScreen::update(percent)
thunk,0x00003FE4,0x004914C0,ILT of LoadScreen::update
insn,0x00491524,call 0xcfc4c0,LoadScreen::update ends in setFPMode as ZH LoadScreen.cpp
thunk,0x00015D0C,0x0050FF30,ILT of the APT-era update
insn,0x0066CED0,call 0x415d0c,_doFileTransfer ls->update(0) (ZH FileTransfer.cpp:54)
insn,0x0066D11A,call 0x415d0c,_doFileTransfer ls->update(fileTransferPercent) (ZH FileTransfer.cpp:124)
insn,0x0066CEC8,call 0x4362b9,_doFileTransfer ls->processTimeout right before the first update
thunk,0x000362B9,0x00510130,ILT of the ls object's processTimeout (ledger ?processTimeout@MapTransferLoadScreen@@)
global,0x012F7714,0x0050FF31,APT-era update loads TheNetwork
insn,0x0050FF3F,call dword ptr [eax + 0x28],APT-era update -> TheNetwork->update(FALSE)
global,0x012F4C5C,0x0050FF5C,APT-era update loads TheMouse for setCursorTooltip
insn,0x0050FF42,push 0x3f800000,setCursorTooltip width 1.0f default
insn,0x0050FF9B,call dword ptr [edx + 0x1c],APT-era update ends with TheDisplay->draw
vslot,0x01075BC8+0x7C,0x0006BAE0,GameEngine vtable slot 31
vslot,0x0111C9A8+0x7C,0x0006BAE0,W3D/Win32 GameEngine vtable slot 31
thunk,0x0002CD45,0x0006BAE0,ILT of the GameEngine network/logic update virtual
insn,0x0006BAEB,"cmp esi, 1",the Bool argument selects the network path
insn,0x0006BAF5,call 0x422c96,-> TheGameLogic->isGamePaused
thunk,0x00022C96,0x00383480,ILT of the GameLogic+0x11C getter
bytes,0x00383480,8a811c010000c3,GameLogic+0x11C byte getter (isGamePaused position of ZH GameEngine::update)
insn,0x0006BB0E,call dword ptr [eax + 0x3c],TheNetwork->getFrameAdvanceCount
insn,0x0006BB47,call dword ptr [eax + 0x8c],TheNetwork->isPacketRouter
insn,0x0006BB6A,"cmp dword ptr [ecx + 0x10c], 5",GameLogic m_gameMode == GAME_INTERNET
insn,0x0006BB73,call 0x414e25,-> HandleBuddyResponses
thunk,0x00014E25,0x004EE510,ILT of ?HandleBuddyResponses@@YAXXZ
insn,0x0006BB86,call dword ptr [eax + 0x20],TheGameLogic->update(arg) through vslot +0x20
insn,0x0006BB8A,ret 4,one stack argument
thunk,0x00038361,0x0038B430,ILT of the CRC consensus member
insn,0x0039A0D6,call 0x438361,logicMessageDispatcher MSG_LOGIC_CRC arm calls it per slot
insn,0x0039A0DC,"cmp ebp, 8",the arm loops over the 8 slots
insn,0x0038DDF0,call 0x438361,second GameLogic caller
insn,0x0009B60A,call 0x438361,Recorder caller (playback CRCs)
insn,0x0038B437,"mov esi, dword ptr [edi + 0x44]",walks the CRC report list at GameLogic+0x44
insn,0x0038B49D,push 0x18,a 0x18-byte report node
insn,0x0038B597,call 0x44a10b,disagreement -> bfme_appendGameOverDetails 0x00387A50
insn,0x0038B64F,call dword ptr [eax + 0x94],TheNetwork->getNumPlayers decides when a frame is complete
insn,0x0038B6D8,push 0x449,posts GameMessage 0x449
global,0x012F7714,0x0038B835,loads TheNetwork before quitGame
insn,0x0038B841,call dword ptr [eax + 0x78],mismatch ends with TheNetwork->quitGame
vslot,0x0110A388+0x00,0x00569DE0,QuitMenu screen vtable slot 0 = deleting dtor ??_GGen_dtor_00569de0
insn,0x00569DE3,call 0x4271f6,deleting dtor -> ??1
thunk,0x000271F6,0x00569720,ILT of the QuitMenu screen dtor
thunk,0x00025153,0x0056A2F0,pinned ??0BfmeAptScreenQuitMenu ILT -> ctor body
insn,0x0056A324,"mov dword ptr [esi], 0x110a388",ctor installs the QuitMenu screen vtable
insn,0x0056A361,"mov dword ptr [0x12f4b40], esi",ctor publishes this as the QuitMenu screen global
insn,0x0056973F,"mov dword ptr [edi], 0x110a388",dtor re-installs the same vtable
insn,0x0056974F,"cmp edi, dword ptr [0x12f4b40]",dtor compares this with the screen global
global,0x012F7714,0x0056981F,dtor loads TheNetwork
insn,0x0056982C,call dword ptr [edx + 0x78],dtor -> TheNetwork->quitGame (ZH QuitMenu.cpp:151 branch)
insn,0x00569858,call 0x4238a3,else branch -> the GameLogic MSG_CLEAR_GAME_DATA poster
thunk,0x000238A3,0x003839E0,ILT of the MSG_CLEAR_GAME_DATA poster (push 0x1d at 0x00383A2C)
insn,0x00569903,call 0x4204c3,dtor ends in the APT screen base dtor
thunk,0x000204C3,0x00465430,ILT of the APT screen base dtor shared with ??1BfmeAptScreenDisconnectScreen
thunk,0x00006CE4,0x00639950,ILT of launchGame
insn,0x00506985,call 0x406ce4,WOLQuickMatchMenuUpdate -> launchGame (ZH WOLQuickMatchMenu.cpp:1082)
insn,0x006399A5,call 0x407f0e,-> markPlayerAsPreorder
thunk,0x00007F0E,0x0061E680,ILT of ?markPlayerAsPreorder@GameInfo@@QAEXH@Z
insn,0x006399B0,call 0x41d0b1,-> TheNetwork factory (createNetwork + init)
insn,0x006399DA,call 0x42b053,-> TheNAT->getSlotPort
thunk,0x0002B053,0x00670C60,ILT of ?getSlotPort@NAT@@QAEHH@Z
global,0x012F7714,0x006399E4,launchGame loads TheNetwork for setLocalAddress
insn,0x006399F1,call dword ptr [edx + 0x30],TheNetwork->setLocalAddress
insn,0x00639A12,call dword ptr [esi + 0x34],TheNetwork->attachTransport(TheNAT->getTransport())
insn,0x00639A1F,call dword ptr [eax + 0x38],TheNetwork->initTransport
insn,0x00639A2B,call dword ptr [edx + 0x2c],TheNetwork->parseUserList(this)
insn,0x00639A3E,call 0x43227c,-> DoAnyMapTransfers
thunk,0x0003227C,0x0066E070,ILT of _DoAnyMapTransfers
insn,0x00639C90,"mov dword ptr [0x12f7714], ebx",launchGame nulls TheNetwork on the transfer failure path
vslot,0x0111AF50+0x90,0x0068A3E0,LANAPI vtable: OnGameStart
vslot,0x0111AF50+0x94,0x00689050,LANAPI vtable: ?OnGameStartTimer@LANAPI@@UAEXH@Z right after it (ZH LANAPI.h:194-195)
thunk,0x0003E8A6,0x0068A3E0,ILT of OnGameStart
insn,0x0068A454,push 0x107c758,LANPreferences key PlayerTemplate
bytes,0x00C7C758,506c6179657254656d706c61746500,PlayerTemplate
insn,0x0068A4C2,push 0x107c750,LANPreferences key Color
bytes,0x00C7C750,436f6c6f7200,Color
insn,0x0068A57E,call 0x41d0b1,-> TheNetwork factory (createNetwork + init)
global,0x012F7714,0x0068A596,OnGameStart loads TheNetwork
insn,0x0068A5AD,call dword ptr [eax + 0x30],TheNetwork->setLocalAddress
insn,0x0068A5B8,call dword ptr [eax + 0x38],TheNetwork->initTransport
insn,0x0068A61B,call dword ptr [eax + 0x2c],TheNetwork->parseUserList
insn,0x0068A62F,call 0x43227c,-> DoAnyMapTransfers
insn,0x0068A6F4,call 0x41bbd0,failure path -> LANAPI::removeGame
thunk,0x0001BBD0,0x00685180,ILT of ?removeGame@LANAPI@@IAEXPAVLANGameInfo@@@Z
insn,0x0068A727,"mov dword ptr [0x12f7714], ebx",OnGameStart nulls TheNetwork on the transfer failure path
vslot,0x010E8D90+0x00,0x0035F8F0,VictoryConditions vtable slot 0 ??_GVictoryConditions scalar deleting dtor
vslot,0x010E8D90+0x04,0x0035F1D0,slot 1 init = jmp [vt+0x10] reset (ZH init(){reset();})
vslot,0x010E8D90+0x08,0x009A1A50,slot 2 SubsystemInterface::loadIniFilesFromLegend default
vslot,0x010E8D90+0x0C,0x00067930,slot 3 SubsystemInterface ret stub
vslot,0x010E8D90+0x10,0x0035F1E0,slot 4 reset (anonymous body; UNCLAIMED in phase3_V)
vslot,0x010E8D90+0x14,0x0035F920,slot 5 update
vslot,0x010E8D90+0x18,0x00067940,slot 6 SubsystemInterface default xor al al / ret 4
vslot,0x010E8D90+0x1C,0x009A16C0,slot 7 SubsystemInterface ret stub
vslot,0x010E8D90+0x20,0x009A16D0,slot 8 SubsystemInterface ret 4 stub
vslot,0x010E8D90+0x24,0x0035F270,slot 9 hasAchievedVictory(Player*) ZH slot order
vslot,0x010E8D90+0x28,0x0035F320,slot 10 hasBeenDefeated(Player*)
vslot,0x010E8D90+0x2C,0x0035FDF0,slot 11 hasSinglePlayerBeenDefeated(Player*)
vslot,0x010E8D90+0x30,0x0035F4E0,slot 12 cachePlayerPtrs (ledger wrongly ?findSkirmishSideInfo@SidesList@@)
vslot,0x010E8D90+0x34,0x0035F380,slot 13 isLocalAlliedVictory
vslot,0x010E8D90+0x38,0x0035F3D0,slot 14 isLocalAlliedDefeat
vslot,0x010E8D90+0x3C,0x0035F410,slot 15 isLocalDefeat
vslot,0x010E8D90+0x40,0x0035F4A0,slot 16 amIObserver
vslot,0x010E8D90+0x44,0x0035F4B0,slot 17 getEndFrame
vslot,0x010E8D90+0x48,0x0035F600,slot 18 BFME-only showEndGameScreen(titleKey evil screenName cheer)
vslot,0x010E8D90+0x4C,0x0035F770,slot 19 BFME-only hideEndGameScreen
vslot,0x010E8D90+0x50,0x0035F4C0,slot 20 BFME-only isPlayerDefeated(idx) = m_isDefeated[idx]
vslot,0x010E8D90+0x54,0x0035F1A0,slot 21 BFME-only updateEndGameScreenTimer (auto-hide after 7000 ms)
insn,0x0035F8BA,"mov dword ptr [esi], 0x10e8d28",??1VictoryConditions installs the VictoryConditionsInterface vtable 0x010E8D28 before ??1SubsystemInterface
vslot,0x0109FD8C+0x00,0x001E02F0,VictorySystem vtable slot 0 ??_GVictorySystem scalar deleting dtor
vslot,0x0109FD8C+0x04,0x001E0370,slot 1 init (pushes the Default FactionVictoryParameters)
vslot,0x0109FD8C+0x08,0x009A1A50,slot 2 loadIniFilesFromLegend default
vslot,0x0109FD8C+0x0C,0x00067930,slot 3 ret stub
vslot,0x0109FD8C+0x10,0x001DE5B0,slot 4 reset (double thunk 0x0001A550 -> 0x001DE660 -> body)
vslot,0x0109FD8C+0x14,0x001DFBA0,slot 5 update
vslot,0x0109FD8C+0x18,0x00067940,slot 6 default xor al al / ret 4
vslot,0x0109FD8C+0x1C,0x009A16C0,slot 7 ret stub
vslot,0x0109FD8C+0x20,0x009A16D0,slot 8 ret 4 stub
vslot,0x0109FD8C+0x24,0x001DF4A0,slot 9 BFME-only newMap: builds the two cell grids from the terrain extents; called from startNewGame 0x003957B7
insn,0x001E0194,"mov dword ptr [esi], 0x109fd8c",??0VictorySystem installs vtable 0x0109FD8C
insn,0x001E019A,"mov dword ptr [esi + 8], 0x109fd78",??0VictorySystem installs the Snapshot sub-object vtable 0x0109FD78 at +0x08
insn,0x0035F826,push 0xc4,createVictoryConditions: new(0xC4) = sizeof(VictoryConditions)
insn,0x0035F844,call 0x44adc2,createVictoryConditions -> ??0VictoryConditions via ILT 0x0004ADC2
insn,0x0035F45D,"mov dword ptr [esi], 0x10e8d90",??0VictoryConditions installs vtable 0x010E8D90
insn,0x0035F454,"mov dword ptr [esi + 8], eax",??0VictoryConditions: m_victoryConditions@+0x08 = 0 (VictoryConditionsInterface ctor inlined)
insn,0x0035F469,call 0x43ce0c,??0VictoryConditions -> reset 0x0035F1E0 via ILT 0x0003CE0C
insn,0x0035F1E5,"lea edx, [ecx + 0x14]",reset: m_players[32] base +0x14
insn,0x0035F1F2,"mov byte ptr [ecx + eax + 0x9c], bl",reset: m_isDefeated[i] byte array +0x9C cleared in the same loop
insn,0x0035F202,"mov byte ptr [ecx + 0xbc], bl",reset: m_localPlayerDefeated +0xBC = 0
insn,0x0035F208,"mov byte ptr [ecx + 0xbd], bl",reset: m_singleAllianceRemaining +0xBD = 0
insn,0x0035F20E,"mov byte ptr [ecx + 0xbe], bl",reset: m_isObserver +0xBE = 0
insn,0x0035F214,"mov dword ptr [ecx + 0x98], ebx",reset: m_endFrame +0x98 = 0
insn,0x0035F21A,"mov dword ptr [ecx + 0xc0], ebx",reset: BFME defeat-detection counter +0xC0 = 0
insn,0x0035F220,"mov dword ptr [ecx + 0x94], 0xffffffff",reset: m_localSlotNum +0x94 = -1
insn,0x0035F238,"cmp ebx, 6",reset: m_victoryConditions = (TheGameLogic game mode == 6) ? NOBUILDINGS|NOUNITS : NOBUILDINGS
insn,0x0035F243,"mov dword ptr [ecx + 8], eax",reset: m_victoryConditions store +0x08
insn,0x0035F248,jmp dword ptr [eax + 0x4c],reset tail-calls slot +0x4C hideEndGameScreen
insn,0x0035F1D2,jmp dword ptr [eax + 0x10],init = jmp [vt+0x10] (reset)
insn,0x0035F98A,"cmp dword ptr [edi + 0x94], -1",update: m_localSlotNum == -1 early-out test
insn,0x0035F993,"mov al, byte ptr [edi + 0xbe]",update: m_isObserver read
insn,0x0035F9A2,"cmp dword ptr [eax + 0x10c], 6",update: BFME keeps running for game mode 6 even without a local slot
insn,0x0035F9B7,"mov al, byte ptr [edi + 0xbd]",update: m_singleAllianceRemaining read
insn,0x0035F9C5,"add edi, 0x14",update: m_players loop base +0x14 (single-alliance scan)
insn,0x0035F9D5,call dword ptr [edx + 0x2c],update: hasSinglePlayerBeenDefeated vcall in the alliance scan
insn,0x0035F9E2,call 0x75f150,update: areAllies 0x0035F150
insn,0x0035FA00,"mov byte ptr [eax + 0xbd], 1",update: m_singleAllianceRemaining = TRUE
insn,0x0035FA07,"mov dword ptr [eax + 0x98], ecx",update: m_endFrame = TheGameLogic->getFrame()
insn,0x0035FA21,"mov byte ptr [eax + 0x90], 0",update BFME-only: TheGameLogic+0x90 byte cleared when the single alliance is detected (unless TheGameInfo slot vcall +0x30)
insn,0x0035FA30,"lea ecx, [edi + 0x14]",update: m_players base for the elimination loop
insn,0x0035FA4E,"mov al, byte ptr [ebx + edi + 0x9c]",update: m_isDefeated[i] read
insn,0x0035FA62,call dword ptr [eax + 0x2c],update: hasSinglePlayerBeenDefeated vcall in the elimination loop
insn,0x0035FA6D,"mov byte ptr [ebx + edi + 0x9c], 1",update: m_isDefeated[i] = TRUE
insn,0x0035FA7C,call 0x432074,update BFME-only: TheGameLogic->bfme_setPlayerDefeatFrame(i) 0x00383C00
insn,0x0035FA84,"mov dword ptr [ebp + 0x484], esi",update BFME-only: Player+0x484 = defeat frame (TheGameLogic+0x3C)
insn,0x0035FA9A,call 0xcf73e0,update: revealMapForPlayerPermanently
insn,0x0035FAA5,call 0x41d1c9,update: GameLogic living-world predicate 0x00382B50 gates GUI:YouHaveBeenDefeated
insn,0x0035FAC0,push 0x10e8e88,update: GUI:YouHaveBeenDefeated
insn,0x0035FAD2,call dword ptr [ecx + 0x30],update: TheInGameUI message vcall +0x30
insn,0x0035FB24,push 0x10e8e68,update: GUI:PlayerHasBeenDefeated
insn,0x0035FB36,call dword ptr [ecx + 0x3c],update: TheInGameUI message-with-arg vcall +0x3C
insn,0x0035FBA0,call 0x43e77a,update: Player::getRelationship(local defeated->team)
insn,0x0035FBBA,push 9,update BFME-only: TheEva->setShouldPlay(9 NULL) when a non-local ally is defeated
insn,0x0035FBBC,call 0x42b5f3,update -> Eva::setShouldPlay 0x004233A0 via ILT 0x0002B5F3
insn,0x0035FBDB,push 0x10d00e0,update: Gui_DefeatScreen for the local player
insn,0x0035FBE9,push 0x10d00d0,update: APT:EndDefeat
insn,0x0035FC1A,call 0x40d369,update -> Player::_bfme_isEvil 0x00267FA0 (PlayerTemplate Evil)
insn,0x0035FC2B,call dword ptr [eax + 0x48],update: showEndGameScreen vcall +0x48 for the defeated local player
insn,0x0035FCA9,"mov dword ptr [esi + 0x3c], ecx",update: GameSlot::setLastFrameInGame inlined (GameSlot+0x3C = frame) for AI slots
insn,0x0035FCC5,call 0x40a67d,update: Player::killPlayer
insn,0x0035F950,call dword ptr [edx + 0x54],update first calls slot +0x54 (end-screen auto-hide timer)
insn,0x0035F97D,call 0x44a7a5,update: TheRecorder->isMultiplayer 0x00097800
insn,0x0035F28E,"mov al, byte ptr [ebp + 0xbd]",hasAchievedVictory: m_singleAllianceRemaining
insn,0x0035F29A,"mov eax, dword ptr [ebp + 0xc0]",hasAchievedVictory BFME-only: requires the defeat counter +0xC0 > 0
insn,0x0035F2A6,"lea edi, [ebp + 0x14]",hasAchievedVictory: m_players base
insn,0x0035F2BC,call dword ptr [edx + 0x2c],hasAchievedVictory: hasSinglePlayerBeenDefeated vcall
insn,0x0035F2EB,call 0x40f5fb,hasAchievedVictory BFME-only: TheGameLogic->bfme_setPlayerVictoryFrame(i) 0x00383C30
insn,0x0035F337,"mov al, byte ptr [esi + 0xbd]",hasBeenDefeated: m_singleAllianceRemaining
insn,0x0035F350,call dword ptr [eax + 0x24],hasBeenDefeated: hasAchievedVictory vcall
insn,0x0035FE05,call 0x420d01,hasSinglePlayerBeenDefeated BFME-only: Player::isPlayerObserver 0x000C9CF0 -> false
insn,0x0035FE1C,call 0x412eea,hasSinglePlayerBeenDefeated BFME-only: Player::isPlayerDead 0x000C9D00 counts as defeated
insn,0x0035FE3E,"or eax, 0x8000",hasSinglePlayerBeenDefeated: KINDOF mask bit for hasAnyBuildings
insn,0x0035FEB9,inc dword ptr [eax + 0xc0],hasSinglePlayerBeenDefeated: ++defeat counter +0xC0 on every true
insn,0x0035F4F0,call 0x44a7a5,cachePlayerPtrs: TheRecorder->isMultiplayer
insn,0x0035F505,push 0x10e8dfc,cachePlayerPtrs: NAMEKEY(FactionCivilian)
insn,0x0035F537,call 0x444f30,cachePlayerPtrs: ThePlayerList->getNthPlayer
insn,0x0035F547,"cmp esi, dword ptr [eax + 0x14]",cachePlayerPtrs: skip ThePlayerList neutral player (+0x14)
insn,0x0035F55B,call 0x420d01,cachePlayerPtrs: !isPlayerObserver
insn,0x0035F566,"mov dword ptr [ebp], esi",cachePlayerPtrs: m_players[count] = player
insn,0x0035F569,call 0x413877,cachePlayerPtrs: isLocalPlayer
insn,0x0035F576,"mov dword ptr [ecx + 0x94], ebx",cachePlayerPtrs: m_localSlotNum = count
insn,0x0035F59D,"rep stosd dword ptr es:[edi], eax",cachePlayerPtrs: NULL-fill the rest of m_players
insn,0x0035F5AD,"mov byte ptr [edx + 0xbc], al",cachePlayerPtrs: no local player -> m_localPlayerDefeated = TRUE
insn,0x0035F5B9,"mov byte ptr [ecx + 0xd], al",cachePlayerPtrs: TheRadar->forceOn(TRUE) inlined (Radar+0x0D)
insn,0x0035F5BC,"mov byte ptr [edx + 0xbe], al",cachePlayerPtrs: m_isObserver = TRUE
insn,0x0035F399,call dword ptr [eax + 0x30],isLocalAlliedVictory BFME-only: TheGameInfo vcall +0x30 forces false
insn,0x0035F3A0,"mov eax, dword ptr [esi + 0x94]",isLocalAlliedVictory: m_localSlotNum
insn,0x0035F3A6,"mov ecx, dword ptr [esi + eax*4 + 0x14]",isLocalAlliedVictory: m_players[m_localSlotNum]
insn,0x0035F3AF,call dword ptr [edx + 0x24],isLocalAlliedVictory: hasAchievedVictory vcall
insn,0x0035F3E4,"mov al, byte ptr [ecx + 0xbd]",isLocalAlliedDefeat: observer -> m_singleAllianceRemaining
insn,0x0035F3F4,"mov edx, dword ptr [ecx + edx*4 + 0x14]",isLocalAlliedDefeat: m_players[m_localSlotNum]
insn,0x0035F3FB,call dword ptr [eax + 0x28],isLocalAlliedDefeat: hasBeenDefeated vcall
insn,0x0035F410,"mov al, byte ptr [ecx + 0xbe]",isLocalDefeat: m_isObserver
insn,0x0035F41D,"mov al, byte ptr [ecx + 0xbc]",isLocalDefeat: returns m_localPlayerDefeated
insn,0x0035F4A0,"mov al, byte ptr [ecx + 0xbe]",amIObserver returns m_isObserver
insn,0x0035F4B0,"mov eax, dword ptr [ecx + 0x98]",getEndFrame returns m_endFrame
insn,0x0035F4C4,"mov al, byte ptr [eax + ecx + 0x9c]",slot +0x50 returns m_isDefeated[idx]
insn,0x0035F633,push 0x10e8e20,showEndGameScreen: APT text field :VictoryDefeat
insn,0x0035F67D,call 0x40bdca,showEndGameScreen: WindowManager::bfme_setAptText 0x0046CBF0
insn,0x0035F6EF,push 0x10e8e10,showEndGameScreen: APT function ShowEndGame
insn,0x0035F6F6,call 0x415235,showEndGameScreen -> WindowManager APT call helper 0x004675F0
insn,0x0035F6FB,"mov byte ptr [esi + 0xc], 1",showEndGameScreen: m_endScreenShown +0x0C = TRUE
insn,0x0035F705,"mov dword ptr [esi + 0x10], eax",showEndGameScreen: m_endScreenShownTime +0x10 = timeGetTime()
insn,0x0035F70E,"mov byte ptr [ecx + 0x13c], 0",showEndGameScreen: TheDisplay+0x13C = 0
insn,0x0035F724,ret 0x10,showEndGameScreen takes 4 stack args
insn,0x0035F791,push 0x10e8e58,hideEndGameScreen: APT function HideEndGame
insn,0x0035F79D,"mov byte ptr [esi + 0xc], 0",hideEndGameScreen: m_endScreenShown = FALSE
insn,0x0035F7A6,"mov byte ptr [eax + 0x13c], 1",hideEndGameScreen: TheDisplay+0x13C = 1
insn,0x0035F7B3,call 0x41e0ab,hideEndGameScreen: GameLogic MP-or-skirmish predicate 0x00382C20
insn,0x0035F7BC,"mov al, byte ptr [esi + 0xbd]",hideEndGameScreen: only when m_singleAllianceRemaining
insn,0x0035F7CF,push 0x10e8e34,hideEndGameScreen: transition group MPorSkirmishFadeToScoreScreen
insn,0x0035F7DF,call 0x445c28,hideEndGameScreen -> GameWindowTransitionsHandler::setGroup 0x0048AD80
insn,0x0035F1B3,"cmp eax, 0x1b58",updateEndGameScreenTimer: 7000 ms since shown
insn,0x0035F1BF,jmp dword ptr [eax + 0x4c],updateEndGameScreenTimer tail-calls hideEndGameScreen
insn,0x0035F8AB,call 0x43459f,??1VictoryConditions hides the end screen first
insn,0x0035F8F3,call 0x4087f6,??_GVictoryConditions -> ??1VictoryConditions via ILT 0x000087F6
global,0x012F079C,0x0007A0BC,GameEngine::init passes &TheVictoryConditions to initSubsystem<VictoryConditionsInterface>
insn,0x0007A0A6,call 0x4496bb,GameEngine::init -> createVictoryConditions 0x0035F810
global,0x012EF734,0x0007A1E5,GameEngine::init passes &TheVictorySystem to initSubsystem<VictorySystem>
insn,0x0007A1C3,call 0x42ffbd,GameEngine::init -> ??0VictorySystem 0x001E0160
global,0x012F3330,0x0035F7D9,TheTransitionHandler singleton used by hideEndGameScreen
global,0x012F142C,0x0035FBB2,TheEva singleton used by update
global,0x012ED748,0x0035F530,ThePlayerList singleton used by cachePlayerPtrs
global,0x012F079C,0x002F1C54,doVictory reads TheVictoryConditions (null test)
global,0x012F079C,0x002F1CDC,doVictory reads TheVictoryConditions for the +0x48 vcall
global,0x012F079C,0x002F1DC4,doDefeat reads TheVictoryConditions (null test)
global,0x012F079C,0x002F1E19,doDefeat reads TheVictoryConditions for the +0x48 vcall
global,0x012F079C,0x002F1F00,doLocalDefeat reads TheVictoryConditions (null test and +0x40 vcall)
global,0x012F079C,0x002F1F5A,doLocalDefeat reads TheVictoryConditions for the +0x48 vcall
insn,0x002F1C2B,"mov byte ptr [esi + 8], 0",doVictory: m_suppressNewWindows = FALSE
insn,0x002F1C35,call 0x403486,doVictory: TheGameLogic->closeWindows
insn,0x002F1C3C,call 0x439595,doVictory -> doDisableInput 0x002EF010
insn,0x002F1C51,"mov esi, dword ptr [eax + 0xc]",doVictory: ThePlayerList->getLocalPlayer inlined (+0x0C)
insn,0x002F1C70,"mov cl, byte ptr [eax + 0x118]",doVictory: PlayerTemplate Evil flag (+0x118) picks the cheer sound
insn,0x002F1C78,"mov eax, 0x10d00b4",doVictory: Gui_VictoryCheerEvil
insn,0x002F1C7F,"mov eax, 0x10d0098",doVictory: Gui_VictoryCheerGood
insn,0x002F1C8E,push 0x10d0080,doVictory: Gui_VictoryScreen
insn,0x002F1CA9,call 0x4271ab,doVictory -> useGameOverEndScreen 0x002ED8F0
insn,0x002F1CB0,"mov eax, 0x10d006c",doVictory: APT:EndGameOver
insn,0x002F1CB7,"mov eax, 0x10d0054",doVictory: APT:EndVictorious
insn,0x002F1CF4,call dword ptr [edx + 0x48],doVictory: showEndGameScreen vcall +0x48
insn,0x002F1DD4,push 0x10d00e0,doDefeat: Gui_DefeatScreen
insn,0x002F1DE6,call 0x4271ab,doDefeat -> useGameOverEndScreen 0x002ED8F0
insn,0x002F1DF4,"mov eax, 0x10d00d0",doDefeat: APT:EndDefeat
global,0x01336E50,0x002F1E21,doDefeat passes AsciiString::TheEmptyString as the cheer sound
insn,0x002F1E31,call dword ptr [edx + 0x48],doDefeat: showEndGameScreen vcall +0x48
global,0x012F1024,0x002F1E50,doDefeat: TheCampaignManager
insn,0x002F1E56,"mov byte ptr [ecx + 0x1d], bl",doDefeat: TheCampaignManager->SetVictorious(FALSE) inlined (+0x1D)
global,0x012F076C,0x002F1E59,doDefeat: TheScriptEngine
insn,0x002F1E61,call dword ptr [edx + 0x30],doDefeat: TheScriptEngine->startEndGameTimer vcall +0x30
insn,0x002F1EE2,call 0x402acc,doLocalDefeat: markMPLocalDefeatWindowShown 0x00337190
insn,0x002F1F10,call dword ptr [eax + 0x40],doLocalDefeat: amIObserver vcall +0x40
insn,0x002F1F24,push 0x10d00e0,doLocalDefeat: Gui_DefeatScreen
insn,0x002F1F32,push 0x10d00d0,doLocalDefeat: APT:EndDefeat
insn,0x002F1F72,call dword ptr [edx + 0x48],doLocalDefeat: showEndGameScreen vcall +0x48
insn,0x002F1F97,"mov byte ptr [ecx + 0x1d], bl",doLocalDefeat: SetVictorious(FALSE)
insn,0x002F1FA2,call dword ptr [edx + 0x38],doLocalDefeat: TheScriptEngine->startCloseWindowTimer vcall +0x38
insn,0x002F7B60,call 0x405d9e,0x002F7B60 = doVictory core + SetVictorious(TRUE) + startEndGameTimer (jump-table arm 3)
insn,0x002F7B6A,"mov byte ptr [eax + 0x1d], 1",0x002F7B60: TheCampaignManager->SetVictorious(TRUE)
insn,0x002F7B76,jmp dword ptr [edx + 0x30],0x002F7B60: TheScriptEngine->startEndGameTimer
insn,0x002ED8F6,call 0x4330dc,useGameOverEndScreen: local player observer-or-dead 0x000DF7F0
insn,0x002ED905,call 0x40cfc7,useGameOverEndScreen: ScriptEngine::hasShownMPLocalDefeatWindow 0x00337180 (+0x17636)
insn,0x002ED91A,"cmp eax, 1",useGameOverEndScreen: game mode LAN
insn,0x002ED91F,"cmp eax, 5",useGameOverEndScreen: game mode INTERNET
insn,0x002ED927,"mov eax, dword ptr [ecx + 0x290]",useGameOverEndScreen: TheGameLogic+0x290 (disconnect-manager state) == 0
insn,0x00337180,"mov al, byte ptr [ecx + 0x17636]",ScriptEngine::hasShownMPLocalDefeatWindow reads +0x17636
insn,0x002EF018,call 0x43ebdf,doDisableInput: TheInGameUI->setInputEnabled(FALSE) 0x0043B280
insn,0x002EF025,call 0x416a68,doDisableInput: TheMouse->setVisibility(FALSE) 0x005A4BA0
insn,0x002EF032,push 0x3eb,doDisableInput: deselectAllDrawables = TheMessageStream->appendMessage(0x3EB)
insn,0x002EF04B,call dword ptr [edx + 0xe8],doDisableInput: TheInGameUI vcall +0xE8 (clearAttackMoveToMode position)
insn,0x002EF063,call 0x427336,doDisableInput: TheControlBar->deleteBuildTooltipLayout 0x004C1450
insn,0x002EF06E,jmp 0x448626,doDisableInput: TheLookAtTranslator->resetModes 0x005B5440 tail call
insn,0x00303C15,"cmp edx, 0x21e",executeAction: 0x21F action types
insn,0x00303C24,jmp dword ptr [edx*4 + 0x70d6a0],executeAction jump table VA 0x0070D6A0
jt,0x0070D6A0[3],0x0030522C,action 3 (ZH VICTORY position) -> arm calling 0x002F7B60
jt,0x0070D6A0[4],0x00305264,action 4 (ZH DEFEAT position) -> arm calling doDefeat
jt,0x0070D6A0[299],0x00305280,action 299 -> arm calling doLocalDefeat
jt,0x0070D6A0[327],0x00305210,action 327 -> arm calling 0x002F1520 (victory core + SetVictorious(TRUE) + ScriptEngine vcall +0x34)
jt,0x0070D6A0[510],0x00305248,action 510 -> arm calling doVictory core only
insn,0x0030522E,call 0x4202c5,executeAction arm 3 -> 0x002F7B60 via ILT 0x000202C5
insn,0x0030524A,call 0x405d9e,executeAction arm 510 -> doVictory 0x002F1C10 via ILT 0x00005D9E
insn,0x00305266,call 0x435846,executeAction arm 4 -> doDefeat 0x002F1D80 via ILT 0x00035846
insn,0x00305282,call 0x438b81,executeAction arm 299 -> doLocalDefeat 0x002F1EC0 via ILT 0x00038B81
insn,0x00305212,call 0x428dc6,executeAction arm 327 -> 0x002F1520 via ILT 0x00028DC6
thunk,0x000202C5,0x002F7B60,ILT of 0x002F7B60
thunk,0x00005D9E,0x002F1C10,ILT of doVictory
thunk,0x00035846,0x002F1D80,ILT of doDefeat
thunk,0x00038B81,0x002F1EC0,ILT of doLocalDefeat
thunk,0x000271AB,0x002ED8F0,ILT of useGameOverEndScreen
thunk,0x00039595,0x002EF010,ILT of doDisableInput
vslot,0x010E7A30+0x04,0x00340B80,ScriptEngine vtable slot 1 init = 0x00340B80 (ledger ?init@ScriptEngine@@ at 0x003107F0 is the action-template builder it calls)
vslot,0x010E7A30+0x10,0x00348430,ScriptEngine vtable slot 4 reset
insn,0x00340BCF,"mov dword ptr [0x12f0620], eax",ScriptEngine::init: TheScriptActions = new ScriptActions (0x10 B)
insn,0x00340BF5,"mov dword ptr [0x12f06b0], eax",ScriptEngine::init: TheScriptConditions = new ScriptConditions (8 B)
insn,0x00340CAA,push 0x10e7938,ScriptEngine::init continuation 0x00340C9E: GetProcAddress CreateDebugDialog (ZH ScriptEngine.cpp:548)
insn,0x00340D19,call 0x44b169,ScriptEngine::init -> 0x003107F0 at the addActionTemplateInfo position
insn,0x00340D20,call 0x437e3e,ScriptEngine::init -> 0x003307E0 at the addConditionTemplateInfo position
insn,0x00340D30,call dword ptr [edx + 0x10],ScriptEngine::init ends with this->reset() (ZH init tail)
insn,0x003957AF,"mov ecx, dword ptr [0x12ef734]",GameLogic::startNewGame loads TheVictorySystem after ThePlayerList->newMap
insn,0x003957B7,call dword ptr [edx + 0x24],GameLogic::startNewGame -> TheVictorySystem slot +0x24 newMap
insn,0x0038DC41,"mov ecx, dword ptr [0x12ef734]",GameLogic update 0x0038DA10 loads TheVictorySystem
insn,0x0038DC4D,call dword ptr [eax + 0x14],GameLogic update -> TheVictorySystem->update vcall +0x14
insn,0x001DF4BB,call 0x43b3e0,newMap starts with reset 0x001DE5B0
insn,0x001DF5B9,push 0x1c,newMap: new(0x1C) cell grid
insn,0x001DF5DF,call 0x4156ea,newMap -> cell grid ctor 0x001B1830 (w h cellSize 0)
insn,0x001DF5F2,"mov dword ptr [esi + 0xf8], eax",newMap: first grid at +0xF8
insn,0x001DF628,call 0x4156ea,newMap -> cell grid ctor 0x001B1830 (w h cellSize -cellSize/2)
insn,0x001DF635,"mov dword ptr [esi + 0xfc], eax",newMap: second grid at +0xFC
insn,0x001DF699,call 0x444f30,newMap: ThePlayerList->getNthPlayer side lookup
insn,0x001DF6D0,push 0x109fd6c,newMap: side Observer excluded
insn,0x001DF6E2,push 0x1080bb0,newMap: side Civilian excluded
insn,0x001DF6FE,push 0x1075714,newMap: unknown side falls back to the Default faction parameters
insn,0x001DF733,"and ebx, 0x80000000",newMap: per-player faction index +0x24[i] carries an exclusion bit
insn,0x001DF773,"mov byte ptr [esi + 0x100], 1",newMap: +0x100 = initialised
insn,0x001DE5F8,"mov dword ptr [esi + 0x104], 2",reset: active grid index +0x104 = 2 (none)
insn,0x001DE62E,"mov byte ptr [esi + 0x100], bl",reset: +0x100 = 0
insn,0x001E038B,push 0x1075714,init: Default faction parameters
insn,0x001E0411,"mov dword ptr [esp + 0x1c], 0x43fa0000",init: Default VictoryThreshold 500.0 (+0x10 of FactionVictoryParameters)
insn,0x001E0409,"mov dword ptr [esp + 0x20], 0x41200000",init: Default MajorUnitValue 10.0 (+0x14)
insn,0x001DFBA3,"mov al, byte ptr [esi + 0x100]",update: early-out until newMap
insn,0x001DFBAD,"mov eax, dword ptr [esi + 0x104]",update: active grid index
insn,0x001E04D6,"cmp eax, 0x7fffffff",findOrCreateFactionVictoryParameters: lookup 0x001DF350 not-found sentinel
insn,0x001E04DD,"mov ecx, dword ptr [edi + 0xec]",findOrCreateFactionVictoryParameters: vector begin +0xEC (0x18-byte elements)
insn,0x001E02F3,call 0x414123,??_GVictorySystem -> ??1VictorySystem 0x001DFF40
insn,0x001B187B,"imul edx, edx, 0x88",cell grid ctor: 0x88-byte cells
insn,0x001B19A4,push 0x109c958,cell grid ctor assert string
insn,0x001B1A31,ret 0x10,cell grid ctor takes 4 args (w h cellSize offset)
bytes,0x00C9C958,436f756c64206e6f74206372656174652043656c6c204772696420666f7220566963746f727953797374656d2100,cell grid ctor assert text
bytes,0x00C83A6C,566963746f727953797374656d4461746100,INI block name bound to 0x000C3060
bytes,0x00C83A84,46616374696f6e566963746f72794461746100,INI block name bound to 0x000C31B0
bytes,0x00EA88A0,6c3a0801d773410000000000843a0801ae1f4100,INI block table entries VictorySystemData->ILT 0x004173D7 and FactionVictoryData->ILT 0x00411FAE
thunk,0x000173D7,0x000C3060,ILT of the VictorySystemData parser
thunk,0x00011FAE,0x000C31B0,ILT of the FactionVictoryData parser
insn,0x000C3085,"mov edi, dword ptr [esp + 0x21c]",VictorySystemData parser: INI* from the stack (cdecl)
insn,0x000C30C8,"mov eax, dword ptr [0x12ef734]",VictorySystemData parser: TheVictorySystem null test
insn,0x000C310C,push 0x10839c0,VictorySystemData parser: TheVictorySystem has not been initialized assert
insn,0x000C312D,push 0x109fc28,VictorySystemData parser: field table 0x0109FC28 (CellSize+0xC ScalePerLogicFrame+0x14 SubtractPerLogicFrame+0x18 CellBonusRadius+0x20)
insn,0x000C31D5,"mov edi, dword ptr [esp + 0x21c]",FactionVictoryData parser: INI* from the stack (cdecl)
insn,0x000C3218,push 0x1083a60,FactionVictoryData parser: token neutral clears the name
insn,0x000C3233,"mov ecx, dword ptr [0x12ef734]",FactionVictoryData parser: TheVictorySystem
insn,0x000C327E,call 0x43ce16,FactionVictoryData parser -> findOrCreateFactionVictoryParameters 0x001E04B0
insn,0x000C3287,push 0x109fbc8,FactionVictoryData parser: field table 0x0109FBC8 (AllyDeathScaleFactor+4 EnemyKillScaleFactor+8 MapToCellVictoryRatio+0xC VictoryThreshold+0x10 MajorUnitValue+0x14)
insn,0x000C32CB,push 0x10839f8,FactionVictoryData parser: assert names iniParseFactionVictoryDefinition
insn,0x000C331A,ret,FactionVictoryData parser is cdecl (not a SidesList thiscall member)
bytes,0x00C839F8,436f756c64206e6f742066696e642f6372656174652046616374696f6e566963746f7279506172616d657465727320696e20696e69506172736546616374696f6e566963746f7279446566696e6974696f6e212e0a00,retail function name in the assert
bytes,0x00C839C0,546865566963746f727953797374656d20686173206e6f74206265656e20696e697469616c697a6564212e0a00,VictorySystem assert
bytes,0x00C9FC28,e4fc0901202bc500000000000c000000,VictorySystemData field table entry 0: CellSize parse 0x00852B20 offset 0xC
bytes,0x00C9FBC8,50fd0901202bc5000000000004000000,FactionVictoryData field table entry 0: AllyDeathScaleFactor parse 0x00852B20 offset 4
bytes,0x00C84AB0,28440801002ec5000000000018010000,PlayerTemplate field table entry Evil -> offset 0x118 (read by Player::_bfme_isEvil and doVictory)
insn,0x00267FA7,"mov al, byte ptr [eax + 0x118]",Player::_bfme_isEvil returns PlayerTemplate+0x118 (INI field Evil)
insn,0x000C9CF0,"mov al, byte ptr [ecx + 0x296]",Player::isPlayerObserver returns +0x296
insn,0x000C9D00,"mov al, byte ptr [ecx + 0x680]",Player::isPlayerDead returns +0x680
insn,0x000C9D1A,"mov al, byte ptr [ecx + 0x680]",Player::isPlayerActive = !observer && !dead
insn,0x000CE1B2,"mov byte ptr [ebp + 0x680], 1",Player::killPlayer sets m_isPlayerDead (ZH Player.cpp:2067)
insn,0x000CE202,"mov byte ptr [ebp + 0x680], 0",Player::killPlayer clears it again in single player (ZH Player.cpp:2081)
insn,0x000DAB09,"mov byte ptr [esi + 0x296], al",Player init: m_observer = PlayerTemplate IsObserver (+0xBC)
insn,0x000DAB0F,"mov byte ptr [esi + 0x680], al",Player init: m_isPlayerDead = m_observer (ZH Player.cpp:475)
insn,0x000C9A2C,call dword ptr [eax + 0x2c],0x000C9A20: TheVictoryConditions->hasSinglePlayerBeenDefeated(this)
insn,0x000C9A33,"mov al, byte ptr [esi + 0x680]",0x000C9A20: !m_isPlayerDead
insn,0x000C9A52,"mov cl, byte ptr [eax + 0x6b]",0x000C9A20: TheGameLogic+0x6B must be set
global,0x012F079C,0x000C9A23,0x000C9A20 reads TheVictoryConditions
insn,0x00097800,"cmp dword ptr [ecx + 0x18], 1",RecorderClass::isMultiplayer: m_mode == PLAYBACK
insn,0x0009784B,"mov eax, dword ptr [0x12f7714]",RecorderClass::isMultiplayer: TheNetwork
insn,0x00097854,"mov eax, dword ptr [0x12f7094]",RecorderClass::isMultiplayer: TheSkirmishGameInfo
insn,0x00382B93,"mov eax, dword ptr [0x12f1028]",0x00382B50: TheLivingWorldLogic
insn,0x00382B9C,"mov cl, byte ptr [eax + 0x2c]",0x00382B50: TheLivingWorldLogic+0x2C flag
insn,0x00382C26,"cmp eax, 1",0x00382C20: LAN
insn,0x00382C2B,"cmp eax, 5",0x00382C20: INTERNET
insn,0x00382C30,"cmp eax, 2",0x00382C20: SKIRMISH
insn,0x00382C4E,"mov eax, dword ptr [eax + 0x2ac]",0x00382C20: replayed game mode at Recorder+0x2AC
insn,0x00423421,call 0x4071bc,Eva::setShouldPlay -> per-message trigger 0x004223F0
insn,0x0042244D,"mov byte ptr [ecx + 0x14], 1",Eva trigger: position supplied flag
insn,0x0048AE06,call 0x424172,setGroup: findGroup 0x0048A520
insn,0x0048AE0B,"mov dword ptr [esi + 0x20], eax",setGroup: m_currentGroup +0x20
insn,0x0048AE74,"mov dword ptr [esi + 0x24], eax",setGroup: m_pendingGroup +0x24
insn,0x0048AE41,ret 8,setGroup(AsciiString Bool)
insn,0x0046762D,push 0x10f71ec,WindowManager APT call helper formats /_level%d
insn,0x004676BB,ret 0x20,WindowManager APT call helper takes 8 args
bytes,0x00CF71EC,2f5f6c6576656c256400,APT root path format
insn,0x000A4223,call dword ptr [edx + 0x38],updateSkirmishBattleHonors: isLocalAlliedDefeat
insn,0x000A4232,call dword ptr [eax + 0x34],updateSkirmishBattleHonors: isLocalAlliedVictory
insn,0x000A42A8,call dword ptr [eax + 0x44],updateSkirmishBattleHonors: getEndFrame -> game duration
insn,0x000A4251,call 0x447767,updateSkirmishBattleHonors: SkirmishPreferences ctor 0x0009F850
global,0x012F079C,0x000A421B,updateSkirmishBattleHonors reads TheVictoryConditions
insn,0x000A5DA3,call dword ptr [eax + 0x40],updateOnlinePlayerStats: amIObserver early-out
insn,0x000A5ECE,call dword ptr [edx + 0x38],updateOnlinePlayerStats: isLocalAlliedDefeat
insn,0x000A5EDD,call dword ptr [eax + 0x34],updateOnlinePlayerStats: isLocalAlliedVictory
insn,0x000A5EEE,call dword ptr [edx + 0x3c],updateOnlinePlayerStats: isLocalDefeat
insn,0x000A5EFC,"mov cl, byte ptr [eax + 0x6c]",updateOnlinePlayerStats: sawCRCMismatch (TheGameLogic+0x6C) counts as a loss
insn,0x000A5F1A,call dword ptr [edx + 0x50],updateOnlinePlayerStats: isPlayerDefeated(idx) BFME slot
insn,0x000A6448,call dword ptr [edx + 0x44],updateOnlinePlayerStats: getEndFrame
insn,0x000A5EA1,"mov eax, dword ptr [ecx + 0x290]",updateOnlinePlayerStats: TheGameLogic+0x290
insn,0x00576EC2,"cmp dword ptr [esi + 0x25c], 1",score screen init: game type 1 -> updateSkirmishBattleHonors
insn,0x00576ECC,call 0x40b97e,score screen init -> 0x000A41F0 (cdecl Player*)
insn,0x00576ED4,"cmp dword ptr [esi + 0x25c], 3",score screen init: game type 3 -> updateOnlinePlayerStats
insn,0x00576EEC,call 0x419f56,score screen init -> 0x000A5D40 (cdecl Player*)
insn,0x00570433,call dword ptr [eax + 0x24],score entry comparator: hasAchievedVictory(a)
insn,0x00570448,call dword ptr [eax + 0x24],score entry comparator: hasAchievedVictory(b)
insn,0x00570454,ret 8,score entry comparator: thiscall functor operator()(a b)
insn,0x00513768,"cmp dword ptr [eax + 0x10c], 5",online player status: INTERNET only
insn,0x00513817,call dword ptr [edx + 0xac],online player status: TheNetwork->isPlayerConnected(slot)
insn,0x0051387B,call dword ptr [edx + 0x2c],online player status: hasSinglePlayerBeenDefeated
global,0x012ED4E4,0x000652C0,BFMEDesyncCheck ctor: enable byte
insn,0x000652D8,"cmp eax, 8",BFMEDesyncCheck ctor: skipped in game mode 8
insn,0x000652DD,"cmp eax, 4",BFMEDesyncCheck ctor: skipped in SHELL
insn,0x000652E4,call 0x40b532,BFMEDesyncCheck ctor: GameLogic::getCRC(0)
insn,0x000652E9,"mov dword ptr [esi], eax",BFMEDesyncCheck ctor stores the frame-start CRC in the record
insn,0x0006147F,"mov byte ptr [0x12ed4e4], al",0x00061470 enables the desync check (command-line flag handler)
global,0x012ED4E4,0x0006547E,writeReportIfMismatched: enable byte
insn,0x000654B8,call 0x40b532,writeReportIfMismatched: GameLogic::getCRC(0) again
insn,0x000654C9,"cmp ecx, 1",writeReportIfMismatched: LAN
insn,0x000654CE,"cmp ecx, 5",writeReportIfMismatched: INTERNET
insn,0x000654D7,"cmp dword ptr [esi], eax",writeReportIfMismatched: compare with the stored CRC
insn,0x00065501,call dword ptr [edx + 0x34],writeReportIfMismatched: TheInGameUI vcall +0x34 (GameLogic changed outside of GameLogic::)
insn,0x00065528,call 0x42649f,writeReportIfMismatched: IPEnumeration ctor 0x00624B90
insn,0x0006553B,call 0x41c7dd,writeReportIfMismatched: IPEnumeration::getMachineName 0x00624F30
insn,0x0006555D,push 0x1075488,writeReportIfMismatched: CLIENT_DESYNC_%s.txt
insn,0x000655E4,push 0x1075444,writeReportIfMismatched: Desync detected on frame
insn,0x00065631,call 0x41ce8b,writeReportIfMismatched: ~IPEnumeration 0x00625040
bytes,0x00C75488,434c49454e545f444553594e435f25732e74787400,desync report file name
bytes,0x00C75444,446573796e63206465746563746564206f6e206672616d65202564206f6e2025752d25752d25752025753a25753a25750a0a00,desync report line
insn,0x0006B9A7,call 0x40180c,GameEngine +0x80 body constructs the BFMEDesyncCheck at [esp+8]
insn,0x0006BA56,"lea ecx, [esp + 8]",GameEngine +0x80 body: this = the stack record
insn,0x0006BA62,call 0x441ed9,GameEngine +0x80 body destroys it = writeReportIfMismatched
insn,0x00BF2AD0,"lea ecx, [ebp - 0x10]",unwind funclet: same record via the frame pointer
insn,0x00BF2AD3,jmp 0x441ed9,unwind funclet -> writeReportIfMismatched = ??1BFMEDesyncCheck
vslot,0x01075BC8+0x80,0x0006B910,GameEngine vtable slot +0x80 = client-side update body
vslot,0x0111C9A8+0x80,0x0006B910,second GameEngine vtable slot +0x80
insn,0x0006B930,call 0x440791,GameEngine +0x80: GameLogic 0x0038D100 first
insn,0x0006B96D,call 0x4358eb,GameEngine +0x80: frame-skip check 0x0006B830
insn,0x0006B982,"mov dword ptr [0x12ed504], eax",GameEngine +0x80: skipped-frame counter
insn,0x0006B9D4,call 0x42ae96,GameEngine +0x80: TheMessageStream->propagateMessages 0x0008ADF0
insn,0x0006B9D9,call 0x436921,GameEngine +0x80: timed-op queue pump 0x0007B990
insn,0x0006BA06,call 0x445a1b,GameEngine +0x80: InGameUI engine input lock 0x0043B260
insn,0x0006BA23,call 0x43d578,GameEngine +0x80: Mouse engine visibility 0x005A4B50
insn,0x0006BA53,call dword ptr [edx + 0x24],GameEngine +0x80: TheNetwork->liteupdate(FALSE)
insn,0x0006B834,"mov ecx, dword ptr [0x12f7714]",frame-skip check: TheNetwork
insn,0x0006B860,call dword ptr [eax + 0x40],frame-skip check: TheNetwork->getFramePacingStatus
insn,0x0008AE3A,"mov edi, dword ptr [0x12ed5f0]",propagateMessages: TheCommandList
insn,0x0008AE4A,call dword ptr [edx + 0x24],propagateMessages: TheCommandList->appendMessage
insn,0x0043B262,"lea edx, [ecx + 0xd]",InGameUI engine input lock flag +0x0D
insn,0x0043B282,"lea edx, [ecx + 0xe]",InGameUI script input lock flag +0x0E
insn,0x005A4B7B,"lea edx, [ecx + 0x4da1]",Mouse engine visibility flag +0x4DA1
insn,0x005A4BCB,"lea edx, [ecx + 0x4da2]",Mouse script visibility flag +0x4DA2
insn,0x00624B92,"mov dword ptr [eax], 0",??0IPEnumeration: m_IPlist = NULL
insn,0x00624B98,"mov byte ptr [eax + 4], 0",??0IPEnumeration: m_isWinsockInitialized = FALSE
insn,0x00624F50,push 0x202,getMachineName: WSAStartup 2.2
insn,0x00624F73,push 0x100,getMachineName: gethostname buffer 256
insn,0x00625051,"mov byte ptr [edi + 4], 0",~IPEnumeration: WSACleanup then m_isWinsockInitialized = FALSE
insn,0x00388C2F,"mov ebx, 1",0x00388C10 (desync handler called from bfme_processLogicCRC) sets ebx = 1
insn,0x00388C35,"mov byte ptr [ebp + 0x6c], bl",0x00388C10: TheGameLogic->sawCRCMismatch (+0x6C) = TRUE
insn,0x0038B765,call 0x423c6d,bfme_processLogicCRC -> 0x00388C10 on a CRC disagreement
insn,0x00388E9B,push 0x10eb334,0x00388C10 writes DESYNC-%s-%s-%s.txt
insn,0x00395E8F,"mov byte ptr [esi + 0x6c], 0",startNewGame clears sawCRCMismatch
insn,0x003929A4,"mov byte ptr [esi + 0x6c], bl",GameLogic ctor zeroes +0x68..+0x6D byte flags
insn,0x00682960,"mov cl, byte ptr [eax + 0x6c]",Network::GetCommandsFromCommandList gates the leave command on !sawCRCMismatch
insn,0x0038B58E,"mov cl, byte ptr [eax + 0x6c]",bfme_processLogicCRC reads sawCRCMismatch before appending Game Over details
insn,0x004E6D9F,"mov al, byte ptr [ecx + 0x6c]",score screen populate reads sawCRCMismatch
insn,0x0063933F,"movzx ecx, byte ptr [eax + 0x6c]",generateLadderGameResultsPacket reads sawCRCMismatch
thunk,0x000496BB,0x0035F810,ILT of 0x0035F810
thunk,0x0004ADC2,0x0035F430,ILT of 0x0035F430
thunk,0x0003CE0C,0x0035F1E0,ILT of 0x0035F1E0
thunk,0x0003459F,0x0035F770,ILT of 0x0035F770
thunk,0x000087F6,0x0035F880,ILT of 0x0035F880
thunk,0x0002FFBD,0x001E0160,ILT of 0x001E0160
thunk,0x0003CE16,0x001E04B0,ILT of 0x001E04B0
thunk,0x000156EA,0x001B1830,ILT of 0x001B1830
thunk,0x0004A7A5,0x00097800,ILT of 0x00097800
thunk,0x0000B97E,0x000A41F0,ILT of 0x000A41F0
thunk,0x00019F56,0x000A5D40,ILT of 0x000A5D40
thunk,0x000141F0,0x000C9A20,ILT of 0x000C9A20
thunk,0x0000D369,0x00267FA0,ILT of 0x00267FA0
thunk,0x0001D1C9,0x00382B50,ILT of 0x00382B50
thunk,0x0001E0AB,0x00382C20,ILT of 0x00382C20
thunk,0x0002B5F3,0x004233A0,ILT of 0x004233A0
thunk,0x00015235,0x004675F0,ILT of 0x004675F0
thunk,0x00045C28,0x0048AD80,ILT of 0x0048AD80
thunk,0x0000C491,0x00513740,ILT of 0x00513740
thunk,0x00015F19,0x00570420,ILT of 0x00570420
thunk,0x0000180C,0x000652C0,ILT of 0x000652C0
thunk,0x000358EB,0x0006B830,ILT of 0x0006B830
thunk,0x00008CE7,0x0006B910,ILT of 0x0006B910
thunk,0x00036921,0x0007B990,ILT of 0x0007B990
thunk,0x0002AE96,0x0008ADF0,ILT of 0x0008ADF0
thunk,0x00045A1B,0x0043B260,ILT of 0x0043B260
thunk,0x0003D578,0x005A4B50,ILT of 0x005A4B50
thunk,0x0002649F,0x00624B90,ILT of 0x00624B90
thunk,0x0001C7DD,0x00624F30,ILT of 0x00624F30
thunk,0x0001CE8B,0x00625040,ILT of 0x00625040
thunk,0x0003B3E0,0x001DE5B0,ILT of 0x001DE5B0
thunk,0x0001A550,0x001DE5B0,ILT of 0x001DE5B0
thunk,0x000345D6,0x001DE760,ILT of 0x001DE760
thunk,0x000086B1,0x001DF4A0,ILT of 0x001DF4A0
thunk,0x0000C630,0x001DFBA0,ILT of 0x001DFBA0
thunk,0x0003F32D,0x001E02F0,ILT of 0x001E02F0
thunk,0x0001BD56,0x001E0370,ILT of 0x001E0370
thunk,0x00035661,0x0035F270,ILT of 0x0035F270
thunk,0x00044C1F,0x0035F320,ILT of 0x0035F320
thunk,0x000151CC,0x0035FDF0,ILT of 0x0035FDF0
thunk,0x000143B7,0x0035F4E0,ILT of 0x0035F4E0
thunk,0x00044710,0x0035F380,ILT of 0x0035F380
thunk,0x00003116,0x0035F3D0,ILT of 0x0035F3D0
thunk,0x00020153,0x0035F410,ILT of 0x0035F410
thunk,0x00028A74,0x0035F4A0,ILT of 0x0035F4A0
thunk,0x0001BC3E,0x0035F4B0,ILT of 0x0035F4B0
thunk,0x00008B48,0x0035F600,ILT of 0x0035F600
thunk,0x00041600,0x0035F4C0,ILT of 0x0035F4C0
thunk,0x00012094,0x0035F1A0,ILT of 0x0035F1A0
thunk,0x0004585E,0x0035F1D0,ILT of 0x0035F1D0
thunk,0x00033497,0x00067940,ILT of 0x00067940
thunk,0x0000C135,0x0035F8F0,ILT of 0x0035F8F0
thunk,0x00008DA0,0x0035F920,ILT of 0x0035F920
thunk,0x0000B532,0x00383150,ILT of 0x00383150
thunk,0x00041ED9,0x00065470,ILT of 0x00065470
thunk,0x0000A4CA,0x00340B80,ILT of 0x00340B80
thunk,0x00023C6D,0x00388C10,ILT of 0x00388C10
thunk,0x000074B4,0x004E5DF0,ILT of populatePlayerInfo (the lexicon-free helper reached from grabMultiPlayerInfo and grabSinglePlayerInfo)
insn,0x004E8237,call 0x4074b4,grabMultiPlayerInfo calls populatePlayerInfo(p count) for non-observers
insn,0x004E8393,call 0x4074b4,grabSinglePlayerInfo calls populatePlayerInfo(localPlayer 0)
insn,0x004E5DF0,push -1,populatePlayerInfo 0x004E5DF0: body start (SEH prologue of the 7004-byte Ghidra body)
global,0x012F079C,0x004E65B7,populatePlayerInfo 0x004E5DF0: TheVictoryConditions read; skirmish gate: isLocalAlliedDefeat
insn,0x004E65BF,call dword ptr [edx + 0x38],populatePlayerInfo 0x004E5DF0: VictoryConditions vslot +0x38; skirmish gate: isLocalAlliedDefeat
global,0x012F079C,0x004E65C6,populatePlayerInfo 0x004E5DF0: TheVictoryConditions read; skirmish gate: isLocalAlliedVictory
insn,0x004E65CE,call dword ptr [eax + 0x34],populatePlayerInfo 0x004E5DF0: VictoryConditions vslot +0x34; skirmish gate: isLocalAlliedVictory
global,0x012F079C,0x004E662A,populatePlayerInfo 0x004E5DF0: TheVictoryConditions read; skirmish stats: getEndFrame converted to float (BFME addition)
insn,0x004E663A,call dword ptr [edx + 0x44],populatePlayerInfo 0x004E5DF0: VictoryConditions vslot +0x44; skirmish stats: getEndFrame converted to float (BFME addition)
global,0x012F079C,0x004E669B,populatePlayerInfo 0x004E5DF0: TheVictoryConditions read; skirmish stats: isLocalAlliedVictory selects wins or losses
insn,0x004E66A3,call dword ptr [eax + 0x34],populatePlayerInfo 0x004E5DF0: VictoryConditions vslot +0x34; skirmish stats: isLocalAlliedVictory selects wins or losses
global,0x012F079C,0x004E6BB4,populatePlayerInfo 0x004E5DF0: TheVictoryConditions read; internet path: amIObserver returns before any stats
insn,0x004E6BBC,call dword ptr [eax + 0x40],populatePlayerInfo 0x004E5DF0: VictoryConditions vslot +0x40; internet path: amIObserver returns before any stats
global,0x012F079C,0x004E6D66,populatePlayerInfo 0x004E5DF0: TheVictoryConditions read; sawEndOfGame: isLocalAlliedDefeat
insn,0x004E6D70,call dword ptr [eax + 0x38],populatePlayerInfo 0x004E5DF0: VictoryConditions vslot +0x38; sawEndOfGame: isLocalAlliedDefeat
global,0x012F079C,0x004E6D77,populatePlayerInfo 0x004E5DF0: TheVictoryConditions read; sawEndOfGame: isLocalAlliedVictory
insn,0x004E6D7F,call dword ptr [edx + 0x34],populatePlayerInfo 0x004E5DF0: VictoryConditions vslot +0x34; sawEndOfGame: isLocalAlliedVictory
global,0x012F079C,0x004E6D88,populatePlayerInfo 0x004E5DF0: TheVictoryConditions read; sawEndOfGame: isLocalDefeat
insn,0x004E6D90,call dword ptr [eax + 0x3c],populatePlayerInfo 0x004E5DF0: VictoryConditions vslot +0x3c; sawEndOfGame: isLocalDefeat
global,0x012F079C,0x004E6EDA,populatePlayerInfo 0x004E5DF0: TheVictoryConditions read; GameSpy-stats gate: getEndFrame compared with 0x7d
insn,0x004E6EE2,call dword ptr [edx + 0x44],populatePlayerInfo 0x004E5DF0: VictoryConditions vslot +0x44; GameSpy-stats gate: getEndFrame compared with 0x7d
global,0x012F079C,0x004E6EEA,populatePlayerInfo 0x004E5DF0: TheVictoryConditions read; GameSpy-stats gate: getEndFrame != 0
insn,0x004E6EF2,call dword ptr [eax + 0x44],populatePlayerInfo 0x004E5DF0: VictoryConditions vslot +0x44; GameSpy-stats gate: getEndFrame != 0
global,0x012F079C,0x004E7148,populatePlayerInfo 0x004E5DF0: TheVictoryConditions read; wins/losses: isLocalAlliedDefeat
insn,0x004E7150,call dword ptr [edx + 0x38],populatePlayerInfo 0x004E5DF0: VictoryConditions vslot +0x38; wins/losses: isLocalAlliedDefeat
global,0x012F079C,0x004E7157,populatePlayerInfo 0x004E5DF0: TheVictoryConditions read; wins/losses: !getEndFrame counts as a loss
insn,0x004E715F,call dword ptr [eax + 0x44],populatePlayerInfo 0x004E5DF0: VictoryConditions vslot +0x44; wins/losses: !getEndFrame counts as a loss
global,0x012F079C,0x004E72BB,populatePlayerInfo 0x004E5DF0: TheVictoryConditions read; InARow counters: isLocalAlliedVictory
insn,0x004E72C3,call dword ptr [eax + 0x34],populatePlayerInfo 0x004E5DF0: VictoryConditions vslot +0x34; InARow counters: isLocalAlliedVictory
global,0x012F079C,0x004E74C1,populatePlayerInfo 0x004E5DF0: TheVictoryConditions read; surrenders += haveWeSurrendered || !getEndFrame
insn,0x004E74C9,call dword ptr [edx + 0x44],populatePlayerInfo 0x004E5DF0: VictoryConditions vslot +0x44; surrenders += haveWeSurrendered || !getEndFrame
global,0x012F079C,0x004E75C4,populatePlayerInfo 0x004E5DF0: TheVictoryConditions read; battle-honours gate: isLocalAlliedDefeat
insn,0x004E75CC,call dword ptr [eax + 0x38],populatePlayerInfo 0x004E5DF0: VictoryConditions vslot +0x38; battle-honours gate: isLocalAlliedDefeat
global,0x012F079C,0x004E75D3,populatePlayerInfo 0x004E5DF0: TheVictoryConditions read; battle-honours gate: getEndFrame
insn,0x004E75DB,call dword ptr [edx + 0x44],populatePlayerInfo 0x004E5DF0: VictoryConditions vslot +0x44; battle-honours gate: getEndFrame
insn,0x004E658C,"cmp dword ptr [0x12f4134], 1",populatePlayerInfo 0x004E5DF0: screenType == SCORESCREEN_SKIRMISH(1) opens the skirmish-stats block
global,0x012F4134,0x004E658C,populatePlayerInfo 0x004E5DF0: screenType (ScoreScreen.cpp static) compared with 1
insn,0x004E6B5A,"cmp dword ptr [0x12f4134], 3",populatePlayerInfo 0x004E5DF0: screenType == SCORESCREEN_INTERNET(3) opens the results block
global,0x012F4134,0x004E6B5A,populatePlayerInfo 0x004E5DF0: screenType compared with 3
global,0x012F708C,0x004E65A8,populatePlayerInfo 0x004E5DF0: TheGameInfo read for the isSandbox slot
insn,0x004E65B0,call dword ptr [eax + 0x30],populatePlayerInfo 0x004E5DF0: TheGameInfo vslot +0x30 at the ZH isSandbox() position
global,0x012F7194,0x004E6B67,populatePlayerInfo 0x004E5DF0: TheGameSpyInfo read for getLocalProfileID
insn,0x004E6B6F,call dword ptr [eax + 0x70],populatePlayerInfo 0x004E5DF0: TheGameSpyInfo->getLocalProfileID (+0x70); zero returns
global,0x012F7198,0x004E6B7C,populatePlayerInfo 0x004E5DF0: TheGameSpyGame read for getLocalSlotNum
insn,0x004E6B84,call dword ptr [edx + 0x14],populatePlayerInfo 0x004E5DF0: TheGameSpyGame->getLocalSlotNum (+0x14)
insn,0x004E6BA3,call 0x4061d6,populatePlayerInfo 0x004E5DF0: TheGameSpyGame->getSlot(localSlotNum); NULL returns
global,0x012F76F0,0x004E6BC7,populatePlayerInfo 0x004E5DF0: TheGameSpyPSMessageQueue read for findPlayerStatsByID
insn,0x004E6BD8,call dword ptr [edx + 0x24],populatePlayerInfo 0x004E5DF0: TheGameSpyPSMessageQueue->findPlayerStatsByID(localID) (+0x24)
global,0x012F7714,0x004E6D05,populatePlayerInfo 0x004E5DF0: TheNetwork read for getPingFrame
insn,0x004E6D0D,call dword ptr [edx + 0x80],populatePlayerInfo 0x004E5DF0: TheNetwork->getPingFrame (+0x80) == latestHumanInGame
global,0x012F7714,0x004E6D17,populatePlayerInfo 0x004E5DF0: TheNetwork read for getPingsSent
insn,0x004E6D1F,call dword ptr [eax + 0x84],populatePlayerInfo 0x004E5DF0: TheNetwork->getPingsSent (+0x84) halved
global,0x012F7714,0x004E6D43,populatePlayerInfo 0x004E5DF0: TheNetwork read for getPingsRecieved
insn,0x004E6D4B,call dword ptr [edx + 0x88],populatePlayerInfo 0x004E5DF0: TheNetwork->getPingsRecieved (+0x88) < max(1 sent/2) keeps gameEndedInDisconnect
global,0x012F0898,0x004E6D99,populatePlayerInfo 0x004E5DF0: TheGameLogic read for the CRC-mismatch flag
global,0x012F7198,0x004E6DB6,populatePlayerInfo 0x004E5DF0: TheGameSpyGame read for the ladder port test
insn,0x004E6DBC,"cmp word ptr [ecx + 0x450], 0",populatePlayerInfo 0x004E5DF0: TheGameSpyGame+0x450 = ladderPort (short) must be non-zero
thunk,0x00024D43,0x004D7AC0,ILT of getLadderIP (GameSpyStagingRoom member; ledger still ?d_004d7ac0)
insn,0x004E6DCB,call 0x424d43,populatePlayerInfo 0x004E5DF0: getLadderIP() by value for the isNotEmpty test
thunk,0x0002D5C4,0x0005E510,ILT of AsciiString::isNotEmpty
insn,0x004E6DDA,call 0x42d5c4,populatePlayerInfo 0x004E5DF0: getLadderIP().isNotEmpty()
thunk,0x00006A2D,0x004E5C00,ILT of GameResultsRequest ctor
insn,0x004E6E08,call 0x406a2d,populatePlayerInfo 0x004E5DF0: GameResultsRequest gameResReq
insn,0x004E6E21,call 0x424d43,populatePlayerInfo 0x004E5DF0: gameResReq.hostname = getLadderIP().str()
global,0x012F7198,0x004E6E5B,populatePlayerInfo 0x004E5DF0: TheGameSpyGame read for gameResReq.port
insn,0x004E6E61,"mov dx, word ptr [ecx + 0x450]",populatePlayerInfo 0x004E5DF0: gameResReq.port = TheGameSpyGame+0x450
thunk,0x000336A9,0x00639190,ILT of generateLadderGameResultsPacket
insn,0x004E6E75,call 0x4336a9,populatePlayerInfo 0x004E5DF0: gameResReq.results = generateLadderGameResultsPacket().str()
global,0x012F71C4,0x004E6EAF,populatePlayerInfo 0x004E5DF0: TheGameResultsQueue read (NULL-checked)
insn,0x004E6EC3,call dword ptr [edx + 0x30],populatePlayerInfo 0x004E5DF0: TheGameResultsQueue->addRequest(gameResReq) (+0x30)
thunk,0x00049288,0x004E5C60,ILT of GameResultsRequest dtor
insn,0x004E6ED5,call 0x449288,populatePlayerInfo 0x004E5DF0: gameResReq destroyed after addRequest
insn,0x004E6EE5,"cmp eax, 0x7d",populatePlayerInfo 0x004E5DF0: endFrame < 125 (25 s at 5 logic fps) && endFrame skips the GameSpy stats
thunk,0x00022A34,0x006386F0,ILT of the GameSpyStagingRoom results-packet generator the score screen really calls (ledger ?d_006386f0)
insn,0x004E6F0D,call 0x422a34,populatePlayerInfo 0x004E5DF0: resultsPacket = TheGameSpyGame->generateGameSpyGameResultsPacket()
global,0x012F76F0,0x004E6F58,populatePlayerInfo 0x004E5DF0: TheGameSpyPSMessageQueue read for addRequest
insn,0x004E6F68,call dword ptr [eax + 0x10],populatePlayerInfo 0x004E5DF0: TheGameSpyPSMessageQueue->addRequest(PSREQUEST_SENDGAMERESTOGAMESPY) (+0x10)
global,0x012ED750,0x004E6F6B,populatePlayerInfo 0x004E5DF0: ThePlayerTemplateStore read for the ptIdx search
global,0x012F7198,0x004E71E1,populatePlayerInfo 0x004E5DF0: TheGameSpyGame read for the QM flag
insn,0x004E71E6,"mov cl, byte ptr [eax + 0x43c]",populatePlayerInfo 0x004E5DF0: TheGameSpyGame+0x43c = isQMGame selects QMGames vs customGames
global,0x012F708C,0x004E74B5,populatePlayerInfo 0x004E5DF0: TheGameInfo read for haveWeSurrendered
insn,0x004E74BA,"mov cl, byte ptr [eax + 0xe]",populatePlayerInfo 0x004E5DF0: TheGameInfo+0xe = haveWeSurrendered
insn,0x004E75F1,call 0x8e59e0,populatePlayerInfo 0x004E5DF0: updateMPBattleHonors(stats.battleHonors stats) direct call
insn,0x004E75FE,call 0x8e27e0,populatePlayerInfo 0x004E5DF0: updateChallengeMedals(stats.challengeMedals) direct call
global,0x012F76F0,0x004E70E9,populatePlayerInfo 0x004E5DF0: TheGameSpyPSMessageQueue read (stats.id == 0 arm addRequest)
insn,0x004E7100,call dword ptr [edx + 0x10],populatePlayerInfo 0x004E5DF0: stats.id == 0 arm: PSREQUEST_UPDATEPLAYERSTATS addRequest
thunk,0x0003DAFF,0x004E3150,ILT of hideWindows
insn,0x004E8204,call 0x43daff,grabMultiPlayerInfo calls hideWindows(playerCount)
insn,0x004E86E8,call 0x43daff,grabSinglePlayerInfo calls hideWindows(playerCount)
thunk,0x00033483,0x004E3720,ILT of setObserverWindows
insn,0x004E8230,call 0x433483,grabMultiPlayerInfo calls setObserverWindows(p count) for observers
insn,0x004E8225,call 0x420d01,grabMultiPlayerInfo: Player::isPlayerObserver decides between setObserverWindows and populatePlayerInfo
thunk,0x000113AB,0x004E3D40,ILT of populateSideInfo
insn,0x004E86B6,call 0x4113ab,grabSinglePlayerInfo calls populateSideInfo(TheGameText->fetch(label) &sg count color)
bytes,0x00D01DEC,4755493a00,grabSinglePlayerInfo label prefix
bytes,0x00D01DE4,416c6c69657300,grabSinglePlayerInfo label suffix for ALLIES
bytes,0x00D01DD8,456e656d69657300,grabSinglePlayerInfo label suffix for ENEMIES
bytes,0x00D00C5C,416d657269636100,grabSinglePlayerInfo hard-coded side 0/3 (Generals leftover)
bytes,0x00D00C4C,4368696e6100,grabSinglePlayerInfo hard-coded side 1/4
bytes,0x00D00C40,474c4100,grabSinglePlayerInfo hard-coded side 2/5
insn,0x004E850E,call 0x41be28,grabSinglePlayerInfo: TheGameLogic->isInSinglePlayerGame gate before the side accumulation
insn,0x004E8539,call 0x43e77a,grabSinglePlayerInfo: Player::getRelationship(defaultTeam) == 2 (ALLIES) for friend rows
thunk,0x00014164,0x004E3060,ILT of the ScoreMap (map<Int Player*>) _Rb_tree::_M_erase
insn,0x004E80C3,call 0x414164,grabMultiPlayerInfo: scores.clear() erases the map<Int Player*> tree
thunk,0x00005A65,0x004E4CF0,ILT of the ScoreMap _Rb_tree destructor
insn,0x004E825F,call 0x405a65,grabMultiPlayerInfo: scores map destroyed on exit
bytes,0x00D01DBC,4d757469506c617965725f53636f726553637265656e00,grabMultiPlayerInfo backdrop image name (ZH spelling)
insn,0x004E80F0,push 0x1101dbc,grabMultiPlayerInfo pushes MutiPlayer_ScoreScreen for findImageByName
insn,0x004E81A0,call 0x40d67a,grabMultiPlayerInfo: ScoreKeeper::calculateScore keys the ScoreMap
thunk,0x0000D67A,0x000E8D90,ILT of ScoreKeeper::calculateScore (ledger ?d_000e8d90)
thunk,0x00042640,0x004E8050,ILT of grabMultiPlayerInfo (already pinned ?grabMultiPlayerInfo@@YAXXZ)
thunk,0x000077C5,0x004E8320,ILT of grabSinglePlayerInfo
thunk,0x0003E612,0x004E88E0,ILT of initSinglePlayer
thunk,0x0002BF44,0x004E89C0,ILT of initReplaySinglePlayer
thunk,0x000081ED,0x004E8A70,ILT of initLANMultiPlayer
thunk,0x0004AD22,0x004E8B80,ILT of initInternetMultiPlayer
thunk,0x00007F6D,0x004E8D10,ILT of initReplayMultiPlayer
thunk,0x000274F8,0x004E8DC0,ILT of ScoreScreenInit (the lexicon entry points here)
bytes,0x00EA9AD8,206a0801f8744200,FunctionLexicon triple tail: name pointer 0x01086A20 (ScoreScreenInit) then callback pointer 0x004274F8 = ILT of 0x004E8DC0
bytes,0x00C86A20,53636f726553637265656e496e697400,lexicon name string for ScoreScreenInit
insn,0x004E926D,"mov eax, dword ptr [eax + 0x10c]",ScoreScreenInit dispatches on TheGameLogic+0x10c (game mode) instead of ZH isInReplayGame/isInInternetGame/...
insn,0x004E929A,call 0x407f6d,ScoreScreenInit mode 3 (REPLAY) multiplayer: initReplayMultiPlayer
insn,0x004E92C5,call 0x42bf44,ScoreScreenInit mode 3 (REPLAY) single: initReplaySinglePlayer
insn,0x004E92D1,call 0x44ad22,ScoreScreenInit mode 5 (INTERNET): initInternetMultiPlayer
insn,0x004E92DD,call 0x4081ed,ScoreScreenInit mode 1 (LAN): initLANMultiPlayer
insn,0x004E92E9,call 0x43dd89,ScoreScreenInit mode 2 (SKIRMISH): initSkirmish
insn,0x004E92F7,call 0x43e612,ScoreScreenInit default (single player): initSinglePlayer
insn,0x004E92A7,push 0x1101d34,ScoreScreenInit: TheTransitionHandler->setGroup(ScoreScreenShow)
bytes,0x00D01D34,53636f726553637265656e53686f7700,transition group set by ScoreScreenInit
insn,0x004E8DDD,push 0x1101f68,ScoreScreenInit: first nameToKey literal
bytes,0x00D01F68,53636f726553637265656e2e776e643a506172656e7453636f726553637265656e00,ScoreScreenInit parentID literal
insn,0x004E8DE6,"mov byte ptr [0x12f45d4], 1",ScoreScreenInit: g_playMusic = TRUE (first statement of the ZH twin)
insn,0x004E921E,call 0x443eeb,ScoreScreenInit: TheRecorder->getMode() == RECORD sets canSaveReplay
insn,0x004E9291,call 0x44a7a5,ScoreScreenInit: TheRecorder->isMultiplayer() splits the replay init
insn,0x004E88F7,"mov dword ptr [0x12f4134], 0",initSinglePlayer: screenType = SCORESCREEN_SINGLEPLAYER
insn,0x004E89C0,"mov dword ptr [0x12f4134], 4",initReplaySinglePlayer: screenType = SCORESCREEN_REPLAY
insn,0x004E8A71,"mov dword ptr [0x12f4134], 2",initLANMultiPlayer: screenType = SCORESCREEN_LAN
insn,0x004E8B86,"mov dword ptr [0x12f4134], 3",initInternetMultiPlayer: screenType = SCORESCREEN_INTERNET
insn,0x004E8D10,"mov dword ptr [0x12f4134], 4",initReplayMultiPlayer: screenType = SCORESCREEN_REPLAY
insn,0x004E8936,call 0x4077c5,initSinglePlayer calls grabSinglePlayerInfo
insn,0x004E89CA,call 0x4077c5,initReplaySinglePlayer calls grabSinglePlayerInfo
insn,0x004E8A7B,call 0x442640,initLANMultiPlayer calls grabMultiPlayerInfo
insn,0x004E8B90,call 0x442640,initInternetMultiPlayer calls grabMultiPlayerInfo
insn,0x004E8D1A,call 0x442640,initReplayMultiPlayer calls grabMultiPlayerInfo
insn,0x004E8C4C,call dword ptr [edx + 0x70],initInternetMultiPlayer: TheGameSpyInfo->getLocalProfileID()==0 hides buttonBuddies
global,0x012F71B4,0x004E8C64,initInternetMultiPlayer: TheGameSpyBuddyMessageQueue read
insn,0x004E8CAB,call dword ptr [edx + 0x18],initInternetMultiPlayer: TheGameSpyBuddyMessageQueue->addRequest(BUDDYREQUEST_SETSTATUS Online) (+0x18)
insn,0x004E3150,push -1,hideWindows body start (cdecl; pos read from [esp+0x1c] after the SEH frame)
insn,0x004E3177,jge 0x8e35e1,hideWindows: pos >= 8 returns
insn,0x004E3748,jge 0x8e3bf1,setObserverWindows: i >= 8 returns
insn,0x004E3D71,jg 0x8e43ce,populateSideInfo: pos > 8 returns (ZH pos > MAX_SLOTS)
insn,0x004E59E4,"mov esi, eax",updateMPBattleHonors receives stats in EAX (LTCG custom convention); honors pointer on the stack
insn,0x004E59EE,"cmp dword ptr [esi + 0x188], 3",updateMPBattleHonors: winsInARow >= 3 -> BATTLE_HONOR_STREAK (ZH threshold 5)
insn,0x00104FD6,push 0x334,createAptScreenScoreScreen allocates the 0x334-byte BfmeAptScreenScoreScreen
thunk,0x00017233,0x00578160,ILT of the BfmeAptScreenScoreScreen ctor
insn,0x00104FF9,call 0x417233,createAptScreenScoreScreen calls the ctor
insn,0x0057818E,"mov dword ptr [esi], 0x110aab8",ctor installs the primary vtable 0x0110AAB8
global,0x0110AAB8,0x0057818E,vtable 0x0110AAB8 carried by the ctor store
insn,0x0057819A,"mov dword ptr [ebp], 0x110aab4",ctor installs the +0x218 base vtable 0x0110AAB4 through ebp = esi+0x218
insn,0x00578252,"cmp dword ptr [0x12f4b50], ebx",ctor binds handlers only when TheScoreScreen (0x012F4B50) is still NULL
insn,0x00578265,"mov dword ptr [0x12f4b50], esi",ctor publishes this as TheScoreScreen 0x012F4B50
global,0x012F4B50,0x00578265,TheScoreScreen global written by the ctor
vslot,0x0110AAB8+0x00,0x00575880,BfmeAptScreenScoreScreen scalar deleting dtor
vslot,0x0110AAB8+0x14,0x00573BC0,BfmeAptScreenScoreScreen per-frame slot: deferred leave flag +0x261 and state +0x258==1
vslot,0x0110AAB4+0x00,0x005751C0,the +0x218 base vtable slot 0 is the adjustor thunk
insn,0x005751C0,"sub ecx, 0x218",adjustor{536} thunk before jumping to the deleting dtor
thunk,0x005751C6,0x00575880,adjustor tail jmp -> ILT 0x00024ED3 -> deleting dtor 0x00575880
thunk,0x00024ED3,0x00575880,ILT of the deleting dtor (vtable 0x0110AAB8 slot 0)
insn,0x00575883,call 0x406f28,deleting dtor calls the virtual dtor through ILT 0x00006F28
thunk,0x00006F28,0x00575050,ILT of ??1BfmeAptScreenScoreScreen
bytes,0x00D0AA90,41707453636f726553637265656e3a3a496e69744761646765747300,InitGadgets registration name (ctor 0x00578BEA / dtor 0x0057507F)
insn,0x0057507F,push 0x110aa90,dtor unregisters AptScoreScreen::InitGadgets
insn,0x0057509F,call 0x436485,dtor: InitGadgets unregister helper 0x004629A0 (same as the DisconnectScreen dtor)
thunk,0x00036485,0x004629A0,ILT of the InitGadgets unregister helper
insn,0x005750B5,"mov eax, dword ptr [esi + 0x25c]",dtor: +0x25c (screen type 0 = single player) gates the TheShell->hideShell(FALSE) call
insn,0x005750BF,"mov ecx, dword ptr [0x12f4b58]",dtor: TheShell read
global,0x012F4B58,0x005750BF,TheShell global (also pushed by 0x005774E0 and read 255x image-wide)
insn,0x005750CB,call 0x4428ed,dtor: TheShell->hideShell(FALSE) via ILT 0x000428ED (pinned ?hide@Shell)
thunk,0x000428ED,0x0057F5B0,ILT pinned ?hide@Shell@@QAEX_N@Z lands on 0x0057F5B0
insn,0x005750D6,"mov dword ptr [0x12f4b50], 0",dtor clears TheScoreScreen
insn,0x0057514E,call 0x445e8f,dtor destroys the vector<pair<Int AsciiString>> at +0x264
thunk,0x00045E8F,0x00574BC0,ILT of the +0x264 vector destructor
insn,0x0057515D,call 0x4204c3,dtor chains to the APT screen base dtor 0x00465430
insn,0x00578187,call 0x439b6c,ctor: APT screen base ctor 0x00465310
thunk,0x00039B6C,0x00465310,ILT of the APT screen base ctor
bytes,0x00D0AE3C,41707453636f726553637265656e3a3a4f6e496e697469616c697a656400,fscommand name bound by the ctor
insn,0x00578299,push 0x110ae3c,ctor pushes the AptScoreScreen::OnInitialized literal
insn,0x005782A2,"mov edi, 0x426152",ctor: handler code pointer for AptScoreScreen::OnInitialized
thunk,0x00026152,0x005701D0,AptScoreScreen::OnInitialized handler body
bytes,0x00D0AE20,41707453636f726553637265656e3a3a4578697400,fscommand name bound by the ctor
insn,0x005782F5,push 0x110ae20,ctor pushes the AptScoreScreen::Exit literal
insn,0x005782FE,"mov edi, 0x40a76d",ctor: handler code pointer for AptScoreScreen::Exit
thunk,0x0000A76D,0x005731C0,AptScoreScreen::Exit handler body
bytes,0x00D0AE04,41707453636f726553637265656e3a3a5361766500,fscommand name bound by the ctor
insn,0x00578351,push 0x110ae04,ctor pushes the AptScoreScreen::Save literal
insn,0x0057835A,"mov edi, 0x4328b2",ctor: handler code pointer for AptScoreScreen::Save
thunk,0x000328B2,0x00570200,AptScoreScreen::Save handler body
bytes,0x00D0ADE4,41707453636f726553637265656e3a3a436f6e74696e756500,fscommand name bound by the ctor
insn,0x005783AD,push 0x110ade4,ctor pushes the AptScoreScreen::Continue literal
insn,0x005783B6,"mov edi, 0x43936a",ctor: handler code pointer for AptScoreScreen::Continue
thunk,0x0003936A,0x005780E0,AptScoreScreen::Continue handler body
bytes,0x00D0ADC0,41707453636f726553637265656e3a3a5265737461727447616d6500,fscommand name bound by the ctor
insn,0x00578409,push 0x110adc0,ctor pushes the AptScoreScreen::RestartGame literal
insn,0x00578412,"mov edi, 0x435639",ctor: handler code pointer for AptScoreScreen::RestartGame
thunk,0x00035639,0x005731D0,AptScoreScreen::RestartGame handler body
bytes,0x00D0AD9C,41707453636f726553637265656e3a3a52656e616d6541636365707400,fscommand name bound by the ctor
insn,0x00578465,push 0x110ad9c,ctor pushes the AptScoreScreen::RenameAccept literal
insn,0x0057846E,"mov edi, 0x403c01",ctor: handler code pointer for AptScoreScreen::RenameAccept
thunk,0x00003C01,0x005710A0,AptScoreScreen::RenameAccept handler body
bytes,0x00D0AD78,41707453636f726553637265656e3a3a52656e616d6543616e63656c00,fscommand name bound by the ctor
insn,0x005784C1,push 0x110ad78,ctor pushes the AptScoreScreen::RenameCancel literal
insn,0x005784CA,"mov edi, 0x4077c0",ctor: handler code pointer for AptScoreScreen::RenameCancel
thunk,0x000077C0,0x00570220,AptScoreScreen::RenameCancel handler body
insn,0x005782D6,call 0x43e3c9,ctor wraps (this code delta) in the 0x18-byte functor via 0x00572CA0
thunk,0x0003E3C9,0x00572CA0,ILT of the functor-ref ctor 0x00572CA0 (7 calls from the ctor)
insn,0x005782E2,call 0x4338ed,ctor binds the fscommand through the +0x218 base 0x00464ED0
thunk,0x000338ED,0x00464ED0,ILT of the fscommand binder (same as the DisconnectScreen ctor)
insn,0x00572CD3,"mov dword ptr [eax], 0x110a958",functor-ref ctor installs vtable 0x0110A958
vslot,0x0110A958+0x04,0x00571770,functor vtable slot 1 = ?invoke@Rva00571770FunctorInvoke
insn,0x00571770,"mov eax, ecx",functor invoke: this = object + delta then jmp code (FunctorBindConstructors.cpp shape)
bytes,0x00EB7F9C,5c6d100120a9100110a91001fca81001eca81001dca81001cca81001b4a81001a4a810018ca8100178a81001,AS provider name table (11 entries NumOfPlayers ShowSaveReplay ShowCampaign ScoreGrandTotal heroVetCount unitsVetCount PlayerFaction numberOfObjectives ShowVictory objectivesPerScore NumberFormatter)
bytes,0x00D06D5C,4e756d4f66506c617965727300,provider table entry 0
insn,0x00578530,"mov eax, dword ptr [edi*4 + 0x12b7f9c]",ctor walks the 11-entry provider table
insn,0x0057851D,"mov eax, 0x43a1e3",ctor: provider handler code pointer for the table entries
thunk,0x0003A1E3,0x005731E0,provider handler body (switches on the table index)
insn,0x00578599,call 0x40acfe,ctor binds an AS provider through 0x00464FE0
thunk,0x0000ACFE,0x00464FE0,ILT of the AS provider binder (same as the DisconnectScreen ctor)
bytes,0x00D06E30,53636f726553637265656e3a506c61796572436f6c6f723a256400,per-slot provider name
insn,0x005785BA,"mov eax, 0x405fba",ctor: ScoreScreen:PlayerColor:%d handler code pointer
thunk,0x00005FBA,0x00571DF0,PlayerColor provider body (prints vector[+0x264][i].first)
bytes,0x00D0AD54,53636f726553637265656e3a506c6179657246616374696f6e3a256400,per-slot provider name
insn,0x005785C3,"mov eax, 0x42f806",ctor: ScoreScreen:PlayerFaction:%d handler code pointer
thunk,0x0002F806,0x00571E50,PlayerFaction provider body (copies vector[+0x264][i].second.str())
bytes,0x00D0AD44,536570617261746f72256400,per-slot provider name (i >= 1)
insn,0x005786F3,"mov eax, 0x41ac49",ctor: Separator%d handler code pointer
thunk,0x0001AC49,0x00570260,Separator provider body (reads the team-break byte +0x270[i])
bytes,0x00D0AD30,53636f7265426174746c655374617400,provider name idx 0 of the Score* group
insn,0x00578768,"mov edi, 0x423c77",ctor: Score* provider code pointer (5 names share it)
thunk,0x00023C77,0x005702B0,Score* provider body
bytes,0x00D0ACB8,626174746c65537461742563256400,7x3 provider names
thunk,0x000289B6,0x00570300,battleStat provider body
bytes,0x00D0ACA0,6f626a656374697665436865636b6564256400,8 provider names
thunk,0x0003EC6B,0x005703A0,objectiveChecked provider body
bytes,0x00D0AC8C,6865726f56657455706772616465256400,12 provider names
thunk,0x00007C25,0x005729C0,heroVetUpgrade provider body
insn,0x00578BF3,"mov edi, 0x4016e0",ctor: AptScoreScreen::InitGadgets handler code pointer
thunk,0x000016E0,0x00571EC0,InitGadgets handler body (PersistentUnitsListBox / RenameUnitsTextEntry)
bytes,0x00D0A998,50657273697374656e74556e6974734c697374426f7800,gadget name matched by the InitGadgets handler
bytes,0x00D0A97C,52656e616d65556e69747354657874456e74727900,gadget name matched by the InitGadgets handler
insn,0x00578C4C,call 0x43df14,ctor registers InitGadgets through 0x004628E0
thunk,0x0003DF14,0x004628E0,ILT of the InitGadgets registrar
insn,0x005701DC,call dword ptr [eax + 0xb0],OnInitialized: TheWindowManager slot +0xb0 with this
insn,0x005701E2,"mov dword ptr [esi + 0x258], 1",OnInitialized: state +0x258 = 1
insn,0x005731C0,call 0x411464,Exit handler: the common leave routine 0x00573000 through ILT 0x00011464
insn,0x005731D0,call 0x411464,RestartGame handler: the same leave routine through ILT 0x00011464
thunk,0x00011464,0x00573000,ILT of the leave routine 0x00573000
insn,0x00570206,call 0x4079b4,Save handler: 0x0056BFA0(3 4 0) which pushes SaveLoad.apt
thunk,0x000079B4,0x0056BFA0,ILT of the SaveLoad screen opener
bytes,0x00C87A34,536176654c6f61642e61707400,pushed by 0x0056BFA0
insn,0x005780E3,"cmp dword ptr [esi + 0x258], 2",Continue: state 2 = sub-page shown
insn,0x00578109,call 0x43e56d,Continue: TheCampaignManager(0x012F1028)->0x003BCB00 (current mission has a follow-up)
thunk,0x0003E56D,0x003BCB00,ILT of the CampaignManager predicate Continue and the leave routine test
insn,0x00578118,call 0x42cddb,Continue (no follow-up): TheGameLogic->0x00383950 then the leave routine
insn,0x0057811D,call 0x411464,Continue (no follow-up): leave routine via ILT 0x00011464
insn,0x0057812E,push 0x1d,Continue (follow-up): 0x012ED5EC slot +0x34 with 0x1d then 0x0050DCB0
insn,0x00578133,call 0x410762,Continue (follow-up): 0x0050DCB0 pushes CampaignReview.apt
thunk,0x00010762,0x0050DCB0,ILT of the CampaignReview.apt pusher
bytes,0x00C879AC,43616d706169676e5265766965772e61707400,pushed by 0x0050DCB0 unless 0x012F495C is set
insn,0x0057300E,"mov eax, dword ptr [0x12f4b50]",leave routine 0x00573000 works on TheScoreScreen
bytes,0x00D060B0,5368656c6c324d7573696300,leave routine multiplayer branch music
thunk,0x000323CB,0x005774E0,ILT of the APT score screen opener
insn,0x00396BC3,call 0x4323cb,GameLogic::clearGameData opens the APT score screen (ZH TheShell->push(ScoreScreen.wnd) position)
insn,0x00396BBE,call 0x442366,clearGameData: TheShell->showShell(FALSE) right before the APT score screen
thunk,0x00042366,0x00580150,ILT of Shell::showShell
insn,0x005774EE,"mov eax, dword ptr [0x12f4b50]",opener: an existing TheScoreScreen returns TRUE at once
insn,0x00577510,call 0x443eeb,opener: TheRecorder->getMode()==PLAYBACK -> type 4
insn,0x00577527,"mov eax, dword ptr [ecx + 0x10c]",opener: TheGameLogic+0x10c game mode -> type 3/2/1 (INTERNET/LAN/SKIRMISH)
insn,0x00577551,call 0x41be28,opener: isInSinglePlayerGame or mode 6 -> type 0 else FALSE
insn,0x0057757F,push 0x110ac78,opener: AudioEventRTS ScoreScreenMusic
bytes,0x00D0AC78,53636f726553637265656e4d7573696300,music event started by the opener
insn,0x005775D1,call dword ptr [edx + 0x44],opener: TheAudio->addAudioEvent (+0x44)
insn,0x005775DD,push 0x10879c4,opener pushes ScoreScreen.apt
bytes,0x00C879C4,53636f726553637265656e2e61707400,APT layout pushed by the opener
insn,0x005775E7,"mov ecx, dword ptr [0x12f4b58]",opener: TheShell
insn,0x005775ED,call 0x4339a6,opener: TheShell->push(ScoreScreen.apt FALSE)
thunk,0x000339A6,0x00580080,ILT of Shell::push
insn,0x005775F4,"mov ecx, dword ptr [0x12f4b50]",opener: populate calls run on TheScoreScreen created by the push
insn,0x005775FC,call 0x43d08c,opener type 0: _bfme_populateSinglePlayer
thunk,0x0003D08C,0x00575B70,ILT of _bfme_populateSinglePlayer
insn,0x00577604,call 0x41b626,opener type 1..4: _bfme_populateMultiPlayer(type)
thunk,0x0001B626,0x005770E0,ILT of _bfme_populateMultiPlayer
insn,0x00575B8F,"mov dword ptr [esi + 0x25c], ebx",_bfme_populateSinglePlayer stores type 0 at +0x25c
insn,0x00577106,"mov dword ptr [ecx + 0x25c], eax",_bfme_populateMultiPlayer stores the type at +0x25c
insn,0x00577130,"mov ecx, dword ptr [0x12f708c]",_bfme_populateMultiPlayer: TheGameInfo->getSlot(i)
insn,0x00577137,call 0x41ec18,_bfme_populateMultiPlayer: GameInfo::getSlot
insn,0x0057717F,call 0x42f586,_bfme_populateMultiPlayer: ThePlayerList->findPlayerWithNameKey(slot name key)
insn,0x0057718C,call 0x420d01,_bfme_populateMultiPlayer: observers are skipped (Player::isPlayerObserver)
insn,0x005771E8,call 0x40d67a,_bfme_populateMultiPlayer: ScoreKeeper::calculateScore per entry
insn,0x0057720A,call 0x43e77a,_bfme_populateMultiPlayer: mutual ALLIES test sums team scores
thunk,0x0003E77A,0x000D19C0,ILT of Player::getRelationship
insn,0x00577315,"mov byte ptr [eax + ebp], 1",_bfme_populateMultiPlayer: team-break byte +0x270[i] for the Separator provider
insn,0x00577325,call 0x41355c,_bfme_populateMultiPlayer: per-row adder 0x00576C20(player slot i)
thunk,0x0001355C,0x00576C20,ILT of the per-row adder
insn,0x005771AE,call 0x441b69,_bfme_populateMultiPlayer: push_back of the 16-byte {slot player score teamScore} entry
insn,0x0057624C,push 0x110a9dc,_bfme_populateSinglePlayer: wide x-space prefix of the hero and unit points increments
bytes,0x00D0ABC8,4150543a53636f72654d61704e616d6500,_bfme_populateSinglePlayer text key
bytes,0x00D0AC64,4150543a6f626a656374697665256400,_bfme_populateSinglePlayer objective text keys
insn,0x0057F5B3,"mov eax, dword ptr [esi + 0x48]",0x0057F5B0: m_screenCount (+0x48; stack of 16 at +0x8)
insn,0x0057F5D8,call dword ptr [edx + 0xc],0x0057F5B0: top()->slot +0xc(&TRUE) = ZH hideShell runShutdown(&immediatePop)
insn,0x0057F5DB,"mov ecx, dword ptr [0x12f3344]",0x0057F5B0: TheIMEManager->detatch (+0x28) as in ZH hideShell
insn,0x0057F5EA,"mov byte ptr [esi + 0x58], 0",0x0057F5B0: m_isShellActive = FALSE as in ZH hideShell
insn,0x0057F618,call dword ptr [edx + 0x4c],0x0057F5B0: TheAudio->removeAudioEvent(+0x64 shell music handle) BFME addition
insn,0x0039726A,call 0x4428ed,GameLogic::prepareNewGame calls 0x0057F5B0 at the ZH TheShell->hideShell() position
thunk,0x0004AD18,0x004F3B10,ILT of SendStatsToOtherPlayers
bytes,0x00D02D28,53544154532f00,SendStatsToOtherPlayers req.id
bytes,0x00D02D20,256420257300,SendStatsToOtherPlayers profileID + KV pairs format
insn,0x004F3B42,push 0x1102d28,SendStatsToOtherPlayers: req.id = STATS/
insn,0x004F3B88,call dword ptr [edx + 0x70],SendStatsToOtherPlayers: TheGameSpyInfo->getLocalProfileID
insn,0x004F3B9A,call dword ptr [esi + 0x24],SendStatsToOtherPlayers: findPlayerStatsByID
insn,0x004F3C3D,call 0x423f8d,SendStatsToOtherPlayers: GetAdditionalDisconnectsFromUserFile(&subStats) 0x004DB560
thunk,0x00023F8D,0x004DB560,ILT of GetAdditionalDisconnectsFromUserFile (ledger ?d_004db560)
insn,0x004F3C66,call 0x417f80,SendStatsToOtherPlayers: formatPlayerKVPairs(subStats)
insn,0x004F3C9E,push 0x1102d20,SendStatsToOtherPlayers: format(%d %s ...)
insn,0x004F3D25,call dword ptr [edx + 0x14],SendStatsToOtherPlayers: game->getLocalSlotNum
insn,0x004F3DCC,call dword ptr [edx + 0x18],SendStatsToOtherPlayers: TheGameSpyPeerMessageQueue->addRequest per human slot (+0x18)
global,0x012F71C8,0x004F3DBC,TheGameSpyPeerMessageQueue read by SendStatsToOtherPlayers
insn,0x004F4F10,call 0x44ad18,SendStatsToOtherPlayers call site
insn,0x004F7081,call 0x44ad18,SendStatsToOtherPlayers call site
insn,0x00507729,call 0x44ad18,SendStatsToOtherPlayers call site
insn,0x0053DAD0,call 0x44ad18,SendStatsToOtherPlayers call site
insn,0x00541FDE,call 0x44ad18,SendStatsToOtherPlayers call site
insn,0x00559CB0,call 0x44ad18,SendStatsToOtherPlayers call site
thunk,0x0003CAD3,0x00508660,ILT of PopulateQMLadderListBox
insn,0x00508675,"mov eax, dword ptr [ecx + 0x244]",PopulateQMLadderListBox: this+0x244 (comboBoxLadder) guard; this = the QuickMatch menu object
insn,0x00508693,"mov byte ptr [0x12f4814], 1",PopulateQMLadderListBox: isPopulatingLadderBox = true
insn,0x00508ABF,"mov byte ptr [0x12f4814], 0",PopulateQMLadderListBox: isPopulatingLadderBox = false
insn,0x0050869A,call 0x42e802,PopulateQMLadderListBox: QuickMatchPreferences pref
insn,0x0050872C,push 0x10ffec0,PopulateQMLadderListBox: GUI:NoLadder
bytes,0x00CFFEC0,4755493a4e6f4c616464657200,first listbox entry
insn,0x00508782,call 0x4048f4,PopulateQMLadderListBox: TheLadderList->findLadder(lastLadderAddr lastLadderPort)
thunk,0x000048F4,0x0062A560,ILT of LadderList::findLadder
insn,0x005087F5,call 0x416c98,PopulateQMLadderListBox: LadderPreferences::loadProfile (Ladders%d.ini)
thunk,0x00016C98,0x000AE0A0,ILT of LadderPreferences::loadProfile 0x000AE0A0
insn,0x001051D6,push 0x2b0,createAptScreenQuickMatchMenu allocates the 0x2b0-byte BfmeAptScreenQuickMatchMenu
insn,0x0050585A,"mov dword ptr [esi], 0x110401c",BfmeAptScreenQuickMatchMenu ctor installs vtable 0x0110401C
vslot,0x0110401C+0x08,0x0050A470,WOLQuickMatchMenuSystem is a virtual of the QuickMatchMenu APT object (this = ecx)
vslot,0x0110401C+0x04,0x005054B0,WOLQuickMatchMenuInput is the previous virtual
thunk,0x0002AAB8,0x00509B30,ILT of the .wnd start-quick-match sender
insn,0x0050A588,call 0x42aab8,WOLQuickMatchMenuSystem GBM_SELECTED buttonStart arm calls the sender with this
insn,0x00509FDF,call dword ptr [edx + 0x114],.wnd QM sender: TheGameSpyInfo->getPingString (+0x114)
insn,0x00509FF5,push 0x11,.wnd QM sender: strncpy(req.QM.pings ... 17)
insn,0x0050A0CB,call dword ptr [eax + 0x18],.wnd QM sender: TheGameSpyPeerMessageQueue->addRequest (+0x18)
insn,0x0050A12F,call 0x439efa,.wnd QM sender: LadderPreferences ladPref after the request
thunk,0x00006D8E,0x0055B200,ILT of the OnlineQuickMatch APT sender
insn,0x0055B9D6,call 0x406d8e,OnlineQuickMatch update slot calls the sender when +0x55 is set
vslot,0x01108BCC+0x08,0x0055B9A0,BfmeAptScreenOnlineQuickMatch update slot
bytes,0x00D08BA4,4170744f6e6c696e65517569636b4d617463683a3a496e69744761646765747300,InitGadgets name just before vtable 0x01108BCC
insn,0x0055B528,"mov dword ptr [esp + 0x174], 0x2710",OnlineQuickMatch sender: req.QM.maxPoints-style field = 10000
insn,0x0055B535,call dword ptr [edx + 0x114],OnlineQuickMatch sender: TheGameSpyInfo->getPingString
insn,0x0055B54B,push 0x11,OnlineQuickMatch sender: strncpy(req.QM.pings ... 17)
insn,0x0055B6AC,call dword ptr [eax + 0x18],OnlineQuickMatch sender: TheGameSpyPeerMessageQueue->addRequest
insn,0x0055B6D9,call 0x416c98,OnlineQuickMatch sender: LadderPreferences::loadProfile
thunk,0x0003CC54,0x0055CD80,ILT of the cache-local-stats helper
insn,0x00547761,call 0x43cc54,caller 1 (ecx = [this+0x34])
insn,0x00554AC2,call 0x43cc54,caller 2 (ecx = [this+0x34]; inside the OnlineProfile ctor path)
insn,0x0055CDC5,call dword ptr [edx + 0x24],cache helper: findPlayerStatsByID
insn,0x0055CDF4,call 0x419ede,cache helper: stats.locale = GameSpyMiscPreferences::getLocale
thunk,0x00019EDE,0x000A99A0,ILT of GameSpyMiscPreferences::getLocale
insn,0x0055CE24,call dword ptr [eax + 0x20],cache helper: trackPlayerStats (+0x20)
insn,0x0055CEAC,call 0x4427f3,cache helper: setCachedStats(formatPlayerKVPairs)
insn,0x0055CEEF,call dword ptr [eax + 0x8c],cache helper: TheGameSpyInfo->setCachedLocalPlayerStats (+0x8c)
thunk,0x0000DC6A,0x00550AD0,ILT of _bfme_checkLogin
insn,0x0055215A,call 0x40dc6a,login update: checkLogin after a ping response
insn,0x0055284D,call 0x40dc6a,login update: second checkLogin call
global,0x012F76F4,0x00550AFE,ThePinger read by checkLogin
insn,0x00550B10,call dword ptr [eax + 0x20],checkLogin: !ThePinger->arePingsInProgress (+0x20)
insn,0x00550B94,call dword ptr [ebx + 0x2c],checkLogin: ThePinger->getPingString(timeout) (+0x2c)
insn,0x00550BAC,call dword ptr [edx + 0x110],checkLogin: TheGameSpyInfo->setPingString (+0x110)
insn,0x00550BCA,push 0x12,checkLogin: SignalUIInteraction(0x12)
insn,0x00550BCC,call 0x4348dd,checkLogin: SignalUIInteraction 0x00352550
insn,0x00550C73,call dword ptr [edx + 0x8c],checkLogin: setCachedLocalPlayerStats(parsePlayerKVPairs(getCachedStats))
bytes,0x00C7FA94,486173476f744f6e6c696e6500,checkLogin user-pref key (BFME addition)
bytes,0x00C76F7C,6c6173744e616d6500,checkLogin login-pref key
bytes,0x00C76F9C,6c617374456d61696c00,checkLogin login-pref key
bytes,0x00C76F58,75736550726f66696c657300,checkLogin login-pref key
vslot,0x01107F58+0x14,0x00552100,BfmeAptScreenOnlineLogin update slot
insn,0x005538F9,"mov dword ptr [esi], 0x1107f58",BfmeAptScreenOnlineLogin ctor installs vtable 0x01107F58
insn,0x0055BA3F,push 0xb0,the login object is 0xb0 bytes (allocated by 0x0055BA20 guarded by 0x012F4AAC)
insn,0x0054CB7F,"mov dword ptr [esi], 0x1107f58",BfmeAptScreenOnlineLogin dtor resets the vtable
insn,0x0054CB95,push 0x1107f34,dtor unregisters AptOnlineLogin::InitGadgets
bytes,0x00D07F34,4170744f6e6c696e654c6f67696e3a3a496e69744761646765747300,InitGadgets name of the login class
insn,0x00552151,call dword ptr [eax + 0x1c],login update: ThePinger->getResponse (+0x1c)
global,0x012F76F4,0x00552139,ThePinger read by the login update
insn,0x00552261,call dword ptr [edx + 0x24],login update: TheGameSpyPeerMessageQueue->getResponse (+0x24)
insn,0x0055244C,call 0x43aae9,login update PEERRESPONSE_DISCONNECT arm: TearDownGameSpy
thunk,0x0003AAE9,0x00633390,ILT of TearDownGameSpy
insn,0x00552475,call 0x4404b7,login update PEERRESPONSE_DISCONNECT arm: SetUpGameSpy
thunk,0x000404B7,0x006377D0,ILT of SetUpGameSpy
bytes,0x00D02D8C,4755493a4753446973636f6e526561736f6e256400,login update disconnect message key
insn,0x0055216D,call 0x414e25,login update: HandleBuddyResponses
global,0x012F079C,0x006391B6,TheVictoryConditions read #1 in generateLadderGameResultsPacket 0x00639190
insn,0x006391BF,call dword ptr [eax + 0x44],TheVictoryConditions->getEndFrame (vslot +0x44) in 0x00639190
global,0x012F079C,0x00639253,TheVictoryConditions read #2 in 0x00639190 (inside the 8-slot loop)
insn,0x0063925C,call dword ptr [edx + 0x24],TheVictoryConditions->hasAchievedVictory(player) (vslot +0x24) in 0x00639190
insn,0x006392DA,call 0x42f28e,getMap ILT in 0x00639190 (map=%s)
thunk,0x0002F28E,0x00098E70,ILT -> GameInfo::getMap body
global,0x012F0898,0x00639339,TheGameLogic read in 0x00639190: byte +0x6c = sawDesync
insn,0x00639395,"movzx ecx, word ptr [esi + 0x450]",m_ladderPort read for ladderPort=%d in 0x00639190
insn,0x006393AC,call 0x424d43,getLadderIP ILT call in 0x00639190
global,0x012F76F0,0x0063947A,TheGameSpyPSMessageQueue read in 0x00639190
insn,0x00639490,call dword ptr [edx + 0x24],TheGameSpyPSMessageQueue->findPlayerStatsByID (vslot +0x24) in 0x00639190
insn,0x0063949D,call 0x4403f9,ScoreKeeper::getTotalUnitsDestroyed ILT (unitsKilled%d) in 0x00639190
thunk,0x000403F9,0x000E8AB0,ILT -> ScoreKeeper::getTotalUnitsDestroyed
insn,0x006394BA,call 0x41033e,ScoreKeeper::getTotalBuildingsDestroyed ILT (buildingsKilled%d) in 0x00639190
thunk,0x0001033E,0x000E8A70,ILT -> ScoreKeeper::getTotalBuildingsDestroyed
string,0x01118CF0,"seed=%d,slotNum=%d,sawDesync=%d,sawGameEnd=%d,winningTeam=%d,disconEnd=%d,duration=%d,numPlayers=%d,isQM=%d,map=%s",ladder results packet format literal (BFME: no fps/capturedTech fields)
global,0x01118CF0,0x00639355,push of the literal in generateLadderGameResultsPacket 0x00639190
string,0x01118CCC,",ladderIP=%s,ladderPort=%d",ladder results packet format literal (BFME: no fps/capturedTech fields)
global,0x01118CCC,0x006393D1,push of the literal in generateLadderGameResultsPacket 0x00639190
string,0x01118C9C,",player%d=%s,playerID%d=%d,locale%d=%d",ladder results packet format literal (BFME: no fps/capturedTech fields)
global,0x01118C9C,0x00639534,push of the literal in generateLadderGameResultsPacket 0x00639190
string,0x01118C60,",unitsKilled%d=%d,unitsLost%d=%d,unitsBuilt%d=%d",ladder results packet format literal (BFME: no fps/capturedTech fields)
global,0x01118C60,0x00639583,push of the literal in generateLadderGameResultsPacket 0x00639190
string,0x01118C14,",buildingsKilled%d=%d,buildingsLost%d=%d,buildingsBuilt%d=%d",ladder results packet format literal (BFME: no fps/capturedTech fields)
global,0x01118C14,0x006395D6,push of the literal in generateLadderGameResultsPacket 0x00639190
string,0x01118BEC,",cash%d=%d,discon%d=%d,side%d=%s",ladder results packet format literal (BFME: no fps/capturedTech fields)
global,0x01118BEC,0x00639643,push of the literal in generateLadderGameResultsPacket 0x00639190
string,0x01118BE4,",size=",ladder results packet format literal (BFME: no fps/capturedTech fields)
global,0x01118BE4,0x006396E1,push of the literal in generateLadderGameResultsPacket 0x00639190
string,0x01118BD8,%10.10d,ladder results packet format literal (BFME: no fps/capturedTech fields)
global,0x01118BD8,0x00639712,push of the literal in generateLadderGameResultsPacket 0x00639190
global,0x012F71C4,0x00641F1A,TheGameResultsQueue read in GameResultsThreadClass::Thread_Function 0x00641E70
insn,0x00641F2E,call dword ptr [eax + 0x34],TheGameResultsQueue->getRequest (vslot +0x34) in 0x00641E70
insn,0x00641F6B,call 0x431abb,sendGameResults ILT call in 0x00641E70 (the only call)
thunk,0x00031ABB,0x00640830,ILT -> GameResultsThreadClass::sendGameResults
thunk,0x00049030,0x00641E70,ILT -> Thread_Function body
vslot,0x01119380+0x24,0x006406D0,GameResultsQueue::startThreads (vtable installed by the ctor 0x00642300)
vslot,0x01119380+0x28,0x006407D0,GameResultsQueue::endThreads (vtable installed by the ctor 0x00642300)
vslot,0x01119380+0x2C,0x0063FD10,GameResultsQueue::areThreadsRunning (vtable installed by the ctor 0x00642300)
vslot,0x01119380+0x30,0x006427F0,GameResultsQueue::addRequest (vtable installed by the ctor 0x00642300)
vslot,0x01119380+0x34,0x00642440,GameResultsQueue::getRequest (vtable installed by the ctor 0x00642300)
vslot,0x01119380+0x38,0x006428B0,GameResultsQueue::addResponse (vtable installed by the ctor 0x00642300)
vslot,0x01119380+0x3C,0x00642510,GameResultsQueue::getResponse (vtable installed by the ctor 0x00642300)
vslot,0x01119380+0x40,0x0063FD50,GameResultsQueue::areGameResultsBeingSent (vtable installed by the ctor 0x00642300)
insn,0x0064232D,"mov dword ptr [esi], 0x1119380",GameResultsQueue ctor installs vtable 0x01119380
thunk,0x0002A572,0x00642300,ILT -> GameResultsQueue ctor (called by createNewGameResultsInterface 0x00642714)
thunk,0x0004516A,0x006426E0,ILT -> createNewGameResultsInterface (called by GameEngine::init 0x0007A335)
string,0x0111949C,hostname,Peer SDK literal used by piAddListingGamesCallback (ledgered as generateGameSpyGameResultsPacket)
global,0x0111949C,0x0085E44B,push in 0x0085E420
string,0x01130F80,(No Name),Peer SDK literal used by piAddListingGamesCallback (ledgered as generateGameSpyGameResultsPacket)
global,0x01130F80,0x0085E446,push in 0x0085E420
string,0x01119674,gamemode,Peer SDK literal used by piAddListingGamesCallback (ledgered as generateGameSpyGameResultsPacket)
global,0x01119674,0x0085E45B,push in 0x0085E420
string,0x01119508,openstaging,Peer SDK literal used by piAddListingGamesCallback (ledgered as generateGameSpyGameResultsPacket)
global,0x01119508,0x0085E468,push in 0x0085E420
insn,0x0085E484,"mov eax, dword ptr [ebx + 0x178c]",connection->initialGameList test in 0x0085E420 (peerCallbacks.c:412)
insn,0x0085E495,call 0xc67520,SBServerListCount(&connection->gameList) in 0x0085E420
insn,0x0009C1E0,"mov dword ptr [ecx], 0x1080460",~SkirmishBattleHonors stores the vtable
vslot,0x01080460+0x0C,0x0009EA10,SkirmishBattleHonors vtable slot write -> 0x0009EA10
vslot,0x01080460+0x08,0x000A9230,UserPreferences load(AsciiString) virtual shared by the prefs classes
vslot,0x010806B0+0x0C,0x0009FEB0,SkirmishPreferences vtable slot write -> 0x0009FEB0 (sighting: the ledger names 0x004559A0 write@SkirmishPreferences)
vslot,0x01081048+0x0C,0x000A9F60,GameSpyMiscPreferences inherits UserPreferences::write
string,0x0108066C,SkirmishStats.ini,file loaded by the SkirmishBattleHonors ctor 0x0009E130
global,0x01080488,0x0009C23A,"setTimePlayed pushes ""TimePlayed"""
string,0x01080488,TimePlayed,SkirmishBattleHonors key
string,0x01080514,WorstLossStreak,key written by setWorstLossStreak 0x0009CD30
string,0x01080528,WorstLostStreak,key READ by getWorstLossStreak 0x0009CDD0 (retail typo: never matches the written key)
global,0x01080514,0x0009CD4A,setWorstLossStreak push
global,0x01080528,0x0009CDEB,getWorstLossStreak push
insn,0x0009C276,call 0x4445c1,setTimePlayed -> setReal ILT
thunk,0x000445C1,0x000A9650,ILT -> UserPreferences::setReal
insn,0x0009C314,call 0x40b320,getTimePlayed -> getReal ILT
thunk,0x0000B320,0x000A93B0,ILT -> UserPreferences::getReal
thunk,0x00009B3D,0x000A96F0,pinned setInt ILT -> body
thunk,0x000443B9,0x000A9490,pinned getInt ILT -> body
insn,0x000C9700,"mov al, byte ptr [ecx + 0x29c]",Player::getListInScoreScreen byte at +0x29c
insn,0x000C9D10,"mov al, byte ptr [ecx + 0x296]",Player::isPlayerActive first test (m_observer)
insn,0x000E0B80,"add ecx, 0xe0",PlayerTemplate::getSideIconImage member +0xe0
global,0x012F6924,0x000E0B87,TheMappedImageCollection read in getSideIconImage
string,0x0111941C,b_locale,broadcast stat key read by getPlayerInfo 0x0064AA70 through lookupStatForPlayer
global,0x0111941C,0x0064AAB9,push in getPlayerInfo 0x0064AA70
string,0x01119414,b_wins,broadcast stat key read by getPlayerInfo 0x0064AA70 through lookupStatForPlayer
global,0x01119414,0x0064AB28,push in getPlayerInfo 0x0064AA70
string,0x01119408,b_losses,broadcast stat key read by getPlayerInfo 0x0064AA70 through lookupStatForPlayer
global,0x01119408,0x0064AB3A,push in getPlayerInfo 0x0064AA70
string,0x011193FC,b_points,broadcast stat key read by getPlayerInfo 0x0064AA70 through lookupStatForPlayer
global,0x011193FC,0x0064AB4E,push in getPlayerInfo 0x0064AA70
string,0x011193F4,b_side,broadcast stat key read by getPlayerInfo 0x0064AA70 through lookupStatForPlayer
global,0x011193F4,0x0064AB62,push in getPlayerInfo 0x0064AA70
string,0x011193EC,b_pre,broadcast stat key read by getPlayerInfo 0x0064AA70 through lookupStatForPlayer
global,0x011193EC,0x0064AB76,push in getPlayerInfo 0x0064AA70
string,0x011193E0,b_rank1v1,broadcast stat key read by getPlayerInfo 0x0064AA70 through lookupStatForPlayer
global,0x011193E0,0x0064AB8A,push in getPlayerInfo 0x0064AA70
string,0x011193D4,b_rank2v2,broadcast stat key read by getPlayerInfo 0x0064AA70 through lookupStatForPlayer
global,0x011193D4,0x0064ABA4,push in getPlayerInfo 0x0064AA70
string,0x01119568,b_lastLadder,broadcast stat key read by getPlayerInfo 0x0064AA70 through lookupStatForPlayer
global,0x01119568,0x0064ABB8,push in getPlayerInfo 0x0064AA70
insn,0x0064AAB1,call 0xc57ad0,peerGetPlayerInfoNoWait in getPlayerInfo
insn,0x0064ABD6,call 0xc57bf0,peerGetPlayerFlags in getPlayerInfo
insn,0x0064AAC2,call 0x43733a,lookupStatForPlayer ILT in getPlayerInfo
thunk,0x0003733A,0x00647DD0,ILT -> PeerThreadClass::lookupStatForPlayer
insn,0x0064FC70,"mov dword ptr [ebp - 0x2c0], 0xa4af80",PeerCallbacks.playerLeft (+0x28) = 0x0064AF80 in the PeerThreadClass thread body 0x0064FB90
insn,0x0064FC7A,"mov dword ptr [ebp - 0x2b4], 0xa4b240",PeerCallbacks.playerChangedNick (+0x34) = 0x0064B240
insn,0x0064FCDE,"mov dword ptr [ebp - 0x28c], 0xa42cf0",PeerCallbacks.qrKeyList (+0x5c) = ledger-named QRKeyListCallback 0x00642CF0 (anchors the table order)
insn,0x0064FCC0,"mov dword ptr [ebp - 0x298], 0xa4da00",PeerCallbacks.qrServerKey (+0x50) = 0x0064DA00
insn,0x0064B069,call 0xa4aa70,playerLeftCallback -> getPlayerInfo
insn,0x0064B33D,call 0xa4aa70,playerChangedNickCallback -> getPlayerInfo
insn,0x0064EBD6,call 0xa4aa70,getRoomKeysCallback -> getPlayerInfo
insn,0x0064EB2A,call 0x443568,getRoomKeysCallback -> trackStatsForPlayer ILT
thunk,0x00043568,0x0064E7B0,ILT -> PeerThreadClass::trackStatsForPlayer body
global,0x012F71C8,0x0064EBDB,TheGameSpyPeerMessageQueue read in getRoomKeysCallback
insn,0x0064EBEB,call dword ptr [edx + 0x20],addResponse (vslot +0x20) in getRoomKeysCallback
string,0x01119620,ladIP,BFME qr2 key name (ZH ladderIP)
string,0x011195F8,ladPort,BFME qr2 key name (ZH ladderPort)
global,0x01119620,0x0064FD71,qr2_register_key ladIP in the thread body 0x0064FB90
insn,0x0064FD76,push 0x38,ladIP key id 0x38
global,0x011195F8,0x0064FD7D,qr2_register_key ladPort
insn,0x0064FD82,push 0x39,ladPort key id 0x39
insn,0x0064FD84,call 0xc5c0a0,_qr2_register_keyA
insn,0x0064DDD8,"movzx eax, word ptr [esi + 0x158]",QRServerKeyCallback 0x0064DA00 ladPort arm emits PeerThreadClass+0x158 (m_ladderPort)
insn,0x0064DDE8,call 0xc568d0,_qr2_buffer_add_int for ladPort
insn,0x0064DD92,call 0xc55360,QRServerKeyCallback ladIP arm _qr2_buffer_addA of the ladder IP string getter 0x006477B0 result
global,0x01119620,0x0064B996,listing callback (unbounded body 0x0064B6B0) reads ladIP
insn,0x0064B9A0,call 0xc59ba0,_SBServerGetStringValueA ladIP
global,0x011195F8,0x0064B9BB,listing callback reads ladPort
insn,0x0064B9C5,call 0xc5a540,_SBServerGetIntValueA ladPort
insn,0x004FCBA9,"mov word ptr [edx + 0x450], ax",WOLLobbyMenuSystem join: room ladder port -> TheGameSpyGame
global,0x012F7198,0x004FCBA3,TheGameSpyGame read before the copy
insn,0x004FCB8C,call 0x424d43,WOLLobbyMenuSystem getLadderIP(room) before setLadderIP
insn,0x004FCB97,call 0x43fb2f,setLadderIP ILT on TheGameSpyGame
thunk,0x0003FB2F,0x004D4810,ILT -> GameSpyStagingRoom::setLadderIP
insn,0x0053EB3D,"mov word ptr [eax + 0x450], si",lobby join handler 0x0053E870 (GUI:JoinFailedUnknownLadder) copies room port -> TheGameSpyGame
insn,0x0053E1BA,"mov word ptr [ecx + 0x450], ax",join path 0x0053DFC0 copies room port -> TheGameSpyGame
insn,0x0053E655,"mov word ptr [ecx + 0x450], ax",host popup 0x0053E390: PeerRequest ladPort (+0x11a) -> TheGameSpyGame (ZH PopupHostGame.cpp:618)
insn,0x0053E3B5,call 0x4171fc,host popup constructs the PeerRequest
thunk,0x000171FC,0x004D51B0,ILT -> ??0PeerRequest
insn,0x00507300,"mov byte ptr [eax + 0x43c], 1",quickmatch QM:MATCHED: TheGameSpyGame->m_isQM = 1
insn,0x00507307,"mov dword ptr [eax + 0x440], ecx",quickmatch ladder type 1v1/2v2 -> +0x440
string,0x010FFEB4,localhost,quickmatch ladder IP fallback when no LadderInfo matches
global,0x010FFEB4,0x00507325,push localhost in the QM match handler
insn,0x0050733F,"mov word ptr [eax + 0x450], bp",quickmatch fallback port -> TheGameSpyGame
insn,0x00507365,"mov word ptr [eax + 0x450], si",quickmatch LadderInfo+0x2c port -> TheGameSpyGame
insn,0x004D3E45,"mov word ptr [ecx + 0x450], ax",out-of-line setLadderPort body
insn,0x004D4829,"add ecx, 0x444",setLadderIP body addresses m_ladderIP
insn,0x006385F4,"mov dword ptr [esi + 0x444], ebx",GameSpyStagingRoom reset clears m_ladderIP
insn,0x00638642,"mov dword ptr [esi + 0x450], ebx",GameSpyStagingRoom reset clears m_ladderPort
insn,0x0065CD43,call 0x439eff,dispatchEvents@BFMENetworkBackend requests the 1v1 ladder count
insn,0x0065CD4C,call 0x439eff,and the 2v2 ladder count
thunk,0x00039EFF,0x0065BD40,ILT -> _bfme_requestLadderPlayerCount
insn,0x0065CD26,call 0x40ef34,dispatchEvents requests the ladder rank
thunk,0x0000EF34,0x0065BE50,ILT -> _bfme_requestLadderRank
thunk,0x00043D8D,0x0009C220,ILT -> ?setTimePlayed@SkirmishBattleHonors@@QAEXVAsciiString@@M@Z
thunk,0x00023D53,0x0009C2C0,ILT -> ?getTimePlayed@SkirmishBattleHonors@@QBEMVAsciiString@@@Z
thunk,0x00039EAF,0x0009C370,ILT -> ?setPoints@SkirmishBattleHonors@@QAEXVAsciiString@@H@Z
thunk,0x00041510,0x0009C410,ILT -> ?getPoints@SkirmishBattleHonors@@QBEHVAsciiString@@@Z
thunk,0x00016950,0x0009C5B0,ILT -> ?setWins@SkirmishBattleHonors@@QAEXVAsciiString@@H@Z
thunk,0x00040192,0x0009C650,ILT -> ?getWins@SkirmishBattleHonors@@QBEHVAsciiString@@@Z
thunk,0x00026A30,0x0009C830,ILT -> ?setLosses@SkirmishBattleHonors@@QAEXVAsciiString@@H@Z
thunk,0x0001CE18,0x0009C8D0,ILT -> ?getLosses@SkirmishBattleHonors@@QBEHVAsciiString@@@Z
thunk,0x00027A3E,0x0009C970,ILT -> ?setWinStreak@SkirmishBattleHonors@@QAEXVAsciiString@@H@Z
thunk,0x00022273,0x0009CA10,ILT -> ?getWinStreak@SkirmishBattleHonors@@QBEHVAsciiString@@@Z
thunk,0x00014754,0x0009CAB0,ILT -> ?setLossStreak@SkirmishBattleHonors@@QAEXVAsciiString@@H@Z
thunk,0x000095CA,0x0009CB50,ILT -> ?getLossStreak@SkirmishBattleHonors@@QBEHVAsciiString@@@Z
thunk,0x0000939F,0x0009CBF0,ILT -> ?setBestWinStreak@SkirmishBattleHonors@@QAEXVAsciiString@@H@Z
thunk,0x0003F472,0x0009CC90,ILT -> ?getBestWinStreak@SkirmishBattleHonors@@QBEHVAsciiString@@@Z
thunk,0x0001AFF5,0x0009CD30,ILT -> ?setWorstLossStreak@SkirmishBattleHonors@@QAEXVAsciiString@@H@Z
thunk,0x0003A6CF,0x0009CDD0,ILT -> ?getWorstLossStreak@SkirmishBattleHonors@@QBEHVAsciiString@@@Z
thunk,0x000040F7,0x0009CE70,ILT -> ?setOverallWinStreak@SkirmishBattleHonors@@QAEXH@Z
thunk,0x000222E1,0x0009CEA0,ILT -> ?getOverallWinStreak@SkirmishBattleHonors@@QBEHXZ
thunk,0x0002681E,0x0009CED0,ILT -> ?setOverallBestWinStreak@SkirmishBattleHonors@@QAEXH@Z
thunk,0x000454AD,0x0009CF00,ILT -> ?getOverallBestWinStreak@SkirmishBattleHonors@@QBEHXZ
thunk,0x00048D6F,0x0009CF30,ILT -> ?setOverallLossStreak@SkirmishBattleHonors@@QAEXH@Z
thunk,0x0004AF9D,0x0009CF60,ILT -> ?getOverallLossStreak@SkirmishBattleHonors@@QBEHXZ
thunk,0x0002EED3,0x0009CF90,ILT -> ?setOverallWorstLossStreak@SkirmishBattleHonors@@QAEXH@Z
thunk,0x0003314F,0x0009CFC0,ILT -> ?getOverallWorstLossStreak@SkirmishBattleHonors@@QBEHXZ
thunk,0x0003F6D4,0x0009C1E0,ILT -> ??1SkirmishBattleHonors@@UAE@XZ
thunk,0x00008602,0x0009E130,ILT -> ??0SkirmishBattleHonors@@QAE@VUnicodeString@@@Z
thunk,0x000016FE,0x0009EA10,ILT -> ?write@SkirmishBattleHonors@@UAE_NXZ
thunk,0x00046B82,0x0009F7A0,ILT -> ??1SkirmishPreferences@@UAE@XZ
thunk,0x00010898,0x0009FA60,ILT -> ?getUserName@SkirmishPreferences@@QAE?AVUnicodeString@@XZ
thunk,0x00036DE0,0x000A4F80,ILT -> ?append@?$basic_string@DV?$char_traits@D@_STL@@V?$allocator@D@2@@_STL@@QAEAAV12@
thunk,0x00025C1B,0x000A5150,ILT -> ??1PSPlayerStats@@QAE@XZ
thunk,0x00033000,0x000AA760,ILT -> ?_M_erase@?$_Rb_tree@JU?$pair@$$CBJVLadderPref@@@_STL@@U?$_Select1st@U?$pair@$$C
thunk,0x000141A0,0x000AAFC0,ILT -> ??1GameSpyMiscPreferences@@UAE@XZ
thunk,0x0001C6E8,0x000ACC40,ILT -> ??A?$map@JVLadderPref@@U?$less@J@_STL@@V?$allocator@U?$pair@$$CBJVLadderPref@@@_
thunk,0x00026F35,0x000B31F0,ILT -> ??1AudioEventRTS@@UAE@XZ
thunk,0x00046704,0x000C9700,ILT -> ?getListInScoreScreen@Player@@QBE_NXZ
thunk,0x00020D01,0x000C9CF0,ILT -> ?isPlayerObserver@Player@@QBE_NXZ
thunk,0x000179BD,0x000C9D10,ILT -> ?isPlayerActive@Player@@QBE_NXZ
thunk,0x0003FFEE,0x000E0B80,ILT -> ?getSideIconImage@PlayerTemplate@@QBEPBVImage@@XZ
thunk,0x0004554D,0x00106480,ILT -> ?QuotedPrintableToAsciiString@@YA?AVAsciiString@@V1@@Z
thunk,0x00009494,0x00469A10,ILT -> ?bfme_showBackground@WindowManager@@QAEXH@Z
thunk,0x00033523,0x00478420,ILT -> ?winSetStatus@GameWindow@@QAEXI@Z
thunk,0x0001B720,0x006233E0,ILT -> ?_bfme_getMapIsOfficial@GameInfo@@QBEHXZ
thunk,0x000066EA,0x0064EA90,ILT -> ?getRoomKeysCallback@@YAXPAXHW4RoomType@@PBDHPAPAD30@Z
thunk,0x0003DA4B,0x00654BE0,ILT -> ?find@?$basic_string@DV?$char_traits@D@_STL@@V?$allocator@D@2@@_STL@@QBEIPBDII@Z
thunk,0x0003D60E,0x006550F0,ILT -> ?substr@?$basic_string@DV?$char_traits@D@_STL@@V?$allocator@D@2@@_STL@@QBE?AV12@
thunk,0x0002E38E,0x0065AB40,ILT -> ??0PSRequest@@QAE@XZ
thunk,0x00049E13,0x0007D250,ILT -> ?_M_erase@?$_Rb_tree@VAsciiString@@U?$pair@$$CBVAsciiString@@VAsciiString@@@_STL
insn,0x006388C3,"mov al, byte ptr [edi + 0x43c]",generateGameSpyGameResultsPacket reads m_isQM for the \ladder\ field
insn,0x00638B4B,"cmp dword ptr [edi + 0x440], 1",ladder type compare 1 = 1v1
string,0x01118B40,win,result literal in 0x006386F0
string,0x01118B54,loss,result literal in 0x006386F0
string,0x01101D6C,USA,America->USA side rename in 0x006386F0
global,0x012F71C4,0x0007B454,"TheGameResultsQueue read in the GameEngine shutdown path, followed by slot +0x28 endThreads; with 0x004E6EAF (addRequest +0x30) and 0x00641F1A (getRequest +0x34) these are the only loads of the global in .text, so nothing calls slot +0x40 areGameResultsBeingSent 0x0063FD50"
global,0x012F4820,0x0050730D,TheLadderList read in the QM:MATCHED handler (WOLQuickMatchMenu band) that arms m_isQM / ladder IP / ladder port on TheGameSpyGame; the fallback is the localhost literal 0x010FFEB4
insn,0x0053E19D,call 0x424d43,getLadderIP (ILT 0x00024D43 -> 0x004D7AC0) on the staging room being joined; the value is copied into TheGameSpyGame through 0x0053E1BA
insn,0x0053EB2D,"mov si, word ptr [esi + 0x450]","ladder port read from the staging room being joined (GUI:JoinFailedUnknownLadder path), copied into TheGameSpyGame at 0x0053EB3D"
insn,0x0066C583,"mov dword ptr [eax + 0x290], 0",DisconnectManager writes TheGameLogic+0x290 (disconnect blame) = 0 from the ping success ratio test; read by 0x002ED8F0 to pick APT:EndGameOver
insn,0x0066C7A7,"mov dword ptr [edx + 0x290], 1",DisconnectManager writes TheGameLogic+0x290 (disconnect blame) = 1
insn,0x0066CB0D,call dword ptr [eax + 0x78],BFMEDisconnectManager::update 0x0066C8D0 calls TheNetwork->quitGame() (vtable 0x0111A968 slot +0x78 -> 0x006822E0)
bytes,0x0064B6B0,64a1000000006aff6818250401,"listingGamesCallback body start (SEH prologue with its handler VA; no ledger row, no Ghidra function): reads ladIP at 0x0064B9A0 and ladPort at 0x0064B9C5"
bytes,0x0064DA00,64a1000000006aff68a1290401,QRServerKeyCallback body start (SEH prologue with its handler VA): emits ladIP at 0x0064DD7B and ladPort at 0x0064DDD8
vslot,0x01118E70+0x00,0x0063E170,GameSpyBuddyMessageQueue vtable slot 0 = the deleting dtor the ledger names ??_GGameResultsQueue (wrong class; the GameResultsQueue one is 0x00642410 in vtable 0x01119380)
global,0x012F4C38,0x00598F30,window global read first by 0x00598F30 (ledger hidePurchaseScience@ControlBar; HideQuitMenu-shaped body called from DisconnectMenu::showScreen); which APT screen owns it is open
patch,0x00661F57,"81C130750000->81C1D0070000|add ecx, 0x7d0","Connection::doSend MaxQuitFlushTime 30 s -> 2 s (imm32 at 0x00661F59); measured candidate for the quit freeze, not shipped"
patch,0x00662E4D,"B910270000->B9B80B0000|mov ecx, 0xbb8","hasLeaveRequestTimedOut 0x00662E30 10 s -> 3 s (imm32 at 0x00662E4E); measured candidate for the quit freeze, not shipped"
insn,0x00576EE3,"cmp byte ptr [ecx + 0x43c], bl",BfmeAptScreenScoreScreen init: the internet (type 3) branch calls the online stats updater 0x000A5D40 only when TheGameSpyGame->m_isQM is set; no ladder POST on this path
global,0x010879C4,0x005775DD,"_bfme_showScoreScreen 0x005774E0 pushes the ScoreScreen.apt literal: the APT screen replaced ZH TheShell->push(""Menus/ScoreScreen.wnd""); no Menus/ScoreScreen.wnd literal exists in the image"
string,0x010879C4,ScoreScreen.apt,APT layout name the 1.03 score screen opens with (0x005775DD)
global,0x012F8054,0x006E89F3,read by the unidentified index dispatcher 0x006E8800; open question in FINDINGS.md
global,0x012F81A9,0x006E88DD,byte read and written by the unidentified index dispatcher 0x006E8800 (write at 0x006E8AF0)
